customerTitle;refCode;TurkishIdNo
q1;m;59656180550
q2;m2;59656180551
q3;m3;59656180552
q4;m4;59656180553
q5;m5;59656180554
q6;m6;59656180555
q7;m7;59656180556
q8;m8;59656180557
q9;m9;59656180558
q10;m10;59656180559
q11;m11;59656180560
q12;m12;59656180561
q13;m13;59656180562
q14;m14;59656180563
q15;m15;59656180564
q16;m16;59656180565
q17;m17;59656180566
q18;m18;59656180567
q19;m19;59656180568
q20;m20;59656180569
q21;m21;59656180570
q22;m22;59656180571
q23;m23;59656180572
q24;m24;59656180573
q25;m25;59656180574
q26;m26;59656180575
q27;m27;59656180576
q28;m28;59656180577
q29;m29;59656180578
q30;m30;59656180579
q31;m31;59656180580
q32;m32;59656180581
q33;m33;59656180582
q34;m34;59656180583
q35;m35;59656180584
q36;m36;59656180585
q37;m37;59656180586
q38;m38;59656180587
q39;m39;59656180588
q40;m40;59656180589
q41;m41;59656180590
q42;m42;59656180591
q43;m43;59656180592
q44;m44;59656180593
q45;m45;59656180594
q46;m46;59656180595
q47;m47;59656180596
q48;m48;59656180597
q49;m49;59656180598
q50;m50;59656180599
q51;m51;59656180600
q52;m52;59656180601
q53;m53;59656180602
q54;m54;59656180603
q55;m55;59656180604
q56;m56;59656180605
q57;m57;59656180606
q58;m58;59656180607
q59;m59;59656180608
q60;m60;59656180609
q61;m61;59656180610
q62;m62;59656180611
q63;m63;59656180612
q64;m64;59656180613
q65;m65;59656180614
q66;m66;59656180615
q67;m67;59656180616
q68;m68;59656180617
q69;m69;59656180618
q70;m70;59656180619
q71;m71;59656180620
q72;m72;59656180621
q73;m73;59656180622
q74;m74;59656180623
q75;m75;59656180624
q76;m76;59656180625
q77;m77;59656180626
q78;m78;59656180627
q79;m79;59656180628
q80;m80;59656180629
q81;m81;59656180630
q82;m82;59656180631
q83;m83;59656180632
q84;m84;59656180633
q85;m85;59656180634
q86;m86;59656180635
q87;m87;59656180636
q88;m88;59656180637
q89;m89;59656180638
q90;m90;59656180639
q91;m91;59656180640
q92;m92;59656180641
q93;m93;59656180642
q94;m94;59656180643
q95;m95;59656180644
q96;m96;59656180645
q97;m97;59656180646
q98;m98;59656180647
q99;m99;59656180648
q100;m100;59656180649
q101;m101;59656180650
q102;m102;59656180651
q103;m103;59656180652
q104;m104;59656180653
q105;m105;59656180654
q106;m106;59656180655
q107;m107;59656180656
q108;m108;59656180657
q109;m109;59656180658
q110;m110;59656180659
q111;m111;59656180660
q112;m112;59656180661
q113;m113;59656180662
q114;m114;59656180663
q115;m115;59656180664
q116;m116;59656180665
q117;m117;59656180666
q118;m118;59656180667
q119;m119;59656180668
q120;m120;59656180669
q121;m121;59656180670
q122;m122;59656180671
q123;m123;59656180672
q124;m124;59656180673
q125;m125;59656180674
q126;m126;59656180675
q127;m127;59656180676
q128;m128;59656180677
q129;m129;59656180678
q130;m130;59656180679
q131;m131;59656180680
q132;m132;59656180681
q133;m133;59656180682
q134;m134;59656180683
q135;m135;59656180684
q136;m136;59656180685
q137;m137;59656180686
q138;m138;59656180687
q139;m139;59656180688
q140;m140;59656180689
q141;m141;59656180690
q142;m142;59656180691
q143;m143;59656180692
q144;m144;59656180693
q145;m145;59656180694
q146;m146;59656180695
q147;m147;59656180696
q148;m148;59656180697
q149;m149;59656180698
q150;m150;59656180699
q151;m151;59656180700
q152;m152;59656180701
q153;m153;59656180702
q154;m154;59656180703
q155;m155;59656180704
q156;m156;59656180705
q157;m157;59656180706
q158;m158;59656180707
q159;m159;59656180708
q160;m160;59656180709
q161;m161;59656180710
q162;m162;59656180711
q163;m163;59656180712
q164;m164;59656180713
q165;m165;59656180714
q166;m166;59656180715
q167;m167;59656180716
q168;m168;59656180717
q169;m169;59656180718
q170;m170;59656180719
q171;m171;59656180720
q172;m172;59656180721
q173;m173;59656180722
q174;m174;59656180723
q175;m175;59656180724
q176;m176;59656180725
q177;m177;59656180726
q178;m178;59656180727
q179;m179;59656180728
q180;m180;59656180729
q181;m181;59656180730
q182;m182;59656180731
q183;m183;59656180732
q184;m184;59656180733
q185;m185;59656180734
q186;m186;59656180735
q187;m187;59656180736
q188;m188;59656180737
q189;m189;59656180738
q190;m190;59656180739
q191;m191;59656180740
q192;m192;59656180741
q193;m193;59656180742
q194;m194;59656180743
q195;m195;59656180744
q196;m196;59656180745
q197;m197;59656180746
q198;m198;59656180747
q199;m199;59656180748
q200;m200;59656180749
q201;m201;59656180750
q202;m202;59656180751
q203;m203;59656180752
q204;m204;59656180753
q205;m205;59656180754
q206;m206;59656180755
q207;m207;59656180756
q208;m208;59656180757
q209;m209;59656180758
q210;m210;59656180759
q211;m211;59656180760
q212;m212;59656180761
q213;m213;59656180762
q214;m214;59656180763
q215;m215;59656180764
q216;m216;59656180765
q217;m217;59656180766
q218;m218;59656180767
q219;m219;59656180768
q220;m220;59656180769
q221;m221;59656180770
q222;m222;59656180771
q223;m223;59656180772
q224;m224;59656180773
q225;m225;59656180774
q226;m226;59656180775
q227;m227;59656180776
q228;m228;59656180777
q229;m229;59656180778
q230;m230;59656180779
q231;m231;59656180780
q232;m232;59656180781
q233;m233;59656180782
q234;m234;59656180783
q235;m235;59656180784
q236;m236;59656180785
q237;m237;59656180786
q238;m238;59656180787
q239;m239;59656180788
q240;m240;59656180789
q241;m241;59656180790
q242;m242;59656180791
q243;m243;59656180792
q244;m244;59656180793
q245;m245;59656180794
q246;m246;59656180795
q247;m247;59656180796
q248;m248;59656180797
q249;m249;59656180798
q250;m250;59656180799
q251;m251;59656180800
q252;m252;59656180801
q253;m253;59656180802
q254;m254;59656180803
q255;m255;59656180804
q256;m256;59656180805
q257;m257;59656180806
q258;m258;59656180807
q259;m259;59656180808
q260;m260;59656180809
q261;m261;59656180810
q262;m262;59656180811
q263;m263;59656180812
q264;m264;59656180813
q265;m265;59656180814
q266;m266;59656180815
q267;m267;59656180816
q268;m268;59656180817
q269;m269;59656180818
q270;m270;59656180819
q271;m271;59656180820
q272;m272;59656180821
q273;m273;59656180822
q274;m274;59656180823
q275;m275;59656180824
q276;m276;59656180825
q277;m277;59656180826
q278;m278;59656180827
q279;m279;59656180828
q280;m280;59656180829
q281;m281;59656180830
q282;m282;59656180831
q283;m283;59656180832
q284;m284;59656180833
q285;m285;59656180834
q286;m286;59656180835
q287;m287;59656180836
q288;m288;59656180837
q289;m289;59656180838
q290;m290;59656180839
q291;m291;59656180840
q292;m292;59656180841
q293;m293;59656180842
q294;m294;59656180843
q295;m295;59656180844
q296;m296;59656180845
q297;m297;59656180846
q298;m298;59656180847
q299;m299;59656180848
q300;m300;59656180849
q301;m301;59656180850
q302;m302;59656180851
q303;m303;59656180852
q304;m304;59656180853
q305;m305;59656180854
q306;m306;59656180855
q307;m307;59656180856
q308;m308;59656180857
q309;m309;59656180858
q310;m310;59656180859
q311;m311;59656180860
q312;m312;59656180861
q313;m313;59656180862
q314;m314;59656180863
q315;m315;59656180864
q316;m316;59656180865
q317;m317;59656180866
q318;m318;59656180867
q319;m319;59656180868
q320;m320;59656180869
q321;m321;59656180870
q322;m322;59656180871
q323;m323;59656180872
q324;m324;59656180873
q325;m325;59656180874
q326;m326;59656180875
q327;m327;59656180876
q328;m328;59656180877
q329;m329;59656180878
q330;m330;59656180879
q331;m331;59656180880
q332;m332;59656180881
q333;m333;59656180882
q334;m334;59656180883
q335;m335;59656180884
q336;m336;59656180885
q337;m337;59656180886
q338;m338;59656180887
q339;m339;59656180888
q340;m340;59656180889
q341;m341;59656180890
q342;m342;59656180891
q343;m343;59656180892
q344;m344;59656180893
q345;m345;59656180894
q346;m346;59656180895
q347;m347;59656180896
q348;m348;59656180897
q349;m349;59656180898
q350;m350;59656180899
q351;m351;59656180900
q352;m352;59656180901
q353;m353;59656180902
q354;m354;59656180903
q355;m355;59656180904
q356;m356;59656180905
q357;m357;59656180906
q358;m358;59656180907
q359;m359;59656180908
q360;m360;59656180909
q361;m361;59656180910
q362;m362;59656180911
q363;m363;59656180912
q364;m364;59656180913
q365;m365;59656180914
q366;m366;59656180915
q367;m367;59656180916
q368;m368;59656180917
q369;m369;59656180918
q370;m370;59656180919
q371;m371;59656180920
q372;m372;59656180921
q373;m373;59656180922
q374;m374;59656180923
q375;m375;59656180924
q376;m376;59656180925
q377;m377;59656180926
q378;m378;59656180927
q379;m379;59656180928
q380;m380;59656180929
q381;m381;59656180930
q382;m382;59656180931
q383;m383;59656180932
q384;m384;59656180933
q385;m385;59656180934
q386;m386;59656180935
q387;m387;59656180936
q388;m388;59656180937
q389;m389;59656180938
q390;m390;59656180939
q391;m391;59656180940
q392;m392;59656180941
q393;m393;59656180942
q394;m394;59656180943
q395;m395;59656180944
q396;m396;59656180945
q397;m397;59656180946
q398;m398;59656180947
q399;m399;59656180948
q400;m400;59656180949
q401;m401;59656180950
q402;m402;59656180951
q403;m403;59656180952
q404;m404;59656180953
q405;m405;59656180954
q406;m406;59656180955
q407;m407;59656180956
q408;m408;59656180957
q409;m409;59656180958
q410;m410;59656180959
q411;m411;59656180960
q412;m412;59656180961
q413;m413;59656180962
q414;m414;59656180963
q415;m415;59656180964
q416;m416;59656180965
q417;m417;59656180966
q418;m418;59656180967
q419;m419;59656180968
q420;m420;59656180969
q421;m421;59656180970
q422;m422;59656180971
q423;m423;59656180972
q424;m424;59656180973
q425;m425;59656180974
q426;m426;59656180975
q427;m427;59656180976
q428;m428;59656180977
q429;m429;59656180978
q430;m430;59656180979
q431;m431;59656180980
q432;m432;59656180981
q433;m433;59656180982
q434;m434;59656180983
q435;m435;59656180984
q436;m436;59656180985
q437;m437;59656180986
q438;m438;59656180987
q439;m439;59656180988
q440;m440;59656180989
q441;m441;59656180990
q442;m442;59656180991
q443;m443;59656180992
q444;m444;59656180993
q445;m445;59656180994
q446;m446;59656180995
q447;m447;59656180996
q448;m448;59656180997
q449;m449;59656180998
q450;m450;59656180999
q451;m451;59656181000
q452;m452;59656181001
q453;m453;59656181002
q454;m454;59656181003
q455;m455;59656181004
q456;m456;59656181005
q457;m457;59656181006
q458;m458;59656181007
q459;m459;59656181008
q460;m460;59656181009
q461;m461;59656181010
q462;m462;59656181011
q463;m463;59656181012
q464;m464;59656181013
q465;m465;59656181014
q466;m466;59656181015
q467;m467;59656181016
q468;m468;59656181017
q469;m469;59656181018
q470;m470;59656181019
q471;m471;59656181020
q472;m472;59656181021
q473;m473;59656181022
q474;m474;59656181023
q475;m475;59656181024
q476;m476;59656181025
q477;m477;59656181026
q478;m478;59656181027
q479;m479;59656181028
q480;m480;59656181029
q481;m481;59656181030
q482;m482;59656181031
q483;m483;59656181032
q484;m484;59656181033
q485;m485;59656181034
q486;m486;59656181035
q487;m487;59656181036
q488;m488;59656181037
q489;m489;59656181038
q490;m490;59656181039
q491;m491;59656181040
q492;m492;59656181041
q493;m493;59656181042
q494;m494;59656181043
q495;m495;59656181044
q496;m496;59656181045
q497;m497;59656181046
q498;m498;59656181047
q499;m499;59656181048
q500;m500;59656181049
q501;m501;59656181050
q502;m502;59656181051
q503;m503;59656181052
q504;m504;59656181053
q505;m505;59656181054
q506;m506;59656181055
q507;m507;59656181056
q508;m508;59656181057
q509;m509;59656181058
q510;m510;59656181059
q511;m511;59656181060
q512;m512;59656181061
q513;m513;59656181062
q514;m514;59656181063
q515;m515;59656181064
q516;m516;59656181065
q517;m517;59656181066
q518;m518;59656181067
q519;m519;59656181068
q520;m520;59656181069
q521;m521;59656181070
q522;m522;59656181071
q523;m523;59656181072
q524;m524;59656181073
q525;m525;59656181074
q526;m526;59656181075
q527;m527;59656181076
q528;m528;59656181077
q529;m529;59656181078
q530;m530;59656181079
q531;m531;59656181080
q532;m532;59656181081
q533;m533;59656181082
q534;m534;59656181083
q535;m535;59656181084
q536;m536;59656181085
q537;m537;59656181086
q538;m538;59656181087
q539;m539;59656181088
q540;m540;59656181089
q541;m541;59656181090
q542;m542;59656181091
q543;m543;59656181092
q544;m544;59656181093
q545;m545;59656181094
q546;m546;59656181095
q547;m547;59656181096
q548;m548;59656181097
q549;m549;59656181098
q550;m550;59656181099
q551;m551;59656181100
q552;m552;59656181101
q553;m553;59656181102
q554;m554;59656181103
q555;m555;59656181104
q556;m556;59656181105
q557;m557;59656181106
q558;m558;59656181107
q559;m559;59656181108
q560;m560;59656181109
q561;m561;59656181110
q562;m562;59656181111
q563;m563;59656181112
q564;m564;59656181113
q565;m565;59656181114
q566;m566;59656181115
q567;m567;59656181116
q568;m568;59656181117
q569;m569;59656181118
q570;m570;59656181119
q571;m571;59656181120
q572;m572;59656181121
q573;m573;59656181122
q574;m574;59656181123
q575;m575;59656181124
q576;m576;59656181125
q577;m577;59656181126
q578;m578;59656181127
q579;m579;59656181128
q580;m580;59656181129
q581;m581;59656181130
q582;m582;59656181131
q583;m583;59656181132
q584;m584;59656181133
q585;m585;59656181134
q586;m586;59656181135
q587;m587;59656181136
q588;m588;59656181137
q589;m589;59656181138
q590;m590;59656181139
q591;m591;59656181140
q592;m592;59656181141
q593;m593;59656181142
q594;m594;59656181143
q595;m595;59656181144
q596;m596;59656181145
q597;m597;59656181146
q598;m598;59656181147
q599;m599;59656181148
q600;m600;59656181149
q601;m601;59656181150
q602;m602;59656181151
q603;m603;59656181152
q604;m604;59656181153
q605;m605;59656181154
q606;m606;59656181155
q607;m607;59656181156
q608;m608;59656181157
q609;m609;59656181158
q610;m610;59656181159
q611;m611;59656181160
q612;m612;59656181161
q613;m613;59656181162
q614;m614;59656181163
q615;m615;59656181164
q616;m616;59656181165
q617;m617;59656181166
q618;m618;59656181167
q619;m619;59656181168
q620;m620;59656181169
q621;m621;59656181170
q622;m622;59656181171
q623;m623;59656181172
q624;m624;59656181173
q625;m625;59656181174
q626;m626;59656181175
q627;m627;59656181176
q628;m628;59656181177
q629;m629;59656181178
q630;m630;59656181179
q631;m631;59656181180
q632;m632;59656181181
q633;m633;59656181182
q634;m634;59656181183
q635;m635;59656181184
q636;m636;59656181185
q637;m637;59656181186
q638;m638;59656181187
q639;m639;59656181188
q640;m640;59656181189
q641;m641;59656181190
q642;m642;59656181191
q643;m643;59656181192
q644;m644;59656181193
q645;m645;59656181194
q646;m646;59656181195
q647;m647;59656181196
q648;m648;59656181197
q649;m649;59656181198
q650;m650;59656181199
q651;m651;59656181200
q652;m652;59656181201
q653;m653;59656181202
q654;m654;59656181203
q655;m655;59656181204
q656;m656;59656181205
q657;m657;59656181206
q658;m658;59656181207
q659;m659;59656181208
q660;m660;59656181209
q661;m661;59656181210
q662;m662;59656181211
q663;m663;59656181212
q664;m664;59656181213
q665;m665;59656181214
q666;m666;59656181215
q667;m667;59656181216
q668;m668;59656181217
q669;m669;59656181218
q670;m670;59656181219
q671;m671;59656181220
q672;m672;59656181221
q673;m673;59656181222
q674;m674;59656181223
q675;m675;59656181224
q676;m676;59656181225
q677;m677;59656181226
q678;m678;59656181227
q679;m679;59656181228
q680;m680;59656181229
q681;m681;59656181230
q682;m682;59656181231
q683;m683;59656181232
q684;m684;59656181233
q685;m685;59656181234
q686;m686;59656181235
q687;m687;59656181236
q688;m688;59656181237
q689;m689;59656181238
q690;m690;59656181239
q691;m691;59656181240
q692;m692;59656181241
q693;m693;59656181242
q694;m694;59656181243
q695;m695;59656181244
q696;m696;59656181245
q697;m697;59656181246
q698;m698;59656181247
q699;m699;59656181248
q700;m700;59656181249
q701;m701;59656181250
q702;m702;59656181251
q703;m703;59656181252
q704;m704;59656181253
q705;m705;59656181254
q706;m706;59656181255
q707;m707;59656181256
q708;m708;59656181257
q709;m709;59656181258
q710;m710;59656181259
q711;m711;59656181260
q712;m712;59656181261
q713;m713;59656181262
q714;m714;59656181263
q715;m715;59656181264
q716;m716;59656181265
q717;m717;59656181266
q718;m718;59656181267
q719;m719;59656181268
q720;m720;59656181269
q721;m721;59656181270
q722;m722;59656181271
q723;m723;59656181272
q724;m724;59656181273
q725;m725;59656181274
q726;m726;59656181275
q727;m727;59656181276
q728;m728;59656181277
q729;m729;59656181278
q730;m730;59656181279
q731;m731;59656181280
q732;m732;59656181281
q733;m733;59656181282
q734;m734;59656181283
q735;m735;59656181284
q736;m736;59656181285
q737;m737;59656181286
q738;m738;59656181287
q739;m739;59656181288
q740;m740;59656181289
q741;m741;59656181290
q742;m742;59656181291
q743;m743;59656181292
q744;m744;59656181293
q745;m745;59656181294
q746;m746;59656181295
q747;m747;59656181296
q748;m748;59656181297
q749;m749;59656181298
q750;m750;59656181299
q751;m751;59656181300
q752;m752;59656181301
q753;m753;59656181302
q754;m754;59656181303
q755;m755;59656181304
q756;m756;59656181305
q757;m757;59656181306
q758;m758;59656181307
q759;m759;59656181308
q760;m760;59656181309
q761;m761;59656181310
q762;m762;59656181311
q763;m763;59656181312
q764;m764;59656181313
q765;m765;59656181314
q766;m766;59656181315
q767;m767;59656181316
q768;m768;59656181317
q769;m769;59656181318
q770;m770;59656181319
q771;m771;59656181320
q772;m772;59656181321
q773;m773;59656181322
q774;m774;59656181323
q775;m775;59656181324
q776;m776;59656181325
q777;m777;59656181326
q778;m778;59656181327
q779;m779;59656181328
q780;m780;59656181329
q781;m781;59656181330
q782;m782;59656181331
q783;m783;59656181332
q784;m784;59656181333
q785;m785;59656181334
q786;m786;59656181335
q787;m787;59656181336
q788;m788;59656181337
q789;m789;59656181338
q790;m790;59656181339
q791;m791;59656181340
q792;m792;59656181341
q793;m793;59656181342
q794;m794;59656181343
q795;m795;59656181344
q796;m796;59656181345
q797;m797;59656181346
q798;m798;59656181347
q799;m799;59656181348
q800;m800;59656181349
q801;m801;59656181350
q802;m802;59656181351
q803;m803;59656181352
q804;m804;59656181353
q805;m805;59656181354
q806;m806;59656181355
q807;m807;59656181356
q808;m808;59656181357
q809;m809;59656181358
q810;m810;59656181359
q811;m811;59656181360
q812;m812;59656181361
q813;m813;59656181362
q814;m814;59656181363
q815;m815;59656181364
q816;m816;59656181365
q817;m817;59656181366
q818;m818;59656181367
q819;m819;59656181368
q820;m820;59656181369
q821;m821;59656181370
q822;m822;59656181371
q823;m823;59656181372
q824;m824;59656181373
q825;m825;59656181374
q826;m826;59656181375
q827;m827;59656181376
q828;m828;59656181377
q829;m829;59656181378
q830;m830;59656181379
q831;m831;59656181380
q832;m832;59656181381
q833;m833;59656181382
q834;m834;59656181383
q835;m835;59656181384
q836;m836;59656181385
q837;m837;59656181386
q838;m838;59656181387
q839;m839;59656181388
q840;m840;59656181389
q841;m841;59656181390
q842;m842;59656181391
q843;m843;59656181392
q844;m844;59656181393
q845;m845;59656181394
q846;m846;59656181395
q847;m847;59656181396
q848;m848;59656181397
q849;m849;59656181398
q850;m850;59656181399
q851;m851;59656181400
q852;m852;59656181401
q853;m853;59656181402
q854;m854;59656181403
q855;m855;59656181404
q856;m856;59656181405
q857;m857;59656181406
q858;m858;59656181407
q859;m859;59656181408
q860;m860;59656181409
q861;m861;59656181410
q862;m862;59656181411
q863;m863;59656181412
q864;m864;59656181413
q865;m865;59656181414
q866;m866;59656181415
q867;m867;59656181416
q868;m868;59656181417
q869;m869;59656181418
q870;m870;59656181419
q871;m871;59656181420
q872;m872;59656181421
q873;m873;59656181422
q874;m874;59656181423
q875;m875;59656181424
q876;m876;59656181425
q877;m877;59656181426
q878;m878;59656181427
q879;m879;59656181428
q880;m880;59656181429
q881;m881;59656181430
q882;m882;59656181431
q883;m883;59656181432
q884;m884;59656181433
q885;m885;59656181434
q886;m886;59656181435
q887;m887;59656181436
q888;m888;59656181437
q889;m889;59656181438
q890;m890;59656181439
q891;m891;59656181440
q892;m892;59656181441
q893;m893;59656181442
q894;m894;59656181443
q895;m895;59656181444
q896;m896;59656181445
q897;m897;59656181446
q898;m898;59656181447
q899;m899;59656181448
q900;m900;59656181449
q901;m901;59656181450
q902;m902;59656181451
q903;m903;59656181452
q904;m904;59656181453
q905;m905;59656181454
q906;m906;59656181455
q907;m907;59656181456
q908;m908;59656181457
q909;m909;59656181458
q910;m910;59656181459
q911;m911;59656181460
q912;m912;59656181461
q913;m913;59656181462
q914;m914;59656181463
q915;m915;59656181464
q916;m916;59656181465
q917;m917;59656181466
q918;m918;59656181467
q919;m919;59656181468
q920;m920;59656181469
q921;m921;59656181470
q922;m922;59656181471
q923;m923;59656181472
q924;m924;59656181473
q925;m925;59656181474
q926;m926;59656181475
q927;m927;59656181476
q928;m928;59656181477
q929;m929;59656181478
q930;m930;59656181479
q931;m931;59656181480
q932;m932;59656181481
q933;m933;59656181482
q934;m934;59656181483
q935;m935;59656181484
q936;m936;59656181485
q937;m937;59656181486
q938;m938;59656181487
q939;m939;59656181488
q940;m940;59656181489
q941;m941;59656181490
q942;m942;59656181491
q943;m943;59656181492
q944;m944;59656181493
q945;m945;59656181494
q946;m946;59656181495
q947;m947;59656181496
q948;m948;59656181497
q949;m949;59656181498
q950;m950;59656181499
q951;m951;59656181500
q952;m952;59656181501
q953;m953;59656181502
q954;m954;59656181503
q955;m955;59656181504
q956;m956;59656181505
q957;m957;59656181506
q958;m958;59656181507
q959;m959;59656181508
q960;m960;59656181509
q961;m961;59656181510
q962;m962;59656181511
q963;m963;59656181512
q964;m964;59656181513
q965;m965;59656181514
q966;m966;59656181515
q967;m967;59656181516
q968;m968;59656181517
q969;m969;59656181518
q970;m970;59656181519
q971;m971;59656181520
q972;m972;59656181521
q973;m973;59656181522
q974;m974;59656181523
q975;m975;59656181524
q976;m976;59656181525
q977;m977;59656181526
q978;m978;59656181527
q979;m979;59656181528
q980;m980;59656181529
q981;m981;59656181530
q982;m982;59656181531
q983;m983;59656181532
q984;m984;59656181533
q985;m985;59656181534
q986;m986;59656181535
q987;m987;59656181536
q988;m988;59656181537
q989;m989;59656181538
q990;m990;59656181539
q991;m991;59656181540
q992;m992;59656181541
q993;m993;59656181542
q994;m994;59656181543
q995;m995;59656181544
q996;m996;59656181545
q997;m997;59656181546
q998;m998;59656181547
q999;m999;59656181548
q1000;m1000;59656181549
q1001;m1001;59656181550
q1002;m1002;59656181551
q1003;m1003;59656181552
q1004;m1004;59656181553
q1005;m1005;59656181554
q1006;m1006;59656181555
q1007;m1007;59656181556
q1008;m1008;59656181557
q1009;m1009;59656181558
q1010;m1010;59656181559
q1011;m1011;59656181560
q1012;m1012;59656181561
q1013;m1013;59656181562
q1014;m1014;59656181563
q1015;m1015;59656181564
q1016;m1016;59656181565
q1017;m1017;59656181566
q1018;m1018;59656181567
q1019;m1019;59656181568
q1020;m1020;59656181569
q1021;m1021;59656181570
q1022;m1022;59656181571
q1023;m1023;59656181572
q1024;m1024;59656181573
q1025;m1025;59656181574
q1026;m1026;59656181575
q1027;m1027;59656181576
q1028;m1028;59656181577
q1029;m1029;59656181578
q1030;m1030;59656181579
q1031;m1031;59656181580
q1032;m1032;59656181581
q1033;m1033;59656181582
q1034;m1034;59656181583
q1035;m1035;59656181584
q1036;m1036;59656181585
q1037;m1037;59656181586
q1038;m1038;59656181587
q1039;m1039;59656181588
q1040;m1040;59656181589
q1041;m1041;59656181590
q1042;m1042;59656181591
q1043;m1043;59656181592
q1044;m1044;59656181593
q1045;m1045;59656181594
q1046;m1046;59656181595
q1047;m1047;59656181596
q1048;m1048;59656181597
q1049;m1049;59656181598
q1050;m1050;59656181599
q1051;m1051;59656181600
q1052;m1052;59656181601
q1053;m1053;59656181602
q1054;m1054;59656181603
q1055;m1055;59656181604
q1056;m1056;59656181605
q1057;m1057;59656181606
q1058;m1058;59656181607
q1059;m1059;59656181608
q1060;m1060;59656181609
q1061;m1061;59656181610
q1062;m1062;59656181611
q1063;m1063;59656181612
q1064;m1064;59656181613
q1065;m1065;59656181614
q1066;m1066;59656181615
q1067;m1067;59656181616
q1068;m1068;59656181617
q1069;m1069;59656181618
q1070;m1070;59656181619
q1071;m1071;59656181620
q1072;m1072;59656181621
q1073;m1073;59656181622
q1074;m1074;59656181623
q1075;m1075;59656181624
q1076;m1076;59656181625
q1077;m1077;59656181626
q1078;m1078;59656181627
q1079;m1079;59656181628
q1080;m1080;59656181629
q1081;m1081;59656181630
q1082;m1082;59656181631
q1083;m1083;59656181632
q1084;m1084;59656181633
q1085;m1085;59656181634
q1086;m1086;59656181635
q1087;m1087;59656181636
q1088;m1088;59656181637
q1089;m1089;59656181638
q1090;m1090;59656181639
q1091;m1091;59656181640
q1092;m1092;59656181641
q1093;m1093;59656181642
q1094;m1094;59656181643
q1095;m1095;59656181644
q1096;m1096;59656181645
q1097;m1097;59656181646
q1098;m1098;59656181647
q1099;m1099;59656181648
q1100;m1100;59656181649
q1101;m1101;59656181650
q1102;m1102;59656181651
q1103;m1103;59656181652
q1104;m1104;59656181653
q1105;m1105;59656181654
q1106;m1106;59656181655
q1107;m1107;59656181656
q1108;m1108;59656181657
q1109;m1109;59656181658
q1110;m1110;59656181659
q1111;m1111;59656181660
q1112;m1112;59656181661
q1113;m1113;59656181662
q1114;m1114;59656181663
q1115;m1115;59656181664
q1116;m1116;59656181665
q1117;m1117;59656181666
q1118;m1118;59656181667
q1119;m1119;59656181668
q1120;m1120;59656181669
q1121;m1121;59656181670
q1122;m1122;59656181671
q1123;m1123;59656181672
q1124;m1124;59656181673
q1125;m1125;59656181674
q1126;m1126;59656181675
q1127;m1127;59656181676
q1128;m1128;59656181677
q1129;m1129;59656181678
q1130;m1130;59656181679
q1131;m1131;59656181680
q1132;m1132;59656181681
q1133;m1133;59656181682
q1134;m1134;59656181683
q1135;m1135;59656181684
q1136;m1136;59656181685
q1137;m1137;59656181686
q1138;m1138;59656181687
q1139;m1139;59656181688
q1140;m1140;59656181689
q1141;m1141;59656181690
q1142;m1142;59656181691
q1143;m1143;59656181692
q1144;m1144;59656181693
q1145;m1145;59656181694
q1146;m1146;59656181695
q1147;m1147;59656181696
q1148;m1148;59656181697
q1149;m1149;59656181698
q1150;m1150;59656181699
q1151;m1151;59656181700
q1152;m1152;59656181701
q1153;m1153;59656181702
q1154;m1154;59656181703
q1155;m1155;59656181704
q1156;m1156;59656181705
q1157;m1157;59656181706
q1158;m1158;59656181707
q1159;m1159;59656181708
q1160;m1160;59656181709
q1161;m1161;59656181710
q1162;m1162;59656181711
q1163;m1163;59656181712
q1164;m1164;59656181713
q1165;m1165;59656181714
q1166;m1166;59656181715
q1167;m1167;59656181716
q1168;m1168;59656181717
q1169;m1169;59656181718
q1170;m1170;59656181719
q1171;m1171;59656181720
q1172;m1172;59656181721
q1173;m1173;59656181722
q1174;m1174;59656181723
q1175;m1175;59656181724
q1176;m1176;59656181725
q1177;m1177;59656181726
q1178;m1178;59656181727
q1179;m1179;59656181728
q1180;m1180;59656181729
q1181;m1181;59656181730
q1182;m1182;59656181731
q1183;m1183;59656181732
q1184;m1184;59656181733
q1185;m1185;59656181734
q1186;m1186;59656181735
q1187;m1187;59656181736
q1188;m1188;59656181737
q1189;m1189;59656181738
q1190;m1190;59656181739
q1191;m1191;59656181740
q1192;m1192;59656181741
q1193;m1193;59656181742
q1194;m1194;59656181743
q1195;m1195;59656181744
q1196;m1196;59656181745
q1197;m1197;59656181746
q1198;m1198;59656181747
q1199;m1199;59656181748
q1200;m1200;59656181749
q1201;m1201;59656181750
q1202;m1202;59656181751
q1203;m1203;59656181752
q1204;m1204;59656181753
q1205;m1205;59656181754
q1206;m1206;59656181755
q1207;m1207;59656181756
q1208;m1208;59656181757
q1209;m1209;59656181758
q1210;m1210;59656181759
q1211;m1211;59656181760
q1212;m1212;59656181761
q1213;m1213;59656181762
q1214;m1214;59656181763
q1215;m1215;59656181764
q1216;m1216;59656181765
q1217;m1217;59656181766
q1218;m1218;59656181767
q1219;m1219;59656181768
q1220;m1220;59656181769
q1221;m1221;59656181770
q1222;m1222;59656181771
q1223;m1223;59656181772
q1224;m1224;59656181773
q1225;m1225;59656181774
q1226;m1226;59656181775
q1227;m1227;59656181776
q1228;m1228;59656181777
q1229;m1229;59656181778
q1230;m1230;59656181779
q1231;m1231;59656181780
q1232;m1232;59656181781
q1233;m1233;59656181782
q1234;m1234;59656181783
q1235;m1235;59656181784
q1236;m1236;59656181785
q1237;m1237;59656181786
q1238;m1238;59656181787
q1239;m1239;59656181788
q1240;m1240;59656181789
q1241;m1241;59656181790
q1242;m1242;59656181791
q1243;m1243;59656181792
q1244;m1244;59656181793
q1245;m1245;59656181794
q1246;m1246;59656181795
q1247;m1247;59656181796
q1248;m1248;59656181797
q1249;m1249;59656181798
q1250;m1250;59656181799
q1251;m1251;59656181800
q1252;m1252;59656181801
q1253;m1253;59656181802
q1254;m1254;59656181803
q1255;m1255;59656181804
q1256;m1256;59656181805
q1257;m1257;59656181806
q1258;m1258;59656181807
q1259;m1259;59656181808
q1260;m1260;59656181809
q1261;m1261;59656181810
q1262;m1262;59656181811
q1263;m1263;59656181812
q1264;m1264;59656181813
q1265;m1265;59656181814
q1266;m1266;59656181815
q1267;m1267;59656181816
q1268;m1268;59656181817
q1269;m1269;59656181818
q1270;m1270;59656181819
q1271;m1271;59656181820
q1272;m1272;59656181821
q1273;m1273;59656181822
q1274;m1274;59656181823
q1275;m1275;59656181824
q1276;m1276;59656181825
q1277;m1277;59656181826
q1278;m1278;59656181827
q1279;m1279;59656181828
q1280;m1280;59656181829
q1281;m1281;59656181830
q1282;m1282;59656181831
q1283;m1283;59656181832
q1284;m1284;59656181833
q1285;m1285;59656181834
q1286;m1286;59656181835
q1287;m1287;59656181836
q1288;m1288;59656181837
q1289;m1289;59656181838
q1290;m1290;59656181839
q1291;m1291;59656181840
q1292;m1292;59656181841
q1293;m1293;59656181842
q1294;m1294;59656181843
q1295;m1295;59656181844
q1296;m1296;59656181845
q1297;m1297;59656181846
q1298;m1298;59656181847
q1299;m1299;59656181848
q1300;m1300;59656181849
q1301;m1301;59656181850
q1302;m1302;59656181851
q1303;m1303;59656181852
q1304;m1304;59656181853
q1305;m1305;59656181854
q1306;m1306;59656181855
q1307;m1307;59656181856
q1308;m1308;59656181857
q1309;m1309;59656181858
q1310;m1310;59656181859
q1311;m1311;59656181860
q1312;m1312;59656181861
q1313;m1313;59656181862
q1314;m1314;59656181863
q1315;m1315;59656181864
q1316;m1316;59656181865
q1317;m1317;59656181866
q1318;m1318;59656181867
q1319;m1319;59656181868
q1320;m1320;59656181869
q1321;m1321;59656181870
q1322;m1322;59656181871
q1323;m1323;59656181872
q1324;m1324;59656181873
q1325;m1325;59656181874
q1326;m1326;59656181875
q1327;m1327;59656181876
q1328;m1328;59656181877
q1329;m1329;59656181878
q1330;m1330;59656181879
q1331;m1331;59656181880
q1332;m1332;59656181881
q1333;m1333;59656181882
q1334;m1334;59656181883
q1335;m1335;59656181884
q1336;m1336;59656181885
q1337;m1337;59656181886
q1338;m1338;59656181887
q1339;m1339;59656181888
q1340;m1340;59656181889
q1341;m1341;59656181890
q1342;m1342;59656181891
q1343;m1343;59656181892
q1344;m1344;59656181893
q1345;m1345;59656181894
q1346;m1346;59656181895
q1347;m1347;59656181896
q1348;m1348;59656181897
q1349;m1349;59656181898
q1350;m1350;59656181899
q1351;m1351;59656181900
q1352;m1352;59656181901
q1353;m1353;59656181902
q1354;m1354;59656181903
q1355;m1355;59656181904
q1356;m1356;59656181905
q1357;m1357;59656181906
q1358;m1358;59656181907
q1359;m1359;59656181908
q1360;m1360;59656181909
q1361;m1361;59656181910
q1362;m1362;59656181911
q1363;m1363;59656181912
q1364;m1364;59656181913
q1365;m1365;59656181914
q1366;m1366;59656181915
q1367;m1367;59656181916
q1368;m1368;59656181917
q1369;m1369;59656181918
q1370;m1370;59656181919
q1371;m1371;59656181920
q1372;m1372;59656181921
q1373;m1373;59656181922
q1374;m1374;59656181923
q1375;m1375;59656181924
q1376;m1376;59656181925
q1377;m1377;59656181926
q1378;m1378;59656181927
q1379;m1379;59656181928
q1380;m1380;59656181929
q1381;m1381;59656181930
q1382;m1382;59656181931
q1383;m1383;59656181932
q1384;m1384;59656181933
q1385;m1385;59656181934
q1386;m1386;59656181935
q1387;m1387;59656181936
q1388;m1388;59656181937
q1389;m1389;59656181938
q1390;m1390;59656181939
q1391;m1391;59656181940
q1392;m1392;59656181941
q1393;m1393;59656181942
q1394;m1394;59656181943
q1395;m1395;59656181944
q1396;m1396;59656181945
q1397;m1397;59656181946
q1398;m1398;59656181947
q1399;m1399;59656181948
q1400;m1400;59656181949
q1401;m1401;59656181950
q1402;m1402;59656181951
q1403;m1403;59656181952
q1404;m1404;59656181953
q1405;m1405;59656181954
q1406;m1406;59656181955
q1407;m1407;59656181956
q1408;m1408;59656181957
q1409;m1409;59656181958
q1410;m1410;59656181959
q1411;m1411;59656181960
q1412;m1412;59656181961
q1413;m1413;59656181962
q1414;m1414;59656181963
q1415;m1415;59656181964
q1416;m1416;59656181965
q1417;m1417;59656181966
q1418;m1418;59656181967
q1419;m1419;59656181968
q1420;m1420;59656181969
q1421;m1421;59656181970
q1422;m1422;59656181971
q1423;m1423;59656181972
q1424;m1424;59656181973
q1425;m1425;59656181974
q1426;m1426;59656181975
q1427;m1427;59656181976
q1428;m1428;59656181977
q1429;m1429;59656181978
q1430;m1430;59656181979
q1431;m1431;59656181980
q1432;m1432;59656181981
q1433;m1433;59656181982
q1434;m1434;59656181983
q1435;m1435;59656181984
q1436;m1436;59656181985
q1437;m1437;59656181986
q1438;m1438;59656181987
q1439;m1439;59656181988
q1440;m1440;59656181989
q1441;m1441;59656181990
q1442;m1442;59656181991
q1443;m1443;59656181992
q1444;m1444;59656181993
q1445;m1445;59656181994
q1446;m1446;59656181995
q1447;m1447;59656181996
q1448;m1448;59656181997
q1449;m1449;59656181998
q1450;m1450;59656181999
q1451;m1451;59656182000
q1452;m1452;59656182001
q1453;m1453;59656182002
q1454;m1454;59656182003
q1455;m1455;59656182004
q1456;m1456;59656182005
q1457;m1457;59656182006
q1458;m1458;59656182007
q1459;m1459;59656182008
q1460;m1460;59656182009
q1461;m1461;59656182010
q1462;m1462;59656182011
q1463;m1463;59656182012
q1464;m1464;59656182013
q1465;m1465;59656182014
q1466;m1466;59656182015
q1467;m1467;59656182016
q1468;m1468;59656182017
q1469;m1469;59656182018
q1470;m1470;59656182019
q1471;m1471;59656182020
q1472;m1472;59656182021
q1473;m1473;59656182022
q1474;m1474;59656182023
q1475;m1475;59656182024
q1476;m1476;59656182025
q1477;m1477;59656182026
q1478;m1478;59656182027
q1479;m1479;59656182028
q1480;m1480;59656182029
q1481;m1481;59656182030
q1482;m1482;59656182031
q1483;m1483;59656182032
q1484;m1484;59656182033
q1485;m1485;59656182034
q1486;m1486;59656182035
q1487;m1487;59656182036
q1488;m1488;59656182037
q1489;m1489;59656182038
q1490;m1490;59656182039
q1491;m1491;59656182040
q1492;m1492;59656182041
q1493;m1493;59656182042
q1494;m1494;59656182043
q1495;m1495;59656182044
q1496;m1496;59656182045
q1497;m1497;59656182046
q1498;m1498;59656182047
q1499;m1499;59656182048
q1500;m1500;59656182049
q1501;m1501;59656182050
q1502;m1502;59656182051
q1503;m1503;59656182052
q1504;m1504;59656182053
q1505;m1505;59656182054
q1506;m1506;59656182055
q1507;m1507;59656182056
q1508;m1508;59656182057
q1509;m1509;59656182058
q1510;m1510;59656182059
q1511;m1511;59656182060
q1512;m1512;59656182061
q1513;m1513;59656182062
q1514;m1514;59656182063
q1515;m1515;59656182064
q1516;m1516;59656182065
q1517;m1517;59656182066
q1518;m1518;59656182067
q1519;m1519;59656182068
q1520;m1520;59656182069
q1521;m1521;59656182070
q1522;m1522;59656182071
q1523;m1523;59656182072
q1524;m1524;59656182073
q1525;m1525;59656182074
q1526;m1526;59656182075
q1527;m1527;59656182076
q1528;m1528;59656182077
q1529;m1529;59656182078
q1530;m1530;59656182079
q1531;m1531;59656182080
q1532;m1532;59656182081
q1533;m1533;59656182082
q1534;m1534;59656182083
q1535;m1535;59656182084
q1536;m1536;59656182085
q1537;m1537;59656182086
q1538;m1538;59656182087
q1539;m1539;59656182088
q1540;m1540;59656182089
q1541;m1541;59656182090
q1542;m1542;59656182091
q1543;m1543;59656182092
q1544;m1544;59656182093
q1545;m1545;59656182094
q1546;m1546;59656182095
q1547;m1547;59656182096
q1548;m1548;59656182097
q1549;m1549;59656182098
q1550;m1550;59656182099
q1551;m1551;59656182100
q1552;m1552;59656182101
q1553;m1553;59656182102
q1554;m1554;59656182103
q1555;m1555;59656182104
q1556;m1556;59656182105
q1557;m1557;59656182106
q1558;m1558;59656182107
q1559;m1559;59656182108
q1560;m1560;59656182109
q1561;m1561;59656182110
q1562;m1562;59656182111
q1563;m1563;59656182112
q1564;m1564;59656182113
q1565;m1565;59656182114
q1566;m1566;59656182115
q1567;m1567;59656182116
q1568;m1568;59656182117
q1569;m1569;59656182118
q1570;m1570;59656182119
q1571;m1571;59656182120
q1572;m1572;59656182121
q1573;m1573;59656182122
q1574;m1574;59656182123
q1575;m1575;59656182124
q1576;m1576;59656182125
q1577;m1577;59656182126
q1578;m1578;59656182127
q1579;m1579;59656182128
q1580;m1580;59656182129
q1581;m1581;59656182130
q1582;m1582;59656182131
q1583;m1583;59656182132
q1584;m1584;59656182133
q1585;m1585;59656182134
q1586;m1586;59656182135
q1587;m1587;59656182136
q1588;m1588;59656182137
q1589;m1589;59656182138
q1590;m1590;59656182139
q1591;m1591;59656182140
q1592;m1592;59656182141
q1593;m1593;59656182142
q1594;m1594;59656182143
q1595;m1595;59656182144
q1596;m1596;59656182145
q1597;m1597;59656182146
q1598;m1598;59656182147
q1599;m1599;59656182148
q1600;m1600;59656182149
q1601;m1601;59656182150
q1602;m1602;59656182151
q1603;m1603;59656182152
q1604;m1604;59656182153
q1605;m1605;59656182154
q1606;m1606;59656182155
q1607;m1607;59656182156
q1608;m1608;59656182157
q1609;m1609;59656182158
q1610;m1610;59656182159
q1611;m1611;59656182160
q1612;m1612;59656182161
q1613;m1613;59656182162
q1614;m1614;59656182163
q1615;m1615;59656182164
q1616;m1616;59656182165
q1617;m1617;59656182166
q1618;m1618;59656182167
q1619;m1619;59656182168
q1620;m1620;59656182169
q1621;m1621;59656182170
q1622;m1622;59656182171
q1623;m1623;59656182172
q1624;m1624;59656182173
q1625;m1625;59656182174
q1626;m1626;59656182175
q1627;m1627;59656182176
q1628;m1628;59656182177
q1629;m1629;59656182178
q1630;m1630;59656182179
q1631;m1631;59656182180
q1632;m1632;59656182181
q1633;m1633;59656182182
q1634;m1634;59656182183
q1635;m1635;59656182184
q1636;m1636;59656182185
q1637;m1637;59656182186
q1638;m1638;59656182187
q1639;m1639;59656182188
q1640;m1640;59656182189
q1641;m1641;59656182190
q1642;m1642;59656182191
q1643;m1643;59656182192
q1644;m1644;59656182193
q1645;m1645;59656182194
q1646;m1646;59656182195
q1647;m1647;59656182196
q1648;m1648;59656182197
q1649;m1649;59656182198
q1650;m1650;59656182199
q1651;m1651;59656182200
q1652;m1652;59656182201
q1653;m1653;59656182202
q1654;m1654;59656182203
q1655;m1655;59656182204
q1656;m1656;59656182205
q1657;m1657;59656182206
q1658;m1658;59656182207
q1659;m1659;59656182208
q1660;m1660;59656182209
q1661;m1661;59656182210
q1662;m1662;59656182211
q1663;m1663;59656182212
q1664;m1664;59656182213
q1665;m1665;59656182214
q1666;m1666;59656182215
q1667;m1667;59656182216
q1668;m1668;59656182217
q1669;m1669;59656182218
q1670;m1670;59656182219
q1671;m1671;59656182220
q1672;m1672;59656182221
q1673;m1673;59656182222
q1674;m1674;59656182223
q1675;m1675;59656182224
q1676;m1676;59656182225
q1677;m1677;59656182226
q1678;m1678;59656182227
q1679;m1679;59656182228
q1680;m1680;59656182229
q1681;m1681;59656182230
q1682;m1682;59656182231
q1683;m1683;59656182232
q1684;m1684;59656182233
q1685;m1685;59656182234
q1686;m1686;59656182235
q1687;m1687;59656182236
q1688;m1688;59656182237
q1689;m1689;59656182238
q1690;m1690;59656182239
q1691;m1691;59656182240
q1692;m1692;59656182241
q1693;m1693;59656182242
q1694;m1694;59656182243
q1695;m1695;59656182244
q1696;m1696;59656182245
q1697;m1697;59656182246
q1698;m1698;59656182247
q1699;m1699;59656182248
q1700;m1700;59656182249
q1701;m1701;59656182250
q1702;m1702;59656182251
q1703;m1703;59656182252
q1704;m1704;59656182253
q1705;m1705;59656182254
q1706;m1706;59656182255
q1707;m1707;59656182256
q1708;m1708;59656182257
q1709;m1709;59656182258
q1710;m1710;59656182259
q1711;m1711;59656182260
q1712;m1712;59656182261
q1713;m1713;59656182262
q1714;m1714;59656182263
q1715;m1715;59656182264
q1716;m1716;59656182265
q1717;m1717;59656182266
q1718;m1718;59656182267
q1719;m1719;59656182268
q1720;m1720;59656182269
q1721;m1721;59656182270
q1722;m1722;59656182271
q1723;m1723;59656182272
q1724;m1724;59656182273
q1725;m1725;59656182274
q1726;m1726;59656182275
q1727;m1727;59656182276
q1728;m1728;59656182277
q1729;m1729;59656182278
q1730;m1730;59656182279
q1731;m1731;59656182280
q1732;m1732;59656182281
q1733;m1733;59656182282
q1734;m1734;59656182283
q1735;m1735;59656182284
q1736;m1736;59656182285
q1737;m1737;59656182286
q1738;m1738;59656182287
q1739;m1739;59656182288
q1740;m1740;59656182289
q1741;m1741;59656182290
q1742;m1742;59656182291
q1743;m1743;59656182292
q1744;m1744;59656182293
q1745;m1745;59656182294
q1746;m1746;59656182295
q1747;m1747;59656182296
q1748;m1748;59656182297
q1749;m1749;59656182298
q1750;m1750;59656182299
q1751;m1751;59656182300
q1752;m1752;59656182301
q1753;m1753;59656182302
q1754;m1754;59656182303
q1755;m1755;59656182304
q1756;m1756;59656182305
q1757;m1757;59656182306
q1758;m1758;59656182307
q1759;m1759;59656182308
q1760;m1760;59656182309
q1761;m1761;59656182310
q1762;m1762;59656182311
q1763;m1763;59656182312
q1764;m1764;59656182313
q1765;m1765;59656182314
q1766;m1766;59656182315
q1767;m1767;59656182316
q1768;m1768;59656182317
q1769;m1769;59656182318
q1770;m1770;59656182319
q1771;m1771;59656182320
q1772;m1772;59656182321
q1773;m1773;59656182322
q1774;m1774;59656182323
q1775;m1775;59656182324
q1776;m1776;59656182325
q1777;m1777;59656182326
q1778;m1778;59656182327
q1779;m1779;59656182328
q1780;m1780;59656182329
q1781;m1781;59656182330
q1782;m1782;59656182331
q1783;m1783;59656182332
q1784;m1784;59656182333
q1785;m1785;59656182334
q1786;m1786;59656182335
q1787;m1787;59656182336
q1788;m1788;59656182337
q1789;m1789;59656182338
q1790;m1790;59656182339
q1791;m1791;59656182340
q1792;m1792;59656182341
q1793;m1793;59656182342
q1794;m1794;59656182343
q1795;m1795;59656182344
q1796;m1796;59656182345
q1797;m1797;59656182346
q1798;m1798;59656182347
q1799;m1799;59656182348
q1800;m1800;59656182349
q1801;m1801;59656182350
q1802;m1802;59656182351
q1803;m1803;59656182352
q1804;m1804;59656182353
q1805;m1805;59656182354
q1806;m1806;59656182355
q1807;m1807;59656182356
q1808;m1808;59656182357
q1809;m1809;59656182358
q1810;m1810;59656182359
q1811;m1811;59656182360
q1812;m1812;59656182361
q1813;m1813;59656182362
q1814;m1814;59656182363
q1815;m1815;59656182364
q1816;m1816;59656182365
q1817;m1817;59656182366
q1818;m1818;59656182367
q1819;m1819;59656182368
q1820;m1820;59656182369
q1821;m1821;59656182370
q1822;m1822;59656182371
q1823;m1823;59656182372
q1824;m1824;59656182373
q1825;m1825;59656182374
q1826;m1826;59656182375
q1827;m1827;59656182376
q1828;m1828;59656182377
q1829;m1829;59656182378
q1830;m1830;59656182379
q1831;m1831;59656182380
q1832;m1832;59656182381
q1833;m1833;59656182382
q1834;m1834;59656182383
q1835;m1835;59656182384
q1836;m1836;59656182385
q1837;m1837;59656182386
q1838;m1838;59656182387
q1839;m1839;59656182388
q1840;m1840;59656182389
q1841;m1841;59656182390
q1842;m1842;59656182391
q1843;m1843;59656182392
q1844;m1844;59656182393
q1845;m1845;59656182394
q1846;m1846;59656182395
q1847;m1847;59656182396
q1848;m1848;59656182397
q1849;m1849;59656182398
q1850;m1850;59656182399
q1851;m1851;59656182400
q1852;m1852;59656182401
q1853;m1853;59656182402
q1854;m1854;59656182403
q1855;m1855;59656182404
q1856;m1856;59656182405
q1857;m1857;59656182406
q1858;m1858;59656182407
q1859;m1859;59656182408
q1860;m1860;59656182409
q1861;m1861;59656182410
q1862;m1862;59656182411
q1863;m1863;59656182412
q1864;m1864;59656182413
q1865;m1865;59656182414
q1866;m1866;59656182415
q1867;m1867;59656182416
q1868;m1868;59656182417
q1869;m1869;59656182418
q1870;m1870;59656182419
q1871;m1871;59656182420
q1872;m1872;59656182421
q1873;m1873;59656182422
q1874;m1874;59656182423
q1875;m1875;59656182424
q1876;m1876;59656182425
q1877;m1877;59656182426
q1878;m1878;59656182427
q1879;m1879;59656182428
q1880;m1880;59656182429
q1881;m1881;59656182430
q1882;m1882;59656182431
q1883;m1883;59656182432
q1884;m1884;59656182433
q1885;m1885;59656182434
q1886;m1886;59656182435
q1887;m1887;59656182436
q1888;m1888;59656182437
q1889;m1889;59656182438
q1890;m1890;59656182439
q1891;m1891;59656182440
q1892;m1892;59656182441
q1893;m1893;59656182442
q1894;m1894;59656182443
q1895;m1895;59656182444
q1896;m1896;59656182445
q1897;m1897;59656182446
q1898;m1898;59656182447
q1899;m1899;59656182448
q1900;m1900;59656182449
q1901;m1901;59656182450
q1902;m1902;59656182451
q1903;m1903;59656182452
q1904;m1904;59656182453
q1905;m1905;59656182454
q1906;m1906;59656182455
q1907;m1907;59656182456
q1908;m1908;59656182457
q1909;m1909;59656182458
q1910;m1910;59656182459
q1911;m1911;59656182460
q1912;m1912;59656182461
q1913;m1913;59656182462
q1914;m1914;59656182463
q1915;m1915;59656182464
q1916;m1916;59656182465
q1917;m1917;59656182466
q1918;m1918;59656182467
q1919;m1919;59656182468
q1920;m1920;59656182469
q1921;m1921;59656182470
q1922;m1922;59656182471
q1923;m1923;59656182472
q1924;m1924;59656182473
q1925;m1925;59656182474
q1926;m1926;59656182475
q1927;m1927;59656182476
q1928;m1928;59656182477
q1929;m1929;59656182478
q1930;m1930;59656182479
q1931;m1931;59656182480
q1932;m1932;59656182481
q1933;m1933;59656182482
q1934;m1934;59656182483
q1935;m1935;59656182484
q1936;m1936;59656182485
q1937;m1937;59656182486
q1938;m1938;59656182487
q1939;m1939;59656182488
q1940;m1940;59656182489
q1941;m1941;59656182490
q1942;m1942;59656182491
q1943;m1943;59656182492
q1944;m1944;59656182493
q1945;m1945;59656182494
q1946;m1946;59656182495
q1947;m1947;59656182496
q1948;m1948;59656182497
q1949;m1949;59656182498
q1950;m1950;59656182499
q1951;m1951;59656182500
q1952;m1952;59656182501
q1953;m1953;59656182502
q1954;m1954;59656182503
q1955;m1955;59656182504
q1956;m1956;59656182505
q1957;m1957;59656182506
q1958;m1958;59656182507
q1959;m1959;59656182508
q1960;m1960;59656182509
q1961;m1961;59656182510
q1962;m1962;59656182511
q1963;m1963;59656182512
q1964;m1964;59656182513
q1965;m1965;59656182514
q1966;m1966;59656182515
q1967;m1967;59656182516
q1968;m1968;59656182517
q1969;m1969;59656182518
q1970;m1970;59656182519
q1971;m1971;59656182520
q1972;m1972;59656182521
q1973;m1973;59656182522
q1974;m1974;59656182523
q1975;m1975;59656182524
q1976;m1976;59656182525
q1977;m1977;59656182526
q1978;m1978;59656182527
q1979;m1979;59656182528
q1980;m1980;59656182529
q1981;m1981;59656182530
q1982;m1982;59656182531
q1983;m1983;59656182532
q1984;m1984;59656182533
q1985;m1985;59656182534
q1986;m1986;59656182535
q1987;m1987;59656182536
q1988;m1988;59656182537
q1989;m1989;59656182538
q1990;m1990;59656182539
q1991;m1991;59656182540
q1992;m1992;59656182541
q1993;m1993;59656182542
q1994;m1994;59656182543
q1995;m1995;59656182544
q1996;m1996;59656182545
q1997;m1997;59656182546
q1998;m1998;59656182547
q1999;m1999;59656182548
q2000;m2000;59656182549
q2001;m2001;59656182550
q2002;m2002;59656182551
q2003;m2003;59656182552
q2004;m2004;59656182553
q2005;m2005;59656182554
q2006;m2006;59656182555
q2007;m2007;59656182556
q2008;m2008;59656182557
q2009;m2009;59656182558
q2010;m2010;59656182559
q2011;m2011;59656182560
q2012;m2012;59656182561
q2013;m2013;59656182562
q2014;m2014;59656182563
q2015;m2015;59656182564
q2016;m2016;59656182565
q2017;m2017;59656182566
q2018;m2018;59656182567
q2019;m2019;59656182568
q2020;m2020;59656182569
q2021;m2021;59656182570
q2022;m2022;59656182571
q2023;m2023;59656182572
q2024;m2024;59656182573
q2025;m2025;59656182574
q2026;m2026;59656182575
q2027;m2027;59656182576
q2028;m2028;59656182577
q2029;m2029;59656182578
q2030;m2030;59656182579
q2031;m2031;59656182580
q2032;m2032;59656182581
q2033;m2033;59656182582
q2034;m2034;59656182583
q2035;m2035;59656182584
q2036;m2036;59656182585
q2037;m2037;59656182586
q2038;m2038;59656182587
q2039;m2039;59656182588
q2040;m2040;59656182589
q2041;m2041;59656182590
q2042;m2042;59656182591
q2043;m2043;59656182592
q2044;m2044;59656182593
q2045;m2045;59656182594
q2046;m2046;59656182595
q2047;m2047;59656182596
q2048;m2048;59656182597
q2049;m2049;59656182598
q2050;m2050;59656182599
q2051;m2051;59656182600
q2052;m2052;59656182601
q2053;m2053;59656182602
q2054;m2054;59656182603
q2055;m2055;59656182604
q2056;m2056;59656182605
q2057;m2057;59656182606
q2058;m2058;59656182607
q2059;m2059;59656182608
q2060;m2060;59656182609
q2061;m2061;59656182610
q2062;m2062;59656182611
q2063;m2063;59656182612
q2064;m2064;59656182613
q2065;m2065;59656182614
q2066;m2066;59656182615
q2067;m2067;59656182616
q2068;m2068;59656182617
q2069;m2069;59656182618
q2070;m2070;59656182619
q2071;m2071;59656182620
q2072;m2072;59656182621
q2073;m2073;59656182622
q2074;m2074;59656182623
q2075;m2075;59656182624
q2076;m2076;59656182625
q2077;m2077;59656182626
q2078;m2078;59656182627
q2079;m2079;59656182628
q2080;m2080;59656182629
q2081;m2081;59656182630
q2082;m2082;59656182631
q2083;m2083;59656182632
q2084;m2084;59656182633
q2085;m2085;59656182634
q2086;m2086;59656182635
q2087;m2087;59656182636
q2088;m2088;59656182637
q2089;m2089;59656182638
q2090;m2090;59656182639
q2091;m2091;59656182640
q2092;m2092;59656182641
q2093;m2093;59656182642
q2094;m2094;59656182643
q2095;m2095;59656182644
q2096;m2096;59656182645
q2097;m2097;59656182646
q2098;m2098;59656182647
q2099;m2099;59656182648
q2100;m2100;59656182649
q2101;m2101;59656182650
q2102;m2102;59656182651
q2103;m2103;59656182652
q2104;m2104;59656182653
q2105;m2105;59656182654
q2106;m2106;59656182655
q2107;m2107;59656182656
q2108;m2108;59656182657
q2109;m2109;59656182658
q2110;m2110;59656182659
q2111;m2111;59656182660
q2112;m2112;59656182661
q2113;m2113;59656182662
q2114;m2114;59656182663
q2115;m2115;59656182664
q2116;m2116;59656182665
q2117;m2117;59656182666
q2118;m2118;59656182667
q2119;m2119;59656182668
q2120;m2120;59656182669
q2121;m2121;59656182670
q2122;m2122;59656182671
q2123;m2123;59656182672
q2124;m2124;59656182673
q2125;m2125;59656182674
q2126;m2126;59656182675
q2127;m2127;59656182676
q2128;m2128;59656182677
q2129;m2129;59656182678
q2130;m2130;59656182679
q2131;m2131;59656182680
q2132;m2132;59656182681
q2133;m2133;59656182682
q2134;m2134;59656182683
q2135;m2135;59656182684
q2136;m2136;59656182685
q2137;m2137;59656182686
q2138;m2138;59656182687
q2139;m2139;59656182688
q2140;m2140;59656182689
q2141;m2141;59656182690
q2142;m2142;59656182691
q2143;m2143;59656182692
q2144;m2144;59656182693
q2145;m2145;59656182694
q2146;m2146;59656182695
q2147;m2147;59656182696
q2148;m2148;59656182697
q2149;m2149;59656182698
q2150;m2150;59656182699
q2151;m2151;59656182700
q2152;m2152;59656182701
q2153;m2153;59656182702
q2154;m2154;59656182703
q2155;m2155;59656182704
q2156;m2156;59656182705
q2157;m2157;59656182706
q2158;m2158;59656182707
q2159;m2159;59656182708
q2160;m2160;59656182709
q2161;m2161;59656182710
q2162;m2162;59656182711
q2163;m2163;59656182712
q2164;m2164;59656182713
q2165;m2165;59656182714
q2166;m2166;59656182715
q2167;m2167;59656182716
q2168;m2168;59656182717
q2169;m2169;59656182718
q2170;m2170;59656182719
q2171;m2171;59656182720
q2172;m2172;59656182721
q2173;m2173;59656182722
q2174;m2174;59656182723
q2175;m2175;59656182724
q2176;m2176;59656182725
q2177;m2177;59656182726
q2178;m2178;59656182727
q2179;m2179;59656182728
q2180;m2180;59656182729
q2181;m2181;59656182730
q2182;m2182;59656182731
q2183;m2183;59656182732
q2184;m2184;59656182733
q2185;m2185;59656182734
q2186;m2186;59656182735
q2187;m2187;59656182736
q2188;m2188;59656182737
q2189;m2189;59656182738
q2190;m2190;59656182739
q2191;m2191;59656182740
q2192;m2192;59656182741
q2193;m2193;59656182742
q2194;m2194;59656182743
q2195;m2195;59656182744
q2196;m2196;59656182745
q2197;m2197;59656182746
q2198;m2198;59656182747
q2199;m2199;59656182748
q2200;m2200;59656182749
q2201;m2201;59656182750
q2202;m2202;59656182751
q2203;m2203;59656182752
q2204;m2204;59656182753
q2205;m2205;59656182754
q2206;m2206;59656182755
q2207;m2207;59656182756
q2208;m2208;59656182757
q2209;m2209;59656182758
q2210;m2210;59656182759
q2211;m2211;59656182760
q2212;m2212;59656182761
q2213;m2213;59656182762
q2214;m2214;59656182763
q2215;m2215;59656182764
q2216;m2216;59656182765
q2217;m2217;59656182766
q2218;m2218;59656182767
q2219;m2219;59656182768
q2220;m2220;59656182769
q2221;m2221;59656182770
q2222;m2222;59656182771
q2223;m2223;59656182772
q2224;m2224;59656182773
q2225;m2225;59656182774
q2226;m2226;59656182775
q2227;m2227;59656182776
q2228;m2228;59656182777
q2229;m2229;59656182778
q2230;m2230;59656182779
q2231;m2231;59656182780
q2232;m2232;59656182781
q2233;m2233;59656182782
q2234;m2234;59656182783
q2235;m2235;59656182784
q2236;m2236;59656182785
q2237;m2237;59656182786
q2238;m2238;59656182787
q2239;m2239;59656182788
q2240;m2240;59656182789
q2241;m2241;59656182790
q2242;m2242;59656182791
q2243;m2243;59656182792
q2244;m2244;59656182793
q2245;m2245;59656182794
q2246;m2246;59656182795
q2247;m2247;59656182796
q2248;m2248;59656182797
q2249;m2249;59656182798
q2250;m2250;59656182799
q2251;m2251;59656182800
q2252;m2252;59656182801
q2253;m2253;59656182802
q2254;m2254;59656182803
q2255;m2255;59656182804
q2256;m2256;59656182805
q2257;m2257;59656182806
q2258;m2258;59656182807
q2259;m2259;59656182808
q2260;m2260;59656182809
q2261;m2261;59656182810
q2262;m2262;59656182811
q2263;m2263;59656182812
q2264;m2264;59656182813
q2265;m2265;59656182814
q2266;m2266;59656182815
q2267;m2267;59656182816
q2268;m2268;59656182817
q2269;m2269;59656182818
q2270;m2270;59656182819
q2271;m2271;59656182820
q2272;m2272;59656182821
q2273;m2273;59656182822
q2274;m2274;59656182823
q2275;m2275;59656182824
q2276;m2276;59656182825
q2277;m2277;59656182826
q2278;m2278;59656182827
q2279;m2279;59656182828
q2280;m2280;59656182829
q2281;m2281;59656182830
q2282;m2282;59656182831
q2283;m2283;59656182832
q2284;m2284;59656182833
q2285;m2285;59656182834
q2286;m2286;59656182835
q2287;m2287;59656182836
q2288;m2288;59656182837
q2289;m2289;59656182838
q2290;m2290;59656182839
q2291;m2291;59656182840
q2292;m2292;59656182841
q2293;m2293;59656182842
q2294;m2294;59656182843
q2295;m2295;59656182844
q2296;m2296;59656182845
q2297;m2297;59656182846
q2298;m2298;59656182847
q2299;m2299;59656182848
q2300;m2300;59656182849
q2301;m2301;59656182850
q2302;m2302;59656182851
q2303;m2303;59656182852
q2304;m2304;59656182853
q2305;m2305;59656182854
q2306;m2306;59656182855
q2307;m2307;59656182856
q2308;m2308;59656182857
q2309;m2309;59656182858
q2310;m2310;59656182859
q2311;m2311;59656182860
q2312;m2312;59656182861
q2313;m2313;59656182862
q2314;m2314;59656182863
q2315;m2315;59656182864
q2316;m2316;59656182865
q2317;m2317;59656182866
q2318;m2318;59656182867
q2319;m2319;59656182868
q2320;m2320;59656182869
q2321;m2321;59656182870
q2322;m2322;59656182871
q2323;m2323;59656182872
q2324;m2324;59656182873
q2325;m2325;59656182874
q2326;m2326;59656182875
q2327;m2327;59656182876
q2328;m2328;59656182877
q2329;m2329;59656182878
q2330;m2330;59656182879
q2331;m2331;59656182880
q2332;m2332;59656182881
q2333;m2333;59656182882
q2334;m2334;59656182883
q2335;m2335;59656182884
q2336;m2336;59656182885
q2337;m2337;59656182886
q2338;m2338;59656182887
q2339;m2339;59656182888
q2340;m2340;59656182889
q2341;m2341;59656182890
q2342;m2342;59656182891
q2343;m2343;59656182892
q2344;m2344;59656182893
q2345;m2345;59656182894
q2346;m2346;59656182895
q2347;m2347;59656182896
q2348;m2348;59656182897
q2349;m2349;59656182898
q2350;m2350;59656182899
q2351;m2351;59656182900
q2352;m2352;59656182901
q2353;m2353;59656182902
q2354;m2354;59656182903
q2355;m2355;59656182904
q2356;m2356;59656182905
q2357;m2357;59656182906
q2358;m2358;59656182907
q2359;m2359;59656182908
q2360;m2360;59656182909
q2361;m2361;59656182910
q2362;m2362;59656182911
q2363;m2363;59656182912
q2364;m2364;59656182913
q2365;m2365;59656182914
q2366;m2366;59656182915
q2367;m2367;59656182916
q2368;m2368;59656182917
q2369;m2369;59656182918
q2370;m2370;59656182919
q2371;m2371;59656182920
q2372;m2372;59656182921
q2373;m2373;59656182922
q2374;m2374;59656182923
q2375;m2375;59656182924
q2376;m2376;59656182925
q2377;m2377;59656182926
q2378;m2378;59656182927
q2379;m2379;59656182928
q2380;m2380;59656182929
q2381;m2381;59656182930
q2382;m2382;59656182931
q2383;m2383;59656182932
q2384;m2384;59656182933
q2385;m2385;59656182934
q2386;m2386;59656182935
q2387;m2387;59656182936
q2388;m2388;59656182937
q2389;m2389;59656182938
q2390;m2390;59656182939
q2391;m2391;59656182940
q2392;m2392;59656182941
q2393;m2393;59656182942
q2394;m2394;59656182943
q2395;m2395;59656182944
q2396;m2396;59656182945
q2397;m2397;59656182946
q2398;m2398;59656182947
q2399;m2399;59656182948
q2400;m2400;59656182949
q2401;m2401;59656182950
q2402;m2402;59656182951
q2403;m2403;59656182952
q2404;m2404;59656182953
q2405;m2405;59656182954
q2406;m2406;59656182955
q2407;m2407;59656182956
q2408;m2408;59656182957
q2409;m2409;59656182958
q2410;m2410;59656182959
q2411;m2411;59656182960
q2412;m2412;59656182961
q2413;m2413;59656182962
q2414;m2414;59656182963
q2415;m2415;59656182964
q2416;m2416;59656182965
q2417;m2417;59656182966
q2418;m2418;59656182967
q2419;m2419;59656182968
q2420;m2420;59656182969
q2421;m2421;59656182970
q2422;m2422;59656182971
q2423;m2423;59656182972
q2424;m2424;59656182973
q2425;m2425;59656182974
q2426;m2426;59656182975
q2427;m2427;59656182976
q2428;m2428;59656182977
q2429;m2429;59656182978
q2430;m2430;59656182979
q2431;m2431;59656182980
q2432;m2432;59656182981
q2433;m2433;59656182982
q2434;m2434;59656182983
q2435;m2435;59656182984
q2436;m2436;59656182985
q2437;m2437;59656182986
q2438;m2438;59656182987
q2439;m2439;59656182988
q2440;m2440;59656182989
q2441;m2441;59656182990
q2442;m2442;59656182991
q2443;m2443;59656182992
q2444;m2444;59656182993
q2445;m2445;59656182994
q2446;m2446;59656182995
q2447;m2447;59656182996
q2448;m2448;59656182997
q2449;m2449;59656182998
q2450;m2450;59656182999
q2451;m2451;59656183000
q2452;m2452;59656183001
q2453;m2453;59656183002
q2454;m2454;59656183003
q2455;m2455;59656183004
q2456;m2456;59656183005
q2457;m2457;59656183006
q2458;m2458;59656183007
q2459;m2459;59656183008
q2460;m2460;59656183009
q2461;m2461;59656183010
q2462;m2462;59656183011
q2463;m2463;59656183012
q2464;m2464;59656183013
q2465;m2465;59656183014
q2466;m2466;59656183015
q2467;m2467;59656183016
q2468;m2468;59656183017
q2469;m2469;59656183018
q2470;m2470;59656183019
q2471;m2471;59656183020
q2472;m2472;59656183021
q2473;m2473;59656183022
q2474;m2474;59656183023
q2475;m2475;59656183024
q2476;m2476;59656183025
q2477;m2477;59656183026
q2478;m2478;59656183027
q2479;m2479;59656183028
q2480;m2480;59656183029
q2481;m2481;59656183030
q2482;m2482;59656183031
q2483;m2483;59656183032
q2484;m2484;59656183033
q2485;m2485;59656183034
q2486;m2486;59656183035
q2487;m2487;59656183036
q2488;m2488;59656183037
q2489;m2489;59656183038
q2490;m2490;59656183039
q2491;m2491;59656183040
q2492;m2492;59656183041
q2493;m2493;59656183042
q2494;m2494;59656183043
q2495;m2495;59656183044
q2496;m2496;59656183045
q2497;m2497;59656183046
q2498;m2498;59656183047
q2499;m2499;59656183048
q2500;m2500;59656183049
q2501;m2501;59656183050
q2502;m2502;59656183051
q2503;m2503;59656183052
q2504;m2504;59656183053
q2505;m2505;59656183054
q2506;m2506;59656183055
q2507;m2507;59656183056
q2508;m2508;59656183057
q2509;m2509;59656183058
q2510;m2510;59656183059
q2511;m2511;59656183060
q2512;m2512;59656183061
q2513;m2513;59656183062
q2514;m2514;59656183063
q2515;m2515;59656183064
q2516;m2516;59656183065
q2517;m2517;59656183066
q2518;m2518;59656183067
q2519;m2519;59656183068
q2520;m2520;59656183069
q2521;m2521;59656183070
q2522;m2522;59656183071
q2523;m2523;59656183072
q2524;m2524;59656183073
q2525;m2525;59656183074
q2526;m2526;59656183075
q2527;m2527;59656183076
q2528;m2528;59656183077
q2529;m2529;59656183078
q2530;m2530;59656183079
q2531;m2531;59656183080
q2532;m2532;59656183081
q2533;m2533;59656183082
q2534;m2534;59656183083
q2535;m2535;59656183084
q2536;m2536;59656183085
q2537;m2537;59656183086
q2538;m2538;59656183087
q2539;m2539;59656183088
q2540;m2540;59656183089
q2541;m2541;59656183090
q2542;m2542;59656183091
q2543;m2543;59656183092
q2544;m2544;59656183093
q2545;m2545;59656183094
q2546;m2546;59656183095
q2547;m2547;59656183096
q2548;m2548;59656183097
q2549;m2549;59656183098
q2550;m2550;59656183099
q2551;m2551;59656183100
q2552;m2552;59656183101
q2553;m2553;59656183102
q2554;m2554;59656183103
q2555;m2555;59656183104
q2556;m2556;59656183105
q2557;m2557;59656183106
q2558;m2558;59656183107
q2559;m2559;59656183108
q2560;m2560;59656183109
q2561;m2561;59656183110
q2562;m2562;59656183111
q2563;m2563;59656183112
q2564;m2564;59656183113
q2565;m2565;59656183114
q2566;m2566;59656183115
q2567;m2567;59656183116
q2568;m2568;59656183117
q2569;m2569;59656183118
q2570;m2570;59656183119
q2571;m2571;59656183120
q2572;m2572;59656183121
q2573;m2573;59656183122
q2574;m2574;59656183123
q2575;m2575;59656183124
q2576;m2576;59656183125
q2577;m2577;59656183126
q2578;m2578;59656183127
q2579;m2579;59656183128
q2580;m2580;59656183129
q2581;m2581;59656183130
q2582;m2582;59656183131
q2583;m2583;59656183132
q2584;m2584;59656183133
q2585;m2585;59656183134
q2586;m2586;59656183135
q2587;m2587;59656183136
q2588;m2588;59656183137
q2589;m2589;59656183138
q2590;m2590;59656183139
q2591;m2591;59656183140
q2592;m2592;59656183141
q2593;m2593;59656183142
q2594;m2594;59656183143
q2595;m2595;59656183144
q2596;m2596;59656183145
q2597;m2597;59656183146
q2598;m2598;59656183147
q2599;m2599;59656183148
q2600;m2600;59656183149
q2601;m2601;59656183150
q2602;m2602;59656183151
q2603;m2603;59656183152
q2604;m2604;59656183153
q2605;m2605;59656183154
q2606;m2606;59656183155
q2607;m2607;59656183156
q2608;m2608;59656183157
q2609;m2609;59656183158
q2610;m2610;59656183159
q2611;m2611;59656183160
q2612;m2612;59656183161
q2613;m2613;59656183162
q2614;m2614;59656183163
q2615;m2615;59656183164
q2616;m2616;59656183165
q2617;m2617;59656183166
q2618;m2618;59656183167
q2619;m2619;59656183168
q2620;m2620;59656183169
q2621;m2621;59656183170
q2622;m2622;59656183171
q2623;m2623;59656183172
q2624;m2624;59656183173
q2625;m2625;59656183174
q2626;m2626;59656183175
q2627;m2627;59656183176
q2628;m2628;59656183177
q2629;m2629;59656183178
q2630;m2630;59656183179
q2631;m2631;59656183180
q2632;m2632;59656183181
q2633;m2633;59656183182
q2634;m2634;59656183183
q2635;m2635;59656183184
q2636;m2636;59656183185
q2637;m2637;59656183186
q2638;m2638;59656183187
q2639;m2639;59656183188
q2640;m2640;59656183189
q2641;m2641;59656183190
q2642;m2642;59656183191
q2643;m2643;59656183192
q2644;m2644;59656183193
q2645;m2645;59656183194
q2646;m2646;59656183195
q2647;m2647;59656183196
q2648;m2648;59656183197
q2649;m2649;59656183198
q2650;m2650;59656183199
q2651;m2651;59656183200
q2652;m2652;59656183201
q2653;m2653;59656183202
q2654;m2654;59656183203
q2655;m2655;59656183204
q2656;m2656;59656183205
q2657;m2657;59656183206
q2658;m2658;59656183207
q2659;m2659;59656183208
q2660;m2660;59656183209
q2661;m2661;59656183210
q2662;m2662;59656183211
q2663;m2663;59656183212
q2664;m2664;59656183213
q2665;m2665;59656183214
q2666;m2666;59656183215
q2667;m2667;59656183216
q2668;m2668;59656183217
q2669;m2669;59656183218
q2670;m2670;59656183219
q2671;m2671;59656183220
q2672;m2672;59656183221
q2673;m2673;59656183222
q2674;m2674;59656183223
q2675;m2675;59656183224
q2676;m2676;59656183225
q2677;m2677;59656183226
q2678;m2678;59656183227
q2679;m2679;59656183228
q2680;m2680;59656183229
q2681;m2681;59656183230
q2682;m2682;59656183231
q2683;m2683;59656183232
q2684;m2684;59656183233
q2685;m2685;59656183234
q2686;m2686;59656183235
q2687;m2687;59656183236
q2688;m2688;59656183237
q2689;m2689;59656183238
q2690;m2690;59656183239
q2691;m2691;59656183240
q2692;m2692;59656183241
q2693;m2693;59656183242
q2694;m2694;59656183243
q2695;m2695;59656183244
q2696;m2696;59656183245
q2697;m2697;59656183246
q2698;m2698;59656183247
q2699;m2699;59656183248
q2700;m2700;59656183249
q2701;m2701;59656183250
q2702;m2702;59656183251
q2703;m2703;59656183252
q2704;m2704;59656183253
q2705;m2705;59656183254
q2706;m2706;59656183255
q2707;m2707;59656183256
q2708;m2708;59656183257
q2709;m2709;59656183258
q2710;m2710;59656183259
q2711;m2711;59656183260
q2712;m2712;59656183261
q2713;m2713;59656183262
q2714;m2714;59656183263
q2715;m2715;59656183264
q2716;m2716;59656183265
q2717;m2717;59656183266
q2718;m2718;59656183267
q2719;m2719;59656183268
q2720;m2720;59656183269
q2721;m2721;59656183270
q2722;m2722;59656183271
q2723;m2723;59656183272
q2724;m2724;59656183273
q2725;m2725;59656183274
q2726;m2726;59656183275
q2727;m2727;59656183276
q2728;m2728;59656183277
q2729;m2729;59656183278
q2730;m2730;59656183279
q2731;m2731;59656183280
q2732;m2732;59656183281
q2733;m2733;59656183282
q2734;m2734;59656183283
q2735;m2735;59656183284
q2736;m2736;59656183285
q2737;m2737;59656183286
q2738;m2738;59656183287
q2739;m2739;59656183288
q2740;m2740;59656183289
q2741;m2741;59656183290
q2742;m2742;59656183291
q2743;m2743;59656183292
q2744;m2744;59656183293
q2745;m2745;59656183294
q2746;m2746;59656183295
q2747;m2747;59656183296
q2748;m2748;59656183297
q2749;m2749;59656183298
q2750;m2750;59656183299
q2751;m2751;59656183300
q2752;m2752;59656183301
q2753;m2753;59656183302
q2754;m2754;59656183303
q2755;m2755;59656183304
q2756;m2756;59656183305
q2757;m2757;59656183306
q2758;m2758;59656183307
q2759;m2759;59656183308
q2760;m2760;59656183309
q2761;m2761;59656183310
q2762;m2762;59656183311
q2763;m2763;59656183312
q2764;m2764;59656183313
q2765;m2765;59656183314
q2766;m2766;59656183315
q2767;m2767;59656183316
q2768;m2768;59656183317
q2769;m2769;59656183318
q2770;m2770;59656183319
q2771;m2771;59656183320
q2772;m2772;59656183321
q2773;m2773;59656183322
q2774;m2774;59656183323
q2775;m2775;59656183324
q2776;m2776;59656183325
q2777;m2777;59656183326
q2778;m2778;59656183327
q2779;m2779;59656183328
q2780;m2780;59656183329
q2781;m2781;59656183330
q2782;m2782;59656183331
q2783;m2783;59656183332
q2784;m2784;59656183333
q2785;m2785;59656183334
q2786;m2786;59656183335
q2787;m2787;59656183336
q2788;m2788;59656183337
q2789;m2789;59656183338
q2790;m2790;59656183339
q2791;m2791;59656183340
q2792;m2792;59656183341
q2793;m2793;59656183342
q2794;m2794;59656183343
q2795;m2795;59656183344
q2796;m2796;59656183345
q2797;m2797;59656183346
q2798;m2798;59656183347
q2799;m2799;59656183348
q2800;m2800;59656183349
q2801;m2801;59656183350
q2802;m2802;59656183351
q2803;m2803;59656183352
q2804;m2804;59656183353
q2805;m2805;59656183354
q2806;m2806;59656183355
q2807;m2807;59656183356
q2808;m2808;59656183357
q2809;m2809;59656183358
q2810;m2810;59656183359
q2811;m2811;59656183360
q2812;m2812;59656183361
q2813;m2813;59656183362
q2814;m2814;59656183363
q2815;m2815;59656183364
q2816;m2816;59656183365
q2817;m2817;59656183366
q2818;m2818;59656183367
q2819;m2819;59656183368
q2820;m2820;59656183369
q2821;m2821;59656183370
q2822;m2822;59656183371
q2823;m2823;59656183372
q2824;m2824;59656183373
q2825;m2825;59656183374
q2826;m2826;59656183375
q2827;m2827;59656183376
q2828;m2828;59656183377
q2829;m2829;59656183378
q2830;m2830;59656183379
q2831;m2831;59656183380
q2832;m2832;59656183381
q2833;m2833;59656183382
q2834;m2834;59656183383
q2835;m2835;59656183384
q2836;m2836;59656183385
q2837;m2837;59656183386
q2838;m2838;59656183387
q2839;m2839;59656183388
q2840;m2840;59656183389
q2841;m2841;59656183390
q2842;m2842;59656183391
q2843;m2843;59656183392
q2844;m2844;59656183393
q2845;m2845;59656183394
q2846;m2846;59656183395
q2847;m2847;59656183396
q2848;m2848;59656183397
q2849;m2849;59656183398
q2850;m2850;59656183399
q2851;m2851;59656183400
q2852;m2852;59656183401
q2853;m2853;59656183402
q2854;m2854;59656183403
q2855;m2855;59656183404
q2856;m2856;59656183405
q2857;m2857;59656183406
q2858;m2858;59656183407
q2859;m2859;59656183408
q2860;m2860;59656183409
q2861;m2861;59656183410
q2862;m2862;59656183411
q2863;m2863;59656183412
q2864;m2864;59656183413
q2865;m2865;59656183414
q2866;m2866;59656183415
q2867;m2867;59656183416
q2868;m2868;59656183417
q2869;m2869;59656183418
q2870;m2870;59656183419
q2871;m2871;59656183420
q2872;m2872;59656183421
q2873;m2873;59656183422
q2874;m2874;59656183423
q2875;m2875;59656183424
q2876;m2876;59656183425
q2877;m2877;59656183426
q2878;m2878;59656183427
q2879;m2879;59656183428
q2880;m2880;59656183429
q2881;m2881;59656183430
q2882;m2882;59656183431
q2883;m2883;59656183432
q2884;m2884;59656183433
q2885;m2885;59656183434
q2886;m2886;59656183435
q2887;m2887;59656183436
q2888;m2888;59656183437
q2889;m2889;59656183438
q2890;m2890;59656183439
q2891;m2891;59656183440
q2892;m2892;59656183441
q2893;m2893;59656183442
q2894;m2894;59656183443
q2895;m2895;59656183444
q2896;m2896;59656183445
q2897;m2897;59656183446
q2898;m2898;59656183447
q2899;m2899;59656183448
q2900;m2900;59656183449
q2901;m2901;59656183450
q2902;m2902;59656183451
q2903;m2903;59656183452
q2904;m2904;59656183453
q2905;m2905;59656183454
q2906;m2906;59656183455
q2907;m2907;59656183456
q2908;m2908;59656183457
q2909;m2909;59656183458
q2910;m2910;59656183459
q2911;m2911;59656183460
q2912;m2912;59656183461
q2913;m2913;59656183462
q2914;m2914;59656183463
q2915;m2915;59656183464
q2916;m2916;59656183465
q2917;m2917;59656183466
q2918;m2918;59656183467
q2919;m2919;59656183468
q2920;m2920;59656183469
q2921;m2921;59656183470
q2922;m2922;59656183471
q2923;m2923;59656183472
q2924;m2924;59656183473
q2925;m2925;59656183474
q2926;m2926;59656183475
q2927;m2927;59656183476
q2928;m2928;59656183477
q2929;m2929;59656183478
q2930;m2930;59656183479
q2931;m2931;59656183480
q2932;m2932;59656183481
q2933;m2933;59656183482
q2934;m2934;59656183483
q2935;m2935;59656183484
q2936;m2936;59656183485
q2937;m2937;59656183486
q2938;m2938;59656183487
q2939;m2939;59656183488
q2940;m2940;59656183489
q2941;m2941;59656183490
q2942;m2942;59656183491
q2943;m2943;59656183492
q2944;m2944;59656183493
q2945;m2945;59656183494
q2946;m2946;59656183495
q2947;m2947;59656183496
q2948;m2948;59656183497
q2949;m2949;59656183498
q2950;m2950;59656183499
q2951;m2951;59656183500
q2952;m2952;59656183501
q2953;m2953;59656183502
q2954;m2954;59656183503
q2955;m2955;59656183504
q2956;m2956;59656183505
q2957;m2957;59656183506
q2958;m2958;59656183507
q2959;m2959;59656183508
q2960;m2960;59656183509
q2961;m2961;59656183510
q2962;m2962;59656183511
q2963;m2963;59656183512
q2964;m2964;59656183513
q2965;m2965;59656183514
q2966;m2966;59656183515
q2967;m2967;59656183516
q2968;m2968;59656183517
q2969;m2969;59656183518
q2970;m2970;59656183519
q2971;m2971;59656183520
q2972;m2972;59656183521
q2973;m2973;59656183522
q2974;m2974;59656183523
q2975;m2975;59656183524
q2976;m2976;59656183525
q2977;m2977;59656183526
q2978;m2978;59656183527
q2979;m2979;59656183528
q2980;m2980;59656183529
q2981;m2981;59656183530
q2982;m2982;59656183531
q2983;m2983;59656183532
q2984;m2984;59656183533
q2985;m2985;59656183534
q2986;m2986;59656183535
q2987;m2987;59656183536
q2988;m2988;59656183537
q2989;m2989;59656183538
q2990;m2990;59656183539
q2991;m2991;59656183540
q2992;m2992;59656183541
q2993;m2993;59656183542
q2994;m2994;59656183543
q2995;m2995;59656183544
q2996;m2996;59656183545
q2997;m2997;59656183546
q2998;m2998;59656183547
q2999;m2999;59656183548
q3000;m3000;59656183549
q3001;m3001;59656183550
q3002;m3002;59656183551
q3003;m3003;59656183552
q3004;m3004;59656183553
q3005;m3005;59656183554
q3006;m3006;59656183555
q3007;m3007;59656183556
q3008;m3008;59656183557
q3009;m3009;59656183558
q3010;m3010;59656183559
q3011;m3011;59656183560
q3012;m3012;59656183561
q3013;m3013;59656183562
q3014;m3014;59656183563
q3015;m3015;59656183564
q3016;m3016;59656183565
q3017;m3017;59656183566
q3018;m3018;59656183567
q3019;m3019;59656183568
q3020;m3020;59656183569
q3021;m3021;59656183570
q3022;m3022;59656183571
q3023;m3023;59656183572
q3024;m3024;59656183573
q3025;m3025;59656183574
q3026;m3026;59656183575
q3027;m3027;59656183576
q3028;m3028;59656183577
q3029;m3029;59656183578
q3030;m3030;59656183579
q3031;m3031;59656183580
q3032;m3032;59656183581
q3033;m3033;59656183582
q3034;m3034;59656183583
q3035;m3035;59656183584
q3036;m3036;59656183585
q3037;m3037;59656183586
q3038;m3038;59656183587
q3039;m3039;59656183588
q3040;m3040;59656183589
q3041;m3041;59656183590
q3042;m3042;59656183591
q3043;m3043;59656183592
q3044;m3044;59656183593
q3045;m3045;59656183594
q3046;m3046;59656183595
q3047;m3047;59656183596
q3048;m3048;59656183597
q3049;m3049;59656183598
q3050;m3050;59656183599
q3051;m3051;59656183600
q3052;m3052;59656183601
q3053;m3053;59656183602
q3054;m3054;59656183603
q3055;m3055;59656183604
q3056;m3056;59656183605
q3057;m3057;59656183606
q3058;m3058;59656183607
q3059;m3059;59656183608
q3060;m3060;59656183609
q3061;m3061;59656183610
q3062;m3062;59656183611
q3063;m3063;59656183612
q3064;m3064;59656183613
q3065;m3065;59656183614
q3066;m3066;59656183615
q3067;m3067;59656183616
q3068;m3068;59656183617
q3069;m3069;59656183618
q3070;m3070;59656183619
q3071;m3071;59656183620
q3072;m3072;59656183621
q3073;m3073;59656183622
q3074;m3074;59656183623
q3075;m3075;59656183624
q3076;m3076;59656183625
q3077;m3077;59656183626
q3078;m3078;59656183627
q3079;m3079;59656183628
q3080;m3080;59656183629
q3081;m3081;59656183630
q3082;m3082;59656183631
q3083;m3083;59656183632
q3084;m3084;59656183633
q3085;m3085;59656183634
q3086;m3086;59656183635
q3087;m3087;59656183636
q3088;m3088;59656183637
q3089;m3089;59656183638
q3090;m3090;59656183639
q3091;m3091;59656183640
q3092;m3092;59656183641
q3093;m3093;59656183642
q3094;m3094;59656183643
q3095;m3095;59656183644
q3096;m3096;59656183645
q3097;m3097;59656183646
q3098;m3098;59656183647
q3099;m3099;59656183648
q3100;m3100;59656183649
q3101;m3101;59656183650
q3102;m3102;59656183651
q3103;m3103;59656183652
q3104;m3104;59656183653
q3105;m3105;59656183654
q3106;m3106;59656183655
q3107;m3107;59656183656
q3108;m3108;59656183657
q3109;m3109;59656183658
q3110;m3110;59656183659
q3111;m3111;59656183660
q3112;m3112;59656183661
q3113;m3113;59656183662
q3114;m3114;59656183663
q3115;m3115;59656183664
q3116;m3116;59656183665
q3117;m3117;59656183666
q3118;m3118;59656183667
q3119;m3119;59656183668
q3120;m3120;59656183669
q3121;m3121;59656183670
q3122;m3122;59656183671
q3123;m3123;59656183672
q3124;m3124;59656183673
q3125;m3125;59656183674
q3126;m3126;59656183675
q3127;m3127;59656183676
q3128;m3128;59656183677
q3129;m3129;59656183678
q3130;m3130;59656183679
q3131;m3131;59656183680
q3132;m3132;59656183681
q3133;m3133;59656183682
q3134;m3134;59656183683
q3135;m3135;59656183684
q3136;m3136;59656183685
q3137;m3137;59656183686
q3138;m3138;59656183687
q3139;m3139;59656183688
q3140;m3140;59656183689
q3141;m3141;59656183690
q3142;m3142;59656183691
q3143;m3143;59656183692
q3144;m3144;59656183693
q3145;m3145;59656183694
q3146;m3146;59656183695
q3147;m3147;59656183696
q3148;m3148;59656183697
q3149;m3149;59656183698
q3150;m3150;59656183699
q3151;m3151;59656183700
q3152;m3152;59656183701
q3153;m3153;59656183702
q3154;m3154;59656183703
q3155;m3155;59656183704
q3156;m3156;59656183705
q3157;m3157;59656183706
q3158;m3158;59656183707
q3159;m3159;59656183708
q3160;m3160;59656183709
q3161;m3161;59656183710
q3162;m3162;59656183711
q3163;m3163;59656183712
q3164;m3164;59656183713
q3165;m3165;59656183714
q3166;m3166;59656183715
q3167;m3167;59656183716
q3168;m3168;59656183717
q3169;m3169;59656183718
q3170;m3170;59656183719
q3171;m3171;59656183720
q3172;m3172;59656183721
q3173;m3173;59656183722
q3174;m3174;59656183723
q3175;m3175;59656183724
q3176;m3176;59656183725
q3177;m3177;59656183726
q3178;m3178;59656183727
q3179;m3179;59656183728
q3180;m3180;59656183729
q3181;m3181;59656183730
q3182;m3182;59656183731
q3183;m3183;59656183732
q3184;m3184;59656183733
q3185;m3185;59656183734
q3186;m3186;59656183735
q3187;m3187;59656183736
q3188;m3188;59656183737
q3189;m3189;59656183738
q3190;m3190;59656183739
q3191;m3191;59656183740
q3192;m3192;59656183741
q3193;m3193;59656183742
q3194;m3194;59656183743
q3195;m3195;59656183744
q3196;m3196;59656183745
q3197;m3197;59656183746
q3198;m3198;59656183747
q3199;m3199;59656183748
q3200;m3200;59656183749
q3201;m3201;59656183750
q3202;m3202;59656183751
q3203;m3203;59656183752
q3204;m3204;59656183753
q3205;m3205;59656183754
q3206;m3206;59656183755
q3207;m3207;59656183756
q3208;m3208;59656183757
q3209;m3209;59656183758
q3210;m3210;59656183759
q3211;m3211;59656183760
q3212;m3212;59656183761
q3213;m3213;59656183762
q3214;m3214;59656183763
q3215;m3215;59656183764
q3216;m3216;59656183765
q3217;m3217;59656183766
q3218;m3218;59656183767
q3219;m3219;59656183768
q3220;m3220;59656183769
q3221;m3221;59656183770
q3222;m3222;59656183771
q3223;m3223;59656183772
q3224;m3224;59656183773
q3225;m3225;59656183774
q3226;m3226;59656183775
q3227;m3227;59656183776
q3228;m3228;59656183777
q3229;m3229;59656183778
q3230;m3230;59656183779
q3231;m3231;59656183780
q3232;m3232;59656183781
q3233;m3233;59656183782
q3234;m3234;59656183783
q3235;m3235;59656183784
q3236;m3236;59656183785
q3237;m3237;59656183786
q3238;m3238;59656183787
q3239;m3239;59656183788
q3240;m3240;59656183789
q3241;m3241;59656183790
q3242;m3242;59656183791
q3243;m3243;59656183792
q3244;m3244;59656183793
q3245;m3245;59656183794
q3246;m3246;59656183795
q3247;m3247;59656183796
q3248;m3248;59656183797
q3249;m3249;59656183798
q3250;m3250;59656183799
q3251;m3251;59656183800
q3252;m3252;59656183801
q3253;m3253;59656183802
q3254;m3254;59656183803
q3255;m3255;59656183804
q3256;m3256;59656183805
q3257;m3257;59656183806
q3258;m3258;59656183807
q3259;m3259;59656183808
q3260;m3260;59656183809
q3261;m3261;59656183810
q3262;m3262;59656183811
q3263;m3263;59656183812
q3264;m3264;59656183813
q3265;m3265;59656183814
q3266;m3266;59656183815
q3267;m3267;59656183816
q3268;m3268;59656183817
q3269;m3269;59656183818
q3270;m3270;59656183819
q3271;m3271;59656183820
q3272;m3272;59656183821
q3273;m3273;59656183822
q3274;m3274;59656183823
q3275;m3275;59656183824
q3276;m3276;59656183825
q3277;m3277;59656183826
q3278;m3278;59656183827
q3279;m3279;59656183828
q3280;m3280;59656183829
q3281;m3281;59656183830
q3282;m3282;59656183831
q3283;m3283;59656183832
q3284;m3284;59656183833
q3285;m3285;59656183834
q3286;m3286;59656183835
q3287;m3287;59656183836
q3288;m3288;59656183837
q3289;m3289;59656183838
q3290;m3290;59656183839
q3291;m3291;59656183840
q3292;m3292;59656183841
q3293;m3293;59656183842
q3294;m3294;59656183843
q3295;m3295;59656183844
q3296;m3296;59656183845
q3297;m3297;59656183846
q3298;m3298;59656183847
q3299;m3299;59656183848
q3300;m3300;59656183849
q3301;m3301;59656183850
q3302;m3302;59656183851
q3303;m3303;59656183852
q3304;m3304;59656183853
q3305;m3305;59656183854
q3306;m3306;59656183855
q3307;m3307;59656183856
q3308;m3308;59656183857
q3309;m3309;59656183858
q3310;m3310;59656183859
q3311;m3311;59656183860
q3312;m3312;59656183861
q3313;m3313;59656183862
q3314;m3314;59656183863
q3315;m3315;59656183864
q3316;m3316;59656183865
q3317;m3317;59656183866
q3318;m3318;59656183867
q3319;m3319;59656183868
q3320;m3320;59656183869
q3321;m3321;59656183870
q3322;m3322;59656183871
q3323;m3323;59656183872
q3324;m3324;59656183873
q3325;m3325;59656183874
q3326;m3326;59656183875
q3327;m3327;59656183876
q3328;m3328;59656183877
q3329;m3329;59656183878
q3330;m3330;59656183879
q3331;m3331;59656183880
q3332;m3332;59656183881
q3333;m3333;59656183882
q3334;m3334;59656183883
q3335;m3335;59656183884
q3336;m3336;59656183885
q3337;m3337;59656183886
q3338;m3338;59656183887
q3339;m3339;59656183888
q3340;m3340;59656183889
q3341;m3341;59656183890
q3342;m3342;59656183891
q3343;m3343;59656183892
q3344;m3344;59656183893
q3345;m3345;59656183894
q3346;m3346;59656183895
q3347;m3347;59656183896
q3348;m3348;59656183897
q3349;m3349;59656183898
q3350;m3350;59656183899
q3351;m3351;59656183900
q3352;m3352;59656183901
q3353;m3353;59656183902
q3354;m3354;59656183903
q3355;m3355;59656183904
q3356;m3356;59656183905
q3357;m3357;59656183906
q3358;m3358;59656183907
q3359;m3359;59656183908
q3360;m3360;59656183909
q3361;m3361;59656183910
q3362;m3362;59656183911
q3363;m3363;59656183912
q3364;m3364;59656183913
q3365;m3365;59656183914
q3366;m3366;59656183915
q3367;m3367;59656183916
q3368;m3368;59656183917
q3369;m3369;59656183918
q3370;m3370;59656183919
q3371;m3371;59656183920
q3372;m3372;59656183921
q3373;m3373;59656183922
q3374;m3374;59656183923
q3375;m3375;59656183924
q3376;m3376;59656183925
q3377;m3377;59656183926
q3378;m3378;59656183927
q3379;m3379;59656183928
q3380;m3380;59656183929
q3381;m3381;59656183930
q3382;m3382;59656183931
q3383;m3383;59656183932
q3384;m3384;59656183933
q3385;m3385;59656183934
q3386;m3386;59656183935
q3387;m3387;59656183936
q3388;m3388;59656183937
q3389;m3389;59656183938
q3390;m3390;59656183939
q3391;m3391;59656183940
q3392;m3392;59656183941
q3393;m3393;59656183942
q3394;m3394;59656183943
q3395;m3395;59656183944
q3396;m3396;59656183945
q3397;m3397;59656183946
q3398;m3398;59656183947
q3399;m3399;59656183948
q3400;m3400;59656183949
q3401;m3401;59656183950
q3402;m3402;59656183951
q3403;m3403;59656183952
q3404;m3404;59656183953
q3405;m3405;59656183954
q3406;m3406;59656183955
q3407;m3407;59656183956
q3408;m3408;59656183957
q3409;m3409;59656183958
q3410;m3410;59656183959
q3411;m3411;59656183960
q3412;m3412;59656183961
q3413;m3413;59656183962
q3414;m3414;59656183963
q3415;m3415;59656183964
q3416;m3416;59656183965
q3417;m3417;59656183966
q3418;m3418;59656183967
q3419;m3419;59656183968
q3420;m3420;59656183969
q3421;m3421;59656183970
q3422;m3422;59656183971
q3423;m3423;59656183972
q3424;m3424;59656183973
q3425;m3425;59656183974
q3426;m3426;59656183975
q3427;m3427;59656183976
q3428;m3428;59656183977
q3429;m3429;59656183978
q3430;m3430;59656183979
q3431;m3431;59656183980
q3432;m3432;59656183981
q3433;m3433;59656183982
q3434;m3434;59656183983
q3435;m3435;59656183984
q3436;m3436;59656183985
q3437;m3437;59656183986
q3438;m3438;59656183987
q3439;m3439;59656183988
q3440;m3440;59656183989
q3441;m3441;59656183990
q3442;m3442;59656183991
q3443;m3443;59656183992
q3444;m3444;59656183993
q3445;m3445;59656183994
q3446;m3446;59656183995
q3447;m3447;59656183996
q3448;m3448;59656183997
q3449;m3449;59656183998
q3450;m3450;59656183999
q3451;m3451;59656184000
q3452;m3452;59656184001
q3453;m3453;59656184002
q3454;m3454;59656184003
q3455;m3455;59656184004
q3456;m3456;59656184005
q3457;m3457;59656184006
q3458;m3458;59656184007
q3459;m3459;59656184008
q3460;m3460;59656184009
q3461;m3461;59656184010
q3462;m3462;59656184011
q3463;m3463;59656184012
q3464;m3464;59656184013
q3465;m3465;59656184014
q3466;m3466;59656184015
q3467;m3467;59656184016
q3468;m3468;59656184017
q3469;m3469;59656184018
q3470;m3470;59656184019
q3471;m3471;59656184020
q3472;m3472;59656184021
q3473;m3473;59656184022
q3474;m3474;59656184023
q3475;m3475;59656184024
q3476;m3476;59656184025
q3477;m3477;59656184026
q3478;m3478;59656184027
q3479;m3479;59656184028
q3480;m3480;59656184029
q3481;m3481;59656184030
q3482;m3482;59656184031
q3483;m3483;59656184032
q3484;m3484;59656184033
q3485;m3485;59656184034
q3486;m3486;59656184035
q3487;m3487;59656184036
q3488;m3488;59656184037
q3489;m3489;59656184038
q3490;m3490;59656184039
q3491;m3491;59656184040
q3492;m3492;59656184041
q3493;m3493;59656184042
q3494;m3494;59656184043
q3495;m3495;59656184044
q3496;m3496;59656184045
q3497;m3497;59656184046
q3498;m3498;59656184047
q3499;m3499;59656184048
q3500;m3500;59656184049
q3501;m3501;59656184050
q3502;m3502;59656184051
q3503;m3503;59656184052
q3504;m3504;59656184053
q3505;m3505;59656184054
q3506;m3506;59656184055
q3507;m3507;59656184056
q3508;m3508;59656184057
q3509;m3509;59656184058
q3510;m3510;59656184059
q3511;m3511;59656184060
q3512;m3512;59656184061
q3513;m3513;59656184062
q3514;m3514;59656184063
q3515;m3515;59656184064
q3516;m3516;59656184065
q3517;m3517;59656184066
q3518;m3518;59656184067
q3519;m3519;59656184068
q3520;m3520;59656184069
q3521;m3521;59656184070
q3522;m3522;59656184071
q3523;m3523;59656184072
q3524;m3524;59656184073
q3525;m3525;59656184074
q3526;m3526;59656184075
q3527;m3527;59656184076
q3528;m3528;59656184077
q3529;m3529;59656184078
q3530;m3530;59656184079
q3531;m3531;59656184080
q3532;m3532;59656184081
q3533;m3533;59656184082
q3534;m3534;59656184083
q3535;m3535;59656184084
q3536;m3536;59656184085
q3537;m3537;59656184086
q3538;m3538;59656184087
q3539;m3539;59656184088
q3540;m3540;59656184089
q3541;m3541;59656184090
q3542;m3542;59656184091
q3543;m3543;59656184092
q3544;m3544;59656184093
q3545;m3545;59656184094
q3546;m3546;59656184095
q3547;m3547;59656184096
q3548;m3548;59656184097
q3549;m3549;59656184098
q3550;m3550;59656184099
q3551;m3551;59656184100
q3552;m3552;59656184101
q3553;m3553;59656184102
q3554;m3554;59656184103
q3555;m3555;59656184104
q3556;m3556;59656184105
q3557;m3557;59656184106
q3558;m3558;59656184107
q3559;m3559;59656184108
q3560;m3560;59656184109
q3561;m3561;59656184110
q3562;m3562;59656184111
q3563;m3563;59656184112
q3564;m3564;59656184113
q3565;m3565;59656184114
q3566;m3566;59656184115
q3567;m3567;59656184116
q3568;m3568;59656184117
q3569;m3569;59656184118
q3570;m3570;59656184119
q3571;m3571;59656184120
q3572;m3572;59656184121
q3573;m3573;59656184122
q3574;m3574;59656184123
q3575;m3575;59656184124
q3576;m3576;59656184125
q3577;m3577;59656184126
q3578;m3578;59656184127
q3579;m3579;59656184128
q3580;m3580;59656184129
q3581;m3581;59656184130
q3582;m3582;59656184131
q3583;m3583;59656184132
q3584;m3584;59656184133
q3585;m3585;59656184134
q3586;m3586;59656184135
q3587;m3587;59656184136
q3588;m3588;59656184137
q3589;m3589;59656184138
q3590;m3590;59656184139
q3591;m3591;59656184140
q3592;m3592;59656184141
q3593;m3593;59656184142
q3594;m3594;59656184143
q3595;m3595;59656184144
q3596;m3596;59656184145
q3597;m3597;59656184146
q3598;m3598;59656184147
q3599;m3599;59656184148
q3600;m3600;59656184149
q3601;m3601;59656184150
q3602;m3602;59656184151
q3603;m3603;59656184152
q3604;m3604;59656184153
q3605;m3605;59656184154
q3606;m3606;59656184155
q3607;m3607;59656184156
q3608;m3608;59656184157
q3609;m3609;59656184158
q3610;m3610;59656184159
q3611;m3611;59656184160
q3612;m3612;59656184161
q3613;m3613;59656184162
q3614;m3614;59656184163
q3615;m3615;59656184164
q3616;m3616;59656184165
q3617;m3617;59656184166
q3618;m3618;59656184167
q3619;m3619;59656184168
q3620;m3620;59656184169
q3621;m3621;59656184170
q3622;m3622;59656184171
q3623;m3623;59656184172
q3624;m3624;59656184173
q3625;m3625;59656184174
q3626;m3626;59656184175
q3627;m3627;59656184176
q3628;m3628;59656184177
q3629;m3629;59656184178
q3630;m3630;59656184179
q3631;m3631;59656184180
q3632;m3632;59656184181
q3633;m3633;59656184182
q3634;m3634;59656184183
q3635;m3635;59656184184
q3636;m3636;59656184185
q3637;m3637;59656184186
q3638;m3638;59656184187
q3639;m3639;59656184188
q3640;m3640;59656184189
q3641;m3641;59656184190
q3642;m3642;59656184191
q3643;m3643;59656184192
q3644;m3644;59656184193
q3645;m3645;59656184194
q3646;m3646;59656184195
q3647;m3647;59656184196
q3648;m3648;59656184197
q3649;m3649;59656184198
q3650;m3650;59656184199
q3651;m3651;59656184200
q3652;m3652;59656184201
q3653;m3653;59656184202
q3654;m3654;59656184203
q3655;m3655;59656184204
q3656;m3656;59656184205
q3657;m3657;59656184206
q3658;m3658;59656184207
q3659;m3659;59656184208
q3660;m3660;59656184209
q3661;m3661;59656184210
q3662;m3662;59656184211
q3663;m3663;59656184212
q3664;m3664;59656184213
q3665;m3665;59656184214
q3666;m3666;59656184215
q3667;m3667;59656184216
q3668;m3668;59656184217
q3669;m3669;59656184218
q3670;m3670;59656184219
q3671;m3671;59656184220
q3672;m3672;59656184221
q3673;m3673;59656184222
q3674;m3674;59656184223
q3675;m3675;59656184224
q3676;m3676;59656184225
q3677;m3677;59656184226
q3678;m3678;59656184227
q3679;m3679;59656184228
q3680;m3680;59656184229
q3681;m3681;59656184230
q3682;m3682;59656184231
q3683;m3683;59656184232
q3684;m3684;59656184233
q3685;m3685;59656184234
q3686;m3686;59656184235
q3687;m3687;59656184236
q3688;m3688;59656184237
q3689;m3689;59656184238
q3690;m3690;59656184239
q3691;m3691;59656184240
q3692;m3692;59656184241
q3693;m3693;59656184242
q3694;m3694;59656184243
q3695;m3695;59656184244
q3696;m3696;59656184245
q3697;m3697;59656184246
q3698;m3698;59656184247
q3699;m3699;59656184248
q3700;m3700;59656184249
q3701;m3701;59656184250
q3702;m3702;59656184251
q3703;m3703;59656184252
q3704;m3704;59656184253
q3705;m3705;59656184254
q3706;m3706;59656184255
q3707;m3707;59656184256
q3708;m3708;59656184257
q3709;m3709;59656184258
q3710;m3710;59656184259
q3711;m3711;59656184260
q3712;m3712;59656184261
q3713;m3713;59656184262
q3714;m3714;59656184263
q3715;m3715;59656184264
q3716;m3716;59656184265
q3717;m3717;59656184266
q3718;m3718;59656184267
q3719;m3719;59656184268
q3720;m3720;59656184269
q3721;m3721;59656184270
q3722;m3722;59656184271
q3723;m3723;59656184272
q3724;m3724;59656184273
q3725;m3725;59656184274
q3726;m3726;59656184275
q3727;m3727;59656184276
q3728;m3728;59656184277
q3729;m3729;59656184278
q3730;m3730;59656184279
q3731;m3731;59656184280
q3732;m3732;59656184281
q3733;m3733;59656184282
q3734;m3734;59656184283
q3735;m3735;59656184284
q3736;m3736;59656184285
q3737;m3737;59656184286
q3738;m3738;59656184287
q3739;m3739;59656184288
q3740;m3740;59656184289
q3741;m3741;59656184290
q3742;m3742;59656184291
q3743;m3743;59656184292
q3744;m3744;59656184293
q3745;m3745;59656184294
q3746;m3746;59656184295
q3747;m3747;59656184296
q3748;m3748;59656184297
q3749;m3749;59656184298
q3750;m3750;59656184299
q3751;m3751;59656184300
q3752;m3752;59656184301
q3753;m3753;59656184302
q3754;m3754;59656184303
q3755;m3755;59656184304
q3756;m3756;59656184305
q3757;m3757;59656184306
q3758;m3758;59656184307
q3759;m3759;59656184308
q3760;m3760;59656184309
q3761;m3761;59656184310
q3762;m3762;59656184311
q3763;m3763;59656184312
q3764;m3764;59656184313
q3765;m3765;59656184314
q3766;m3766;59656184315
q3767;m3767;59656184316
q3768;m3768;59656184317
q3769;m3769;59656184318
q3770;m3770;59656184319
q3771;m3771;59656184320
q3772;m3772;59656184321
q3773;m3773;59656184322
q3774;m3774;59656184323
q3775;m3775;59656184324
q3776;m3776;59656184325
q3777;m3777;59656184326
q3778;m3778;59656184327
q3779;m3779;59656184328
q3780;m3780;59656184329
q3781;m3781;59656184330
q3782;m3782;59656184331
q3783;m3783;59656184332
q3784;m3784;59656184333
q3785;m3785;59656184334
q3786;m3786;59656184335
q3787;m3787;59656184336
q3788;m3788;59656184337
q3789;m3789;59656184338
q3790;m3790;59656184339
q3791;m3791;59656184340
q3792;m3792;59656184341
q3793;m3793;59656184342
q3794;m3794;59656184343
q3795;m3795;59656184344
q3796;m3796;59656184345
q3797;m3797;59656184346
q3798;m3798;59656184347
q3799;m3799;59656184348
q3800;m3800;59656184349
q3801;m3801;59656184350
q3802;m3802;59656184351
q3803;m3803;59656184352
q3804;m3804;59656184353
q3805;m3805;59656184354
q3806;m3806;59656184355
q3807;m3807;59656184356
q3808;m3808;59656184357
q3809;m3809;59656184358
q3810;m3810;59656184359
q3811;m3811;59656184360
q3812;m3812;59656184361
q3813;m3813;59656184362
q3814;m3814;59656184363
q3815;m3815;59656184364
q3816;m3816;59656184365
q3817;m3817;59656184366
q3818;m3818;59656184367
q3819;m3819;59656184368
q3820;m3820;59656184369
q3821;m3821;59656184370
q3822;m3822;59656184371
q3823;m3823;59656184372
q3824;m3824;59656184373
q3825;m3825;59656184374
q3826;m3826;59656184375
q3827;m3827;59656184376
q3828;m3828;59656184377
q3829;m3829;59656184378
q3830;m3830;59656184379
q3831;m3831;59656184380
q3832;m3832;59656184381
q3833;m3833;59656184382
q3834;m3834;59656184383
q3835;m3835;59656184384
q3836;m3836;59656184385
q3837;m3837;59656184386
q3838;m3838;59656184387
q3839;m3839;59656184388
q3840;m3840;59656184389
q3841;m3841;59656184390
q3842;m3842;59656184391
q3843;m3843;59656184392
q3844;m3844;59656184393
q3845;m3845;59656184394
q3846;m3846;59656184395
q3847;m3847;59656184396
q3848;m3848;59656184397
q3849;m3849;59656184398
q3850;m3850;59656184399
q3851;m3851;59656184400
q3852;m3852;59656184401
q3853;m3853;59656184402
q3854;m3854;59656184403
q3855;m3855;59656184404
q3856;m3856;59656184405
q3857;m3857;59656184406
q3858;m3858;59656184407
q3859;m3859;59656184408
q3860;m3860;59656184409
q3861;m3861;59656184410
q3862;m3862;59656184411
q3863;m3863;59656184412
q3864;m3864;59656184413
q3865;m3865;59656184414
q3866;m3866;59656184415
q3867;m3867;59656184416
q3868;m3868;59656184417
q3869;m3869;59656184418
q3870;m3870;59656184419
q3871;m3871;59656184420
q3872;m3872;59656184421
q3873;m3873;59656184422
q3874;m3874;59656184423
q3875;m3875;59656184424
q3876;m3876;59656184425
q3877;m3877;59656184426
q3878;m3878;59656184427
q3879;m3879;59656184428
q3880;m3880;59656184429
q3881;m3881;59656184430
q3882;m3882;59656184431
q3883;m3883;59656184432
q3884;m3884;59656184433
q3885;m3885;59656184434
q3886;m3886;59656184435
q3887;m3887;59656184436
q3888;m3888;59656184437
q3889;m3889;59656184438
q3890;m3890;59656184439
q3891;m3891;59656184440
q3892;m3892;59656184441
q3893;m3893;59656184442
q3894;m3894;59656184443
q3895;m3895;59656184444
q3896;m3896;59656184445
q3897;m3897;59656184446
q3898;m3898;59656184447
q3899;m3899;59656184448
q3900;m3900;59656184449
q3901;m3901;59656184450
q3902;m3902;59656184451
q3903;m3903;59656184452
q3904;m3904;59656184453
q3905;m3905;59656184454
q3906;m3906;59656184455
q3907;m3907;59656184456
q3908;m3908;59656184457
q3909;m3909;59656184458
q3910;m3910;59656184459
q3911;m3911;59656184460
q3912;m3912;59656184461
q3913;m3913;59656184462
q3914;m3914;59656184463
q3915;m3915;59656184464
q3916;m3916;59656184465
q3917;m3917;59656184466
q3918;m3918;59656184467
q3919;m3919;59656184468
q3920;m3920;59656184469
q3921;m3921;59656184470
q3922;m3922;59656184471
q3923;m3923;59656184472
q3924;m3924;59656184473
q3925;m3925;59656184474
q3926;m3926;59656184475
q3927;m3927;59656184476
q3928;m3928;59656184477
q3929;m3929;59656184478
q3930;m3930;59656184479
q3931;m3931;59656184480
q3932;m3932;59656184481
q3933;m3933;59656184482
q3934;m3934;59656184483
q3935;m3935;59656184484
q3936;m3936;59656184485
q3937;m3937;59656184486
q3938;m3938;59656184487
q3939;m3939;59656184488
q3940;m3940;59656184489
q3941;m3941;59656184490
q3942;m3942;59656184491
q3943;m3943;59656184492
q3944;m3944;59656184493
q3945;m3945;59656184494
q3946;m3946;59656184495
q3947;m3947;59656184496
q3948;m3948;59656184497
q3949;m3949;59656184498
q3950;m3950;59656184499
q3951;m3951;59656184500
q3952;m3952;59656184501
q3953;m3953;59656184502
q3954;m3954;59656184503
q3955;m3955;59656184504
q3956;m3956;59656184505
q3957;m3957;59656184506
q3958;m3958;59656184507
q3959;m3959;59656184508
q3960;m3960;59656184509
q3961;m3961;59656184510
q3962;m3962;59656184511
q3963;m3963;59656184512
q3964;m3964;59656184513
q3965;m3965;59656184514
q3966;m3966;59656184515
q3967;m3967;59656184516
q3968;m3968;59656184517
q3969;m3969;59656184518
q3970;m3970;59656184519
q3971;m3971;59656184520
q3972;m3972;59656184521
q3973;m3973;59656184522
q3974;m3974;59656184523
q3975;m3975;59656184524
q3976;m3976;59656184525
q3977;m3977;59656184526
q3978;m3978;59656184527
q3979;m3979;59656184528
q3980;m3980;59656184529
q3981;m3981;59656184530
q3982;m3982;59656184531
q3983;m3983;59656184532
q3984;m3984;59656184533
q3985;m3985;59656184534
q3986;m3986;59656184535
q3987;m3987;59656184536
q3988;m3988;59656184537
q3989;m3989;59656184538
q3990;m3990;59656184539
q3991;m3991;59656184540
q3992;m3992;59656184541
q3993;m3993;59656184542
q3994;m3994;59656184543
q3995;m3995;59656184544
q3996;m3996;59656184545
q3997;m3997;59656184546
q3998;m3998;59656184547
q3999;m3999;59656184548
q4000;m4000;59656184549
q4001;m4001;59656184550
q4002;m4002;59656184551
q4003;m4003;59656184552
q4004;m4004;59656184553
q4005;m4005;59656184554
q4006;m4006;59656184555
q4007;m4007;59656184556
q4008;m4008;59656184557
q4009;m4009;59656184558
q4010;m4010;59656184559
q4011;m4011;59656184560
q4012;m4012;59656184561
q4013;m4013;59656184562
q4014;m4014;59656184563
q4015;m4015;59656184564
q4016;m4016;59656184565
q4017;m4017;59656184566
q4018;m4018;59656184567
q4019;m4019;59656184568
q4020;m4020;59656184569
q4021;m4021;59656184570
q4022;m4022;59656184571
q4023;m4023;59656184572
q4024;m4024;59656184573
q4025;m4025;59656184574
q4026;m4026;59656184575
q4027;m4027;59656184576
q4028;m4028;59656184577
q4029;m4029;59656184578
q4030;m4030;59656184579
q4031;m4031;59656184580
q4032;m4032;59656184581
q4033;m4033;59656184582
q4034;m4034;59656184583
q4035;m4035;59656184584
q4036;m4036;59656184585
q4037;m4037;59656184586
q4038;m4038;59656184587
q4039;m4039;59656184588
q4040;m4040;59656184589
q4041;m4041;59656184590
q4042;m4042;59656184591
q4043;m4043;59656184592
q4044;m4044;59656184593
q4045;m4045;59656184594
q4046;m4046;59656184595
q4047;m4047;59656184596
q4048;m4048;59656184597
q4049;m4049;59656184598
q4050;m4050;59656184599
q4051;m4051;59656184600
q4052;m4052;59656184601
q4053;m4053;59656184602
q4054;m4054;59656184603
q4055;m4055;59656184604
q4056;m4056;59656184605
q4057;m4057;59656184606
q4058;m4058;59656184607
q4059;m4059;59656184608
q4060;m4060;59656184609
q4061;m4061;59656184610
q4062;m4062;59656184611
q4063;m4063;59656184612
q4064;m4064;59656184613
q4065;m4065;59656184614
q4066;m4066;59656184615
q4067;m4067;59656184616
q4068;m4068;59656184617
q4069;m4069;59656184618
q4070;m4070;59656184619
q4071;m4071;59656184620
q4072;m4072;59656184621
q4073;m4073;59656184622
q4074;m4074;59656184623
q4075;m4075;59656184624
q4076;m4076;59656184625
q4077;m4077;59656184626
q4078;m4078;59656184627
q4079;m4079;59656184628
q4080;m4080;59656184629
q4081;m4081;59656184630
q4082;m4082;59656184631
q4083;m4083;59656184632
q4084;m4084;59656184633
q4085;m4085;59656184634
q4086;m4086;59656184635
q4087;m4087;59656184636
q4088;m4088;59656184637
q4089;m4089;59656184638
q4090;m4090;59656184639
q4091;m4091;59656184640
q4092;m4092;59656184641
q4093;m4093;59656184642
q4094;m4094;59656184643
q4095;m4095;59656184644
q4096;m4096;59656184645
q4097;m4097;59656184646
q4098;m4098;59656184647
q4099;m4099;59656184648
q4100;m4100;59656184649
q4101;m4101;59656184650
q4102;m4102;59656184651
q4103;m4103;59656184652
q4104;m4104;59656184653
q4105;m4105;59656184654
q4106;m4106;59656184655
q4107;m4107;59656184656
q4108;m4108;59656184657
q4109;m4109;59656184658
q4110;m4110;59656184659
q4111;m4111;59656184660
q4112;m4112;59656184661
q4113;m4113;59656184662
q4114;m4114;59656184663
q4115;m4115;59656184664
q4116;m4116;59656184665
q4117;m4117;59656184666
q4118;m4118;59656184667
q4119;m4119;59656184668
q4120;m4120;59656184669
q4121;m4121;59656184670
q4122;m4122;59656184671
q4123;m4123;59656184672
q4124;m4124;59656184673
q4125;m4125;59656184674
q4126;m4126;59656184675
q4127;m4127;59656184676
q4128;m4128;59656184677
q4129;m4129;59656184678
q4130;m4130;59656184679
q4131;m4131;59656184680
q4132;m4132;59656184681
q4133;m4133;59656184682
q4134;m4134;59656184683
q4135;m4135;59656184684
q4136;m4136;59656184685
q4137;m4137;59656184686
q4138;m4138;59656184687
q4139;m4139;59656184688
q4140;m4140;59656184689
q4141;m4141;59656184690
q4142;m4142;59656184691
q4143;m4143;59656184692
q4144;m4144;59656184693
q4145;m4145;59656184694
q4146;m4146;59656184695
q4147;m4147;59656184696
q4148;m4148;59656184697
q4149;m4149;59656184698
q4150;m4150;59656184699
q4151;m4151;59656184700
q4152;m4152;59656184701
q4153;m4153;59656184702
q4154;m4154;59656184703
q4155;m4155;59656184704
q4156;m4156;59656184705
q4157;m4157;59656184706
q4158;m4158;59656184707
q4159;m4159;59656184708
q4160;m4160;59656184709
q4161;m4161;59656184710
q4162;m4162;59656184711
q4163;m4163;59656184712
q4164;m4164;59656184713
q4165;m4165;59656184714
q4166;m4166;59656184715
q4167;m4167;59656184716
q4168;m4168;59656184717
q4169;m4169;59656184718
q4170;m4170;59656184719
q4171;m4171;59656184720
q4172;m4172;59656184721
q4173;m4173;59656184722
q4174;m4174;59656184723
q4175;m4175;59656184724
q4176;m4176;59656184725
q4177;m4177;59656184726
q4178;m4178;59656184727
q4179;m4179;59656184728
q4180;m4180;59656184729
q4181;m4181;59656184730
q4182;m4182;59656184731
q4183;m4183;59656184732
q4184;m4184;59656184733
q4185;m4185;59656184734
q4186;m4186;59656184735
q4187;m4187;59656184736
q4188;m4188;59656184737
q4189;m4189;59656184738
q4190;m4190;59656184739
q4191;m4191;59656184740
q4192;m4192;59656184741
q4193;m4193;59656184742
q4194;m4194;59656184743
q4195;m4195;59656184744
q4196;m4196;59656184745
q4197;m4197;59656184746
q4198;m4198;59656184747
q4199;m4199;59656184748
q4200;m4200;59656184749
q4201;m4201;59656184750
q4202;m4202;59656184751
q4203;m4203;59656184752
q4204;m4204;59656184753
q4205;m4205;59656184754
q4206;m4206;59656184755
q4207;m4207;59656184756
q4208;m4208;59656184757
q4209;m4209;59656184758
q4210;m4210;59656184759
q4211;m4211;59656184760
q4212;m4212;59656184761
q4213;m4213;59656184762
q4214;m4214;59656184763
q4215;m4215;59656184764
q4216;m4216;59656184765
q4217;m4217;59656184766
q4218;m4218;59656184767
q4219;m4219;59656184768
q4220;m4220;59656184769
q4221;m4221;59656184770
q4222;m4222;59656184771
q4223;m4223;59656184772
q4224;m4224;59656184773
q4225;m4225;59656184774
q4226;m4226;59656184775
q4227;m4227;59656184776
q4228;m4228;59656184777
q4229;m4229;59656184778
q4230;m4230;59656184779
q4231;m4231;59656184780
q4232;m4232;59656184781
q4233;m4233;59656184782
q4234;m4234;59656184783
q4235;m4235;59656184784
q4236;m4236;59656184785
q4237;m4237;59656184786
q4238;m4238;59656184787
q4239;m4239;59656184788
q4240;m4240;59656184789
q4241;m4241;59656184790
q4242;m4242;59656184791
q4243;m4243;59656184792
q4244;m4244;59656184793
q4245;m4245;59656184794
q4246;m4246;59656184795
q4247;m4247;59656184796
q4248;m4248;59656184797
q4249;m4249;59656184798
q4250;m4250;59656184799
q4251;m4251;59656184800
q4252;m4252;59656184801
q4253;m4253;59656184802
q4254;m4254;59656184803
q4255;m4255;59656184804
q4256;m4256;59656184805
q4257;m4257;59656184806
q4258;m4258;59656184807
q4259;m4259;59656184808
q4260;m4260;59656184809
q4261;m4261;59656184810
q4262;m4262;59656184811
q4263;m4263;59656184812
q4264;m4264;59656184813
q4265;m4265;59656184814
q4266;m4266;59656184815
q4267;m4267;59656184816
q4268;m4268;59656184817
q4269;m4269;59656184818
q4270;m4270;59656184819
q4271;m4271;59656184820
q4272;m4272;59656184821
q4273;m4273;59656184822
q4274;m4274;59656184823
q4275;m4275;59656184824
q4276;m4276;59656184825
q4277;m4277;59656184826
q4278;m4278;59656184827
q4279;m4279;59656184828
q4280;m4280;59656184829
q4281;m4281;59656184830
q4282;m4282;59656184831
q4283;m4283;59656184832
q4284;m4284;59656184833
q4285;m4285;59656184834
q4286;m4286;59656184835
q4287;m4287;59656184836
q4288;m4288;59656184837
q4289;m4289;59656184838
q4290;m4290;59656184839
q4291;m4291;59656184840
q4292;m4292;59656184841
q4293;m4293;59656184842
q4294;m4294;59656184843
q4295;m4295;59656184844
q4296;m4296;59656184845
q4297;m4297;59656184846
q4298;m4298;59656184847
q4299;m4299;59656184848
q4300;m4300;59656184849
q4301;m4301;59656184850
q4302;m4302;59656184851
q4303;m4303;59656184852
q4304;m4304;59656184853
q4305;m4305;59656184854
q4306;m4306;59656184855
q4307;m4307;59656184856
q4308;m4308;59656184857
q4309;m4309;59656184858
q4310;m4310;59656184859
q4311;m4311;59656184860
q4312;m4312;59656184861
q4313;m4313;59656184862
q4314;m4314;59656184863
q4315;m4315;59656184864
q4316;m4316;59656184865
q4317;m4317;59656184866
q4318;m4318;59656184867
q4319;m4319;59656184868
q4320;m4320;59656184869
q4321;m4321;59656184870
q4322;m4322;59656184871
q4323;m4323;59656184872
q4324;m4324;59656184873
q4325;m4325;59656184874
q4326;m4326;59656184875
q4327;m4327;59656184876
q4328;m4328;59656184877
q4329;m4329;59656184878
q4330;m4330;59656184879
q4331;m4331;59656184880
q4332;m4332;59656184881
q4333;m4333;59656184882
q4334;m4334;59656184883
q4335;m4335;59656184884
q4336;m4336;59656184885
q4337;m4337;59656184886
q4338;m4338;59656184887
q4339;m4339;59656184888
q4340;m4340;59656184889
q4341;m4341;59656184890
q4342;m4342;59656184891
q4343;m4343;59656184892
q4344;m4344;59656184893
q4345;m4345;59656184894
q4346;m4346;59656184895
q4347;m4347;59656184896
q4348;m4348;59656184897
q4349;m4349;59656184898
q4350;m4350;59656184899
q4351;m4351;59656184900
q4352;m4352;59656184901
q4353;m4353;59656184902
q4354;m4354;59656184903
q4355;m4355;59656184904
q4356;m4356;59656184905
q4357;m4357;59656184906
q4358;m4358;59656184907
q4359;m4359;59656184908
q4360;m4360;59656184909
q4361;m4361;59656184910
q4362;m4362;59656184911
q4363;m4363;59656184912
q4364;m4364;59656184913
q4365;m4365;59656184914
q4366;m4366;59656184915
q4367;m4367;59656184916
q4368;m4368;59656184917
q4369;m4369;59656184918
q4370;m4370;59656184919
q4371;m4371;59656184920
q4372;m4372;59656184921
q4373;m4373;59656184922
q4374;m4374;59656184923
q4375;m4375;59656184924
q4376;m4376;59656184925
q4377;m4377;59656184926
q4378;m4378;59656184927
q4379;m4379;59656184928
q4380;m4380;59656184929
q4381;m4381;59656184930
q4382;m4382;59656184931
q4383;m4383;59656184932
q4384;m4384;59656184933
q4385;m4385;59656184934
q4386;m4386;59656184935
q4387;m4387;59656184936
q4388;m4388;59656184937
q4389;m4389;59656184938
q4390;m4390;59656184939
q4391;m4391;59656184940
q4392;m4392;59656184941
q4393;m4393;59656184942
q4394;m4394;59656184943
q4395;m4395;59656184944
q4396;m4396;59656184945
q4397;m4397;59656184946
q4398;m4398;59656184947
q4399;m4399;59656184948
q4400;m4400;59656184949
q4401;m4401;59656184950
q4402;m4402;59656184951
q4403;m4403;59656184952
q4404;m4404;59656184953
q4405;m4405;59656184954
q4406;m4406;59656184955
q4407;m4407;59656184956
q4408;m4408;59656184957
q4409;m4409;59656184958
q4410;m4410;59656184959
q4411;m4411;59656184960
q4412;m4412;59656184961
q4413;m4413;59656184962
q4414;m4414;59656184963
q4415;m4415;59656184964
q4416;m4416;59656184965
q4417;m4417;59656184966
q4418;m4418;59656184967
q4419;m4419;59656184968
q4420;m4420;59656184969
q4421;m4421;59656184970
q4422;m4422;59656184971
q4423;m4423;59656184972
q4424;m4424;59656184973
q4425;m4425;59656184974
q4426;m4426;59656184975
q4427;m4427;59656184976
q4428;m4428;59656184977
q4429;m4429;59656184978
q4430;m4430;59656184979
q4431;m4431;59656184980
q4432;m4432;59656184981
q4433;m4433;59656184982
q4434;m4434;59656184983
q4435;m4435;59656184984
q4436;m4436;59656184985
q4437;m4437;59656184986
q4438;m4438;59656184987
q4439;m4439;59656184988
q4440;m4440;59656184989
q4441;m4441;59656184990
q4442;m4442;59656184991
q4443;m4443;59656184992
q4444;m4444;59656184993
q4445;m4445;59656184994
q4446;m4446;59656184995
q4447;m4447;59656184996
q4448;m4448;59656184997
q4449;m4449;59656184998
q4450;m4450;59656184999
q4451;m4451;59656185000
q4452;m4452;59656185001
q4453;m4453;59656185002
q4454;m4454;59656185003
q4455;m4455;59656185004
q4456;m4456;59656185005
q4457;m4457;59656185006
q4458;m4458;59656185007
q4459;m4459;59656185008
q4460;m4460;59656185009
q4461;m4461;59656185010
q4462;m4462;59656185011
q4463;m4463;59656185012
q4464;m4464;59656185013
q4465;m4465;59656185014
q4466;m4466;59656185015
q4467;m4467;59656185016
q4468;m4468;59656185017
q4469;m4469;59656185018
q4470;m4470;59656185019
q4471;m4471;59656185020
q4472;m4472;59656185021
q4473;m4473;59656185022
q4474;m4474;59656185023
q4475;m4475;59656185024
q4476;m4476;59656185025
q4477;m4477;59656185026
q4478;m4478;59656185027
q4479;m4479;59656185028
q4480;m4480;59656185029
q4481;m4481;59656185030
q4482;m4482;59656185031
q4483;m4483;59656185032
q4484;m4484;59656185033
q4485;m4485;59656185034
q4486;m4486;59656185035
q4487;m4487;59656185036
q4488;m4488;59656185037
q4489;m4489;59656185038
q4490;m4490;59656185039
q4491;m4491;59656185040
q4492;m4492;59656185041
q4493;m4493;59656185042
q4494;m4494;59656185043
q4495;m4495;59656185044
q4496;m4496;59656185045
q4497;m4497;59656185046
q4498;m4498;59656185047
q4499;m4499;59656185048
q4500;m4500;59656185049
q4501;m4501;59656185050
q4502;m4502;59656185051
q4503;m4503;59656185052
q4504;m4504;59656185053
q4505;m4505;59656185054
q4506;m4506;59656185055
q4507;m4507;59656185056
q4508;m4508;59656185057
q4509;m4509;59656185058
q4510;m4510;59656185059
q4511;m4511;59656185060
q4512;m4512;59656185061
q4513;m4513;59656185062
q4514;m4514;59656185063
q4515;m4515;59656185064
q4516;m4516;59656185065
q4517;m4517;59656185066
q4518;m4518;59656185067
q4519;m4519;59656185068
q4520;m4520;59656185069
q4521;m4521;59656185070
q4522;m4522;59656185071
q4523;m4523;59656185072
q4524;m4524;59656185073
q4525;m4525;59656185074
q4526;m4526;59656185075
q4527;m4527;59656185076
q4528;m4528;59656185077
q4529;m4529;59656185078
q4530;m4530;59656185079
q4531;m4531;59656185080
q4532;m4532;59656185081
q4533;m4533;59656185082
q4534;m4534;59656185083
q4535;m4535;59656185084
q4536;m4536;59656185085
q4537;m4537;59656185086
q4538;m4538;59656185087
q4539;m4539;59656185088
q4540;m4540;59656185089
q4541;m4541;59656185090
q4542;m4542;59656185091
q4543;m4543;59656185092
q4544;m4544;59656185093
q4545;m4545;59656185094
q4546;m4546;59656185095
q4547;m4547;59656185096
q4548;m4548;59656185097
q4549;m4549;59656185098
q4550;m4550;59656185099
q4551;m4551;59656185100
q4552;m4552;59656185101
q4553;m4553;59656185102
q4554;m4554;59656185103
q4555;m4555;59656185104
q4556;m4556;59656185105
q4557;m4557;59656185106
q4558;m4558;59656185107
q4559;m4559;59656185108
q4560;m4560;59656185109
q4561;m4561;59656185110
q4562;m4562;59656185111
q4563;m4563;59656185112
q4564;m4564;59656185113
q4565;m4565;59656185114
q4566;m4566;59656185115
q4567;m4567;59656185116
q4568;m4568;59656185117
q4569;m4569;59656185118
q4570;m4570;59656185119
q4571;m4571;59656185120
q4572;m4572;59656185121
q4573;m4573;59656185122
q4574;m4574;59656185123
q4575;m4575;59656185124
q4576;m4576;59656185125
q4577;m4577;59656185126
q4578;m4578;59656185127
q4579;m4579;59656185128
q4580;m4580;59656185129
q4581;m4581;59656185130
q4582;m4582;59656185131
q4583;m4583;59656185132
q4584;m4584;59656185133
q4585;m4585;59656185134
q4586;m4586;59656185135
q4587;m4587;59656185136
q4588;m4588;59656185137
q4589;m4589;59656185138
q4590;m4590;59656185139
q4591;m4591;59656185140
q4592;m4592;59656185141
q4593;m4593;59656185142
q4594;m4594;59656185143
q4595;m4595;59656185144
q4596;m4596;59656185145
q4597;m4597;59656185146
q4598;m4598;59656185147
q4599;m4599;59656185148
q4600;m4600;59656185149
q4601;m4601;59656185150
q4602;m4602;59656185151
q4603;m4603;59656185152
q4604;m4604;59656185153
q4605;m4605;59656185154
q4606;m4606;59656185155
q4607;m4607;59656185156
q4608;m4608;59656185157
q4609;m4609;59656185158
q4610;m4610;59656185159
q4611;m4611;59656185160
q4612;m4612;59656185161
q4613;m4613;59656185162
q4614;m4614;59656185163
q4615;m4615;59656185164
q4616;m4616;59656185165
q4617;m4617;59656185166
q4618;m4618;59656185167
q4619;m4619;59656185168
q4620;m4620;59656185169
q4621;m4621;59656185170
q4622;m4622;59656185171
q4623;m4623;59656185172
q4624;m4624;59656185173
q4625;m4625;59656185174
q4626;m4626;59656185175
q4627;m4627;59656185176
q4628;m4628;59656185177
q4629;m4629;59656185178
q4630;m4630;59656185179
q4631;m4631;59656185180
q4632;m4632;59656185181
q4633;m4633;59656185182
q4634;m4634;59656185183
q4635;m4635;59656185184
q4636;m4636;59656185185
q4637;m4637;59656185186
q4638;m4638;59656185187
q4639;m4639;59656185188
q4640;m4640;59656185189
q4641;m4641;59656185190
q4642;m4642;59656185191
q4643;m4643;59656185192
q4644;m4644;59656185193
q4645;m4645;59656185194
q4646;m4646;59656185195
q4647;m4647;59656185196
q4648;m4648;59656185197
q4649;m4649;59656185198
q4650;m4650;59656185199
q4651;m4651;59656185200
q4652;m4652;59656185201
q4653;m4653;59656185202
q4654;m4654;59656185203
q4655;m4655;59656185204
q4656;m4656;59656185205
q4657;m4657;59656185206
q4658;m4658;59656185207
q4659;m4659;59656185208
q4660;m4660;59656185209
q4661;m4661;59656185210
q4662;m4662;59656185211
q4663;m4663;59656185212
q4664;m4664;59656185213
q4665;m4665;59656185214
q4666;m4666;59656185215
q4667;m4667;59656185216
q4668;m4668;59656185217
q4669;m4669;59656185218
q4670;m4670;59656185219
q4671;m4671;59656185220
q4672;m4672;59656185221
q4673;m4673;59656185222
q4674;m4674;59656185223
q4675;m4675;59656185224
q4676;m4676;59656185225
q4677;m4677;59656185226
q4678;m4678;59656185227
q4679;m4679;59656185228
q4680;m4680;59656185229
q4681;m4681;59656185230
q4682;m4682;59656185231
q4683;m4683;59656185232
q4684;m4684;59656185233
q4685;m4685;59656185234
q4686;m4686;59656185235
q4687;m4687;59656185236
q4688;m4688;59656185237
q4689;m4689;59656185238
q4690;m4690;59656185239
q4691;m4691;59656185240
q4692;m4692;59656185241
q4693;m4693;59656185242
q4694;m4694;59656185243
q4695;m4695;59656185244
q4696;m4696;59656185245
q4697;m4697;59656185246
q4698;m4698;59656185247
q4699;m4699;59656185248
q4700;m4700;59656185249
q4701;m4701;59656185250
q4702;m4702;59656185251
q4703;m4703;59656185252
q4704;m4704;59656185253
q4705;m4705;59656185254
q4706;m4706;59656185255
q4707;m4707;59656185256
q4708;m4708;59656185257
q4709;m4709;59656185258
q4710;m4710;59656185259
q4711;m4711;59656185260
q4712;m4712;59656185261
q4713;m4713;59656185262
q4714;m4714;59656185263
q4715;m4715;59656185264
q4716;m4716;59656185265
q4717;m4717;59656185266
q4718;m4718;59656185267
q4719;m4719;59656185268
q4720;m4720;59656185269
q4721;m4721;59656185270
q4722;m4722;59656185271
q4723;m4723;59656185272
q4724;m4724;59656185273
q4725;m4725;59656185274
q4726;m4726;59656185275
q4727;m4727;59656185276
q4728;m4728;59656185277
q4729;m4729;59656185278
q4730;m4730;59656185279
q4731;m4731;59656185280
q4732;m4732;59656185281
q4733;m4733;59656185282
q4734;m4734;59656185283
q4735;m4735;59656185284
q4736;m4736;59656185285
q4737;m4737;59656185286
q4738;m4738;59656185287
q4739;m4739;59656185288
q4740;m4740;59656185289
q4741;m4741;59656185290
q4742;m4742;59656185291
q4743;m4743;59656185292
q4744;m4744;59656185293
q4745;m4745;59656185294
q4746;m4746;59656185295
q4747;m4747;59656185296
q4748;m4748;59656185297
q4749;m4749;59656185298
q4750;m4750;59656185299
q4751;m4751;59656185300
q4752;m4752;59656185301
q4753;m4753;59656185302
q4754;m4754;59656185303
q4755;m4755;59656185304
q4756;m4756;59656185305
q4757;m4757;59656185306
q4758;m4758;59656185307
q4759;m4759;59656185308
q4760;m4760;59656185309
q4761;m4761;59656185310
q4762;m4762;59656185311
q4763;m4763;59656185312
q4764;m4764;59656185313
q4765;m4765;59656185314
q4766;m4766;59656185315
q4767;m4767;59656185316
q4768;m4768;59656185317
q4769;m4769;59656185318
q4770;m4770;59656185319
q4771;m4771;59656185320
q4772;m4772;59656185321
q4773;m4773;59656185322
q4774;m4774;59656185323
q4775;m4775;59656185324
q4776;m4776;59656185325
q4777;m4777;59656185326
q4778;m4778;59656185327
q4779;m4779;59656185328
q4780;m4780;59656185329
q4781;m4781;59656185330
q4782;m4782;59656185331
q4783;m4783;59656185332
q4784;m4784;59656185333
q4785;m4785;59656185334
q4786;m4786;59656185335
q4787;m4787;59656185336
q4788;m4788;59656185337
q4789;m4789;59656185338
q4790;m4790;59656185339
q4791;m4791;59656185340
q4792;m4792;59656185341
q4793;m4793;59656185342
q4794;m4794;59656185343
q4795;m4795;59656185344
q4796;m4796;59656185345
q4797;m4797;59656185346
q4798;m4798;59656185347
q4799;m4799;59656185348
q4800;m4800;59656185349
q4801;m4801;59656185350
q4802;m4802;59656185351
q4803;m4803;59656185352
q4804;m4804;59656185353
q4805;m4805;59656185354
q4806;m4806;59656185355
q4807;m4807;59656185356
q4808;m4808;59656185357
q4809;m4809;59656185358
q4810;m4810;59656185359
q4811;m4811;59656185360
q4812;m4812;59656185361
q4813;m4813;59656185362
q4814;m4814;59656185363
q4815;m4815;59656185364
q4816;m4816;59656185365
q4817;m4817;59656185366
q4818;m4818;59656185367
q4819;m4819;59656185368
q4820;m4820;59656185369
q4821;m4821;59656185370
q4822;m4822;59656185371
q4823;m4823;59656185372
q4824;m4824;59656185373
q4825;m4825;59656185374
q4826;m4826;59656185375
q4827;m4827;59656185376
q4828;m4828;59656185377
q4829;m4829;59656185378
q4830;m4830;59656185379
q4831;m4831;59656185380
q4832;m4832;59656185381
q4833;m4833;59656185382
q4834;m4834;59656185383
q4835;m4835;59656185384
q4836;m4836;59656185385
q4837;m4837;59656185386
q4838;m4838;59656185387
q4839;m4839;59656185388
q4840;m4840;59656185389
q4841;m4841;59656185390
q4842;m4842;59656185391
q4843;m4843;59656185392
q4844;m4844;59656185393
q4845;m4845;59656185394
q4846;m4846;59656185395
q4847;m4847;59656185396
q4848;m4848;59656185397
q4849;m4849;59656185398
q4850;m4850;59656185399
q4851;m4851;59656185400
q4852;m4852;59656185401
q4853;m4853;59656185402
q4854;m4854;59656185403
q4855;m4855;59656185404
q4856;m4856;59656185405
q4857;m4857;59656185406
q4858;m4858;59656185407
q4859;m4859;59656185408
q4860;m4860;59656185409
q4861;m4861;59656185410
q4862;m4862;59656185411
q4863;m4863;59656185412
q4864;m4864;59656185413
q4865;m4865;59656185414
q4866;m4866;59656185415
q4867;m4867;59656185416
q4868;m4868;59656185417
q4869;m4869;59656185418
q4870;m4870;59656185419
q4871;m4871;59656185420
q4872;m4872;59656185421
q4873;m4873;59656185422
q4874;m4874;59656185423
q4875;m4875;59656185424
q4876;m4876;59656185425
q4877;m4877;59656185426
q4878;m4878;59656185427
q4879;m4879;59656185428
q4880;m4880;59656185429
q4881;m4881;59656185430
q4882;m4882;59656185431
q4883;m4883;59656185432
q4884;m4884;59656185433
q4885;m4885;59656185434
q4886;m4886;59656185435
q4887;m4887;59656185436
q4888;m4888;59656185437
q4889;m4889;59656185438
q4890;m4890;59656185439
q4891;m4891;59656185440
q4892;m4892;59656185441
q4893;m4893;59656185442
q4894;m4894;59656185443
q4895;m4895;59656185444
q4896;m4896;59656185445
q4897;m4897;59656185446
q4898;m4898;59656185447
q4899;m4899;59656185448
q4900;m4900;59656185449
q4901;m4901;59656185450
q4902;m4902;59656185451
q4903;m4903;59656185452
q4904;m4904;59656185453
q4905;m4905;59656185454
q4906;m4906;59656185455
q4907;m4907;59656185456
q4908;m4908;59656185457
q4909;m4909;59656185458
q4910;m4910;59656185459
q4911;m4911;59656185460
q4912;m4912;59656185461
q4913;m4913;59656185462
q4914;m4914;59656185463
q4915;m4915;59656185464
q4916;m4916;59656185465
q4917;m4917;59656185466
q4918;m4918;59656185467
q4919;m4919;59656185468
q4920;m4920;59656185469
q4921;m4921;59656185470
q4922;m4922;59656185471
q4923;m4923;59656185472
q4924;m4924;59656185473
q4925;m4925;59656185474
q4926;m4926;59656185475
q4927;m4927;59656185476
q4928;m4928;59656185477
q4929;m4929;59656185478
q4930;m4930;59656185479
q4931;m4931;59656185480
q4932;m4932;59656185481
q4933;m4933;59656185482
q4934;m4934;59656185483
q4935;m4935;59656185484
q4936;m4936;59656185485
q4937;m4937;59656185486
q4938;m4938;59656185487
q4939;m4939;59656185488
q4940;m4940;59656185489
q4941;m4941;59656185490
q4942;m4942;59656185491
q4943;m4943;59656185492
q4944;m4944;59656185493
q4945;m4945;59656185494
q4946;m4946;59656185495
q4947;m4947;59656185496
q4948;m4948;59656185497
q4949;m4949;59656185498
q4950;m4950;59656185499
q4951;m4951;59656185500
q4952;m4952;59656185501
q4953;m4953;59656185502
q4954;m4954;59656185503
q4955;m4955;59656185504
q4956;m4956;59656185505
q4957;m4957;59656185506
q4958;m4958;59656185507
q4959;m4959;59656185508
q4960;m4960;59656185509
q4961;m4961;59656185510
q4962;m4962;59656185511
q4963;m4963;59656185512
q4964;m4964;59656185513
q4965;m4965;59656185514
q4966;m4966;59656185515
q4967;m4967;59656185516
q4968;m4968;59656185517
q4969;m4969;59656185518
q4970;m4970;59656185519
q4971;m4971;59656185520
q4972;m4972;59656185521
q4973;m4973;59656185522
q4974;m4974;59656185523
q4975;m4975;59656185524
q4976;m4976;59656185525
q4977;m4977;59656185526
q4978;m4978;59656185527
q4979;m4979;59656185528
q4980;m4980;59656185529
q4981;m4981;59656185530
q4982;m4982;59656185531
q4983;m4983;59656185532
q4984;m4984;59656185533
q4985;m4985;59656185534
q4986;m4986;59656185535
q4987;m4987;59656185536
q4988;m4988;59656185537
q4989;m4989;59656185538
q4990;m4990;59656185539
q4991;m4991;59656185540
q4992;m4992;59656185541
q4993;m4993;59656185542
q4994;m4994;59656185543
q4995;m4995;59656185544
q4996;m4996;59656185545
q4997;m4997;59656185546
q4998;m4998;59656185547
q4999;m4999;59656185548
q5000;m5000;59656185549
q5001;m5001;59656185550
q5002;m5002;59656185551
q5003;m5003;59656185552
q5004;m5004;59656185553
q5005;m5005;59656185554
q5006;m5006;59656185555
q5007;m5007;59656185556
q5008;m5008;59656185557
q5009;m5009;59656185558
q5010;m5010;59656185559
q5011;m5011;59656185560
q5012;m5012;59656185561
q5013;m5013;59656185562
q5014;m5014;59656185563
q5015;m5015;59656185564
q5016;m5016;59656185565
q5017;m5017;59656185566
q5018;m5018;59656185567
q5019;m5019;59656185568
q5020;m5020;59656185569
q5021;m5021;59656185570
q5022;m5022;59656185571
q5023;m5023;59656185572
q5024;m5024;59656185573
q5025;m5025;59656185574
q5026;m5026;59656185575
q5027;m5027;59656185576
q5028;m5028;59656185577
q5029;m5029;59656185578
q5030;m5030;59656185579
q5031;m5031;59656185580
q5032;m5032;59656185581
q5033;m5033;59656185582
q5034;m5034;59656185583
q5035;m5035;59656185584
q5036;m5036;59656185585
q5037;m5037;59656185586
q5038;m5038;59656185587
q5039;m5039;59656185588
q5040;m5040;59656185589
q5041;m5041;59656185590
q5042;m5042;59656185591
q5043;m5043;59656185592
q5044;m5044;59656185593
q5045;m5045;59656185594
q5046;m5046;59656185595
q5047;m5047;59656185596
q5048;m5048;59656185597
q5049;m5049;59656185598
q5050;m5050;59656185599
q5051;m5051;59656185600
q5052;m5052;59656185601
q5053;m5053;59656185602
q5054;m5054;59656185603
q5055;m5055;59656185604
q5056;m5056;59656185605
q5057;m5057;59656185606
q5058;m5058;59656185607
q5059;m5059;59656185608
q5060;m5060;59656185609
q5061;m5061;59656185610
q5062;m5062;59656185611
q5063;m5063;59656185612
q5064;m5064;59656185613
q5065;m5065;59656185614
q5066;m5066;59656185615
q5067;m5067;59656185616
q5068;m5068;59656185617
q5069;m5069;59656185618
q5070;m5070;59656185619
q5071;m5071;59656185620
q5072;m5072;59656185621
q5073;m5073;59656185622
q5074;m5074;59656185623
q5075;m5075;59656185624
q5076;m5076;59656185625
q5077;m5077;59656185626
q5078;m5078;59656185627
q5079;m5079;59656185628
q5080;m5080;59656185629
q5081;m5081;59656185630
q5082;m5082;59656185631
q5083;m5083;59656185632
q5084;m5084;59656185633
q5085;m5085;59656185634
q5086;m5086;59656185635
q5087;m5087;59656185636
q5088;m5088;59656185637
q5089;m5089;59656185638
q5090;m5090;59656185639
q5091;m5091;59656185640
q5092;m5092;59656185641
q5093;m5093;59656185642
q5094;m5094;59656185643
q5095;m5095;59656185644
q5096;m5096;59656185645
q5097;m5097;59656185646
q5098;m5098;59656185647
q5099;m5099;59656185648
q5100;m5100;59656185649
q5101;m5101;59656185650
q5102;m5102;59656185651
q5103;m5103;59656185652
q5104;m5104;59656185653
q5105;m5105;59656185654
q5106;m5106;59656185655
q5107;m5107;59656185656
q5108;m5108;59656185657
q5109;m5109;59656185658
q5110;m5110;59656185659
q5111;m5111;59656185660
q5112;m5112;59656185661
q5113;m5113;59656185662
q5114;m5114;59656185663
q5115;m5115;59656185664
q5116;m5116;59656185665
q5117;m5117;59656185666
q5118;m5118;59656185667
q5119;m5119;59656185668
q5120;m5120;59656185669
q5121;m5121;59656185670
q5122;m5122;59656185671
q5123;m5123;59656185672
q5124;m5124;59656185673
q5125;m5125;59656185674
q5126;m5126;59656185675
q5127;m5127;59656185676
q5128;m5128;59656185677
q5129;m5129;59656185678
q5130;m5130;59656185679
q5131;m5131;59656185680
q5132;m5132;59656185681
q5133;m5133;59656185682
q5134;m5134;59656185683
q5135;m5135;59656185684
q5136;m5136;59656185685
q5137;m5137;59656185686
q5138;m5138;59656185687
q5139;m5139;59656185688
q5140;m5140;59656185689
q5141;m5141;59656185690
q5142;m5142;59656185691
q5143;m5143;59656185692
q5144;m5144;59656185693
q5145;m5145;59656185694
q5146;m5146;59656185695
q5147;m5147;59656185696
q5148;m5148;59656185697
q5149;m5149;59656185698
q5150;m5150;59656185699
q5151;m5151;59656185700
q5152;m5152;59656185701
q5153;m5153;59656185702
q5154;m5154;59656185703
q5155;m5155;59656185704
q5156;m5156;59656185705
q5157;m5157;59656185706
q5158;m5158;59656185707
q5159;m5159;59656185708
q5160;m5160;59656185709
q5161;m5161;59656185710
q5162;m5162;59656185711
q5163;m5163;59656185712
q5164;m5164;59656185713
q5165;m5165;59656185714
q5166;m5166;59656185715
q5167;m5167;59656185716
q5168;m5168;59656185717
q5169;m5169;59656185718
q5170;m5170;59656185719
q5171;m5171;59656185720
q5172;m5172;59656185721
q5173;m5173;59656185722
q5174;m5174;59656185723
q5175;m5175;59656185724
q5176;m5176;59656185725
q5177;m5177;59656185726
q5178;m5178;59656185727
q5179;m5179;59656185728
q5180;m5180;59656185729
q5181;m5181;59656185730
q5182;m5182;59656185731
q5183;m5183;59656185732
q5184;m5184;59656185733
q5185;m5185;59656185734
q5186;m5186;59656185735
q5187;m5187;59656185736
q5188;m5188;59656185737
q5189;m5189;59656185738
q5190;m5190;59656185739
q5191;m5191;59656185740
q5192;m5192;59656185741
q5193;m5193;59656185742
q5194;m5194;59656185743
q5195;m5195;59656185744
q5196;m5196;59656185745
q5197;m5197;59656185746
q5198;m5198;59656185747
q5199;m5199;59656185748
q5200;m5200;59656185749
q5201;m5201;59656185750
q5202;m5202;59656185751
q5203;m5203;59656185752
q5204;m5204;59656185753
q5205;m5205;59656185754
q5206;m5206;59656185755
q5207;m5207;59656185756
q5208;m5208;59656185757
q5209;m5209;59656185758
q5210;m5210;59656185759
q5211;m5211;59656185760
q5212;m5212;59656185761
q5213;m5213;59656185762
q5214;m5214;59656185763
q5215;m5215;59656185764
q5216;m5216;59656185765
q5217;m5217;59656185766
q5218;m5218;59656185767
q5219;m5219;59656185768
q5220;m5220;59656185769
q5221;m5221;59656185770
q5222;m5222;59656185771
q5223;m5223;59656185772
q5224;m5224;59656185773
q5225;m5225;59656185774
q5226;m5226;59656185775
q5227;m5227;59656185776
q5228;m5228;59656185777
q5229;m5229;59656185778
q5230;m5230;59656185779
q5231;m5231;59656185780
q5232;m5232;59656185781
q5233;m5233;59656185782
q5234;m5234;59656185783
q5235;m5235;59656185784
q5236;m5236;59656185785
q5237;m5237;59656185786
q5238;m5238;59656185787
q5239;m5239;59656185788
q5240;m5240;59656185789
q5241;m5241;59656185790
q5242;m5242;59656185791
q5243;m5243;59656185792
q5244;m5244;59656185793
q5245;m5245;59656185794
q5246;m5246;59656185795
q5247;m5247;59656185796
q5248;m5248;59656185797
q5249;m5249;59656185798
q5250;m5250;59656185799
q5251;m5251;59656185800
q5252;m5252;59656185801
q5253;m5253;59656185802
q5254;m5254;59656185803
q5255;m5255;59656185804
q5256;m5256;59656185805
q5257;m5257;59656185806
q5258;m5258;59656185807
q5259;m5259;59656185808
q5260;m5260;59656185809
q5261;m5261;59656185810
q5262;m5262;59656185811
q5263;m5263;59656185812
q5264;m5264;59656185813
q5265;m5265;59656185814
q5266;m5266;59656185815
q5267;m5267;59656185816
q5268;m5268;59656185817
q5269;m5269;59656185818
q5270;m5270;59656185819
q5271;m5271;59656185820
q5272;m5272;59656185821
q5273;m5273;59656185822
q5274;m5274;59656185823
q5275;m5275;59656185824
q5276;m5276;59656185825
q5277;m5277;59656185826
q5278;m5278;59656185827
q5279;m5279;59656185828
q5280;m5280;59656185829
q5281;m5281;59656185830
q5282;m5282;59656185831
q5283;m5283;59656185832
q5284;m5284;59656185833
q5285;m5285;59656185834
q5286;m5286;59656185835
q5287;m5287;59656185836
q5288;m5288;59656185837
q5289;m5289;59656185838
q5290;m5290;59656185839
q5291;m5291;59656185840
q5292;m5292;59656185841
q5293;m5293;59656185842
q5294;m5294;59656185843
q5295;m5295;59656185844
q5296;m5296;59656185845
q5297;m5297;59656185846
q5298;m5298;59656185847
q5299;m5299;59656185848
q5300;m5300;59656185849
q5301;m5301;59656185850
q5302;m5302;59656185851
q5303;m5303;59656185852
q5304;m5304;59656185853
q5305;m5305;59656185854
q5306;m5306;59656185855
q5307;m5307;59656185856
q5308;m5308;59656185857
q5309;m5309;59656185858
q5310;m5310;59656185859
q5311;m5311;59656185860
q5312;m5312;59656185861
q5313;m5313;59656185862
q5314;m5314;59656185863
q5315;m5315;59656185864
q5316;m5316;59656185865
q5317;m5317;59656185866
q5318;m5318;59656185867
q5319;m5319;59656185868
q5320;m5320;59656185869
q5321;m5321;59656185870
q5322;m5322;59656185871
q5323;m5323;59656185872
q5324;m5324;59656185873
q5325;m5325;59656185874
q5326;m5326;59656185875
q5327;m5327;59656185876
q5328;m5328;59656185877
q5329;m5329;59656185878
q5330;m5330;59656185879
q5331;m5331;59656185880
q5332;m5332;59656185881
q5333;m5333;59656185882
q5334;m5334;59656185883
q5335;m5335;59656185884
q5336;m5336;59656185885
q5337;m5337;59656185886
q5338;m5338;59656185887
q5339;m5339;59656185888
q5340;m5340;59656185889
q5341;m5341;59656185890
q5342;m5342;59656185891
q5343;m5343;59656185892
q5344;m5344;59656185893
q5345;m5345;59656185894
q5346;m5346;59656185895
q5347;m5347;59656185896
q5348;m5348;59656185897
q5349;m5349;59656185898
q5350;m5350;59656185899
q5351;m5351;59656185900
q5352;m5352;59656185901
q5353;m5353;59656185902
q5354;m5354;59656185903
q5355;m5355;59656185904
q5356;m5356;59656185905
q5357;m5357;59656185906
q5358;m5358;59656185907
q5359;m5359;59656185908
q5360;m5360;59656185909
q5361;m5361;59656185910
q5362;m5362;59656185911
q5363;m5363;59656185912
q5364;m5364;59656185913
q5365;m5365;59656185914
q5366;m5366;59656185915
q5367;m5367;59656185916
q5368;m5368;59656185917
q5369;m5369;59656185918
q5370;m5370;59656185919
q5371;m5371;59656185920
q5372;m5372;59656185921
q5373;m5373;59656185922
q5374;m5374;59656185923
q5375;m5375;59656185924
q5376;m5376;59656185925
q5377;m5377;59656185926
q5378;m5378;59656185927
q5379;m5379;59656185928
q5380;m5380;59656185929
q5381;m5381;59656185930
q5382;m5382;59656185931
q5383;m5383;59656185932
q5384;m5384;59656185933
q5385;m5385;59656185934
q5386;m5386;59656185935
q5387;m5387;59656185936
q5388;m5388;59656185937
q5389;m5389;59656185938
q5390;m5390;59656185939
q5391;m5391;59656185940
q5392;m5392;59656185941
q5393;m5393;59656185942
q5394;m5394;59656185943
q5395;m5395;59656185944
q5396;m5396;59656185945
q5397;m5397;59656185946
q5398;m5398;59656185947
q5399;m5399;59656185948
q5400;m5400;59656185949
q5401;m5401;59656185950
q5402;m5402;59656185951
q5403;m5403;59656185952
q5404;m5404;59656185953
q5405;m5405;59656185954
q5406;m5406;59656185955
q5407;m5407;59656185956
q5408;m5408;59656185957
q5409;m5409;59656185958
q5410;m5410;59656185959
q5411;m5411;59656185960
q5412;m5412;59656185961
q5413;m5413;59656185962
q5414;m5414;59656185963
q5415;m5415;59656185964
q5416;m5416;59656185965
q5417;m5417;59656185966
q5418;m5418;59656185967
q5419;m5419;59656185968
q5420;m5420;59656185969
q5421;m5421;59656185970
q5422;m5422;59656185971
q5423;m5423;59656185972
q5424;m5424;59656185973
q5425;m5425;59656185974
q5426;m5426;59656185975
q5427;m5427;59656185976
q5428;m5428;59656185977
q5429;m5429;59656185978
q5430;m5430;59656185979
q5431;m5431;59656185980
q5432;m5432;59656185981
q5433;m5433;59656185982
q5434;m5434;59656185983
q5435;m5435;59656185984
q5436;m5436;59656185985
q5437;m5437;59656185986
q5438;m5438;59656185987
q5439;m5439;59656185988
q5440;m5440;59656185989
q5441;m5441;59656185990
q5442;m5442;59656185991
q5443;m5443;59656185992
q5444;m5444;59656185993
q5445;m5445;59656185994
q5446;m5446;59656185995
q5447;m5447;59656185996
q5448;m5448;59656185997
q5449;m5449;59656185998
q5450;m5450;59656185999
q5451;m5451;59656186000
q5452;m5452;59656186001
q5453;m5453;59656186002
q5454;m5454;59656186003
q5455;m5455;59656186004
q5456;m5456;59656186005
q5457;m5457;59656186006
q5458;m5458;59656186007
q5459;m5459;59656186008
q5460;m5460;59656186009
q5461;m5461;59656186010
q5462;m5462;59656186011
q5463;m5463;59656186012
q5464;m5464;59656186013
q5465;m5465;59656186014
q5466;m5466;59656186015
q5467;m5467;59656186016
q5468;m5468;59656186017
q5469;m5469;59656186018
q5470;m5470;59656186019
q5471;m5471;59656186020
q5472;m5472;59656186021
q5473;m5473;59656186022
q5474;m5474;59656186023
q5475;m5475;59656186024
q5476;m5476;59656186025
q5477;m5477;59656186026
q5478;m5478;59656186027
q5479;m5479;59656186028
q5480;m5480;59656186029
q5481;m5481;59656186030
q5482;m5482;59656186031
q5483;m5483;59656186032
q5484;m5484;59656186033
q5485;m5485;59656186034
q5486;m5486;59656186035
q5487;m5487;59656186036
q5488;m5488;59656186037
q5489;m5489;59656186038
q5490;m5490;59656186039
q5491;m5491;59656186040
q5492;m5492;59656186041
q5493;m5493;59656186042
q5494;m5494;59656186043
q5495;m5495;59656186044
q5496;m5496;59656186045
q5497;m5497;59656186046
q5498;m5498;59656186047
q5499;m5499;59656186048
q5500;m5500;59656186049
q5501;m5501;59656186050
q5502;m5502;59656186051
q5503;m5503;59656186052
q5504;m5504;59656186053
q5505;m5505;59656186054
q5506;m5506;59656186055
q5507;m5507;59656186056
q5508;m5508;59656186057
q5509;m5509;59656186058
q5510;m5510;59656186059
q5511;m5511;59656186060
q5512;m5512;59656186061
q5513;m5513;59656186062
q5514;m5514;59656186063
q5515;m5515;59656186064
q5516;m5516;59656186065
q5517;m5517;59656186066
q5518;m5518;59656186067
q5519;m5519;59656186068
q5520;m5520;59656186069
q5521;m5521;59656186070
q5522;m5522;59656186071
q5523;m5523;59656186072
q5524;m5524;59656186073
q5525;m5525;59656186074
q5526;m5526;59656186075
q5527;m5527;59656186076
q5528;m5528;59656186077
q5529;m5529;59656186078
q5530;m5530;59656186079
q5531;m5531;59656186080
q5532;m5532;59656186081
q5533;m5533;59656186082
q5534;m5534;59656186083
q5535;m5535;59656186084
q5536;m5536;59656186085
q5537;m5537;59656186086
q5538;m5538;59656186087
q5539;m5539;59656186088
q5540;m5540;59656186089
q5541;m5541;59656186090
q5542;m5542;59656186091
q5543;m5543;59656186092
q5544;m5544;59656186093
q5545;m5545;59656186094
q5546;m5546;59656186095
q5547;m5547;59656186096
q5548;m5548;59656186097
q5549;m5549;59656186098
q5550;m5550;59656186099
q5551;m5551;59656186100
q5552;m5552;59656186101
q5553;m5553;59656186102
q5554;m5554;59656186103
q5555;m5555;59656186104
q5556;m5556;59656186105
q5557;m5557;59656186106
q5558;m5558;59656186107
q5559;m5559;59656186108
q5560;m5560;59656186109
q5561;m5561;59656186110
q5562;m5562;59656186111
q5563;m5563;59656186112
q5564;m5564;59656186113
q5565;m5565;59656186114
q5566;m5566;59656186115
q5567;m5567;59656186116
q5568;m5568;59656186117
q5569;m5569;59656186118
q5570;m5570;59656186119
q5571;m5571;59656186120
q5572;m5572;59656186121
q5573;m5573;59656186122
q5574;m5574;59656186123
q5575;m5575;59656186124
q5576;m5576;59656186125
q5577;m5577;59656186126
q5578;m5578;59656186127
q5579;m5579;59656186128
q5580;m5580;59656186129
q5581;m5581;59656186130
q5582;m5582;59656186131
q5583;m5583;59656186132
q5584;m5584;59656186133
q5585;m5585;59656186134
q5586;m5586;59656186135
q5587;m5587;59656186136
q5588;m5588;59656186137
q5589;m5589;59656186138
q5590;m5590;59656186139
q5591;m5591;59656186140
q5592;m5592;59656186141
q5593;m5593;59656186142
q5594;m5594;59656186143
q5595;m5595;59656186144
q5596;m5596;59656186145
q5597;m5597;59656186146
q5598;m5598;59656186147
q5599;m5599;59656186148
q5600;m5600;59656186149
q5601;m5601;59656186150
q5602;m5602;59656186151
q5603;m5603;59656186152
q5604;m5604;59656186153
q5605;m5605;59656186154
q5606;m5606;59656186155
q5607;m5607;59656186156
q5608;m5608;59656186157
q5609;m5609;59656186158
q5610;m5610;59656186159
q5611;m5611;59656186160
q5612;m5612;59656186161
q5613;m5613;59656186162
q5614;m5614;59656186163
q5615;m5615;59656186164
q5616;m5616;59656186165
q5617;m5617;59656186166
q5618;m5618;59656186167
q5619;m5619;59656186168
q5620;m5620;59656186169
q5621;m5621;59656186170
q5622;m5622;59656186171
q5623;m5623;59656186172
q5624;m5624;59656186173
q5625;m5625;59656186174
q5626;m5626;59656186175
q5627;m5627;59656186176
q5628;m5628;59656186177
q5629;m5629;59656186178
q5630;m5630;59656186179
q5631;m5631;59656186180
q5632;m5632;59656186181
q5633;m5633;59656186182
q5634;m5634;59656186183
q5635;m5635;59656186184
q5636;m5636;59656186185
q5637;m5637;59656186186
q5638;m5638;59656186187
q5639;m5639;59656186188
q5640;m5640;59656186189
q5641;m5641;59656186190
q5642;m5642;59656186191
q5643;m5643;59656186192
q5644;m5644;59656186193
q5645;m5645;59656186194
q5646;m5646;59656186195
q5647;m5647;59656186196
q5648;m5648;59656186197
q5649;m5649;59656186198
q5650;m5650;59656186199
q5651;m5651;59656186200
q5652;m5652;59656186201
q5653;m5653;59656186202
q5654;m5654;59656186203
q5655;m5655;59656186204
q5656;m5656;59656186205
q5657;m5657;59656186206
q5658;m5658;59656186207
q5659;m5659;59656186208
q5660;m5660;59656186209
q5661;m5661;59656186210
q5662;m5662;59656186211
q5663;m5663;59656186212
q5664;m5664;59656186213
q5665;m5665;59656186214
q5666;m5666;59656186215
q5667;m5667;59656186216
q5668;m5668;59656186217
q5669;m5669;59656186218
q5670;m5670;59656186219
q5671;m5671;59656186220
q5672;m5672;59656186221
q5673;m5673;59656186222
q5674;m5674;59656186223
q5675;m5675;59656186224
q5676;m5676;59656186225
q5677;m5677;59656186226
q5678;m5678;59656186227
q5679;m5679;59656186228
q5680;m5680;59656186229
q5681;m5681;59656186230
q5682;m5682;59656186231
q5683;m5683;59656186232
q5684;m5684;59656186233
q5685;m5685;59656186234
q5686;m5686;59656186235
q5687;m5687;59656186236
q5688;m5688;59656186237
q5689;m5689;59656186238
q5690;m5690;59656186239
q5691;m5691;59656186240
q5692;m5692;59656186241
q5693;m5693;59656186242
q5694;m5694;59656186243
q5695;m5695;59656186244
q5696;m5696;59656186245
q5697;m5697;59656186246
q5698;m5698;59656186247
q5699;m5699;59656186248
q5700;m5700;59656186249
q5701;m5701;59656186250
q5702;m5702;59656186251
q5703;m5703;59656186252
q5704;m5704;59656186253
q5705;m5705;59656186254
q5706;m5706;59656186255
q5707;m5707;59656186256
q5708;m5708;59656186257
q5709;m5709;59656186258
q5710;m5710;59656186259
q5711;m5711;59656186260
q5712;m5712;59656186261
q5713;m5713;59656186262
q5714;m5714;59656186263
q5715;m5715;59656186264
q5716;m5716;59656186265
q5717;m5717;59656186266
q5718;m5718;59656186267
q5719;m5719;59656186268
q5720;m5720;59656186269
q5721;m5721;59656186270
q5722;m5722;59656186271
q5723;m5723;59656186272
q5724;m5724;59656186273
q5725;m5725;59656186274
q5726;m5726;59656186275
q5727;m5727;59656186276
q5728;m5728;59656186277
q5729;m5729;59656186278
q5730;m5730;59656186279
q5731;m5731;59656186280
q5732;m5732;59656186281
q5733;m5733;59656186282
q5734;m5734;59656186283
q5735;m5735;59656186284
q5736;m5736;59656186285
q5737;m5737;59656186286
q5738;m5738;59656186287
q5739;m5739;59656186288
q5740;m5740;59656186289
q5741;m5741;59656186290
q5742;m5742;59656186291
q5743;m5743;59656186292
q5744;m5744;59656186293
q5745;m5745;59656186294
q5746;m5746;59656186295
q5747;m5747;59656186296
q5748;m5748;59656186297
q5749;m5749;59656186298
q5750;m5750;59656186299
q5751;m5751;59656186300
q5752;m5752;59656186301
q5753;m5753;59656186302
q5754;m5754;59656186303
q5755;m5755;59656186304
q5756;m5756;59656186305
q5757;m5757;59656186306
q5758;m5758;59656186307
q5759;m5759;59656186308
q5760;m5760;59656186309
q5761;m5761;59656186310
q5762;m5762;59656186311
q5763;m5763;59656186312
q5764;m5764;59656186313
q5765;m5765;59656186314
q5766;m5766;59656186315
q5767;m5767;59656186316
q5768;m5768;59656186317
q5769;m5769;59656186318
q5770;m5770;59656186319
q5771;m5771;59656186320
q5772;m5772;59656186321
q5773;m5773;59656186322
q5774;m5774;59656186323
q5775;m5775;59656186324
q5776;m5776;59656186325
q5777;m5777;59656186326
q5778;m5778;59656186327
q5779;m5779;59656186328
q5780;m5780;59656186329
q5781;m5781;59656186330
q5782;m5782;59656186331
q5783;m5783;59656186332
q5784;m5784;59656186333
q5785;m5785;59656186334
q5786;m5786;59656186335
q5787;m5787;59656186336
q5788;m5788;59656186337
q5789;m5789;59656186338
q5790;m5790;59656186339
q5791;m5791;59656186340
q5792;m5792;59656186341
q5793;m5793;59656186342
q5794;m5794;59656186343
q5795;m5795;59656186344
q5796;m5796;59656186345
q5797;m5797;59656186346
q5798;m5798;59656186347
q5799;m5799;59656186348
q5800;m5800;59656186349
q5801;m5801;59656186350
q5802;m5802;59656186351
q5803;m5803;59656186352
q5804;m5804;59656186353
q5805;m5805;59656186354
q5806;m5806;59656186355
q5807;m5807;59656186356
q5808;m5808;59656186357
q5809;m5809;59656186358
q5810;m5810;59656186359
q5811;m5811;59656186360
q5812;m5812;59656186361
q5813;m5813;59656186362
q5814;m5814;59656186363
q5815;m5815;59656186364
q5816;m5816;59656186365
q5817;m5817;59656186366
q5818;m5818;59656186367
q5819;m5819;59656186368
q5820;m5820;59656186369
q5821;m5821;59656186370
q5822;m5822;59656186371
q5823;m5823;59656186372
q5824;m5824;59656186373
q5825;m5825;59656186374
q5826;m5826;59656186375
q5827;m5827;59656186376
q5828;m5828;59656186377
q5829;m5829;59656186378
q5830;m5830;59656186379
q5831;m5831;59656186380
q5832;m5832;59656186381
q5833;m5833;59656186382
q5834;m5834;59656186383
q5835;m5835;59656186384
q5836;m5836;59656186385
q5837;m5837;59656186386
q5838;m5838;59656186387
q5839;m5839;59656186388
q5840;m5840;59656186389
q5841;m5841;59656186390
q5842;m5842;59656186391
q5843;m5843;59656186392
q5844;m5844;59656186393
q5845;m5845;59656186394
q5846;m5846;59656186395
q5847;m5847;59656186396
q5848;m5848;59656186397
q5849;m5849;59656186398
q5850;m5850;59656186399
q5851;m5851;59656186400
q5852;m5852;59656186401
q5853;m5853;59656186402
q5854;m5854;59656186403
q5855;m5855;59656186404
q5856;m5856;59656186405
q5857;m5857;59656186406
q5858;m5858;59656186407
q5859;m5859;59656186408
q5860;m5860;59656186409
q5861;m5861;59656186410
q5862;m5862;59656186411
q5863;m5863;59656186412
q5864;m5864;59656186413
q5865;m5865;59656186414
q5866;m5866;59656186415
q5867;m5867;59656186416
q5868;m5868;59656186417
q5869;m5869;59656186418
q5870;m5870;59656186419
q5871;m5871;59656186420
q5872;m5872;59656186421
q5873;m5873;59656186422
q5874;m5874;59656186423
q5875;m5875;59656186424
q5876;m5876;59656186425
q5877;m5877;59656186426
q5878;m5878;59656186427
q5879;m5879;59656186428
q5880;m5880;59656186429
q5881;m5881;59656186430
q5882;m5882;59656186431
q5883;m5883;59656186432
q5884;m5884;59656186433
q5885;m5885;59656186434
q5886;m5886;59656186435
q5887;m5887;59656186436
q5888;m5888;59656186437
q5889;m5889;59656186438
q5890;m5890;59656186439
q5891;m5891;59656186440
q5892;m5892;59656186441
q5893;m5893;59656186442
q5894;m5894;59656186443
q5895;m5895;59656186444
q5896;m5896;59656186445
q5897;m5897;59656186446
q5898;m5898;59656186447
q5899;m5899;59656186448
q5900;m5900;59656186449
q5901;m5901;59656186450
q5902;m5902;59656186451
q5903;m5903;59656186452
q5904;m5904;59656186453
q5905;m5905;59656186454
q5906;m5906;59656186455
q5907;m5907;59656186456
q5908;m5908;59656186457
q5909;m5909;59656186458
q5910;m5910;59656186459
q5911;m5911;59656186460
q5912;m5912;59656186461
q5913;m5913;59656186462
q5914;m5914;59656186463
q5915;m5915;59656186464
q5916;m5916;59656186465
q5917;m5917;59656186466
q5918;m5918;59656186467
q5919;m5919;59656186468
q5920;m5920;59656186469
q5921;m5921;59656186470
q5922;m5922;59656186471
q5923;m5923;59656186472
q5924;m5924;59656186473
q5925;m5925;59656186474
q5926;m5926;59656186475
q5927;m5927;59656186476
q5928;m5928;59656186477
q5929;m5929;59656186478
q5930;m5930;59656186479
q5931;m5931;59656186480
q5932;m5932;59656186481
q5933;m5933;59656186482
q5934;m5934;59656186483
q5935;m5935;59656186484
q5936;m5936;59656186485
q5937;m5937;59656186486
q5938;m5938;59656186487
q5939;m5939;59656186488
q5940;m5940;59656186489
q5941;m5941;59656186490
q5942;m5942;59656186491
q5943;m5943;59656186492
q5944;m5944;59656186493
q5945;m5945;59656186494
q5946;m5946;59656186495
q5947;m5947;59656186496
q5948;m5948;59656186497
q5949;m5949;59656186498
q5950;m5950;59656186499
q5951;m5951;59656186500
q5952;m5952;59656186501
q5953;m5953;59656186502
q5954;m5954;59656186503
q5955;m5955;59656186504
q5956;m5956;59656186505
q5957;m5957;59656186506
q5958;m5958;59656186507
q5959;m5959;59656186508
q5960;m5960;59656186509
q5961;m5961;59656186510
q5962;m5962;59656186511
q5963;m5963;59656186512
q5964;m5964;59656186513
q5965;m5965;59656186514
q5966;m5966;59656186515
q5967;m5967;59656186516
q5968;m5968;59656186517
q5969;m5969;59656186518
q5970;m5970;59656186519
q5971;m5971;59656186520
q5972;m5972;59656186521
q5973;m5973;59656186522
q5974;m5974;59656186523
q5975;m5975;59656186524
q5976;m5976;59656186525
q5977;m5977;59656186526
q5978;m5978;59656186527
q5979;m5979;59656186528
q5980;m5980;59656186529
q5981;m5981;59656186530
q5982;m5982;59656186531
q5983;m5983;59656186532
q5984;m5984;59656186533
q5985;m5985;59656186534
q5986;m5986;59656186535
q5987;m5987;59656186536
q5988;m5988;59656186537
q5989;m5989;59656186538
q5990;m5990;59656186539
q5991;m5991;59656186540
q5992;m5992;59656186541
q5993;m5993;59656186542
q5994;m5994;59656186543
q5995;m5995;59656186544
q5996;m5996;59656186545
q5997;m5997;59656186546
q5998;m5998;59656186547
q5999;m5999;59656186548
q6000;m6000;59656186549
q6001;m6001;59656186550
q6002;m6002;59656186551
q6003;m6003;59656186552
q6004;m6004;59656186553
q6005;m6005;59656186554
q6006;m6006;59656186555
q6007;m6007;59656186556
q6008;m6008;59656186557
q6009;m6009;59656186558
q6010;m6010;59656186559
q6011;m6011;59656186560
q6012;m6012;59656186561
q6013;m6013;59656186562
q6014;m6014;59656186563
q6015;m6015;59656186564
q6016;m6016;59656186565
q6017;m6017;59656186566
q6018;m6018;59656186567
q6019;m6019;59656186568
q6020;m6020;59656186569
q6021;m6021;59656186570
q6022;m6022;59656186571
q6023;m6023;59656186572
q6024;m6024;59656186573
q6025;m6025;59656186574
q6026;m6026;59656186575
q6027;m6027;59656186576
q6028;m6028;59656186577
q6029;m6029;59656186578
q6030;m6030;59656186579
q6031;m6031;59656186580
q6032;m6032;59656186581
q6033;m6033;59656186582
q6034;m6034;59656186583
q6035;m6035;59656186584
q6036;m6036;59656186585
q6037;m6037;59656186586
q6038;m6038;59656186587
q6039;m6039;59656186588
q6040;m6040;59656186589
q6041;m6041;59656186590
q6042;m6042;59656186591
q6043;m6043;59656186592
q6044;m6044;59656186593
q6045;m6045;59656186594
q6046;m6046;59656186595
q6047;m6047;59656186596
q6048;m6048;59656186597
q6049;m6049;59656186598
q6050;m6050;59656186599
q6051;m6051;59656186600
q6052;m6052;59656186601
q6053;m6053;59656186602
q6054;m6054;59656186603
q6055;m6055;59656186604
q6056;m6056;59656186605
q6057;m6057;59656186606
q6058;m6058;59656186607
q6059;m6059;59656186608
q6060;m6060;59656186609
q6061;m6061;59656186610
q6062;m6062;59656186611
q6063;m6063;59656186612
q6064;m6064;59656186613
q6065;m6065;59656186614
q6066;m6066;59656186615
q6067;m6067;59656186616
q6068;m6068;59656186617
q6069;m6069;59656186618
q6070;m6070;59656186619
q6071;m6071;59656186620
q6072;m6072;59656186621
q6073;m6073;59656186622
q6074;m6074;59656186623
q6075;m6075;59656186624
q6076;m6076;59656186625
q6077;m6077;59656186626
q6078;m6078;59656186627
q6079;m6079;59656186628
q6080;m6080;59656186629
q6081;m6081;59656186630
q6082;m6082;59656186631
q6083;m6083;59656186632
q6084;m6084;59656186633
q6085;m6085;59656186634
q6086;m6086;59656186635
q6087;m6087;59656186636
q6088;m6088;59656186637
q6089;m6089;59656186638
q6090;m6090;59656186639
q6091;m6091;59656186640
q6092;m6092;59656186641
q6093;m6093;59656186642
q6094;m6094;59656186643
q6095;m6095;59656186644
q6096;m6096;59656186645
q6097;m6097;59656186646
q6098;m6098;59656186647
q6099;m6099;59656186648
q6100;m6100;59656186649
q6101;m6101;59656186650
q6102;m6102;59656186651
q6103;m6103;59656186652
q6104;m6104;59656186653
q6105;m6105;59656186654
q6106;m6106;59656186655
q6107;m6107;59656186656
q6108;m6108;59656186657
q6109;m6109;59656186658
q6110;m6110;59656186659
q6111;m6111;59656186660
q6112;m6112;59656186661
q6113;m6113;59656186662
q6114;m6114;59656186663
q6115;m6115;59656186664
q6116;m6116;59656186665
q6117;m6117;59656186666
q6118;m6118;59656186667
q6119;m6119;59656186668
q6120;m6120;59656186669
q6121;m6121;59656186670
q6122;m6122;59656186671
q6123;m6123;59656186672
q6124;m6124;59656186673
q6125;m6125;59656186674
q6126;m6126;59656186675
q6127;m6127;59656186676
q6128;m6128;59656186677
q6129;m6129;59656186678
q6130;m6130;59656186679
q6131;m6131;59656186680
q6132;m6132;59656186681
q6133;m6133;59656186682
q6134;m6134;59656186683
q6135;m6135;59656186684
q6136;m6136;59656186685
q6137;m6137;59656186686
q6138;m6138;59656186687
q6139;m6139;59656186688
q6140;m6140;59656186689
q6141;m6141;59656186690
q6142;m6142;59656186691
q6143;m6143;59656186692
q6144;m6144;59656186693
q6145;m6145;59656186694
q6146;m6146;59656186695
q6147;m6147;59656186696
q6148;m6148;59656186697
q6149;m6149;59656186698
q6150;m6150;59656186699
q6151;m6151;59656186700
q6152;m6152;59656186701
q6153;m6153;59656186702
q6154;m6154;59656186703
q6155;m6155;59656186704
q6156;m6156;59656186705
q6157;m6157;59656186706
q6158;m6158;59656186707
q6159;m6159;59656186708
q6160;m6160;59656186709
q6161;m6161;59656186710
q6162;m6162;59656186711
q6163;m6163;59656186712
q6164;m6164;59656186713
q6165;m6165;59656186714
q6166;m6166;59656186715
q6167;m6167;59656186716
q6168;m6168;59656186717
q6169;m6169;59656186718
q6170;m6170;59656186719
q6171;m6171;59656186720
q6172;m6172;59656186721
q6173;m6173;59656186722
q6174;m6174;59656186723
q6175;m6175;59656186724
q6176;m6176;59656186725
q6177;m6177;59656186726
q6178;m6178;59656186727
q6179;m6179;59656186728
q6180;m6180;59656186729
q6181;m6181;59656186730
q6182;m6182;59656186731
q6183;m6183;59656186732
q6184;m6184;59656186733
q6185;m6185;59656186734
q6186;m6186;59656186735
q6187;m6187;59656186736
q6188;m6188;59656186737
q6189;m6189;59656186738
q6190;m6190;59656186739
q6191;m6191;59656186740
q6192;m6192;59656186741
q6193;m6193;59656186742
q6194;m6194;59656186743
q6195;m6195;59656186744
q6196;m6196;59656186745
q6197;m6197;59656186746
q6198;m6198;59656186747
q6199;m6199;59656186748
q6200;m6200;59656186749
q6201;m6201;59656186750
q6202;m6202;59656186751
q6203;m6203;59656186752
q6204;m6204;59656186753
q6205;m6205;59656186754
q6206;m6206;59656186755
q6207;m6207;59656186756
q6208;m6208;59656186757
q6209;m6209;59656186758
q6210;m6210;59656186759
q6211;m6211;59656186760
q6212;m6212;59656186761
q6213;m6213;59656186762
q6214;m6214;59656186763
q6215;m6215;59656186764
q6216;m6216;59656186765
q6217;m6217;59656186766
q6218;m6218;59656186767
q6219;m6219;59656186768
q6220;m6220;59656186769
q6221;m6221;59656186770
q6222;m6222;59656186771
q6223;m6223;59656186772
q6224;m6224;59656186773
q6225;m6225;59656186774
q6226;m6226;59656186775
q6227;m6227;59656186776
q6228;m6228;59656186777
q6229;m6229;59656186778
q6230;m6230;59656186779
q6231;m6231;59656186780
q6232;m6232;59656186781
q6233;m6233;59656186782
q6234;m6234;59656186783
q6235;m6235;59656186784
q6236;m6236;59656186785
q6237;m6237;59656186786
q6238;m6238;59656186787
q6239;m6239;59656186788
q6240;m6240;59656186789
q6241;m6241;59656186790
q6242;m6242;59656186791
q6243;m6243;59656186792
q6244;m6244;59656186793
q6245;m6245;59656186794
q6246;m6246;59656186795
q6247;m6247;59656186796
q6248;m6248;59656186797
q6249;m6249;59656186798
q6250;m6250;59656186799
q6251;m6251;59656186800
q6252;m6252;59656186801
q6253;m6253;59656186802
q6254;m6254;59656186803
q6255;m6255;59656186804
q6256;m6256;59656186805
q6257;m6257;59656186806
q6258;m6258;59656186807
q6259;m6259;59656186808
q6260;m6260;59656186809
q6261;m6261;59656186810
q6262;m6262;59656186811
q6263;m6263;59656186812
q6264;m6264;59656186813
q6265;m6265;59656186814
q6266;m6266;59656186815
q6267;m6267;59656186816
q6268;m6268;59656186817
q6269;m6269;59656186818
q6270;m6270;59656186819
q6271;m6271;59656186820
q6272;m6272;59656186821
q6273;m6273;59656186822
q6274;m6274;59656186823
q6275;m6275;59656186824
q6276;m6276;59656186825
q6277;m6277;59656186826
q6278;m6278;59656186827
q6279;m6279;59656186828
q6280;m6280;59656186829
q6281;m6281;59656186830
q6282;m6282;59656186831
q6283;m6283;59656186832
q6284;m6284;59656186833
q6285;m6285;59656186834
q6286;m6286;59656186835
q6287;m6287;59656186836
q6288;m6288;59656186837
q6289;m6289;59656186838
q6290;m6290;59656186839
q6291;m6291;59656186840
q6292;m6292;59656186841
q6293;m6293;59656186842
q6294;m6294;59656186843
q6295;m6295;59656186844
q6296;m6296;59656186845
q6297;m6297;59656186846
q6298;m6298;59656186847
q6299;m6299;59656186848
q6300;m6300;59656186849
q6301;m6301;59656186850
q6302;m6302;59656186851
q6303;m6303;59656186852
q6304;m6304;59656186853
q6305;m6305;59656186854
q6306;m6306;59656186855
q6307;m6307;59656186856
q6308;m6308;59656186857
q6309;m6309;59656186858
q6310;m6310;59656186859
q6311;m6311;59656186860
q6312;m6312;59656186861
q6313;m6313;59656186862
q6314;m6314;59656186863
q6315;m6315;59656186864
q6316;m6316;59656186865
q6317;m6317;59656186866
q6318;m6318;59656186867
q6319;m6319;59656186868
q6320;m6320;59656186869
q6321;m6321;59656186870
q6322;m6322;59656186871
q6323;m6323;59656186872
q6324;m6324;59656186873
q6325;m6325;59656186874
q6326;m6326;59656186875
q6327;m6327;59656186876
q6328;m6328;59656186877
q6329;m6329;59656186878
q6330;m6330;59656186879
q6331;m6331;59656186880
q6332;m6332;59656186881
q6333;m6333;59656186882
q6334;m6334;59656186883
q6335;m6335;59656186884
q6336;m6336;59656186885
q6337;m6337;59656186886
q6338;m6338;59656186887
q6339;m6339;59656186888
q6340;m6340;59656186889
q6341;m6341;59656186890
q6342;m6342;59656186891
q6343;m6343;59656186892
q6344;m6344;59656186893
q6345;m6345;59656186894
q6346;m6346;59656186895
q6347;m6347;59656186896
q6348;m6348;59656186897
q6349;m6349;59656186898
q6350;m6350;59656186899
q6351;m6351;59656186900
q6352;m6352;59656186901
q6353;m6353;59656186902
q6354;m6354;59656186903
q6355;m6355;59656186904
q6356;m6356;59656186905
q6357;m6357;59656186906
q6358;m6358;59656186907
q6359;m6359;59656186908
q6360;m6360;59656186909
q6361;m6361;59656186910
q6362;m6362;59656186911
q6363;m6363;59656186912
q6364;m6364;59656186913
q6365;m6365;59656186914
q6366;m6366;59656186915
q6367;m6367;59656186916
q6368;m6368;59656186917
q6369;m6369;59656186918
q6370;m6370;59656186919
q6371;m6371;59656186920
q6372;m6372;59656186921
q6373;m6373;59656186922
q6374;m6374;59656186923
q6375;m6375;59656186924
q6376;m6376;59656186925
q6377;m6377;59656186926
q6378;m6378;59656186927
q6379;m6379;59656186928
q6380;m6380;59656186929
q6381;m6381;59656186930
q6382;m6382;59656186931
q6383;m6383;59656186932
q6384;m6384;59656186933
q6385;m6385;59656186934
q6386;m6386;59656186935
q6387;m6387;59656186936
q6388;m6388;59656186937
q6389;m6389;59656186938
q6390;m6390;59656186939
q6391;m6391;59656186940
q6392;m6392;59656186941
q6393;m6393;59656186942
q6394;m6394;59656186943
q6395;m6395;59656186944
q6396;m6396;59656186945
q6397;m6397;59656186946
q6398;m6398;59656186947
q6399;m6399;59656186948
q6400;m6400;59656186949
q6401;m6401;59656186950
q6402;m6402;59656186951
q6403;m6403;59656186952
q6404;m6404;59656186953
q6405;m6405;59656186954
q6406;m6406;59656186955
q6407;m6407;59656186956
q6408;m6408;59656186957
q6409;m6409;59656186958
q6410;m6410;59656186959
q6411;m6411;59656186960
q6412;m6412;59656186961
q6413;m6413;59656186962
q6414;m6414;59656186963
q6415;m6415;59656186964
q6416;m6416;59656186965
q6417;m6417;59656186966
q6418;m6418;59656186967
q6419;m6419;59656186968
q6420;m6420;59656186969
q6421;m6421;59656186970
q6422;m6422;59656186971
q6423;m6423;59656186972
q6424;m6424;59656186973
q6425;m6425;59656186974
q6426;m6426;59656186975
q6427;m6427;59656186976
q6428;m6428;59656186977
q6429;m6429;59656186978
q6430;m6430;59656186979
q6431;m6431;59656186980
q6432;m6432;59656186981
q6433;m6433;59656186982
q6434;m6434;59656186983
q6435;m6435;59656186984
q6436;m6436;59656186985
q6437;m6437;59656186986
q6438;m6438;59656186987
q6439;m6439;59656186988
q6440;m6440;59656186989
q6441;m6441;59656186990
q6442;m6442;59656186991
q6443;m6443;59656186992
q6444;m6444;59656186993
q6445;m6445;59656186994
q6446;m6446;59656186995
q6447;m6447;59656186996
q6448;m6448;59656186997
q6449;m6449;59656186998
q6450;m6450;59656186999
q6451;m6451;59656187000
q6452;m6452;59656187001
q6453;m6453;59656187002
q6454;m6454;59656187003
q6455;m6455;59656187004
q6456;m6456;59656187005
q6457;m6457;59656187006
q6458;m6458;59656187007
q6459;m6459;59656187008
q6460;m6460;59656187009
q6461;m6461;59656187010
q6462;m6462;59656187011
q6463;m6463;59656187012
q6464;m6464;59656187013
q6465;m6465;59656187014
q6466;m6466;59656187015
q6467;m6467;59656187016
q6468;m6468;59656187017
q6469;m6469;59656187018
q6470;m6470;59656187019
q6471;m6471;59656187020
q6472;m6472;59656187021
q6473;m6473;59656187022
q6474;m6474;59656187023
q6475;m6475;59656187024
q6476;m6476;59656187025
q6477;m6477;59656187026
q6478;m6478;59656187027
q6479;m6479;59656187028
q6480;m6480;59656187029
q6481;m6481;59656187030
q6482;m6482;59656187031
q6483;m6483;59656187032
q6484;m6484;59656187033
q6485;m6485;59656187034
q6486;m6486;59656187035
q6487;m6487;59656187036
q6488;m6488;59656187037
q6489;m6489;59656187038
q6490;m6490;59656187039
q6491;m6491;59656187040
q6492;m6492;59656187041
q6493;m6493;59656187042
q6494;m6494;59656187043
q6495;m6495;59656187044
q6496;m6496;59656187045
q6497;m6497;59656187046
q6498;m6498;59656187047
q6499;m6499;59656187048
q6500;m6500;59656187049
q6501;m6501;59656187050
q6502;m6502;59656187051
q6503;m6503;59656187052
q6504;m6504;59656187053
q6505;m6505;59656187054
q6506;m6506;59656187055
q6507;m6507;59656187056
q6508;m6508;59656187057
q6509;m6509;59656187058
q6510;m6510;59656187059
q6511;m6511;59656187060
q6512;m6512;59656187061
q6513;m6513;59656187062
q6514;m6514;59656187063
q6515;m6515;59656187064
q6516;m6516;59656187065
q6517;m6517;59656187066
q6518;m6518;59656187067
q6519;m6519;59656187068
q6520;m6520;59656187069
q6521;m6521;59656187070
q6522;m6522;59656187071
q6523;m6523;59656187072
q6524;m6524;59656187073
q6525;m6525;59656187074
q6526;m6526;59656187075
q6527;m6527;59656187076
q6528;m6528;59656187077
q6529;m6529;59656187078
q6530;m6530;59656187079
q6531;m6531;59656187080
q6532;m6532;59656187081
q6533;m6533;59656187082
q6534;m6534;59656187083
q6535;m6535;59656187084
q6536;m6536;59656187085
q6537;m6537;59656187086
q6538;m6538;59656187087
q6539;m6539;59656187088
q6540;m6540;59656187089
q6541;m6541;59656187090
q6542;m6542;59656187091
q6543;m6543;59656187092
q6544;m6544;59656187093
q6545;m6545;59656187094
q6546;m6546;59656187095
q6547;m6547;59656187096
q6548;m6548;59656187097
q6549;m6549;59656187098
q6550;m6550;59656187099
q6551;m6551;59656187100
q6552;m6552;59656187101
q6553;m6553;59656187102
q6554;m6554;59656187103
q6555;m6555;59656187104
q6556;m6556;59656187105
q6557;m6557;59656187106
q6558;m6558;59656187107
q6559;m6559;59656187108
q6560;m6560;59656187109
q6561;m6561;59656187110
q6562;m6562;59656187111
q6563;m6563;59656187112
q6564;m6564;59656187113
q6565;m6565;59656187114
q6566;m6566;59656187115
q6567;m6567;59656187116
q6568;m6568;59656187117
q6569;m6569;59656187118
q6570;m6570;59656187119
q6571;m6571;59656187120
q6572;m6572;59656187121
q6573;m6573;59656187122
q6574;m6574;59656187123
q6575;m6575;59656187124
q6576;m6576;59656187125
q6577;m6577;59656187126
q6578;m6578;59656187127
q6579;m6579;59656187128
q6580;m6580;59656187129
q6581;m6581;59656187130
q6582;m6582;59656187131
q6583;m6583;59656187132
q6584;m6584;59656187133
q6585;m6585;59656187134
q6586;m6586;59656187135
q6587;m6587;59656187136
q6588;m6588;59656187137
q6589;m6589;59656187138
q6590;m6590;59656187139
q6591;m6591;59656187140
q6592;m6592;59656187141
q6593;m6593;59656187142
q6594;m6594;59656187143
q6595;m6595;59656187144
q6596;m6596;59656187145
q6597;m6597;59656187146
q6598;m6598;59656187147
q6599;m6599;59656187148
q6600;m6600;59656187149
q6601;m6601;59656187150
q6602;m6602;59656187151
q6603;m6603;59656187152
q6604;m6604;59656187153
q6605;m6605;59656187154
q6606;m6606;59656187155
q6607;m6607;59656187156
q6608;m6608;59656187157
q6609;m6609;59656187158
q6610;m6610;59656187159
q6611;m6611;59656187160
q6612;m6612;59656187161
q6613;m6613;59656187162
q6614;m6614;59656187163
q6615;m6615;59656187164
q6616;m6616;59656187165
q6617;m6617;59656187166
q6618;m6618;59656187167
q6619;m6619;59656187168
q6620;m6620;59656187169
q6621;m6621;59656187170
q6622;m6622;59656187171
q6623;m6623;59656187172
q6624;m6624;59656187173
q6625;m6625;59656187174
q6626;m6626;59656187175
q6627;m6627;59656187176
q6628;m6628;59656187177
q6629;m6629;59656187178
q6630;m6630;59656187179
q6631;m6631;59656187180
q6632;m6632;59656187181
q6633;m6633;59656187182
q6634;m6634;59656187183
q6635;m6635;59656187184
q6636;m6636;59656187185
q6637;m6637;59656187186
q6638;m6638;59656187187
q6639;m6639;59656187188
q6640;m6640;59656187189
q6641;m6641;59656187190
q6642;m6642;59656187191
q6643;m6643;59656187192
q6644;m6644;59656187193
q6645;m6645;59656187194
q6646;m6646;59656187195
q6647;m6647;59656187196
q6648;m6648;59656187197
q6649;m6649;59656187198
q6650;m6650;59656187199
q6651;m6651;59656187200
q6652;m6652;59656187201
q6653;m6653;59656187202
q6654;m6654;59656187203
q6655;m6655;59656187204
q6656;m6656;59656187205
q6657;m6657;59656187206
q6658;m6658;59656187207
q6659;m6659;59656187208
q6660;m6660;59656187209
q6661;m6661;59656187210
q6662;m6662;59656187211
q6663;m6663;59656187212
q6664;m6664;59656187213
q6665;m6665;59656187214
q6666;m6666;59656187215
q6667;m6667;59656187216
q6668;m6668;59656187217
q6669;m6669;59656187218
q6670;m6670;59656187219
q6671;m6671;59656187220
q6672;m6672;59656187221
q6673;m6673;59656187222
q6674;m6674;59656187223
q6675;m6675;59656187224
q6676;m6676;59656187225
q6677;m6677;59656187226
q6678;m6678;59656187227
q6679;m6679;59656187228
q6680;m6680;59656187229
q6681;m6681;59656187230
q6682;m6682;59656187231
q6683;m6683;59656187232
q6684;m6684;59656187233
q6685;m6685;59656187234
q6686;m6686;59656187235
q6687;m6687;59656187236
q6688;m6688;59656187237
q6689;m6689;59656187238
q6690;m6690;59656187239
q6691;m6691;59656187240
q6692;m6692;59656187241
q6693;m6693;59656187242
q6694;m6694;59656187243
q6695;m6695;59656187244
q6696;m6696;59656187245
q6697;m6697;59656187246
q6698;m6698;59656187247
q6699;m6699;59656187248
q6700;m6700;59656187249
q6701;m6701;59656187250
q6702;m6702;59656187251
q6703;m6703;59656187252
q6704;m6704;59656187253
q6705;m6705;59656187254
q6706;m6706;59656187255
q6707;m6707;59656187256
q6708;m6708;59656187257
q6709;m6709;59656187258
q6710;m6710;59656187259
q6711;m6711;59656187260
q6712;m6712;59656187261
q6713;m6713;59656187262
q6714;m6714;59656187263
q6715;m6715;59656187264
q6716;m6716;59656187265
q6717;m6717;59656187266
q6718;m6718;59656187267
q6719;m6719;59656187268
q6720;m6720;59656187269
q6721;m6721;59656187270
q6722;m6722;59656187271
q6723;m6723;59656187272
q6724;m6724;59656187273
q6725;m6725;59656187274
q6726;m6726;59656187275
q6727;m6727;59656187276
q6728;m6728;59656187277
q6729;m6729;59656187278
q6730;m6730;59656187279
q6731;m6731;59656187280
q6732;m6732;59656187281
q6733;m6733;59656187282
q6734;m6734;59656187283
q6735;m6735;59656187284
q6736;m6736;59656187285
q6737;m6737;59656187286
q6738;m6738;59656187287
q6739;m6739;59656187288
q6740;m6740;59656187289
q6741;m6741;59656187290
q6742;m6742;59656187291
q6743;m6743;59656187292
q6744;m6744;59656187293
q6745;m6745;59656187294
q6746;m6746;59656187295
q6747;m6747;59656187296
q6748;m6748;59656187297
q6749;m6749;59656187298
q6750;m6750;59656187299
q6751;m6751;59656187300
q6752;m6752;59656187301
q6753;m6753;59656187302
q6754;m6754;59656187303
q6755;m6755;59656187304
q6756;m6756;59656187305
q6757;m6757;59656187306
q6758;m6758;59656187307
q6759;m6759;59656187308
q6760;m6760;59656187309
q6761;m6761;59656187310
q6762;m6762;59656187311
q6763;m6763;59656187312
q6764;m6764;59656187313
q6765;m6765;59656187314
q6766;m6766;59656187315
q6767;m6767;59656187316
q6768;m6768;59656187317
q6769;m6769;59656187318
q6770;m6770;59656187319
q6771;m6771;59656187320
q6772;m6772;59656187321
q6773;m6773;59656187322
q6774;m6774;59656187323
q6775;m6775;59656187324
q6776;m6776;59656187325
q6777;m6777;59656187326
q6778;m6778;59656187327
q6779;m6779;59656187328
q6780;m6780;59656187329
q6781;m6781;59656187330
q6782;m6782;59656187331
q6783;m6783;59656187332
q6784;m6784;59656187333
q6785;m6785;59656187334
q6786;m6786;59656187335
q6787;m6787;59656187336
q6788;m6788;59656187337
q6789;m6789;59656187338
q6790;m6790;59656187339
q6791;m6791;59656187340
q6792;m6792;59656187341
q6793;m6793;59656187342
q6794;m6794;59656187343
q6795;m6795;59656187344
q6796;m6796;59656187345
q6797;m6797;59656187346
q6798;m6798;59656187347
q6799;m6799;59656187348
q6800;m6800;59656187349
q6801;m6801;59656187350
q6802;m6802;59656187351
q6803;m6803;59656187352
q6804;m6804;59656187353
q6805;m6805;59656187354
q6806;m6806;59656187355
q6807;m6807;59656187356
q6808;m6808;59656187357
q6809;m6809;59656187358
q6810;m6810;59656187359
q6811;m6811;59656187360
q6812;m6812;59656187361
q6813;m6813;59656187362
q6814;m6814;59656187363
q6815;m6815;59656187364
q6816;m6816;59656187365
q6817;m6817;59656187366
q6818;m6818;59656187367
q6819;m6819;59656187368
q6820;m6820;59656187369
q6821;m6821;59656187370
q6822;m6822;59656187371
q6823;m6823;59656187372
q6824;m6824;59656187373
q6825;m6825;59656187374
q6826;m6826;59656187375
q6827;m6827;59656187376
q6828;m6828;59656187377
q6829;m6829;59656187378
q6830;m6830;59656187379
q6831;m6831;59656187380
q6832;m6832;59656187381
q6833;m6833;59656187382
q6834;m6834;59656187383
q6835;m6835;59656187384
q6836;m6836;59656187385
q6837;m6837;59656187386
q6838;m6838;59656187387
q6839;m6839;59656187388
q6840;m6840;59656187389
q6841;m6841;59656187390
q6842;m6842;59656187391
q6843;m6843;59656187392
q6844;m6844;59656187393
q6845;m6845;59656187394
q6846;m6846;59656187395
q6847;m6847;59656187396
q6848;m6848;59656187397
q6849;m6849;59656187398
q6850;m6850;59656187399
q6851;m6851;59656187400
q6852;m6852;59656187401
q6853;m6853;59656187402
q6854;m6854;59656187403
q6855;m6855;59656187404
q6856;m6856;59656187405
q6857;m6857;59656187406
q6858;m6858;59656187407
q6859;m6859;59656187408
q6860;m6860;59656187409
q6861;m6861;59656187410
q6862;m6862;59656187411
q6863;m6863;59656187412
q6864;m6864;59656187413
q6865;m6865;59656187414
q6866;m6866;59656187415
q6867;m6867;59656187416
q6868;m6868;59656187417
q6869;m6869;59656187418
q6870;m6870;59656187419
q6871;m6871;59656187420
q6872;m6872;59656187421
q6873;m6873;59656187422
q6874;m6874;59656187423
q6875;m6875;59656187424
q6876;m6876;59656187425
q6877;m6877;59656187426
q6878;m6878;59656187427
q6879;m6879;59656187428
q6880;m6880;59656187429
q6881;m6881;59656187430
q6882;m6882;59656187431
q6883;m6883;59656187432
q6884;m6884;59656187433
q6885;m6885;59656187434
q6886;m6886;59656187435
q6887;m6887;59656187436
q6888;m6888;59656187437
q6889;m6889;59656187438
q6890;m6890;59656187439
q6891;m6891;59656187440
q6892;m6892;59656187441
q6893;m6893;59656187442
q6894;m6894;59656187443
q6895;m6895;59656187444
q6896;m6896;59656187445
q6897;m6897;59656187446
q6898;m6898;59656187447
q6899;m6899;59656187448
q6900;m6900;59656187449
q6901;m6901;59656187450
q6902;m6902;59656187451
q6903;m6903;59656187452
q6904;m6904;59656187453
q6905;m6905;59656187454
q6906;m6906;59656187455
q6907;m6907;59656187456
q6908;m6908;59656187457
q6909;m6909;59656187458
q6910;m6910;59656187459
q6911;m6911;59656187460
q6912;m6912;59656187461
q6913;m6913;59656187462
q6914;m6914;59656187463
q6915;m6915;59656187464
q6916;m6916;59656187465
q6917;m6917;59656187466
q6918;m6918;59656187467
q6919;m6919;59656187468
q6920;m6920;59656187469
q6921;m6921;59656187470
q6922;m6922;59656187471
q6923;m6923;59656187472
q6924;m6924;59656187473
q6925;m6925;59656187474
q6926;m6926;59656187475
q6927;m6927;59656187476
q6928;m6928;59656187477
q6929;m6929;59656187478
q6930;m6930;59656187479
q6931;m6931;59656187480
q6932;m6932;59656187481
q6933;m6933;59656187482
q6934;m6934;59656187483
q6935;m6935;59656187484
q6936;m6936;59656187485
q6937;m6937;59656187486
q6938;m6938;59656187487
q6939;m6939;59656187488
q6940;m6940;59656187489
q6941;m6941;59656187490
q6942;m6942;59656187491
q6943;m6943;59656187492
q6944;m6944;59656187493
q6945;m6945;59656187494
q6946;m6946;59656187495
q6947;m6947;59656187496
q6948;m6948;59656187497
q6949;m6949;59656187498
q6950;m6950;59656187499
q6951;m6951;59656187500
q6952;m6952;59656187501
q6953;m6953;59656187502
q6954;m6954;59656187503
q6955;m6955;59656187504
q6956;m6956;59656187505
q6957;m6957;59656187506
q6958;m6958;59656187507
q6959;m6959;59656187508
q6960;m6960;59656187509
q6961;m6961;59656187510
q6962;m6962;59656187511
q6963;m6963;59656187512
q6964;m6964;59656187513
q6965;m6965;59656187514
q6966;m6966;59656187515
q6967;m6967;59656187516
q6968;m6968;59656187517
q6969;m6969;59656187518
q6970;m6970;59656187519
q6971;m6971;59656187520
q6972;m6972;59656187521
q6973;m6973;59656187522
q6974;m6974;59656187523
q6975;m6975;59656187524
q6976;m6976;59656187525
q6977;m6977;59656187526
q6978;m6978;59656187527
q6979;m6979;59656187528
q6980;m6980;59656187529
q6981;m6981;59656187530
q6982;m6982;59656187531
q6983;m6983;59656187532
q6984;m6984;59656187533
q6985;m6985;59656187534
q6986;m6986;59656187535
q6987;m6987;59656187536
q6988;m6988;59656187537
q6989;m6989;59656187538
q6990;m6990;59656187539
q6991;m6991;59656187540
q6992;m6992;59656187541
q6993;m6993;59656187542
q6994;m6994;59656187543
q6995;m6995;59656187544
q6996;m6996;59656187545
q6997;m6997;59656187546
q6998;m6998;59656187547
q6999;m6999;59656187548
q7000;m7000;59656187549
q7001;m7001;59656187550
q7002;m7002;59656187551
q7003;m7003;59656187552
q7004;m7004;59656187553
q7005;m7005;59656187554
q7006;m7006;59656187555
q7007;m7007;59656187556
q7008;m7008;59656187557
q7009;m7009;59656187558
q7010;m7010;59656187559
q7011;m7011;59656187560
q7012;m7012;59656187561
q7013;m7013;59656187562
q7014;m7014;59656187563
q7015;m7015;59656187564
q7016;m7016;59656187565
q7017;m7017;59656187566
q7018;m7018;59656187567
q7019;m7019;59656187568
q7020;m7020;59656187569
q7021;m7021;59656187570
q7022;m7022;59656187571
q7023;m7023;59656187572
q7024;m7024;59656187573
q7025;m7025;59656187574
q7026;m7026;59656187575
q7027;m7027;59656187576
q7028;m7028;59656187577
q7029;m7029;59656187578
q7030;m7030;59656187579
q7031;m7031;59656187580
q7032;m7032;59656187581
q7033;m7033;59656187582
q7034;m7034;59656187583
q7035;m7035;59656187584
q7036;m7036;59656187585
q7037;m7037;59656187586
q7038;m7038;59656187587
q7039;m7039;59656187588
q7040;m7040;59656187589
q7041;m7041;59656187590
q7042;m7042;59656187591
q7043;m7043;59656187592
q7044;m7044;59656187593
q7045;m7045;59656187594
q7046;m7046;59656187595
q7047;m7047;59656187596
q7048;m7048;59656187597
q7049;m7049;59656187598
q7050;m7050;59656187599
q7051;m7051;59656187600
q7052;m7052;59656187601
q7053;m7053;59656187602
q7054;m7054;59656187603
q7055;m7055;59656187604
q7056;m7056;59656187605
q7057;m7057;59656187606
q7058;m7058;59656187607
q7059;m7059;59656187608
q7060;m7060;59656187609
q7061;m7061;59656187610
q7062;m7062;59656187611
q7063;m7063;59656187612
q7064;m7064;59656187613
q7065;m7065;59656187614
q7066;m7066;59656187615
q7067;m7067;59656187616
q7068;m7068;59656187617
q7069;m7069;59656187618
q7070;m7070;59656187619
q7071;m7071;59656187620
q7072;m7072;59656187621
q7073;m7073;59656187622
q7074;m7074;59656187623
q7075;m7075;59656187624
q7076;m7076;59656187625
q7077;m7077;59656187626
q7078;m7078;59656187627
q7079;m7079;59656187628
q7080;m7080;59656187629
q7081;m7081;59656187630
q7082;m7082;59656187631
q7083;m7083;59656187632
q7084;m7084;59656187633
q7085;m7085;59656187634
q7086;m7086;59656187635
q7087;m7087;59656187636
q7088;m7088;59656187637
q7089;m7089;59656187638
q7090;m7090;59656187639
q7091;m7091;59656187640
q7092;m7092;59656187641
q7093;m7093;59656187642
q7094;m7094;59656187643
q7095;m7095;59656187644
q7096;m7096;59656187645
q7097;m7097;59656187646
q7098;m7098;59656187647
q7099;m7099;59656187648
q7100;m7100;59656187649
q7101;m7101;59656187650
q7102;m7102;59656187651
q7103;m7103;59656187652
q7104;m7104;59656187653
q7105;m7105;59656187654
q7106;m7106;59656187655
q7107;m7107;59656187656
q7108;m7108;59656187657
q7109;m7109;59656187658
q7110;m7110;59656187659
q7111;m7111;59656187660
q7112;m7112;59656187661
q7113;m7113;59656187662
q7114;m7114;59656187663
q7115;m7115;59656187664
q7116;m7116;59656187665
q7117;m7117;59656187666
q7118;m7118;59656187667
q7119;m7119;59656187668
q7120;m7120;59656187669
q7121;m7121;59656187670
q7122;m7122;59656187671
q7123;m7123;59656187672
q7124;m7124;59656187673
q7125;m7125;59656187674
q7126;m7126;59656187675
q7127;m7127;59656187676
q7128;m7128;59656187677
q7129;m7129;59656187678
q7130;m7130;59656187679
q7131;m7131;59656187680
q7132;m7132;59656187681
q7133;m7133;59656187682
q7134;m7134;59656187683
q7135;m7135;59656187684
q7136;m7136;59656187685
q7137;m7137;59656187686
q7138;m7138;59656187687
q7139;m7139;59656187688
q7140;m7140;59656187689
q7141;m7141;59656187690
q7142;m7142;59656187691
q7143;m7143;59656187692
q7144;m7144;59656187693
q7145;m7145;59656187694
q7146;m7146;59656187695
q7147;m7147;59656187696
q7148;m7148;59656187697
q7149;m7149;59656187698
q7150;m7150;59656187699
q7151;m7151;59656187700
q7152;m7152;59656187701
q7153;m7153;59656187702
q7154;m7154;59656187703
q7155;m7155;59656187704
q7156;m7156;59656187705
q7157;m7157;59656187706
q7158;m7158;59656187707
q7159;m7159;59656187708
q7160;m7160;59656187709
q7161;m7161;59656187710
q7162;m7162;59656187711
q7163;m7163;59656187712
q7164;m7164;59656187713
q7165;m7165;59656187714
q7166;m7166;59656187715
q7167;m7167;59656187716
q7168;m7168;59656187717
q7169;m7169;59656187718
q7170;m7170;59656187719
q7171;m7171;59656187720
q7172;m7172;59656187721
q7173;m7173;59656187722
q7174;m7174;59656187723
q7175;m7175;59656187724
q7176;m7176;59656187725
q7177;m7177;59656187726
q7178;m7178;59656187727
q7179;m7179;59656187728
q7180;m7180;59656187729
q7181;m7181;59656187730
q7182;m7182;59656187731
q7183;m7183;59656187732
q7184;m7184;59656187733
q7185;m7185;59656187734
q7186;m7186;59656187735
q7187;m7187;59656187736
q7188;m7188;59656187737
q7189;m7189;59656187738
q7190;m7190;59656187739
q7191;m7191;59656187740
q7192;m7192;59656187741
q7193;m7193;59656187742
q7194;m7194;59656187743
q7195;m7195;59656187744
q7196;m7196;59656187745
q7197;m7197;59656187746
q7198;m7198;59656187747
q7199;m7199;59656187748
q7200;m7200;59656187749
q7201;m7201;59656187750
q7202;m7202;59656187751
q7203;m7203;59656187752
q7204;m7204;59656187753
q7205;m7205;59656187754
q7206;m7206;59656187755
q7207;m7207;59656187756
q7208;m7208;59656187757
q7209;m7209;59656187758
q7210;m7210;59656187759
q7211;m7211;59656187760
q7212;m7212;59656187761
q7213;m7213;59656187762
q7214;m7214;59656187763
q7215;m7215;59656187764
q7216;m7216;59656187765
q7217;m7217;59656187766
q7218;m7218;59656187767
q7219;m7219;59656187768
q7220;m7220;59656187769
q7221;m7221;59656187770
q7222;m7222;59656187771
q7223;m7223;59656187772
q7224;m7224;59656187773
q7225;m7225;59656187774
q7226;m7226;59656187775
q7227;m7227;59656187776
q7228;m7228;59656187777
q7229;m7229;59656187778
q7230;m7230;59656187779
q7231;m7231;59656187780
q7232;m7232;59656187781
q7233;m7233;59656187782
q7234;m7234;59656187783
q7235;m7235;59656187784
q7236;m7236;59656187785
q7237;m7237;59656187786
q7238;m7238;59656187787
q7239;m7239;59656187788
q7240;m7240;59656187789
q7241;m7241;59656187790
q7242;m7242;59656187791
q7243;m7243;59656187792
q7244;m7244;59656187793
q7245;m7245;59656187794
q7246;m7246;59656187795
q7247;m7247;59656187796
q7248;m7248;59656187797
q7249;m7249;59656187798
q7250;m7250;59656187799
q7251;m7251;59656187800
q7252;m7252;59656187801
q7253;m7253;59656187802
q7254;m7254;59656187803
q7255;m7255;59656187804
q7256;m7256;59656187805
q7257;m7257;59656187806
q7258;m7258;59656187807
q7259;m7259;59656187808
q7260;m7260;59656187809
q7261;m7261;59656187810
q7262;m7262;59656187811
q7263;m7263;59656187812
q7264;m7264;59656187813
q7265;m7265;59656187814
q7266;m7266;59656187815
q7267;m7267;59656187816
q7268;m7268;59656187817
q7269;m7269;59656187818
q7270;m7270;59656187819
q7271;m7271;59656187820
q7272;m7272;59656187821
q7273;m7273;59656187822
q7274;m7274;59656187823
q7275;m7275;59656187824
q7276;m7276;59656187825
q7277;m7277;59656187826
q7278;m7278;59656187827
q7279;m7279;59656187828
q7280;m7280;59656187829
q7281;m7281;59656187830
q7282;m7282;59656187831
q7283;m7283;59656187832
q7284;m7284;59656187833
q7285;m7285;59656187834
q7286;m7286;59656187835
q7287;m7287;59656187836
q7288;m7288;59656187837
q7289;m7289;59656187838
q7290;m7290;59656187839
q7291;m7291;59656187840
q7292;m7292;59656187841
q7293;m7293;59656187842
q7294;m7294;59656187843
q7295;m7295;59656187844
q7296;m7296;59656187845
q7297;m7297;59656187846
q7298;m7298;59656187847
q7299;m7299;59656187848
q7300;m7300;59656187849
q7301;m7301;59656187850
q7302;m7302;59656187851
q7303;m7303;59656187852
q7304;m7304;59656187853
q7305;m7305;59656187854
q7306;m7306;59656187855
q7307;m7307;59656187856
q7308;m7308;59656187857
q7309;m7309;59656187858
q7310;m7310;59656187859
q7311;m7311;59656187860
q7312;m7312;59656187861
q7313;m7313;59656187862
q7314;m7314;59656187863
q7315;m7315;59656187864
q7316;m7316;59656187865
q7317;m7317;59656187866
q7318;m7318;59656187867
q7319;m7319;59656187868
q7320;m7320;59656187869
q7321;m7321;59656187870
q7322;m7322;59656187871
q7323;m7323;59656187872
q7324;m7324;59656187873
q7325;m7325;59656187874
q7326;m7326;59656187875
q7327;m7327;59656187876
q7328;m7328;59656187877
q7329;m7329;59656187878
q7330;m7330;59656187879
q7331;m7331;59656187880
q7332;m7332;59656187881
q7333;m7333;59656187882
q7334;m7334;59656187883
q7335;m7335;59656187884
q7336;m7336;59656187885
q7337;m7337;59656187886
q7338;m7338;59656187887
q7339;m7339;59656187888
q7340;m7340;59656187889
q7341;m7341;59656187890
q7342;m7342;59656187891
q7343;m7343;59656187892
q7344;m7344;59656187893
q7345;m7345;59656187894
q7346;m7346;59656187895
q7347;m7347;59656187896
q7348;m7348;59656187897
q7349;m7349;59656187898
q7350;m7350;59656187899
q7351;m7351;59656187900
q7352;m7352;59656187901
q7353;m7353;59656187902
q7354;m7354;59656187903
q7355;m7355;59656187904
q7356;m7356;59656187905
q7357;m7357;59656187906
q7358;m7358;59656187907
q7359;m7359;59656187908
q7360;m7360;59656187909
q7361;m7361;59656187910
q7362;m7362;59656187911
q7363;m7363;59656187912
q7364;m7364;59656187913
q7365;m7365;59656187914
q7366;m7366;59656187915
q7367;m7367;59656187916
q7368;m7368;59656187917
q7369;m7369;59656187918
q7370;m7370;59656187919
q7371;m7371;59656187920
q7372;m7372;59656187921
q7373;m7373;59656187922
q7374;m7374;59656187923
q7375;m7375;59656187924
q7376;m7376;59656187925
q7377;m7377;59656187926
q7378;m7378;59656187927
q7379;m7379;59656187928
q7380;m7380;59656187929
q7381;m7381;59656187930
q7382;m7382;59656187931
q7383;m7383;59656187932
q7384;m7384;59656187933
q7385;m7385;59656187934
q7386;m7386;59656187935
q7387;m7387;59656187936
q7388;m7388;59656187937
q7389;m7389;59656187938
q7390;m7390;59656187939
q7391;m7391;59656187940
q7392;m7392;59656187941
q7393;m7393;59656187942
q7394;m7394;59656187943
q7395;m7395;59656187944
q7396;m7396;59656187945
q7397;m7397;59656187946
q7398;m7398;59656187947
q7399;m7399;59656187948
q7400;m7400;59656187949
q7401;m7401;59656187950
q7402;m7402;59656187951
q7403;m7403;59656187952
q7404;m7404;59656187953
q7405;m7405;59656187954
q7406;m7406;59656187955
q7407;m7407;59656187956
q7408;m7408;59656187957
q7409;m7409;59656187958
q7410;m7410;59656187959
q7411;m7411;59656187960
q7412;m7412;59656187961
q7413;m7413;59656187962
q7414;m7414;59656187963
q7415;m7415;59656187964
q7416;m7416;59656187965
q7417;m7417;59656187966
q7418;m7418;59656187967
q7419;m7419;59656187968
q7420;m7420;59656187969
q7421;m7421;59656187970
q7422;m7422;59656187971
q7423;m7423;59656187972
q7424;m7424;59656187973
q7425;m7425;59656187974
q7426;m7426;59656187975
q7427;m7427;59656187976
q7428;m7428;59656187977
q7429;m7429;59656187978
q7430;m7430;59656187979
q7431;m7431;59656187980
q7432;m7432;59656187981
q7433;m7433;59656187982
q7434;m7434;59656187983
q7435;m7435;59656187984
q7436;m7436;59656187985
q7437;m7437;59656187986
q7438;m7438;59656187987
q7439;m7439;59656187988
q7440;m7440;59656187989
q7441;m7441;59656187990
q7442;m7442;59656187991
q7443;m7443;59656187992
q7444;m7444;59656187993
q7445;m7445;59656187994
q7446;m7446;59656187995
q7447;m7447;59656187996
q7448;m7448;59656187997
q7449;m7449;59656187998
q7450;m7450;59656187999
q7451;m7451;59656188000
q7452;m7452;59656188001
q7453;m7453;59656188002
q7454;m7454;59656188003
q7455;m7455;59656188004
q7456;m7456;59656188005
q7457;m7457;59656188006
q7458;m7458;59656188007
q7459;m7459;59656188008
q7460;m7460;59656188009
q7461;m7461;59656188010
q7462;m7462;59656188011
q7463;m7463;59656188012
q7464;m7464;59656188013
q7465;m7465;59656188014
q7466;m7466;59656188015
q7467;m7467;59656188016
q7468;m7468;59656188017
q7469;m7469;59656188018
q7470;m7470;59656188019
q7471;m7471;59656188020
q7472;m7472;59656188021
q7473;m7473;59656188022
q7474;m7474;59656188023
q7475;m7475;59656188024
q7476;m7476;59656188025
q7477;m7477;59656188026
q7478;m7478;59656188027
q7479;m7479;59656188028
q7480;m7480;59656188029
q7481;m7481;59656188030
q7482;m7482;59656188031
q7483;m7483;59656188032
q7484;m7484;59656188033
q7485;m7485;59656188034
q7486;m7486;59656188035
q7487;m7487;59656188036
q7488;m7488;59656188037
q7489;m7489;59656188038
q7490;m7490;59656188039
q7491;m7491;59656188040
q7492;m7492;59656188041
q7493;m7493;59656188042
q7494;m7494;59656188043
q7495;m7495;59656188044
q7496;m7496;59656188045
q7497;m7497;59656188046
q7498;m7498;59656188047
q7499;m7499;59656188048
q7500;m7500;59656188049
q7501;m7501;59656188050
q7502;m7502;59656188051
q7503;m7503;59656188052
q7504;m7504;59656188053
q7505;m7505;59656188054
q7506;m7506;59656188055
q7507;m7507;59656188056
q7508;m7508;59656188057
q7509;m7509;59656188058
q7510;m7510;59656188059
q7511;m7511;59656188060
q7512;m7512;59656188061
q7513;m7513;59656188062
q7514;m7514;59656188063
q7515;m7515;59656188064
q7516;m7516;59656188065
q7517;m7517;59656188066
q7518;m7518;59656188067
q7519;m7519;59656188068
q7520;m7520;59656188069
q7521;m7521;59656188070
q7522;m7522;59656188071
q7523;m7523;59656188072
q7524;m7524;59656188073
q7525;m7525;59656188074
q7526;m7526;59656188075
q7527;m7527;59656188076
q7528;m7528;59656188077
q7529;m7529;59656188078
q7530;m7530;59656188079
q7531;m7531;59656188080
q7532;m7532;59656188081
q7533;m7533;59656188082
q7534;m7534;59656188083
q7535;m7535;59656188084
q7536;m7536;59656188085
q7537;m7537;59656188086
q7538;m7538;59656188087
q7539;m7539;59656188088
q7540;m7540;59656188089
q7541;m7541;59656188090
q7542;m7542;59656188091
q7543;m7543;59656188092
q7544;m7544;59656188093
q7545;m7545;59656188094
q7546;m7546;59656188095
q7547;m7547;59656188096
q7548;m7548;59656188097
q7549;m7549;59656188098
q7550;m7550;59656188099
q7551;m7551;59656188100
q7552;m7552;59656188101
q7553;m7553;59656188102
q7554;m7554;59656188103
q7555;m7555;59656188104
q7556;m7556;59656188105
q7557;m7557;59656188106
q7558;m7558;59656188107
q7559;m7559;59656188108
q7560;m7560;59656188109
q7561;m7561;59656188110
q7562;m7562;59656188111
q7563;m7563;59656188112
q7564;m7564;59656188113
q7565;m7565;59656188114
q7566;m7566;59656188115
q7567;m7567;59656188116
q7568;m7568;59656188117
q7569;m7569;59656188118
q7570;m7570;59656188119
q7571;m7571;59656188120
q7572;m7572;59656188121
q7573;m7573;59656188122
q7574;m7574;59656188123
q7575;m7575;59656188124
q7576;m7576;59656188125
q7577;m7577;59656188126
q7578;m7578;59656188127
q7579;m7579;59656188128
q7580;m7580;59656188129
q7581;m7581;59656188130
q7582;m7582;59656188131
q7583;m7583;59656188132
q7584;m7584;59656188133
q7585;m7585;59656188134
q7586;m7586;59656188135
q7587;m7587;59656188136
q7588;m7588;59656188137
q7589;m7589;59656188138
q7590;m7590;59656188139
q7591;m7591;59656188140
q7592;m7592;59656188141
q7593;m7593;59656188142
q7594;m7594;59656188143
q7595;m7595;59656188144
q7596;m7596;59656188145
q7597;m7597;59656188146
q7598;m7598;59656188147
q7599;m7599;59656188148
q7600;m7600;59656188149
q7601;m7601;59656188150
q7602;m7602;59656188151
q7603;m7603;59656188152
q7604;m7604;59656188153
q7605;m7605;59656188154
q7606;m7606;59656188155
q7607;m7607;59656188156
q7608;m7608;59656188157
q7609;m7609;59656188158
q7610;m7610;59656188159
q7611;m7611;59656188160
q7612;m7612;59656188161
q7613;m7613;59656188162
q7614;m7614;59656188163
q7615;m7615;59656188164
q7616;m7616;59656188165
q7617;m7617;59656188166
q7618;m7618;59656188167
q7619;m7619;59656188168
q7620;m7620;59656188169
q7621;m7621;59656188170
q7622;m7622;59656188171
q7623;m7623;59656188172
q7624;m7624;59656188173
q7625;m7625;59656188174
q7626;m7626;59656188175
q7627;m7627;59656188176
q7628;m7628;59656188177
q7629;m7629;59656188178
q7630;m7630;59656188179
q7631;m7631;59656188180
q7632;m7632;59656188181
q7633;m7633;59656188182
q7634;m7634;59656188183
q7635;m7635;59656188184
q7636;m7636;59656188185
q7637;m7637;59656188186
q7638;m7638;59656188187
q7639;m7639;59656188188
q7640;m7640;59656188189
q7641;m7641;59656188190
q7642;m7642;59656188191
q7643;m7643;59656188192
q7644;m7644;59656188193
q7645;m7645;59656188194
q7646;m7646;59656188195
q7647;m7647;59656188196
q7648;m7648;59656188197
q7649;m7649;59656188198
q7650;m7650;59656188199
q7651;m7651;59656188200
q7652;m7652;59656188201
q7653;m7653;59656188202
q7654;m7654;59656188203
q7655;m7655;59656188204
q7656;m7656;59656188205
q7657;m7657;59656188206
q7658;m7658;59656188207
q7659;m7659;59656188208
q7660;m7660;59656188209
q7661;m7661;59656188210
q7662;m7662;59656188211
q7663;m7663;59656188212
q7664;m7664;59656188213
q7665;m7665;59656188214
q7666;m7666;59656188215
q7667;m7667;59656188216
q7668;m7668;59656188217
q7669;m7669;59656188218
q7670;m7670;59656188219
q7671;m7671;59656188220
q7672;m7672;59656188221
q7673;m7673;59656188222
q7674;m7674;59656188223
q7675;m7675;59656188224
q7676;m7676;59656188225
q7677;m7677;59656188226
q7678;m7678;59656188227
q7679;m7679;59656188228
q7680;m7680;59656188229
q7681;m7681;59656188230
q7682;m7682;59656188231
q7683;m7683;59656188232
q7684;m7684;59656188233
q7685;m7685;59656188234
q7686;m7686;59656188235
q7687;m7687;59656188236
q7688;m7688;59656188237
q7689;m7689;59656188238
q7690;m7690;59656188239
q7691;m7691;59656188240
q7692;m7692;59656188241
q7693;m7693;59656188242
q7694;m7694;59656188243
q7695;m7695;59656188244
q7696;m7696;59656188245
q7697;m7697;59656188246
q7698;m7698;59656188247
q7699;m7699;59656188248
q7700;m7700;59656188249
q7701;m7701;59656188250
q7702;m7702;59656188251
q7703;m7703;59656188252
q7704;m7704;59656188253
q7705;m7705;59656188254
q7706;m7706;59656188255
q7707;m7707;59656188256
q7708;m7708;59656188257
q7709;m7709;59656188258
q7710;m7710;59656188259
q7711;m7711;59656188260
q7712;m7712;59656188261
q7713;m7713;59656188262
q7714;m7714;59656188263
q7715;m7715;59656188264
q7716;m7716;59656188265
q7717;m7717;59656188266
q7718;m7718;59656188267
q7719;m7719;59656188268
q7720;m7720;59656188269
q7721;m7721;59656188270
q7722;m7722;59656188271
q7723;m7723;59656188272
q7724;m7724;59656188273
q7725;m7725;59656188274
q7726;m7726;59656188275
q7727;m7727;59656188276
q7728;m7728;59656188277
q7729;m7729;59656188278
q7730;m7730;59656188279
q7731;m7731;59656188280
q7732;m7732;59656188281
q7733;m7733;59656188282
q7734;m7734;59656188283
q7735;m7735;59656188284
q7736;m7736;59656188285
q7737;m7737;59656188286
q7738;m7738;59656188287
q7739;m7739;59656188288
q7740;m7740;59656188289
q7741;m7741;59656188290
q7742;m7742;59656188291
q7743;m7743;59656188292
q7744;m7744;59656188293
q7745;m7745;59656188294
q7746;m7746;59656188295
q7747;m7747;59656188296
q7748;m7748;59656188297
q7749;m7749;59656188298
q7750;m7750;59656188299
q7751;m7751;59656188300
q7752;m7752;59656188301
q7753;m7753;59656188302
q7754;m7754;59656188303
q7755;m7755;59656188304
q7756;m7756;59656188305
q7757;m7757;59656188306
q7758;m7758;59656188307
q7759;m7759;59656188308
q7760;m7760;59656188309
q7761;m7761;59656188310
q7762;m7762;59656188311
q7763;m7763;59656188312
q7764;m7764;59656188313
q7765;m7765;59656188314
q7766;m7766;59656188315
q7767;m7767;59656188316
q7768;m7768;59656188317
q7769;m7769;59656188318
q7770;m7770;59656188319
q7771;m7771;59656188320
q7772;m7772;59656188321
q7773;m7773;59656188322
q7774;m7774;59656188323
q7775;m7775;59656188324
q7776;m7776;59656188325
q7777;m7777;59656188326
q7778;m7778;59656188327
q7779;m7779;59656188328
q7780;m7780;59656188329
q7781;m7781;59656188330
q7782;m7782;59656188331
q7783;m7783;59656188332
q7784;m7784;59656188333
q7785;m7785;59656188334
q7786;m7786;59656188335
q7787;m7787;59656188336
q7788;m7788;59656188337
q7789;m7789;59656188338
q7790;m7790;59656188339
q7791;m7791;59656188340
q7792;m7792;59656188341
q7793;m7793;59656188342
q7794;m7794;59656188343
q7795;m7795;59656188344
q7796;m7796;59656188345
q7797;m7797;59656188346
q7798;m7798;59656188347
q7799;m7799;59656188348
q7800;m7800;59656188349
q7801;m7801;59656188350
q7802;m7802;59656188351
q7803;m7803;59656188352
q7804;m7804;59656188353
q7805;m7805;59656188354
q7806;m7806;59656188355
q7807;m7807;59656188356
q7808;m7808;59656188357
q7809;m7809;59656188358
q7810;m7810;59656188359
q7811;m7811;59656188360
q7812;m7812;59656188361
q7813;m7813;59656188362
q7814;m7814;59656188363
q7815;m7815;59656188364
q7816;m7816;59656188365
q7817;m7817;59656188366
q7818;m7818;59656188367
q7819;m7819;59656188368
q7820;m7820;59656188369
q7821;m7821;59656188370
q7822;m7822;59656188371
q7823;m7823;59656188372
q7824;m7824;59656188373
q7825;m7825;59656188374
q7826;m7826;59656188375
q7827;m7827;59656188376
q7828;m7828;59656188377
q7829;m7829;59656188378
q7830;m7830;59656188379
q7831;m7831;59656188380
q7832;m7832;59656188381
q7833;m7833;59656188382
q7834;m7834;59656188383
q7835;m7835;59656188384
q7836;m7836;59656188385
q7837;m7837;59656188386
q7838;m7838;59656188387
q7839;m7839;59656188388
q7840;m7840;59656188389
q7841;m7841;59656188390
q7842;m7842;59656188391
q7843;m7843;59656188392
q7844;m7844;59656188393
q7845;m7845;59656188394
q7846;m7846;59656188395
q7847;m7847;59656188396
q7848;m7848;59656188397
q7849;m7849;59656188398
q7850;m7850;59656188399
q7851;m7851;59656188400
q7852;m7852;59656188401
q7853;m7853;59656188402
q7854;m7854;59656188403
q7855;m7855;59656188404
q7856;m7856;59656188405
q7857;m7857;59656188406
q7858;m7858;59656188407
q7859;m7859;59656188408
q7860;m7860;59656188409
q7861;m7861;59656188410
q7862;m7862;59656188411
q7863;m7863;59656188412
q7864;m7864;59656188413
q7865;m7865;59656188414
q7866;m7866;59656188415
q7867;m7867;59656188416
q7868;m7868;59656188417
q7869;m7869;59656188418
q7870;m7870;59656188419
q7871;m7871;59656188420
q7872;m7872;59656188421
q7873;m7873;59656188422
q7874;m7874;59656188423
q7875;m7875;59656188424
q7876;m7876;59656188425
q7877;m7877;59656188426
q7878;m7878;59656188427
q7879;m7879;59656188428
q7880;m7880;59656188429
q7881;m7881;59656188430
q7882;m7882;59656188431
q7883;m7883;59656188432
q7884;m7884;59656188433
q7885;m7885;59656188434
q7886;m7886;59656188435
q7887;m7887;59656188436
q7888;m7888;59656188437
q7889;m7889;59656188438
q7890;m7890;59656188439
q7891;m7891;59656188440
q7892;m7892;59656188441
q7893;m7893;59656188442
q7894;m7894;59656188443
q7895;m7895;59656188444
q7896;m7896;59656188445
q7897;m7897;59656188446
q7898;m7898;59656188447
q7899;m7899;59656188448
q7900;m7900;59656188449
q7901;m7901;59656188450
q7902;m7902;59656188451
q7903;m7903;59656188452
q7904;m7904;59656188453
q7905;m7905;59656188454
q7906;m7906;59656188455
q7907;m7907;59656188456
q7908;m7908;59656188457
q7909;m7909;59656188458
q7910;m7910;59656188459
q7911;m7911;59656188460
q7912;m7912;59656188461
q7913;m7913;59656188462
q7914;m7914;59656188463
q7915;m7915;59656188464
q7916;m7916;59656188465
q7917;m7917;59656188466
q7918;m7918;59656188467
q7919;m7919;59656188468
q7920;m7920;59656188469
q7921;m7921;59656188470
q7922;m7922;59656188471
q7923;m7923;59656188472
q7924;m7924;59656188473
q7925;m7925;59656188474
q7926;m7926;59656188475
q7927;m7927;59656188476
q7928;m7928;59656188477
q7929;m7929;59656188478
q7930;m7930;59656188479
q7931;m7931;59656188480
q7932;m7932;59656188481
q7933;m7933;59656188482
q7934;m7934;59656188483
q7935;m7935;59656188484
q7936;m7936;59656188485
q7937;m7937;59656188486
q7938;m7938;59656188487
q7939;m7939;59656188488
q7940;m7940;59656188489
q7941;m7941;59656188490
q7942;m7942;59656188491
q7943;m7943;59656188492
q7944;m7944;59656188493
q7945;m7945;59656188494
q7946;m7946;59656188495
q7947;m7947;59656188496
q7948;m7948;59656188497
q7949;m7949;59656188498
q7950;m7950;59656188499
q7951;m7951;59656188500
q7952;m7952;59656188501
q7953;m7953;59656188502
q7954;m7954;59656188503
q7955;m7955;59656188504
q7956;m7956;59656188505
q7957;m7957;59656188506
q7958;m7958;59656188507
q7959;m7959;59656188508
q7960;m7960;59656188509
q7961;m7961;59656188510
q7962;m7962;59656188511
q7963;m7963;59656188512
q7964;m7964;59656188513
q7965;m7965;59656188514
q7966;m7966;59656188515
q7967;m7967;59656188516
q7968;m7968;59656188517
q7969;m7969;59656188518
q7970;m7970;59656188519
q7971;m7971;59656188520
q7972;m7972;59656188521
q7973;m7973;59656188522
q7974;m7974;59656188523
q7975;m7975;59656188524
q7976;m7976;59656188525
q7977;m7977;59656188526
q7978;m7978;59656188527
q7979;m7979;59656188528
q7980;m7980;59656188529
q7981;m7981;59656188530
q7982;m7982;59656188531
q7983;m7983;59656188532
q7984;m7984;59656188533
q7985;m7985;59656188534
q7986;m7986;59656188535
q7987;m7987;59656188536
q7988;m7988;59656188537
q7989;m7989;59656188538
q7990;m7990;59656188539
q7991;m7991;59656188540
q7992;m7992;59656188541
q7993;m7993;59656188542
q7994;m7994;59656188543
q7995;m7995;59656188544
q7996;m7996;59656188545
q7997;m7997;59656188546
q7998;m7998;59656188547
q7999;m7999;59656188548
q8000;m8000;59656188549
q8001;m8001;59656188550
q8002;m8002;59656188551
q8003;m8003;59656188552
q8004;m8004;59656188553
q8005;m8005;59656188554
q8006;m8006;59656188555
q8007;m8007;59656188556
q8008;m8008;59656188557
q8009;m8009;59656188558
q8010;m8010;59656188559
q8011;m8011;59656188560
q8012;m8012;59656188561
q8013;m8013;59656188562
q8014;m8014;59656188563
q8015;m8015;59656188564
q8016;m8016;59656188565
q8017;m8017;59656188566
q8018;m8018;59656188567
q8019;m8019;59656188568
q8020;m8020;59656188569
q8021;m8021;59656188570
q8022;m8022;59656188571
q8023;m8023;59656188572
q8024;m8024;59656188573
q8025;m8025;59656188574
q8026;m8026;59656188575
q8027;m8027;59656188576
q8028;m8028;59656188577
q8029;m8029;59656188578
q8030;m8030;59656188579
q8031;m8031;59656188580
q8032;m8032;59656188581
q8033;m8033;59656188582
q8034;m8034;59656188583
q8035;m8035;59656188584
q8036;m8036;59656188585
q8037;m8037;59656188586
q8038;m8038;59656188587
q8039;m8039;59656188588
q8040;m8040;59656188589
q8041;m8041;59656188590
q8042;m8042;59656188591
q8043;m8043;59656188592
q8044;m8044;59656188593
q8045;m8045;59656188594
q8046;m8046;59656188595
q8047;m8047;59656188596
q8048;m8048;59656188597
q8049;m8049;59656188598
q8050;m8050;59656188599
q8051;m8051;59656188600
q8052;m8052;59656188601
q8053;m8053;59656188602
q8054;m8054;59656188603
q8055;m8055;59656188604
q8056;m8056;59656188605
q8057;m8057;59656188606
q8058;m8058;59656188607
q8059;m8059;59656188608
q8060;m8060;59656188609
q8061;m8061;59656188610
q8062;m8062;59656188611
q8063;m8063;59656188612
q8064;m8064;59656188613
q8065;m8065;59656188614
q8066;m8066;59656188615
q8067;m8067;59656188616
q8068;m8068;59656188617
q8069;m8069;59656188618
q8070;m8070;59656188619
q8071;m8071;59656188620
q8072;m8072;59656188621
q8073;m8073;59656188622
q8074;m8074;59656188623
q8075;m8075;59656188624
q8076;m8076;59656188625
q8077;m8077;59656188626
q8078;m8078;59656188627
q8079;m8079;59656188628
q8080;m8080;59656188629
q8081;m8081;59656188630
q8082;m8082;59656188631
q8083;m8083;59656188632
q8084;m8084;59656188633
q8085;m8085;59656188634
q8086;m8086;59656188635
q8087;m8087;59656188636
q8088;m8088;59656188637
q8089;m8089;59656188638
q8090;m8090;59656188639
q8091;m8091;59656188640
q8092;m8092;59656188641
q8093;m8093;59656188642
q8094;m8094;59656188643
q8095;m8095;59656188644
q8096;m8096;59656188645
q8097;m8097;59656188646
q8098;m8098;59656188647
q8099;m8099;59656188648
q8100;m8100;59656188649
q8101;m8101;59656188650
q8102;m8102;59656188651
q8103;m8103;59656188652
q8104;m8104;59656188653
q8105;m8105;59656188654
q8106;m8106;59656188655
q8107;m8107;59656188656
q8108;m8108;59656188657
q8109;m8109;59656188658
q8110;m8110;59656188659
q8111;m8111;59656188660
q8112;m8112;59656188661
q8113;m8113;59656188662
q8114;m8114;59656188663
q8115;m8115;59656188664
q8116;m8116;59656188665
q8117;m8117;59656188666
q8118;m8118;59656188667
q8119;m8119;59656188668
q8120;m8120;59656188669
q8121;m8121;59656188670
q8122;m8122;59656188671
q8123;m8123;59656188672
q8124;m8124;59656188673
q8125;m8125;59656188674
q8126;m8126;59656188675
q8127;m8127;59656188676
q8128;m8128;59656188677
q8129;m8129;59656188678
q8130;m8130;59656188679
q8131;m8131;59656188680
q8132;m8132;59656188681
q8133;m8133;59656188682
q8134;m8134;59656188683
q8135;m8135;59656188684
q8136;m8136;59656188685
q8137;m8137;59656188686
q8138;m8138;59656188687
q8139;m8139;59656188688
q8140;m8140;59656188689
q8141;m8141;59656188690
q8142;m8142;59656188691
q8143;m8143;59656188692
q8144;m8144;59656188693
q8145;m8145;59656188694
q8146;m8146;59656188695
q8147;m8147;59656188696
q8148;m8148;59656188697
q8149;m8149;59656188698
q8150;m8150;59656188699
q8151;m8151;59656188700
q8152;m8152;59656188701
q8153;m8153;59656188702
q8154;m8154;59656188703
q8155;m8155;59656188704
q8156;m8156;59656188705
q8157;m8157;59656188706
q8158;m8158;59656188707
q8159;m8159;59656188708
q8160;m8160;59656188709
q8161;m8161;59656188710
q8162;m8162;59656188711
q8163;m8163;59656188712
q8164;m8164;59656188713
q8165;m8165;59656188714
q8166;m8166;59656188715
q8167;m8167;59656188716
q8168;m8168;59656188717
q8169;m8169;59656188718
q8170;m8170;59656188719
q8171;m8171;59656188720
q8172;m8172;59656188721
q8173;m8173;59656188722
q8174;m8174;59656188723
q8175;m8175;59656188724
q8176;m8176;59656188725
q8177;m8177;59656188726
q8178;m8178;59656188727
q8179;m8179;59656188728
q8180;m8180;59656188729
q8181;m8181;59656188730
q8182;m8182;59656188731
q8183;m8183;59656188732
q8184;m8184;59656188733
q8185;m8185;59656188734
q8186;m8186;59656188735
q8187;m8187;59656188736
q8188;m8188;59656188737
q8189;m8189;59656188738
q8190;m8190;59656188739
q8191;m8191;59656188740
q8192;m8192;59656188741
q8193;m8193;59656188742
q8194;m8194;59656188743
q8195;m8195;59656188744
q8196;m8196;59656188745
q8197;m8197;59656188746
q8198;m8198;59656188747
q8199;m8199;59656188748
q8200;m8200;59656188749
q8201;m8201;59656188750
q8202;m8202;59656188751
q8203;m8203;59656188752
q8204;m8204;59656188753
q8205;m8205;59656188754
q8206;m8206;59656188755
q8207;m8207;59656188756
q8208;m8208;59656188757
q8209;m8209;59656188758
q8210;m8210;59656188759
q8211;m8211;59656188760
q8212;m8212;59656188761
q8213;m8213;59656188762
q8214;m8214;59656188763
q8215;m8215;59656188764
q8216;m8216;59656188765
q8217;m8217;59656188766
q8218;m8218;59656188767
q8219;m8219;59656188768
q8220;m8220;59656188769
q8221;m8221;59656188770
q8222;m8222;59656188771
q8223;m8223;59656188772
q8224;m8224;59656188773
q8225;m8225;59656188774
q8226;m8226;59656188775
q8227;m8227;59656188776
q8228;m8228;59656188777
q8229;m8229;59656188778
q8230;m8230;59656188779
q8231;m8231;59656188780
q8232;m8232;59656188781
q8233;m8233;59656188782
q8234;m8234;59656188783
q8235;m8235;59656188784
q8236;m8236;59656188785
q8237;m8237;59656188786
q8238;m8238;59656188787
q8239;m8239;59656188788
q8240;m8240;59656188789
q8241;m8241;59656188790
q8242;m8242;59656188791
q8243;m8243;59656188792
q8244;m8244;59656188793
q8245;m8245;59656188794
q8246;m8246;59656188795
q8247;m8247;59656188796
q8248;m8248;59656188797
q8249;m8249;59656188798
q8250;m8250;59656188799
q8251;m8251;59656188800
q8252;m8252;59656188801
q8253;m8253;59656188802
q8254;m8254;59656188803
q8255;m8255;59656188804
q8256;m8256;59656188805
q8257;m8257;59656188806
q8258;m8258;59656188807
q8259;m8259;59656188808
q8260;m8260;59656188809
q8261;m8261;59656188810
q8262;m8262;59656188811
q8263;m8263;59656188812
q8264;m8264;59656188813
q8265;m8265;59656188814
q8266;m8266;59656188815
q8267;m8267;59656188816
q8268;m8268;59656188817
q8269;m8269;59656188818
q8270;m8270;59656188819
q8271;m8271;59656188820
q8272;m8272;59656188821
q8273;m8273;59656188822
q8274;m8274;59656188823
q8275;m8275;59656188824
q8276;m8276;59656188825
q8277;m8277;59656188826
q8278;m8278;59656188827
q8279;m8279;59656188828
q8280;m8280;59656188829
q8281;m8281;59656188830
q8282;m8282;59656188831
q8283;m8283;59656188832
q8284;m8284;59656188833
q8285;m8285;59656188834
q8286;m8286;59656188835
q8287;m8287;59656188836
q8288;m8288;59656188837
q8289;m8289;59656188838
q8290;m8290;59656188839
q8291;m8291;59656188840
q8292;m8292;59656188841
q8293;m8293;59656188842
q8294;m8294;59656188843
q8295;m8295;59656188844
q8296;m8296;59656188845
q8297;m8297;59656188846
q8298;m8298;59656188847
q8299;m8299;59656188848
q8300;m8300;59656188849
q8301;m8301;59656188850
q8302;m8302;59656188851
q8303;m8303;59656188852
q8304;m8304;59656188853
q8305;m8305;59656188854
q8306;m8306;59656188855
q8307;m8307;59656188856
q8308;m8308;59656188857
q8309;m8309;59656188858
q8310;m8310;59656188859
q8311;m8311;59656188860
q8312;m8312;59656188861
q8313;m8313;59656188862
q8314;m8314;59656188863
q8315;m8315;59656188864
q8316;m8316;59656188865
q8317;m8317;59656188866
q8318;m8318;59656188867
q8319;m8319;59656188868
q8320;m8320;59656188869
q8321;m8321;59656188870
q8322;m8322;59656188871
q8323;m8323;59656188872
q8324;m8324;59656188873
q8325;m8325;59656188874
q8326;m8326;59656188875
q8327;m8327;59656188876
q8328;m8328;59656188877
q8329;m8329;59656188878
q8330;m8330;59656188879
q8331;m8331;59656188880
q8332;m8332;59656188881
q8333;m8333;59656188882
q8334;m8334;59656188883
q8335;m8335;59656188884
q8336;m8336;59656188885
q8337;m8337;59656188886
q8338;m8338;59656188887
q8339;m8339;59656188888
q8340;m8340;59656188889
q8341;m8341;59656188890
q8342;m8342;59656188891
q8343;m8343;59656188892
q8344;m8344;59656188893
q8345;m8345;59656188894
q8346;m8346;59656188895
q8347;m8347;59656188896
q8348;m8348;59656188897
q8349;m8349;59656188898
q8350;m8350;59656188899
q8351;m8351;59656188900
q8352;m8352;59656188901
q8353;m8353;59656188902
q8354;m8354;59656188903
q8355;m8355;59656188904
q8356;m8356;59656188905
q8357;m8357;59656188906
q8358;m8358;59656188907
q8359;m8359;59656188908
q8360;m8360;59656188909
q8361;m8361;59656188910
q8362;m8362;59656188911
q8363;m8363;59656188912
q8364;m8364;59656188913
q8365;m8365;59656188914
q8366;m8366;59656188915
q8367;m8367;59656188916
q8368;m8368;59656188917
q8369;m8369;59656188918
q8370;m8370;59656188919
q8371;m8371;59656188920
q8372;m8372;59656188921
q8373;m8373;59656188922
q8374;m8374;59656188923
q8375;m8375;59656188924
q8376;m8376;59656188925
q8377;m8377;59656188926
q8378;m8378;59656188927
q8379;m8379;59656188928
q8380;m8380;59656188929
q8381;m8381;59656188930
q8382;m8382;59656188931
q8383;m8383;59656188932
q8384;m8384;59656188933
q8385;m8385;59656188934
q8386;m8386;59656188935
q8387;m8387;59656188936
q8388;m8388;59656188937
q8389;m8389;59656188938
q8390;m8390;59656188939
q8391;m8391;59656188940
q8392;m8392;59656188941
q8393;m8393;59656188942
q8394;m8394;59656188943
q8395;m8395;59656188944
q8396;m8396;59656188945
q8397;m8397;59656188946
q8398;m8398;59656188947
q8399;m8399;59656188948
q8400;m8400;59656188949
q8401;m8401;59656188950
q8402;m8402;59656188951
q8403;m8403;59656188952
q8404;m8404;59656188953
q8405;m8405;59656188954
q8406;m8406;59656188955
q8407;m8407;59656188956
q8408;m8408;59656188957
q8409;m8409;59656188958
q8410;m8410;59656188959
q8411;m8411;59656188960
q8412;m8412;59656188961
q8413;m8413;59656188962
q8414;m8414;59656188963
q8415;m8415;59656188964
q8416;m8416;59656188965
q8417;m8417;59656188966
q8418;m8418;59656188967
q8419;m8419;59656188968
q8420;m8420;59656188969
q8421;m8421;59656188970
q8422;m8422;59656188971
q8423;m8423;59656188972
q8424;m8424;59656188973
q8425;m8425;59656188974
q8426;m8426;59656188975
q8427;m8427;59656188976
q8428;m8428;59656188977
q8429;m8429;59656188978
q8430;m8430;59656188979
q8431;m8431;59656188980
q8432;m8432;59656188981
q8433;m8433;59656188982
q8434;m8434;59656188983
q8435;m8435;59656188984
q8436;m8436;59656188985
q8437;m8437;59656188986
q8438;m8438;59656188987
q8439;m8439;59656188988
q8440;m8440;59656188989
q8441;m8441;59656188990
q8442;m8442;59656188991
q8443;m8443;59656188992
q8444;m8444;59656188993
q8445;m8445;59656188994
q8446;m8446;59656188995
q8447;m8447;59656188996
q8448;m8448;59656188997
q8449;m8449;59656188998
q8450;m8450;59656188999
q8451;m8451;59656189000
q8452;m8452;59656189001
q8453;m8453;59656189002
q8454;m8454;59656189003
q8455;m8455;59656189004
q8456;m8456;59656189005
q8457;m8457;59656189006
q8458;m8458;59656189007
q8459;m8459;59656189008
q8460;m8460;59656189009
q8461;m8461;59656189010
q8462;m8462;59656189011
q8463;m8463;59656189012
q8464;m8464;59656189013
q8465;m8465;59656189014
q8466;m8466;59656189015
q8467;m8467;59656189016
q8468;m8468;59656189017
q8469;m8469;59656189018
q8470;m8470;59656189019
q8471;m8471;59656189020
q8472;m8472;59656189021
q8473;m8473;59656189022
q8474;m8474;59656189023
q8475;m8475;59656189024
q8476;m8476;59656189025
q8477;m8477;59656189026
q8478;m8478;59656189027
q8479;m8479;59656189028
q8480;m8480;59656189029
q8481;m8481;59656189030
q8482;m8482;59656189031
q8483;m8483;59656189032
q8484;m8484;59656189033
q8485;m8485;59656189034
q8486;m8486;59656189035
q8487;m8487;59656189036
q8488;m8488;59656189037
q8489;m8489;59656189038
q8490;m8490;59656189039
q8491;m8491;59656189040
q8492;m8492;59656189041
q8493;m8493;59656189042
q8494;m8494;59656189043
q8495;m8495;59656189044
q8496;m8496;59656189045
q8497;m8497;59656189046
q8498;m8498;59656189047
q8499;m8499;59656189048
q8500;m8500;59656189049
q8501;m8501;59656189050
q8502;m8502;59656189051
q8503;m8503;59656189052
q8504;m8504;59656189053
q8505;m8505;59656189054
q8506;m8506;59656189055
q8507;m8507;59656189056
q8508;m8508;59656189057
q8509;m8509;59656189058
q8510;m8510;59656189059
q8511;m8511;59656189060
q8512;m8512;59656189061
q8513;m8513;59656189062
q8514;m8514;59656189063
q8515;m8515;59656189064
q8516;m8516;59656189065
q8517;m8517;59656189066
q8518;m8518;59656189067
q8519;m8519;59656189068
q8520;m8520;59656189069
q8521;m8521;59656189070
q8522;m8522;59656189071
q8523;m8523;59656189072
q8524;m8524;59656189073
q8525;m8525;59656189074
q8526;m8526;59656189075
q8527;m8527;59656189076
q8528;m8528;59656189077
q8529;m8529;59656189078
q8530;m8530;59656189079
q8531;m8531;59656189080
q8532;m8532;59656189081
q8533;m8533;59656189082
q8534;m8534;59656189083
q8535;m8535;59656189084
q8536;m8536;59656189085
q8537;m8537;59656189086
q8538;m8538;59656189087
q8539;m8539;59656189088
q8540;m8540;59656189089
q8541;m8541;59656189090
q8542;m8542;59656189091
q8543;m8543;59656189092
q8544;m8544;59656189093
q8545;m8545;59656189094
q8546;m8546;59656189095
q8547;m8547;59656189096
q8548;m8548;59656189097
q8549;m8549;59656189098
q8550;m8550;59656189099
q8551;m8551;59656189100
q8552;m8552;59656189101
q8553;m8553;59656189102
q8554;m8554;59656189103
q8555;m8555;59656189104
q8556;m8556;59656189105
q8557;m8557;59656189106
q8558;m8558;59656189107
q8559;m8559;59656189108
q8560;m8560;59656189109
q8561;m8561;59656189110
q8562;m8562;59656189111
q8563;m8563;59656189112
q8564;m8564;59656189113
q8565;m8565;59656189114
q8566;m8566;59656189115
q8567;m8567;59656189116
q8568;m8568;59656189117
q8569;m8569;59656189118
q8570;m8570;59656189119
q8571;m8571;59656189120
q8572;m8572;59656189121
q8573;m8573;59656189122
q8574;m8574;59656189123
q8575;m8575;59656189124
q8576;m8576;59656189125
q8577;m8577;59656189126
q8578;m8578;59656189127
q8579;m8579;59656189128
q8580;m8580;59656189129
q8581;m8581;59656189130
q8582;m8582;59656189131
q8583;m8583;59656189132
q8584;m8584;59656189133
q8585;m8585;59656189134
q8586;m8586;59656189135
q8587;m8587;59656189136
q8588;m8588;59656189137
q8589;m8589;59656189138
q8590;m8590;59656189139
q8591;m8591;59656189140
q8592;m8592;59656189141
q8593;m8593;59656189142
q8594;m8594;59656189143
q8595;m8595;59656189144
q8596;m8596;59656189145
q8597;m8597;59656189146
q8598;m8598;59656189147
q8599;m8599;59656189148
q8600;m8600;59656189149
q8601;m8601;59656189150
q8602;m8602;59656189151
q8603;m8603;59656189152
q8604;m8604;59656189153
q8605;m8605;59656189154
q8606;m8606;59656189155
q8607;m8607;59656189156
q8608;m8608;59656189157
q8609;m8609;59656189158
q8610;m8610;59656189159
q8611;m8611;59656189160
q8612;m8612;59656189161
q8613;m8613;59656189162
q8614;m8614;59656189163
q8615;m8615;59656189164
q8616;m8616;59656189165
q8617;m8617;59656189166
q8618;m8618;59656189167
q8619;m8619;59656189168
q8620;m8620;59656189169
q8621;m8621;59656189170
q8622;m8622;59656189171
q8623;m8623;59656189172
q8624;m8624;59656189173
q8625;m8625;59656189174
q8626;m8626;59656189175
q8627;m8627;59656189176
q8628;m8628;59656189177
q8629;m8629;59656189178
q8630;m8630;59656189179
q8631;m8631;59656189180
q8632;m8632;59656189181
q8633;m8633;59656189182
q8634;m8634;59656189183
q8635;m8635;59656189184
q8636;m8636;59656189185
q8637;m8637;59656189186
q8638;m8638;59656189187
q8639;m8639;59656189188
q8640;m8640;59656189189
q8641;m8641;59656189190
q8642;m8642;59656189191
q8643;m8643;59656189192
q8644;m8644;59656189193
q8645;m8645;59656189194
q8646;m8646;59656189195
q8647;m8647;59656189196
q8648;m8648;59656189197
q8649;m8649;59656189198
q8650;m8650;59656189199
q8651;m8651;59656189200
q8652;m8652;59656189201
q8653;m8653;59656189202
q8654;m8654;59656189203
q8655;m8655;59656189204
q8656;m8656;59656189205
q8657;m8657;59656189206
q8658;m8658;59656189207
q8659;m8659;59656189208
q8660;m8660;59656189209
q8661;m8661;59656189210
q8662;m8662;59656189211
q8663;m8663;59656189212
q8664;m8664;59656189213
q8665;m8665;59656189214
q8666;m8666;59656189215
q8667;m8667;59656189216
q8668;m8668;59656189217
q8669;m8669;59656189218
q8670;m8670;59656189219
q8671;m8671;59656189220
q8672;m8672;59656189221
q8673;m8673;59656189222
q8674;m8674;59656189223
q8675;m8675;59656189224
q8676;m8676;59656189225
q8677;m8677;59656189226
q8678;m8678;59656189227
q8679;m8679;59656189228
q8680;m8680;59656189229
q8681;m8681;59656189230
q8682;m8682;59656189231
q8683;m8683;59656189232
q8684;m8684;59656189233
q8685;m8685;59656189234
q8686;m8686;59656189235
q8687;m8687;59656189236
q8688;m8688;59656189237
q8689;m8689;59656189238
q8690;m8690;59656189239
q8691;m8691;59656189240
q8692;m8692;59656189241
q8693;m8693;59656189242
q8694;m8694;59656189243
q8695;m8695;59656189244
q8696;m8696;59656189245
q8697;m8697;59656189246
q8698;m8698;59656189247
q8699;m8699;59656189248
q8700;m8700;59656189249
q8701;m8701;59656189250
q8702;m8702;59656189251
q8703;m8703;59656189252
q8704;m8704;59656189253
q8705;m8705;59656189254
q8706;m8706;59656189255
q8707;m8707;59656189256
q8708;m8708;59656189257
q8709;m8709;59656189258
q8710;m8710;59656189259
q8711;m8711;59656189260
q8712;m8712;59656189261
q8713;m8713;59656189262
q8714;m8714;59656189263
q8715;m8715;59656189264
q8716;m8716;59656189265
q8717;m8717;59656189266
q8718;m8718;59656189267
q8719;m8719;59656189268
q8720;m8720;59656189269
q8721;m8721;59656189270
q8722;m8722;59656189271
q8723;m8723;59656189272
q8724;m8724;59656189273
q8725;m8725;59656189274
q8726;m8726;59656189275
q8727;m8727;59656189276
q8728;m8728;59656189277
q8729;m8729;59656189278
q8730;m8730;59656189279
q8731;m8731;59656189280
q8732;m8732;59656189281
q8733;m8733;59656189282
q8734;m8734;59656189283
q8735;m8735;59656189284
q8736;m8736;59656189285
q8737;m8737;59656189286
q8738;m8738;59656189287
q8739;m8739;59656189288
q8740;m8740;59656189289
q8741;m8741;59656189290
q8742;m8742;59656189291
q8743;m8743;59656189292
q8744;m8744;59656189293
q8745;m8745;59656189294
q8746;m8746;59656189295
q8747;m8747;59656189296
q8748;m8748;59656189297
q8749;m8749;59656189298
q8750;m8750;59656189299
q8751;m8751;59656189300
q8752;m8752;59656189301
q8753;m8753;59656189302
q8754;m8754;59656189303
q8755;m8755;59656189304
q8756;m8756;59656189305
q8757;m8757;59656189306
q8758;m8758;59656189307
q8759;m8759;59656189308
q8760;m8760;59656189309
q8761;m8761;59656189310
q8762;m8762;59656189311
q8763;m8763;59656189312
q8764;m8764;59656189313
q8765;m8765;59656189314
q8766;m8766;59656189315
q8767;m8767;59656189316
q8768;m8768;59656189317
q8769;m8769;59656189318
q8770;m8770;59656189319
q8771;m8771;59656189320
q8772;m8772;59656189321
q8773;m8773;59656189322
q8774;m8774;59656189323
q8775;m8775;59656189324
q8776;m8776;59656189325
q8777;m8777;59656189326
q8778;m8778;59656189327
q8779;m8779;59656189328
q8780;m8780;59656189329
q8781;m8781;59656189330
q8782;m8782;59656189331
q8783;m8783;59656189332
q8784;m8784;59656189333
q8785;m8785;59656189334
q8786;m8786;59656189335
q8787;m8787;59656189336
q8788;m8788;59656189337
q8789;m8789;59656189338
q8790;m8790;59656189339
q8791;m8791;59656189340
q8792;m8792;59656189341
q8793;m8793;59656189342
q8794;m8794;59656189343
q8795;m8795;59656189344
q8796;m8796;59656189345
q8797;m8797;59656189346
q8798;m8798;59656189347
q8799;m8799;59656189348
q8800;m8800;59656189349
q8801;m8801;59656189350
q8802;m8802;59656189351
q8803;m8803;59656189352
q8804;m8804;59656189353
q8805;m8805;59656189354
q8806;m8806;59656189355
q8807;m8807;59656189356
q8808;m8808;59656189357
q8809;m8809;59656189358
q8810;m8810;59656189359
q8811;m8811;59656189360
q8812;m8812;59656189361
q8813;m8813;59656189362
q8814;m8814;59656189363
q8815;m8815;59656189364
q8816;m8816;59656189365
q8817;m8817;59656189366
q8818;m8818;59656189367
q8819;m8819;59656189368
q8820;m8820;59656189369
q8821;m8821;59656189370
q8822;m8822;59656189371
q8823;m8823;59656189372
q8824;m8824;59656189373
q8825;m8825;59656189374
q8826;m8826;59656189375
q8827;m8827;59656189376
q8828;m8828;59656189377
q8829;m8829;59656189378
q8830;m8830;59656189379
q8831;m8831;59656189380
q8832;m8832;59656189381
q8833;m8833;59656189382
q8834;m8834;59656189383
q8835;m8835;59656189384
q8836;m8836;59656189385
q8837;m8837;59656189386
q8838;m8838;59656189387
q8839;m8839;59656189388
q8840;m8840;59656189389
q8841;m8841;59656189390
q8842;m8842;59656189391
q8843;m8843;59656189392
q8844;m8844;59656189393
q8845;m8845;59656189394
q8846;m8846;59656189395
q8847;m8847;59656189396
q8848;m8848;59656189397
q8849;m8849;59656189398
q8850;m8850;59656189399
q8851;m8851;59656189400
q8852;m8852;59656189401
q8853;m8853;59656189402
q8854;m8854;59656189403
q8855;m8855;59656189404
q8856;m8856;59656189405
q8857;m8857;59656189406
q8858;m8858;59656189407
q8859;m8859;59656189408
q8860;m8860;59656189409
q8861;m8861;59656189410
q8862;m8862;59656189411
q8863;m8863;59656189412
q8864;m8864;59656189413
q8865;m8865;59656189414
q8866;m8866;59656189415
q8867;m8867;59656189416
q8868;m8868;59656189417
q8869;m8869;59656189418
q8870;m8870;59656189419
q8871;m8871;59656189420
q8872;m8872;59656189421
q8873;m8873;59656189422
q8874;m8874;59656189423
q8875;m8875;59656189424
q8876;m8876;59656189425
q8877;m8877;59656189426
q8878;m8878;59656189427
q8879;m8879;59656189428
q8880;m8880;59656189429
q8881;m8881;59656189430
q8882;m8882;59656189431
q8883;m8883;59656189432
q8884;m8884;59656189433
q8885;m8885;59656189434
q8886;m8886;59656189435
q8887;m8887;59656189436
q8888;m8888;59656189437
q8889;m8889;59656189438
q8890;m8890;59656189439
q8891;m8891;59656189440
q8892;m8892;59656189441
q8893;m8893;59656189442
q8894;m8894;59656189443
q8895;m8895;59656189444
q8896;m8896;59656189445
q8897;m8897;59656189446
q8898;m8898;59656189447
q8899;m8899;59656189448
q8900;m8900;59656189449
q8901;m8901;59656189450
q8902;m8902;59656189451
q8903;m8903;59656189452
q8904;m8904;59656189453
q8905;m8905;59656189454
q8906;m8906;59656189455
q8907;m8907;59656189456
q8908;m8908;59656189457
q8909;m8909;59656189458
q8910;m8910;59656189459
q8911;m8911;59656189460
q8912;m8912;59656189461
q8913;m8913;59656189462
q8914;m8914;59656189463
q8915;m8915;59656189464
q8916;m8916;59656189465
q8917;m8917;59656189466
q8918;m8918;59656189467
q8919;m8919;59656189468
q8920;m8920;59656189469
q8921;m8921;59656189470
q8922;m8922;59656189471
q8923;m8923;59656189472
q8924;m8924;59656189473
q8925;m8925;59656189474
q8926;m8926;59656189475
q8927;m8927;59656189476
q8928;m8928;59656189477
q8929;m8929;59656189478
q8930;m8930;59656189479
q8931;m8931;59656189480
q8932;m8932;59656189481
q8933;m8933;59656189482
q8934;m8934;59656189483
q8935;m8935;59656189484
q8936;m8936;59656189485
q8937;m8937;59656189486
q8938;m8938;59656189487
q8939;m8939;59656189488
q8940;m8940;59656189489
q8941;m8941;59656189490
q8942;m8942;59656189491
q8943;m8943;59656189492
q8944;m8944;59656189493
q8945;m8945;59656189494
q8946;m8946;59656189495
q8947;m8947;59656189496
q8948;m8948;59656189497
q8949;m8949;59656189498
q8950;m8950;59656189499
q8951;m8951;59656189500
q8952;m8952;59656189501
q8953;m8953;59656189502
q8954;m8954;59656189503
q8955;m8955;59656189504
q8956;m8956;59656189505
q8957;m8957;59656189506
q8958;m8958;59656189507
q8959;m8959;59656189508
q8960;m8960;59656189509
q8961;m8961;59656189510
q8962;m8962;59656189511
q8963;m8963;59656189512
q8964;m8964;59656189513
q8965;m8965;59656189514
q8966;m8966;59656189515
q8967;m8967;59656189516
q8968;m8968;59656189517
q8969;m8969;59656189518
q8970;m8970;59656189519
q8971;m8971;59656189520
q8972;m8972;59656189521
q8973;m8973;59656189522
q8974;m8974;59656189523
q8975;m8975;59656189524
q8976;m8976;59656189525
q8977;m8977;59656189526
q8978;m8978;59656189527
q8979;m8979;59656189528
q8980;m8980;59656189529
q8981;m8981;59656189530
q8982;m8982;59656189531
q8983;m8983;59656189532
q8984;m8984;59656189533
q8985;m8985;59656189534
q8986;m8986;59656189535
q8987;m8987;59656189536
q8988;m8988;59656189537
q8989;m8989;59656189538
q8990;m8990;59656189539
q8991;m8991;59656189540
q8992;m8992;59656189541
q8993;m8993;59656189542
q8994;m8994;59656189543
q8995;m8995;59656189544
q8996;m8996;59656189545
q8997;m8997;59656189546
q8998;m8998;59656189547
q8999;m8999;59656189548
q9000;m9000;59656189549
q9001;m9001;59656189550
q9002;m9002;59656189551
q9003;m9003;59656189552
q9004;m9004;59656189553
q9005;m9005;59656189554
q9006;m9006;59656189555
q9007;m9007;59656189556
q9008;m9008;59656189557
q9009;m9009;59656189558
q9010;m9010;59656189559
q9011;m9011;59656189560
q9012;m9012;59656189561
q9013;m9013;59656189562
q9014;m9014;59656189563
q9015;m9015;59656189564
q9016;m9016;59656189565
q9017;m9017;59656189566
q9018;m9018;59656189567
q9019;m9019;59656189568
q9020;m9020;59656189569
q9021;m9021;59656189570
q9022;m9022;59656189571
q9023;m9023;59656189572
q9024;m9024;59656189573
q9025;m9025;59656189574
q9026;m9026;59656189575
q9027;m9027;59656189576
q9028;m9028;59656189577
q9029;m9029;59656189578
q9030;m9030;59656189579
q9031;m9031;59656189580
q9032;m9032;59656189581
q9033;m9033;59656189582
q9034;m9034;59656189583
q9035;m9035;59656189584
q9036;m9036;59656189585
q9037;m9037;59656189586
q9038;m9038;59656189587
q9039;m9039;59656189588
q9040;m9040;59656189589
q9041;m9041;59656189590
q9042;m9042;59656189591
q9043;m9043;59656189592
q9044;m9044;59656189593
q9045;m9045;59656189594
q9046;m9046;59656189595
q9047;m9047;59656189596
q9048;m9048;59656189597
q9049;m9049;59656189598
q9050;m9050;59656189599
q9051;m9051;59656189600
q9052;m9052;59656189601
q9053;m9053;59656189602
q9054;m9054;59656189603
q9055;m9055;59656189604
q9056;m9056;59656189605
q9057;m9057;59656189606
q9058;m9058;59656189607
q9059;m9059;59656189608
q9060;m9060;59656189609
q9061;m9061;59656189610
q9062;m9062;59656189611
q9063;m9063;59656189612
q9064;m9064;59656189613
q9065;m9065;59656189614
q9066;m9066;59656189615
q9067;m9067;59656189616
q9068;m9068;59656189617
q9069;m9069;59656189618
q9070;m9070;59656189619
q9071;m9071;59656189620
q9072;m9072;59656189621
q9073;m9073;59656189622
q9074;m9074;59656189623
q9075;m9075;59656189624
q9076;m9076;59656189625
q9077;m9077;59656189626
q9078;m9078;59656189627
q9079;m9079;59656189628
q9080;m9080;59656189629
q9081;m9081;59656189630
q9082;m9082;59656189631
q9083;m9083;59656189632
q9084;m9084;59656189633
q9085;m9085;59656189634
q9086;m9086;59656189635
q9087;m9087;59656189636
q9088;m9088;59656189637
q9089;m9089;59656189638
q9090;m9090;59656189639
q9091;m9091;59656189640
q9092;m9092;59656189641
q9093;m9093;59656189642
q9094;m9094;59656189643
q9095;m9095;59656189644
q9096;m9096;59656189645
q9097;m9097;59656189646
q9098;m9098;59656189647
q9099;m9099;59656189648
q9100;m9100;59656189649
q9101;m9101;59656189650
q9102;m9102;59656189651
q9103;m9103;59656189652
q9104;m9104;59656189653
q9105;m9105;59656189654
q9106;m9106;59656189655
q9107;m9107;59656189656
q9108;m9108;59656189657
q9109;m9109;59656189658
q9110;m9110;59656189659
q9111;m9111;59656189660
q9112;m9112;59656189661
q9113;m9113;59656189662
q9114;m9114;59656189663
q9115;m9115;59656189664
q9116;m9116;59656189665
q9117;m9117;59656189666
q9118;m9118;59656189667
q9119;m9119;59656189668
q9120;m9120;59656189669
q9121;m9121;59656189670
q9122;m9122;59656189671
q9123;m9123;59656189672
q9124;m9124;59656189673
q9125;m9125;59656189674
q9126;m9126;59656189675
q9127;m9127;59656189676
q9128;m9128;59656189677
q9129;m9129;59656189678
q9130;m9130;59656189679
q9131;m9131;59656189680
q9132;m9132;59656189681
q9133;m9133;59656189682
q9134;m9134;59656189683
q9135;m9135;59656189684
q9136;m9136;59656189685
q9137;m9137;59656189686
q9138;m9138;59656189687
q9139;m9139;59656189688
q9140;m9140;59656189689
q9141;m9141;59656189690
q9142;m9142;59656189691
q9143;m9143;59656189692
q9144;m9144;59656189693
q9145;m9145;59656189694
q9146;m9146;59656189695
q9147;m9147;59656189696
q9148;m9148;59656189697
q9149;m9149;59656189698
q9150;m9150;59656189699
q9151;m9151;59656189700
q9152;m9152;59656189701
q9153;m9153;59656189702
q9154;m9154;59656189703
q9155;m9155;59656189704
q9156;m9156;59656189705
q9157;m9157;59656189706
q9158;m9158;59656189707
q9159;m9159;59656189708
q9160;m9160;59656189709
q9161;m9161;59656189710
q9162;m9162;59656189711
q9163;m9163;59656189712
q9164;m9164;59656189713
q9165;m9165;59656189714
q9166;m9166;59656189715
q9167;m9167;59656189716
q9168;m9168;59656189717
q9169;m9169;59656189718
q9170;m9170;59656189719
q9171;m9171;59656189720
q9172;m9172;59656189721
q9173;m9173;59656189722
q9174;m9174;59656189723
q9175;m9175;59656189724
q9176;m9176;59656189725
q9177;m9177;59656189726
q9178;m9178;59656189727
q9179;m9179;59656189728
q9180;m9180;59656189729
q9181;m9181;59656189730
q9182;m9182;59656189731
q9183;m9183;59656189732
q9184;m9184;59656189733
q9185;m9185;59656189734
q9186;m9186;59656189735
q9187;m9187;59656189736
q9188;m9188;59656189737
q9189;m9189;59656189738
q9190;m9190;59656189739
q9191;m9191;59656189740
q9192;m9192;59656189741
q9193;m9193;59656189742
q9194;m9194;59656189743
q9195;m9195;59656189744
q9196;m9196;59656189745
q9197;m9197;59656189746
q9198;m9198;59656189747
q9199;m9199;59656189748
q9200;m9200;59656189749
q9201;m9201;59656189750
q9202;m9202;59656189751
q9203;m9203;59656189752
q9204;m9204;59656189753
q9205;m9205;59656189754
q9206;m9206;59656189755
q9207;m9207;59656189756
q9208;m9208;59656189757
q9209;m9209;59656189758
q9210;m9210;59656189759
q9211;m9211;59656189760
q9212;m9212;59656189761
q9213;m9213;59656189762
q9214;m9214;59656189763
q9215;m9215;59656189764
q9216;m9216;59656189765
q9217;m9217;59656189766
q9218;m9218;59656189767
q9219;m9219;59656189768
q9220;m9220;59656189769
q9221;m9221;59656189770
q9222;m9222;59656189771
q9223;m9223;59656189772
q9224;m9224;59656189773
q9225;m9225;59656189774
q9226;m9226;59656189775
q9227;m9227;59656189776
q9228;m9228;59656189777
q9229;m9229;59656189778
q9230;m9230;59656189779
q9231;m9231;59656189780
q9232;m9232;59656189781
q9233;m9233;59656189782
q9234;m9234;59656189783
q9235;m9235;59656189784
q9236;m9236;59656189785
q9237;m9237;59656189786
q9238;m9238;59656189787
q9239;m9239;59656189788
q9240;m9240;59656189789
q9241;m9241;59656189790
q9242;m9242;59656189791
q9243;m9243;59656189792
q9244;m9244;59656189793
q9245;m9245;59656189794
q9246;m9246;59656189795
q9247;m9247;59656189796
q9248;m9248;59656189797
q9249;m9249;59656189798
q9250;m9250;59656189799
q9251;m9251;59656189800
q9252;m9252;59656189801
q9253;m9253;59656189802
q9254;m9254;59656189803
q9255;m9255;59656189804
q9256;m9256;59656189805
q9257;m9257;59656189806
q9258;m9258;59656189807
q9259;m9259;59656189808
q9260;m9260;59656189809
q9261;m9261;59656189810
q9262;m9262;59656189811
q9263;m9263;59656189812
q9264;m9264;59656189813
q9265;m9265;59656189814
q9266;m9266;59656189815
q9267;m9267;59656189816
q9268;m9268;59656189817
q9269;m9269;59656189818
q9270;m9270;59656189819
q9271;m9271;59656189820
q9272;m9272;59656189821
q9273;m9273;59656189822
q9274;m9274;59656189823
q9275;m9275;59656189824
q9276;m9276;59656189825
q9277;m9277;59656189826
q9278;m9278;59656189827
q9279;m9279;59656189828
q9280;m9280;59656189829
q9281;m9281;59656189830
q9282;m9282;59656189831
q9283;m9283;59656189832
q9284;m9284;59656189833
q9285;m9285;59656189834
q9286;m9286;59656189835
q9287;m9287;59656189836
q9288;m9288;59656189837
q9289;m9289;59656189838
q9290;m9290;59656189839
q9291;m9291;59656189840
q9292;m9292;59656189841
q9293;m9293;59656189842
q9294;m9294;59656189843
q9295;m9295;59656189844
q9296;m9296;59656189845
q9297;m9297;59656189846
q9298;m9298;59656189847
q9299;m9299;59656189848
q9300;m9300;59656189849
q9301;m9301;59656189850
q9302;m9302;59656189851
q9303;m9303;59656189852
q9304;m9304;59656189853
q9305;m9305;59656189854
q9306;m9306;59656189855
q9307;m9307;59656189856
q9308;m9308;59656189857
q9309;m9309;59656189858
q9310;m9310;59656189859
q9311;m9311;59656189860
q9312;m9312;59656189861
q9313;m9313;59656189862
q9314;m9314;59656189863
q9315;m9315;59656189864
q9316;m9316;59656189865
q9317;m9317;59656189866
q9318;m9318;59656189867
q9319;m9319;59656189868
q9320;m9320;59656189869
q9321;m9321;59656189870
q9322;m9322;59656189871
q9323;m9323;59656189872
q9324;m9324;59656189873
q9325;m9325;59656189874
q9326;m9326;59656189875
q9327;m9327;59656189876
q9328;m9328;59656189877
q9329;m9329;59656189878
q9330;m9330;59656189879
q9331;m9331;59656189880
q9332;m9332;59656189881
q9333;m9333;59656189882
q9334;m9334;59656189883
q9335;m9335;59656189884
q9336;m9336;59656189885
q9337;m9337;59656189886
q9338;m9338;59656189887
q9339;m9339;59656189888
q9340;m9340;59656189889
q9341;m9341;59656189890
q9342;m9342;59656189891
q9343;m9343;59656189892
q9344;m9344;59656189893
q9345;m9345;59656189894
q9346;m9346;59656189895
q9347;m9347;59656189896
q9348;m9348;59656189897
q9349;m9349;59656189898
q9350;m9350;59656189899
q9351;m9351;59656189900
q9352;m9352;59656189901
q9353;m9353;59656189902
q9354;m9354;59656189903
q9355;m9355;59656189904
q9356;m9356;59656189905
q9357;m9357;59656189906
q9358;m9358;59656189907
q9359;m9359;59656189908
q9360;m9360;59656189909
q9361;m9361;59656189910
q9362;m9362;59656189911
q9363;m9363;59656189912
q9364;m9364;59656189913
q9365;m9365;59656189914
q9366;m9366;59656189915
q9367;m9367;59656189916
q9368;m9368;59656189917
q9369;m9369;59656189918
q9370;m9370;59656189919
q9371;m9371;59656189920
q9372;m9372;59656189921
q9373;m9373;59656189922
q9374;m9374;59656189923
q9375;m9375;59656189924
q9376;m9376;59656189925
q9377;m9377;59656189926
q9378;m9378;59656189927
q9379;m9379;59656189928
q9380;m9380;59656189929
q9381;m9381;59656189930
q9382;m9382;59656189931
q9383;m9383;59656189932
q9384;m9384;59656189933
q9385;m9385;59656189934
q9386;m9386;59656189935
q9387;m9387;59656189936
q9388;m9388;59656189937
q9389;m9389;59656189938
q9390;m9390;59656189939
q9391;m9391;59656189940
q9392;m9392;59656189941
q9393;m9393;59656189942
q9394;m9394;59656189943
q9395;m9395;59656189944
q9396;m9396;59656189945
q9397;m9397;59656189946
q9398;m9398;59656189947
q9399;m9399;59656189948
q9400;m9400;59656189949
q9401;m9401;59656189950
q9402;m9402;59656189951
q9403;m9403;59656189952
q9404;m9404;59656189953
q9405;m9405;59656189954
q9406;m9406;59656189955
q9407;m9407;59656189956
q9408;m9408;59656189957
q9409;m9409;59656189958
q9410;m9410;59656189959
q9411;m9411;59656189960
q9412;m9412;59656189961
q9413;m9413;59656189962
q9414;m9414;59656189963
q9415;m9415;59656189964
q9416;m9416;59656189965
q9417;m9417;59656189966
q9418;m9418;59656189967
q9419;m9419;59656189968
q9420;m9420;59656189969
q9421;m9421;59656189970
q9422;m9422;59656189971
q9423;m9423;59656189972
q9424;m9424;59656189973
q9425;m9425;59656189974
q9426;m9426;59656189975
q9427;m9427;59656189976
q9428;m9428;59656189977
q9429;m9429;59656189978
q9430;m9430;59656189979
q9431;m9431;59656189980
q9432;m9432;59656189981
q9433;m9433;59656189982
q9434;m9434;59656189983
q9435;m9435;59656189984
q9436;m9436;59656189985
q9437;m9437;59656189986
q9438;m9438;59656189987
q9439;m9439;59656189988
q9440;m9440;59656189989
q9441;m9441;59656189990
q9442;m9442;59656189991
q9443;m9443;59656189992
q9444;m9444;59656189993
q9445;m9445;59656189994
q9446;m9446;59656189995
q9447;m9447;59656189996
q9448;m9448;59656189997
q9449;m9449;59656189998
q9450;m9450;59656189999
q9451;m9451;59656190000
q9452;m9452;59656190001
q9453;m9453;59656190002
q9454;m9454;59656190003
q9455;m9455;59656190004
q9456;m9456;59656190005
q9457;m9457;59656190006
q9458;m9458;59656190007
q9459;m9459;59656190008
q9460;m9460;59656190009
q9461;m9461;59656190010
q9462;m9462;59656190011
q9463;m9463;59656190012
q9464;m9464;59656190013
q9465;m9465;59656190014
q9466;m9466;59656190015
q9467;m9467;59656190016
q9468;m9468;59656190017
q9469;m9469;59656190018
q9470;m9470;59656190019
q9471;m9471;59656190020
q9472;m9472;59656190021
q9473;m9473;59656190022
q9474;m9474;59656190023
q9475;m9475;59656190024
q9476;m9476;59656190025
q9477;m9477;59656190026
q9478;m9478;59656190027
q9479;m9479;59656190028
q9480;m9480;59656190029
q9481;m9481;59656190030
q9482;m9482;59656190031
q9483;m9483;59656190032
q9484;m9484;59656190033
q9485;m9485;59656190034
q9486;m9486;59656190035
q9487;m9487;59656190036
q9488;m9488;59656190037
q9489;m9489;59656190038
q9490;m9490;59656190039
q9491;m9491;59656190040
q9492;m9492;59656190041
q9493;m9493;59656190042
q9494;m9494;59656190043
q9495;m9495;59656190044
q9496;m9496;59656190045
q9497;m9497;59656190046
q9498;m9498;59656190047
q9499;m9499;59656190048
q9500;m9500;59656190049
q9501;m9501;59656190050
q9502;m9502;59656190051
q9503;m9503;59656190052
q9504;m9504;59656190053
q9505;m9505;59656190054
q9506;m9506;59656190055
q9507;m9507;59656190056
q9508;m9508;59656190057
q9509;m9509;59656190058
q9510;m9510;59656190059
q9511;m9511;59656190060
q9512;m9512;59656190061
q9513;m9513;59656190062
q9514;m9514;59656190063
q9515;m9515;59656190064
q9516;m9516;59656190065
q9517;m9517;59656190066
q9518;m9518;59656190067
q9519;m9519;59656190068
q9520;m9520;59656190069
q9521;m9521;59656190070
q9522;m9522;59656190071
q9523;m9523;59656190072
q9524;m9524;59656190073
q9525;m9525;59656190074
q9526;m9526;59656190075
q9527;m9527;59656190076
q9528;m9528;59656190077
q9529;m9529;59656190078
q9530;m9530;59656190079
q9531;m9531;59656190080
q9532;m9532;59656190081
q9533;m9533;59656190082
q9534;m9534;59656190083
q9535;m9535;59656190084
q9536;m9536;59656190085
q9537;m9537;59656190086
q9538;m9538;59656190087
q9539;m9539;59656190088
q9540;m9540;59656190089
q9541;m9541;59656190090
q9542;m9542;59656190091
q9543;m9543;59656190092
q9544;m9544;59656190093
q9545;m9545;59656190094
q9546;m9546;59656190095
q9547;m9547;59656190096
q9548;m9548;59656190097
q9549;m9549;59656190098
q9550;m9550;59656190099
q9551;m9551;59656190100
q9552;m9552;59656190101
q9553;m9553;59656190102
q9554;m9554;59656190103
q9555;m9555;59656190104
q9556;m9556;59656190105
q9557;m9557;59656190106
q9558;m9558;59656190107
q9559;m9559;59656190108
q9560;m9560;59656190109
q9561;m9561;59656190110
q9562;m9562;59656190111
q9563;m9563;59656190112
q9564;m9564;59656190113
q9565;m9565;59656190114
q9566;m9566;59656190115
q9567;m9567;59656190116
q9568;m9568;59656190117
q9569;m9569;59656190118
q9570;m9570;59656190119
q9571;m9571;59656190120
q9572;m9572;59656190121
q9573;m9573;59656190122
q9574;m9574;59656190123
q9575;m9575;59656190124
q9576;m9576;59656190125
q9577;m9577;59656190126
q9578;m9578;59656190127
q9579;m9579;59656190128
q9580;m9580;59656190129
q9581;m9581;59656190130
q9582;m9582;59656190131
q9583;m9583;59656190132
q9584;m9584;59656190133
q9585;m9585;59656190134
q9586;m9586;59656190135
q9587;m9587;59656190136
q9588;m9588;59656190137
q9589;m9589;59656190138
q9590;m9590;59656190139
q9591;m9591;59656190140
q9592;m9592;59656190141
q9593;m9593;59656190142
q9594;m9594;59656190143
q9595;m9595;59656190144
q9596;m9596;59656190145
q9597;m9597;59656190146
q9598;m9598;59656190147
q9599;m9599;59656190148
q9600;m9600;59656190149
q9601;m9601;59656190150
q9602;m9602;59656190151
q9603;m9603;59656190152
q9604;m9604;59656190153
q9605;m9605;59656190154
q9606;m9606;59656190155
q9607;m9607;59656190156
q9608;m9608;59656190157
q9609;m9609;59656190158
q9610;m9610;59656190159
q9611;m9611;59656190160
q9612;m9612;59656190161
q9613;m9613;59656190162
q9614;m9614;59656190163
q9615;m9615;59656190164
q9616;m9616;59656190165
q9617;m9617;59656190166
q9618;m9618;59656190167
q9619;m9619;59656190168
q9620;m9620;59656190169
q9621;m9621;59656190170
q9622;m9622;59656190171
q9623;m9623;59656190172
q9624;m9624;59656190173
q9625;m9625;59656190174
q9626;m9626;59656190175
q9627;m9627;59656190176
q9628;m9628;59656190177
q9629;m9629;59656190178
q9630;m9630;59656190179
q9631;m9631;59656190180
q9632;m9632;59656190181
q9633;m9633;59656190182
q9634;m9634;59656190183
q9635;m9635;59656190184
q9636;m9636;59656190185
q9637;m9637;59656190186
q9638;m9638;59656190187
q9639;m9639;59656190188
q9640;m9640;59656190189
q9641;m9641;59656190190
q9642;m9642;59656190191
q9643;m9643;59656190192
q9644;m9644;59656190193
q9645;m9645;59656190194
q9646;m9646;59656190195
q9647;m9647;59656190196
q9648;m9648;59656190197
q9649;m9649;59656190198
q9650;m9650;59656190199
q9651;m9651;59656190200
q9652;m9652;59656190201
q9653;m9653;59656190202
q9654;m9654;59656190203
q9655;m9655;59656190204
q9656;m9656;59656190205
q9657;m9657;59656190206
q9658;m9658;59656190207
q9659;m9659;59656190208
q9660;m9660;59656190209
q9661;m9661;59656190210
q9662;m9662;59656190211
q9663;m9663;59656190212
q9664;m9664;59656190213
q9665;m9665;59656190214
q9666;m9666;59656190215
q9667;m9667;59656190216
q9668;m9668;59656190217
q9669;m9669;59656190218
q9670;m9670;59656190219
q9671;m9671;59656190220
q9672;m9672;59656190221
q9673;m9673;59656190222
q9674;m9674;59656190223
q9675;m9675;59656190224
q9676;m9676;59656190225
q9677;m9677;59656190226
q9678;m9678;59656190227
q9679;m9679;59656190228
q9680;m9680;59656190229
q9681;m9681;59656190230
q9682;m9682;59656190231
q9683;m9683;59656190232
q9684;m9684;59656190233
q9685;m9685;59656190234
q9686;m9686;59656190235
q9687;m9687;59656190236
q9688;m9688;59656190237
q9689;m9689;59656190238
q9690;m9690;59656190239
q9691;m9691;59656190240
q9692;m9692;59656190241
q9693;m9693;59656190242
q9694;m9694;59656190243
q9695;m9695;59656190244
q9696;m9696;59656190245
q9697;m9697;59656190246
q9698;m9698;59656190247
q9699;m9699;59656190248
q9700;m9700;59656190249
q9701;m9701;59656190250
q9702;m9702;59656190251
q9703;m9703;59656190252
q9704;m9704;59656190253
q9705;m9705;59656190254
q9706;m9706;59656190255
q9707;m9707;59656190256
q9708;m9708;59656190257
q9709;m9709;59656190258
q9710;m9710;59656190259
q9711;m9711;59656190260
q9712;m9712;59656190261
q9713;m9713;59656190262
q9714;m9714;59656190263
q9715;m9715;59656190264
q9716;m9716;59656190265
q9717;m9717;59656190266
q9718;m9718;59656190267
q9719;m9719;59656190268
q9720;m9720;59656190269
q9721;m9721;59656190270
q9722;m9722;59656190271
q9723;m9723;59656190272
q9724;m9724;59656190273
q9725;m9725;59656190274
q9726;m9726;59656190275
q9727;m9727;59656190276
q9728;m9728;59656190277
q9729;m9729;59656190278
q9730;m9730;59656190279
q9731;m9731;59656190280
q9732;m9732;59656190281
q9733;m9733;59656190282
q9734;m9734;59656190283
q9735;m9735;59656190284
q9736;m9736;59656190285
q9737;m9737;59656190286
q9738;m9738;59656190287
q9739;m9739;59656190288
q9740;m9740;59656190289
q9741;m9741;59656190290
q9742;m9742;59656190291
q9743;m9743;59656190292
q9744;m9744;59656190293
q9745;m9745;59656190294
q9746;m9746;59656190295
q9747;m9747;59656190296
q9748;m9748;59656190297
q9749;m9749;59656190298
q9750;m9750;59656190299
q9751;m9751;59656190300
q9752;m9752;59656190301
q9753;m9753;59656190302
q9754;m9754;59656190303
q9755;m9755;59656190304
q9756;m9756;59656190305
q9757;m9757;59656190306
q9758;m9758;59656190307
q9759;m9759;59656190308
q9760;m9760;59656190309
q9761;m9761;59656190310
q9762;m9762;59656190311
q9763;m9763;59656190312
q9764;m9764;59656190313
q9765;m9765;59656190314
q9766;m9766;59656190315
q9767;m9767;59656190316
q9768;m9768;59656190317
q9769;m9769;59656190318
q9770;m9770;59656190319
q9771;m9771;59656190320
q9772;m9772;59656190321
q9773;m9773;59656190322
q9774;m9774;59656190323
q9775;m9775;59656190324
q9776;m9776;59656190325
q9777;m9777;59656190326
q9778;m9778;59656190327
q9779;m9779;59656190328
q9780;m9780;59656190329
q9781;m9781;59656190330
q9782;m9782;59656190331
q9783;m9783;59656190332
q9784;m9784;59656190333
q9785;m9785;59656190334
q9786;m9786;59656190335
q9787;m9787;59656190336
q9788;m9788;59656190337
q9789;m9789;59656190338
q9790;m9790;59656190339
q9791;m9791;59656190340
q9792;m9792;59656190341
q9793;m9793;59656190342
q9794;m9794;59656190343
q9795;m9795;59656190344
q9796;m9796;59656190345
q9797;m9797;59656190346
q9798;m9798;59656190347
q9799;m9799;59656190348
q9800;m9800;59656190349
q9801;m9801;59656190350
q9802;m9802;59656190351
q9803;m9803;59656190352
q9804;m9804;59656190353
q9805;m9805;59656190354
q9806;m9806;59656190355
q9807;m9807;59656190356
q9808;m9808;59656190357
q9809;m9809;59656190358
q9810;m9810;59656190359
q9811;m9811;59656190360
q9812;m9812;59656190361
q9813;m9813;59656190362
q9814;m9814;59656190363
q9815;m9815;59656190364
q9816;m9816;59656190365
q9817;m9817;59656190366
q9818;m9818;59656190367
q9819;m9819;59656190368
q9820;m9820;59656190369
q9821;m9821;59656190370
q9822;m9822;59656190371
q9823;m9823;59656190372
q9824;m9824;59656190373
q9825;m9825;59656190374
q9826;m9826;59656190375
q9827;m9827;59656190376
q9828;m9828;59656190377
q9829;m9829;59656190378
q9830;m9830;59656190379
q9831;m9831;59656190380
q9832;m9832;59656190381
q9833;m9833;59656190382
q9834;m9834;59656190383
q9835;m9835;59656190384
q9836;m9836;59656190385
q9837;m9837;59656190386
q9838;m9838;59656190387
q9839;m9839;59656190388
q9840;m9840;59656190389
q9841;m9841;59656190390
q9842;m9842;59656190391
q9843;m9843;59656190392
q9844;m9844;59656190393
q9845;m9845;59656190394
q9846;m9846;59656190395
q9847;m9847;59656190396
q9848;m9848;59656190397
q9849;m9849;59656190398
q9850;m9850;59656190399
q9851;m9851;59656190400
q9852;m9852;59656190401
q9853;m9853;59656190402
q9854;m9854;59656190403
q9855;m9855;59656190404
q9856;m9856;59656190405
q9857;m9857;59656190406
q9858;m9858;59656190407
q9859;m9859;59656190408
q9860;m9860;59656190409
q9861;m9861;59656190410
q9862;m9862;59656190411
q9863;m9863;59656190412
q9864;m9864;59656190413
q9865;m9865;59656190414
q9866;m9866;59656190415
q9867;m9867;59656190416
q9868;m9868;59656190417
q9869;m9869;59656190418
q9870;m9870;59656190419
q9871;m9871;59656190420
q9872;m9872;59656190421
q9873;m9873;59656190422
q9874;m9874;59656190423
q9875;m9875;59656190424
q9876;m9876;59656190425
q9877;m9877;59656190426
q9878;m9878;59656190427
q9879;m9879;59656190428
q9880;m9880;59656190429
q9881;m9881;59656190430
q9882;m9882;59656190431
q9883;m9883;59656190432
q9884;m9884;59656190433
q9885;m9885;59656190434
q9886;m9886;59656190435
q9887;m9887;59656190436
q9888;m9888;59656190437
q9889;m9889;59656190438
q9890;m9890;59656190439
q9891;m9891;59656190440
q9892;m9892;59656190441
q9893;m9893;59656190442
q9894;m9894;59656190443
q9895;m9895;59656190444
q9896;m9896;59656190445
q9897;m9897;59656190446
q9898;m9898;59656190447
q9899;m9899;59656190448
q9900;m9900;59656190449
q9901;m9901;59656190450
q9902;m9902;59656190451
q9903;m9903;59656190452
q9904;m9904;59656190453
q9905;m9905;59656190454
q9906;m9906;59656190455
q9907;m9907;59656190456
q9908;m9908;59656190457
q9909;m9909;59656190458
q9910;m9910;59656190459
q9911;m9911;59656190460
q9912;m9912;59656190461
q9913;m9913;59656190462
q9914;m9914;59656190463
q9915;m9915;59656190464
q9916;m9916;59656190465
q9917;m9917;59656190466
q9918;m9918;59656190467
q9919;m9919;59656190468
q9920;m9920;59656190469
q9921;m9921;59656190470
q9922;m9922;59656190471
q9923;m9923;59656190472
q9924;m9924;59656190473
q9925;m9925;59656190474
q9926;m9926;59656190475
q9927;m9927;59656190476
q9928;m9928;59656190477
q9929;m9929;59656190478
q9930;m9930;59656190479
q9931;m9931;59656190480
q9932;m9932;59656190481
q9933;m9933;59656190482
q9934;m9934;59656190483
q9935;m9935;59656190484
q9936;m9936;59656190485
q9937;m9937;59656190486
q9938;m9938;59656190487
q9939;m9939;59656190488
q9940;m9940;59656190489
q9941;m9941;59656190490
q9942;m9942;59656190491
q9943;m9943;59656190492
q9944;m9944;59656190493
q9945;m9945;59656190494
q9946;m9946;59656190495
q9947;m9947;59656190496
q9948;m9948;59656190497
q9949;m9949;59656190498
q9950;m9950;59656190499
q9951;m9951;59656190500
q9952;m9952;59656190501
q9953;m9953;59656190502
q9954;m9954;59656190503
q9955;m9955;59656190504
q9956;m9956;59656190505
q9957;m9957;59656190506
q9958;m9958;59656190507
q9959;m9959;59656190508
q9960;m9960;59656190509
q9961;m9961;59656190510
q9962;m9962;59656190511
q9963;m9963;59656190512
q9964;m9964;59656190513
q9965;m9965;59656190514
q9966;m9966;59656190515
q9967;m9967;59656190516
q9968;m9968;59656190517
q9969;m9969;59656190518
q9970;m9970;59656190519
q9971;m9971;59656190520
q9972;m9972;59656190521
q9973;m9973;59656190522
q9974;m9974;59656190523
q9975;m9975;59656190524
q9976;m9976;59656190525
q9977;m9977;59656190526
q9978;m9978;59656190527
q9979;m9979;59656190528
q9980;m9980;59656190529
q9981;m9981;59656190530
q9982;m9982;59656190531
q9983;m9983;59656190532
q9984;m9984;59656190533
q9985;m9985;59656190534
q9986;m9986;59656190535
q9987;m9987;59656190536
q9988;m9988;59656190537
q9989;m9989;59656190538
q9990;m9990;59656190539
q9991;m9991;59656190540
q9992;m9992;59656190541
q9993;m9993;59656190542
q9994;m9994;59656190543
q9995;m9995;59656190544
q9996;m9996;59656190545
q9997;m9997;59656190546
q9998;m9998;59656190547
q9999;m9999;59656190548
q10000;m10000;59656190549
q10001;m10001;59656190550
q10002;m10002;59656190551
q10003;m10003;59656190552
q10004;m10004;59656190553
q10005;m10005;59656190554
q10006;m10006;59656190555
q10007;m10007;59656190556
q10008;m10008;59656190557
q10009;m10009;59656190558
q10010;m10010;59656190559
q10011;m10011;59656190560
q10012;m10012;59656190561
q10013;m10013;59656190562
q10014;m10014;59656190563
q10015;m10015;59656190564
q10016;m10016;59656190565
q10017;m10017;59656190566
q10018;m10018;59656190567
q10019;m10019;59656190568
q10020;m10020;59656190569
q10021;m10021;59656190570
q10022;m10022;59656190571
q10023;m10023;59656190572
q10024;m10024;59656190573
q10025;m10025;59656190574
q10026;m10026;59656190575
q10027;m10027;59656190576
q10028;m10028;59656190577
q10029;m10029;59656190578
q10030;m10030;59656190579
q10031;m10031;59656190580
q10032;m10032;59656190581
q10033;m10033;59656190582
q10034;m10034;59656190583
q10035;m10035;59656190584
q10036;m10036;59656190585
q10037;m10037;59656190586
q10038;m10038;59656190587
q10039;m10039;59656190588
q10040;m10040;59656190589
q10041;m10041;59656190590
q10042;m10042;59656190591
q10043;m10043;59656190592
q10044;m10044;59656190593
q10045;m10045;59656190594
q10046;m10046;59656190595
q10047;m10047;59656190596
q10048;m10048;59656190597
q10049;m10049;59656190598
q10050;m10050;59656190599
q10051;m10051;59656190600
q10052;m10052;59656190601
q10053;m10053;59656190602
q10054;m10054;59656190603
q10055;m10055;59656190604
q10056;m10056;59656190605
q10057;m10057;59656190606
q10058;m10058;59656190607
q10059;m10059;59656190608
q10060;m10060;59656190609
q10061;m10061;59656190610
q10062;m10062;59656190611
q10063;m10063;59656190612
q10064;m10064;59656190613
q10065;m10065;59656190614
q10066;m10066;59656190615
q10067;m10067;59656190616
q10068;m10068;59656190617
q10069;m10069;59656190618
q10070;m10070;59656190619
q10071;m10071;59656190620
q10072;m10072;59656190621
q10073;m10073;59656190622
q10074;m10074;59656190623
q10075;m10075;59656190624
q10076;m10076;59656190625
q10077;m10077;59656190626
q10078;m10078;59656190627
q10079;m10079;59656190628
q10080;m10080;59656190629
q10081;m10081;59656190630
q10082;m10082;59656190631
q10083;m10083;59656190632
q10084;m10084;59656190633
q10085;m10085;59656190634
q10086;m10086;59656190635
q10087;m10087;59656190636
q10088;m10088;59656190637
q10089;m10089;59656190638
q10090;m10090;59656190639
q10091;m10091;59656190640
q10092;m10092;59656190641
q10093;m10093;59656190642
q10094;m10094;59656190643
q10095;m10095;59656190644
q10096;m10096;59656190645
q10097;m10097;59656190646
q10098;m10098;59656190647
q10099;m10099;59656190648
q10100;m10100;59656190649
q10101;m10101;59656190650
q10102;m10102;59656190651
q10103;m10103;59656190652
q10104;m10104;59656190653
q10105;m10105;59656190654
q10106;m10106;59656190655
q10107;m10107;59656190656
q10108;m10108;59656190657
q10109;m10109;59656190658
q10110;m10110;59656190659
q10111;m10111;59656190660
q10112;m10112;59656190661
q10113;m10113;59656190662
q10114;m10114;59656190663
q10115;m10115;59656190664
q10116;m10116;59656190665
q10117;m10117;59656190666
q10118;m10118;59656190667
q10119;m10119;59656190668
q10120;m10120;59656190669
q10121;m10121;59656190670
q10122;m10122;59656190671
q10123;m10123;59656190672
q10124;m10124;59656190673
q10125;m10125;59656190674
q10126;m10126;59656190675
q10127;m10127;59656190676
q10128;m10128;59656190677
q10129;m10129;59656190678
q10130;m10130;59656190679
q10131;m10131;59656190680
q10132;m10132;59656190681
q10133;m10133;59656190682
q10134;m10134;59656190683
q10135;m10135;59656190684
q10136;m10136;59656190685
q10137;m10137;59656190686
q10138;m10138;59656190687
q10139;m10139;59656190688
q10140;m10140;59656190689
q10141;m10141;59656190690
q10142;m10142;59656190691
q10143;m10143;59656190692
q10144;m10144;59656190693
q10145;m10145;59656190694
q10146;m10146;59656190695
q10147;m10147;59656190696
q10148;m10148;59656190697
q10149;m10149;59656190698
q10150;m10150;59656190699
q10151;m10151;59656190700
q10152;m10152;59656190701
q10153;m10153;59656190702
q10154;m10154;59656190703
q10155;m10155;59656190704
q10156;m10156;59656190705
q10157;m10157;59656190706
q10158;m10158;59656190707
q10159;m10159;59656190708
q10160;m10160;59656190709
q10161;m10161;59656190710
q10162;m10162;59656190711
q10163;m10163;59656190712
q10164;m10164;59656190713
q10165;m10165;59656190714
q10166;m10166;59656190715
q10167;m10167;59656190716
q10168;m10168;59656190717
q10169;m10169;59656190718
q10170;m10170;59656190719
q10171;m10171;59656190720
q10172;m10172;59656190721
q10173;m10173;59656190722
q10174;m10174;59656190723
q10175;m10175;59656190724
q10176;m10176;59656190725
q10177;m10177;59656190726
q10178;m10178;59656190727
q10179;m10179;59656190728
q10180;m10180;59656190729
q10181;m10181;59656190730
q10182;m10182;59656190731
q10183;m10183;59656190732
q10184;m10184;59656190733
q10185;m10185;59656190734
q10186;m10186;59656190735
q10187;m10187;59656190736
q10188;m10188;59656190737
q10189;m10189;59656190738
q10190;m10190;59656190739
q10191;m10191;59656190740
q10192;m10192;59656190741
q10193;m10193;59656190742
q10194;m10194;59656190743
q10195;m10195;59656190744
q10196;m10196;59656190745
q10197;m10197;59656190746
q10198;m10198;59656190747
q10199;m10199;59656190748
q10200;m10200;59656190749
q10201;m10201;59656190750
q10202;m10202;59656190751
q10203;m10203;59656190752
q10204;m10204;59656190753
q10205;m10205;59656190754
q10206;m10206;59656190755
q10207;m10207;59656190756
q10208;m10208;59656190757
q10209;m10209;59656190758
q10210;m10210;59656190759
q10211;m10211;59656190760
q10212;m10212;59656190761
q10213;m10213;59656190762
q10214;m10214;59656190763
q10215;m10215;59656190764
q10216;m10216;59656190765
q10217;m10217;59656190766
q10218;m10218;59656190767
q10219;m10219;59656190768
q10220;m10220;59656190769
q10221;m10221;59656190770
q10222;m10222;59656190771
q10223;m10223;59656190772
q10224;m10224;59656190773
q10225;m10225;59656190774
q10226;m10226;59656190775
q10227;m10227;59656190776
q10228;m10228;59656190777
q10229;m10229;59656190778
q10230;m10230;59656190779
q10231;m10231;59656190780
q10232;m10232;59656190781
q10233;m10233;59656190782
q10234;m10234;59656190783
q10235;m10235;59656190784
q10236;m10236;59656190785
q10237;m10237;59656190786
q10238;m10238;59656190787
q10239;m10239;59656190788
q10240;m10240;59656190789
q10241;m10241;59656190790
q10242;m10242;59656190791
q10243;m10243;59656190792
q10244;m10244;59656190793
q10245;m10245;59656190794
q10246;m10246;59656190795
q10247;m10247;59656190796
q10248;m10248;59656190797
q10249;m10249;59656190798
q10250;m10250;59656190799
q10251;m10251;59656190800
q10252;m10252;59656190801
q10253;m10253;59656190802
q10254;m10254;59656190803
q10255;m10255;59656190804
q10256;m10256;59656190805
q10257;m10257;59656190806
q10258;m10258;59656190807
q10259;m10259;59656190808
q10260;m10260;59656190809
q10261;m10261;59656190810
q10262;m10262;59656190811
q10263;m10263;59656190812
q10264;m10264;59656190813
q10265;m10265;59656190814
q10266;m10266;59656190815
q10267;m10267;59656190816
q10268;m10268;59656190817
q10269;m10269;59656190818
q10270;m10270;59656190819
q10271;m10271;59656190820
q10272;m10272;59656190821
q10273;m10273;59656190822
q10274;m10274;59656190823
q10275;m10275;59656190824
q10276;m10276;59656190825
q10277;m10277;59656190826
q10278;m10278;59656190827
q10279;m10279;59656190828
q10280;m10280;59656190829
q10281;m10281;59656190830
q10282;m10282;59656190831
q10283;m10283;59656190832
q10284;m10284;59656190833
q10285;m10285;59656190834
q10286;m10286;59656190835
q10287;m10287;59656190836
q10288;m10288;59656190837
q10289;m10289;59656190838
q10290;m10290;59656190839
q10291;m10291;59656190840
q10292;m10292;59656190841
q10293;m10293;59656190842
q10294;m10294;59656190843
q10295;m10295;59656190844
q10296;m10296;59656190845
q10297;m10297;59656190846
q10298;m10298;59656190847
q10299;m10299;59656190848
q10300;m10300;59656190849
q10301;m10301;59656190850
q10302;m10302;59656190851
q10303;m10303;59656190852
q10304;m10304;59656190853
q10305;m10305;59656190854
q10306;m10306;59656190855
q10307;m10307;59656190856
q10308;m10308;59656190857
q10309;m10309;59656190858
q10310;m10310;59656190859
q10311;m10311;59656190860
q10312;m10312;59656190861
q10313;m10313;59656190862
q10314;m10314;59656190863
q10315;m10315;59656190864
q10316;m10316;59656190865
q10317;m10317;59656190866
q10318;m10318;59656190867
q10319;m10319;59656190868
q10320;m10320;59656190869
q10321;m10321;59656190870
q10322;m10322;59656190871
q10323;m10323;59656190872
q10324;m10324;59656190873
q10325;m10325;59656190874
q10326;m10326;59656190875
q10327;m10327;59656190876
q10328;m10328;59656190877
q10329;m10329;59656190878
q10330;m10330;59656190879
q10331;m10331;59656190880
q10332;m10332;59656190881
q10333;m10333;59656190882
q10334;m10334;59656190883
q10335;m10335;59656190884
q10336;m10336;59656190885
q10337;m10337;59656190886
q10338;m10338;59656190887
q10339;m10339;59656190888
q10340;m10340;59656190889
q10341;m10341;59656190890
q10342;m10342;59656190891
q10343;m10343;59656190892
q10344;m10344;59656190893
q10345;m10345;59656190894
q10346;m10346;59656190895
q10347;m10347;59656190896
q10348;m10348;59656190897
q10349;m10349;59656190898
q10350;m10350;59656190899
q10351;m10351;59656190900
q10352;m10352;59656190901
q10353;m10353;59656190902
q10354;m10354;59656190903
q10355;m10355;59656190904
q10356;m10356;59656190905
q10357;m10357;59656190906
q10358;m10358;59656190907
q10359;m10359;59656190908
q10360;m10360;59656190909
q10361;m10361;59656190910
q10362;m10362;59656190911
q10363;m10363;59656190912
q10364;m10364;59656190913
q10365;m10365;59656190914
q10366;m10366;59656190915
q10367;m10367;59656190916
q10368;m10368;59656190917
q10369;m10369;59656190918
q10370;m10370;59656190919
q10371;m10371;59656190920
q10372;m10372;59656190921
q10373;m10373;59656190922
q10374;m10374;59656190923
q10375;m10375;59656190924
q10376;m10376;59656190925
q10377;m10377;59656190926
q10378;m10378;59656190927
q10379;m10379;59656190928
q10380;m10380;59656190929
q10381;m10381;59656190930
q10382;m10382;59656190931
q10383;m10383;59656190932
q10384;m10384;59656190933
q10385;m10385;59656190934
q10386;m10386;59656190935
q10387;m10387;59656190936
q10388;m10388;59656190937
q10389;m10389;59656190938
q10390;m10390;59656190939
q10391;m10391;59656190940
q10392;m10392;59656190941
q10393;m10393;59656190942
q10394;m10394;59656190943
q10395;m10395;59656190944
q10396;m10396;59656190945
q10397;m10397;59656190946
q10398;m10398;59656190947
q10399;m10399;59656190948
q10400;m10400;59656190949
q10401;m10401;59656190950
q10402;m10402;59656190951
q10403;m10403;59656190952
q10404;m10404;59656190953
q10405;m10405;59656190954
q10406;m10406;59656190955
q10407;m10407;59656190956
q10408;m10408;59656190957
q10409;m10409;59656190958
q10410;m10410;59656190959
q10411;m10411;59656190960
q10412;m10412;59656190961
q10413;m10413;59656190962
q10414;m10414;59656190963
q10415;m10415;59656190964
q10416;m10416;59656190965
q10417;m10417;59656190966
q10418;m10418;59656190967
q10419;m10419;59656190968
q10420;m10420;59656190969
q10421;m10421;59656190970
q10422;m10422;59656190971
q10423;m10423;59656190972
q10424;m10424;59656190973
q10425;m10425;59656190974
q10426;m10426;59656190975
q10427;m10427;59656190976
q10428;m10428;59656190977
q10429;m10429;59656190978
q10430;m10430;59656190979
q10431;m10431;59656190980
q10432;m10432;59656190981
q10433;m10433;59656190982
q10434;m10434;59656190983
q10435;m10435;59656190984
q10436;m10436;59656190985
q10437;m10437;59656190986
q10438;m10438;59656190987
q10439;m10439;59656190988
q10440;m10440;59656190989
q10441;m10441;59656190990
q10442;m10442;59656190991
q10443;m10443;59656190992
q10444;m10444;59656190993
q10445;m10445;59656190994
q10446;m10446;59656190995
q10447;m10447;59656190996
q10448;m10448;59656190997
q10449;m10449;59656190998
q10450;m10450;59656190999
q10451;m10451;59656191000
q10452;m10452;59656191001
q10453;m10453;59656191002
q10454;m10454;59656191003
q10455;m10455;59656191004
q10456;m10456;59656191005
q10457;m10457;59656191006
q10458;m10458;59656191007
q10459;m10459;59656191008
q10460;m10460;59656191009
q10461;m10461;59656191010
q10462;m10462;59656191011
q10463;m10463;59656191012
q10464;m10464;59656191013
q10465;m10465;59656191014
q10466;m10466;59656191015
q10467;m10467;59656191016
q10468;m10468;59656191017
q10469;m10469;59656191018
q10470;m10470;59656191019
q10471;m10471;59656191020
q10472;m10472;59656191021
q10473;m10473;59656191022
q10474;m10474;59656191023
q10475;m10475;59656191024
q10476;m10476;59656191025
q10477;m10477;59656191026
q10478;m10478;59656191027
q10479;m10479;59656191028
q10480;m10480;59656191029
q10481;m10481;59656191030
q10482;m10482;59656191031
q10483;m10483;59656191032
q10484;m10484;59656191033
q10485;m10485;59656191034
q10486;m10486;59656191035
q10487;m10487;59656191036
q10488;m10488;59656191037
q10489;m10489;59656191038
q10490;m10490;59656191039
q10491;m10491;59656191040
q10492;m10492;59656191041
q10493;m10493;59656191042
q10494;m10494;59656191043
q10495;m10495;59656191044
q10496;m10496;59656191045
q10497;m10497;59656191046
q10498;m10498;59656191047
q10499;m10499;59656191048
q10500;m10500;59656191049
q10501;m10501;59656191050
q10502;m10502;59656191051
q10503;m10503;59656191052
q10504;m10504;59656191053
q10505;m10505;59656191054
q10506;m10506;59656191055
q10507;m10507;59656191056
q10508;m10508;59656191057
q10509;m10509;59656191058
q10510;m10510;59656191059
q10511;m10511;59656191060
q10512;m10512;59656191061
q10513;m10513;59656191062
q10514;m10514;59656191063
q10515;m10515;59656191064
q10516;m10516;59656191065
q10517;m10517;59656191066
q10518;m10518;59656191067
q10519;m10519;59656191068
q10520;m10520;59656191069
q10521;m10521;59656191070
q10522;m10522;59656191071
q10523;m10523;59656191072
q10524;m10524;59656191073
q10525;m10525;59656191074
q10526;m10526;59656191075
q10527;m10527;59656191076
q10528;m10528;59656191077
q10529;m10529;59656191078
q10530;m10530;59656191079
q10531;m10531;59656191080
q10532;m10532;59656191081
q10533;m10533;59656191082
q10534;m10534;59656191083
q10535;m10535;59656191084
q10536;m10536;59656191085
q10537;m10537;59656191086
q10538;m10538;59656191087
q10539;m10539;59656191088
q10540;m10540;59656191089
q10541;m10541;59656191090
q10542;m10542;59656191091
q10543;m10543;59656191092
q10544;m10544;59656191093
q10545;m10545;59656191094
q10546;m10546;59656191095
q10547;m10547;59656191096
q10548;m10548;59656191097
q10549;m10549;59656191098
q10550;m10550;59656191099
q10551;m10551;59656191100
q10552;m10552;59656191101
q10553;m10553;59656191102
q10554;m10554;59656191103
q10555;m10555;59656191104
q10556;m10556;59656191105
q10557;m10557;59656191106
q10558;m10558;59656191107
q10559;m10559;59656191108
q10560;m10560;59656191109
q10561;m10561;59656191110
q10562;m10562;59656191111
q10563;m10563;59656191112
q10564;m10564;59656191113
q10565;m10565;59656191114
q10566;m10566;59656191115
q10567;m10567;59656191116
q10568;m10568;59656191117
q10569;m10569;59656191118
q10570;m10570;59656191119
q10571;m10571;59656191120
q10572;m10572;59656191121
q10573;m10573;59656191122
q10574;m10574;59656191123
q10575;m10575;59656191124
q10576;m10576;59656191125
q10577;m10577;59656191126
q10578;m10578;59656191127
q10579;m10579;59656191128
q10580;m10580;59656191129
q10581;m10581;59656191130
q10582;m10582;59656191131
q10583;m10583;59656191132
q10584;m10584;59656191133
q10585;m10585;59656191134
q10586;m10586;59656191135
q10587;m10587;59656191136
q10588;m10588;59656191137
q10589;m10589;59656191138
q10590;m10590;59656191139
q10591;m10591;59656191140
q10592;m10592;59656191141
q10593;m10593;59656191142
q10594;m10594;59656191143
q10595;m10595;59656191144
q10596;m10596;59656191145
q10597;m10597;59656191146
q10598;m10598;59656191147
q10599;m10599;59656191148
q10600;m10600;59656191149
q10601;m10601;59656191150
q10602;m10602;59656191151
q10603;m10603;59656191152
q10604;m10604;59656191153
q10605;m10605;59656191154
q10606;m10606;59656191155
q10607;m10607;59656191156
q10608;m10608;59656191157
q10609;m10609;59656191158
q10610;m10610;59656191159
q10611;m10611;59656191160
q10612;m10612;59656191161
q10613;m10613;59656191162
q10614;m10614;59656191163
q10615;m10615;59656191164
q10616;m10616;59656191165
q10617;m10617;59656191166
q10618;m10618;59656191167
q10619;m10619;59656191168
q10620;m10620;59656191169
q10621;m10621;59656191170
q10622;m10622;59656191171
q10623;m10623;59656191172
q10624;m10624;59656191173
q10625;m10625;59656191174
q10626;m10626;59656191175
q10627;m10627;59656191176
q10628;m10628;59656191177
q10629;m10629;59656191178
q10630;m10630;59656191179
q10631;m10631;59656191180
q10632;m10632;59656191181
q10633;m10633;59656191182
q10634;m10634;59656191183
q10635;m10635;59656191184
q10636;m10636;59656191185
q10637;m10637;59656191186
q10638;m10638;59656191187
q10639;m10639;59656191188
q10640;m10640;59656191189
q10641;m10641;59656191190
q10642;m10642;59656191191
q10643;m10643;59656191192
q10644;m10644;59656191193
q10645;m10645;59656191194
q10646;m10646;59656191195
q10647;m10647;59656191196
q10648;m10648;59656191197
q10649;m10649;59656191198
q10650;m10650;59656191199
q10651;m10651;59656191200
q10652;m10652;59656191201
q10653;m10653;59656191202
q10654;m10654;59656191203
q10655;m10655;59656191204
q10656;m10656;59656191205
q10657;m10657;59656191206
q10658;m10658;59656191207
q10659;m10659;59656191208
q10660;m10660;59656191209
q10661;m10661;59656191210
q10662;m10662;59656191211
q10663;m10663;59656191212
q10664;m10664;59656191213
q10665;m10665;59656191214
q10666;m10666;59656191215
q10667;m10667;59656191216
q10668;m10668;59656191217
q10669;m10669;59656191218
q10670;m10670;59656191219
q10671;m10671;59656191220
q10672;m10672;59656191221
q10673;m10673;59656191222
q10674;m10674;59656191223
q10675;m10675;59656191224
q10676;m10676;59656191225
q10677;m10677;59656191226
q10678;m10678;59656191227
q10679;m10679;59656191228
q10680;m10680;59656191229
q10681;m10681;59656191230
q10682;m10682;59656191231
q10683;m10683;59656191232
q10684;m10684;59656191233
q10685;m10685;59656191234
q10686;m10686;59656191235
q10687;m10687;59656191236
q10688;m10688;59656191237
q10689;m10689;59656191238
q10690;m10690;59656191239
q10691;m10691;59656191240
q10692;m10692;59656191241
q10693;m10693;59656191242
q10694;m10694;59656191243
q10695;m10695;59656191244
q10696;m10696;59656191245
q10697;m10697;59656191246
q10698;m10698;59656191247
q10699;m10699;59656191248
q10700;m10700;59656191249
q10701;m10701;59656191250
q10702;m10702;59656191251
q10703;m10703;59656191252
q10704;m10704;59656191253
q10705;m10705;59656191254
q10706;m10706;59656191255
q10707;m10707;59656191256
q10708;m10708;59656191257
q10709;m10709;59656191258
q10710;m10710;59656191259
q10711;m10711;59656191260
q10712;m10712;59656191261
q10713;m10713;59656191262
q10714;m10714;59656191263
q10715;m10715;59656191264
q10716;m10716;59656191265
q10717;m10717;59656191266
q10718;m10718;59656191267
q10719;m10719;59656191268
q10720;m10720;59656191269
q10721;m10721;59656191270
q10722;m10722;59656191271
q10723;m10723;59656191272
q10724;m10724;59656191273
q10725;m10725;59656191274
q10726;m10726;59656191275
q10727;m10727;59656191276
q10728;m10728;59656191277
q10729;m10729;59656191278
q10730;m10730;59656191279
q10731;m10731;59656191280
q10732;m10732;59656191281
q10733;m10733;59656191282
q10734;m10734;59656191283
q10735;m10735;59656191284
q10736;m10736;59656191285
q10737;m10737;59656191286
q10738;m10738;59656191287
q10739;m10739;59656191288
q10740;m10740;59656191289
q10741;m10741;59656191290
q10742;m10742;59656191291
q10743;m10743;59656191292
q10744;m10744;59656191293
q10745;m10745;59656191294
q10746;m10746;59656191295
q10747;m10747;59656191296
q10748;m10748;59656191297
q10749;m10749;59656191298
q10750;m10750;59656191299
q10751;m10751;59656191300
q10752;m10752;59656191301
q10753;m10753;59656191302
q10754;m10754;59656191303
q10755;m10755;59656191304
q10756;m10756;59656191305
q10757;m10757;59656191306
q10758;m10758;59656191307
q10759;m10759;59656191308
q10760;m10760;59656191309
q10761;m10761;59656191310
q10762;m10762;59656191311
q10763;m10763;59656191312
q10764;m10764;59656191313
q10765;m10765;59656191314
q10766;m10766;59656191315
q10767;m10767;59656191316
q10768;m10768;59656191317
q10769;m10769;59656191318
q10770;m10770;59656191319
q10771;m10771;59656191320
q10772;m10772;59656191321
q10773;m10773;59656191322
q10774;m10774;59656191323
q10775;m10775;59656191324
q10776;m10776;59656191325
q10777;m10777;59656191326
q10778;m10778;59656191327
q10779;m10779;59656191328
q10780;m10780;59656191329
q10781;m10781;59656191330
q10782;m10782;59656191331
q10783;m10783;59656191332
q10784;m10784;59656191333
q10785;m10785;59656191334
q10786;m10786;59656191335
q10787;m10787;59656191336
q10788;m10788;59656191337
q10789;m10789;59656191338
q10790;m10790;59656191339
q10791;m10791;59656191340
q10792;m10792;59656191341
q10793;m10793;59656191342
q10794;m10794;59656191343
q10795;m10795;59656191344
q10796;m10796;59656191345
q10797;m10797;59656191346
q10798;m10798;59656191347
q10799;m10799;59656191348
q10800;m10800;59656191349
q10801;m10801;59656191350
q10802;m10802;59656191351
q10803;m10803;59656191352
q10804;m10804;59656191353
q10805;m10805;59656191354
q10806;m10806;59656191355
q10807;m10807;59656191356
q10808;m10808;59656191357
q10809;m10809;59656191358
q10810;m10810;59656191359
q10811;m10811;59656191360
q10812;m10812;59656191361
q10813;m10813;59656191362
q10814;m10814;59656191363
q10815;m10815;59656191364
q10816;m10816;59656191365
q10817;m10817;59656191366
q10818;m10818;59656191367
q10819;m10819;59656191368
q10820;m10820;59656191369
q10821;m10821;59656191370
q10822;m10822;59656191371
q10823;m10823;59656191372
q10824;m10824;59656191373
q10825;m10825;59656191374
q10826;m10826;59656191375
q10827;m10827;59656191376
q10828;m10828;59656191377
q10829;m10829;59656191378
q10830;m10830;59656191379
q10831;m10831;59656191380
q10832;m10832;59656191381
q10833;m10833;59656191382
q10834;m10834;59656191383
q10835;m10835;59656191384
q10836;m10836;59656191385
q10837;m10837;59656191386
q10838;m10838;59656191387
q10839;m10839;59656191388
q10840;m10840;59656191389
q10841;m10841;59656191390
q10842;m10842;59656191391
q10843;m10843;59656191392
q10844;m10844;59656191393
q10845;m10845;59656191394
q10846;m10846;59656191395
q10847;m10847;59656191396
q10848;m10848;59656191397
q10849;m10849;59656191398
q10850;m10850;59656191399
q10851;m10851;59656191400
q10852;m10852;59656191401
q10853;m10853;59656191402
q10854;m10854;59656191403
q10855;m10855;59656191404
q10856;m10856;59656191405
q10857;m10857;59656191406
q10858;m10858;59656191407
q10859;m10859;59656191408
q10860;m10860;59656191409
q10861;m10861;59656191410
q10862;m10862;59656191411
q10863;m10863;59656191412
q10864;m10864;59656191413
q10865;m10865;59656191414
q10866;m10866;59656191415
q10867;m10867;59656191416
q10868;m10868;59656191417
q10869;m10869;59656191418
q10870;m10870;59656191419
q10871;m10871;59656191420
q10872;m10872;59656191421
q10873;m10873;59656191422
q10874;m10874;59656191423
q10875;m10875;59656191424
q10876;m10876;59656191425
q10877;m10877;59656191426
q10878;m10878;59656191427
q10879;m10879;59656191428
q10880;m10880;59656191429
q10881;m10881;59656191430
q10882;m10882;59656191431
q10883;m10883;59656191432
q10884;m10884;59656191433
q10885;m10885;59656191434
q10886;m10886;59656191435
q10887;m10887;59656191436
q10888;m10888;59656191437
q10889;m10889;59656191438
q10890;m10890;59656191439
q10891;m10891;59656191440
q10892;m10892;59656191441
q10893;m10893;59656191442
q10894;m10894;59656191443
q10895;m10895;59656191444
q10896;m10896;59656191445
q10897;m10897;59656191446
q10898;m10898;59656191447
q10899;m10899;59656191448
q10900;m10900;59656191449
q10901;m10901;59656191450
q10902;m10902;59656191451
q10903;m10903;59656191452
q10904;m10904;59656191453
q10905;m10905;59656191454
q10906;m10906;59656191455
q10907;m10907;59656191456
q10908;m10908;59656191457
q10909;m10909;59656191458
q10910;m10910;59656191459
q10911;m10911;59656191460
q10912;m10912;59656191461
q10913;m10913;59656191462
q10914;m10914;59656191463
q10915;m10915;59656191464
q10916;m10916;59656191465
q10917;m10917;59656191466
q10918;m10918;59656191467
q10919;m10919;59656191468
q10920;m10920;59656191469
q10921;m10921;59656191470
q10922;m10922;59656191471
q10923;m10923;59656191472
q10924;m10924;59656191473
q10925;m10925;59656191474
q10926;m10926;59656191475
q10927;m10927;59656191476
q10928;m10928;59656191477
q10929;m10929;59656191478
q10930;m10930;59656191479
q10931;m10931;59656191480
q10932;m10932;59656191481
q10933;m10933;59656191482
q10934;m10934;59656191483
q10935;m10935;59656191484
q10936;m10936;59656191485
q10937;m10937;59656191486
q10938;m10938;59656191487
q10939;m10939;59656191488
q10940;m10940;59656191489
q10941;m10941;59656191490
q10942;m10942;59656191491
q10943;m10943;59656191492
q10944;m10944;59656191493
q10945;m10945;59656191494
q10946;m10946;59656191495
q10947;m10947;59656191496
q10948;m10948;59656191497
q10949;m10949;59656191498
q10950;m10950;59656191499
q10951;m10951;59656191500
q10952;m10952;59656191501
q10953;m10953;59656191502
q10954;m10954;59656191503
q10955;m10955;59656191504
q10956;m10956;59656191505
q10957;m10957;59656191506
q10958;m10958;59656191507
q10959;m10959;59656191508
q10960;m10960;59656191509
q10961;m10961;59656191510
q10962;m10962;59656191511
q10963;m10963;59656191512
q10964;m10964;59656191513
q10965;m10965;59656191514
q10966;m10966;59656191515
q10967;m10967;59656191516
q10968;m10968;59656191517
q10969;m10969;59656191518
q10970;m10970;59656191519
q10971;m10971;59656191520
q10972;m10972;59656191521
q10973;m10973;59656191522
q10974;m10974;59656191523
q10975;m10975;59656191524
q10976;m10976;59656191525
q10977;m10977;59656191526
q10978;m10978;59656191527
q10979;m10979;59656191528
q10980;m10980;59656191529
q10981;m10981;59656191530
q10982;m10982;59656191531
q10983;m10983;59656191532
q10984;m10984;59656191533
q10985;m10985;59656191534
q10986;m10986;59656191535
q10987;m10987;59656191536
q10988;m10988;59656191537
q10989;m10989;59656191538
q10990;m10990;59656191539
q10991;m10991;59656191540
q10992;m10992;59656191541
q10993;m10993;59656191542
q10994;m10994;59656191543
q10995;m10995;59656191544
q10996;m10996;59656191545
q10997;m10997;59656191546
q10998;m10998;59656191547
q10999;m10999;59656191548
q11000;m11000;59656191549
q11001;m11001;59656191550
q11002;m11002;59656191551
q11003;m11003;59656191552
q11004;m11004;59656191553
q11005;m11005;59656191554
q11006;m11006;59656191555
q11007;m11007;59656191556
q11008;m11008;59656191557
q11009;m11009;59656191558
q11010;m11010;59656191559
q11011;m11011;59656191560
q11012;m11012;59656191561
q11013;m11013;59656191562
q11014;m11014;59656191563
q11015;m11015;59656191564
q11016;m11016;59656191565
q11017;m11017;59656191566
q11018;m11018;59656191567
q11019;m11019;59656191568
q11020;m11020;59656191569
q11021;m11021;59656191570
q11022;m11022;59656191571
q11023;m11023;59656191572
q11024;m11024;59656191573
q11025;m11025;59656191574
q11026;m11026;59656191575
q11027;m11027;59656191576
q11028;m11028;59656191577
q11029;m11029;59656191578
q11030;m11030;59656191579
q11031;m11031;59656191580
q11032;m11032;59656191581
q11033;m11033;59656191582
q11034;m11034;59656191583
q11035;m11035;59656191584
q11036;m11036;59656191585
q11037;m11037;59656191586
q11038;m11038;59656191587
q11039;m11039;59656191588
q11040;m11040;59656191589
q11041;m11041;59656191590
q11042;m11042;59656191591
q11043;m11043;59656191592
q11044;m11044;59656191593
q11045;m11045;59656191594
q11046;m11046;59656191595
q11047;m11047;59656191596
q11048;m11048;59656191597
q11049;m11049;59656191598
q11050;m11050;59656191599
q11051;m11051;59656191600
q11052;m11052;59656191601
q11053;m11053;59656191602
q11054;m11054;59656191603
q11055;m11055;59656191604
q11056;m11056;59656191605
q11057;m11057;59656191606
q11058;m11058;59656191607
q11059;m11059;59656191608
q11060;m11060;59656191609
q11061;m11061;59656191610
q11062;m11062;59656191611
q11063;m11063;59656191612
q11064;m11064;59656191613
q11065;m11065;59656191614
q11066;m11066;59656191615
q11067;m11067;59656191616
q11068;m11068;59656191617
q11069;m11069;59656191618
q11070;m11070;59656191619
q11071;m11071;59656191620
q11072;m11072;59656191621
q11073;m11073;59656191622
q11074;m11074;59656191623
q11075;m11075;59656191624
q11076;m11076;59656191625
q11077;m11077;59656191626
q11078;m11078;59656191627
q11079;m11079;59656191628
q11080;m11080;59656191629
q11081;m11081;59656191630
q11082;m11082;59656191631
q11083;m11083;59656191632
q11084;m11084;59656191633
q11085;m11085;59656191634
q11086;m11086;59656191635
q11087;m11087;59656191636
q11088;m11088;59656191637
q11089;m11089;59656191638
q11090;m11090;59656191639
q11091;m11091;59656191640
q11092;m11092;59656191641
q11093;m11093;59656191642
q11094;m11094;59656191643
q11095;m11095;59656191644
q11096;m11096;59656191645
q11097;m11097;59656191646
q11098;m11098;59656191647
q11099;m11099;59656191648
q11100;m11100;59656191649
q11101;m11101;59656191650
q11102;m11102;59656191651
q11103;m11103;59656191652
q11104;m11104;59656191653
q11105;m11105;59656191654
q11106;m11106;59656191655
q11107;m11107;59656191656
q11108;m11108;59656191657
q11109;m11109;59656191658
q11110;m11110;59656191659
q11111;m11111;59656191660
q11112;m11112;59656191661
q11113;m11113;59656191662
q11114;m11114;59656191663
q11115;m11115;59656191664
q11116;m11116;59656191665
q11117;m11117;59656191666
q11118;m11118;59656191667
q11119;m11119;59656191668
q11120;m11120;59656191669
q11121;m11121;59656191670
q11122;m11122;59656191671
q11123;m11123;59656191672
q11124;m11124;59656191673
q11125;m11125;59656191674
q11126;m11126;59656191675
q11127;m11127;59656191676
q11128;m11128;59656191677
q11129;m11129;59656191678
q11130;m11130;59656191679
q11131;m11131;59656191680
q11132;m11132;59656191681
q11133;m11133;59656191682
q11134;m11134;59656191683
q11135;m11135;59656191684
q11136;m11136;59656191685
q11137;m11137;59656191686
q11138;m11138;59656191687
q11139;m11139;59656191688
q11140;m11140;59656191689
q11141;m11141;59656191690
q11142;m11142;59656191691
q11143;m11143;59656191692
q11144;m11144;59656191693
q11145;m11145;59656191694
q11146;m11146;59656191695
q11147;m11147;59656191696
q11148;m11148;59656191697
q11149;m11149;59656191698
q11150;m11150;59656191699
q11151;m11151;59656191700
q11152;m11152;59656191701
q11153;m11153;59656191702
q11154;m11154;59656191703
q11155;m11155;59656191704
q11156;m11156;59656191705
q11157;m11157;59656191706
q11158;m11158;59656191707
q11159;m11159;59656191708
q11160;m11160;59656191709
q11161;m11161;59656191710
q11162;m11162;59656191711
q11163;m11163;59656191712
q11164;m11164;59656191713
q11165;m11165;59656191714
q11166;m11166;59656191715
q11167;m11167;59656191716
q11168;m11168;59656191717
q11169;m11169;59656191718
q11170;m11170;59656191719
q11171;m11171;59656191720
q11172;m11172;59656191721
q11173;m11173;59656191722
q11174;m11174;59656191723
q11175;m11175;59656191724
q11176;m11176;59656191725
q11177;m11177;59656191726
q11178;m11178;59656191727
q11179;m11179;59656191728
q11180;m11180;59656191729
q11181;m11181;59656191730
q11182;m11182;59656191731
q11183;m11183;59656191732
q11184;m11184;59656191733
q11185;m11185;59656191734
q11186;m11186;59656191735
q11187;m11187;59656191736
q11188;m11188;59656191737
q11189;m11189;59656191738
q11190;m11190;59656191739
q11191;m11191;59656191740
q11192;m11192;59656191741
q11193;m11193;59656191742
q11194;m11194;59656191743
q11195;m11195;59656191744
q11196;m11196;59656191745
q11197;m11197;59656191746
q11198;m11198;59656191747
q11199;m11199;59656191748
q11200;m11200;59656191749
q11201;m11201;59656191750
q11202;m11202;59656191751
q11203;m11203;59656191752
q11204;m11204;59656191753
q11205;m11205;59656191754
q11206;m11206;59656191755
q11207;m11207;59656191756
q11208;m11208;59656191757
q11209;m11209;59656191758
q11210;m11210;59656191759
q11211;m11211;59656191760
q11212;m11212;59656191761
q11213;m11213;59656191762
q11214;m11214;59656191763
q11215;m11215;59656191764
q11216;m11216;59656191765
q11217;m11217;59656191766
q11218;m11218;59656191767
q11219;m11219;59656191768
q11220;m11220;59656191769
q11221;m11221;59656191770
q11222;m11222;59656191771
q11223;m11223;59656191772
q11224;m11224;59656191773
q11225;m11225;59656191774
q11226;m11226;59656191775
q11227;m11227;59656191776
q11228;m11228;59656191777
q11229;m11229;59656191778
q11230;m11230;59656191779
q11231;m11231;59656191780
q11232;m11232;59656191781
q11233;m11233;59656191782
q11234;m11234;59656191783
q11235;m11235;59656191784
q11236;m11236;59656191785
q11237;m11237;59656191786
q11238;m11238;59656191787
q11239;m11239;59656191788
q11240;m11240;59656191789
q11241;m11241;59656191790
q11242;m11242;59656191791
q11243;m11243;59656191792
q11244;m11244;59656191793
q11245;m11245;59656191794
q11246;m11246;59656191795
q11247;m11247;59656191796
q11248;m11248;59656191797
q11249;m11249;59656191798
q11250;m11250;59656191799
q11251;m11251;59656191800
q11252;m11252;59656191801
q11253;m11253;59656191802
q11254;m11254;59656191803
q11255;m11255;59656191804
q11256;m11256;59656191805
q11257;m11257;59656191806
q11258;m11258;59656191807
q11259;m11259;59656191808
q11260;m11260;59656191809
q11261;m11261;59656191810
q11262;m11262;59656191811
q11263;m11263;59656191812
q11264;m11264;59656191813
q11265;m11265;59656191814
q11266;m11266;59656191815
q11267;m11267;59656191816
q11268;m11268;59656191817
q11269;m11269;59656191818
q11270;m11270;59656191819
q11271;m11271;59656191820
q11272;m11272;59656191821
q11273;m11273;59656191822
q11274;m11274;59656191823
q11275;m11275;59656191824
q11276;m11276;59656191825
q11277;m11277;59656191826
q11278;m11278;59656191827
q11279;m11279;59656191828
q11280;m11280;59656191829
q11281;m11281;59656191830
q11282;m11282;59656191831
q11283;m11283;59656191832
q11284;m11284;59656191833
q11285;m11285;59656191834
q11286;m11286;59656191835
q11287;m11287;59656191836
q11288;m11288;59656191837
q11289;m11289;59656191838
q11290;m11290;59656191839
q11291;m11291;59656191840
q11292;m11292;59656191841
q11293;m11293;59656191842
q11294;m11294;59656191843
q11295;m11295;59656191844
q11296;m11296;59656191845
q11297;m11297;59656191846
q11298;m11298;59656191847
q11299;m11299;59656191848
q11300;m11300;59656191849
q11301;m11301;59656191850
q11302;m11302;59656191851
q11303;m11303;59656191852
q11304;m11304;59656191853
q11305;m11305;59656191854
q11306;m11306;59656191855
q11307;m11307;59656191856
q11308;m11308;59656191857
q11309;m11309;59656191858
q11310;m11310;59656191859
q11311;m11311;59656191860
q11312;m11312;59656191861
q11313;m11313;59656191862
q11314;m11314;59656191863
q11315;m11315;59656191864
q11316;m11316;59656191865
q11317;m11317;59656191866
q11318;m11318;59656191867
q11319;m11319;59656191868
q11320;m11320;59656191869
q11321;m11321;59656191870
q11322;m11322;59656191871
q11323;m11323;59656191872
q11324;m11324;59656191873
q11325;m11325;59656191874
q11326;m11326;59656191875
q11327;m11327;59656191876
q11328;m11328;59656191877
q11329;m11329;59656191878
q11330;m11330;59656191879
q11331;m11331;59656191880
q11332;m11332;59656191881
q11333;m11333;59656191882
q11334;m11334;59656191883
q11335;m11335;59656191884
q11336;m11336;59656191885
q11337;m11337;59656191886
q11338;m11338;59656191887
q11339;m11339;59656191888
q11340;m11340;59656191889
q11341;m11341;59656191890
q11342;m11342;59656191891
q11343;m11343;59656191892
q11344;m11344;59656191893
q11345;m11345;59656191894
q11346;m11346;59656191895
q11347;m11347;59656191896
q11348;m11348;59656191897
q11349;m11349;59656191898
q11350;m11350;59656191899
q11351;m11351;59656191900
q11352;m11352;59656191901
q11353;m11353;59656191902
q11354;m11354;59656191903
q11355;m11355;59656191904
q11356;m11356;59656191905
q11357;m11357;59656191906
q11358;m11358;59656191907
q11359;m11359;59656191908
q11360;m11360;59656191909
q11361;m11361;59656191910
q11362;m11362;59656191911
q11363;m11363;59656191912
q11364;m11364;59656191913
q11365;m11365;59656191914
q11366;m11366;59656191915
q11367;m11367;59656191916
q11368;m11368;59656191917
q11369;m11369;59656191918
q11370;m11370;59656191919
q11371;m11371;59656191920
q11372;m11372;59656191921
q11373;m11373;59656191922
q11374;m11374;59656191923
q11375;m11375;59656191924
q11376;m11376;59656191925
q11377;m11377;59656191926
q11378;m11378;59656191927
q11379;m11379;59656191928
q11380;m11380;59656191929
q11381;m11381;59656191930
q11382;m11382;59656191931
q11383;m11383;59656191932
q11384;m11384;59656191933
q11385;m11385;59656191934
q11386;m11386;59656191935
q11387;m11387;59656191936
q11388;m11388;59656191937
q11389;m11389;59656191938
q11390;m11390;59656191939
q11391;m11391;59656191940
q11392;m11392;59656191941
q11393;m11393;59656191942
q11394;m11394;59656191943
q11395;m11395;59656191944
q11396;m11396;59656191945
q11397;m11397;59656191946
q11398;m11398;59656191947
q11399;m11399;59656191948
q11400;m11400;59656191949
q11401;m11401;59656191950
q11402;m11402;59656191951
q11403;m11403;59656191952
q11404;m11404;59656191953
q11405;m11405;59656191954
q11406;m11406;59656191955
q11407;m11407;59656191956
q11408;m11408;59656191957
q11409;m11409;59656191958
q11410;m11410;59656191959
q11411;m11411;59656191960
q11412;m11412;59656191961
q11413;m11413;59656191962
q11414;m11414;59656191963
q11415;m11415;59656191964
q11416;m11416;59656191965
q11417;m11417;59656191966
q11418;m11418;59656191967
q11419;m11419;59656191968
q11420;m11420;59656191969
q11421;m11421;59656191970
q11422;m11422;59656191971
q11423;m11423;59656191972
q11424;m11424;59656191973
q11425;m11425;59656191974
q11426;m11426;59656191975
q11427;m11427;59656191976
q11428;m11428;59656191977
q11429;m11429;59656191978
q11430;m11430;59656191979
q11431;m11431;59656191980
q11432;m11432;59656191981
q11433;m11433;59656191982
q11434;m11434;59656191983
q11435;m11435;59656191984
q11436;m11436;59656191985
q11437;m11437;59656191986
q11438;m11438;59656191987
q11439;m11439;59656191988
q11440;m11440;59656191989
q11441;m11441;59656191990
q11442;m11442;59656191991
q11443;m11443;59656191992
q11444;m11444;59656191993
q11445;m11445;59656191994
q11446;m11446;59656191995
q11447;m11447;59656191996
q11448;m11448;59656191997
q11449;m11449;59656191998
q11450;m11450;59656191999
q11451;m11451;59656192000
q11452;m11452;59656192001
q11453;m11453;59656192002
q11454;m11454;59656192003
q11455;m11455;59656192004
q11456;m11456;59656192005
q11457;m11457;59656192006
q11458;m11458;59656192007
q11459;m11459;59656192008
q11460;m11460;59656192009
q11461;m11461;59656192010
q11462;m11462;59656192011
q11463;m11463;59656192012
q11464;m11464;59656192013
q11465;m11465;59656192014
q11466;m11466;59656192015
q11467;m11467;59656192016
q11468;m11468;59656192017
q11469;m11469;59656192018
q11470;m11470;59656192019
q11471;m11471;59656192020
q11472;m11472;59656192021
q11473;m11473;59656192022
q11474;m11474;59656192023
q11475;m11475;59656192024
q11476;m11476;59656192025
q11477;m11477;59656192026
q11478;m11478;59656192027
q11479;m11479;59656192028
q11480;m11480;59656192029
q11481;m11481;59656192030
q11482;m11482;59656192031
q11483;m11483;59656192032
q11484;m11484;59656192033
q11485;m11485;59656192034
q11486;m11486;59656192035
q11487;m11487;59656192036
q11488;m11488;59656192037
q11489;m11489;59656192038
q11490;m11490;59656192039
q11491;m11491;59656192040
q11492;m11492;59656192041
q11493;m11493;59656192042
q11494;m11494;59656192043
q11495;m11495;59656192044
q11496;m11496;59656192045
q11497;m11497;59656192046
q11498;m11498;59656192047
q11499;m11499;59656192048
q11500;m11500;59656192049
q11501;m11501;59656192050
q11502;m11502;59656192051
q11503;m11503;59656192052
q11504;m11504;59656192053
q11505;m11505;59656192054
q11506;m11506;59656192055
q11507;m11507;59656192056
q11508;m11508;59656192057
q11509;m11509;59656192058
q11510;m11510;59656192059
q11511;m11511;59656192060
q11512;m11512;59656192061
q11513;m11513;59656192062
q11514;m11514;59656192063
q11515;m11515;59656192064
q11516;m11516;59656192065
q11517;m11517;59656192066
q11518;m11518;59656192067
q11519;m11519;59656192068
q11520;m11520;59656192069
q11521;m11521;59656192070
q11522;m11522;59656192071
q11523;m11523;59656192072
q11524;m11524;59656192073
q11525;m11525;59656192074
q11526;m11526;59656192075
q11527;m11527;59656192076
q11528;m11528;59656192077
q11529;m11529;59656192078
q11530;m11530;59656192079
q11531;m11531;59656192080
q11532;m11532;59656192081
q11533;m11533;59656192082
q11534;m11534;59656192083
q11535;m11535;59656192084
q11536;m11536;59656192085
q11537;m11537;59656192086
q11538;m11538;59656192087
q11539;m11539;59656192088
q11540;m11540;59656192089
q11541;m11541;59656192090
q11542;m11542;59656192091
q11543;m11543;59656192092
q11544;m11544;59656192093
q11545;m11545;59656192094
q11546;m11546;59656192095
q11547;m11547;59656192096
q11548;m11548;59656192097
q11549;m11549;59656192098
q11550;m11550;59656192099
q11551;m11551;59656192100
q11552;m11552;59656192101
q11553;m11553;59656192102
q11554;m11554;59656192103
q11555;m11555;59656192104
q11556;m11556;59656192105
q11557;m11557;59656192106
q11558;m11558;59656192107
q11559;m11559;59656192108
q11560;m11560;59656192109
q11561;m11561;59656192110
q11562;m11562;59656192111
q11563;m11563;59656192112
q11564;m11564;59656192113
q11565;m11565;59656192114
q11566;m11566;59656192115
q11567;m11567;59656192116
q11568;m11568;59656192117
q11569;m11569;59656192118
q11570;m11570;59656192119
q11571;m11571;59656192120
q11572;m11572;59656192121
q11573;m11573;59656192122
q11574;m11574;59656192123
q11575;m11575;59656192124
q11576;m11576;59656192125
q11577;m11577;59656192126
q11578;m11578;59656192127
q11579;m11579;59656192128
q11580;m11580;59656192129
q11581;m11581;59656192130
q11582;m11582;59656192131
q11583;m11583;59656192132
q11584;m11584;59656192133
q11585;m11585;59656192134
q11586;m11586;59656192135
q11587;m11587;59656192136
q11588;m11588;59656192137
q11589;m11589;59656192138
q11590;m11590;59656192139
q11591;m11591;59656192140
q11592;m11592;59656192141
q11593;m11593;59656192142
q11594;m11594;59656192143
q11595;m11595;59656192144
q11596;m11596;59656192145
q11597;m11597;59656192146
q11598;m11598;59656192147
q11599;m11599;59656192148
q11600;m11600;59656192149
q11601;m11601;59656192150
q11602;m11602;59656192151
q11603;m11603;59656192152
q11604;m11604;59656192153
q11605;m11605;59656192154
q11606;m11606;59656192155
q11607;m11607;59656192156
q11608;m11608;59656192157
q11609;m11609;59656192158
q11610;m11610;59656192159
q11611;m11611;59656192160
q11612;m11612;59656192161
q11613;m11613;59656192162
q11614;m11614;59656192163
q11615;m11615;59656192164
q11616;m11616;59656192165
q11617;m11617;59656192166
q11618;m11618;59656192167
q11619;m11619;59656192168
q11620;m11620;59656192169
q11621;m11621;59656192170
q11622;m11622;59656192171
q11623;m11623;59656192172
q11624;m11624;59656192173
q11625;m11625;59656192174
q11626;m11626;59656192175
q11627;m11627;59656192176
q11628;m11628;59656192177
q11629;m11629;59656192178
q11630;m11630;59656192179
q11631;m11631;59656192180
q11632;m11632;59656192181
q11633;m11633;59656192182
q11634;m11634;59656192183
q11635;m11635;59656192184
q11636;m11636;59656192185
q11637;m11637;59656192186
q11638;m11638;59656192187
q11639;m11639;59656192188
q11640;m11640;59656192189
q11641;m11641;59656192190
q11642;m11642;59656192191
q11643;m11643;59656192192
q11644;m11644;59656192193
q11645;m11645;59656192194
q11646;m11646;59656192195
q11647;m11647;59656192196
q11648;m11648;59656192197
q11649;m11649;59656192198
q11650;m11650;59656192199
q11651;m11651;59656192200
q11652;m11652;59656192201
q11653;m11653;59656192202
q11654;m11654;59656192203
q11655;m11655;59656192204
q11656;m11656;59656192205
q11657;m11657;59656192206
q11658;m11658;59656192207
q11659;m11659;59656192208
q11660;m11660;59656192209
q11661;m11661;59656192210
q11662;m11662;59656192211
q11663;m11663;59656192212
q11664;m11664;59656192213
q11665;m11665;59656192214
q11666;m11666;59656192215
q11667;m11667;59656192216
q11668;m11668;59656192217
q11669;m11669;59656192218
q11670;m11670;59656192219
q11671;m11671;59656192220
q11672;m11672;59656192221
q11673;m11673;59656192222
q11674;m11674;59656192223
q11675;m11675;59656192224
q11676;m11676;59656192225
q11677;m11677;59656192226
q11678;m11678;59656192227
q11679;m11679;59656192228
q11680;m11680;59656192229
q11681;m11681;59656192230
q11682;m11682;59656192231
q11683;m11683;59656192232
q11684;m11684;59656192233
q11685;m11685;59656192234
q11686;m11686;59656192235
q11687;m11687;59656192236
q11688;m11688;59656192237
q11689;m11689;59656192238
q11690;m11690;59656192239
q11691;m11691;59656192240
q11692;m11692;59656192241
q11693;m11693;59656192242
q11694;m11694;59656192243
q11695;m11695;59656192244
q11696;m11696;59656192245
q11697;m11697;59656192246
q11698;m11698;59656192247
q11699;m11699;59656192248
q11700;m11700;59656192249
q11701;m11701;59656192250
q11702;m11702;59656192251
q11703;m11703;59656192252
q11704;m11704;59656192253
q11705;m11705;59656192254
q11706;m11706;59656192255
q11707;m11707;59656192256
q11708;m11708;59656192257
q11709;m11709;59656192258
q11710;m11710;59656192259
q11711;m11711;59656192260
q11712;m11712;59656192261
q11713;m11713;59656192262
q11714;m11714;59656192263
q11715;m11715;59656192264
q11716;m11716;59656192265
q11717;m11717;59656192266
q11718;m11718;59656192267
q11719;m11719;59656192268
q11720;m11720;59656192269
q11721;m11721;59656192270
q11722;m11722;59656192271
q11723;m11723;59656192272
q11724;m11724;59656192273
q11725;m11725;59656192274
q11726;m11726;59656192275
q11727;m11727;59656192276
q11728;m11728;59656192277
q11729;m11729;59656192278
q11730;m11730;59656192279
q11731;m11731;59656192280
q11732;m11732;59656192281
q11733;m11733;59656192282
q11734;m11734;59656192283
q11735;m11735;59656192284
q11736;m11736;59656192285
q11737;m11737;59656192286
q11738;m11738;59656192287
q11739;m11739;59656192288
q11740;m11740;59656192289
q11741;m11741;59656192290
q11742;m11742;59656192291
q11743;m11743;59656192292
q11744;m11744;59656192293
q11745;m11745;59656192294
q11746;m11746;59656192295
q11747;m11747;59656192296
q11748;m11748;59656192297
q11749;m11749;59656192298
q11750;m11750;59656192299
q11751;m11751;59656192300
q11752;m11752;59656192301
q11753;m11753;59656192302
q11754;m11754;59656192303
q11755;m11755;59656192304
q11756;m11756;59656192305
q11757;m11757;59656192306
q11758;m11758;59656192307
q11759;m11759;59656192308
q11760;m11760;59656192309
q11761;m11761;59656192310
q11762;m11762;59656192311
q11763;m11763;59656192312
q11764;m11764;59656192313
q11765;m11765;59656192314
q11766;m11766;59656192315
q11767;m11767;59656192316
q11768;m11768;59656192317
q11769;m11769;59656192318
q11770;m11770;59656192319
q11771;m11771;59656192320
q11772;m11772;59656192321
q11773;m11773;59656192322
q11774;m11774;59656192323
q11775;m11775;59656192324
q11776;m11776;59656192325
q11777;m11777;59656192326
q11778;m11778;59656192327
q11779;m11779;59656192328
q11780;m11780;59656192329
q11781;m11781;59656192330
q11782;m11782;59656192331
q11783;m11783;59656192332
q11784;m11784;59656192333
q11785;m11785;59656192334
q11786;m11786;59656192335
q11787;m11787;59656192336
q11788;m11788;59656192337
q11789;m11789;59656192338
q11790;m11790;59656192339
q11791;m11791;59656192340
q11792;m11792;59656192341
q11793;m11793;59656192342
q11794;m11794;59656192343
q11795;m11795;59656192344
q11796;m11796;59656192345
q11797;m11797;59656192346
q11798;m11798;59656192347
q11799;m11799;59656192348
q11800;m11800;59656192349
q11801;m11801;59656192350
q11802;m11802;59656192351
q11803;m11803;59656192352
q11804;m11804;59656192353
q11805;m11805;59656192354
q11806;m11806;59656192355
q11807;m11807;59656192356
q11808;m11808;59656192357
q11809;m11809;59656192358
q11810;m11810;59656192359
q11811;m11811;59656192360
q11812;m11812;59656192361
q11813;m11813;59656192362
q11814;m11814;59656192363
q11815;m11815;59656192364
q11816;m11816;59656192365
q11817;m11817;59656192366
q11818;m11818;59656192367
q11819;m11819;59656192368
q11820;m11820;59656192369
q11821;m11821;59656192370
q11822;m11822;59656192371
q11823;m11823;59656192372
q11824;m11824;59656192373
q11825;m11825;59656192374
q11826;m11826;59656192375
q11827;m11827;59656192376
q11828;m11828;59656192377
q11829;m11829;59656192378
q11830;m11830;59656192379
q11831;m11831;59656192380
q11832;m11832;59656192381
q11833;m11833;59656192382
q11834;m11834;59656192383
q11835;m11835;59656192384
q11836;m11836;59656192385
q11837;m11837;59656192386
q11838;m11838;59656192387
q11839;m11839;59656192388
q11840;m11840;59656192389
q11841;m11841;59656192390
q11842;m11842;59656192391
q11843;m11843;59656192392
q11844;m11844;59656192393
q11845;m11845;59656192394
q11846;m11846;59656192395
q11847;m11847;59656192396
q11848;m11848;59656192397
q11849;m11849;59656192398
q11850;m11850;59656192399
q11851;m11851;59656192400
q11852;m11852;59656192401
q11853;m11853;59656192402
q11854;m11854;59656192403
q11855;m11855;59656192404
q11856;m11856;59656192405
q11857;m11857;59656192406
q11858;m11858;59656192407
q11859;m11859;59656192408
q11860;m11860;59656192409
q11861;m11861;59656192410
q11862;m11862;59656192411
q11863;m11863;59656192412
q11864;m11864;59656192413
q11865;m11865;59656192414
q11866;m11866;59656192415
q11867;m11867;59656192416
q11868;m11868;59656192417
q11869;m11869;59656192418
q11870;m11870;59656192419
q11871;m11871;59656192420
q11872;m11872;59656192421
q11873;m11873;59656192422
q11874;m11874;59656192423
q11875;m11875;59656192424
q11876;m11876;59656192425
q11877;m11877;59656192426
q11878;m11878;59656192427
q11879;m11879;59656192428
q11880;m11880;59656192429
q11881;m11881;59656192430
q11882;m11882;59656192431
q11883;m11883;59656192432
q11884;m11884;59656192433
q11885;m11885;59656192434
q11886;m11886;59656192435
q11887;m11887;59656192436
q11888;m11888;59656192437
q11889;m11889;59656192438
q11890;m11890;59656192439
q11891;m11891;59656192440
q11892;m11892;59656192441
q11893;m11893;59656192442
q11894;m11894;59656192443
q11895;m11895;59656192444
q11896;m11896;59656192445
q11897;m11897;59656192446
q11898;m11898;59656192447
q11899;m11899;59656192448
q11900;m11900;59656192449
q11901;m11901;59656192450
q11902;m11902;59656192451
q11903;m11903;59656192452
q11904;m11904;59656192453
q11905;m11905;59656192454
q11906;m11906;59656192455
q11907;m11907;59656192456
q11908;m11908;59656192457
q11909;m11909;59656192458
q11910;m11910;59656192459
q11911;m11911;59656192460
q11912;m11912;59656192461
q11913;m11913;59656192462
q11914;m11914;59656192463
q11915;m11915;59656192464
q11916;m11916;59656192465
q11917;m11917;59656192466
q11918;m11918;59656192467
q11919;m11919;59656192468
q11920;m11920;59656192469
q11921;m11921;59656192470
q11922;m11922;59656192471
q11923;m11923;59656192472
q11924;m11924;59656192473
q11925;m11925;59656192474
q11926;m11926;59656192475
q11927;m11927;59656192476
q11928;m11928;59656192477
q11929;m11929;59656192478
q11930;m11930;59656192479
q11931;m11931;59656192480
q11932;m11932;59656192481
q11933;m11933;59656192482
q11934;m11934;59656192483
q11935;m11935;59656192484
q11936;m11936;59656192485
q11937;m11937;59656192486
q11938;m11938;59656192487
q11939;m11939;59656192488
q11940;m11940;59656192489
q11941;m11941;59656192490
q11942;m11942;59656192491
q11943;m11943;59656192492
q11944;m11944;59656192493
q11945;m11945;59656192494
q11946;m11946;59656192495
q11947;m11947;59656192496
q11948;m11948;59656192497
q11949;m11949;59656192498
q11950;m11950;59656192499
q11951;m11951;59656192500
q11952;m11952;59656192501
q11953;m11953;59656192502
q11954;m11954;59656192503
q11955;m11955;59656192504
q11956;m11956;59656192505
q11957;m11957;59656192506
q11958;m11958;59656192507
q11959;m11959;59656192508
q11960;m11960;59656192509
q11961;m11961;59656192510
q11962;m11962;59656192511
q11963;m11963;59656192512
q11964;m11964;59656192513
q11965;m11965;59656192514
q11966;m11966;59656192515
q11967;m11967;59656192516
q11968;m11968;59656192517
q11969;m11969;59656192518
q11970;m11970;59656192519
q11971;m11971;59656192520
q11972;m11972;59656192521
q11973;m11973;59656192522
q11974;m11974;59656192523
q11975;m11975;59656192524
q11976;m11976;59656192525
q11977;m11977;59656192526
q11978;m11978;59656192527
q11979;m11979;59656192528
q11980;m11980;59656192529
q11981;m11981;59656192530
q11982;m11982;59656192531
q11983;m11983;59656192532
q11984;m11984;59656192533
q11985;m11985;59656192534
q11986;m11986;59656192535
q11987;m11987;59656192536
q11988;m11988;59656192537
q11989;m11989;59656192538
q11990;m11990;59656192539
q11991;m11991;59656192540
q11992;m11992;59656192541
q11993;m11993;59656192542
q11994;m11994;59656192543
q11995;m11995;59656192544
q11996;m11996;59656192545
q11997;m11997;59656192546
q11998;m11998;59656192547
q11999;m11999;59656192548
q12000;m12000;59656192549
q12001;m12001;59656192550
q12002;m12002;59656192551
q12003;m12003;59656192552
q12004;m12004;59656192553
q12005;m12005;59656192554
q12006;m12006;59656192555
q12007;m12007;59656192556
q12008;m12008;59656192557
q12009;m12009;59656192558
q12010;m12010;59656192559
q12011;m12011;59656192560
q12012;m12012;59656192561
q12013;m12013;59656192562
q12014;m12014;59656192563
q12015;m12015;59656192564
q12016;m12016;59656192565
q12017;m12017;59656192566
q12018;m12018;59656192567
q12019;m12019;59656192568
q12020;m12020;59656192569
q12021;m12021;59656192570
q12022;m12022;59656192571
q12023;m12023;59656192572
q12024;m12024;59656192573
q12025;m12025;59656192574
q12026;m12026;59656192575
q12027;m12027;59656192576
q12028;m12028;59656192577
q12029;m12029;59656192578
q12030;m12030;59656192579
q12031;m12031;59656192580
q12032;m12032;59656192581
q12033;m12033;59656192582
q12034;m12034;59656192583
q12035;m12035;59656192584
q12036;m12036;59656192585
q12037;m12037;59656192586
q12038;m12038;59656192587
q12039;m12039;59656192588
q12040;m12040;59656192589
q12041;m12041;59656192590
q12042;m12042;59656192591
q12043;m12043;59656192592
q12044;m12044;59656192593
q12045;m12045;59656192594
q12046;m12046;59656192595
q12047;m12047;59656192596
q12048;m12048;59656192597
q12049;m12049;59656192598
q12050;m12050;59656192599
q12051;m12051;59656192600
q12052;m12052;59656192601
q12053;m12053;59656192602
q12054;m12054;59656192603
q12055;m12055;59656192604
q12056;m12056;59656192605
q12057;m12057;59656192606
q12058;m12058;59656192607
q12059;m12059;59656192608
q12060;m12060;59656192609
q12061;m12061;59656192610
q12062;m12062;59656192611
q12063;m12063;59656192612
q12064;m12064;59656192613
q12065;m12065;59656192614
q12066;m12066;59656192615
q12067;m12067;59656192616
q12068;m12068;59656192617
q12069;m12069;59656192618
q12070;m12070;59656192619
q12071;m12071;59656192620
q12072;m12072;59656192621
q12073;m12073;59656192622
q12074;m12074;59656192623
q12075;m12075;59656192624
q12076;m12076;59656192625
q12077;m12077;59656192626
q12078;m12078;59656192627
q12079;m12079;59656192628
q12080;m12080;59656192629
q12081;m12081;59656192630
q12082;m12082;59656192631
q12083;m12083;59656192632
q12084;m12084;59656192633
q12085;m12085;59656192634
q12086;m12086;59656192635
q12087;m12087;59656192636
q12088;m12088;59656192637
q12089;m12089;59656192638
q12090;m12090;59656192639
q12091;m12091;59656192640
q12092;m12092;59656192641
q12093;m12093;59656192642
q12094;m12094;59656192643
q12095;m12095;59656192644
q12096;m12096;59656192645
q12097;m12097;59656192646
q12098;m12098;59656192647
q12099;m12099;59656192648
q12100;m12100;59656192649
q12101;m12101;59656192650
q12102;m12102;59656192651
q12103;m12103;59656192652
q12104;m12104;59656192653
q12105;m12105;59656192654
q12106;m12106;59656192655
q12107;m12107;59656192656
q12108;m12108;59656192657
q12109;m12109;59656192658
q12110;m12110;59656192659
q12111;m12111;59656192660
q12112;m12112;59656192661
q12113;m12113;59656192662
q12114;m12114;59656192663
q12115;m12115;59656192664
q12116;m12116;59656192665
q12117;m12117;59656192666
q12118;m12118;59656192667
q12119;m12119;59656192668
q12120;m12120;59656192669
q12121;m12121;59656192670
q12122;m12122;59656192671
q12123;m12123;59656192672
q12124;m12124;59656192673
q12125;m12125;59656192674
q12126;m12126;59656192675
q12127;m12127;59656192676
q12128;m12128;59656192677
q12129;m12129;59656192678
q12130;m12130;59656192679
q12131;m12131;59656192680
q12132;m12132;59656192681
q12133;m12133;59656192682
q12134;m12134;59656192683
q12135;m12135;59656192684
q12136;m12136;59656192685
q12137;m12137;59656192686
q12138;m12138;59656192687
q12139;m12139;59656192688
q12140;m12140;59656192689
q12141;m12141;59656192690
q12142;m12142;59656192691
q12143;m12143;59656192692
q12144;m12144;59656192693
q12145;m12145;59656192694
q12146;m12146;59656192695
q12147;m12147;59656192696
q12148;m12148;59656192697
q12149;m12149;59656192698
q12150;m12150;59656192699
q12151;m12151;59656192700
q12152;m12152;59656192701
q12153;m12153;59656192702
q12154;m12154;59656192703
q12155;m12155;59656192704
q12156;m12156;59656192705
q12157;m12157;59656192706
q12158;m12158;59656192707
q12159;m12159;59656192708
q12160;m12160;59656192709
q12161;m12161;59656192710
q12162;m12162;59656192711
q12163;m12163;59656192712
q12164;m12164;59656192713
q12165;m12165;59656192714
q12166;m12166;59656192715
q12167;m12167;59656192716
q12168;m12168;59656192717
q12169;m12169;59656192718
q12170;m12170;59656192719
q12171;m12171;59656192720
q12172;m12172;59656192721
q12173;m12173;59656192722
q12174;m12174;59656192723
q12175;m12175;59656192724
q12176;m12176;59656192725
q12177;m12177;59656192726
q12178;m12178;59656192727
q12179;m12179;59656192728
q12180;m12180;59656192729
q12181;m12181;59656192730
q12182;m12182;59656192731
q12183;m12183;59656192732
q12184;m12184;59656192733
q12185;m12185;59656192734
q12186;m12186;59656192735
q12187;m12187;59656192736
q12188;m12188;59656192737
q12189;m12189;59656192738
q12190;m12190;59656192739
q12191;m12191;59656192740
q12192;m12192;59656192741
q12193;m12193;59656192742
q12194;m12194;59656192743
q12195;m12195;59656192744
q12196;m12196;59656192745
q12197;m12197;59656192746
q12198;m12198;59656192747
q12199;m12199;59656192748
q12200;m12200;59656192749
q12201;m12201;59656192750
q12202;m12202;59656192751
q12203;m12203;59656192752
q12204;m12204;59656192753
q12205;m12205;59656192754
q12206;m12206;59656192755
q12207;m12207;59656192756
q12208;m12208;59656192757
q12209;m12209;59656192758
q12210;m12210;59656192759
q12211;m12211;59656192760
q12212;m12212;59656192761
q12213;m12213;59656192762
q12214;m12214;59656192763
q12215;m12215;59656192764
q12216;m12216;59656192765
q12217;m12217;59656192766
q12218;m12218;59656192767
q12219;m12219;59656192768
q12220;m12220;59656192769
q12221;m12221;59656192770
q12222;m12222;59656192771
q12223;m12223;59656192772
q12224;m12224;59656192773
q12225;m12225;59656192774
q12226;m12226;59656192775
q12227;m12227;59656192776
q12228;m12228;59656192777
q12229;m12229;59656192778
q12230;m12230;59656192779
q12231;m12231;59656192780
q12232;m12232;59656192781
q12233;m12233;59656192782
q12234;m12234;59656192783
q12235;m12235;59656192784
q12236;m12236;59656192785
q12237;m12237;59656192786
q12238;m12238;59656192787
q12239;m12239;59656192788
q12240;m12240;59656192789
q12241;m12241;59656192790
q12242;m12242;59656192791
q12243;m12243;59656192792
q12244;m12244;59656192793
q12245;m12245;59656192794
q12246;m12246;59656192795
q12247;m12247;59656192796
q12248;m12248;59656192797
q12249;m12249;59656192798
q12250;m12250;59656192799
q12251;m12251;59656192800
q12252;m12252;59656192801
q12253;m12253;59656192802
q12254;m12254;59656192803
q12255;m12255;59656192804
q12256;m12256;59656192805
q12257;m12257;59656192806
q12258;m12258;59656192807
q12259;m12259;59656192808
q12260;m12260;59656192809
q12261;m12261;59656192810
q12262;m12262;59656192811
q12263;m12263;59656192812
q12264;m12264;59656192813
q12265;m12265;59656192814
q12266;m12266;59656192815
q12267;m12267;59656192816
q12268;m12268;59656192817
q12269;m12269;59656192818
q12270;m12270;59656192819
q12271;m12271;59656192820
q12272;m12272;59656192821
q12273;m12273;59656192822
q12274;m12274;59656192823
q12275;m12275;59656192824
q12276;m12276;59656192825
q12277;m12277;59656192826
q12278;m12278;59656192827
q12279;m12279;59656192828
q12280;m12280;59656192829
q12281;m12281;59656192830
q12282;m12282;59656192831
q12283;m12283;59656192832
q12284;m12284;59656192833
q12285;m12285;59656192834
q12286;m12286;59656192835
q12287;m12287;59656192836
q12288;m12288;59656192837
q12289;m12289;59656192838
q12290;m12290;59656192839
q12291;m12291;59656192840
q12292;m12292;59656192841
q12293;m12293;59656192842
q12294;m12294;59656192843
q12295;m12295;59656192844
q12296;m12296;59656192845
q12297;m12297;59656192846
q12298;m12298;59656192847
q12299;m12299;59656192848
q12300;m12300;59656192849
q12301;m12301;59656192850
q12302;m12302;59656192851
q12303;m12303;59656192852
q12304;m12304;59656192853
q12305;m12305;59656192854
q12306;m12306;59656192855
q12307;m12307;59656192856
q12308;m12308;59656192857
q12309;m12309;59656192858
q12310;m12310;59656192859
q12311;m12311;59656192860
q12312;m12312;59656192861
q12313;m12313;59656192862
q12314;m12314;59656192863
q12315;m12315;59656192864
q12316;m12316;59656192865
q12317;m12317;59656192866
q12318;m12318;59656192867
q12319;m12319;59656192868
q12320;m12320;59656192869
q12321;m12321;59656192870
q12322;m12322;59656192871
q12323;m12323;59656192872
q12324;m12324;59656192873
q12325;m12325;59656192874
q12326;m12326;59656192875
q12327;m12327;59656192876
q12328;m12328;59656192877
q12329;m12329;59656192878
q12330;m12330;59656192879
q12331;m12331;59656192880
q12332;m12332;59656192881
q12333;m12333;59656192882
q12334;m12334;59656192883
q12335;m12335;59656192884
q12336;m12336;59656192885
q12337;m12337;59656192886
q12338;m12338;59656192887
q12339;m12339;59656192888
q12340;m12340;59656192889
q12341;m12341;59656192890
q12342;m12342;59656192891
q12343;m12343;59656192892
q12344;m12344;59656192893
q12345;m12345;59656192894
q12346;m12346;59656192895
q12347;m12347;59656192896
q12348;m12348;59656192897
q12349;m12349;59656192898
q12350;m12350;59656192899
q12351;m12351;59656192900
q12352;m12352;59656192901
q12353;m12353;59656192902
q12354;m12354;59656192903
q12355;m12355;59656192904
q12356;m12356;59656192905
q12357;m12357;59656192906
q12358;m12358;59656192907
q12359;m12359;59656192908
q12360;m12360;59656192909
q12361;m12361;59656192910
q12362;m12362;59656192911
q12363;m12363;59656192912
q12364;m12364;59656192913
q12365;m12365;59656192914
q12366;m12366;59656192915
q12367;m12367;59656192916
q12368;m12368;59656192917
q12369;m12369;59656192918
q12370;m12370;59656192919
q12371;m12371;59656192920
q12372;m12372;59656192921
q12373;m12373;59656192922
q12374;m12374;59656192923
q12375;m12375;59656192924
q12376;m12376;59656192925
q12377;m12377;59656192926
q12378;m12378;59656192927
q12379;m12379;59656192928
q12380;m12380;59656192929
q12381;m12381;59656192930
q12382;m12382;59656192931
q12383;m12383;59656192932
q12384;m12384;59656192933
q12385;m12385;59656192934
q12386;m12386;59656192935
q12387;m12387;59656192936
q12388;m12388;59656192937
q12389;m12389;59656192938
q12390;m12390;59656192939
q12391;m12391;59656192940
q12392;m12392;59656192941
q12393;m12393;59656192942
q12394;m12394;59656192943
q12395;m12395;59656192944
q12396;m12396;59656192945
q12397;m12397;59656192946
q12398;m12398;59656192947
q12399;m12399;59656192948
q12400;m12400;59656192949
q12401;m12401;59656192950
q12402;m12402;59656192951
q12403;m12403;59656192952
q12404;m12404;59656192953
q12405;m12405;59656192954
q12406;m12406;59656192955
q12407;m12407;59656192956
q12408;m12408;59656192957
q12409;m12409;59656192958
q12410;m12410;59656192959
q12411;m12411;59656192960
q12412;m12412;59656192961
q12413;m12413;59656192962
q12414;m12414;59656192963
q12415;m12415;59656192964
q12416;m12416;59656192965
q12417;m12417;59656192966
q12418;m12418;59656192967
q12419;m12419;59656192968
q12420;m12420;59656192969
q12421;m12421;59656192970
q12422;m12422;59656192971
q12423;m12423;59656192972
q12424;m12424;59656192973
q12425;m12425;59656192974
q12426;m12426;59656192975
q12427;m12427;59656192976
q12428;m12428;59656192977
q12429;m12429;59656192978
q12430;m12430;59656192979
q12431;m12431;59656192980
q12432;m12432;59656192981
q12433;m12433;59656192982
q12434;m12434;59656192983
q12435;m12435;59656192984
q12436;m12436;59656192985
q12437;m12437;59656192986
q12438;m12438;59656192987
q12439;m12439;59656192988
q12440;m12440;59656192989
q12441;m12441;59656192990
q12442;m12442;59656192991
q12443;m12443;59656192992
q12444;m12444;59656192993
q12445;m12445;59656192994
q12446;m12446;59656192995
q12447;m12447;59656192996
q12448;m12448;59656192997
q12449;m12449;59656192998
q12450;m12450;59656192999
q12451;m12451;59656193000
q12452;m12452;59656193001
q12453;m12453;59656193002
q12454;m12454;59656193003
q12455;m12455;59656193004
q12456;m12456;59656193005
q12457;m12457;59656193006
q12458;m12458;59656193007
q12459;m12459;59656193008
q12460;m12460;59656193009
q12461;m12461;59656193010
q12462;m12462;59656193011
q12463;m12463;59656193012
q12464;m12464;59656193013
q12465;m12465;59656193014
q12466;m12466;59656193015
q12467;m12467;59656193016
q12468;m12468;59656193017
q12469;m12469;59656193018
q12470;m12470;59656193019
q12471;m12471;59656193020
q12472;m12472;59656193021
q12473;m12473;59656193022
q12474;m12474;59656193023
q12475;m12475;59656193024
q12476;m12476;59656193025
q12477;m12477;59656193026
q12478;m12478;59656193027
q12479;m12479;59656193028
q12480;m12480;59656193029
q12481;m12481;59656193030
q12482;m12482;59656193031
q12483;m12483;59656193032
q12484;m12484;59656193033
q12485;m12485;59656193034
q12486;m12486;59656193035
q12487;m12487;59656193036
q12488;m12488;59656193037
q12489;m12489;59656193038
q12490;m12490;59656193039
q12491;m12491;59656193040
q12492;m12492;59656193041
q12493;m12493;59656193042
q12494;m12494;59656193043
q12495;m12495;59656193044
q12496;m12496;59656193045
q12497;m12497;59656193046
q12498;m12498;59656193047
q12499;m12499;59656193048
q12500;m12500;59656193049
q12501;m12501;59656193050
q12502;m12502;59656193051
q12503;m12503;59656193052
q12504;m12504;59656193053
q12505;m12505;59656193054
q12506;m12506;59656193055
q12507;m12507;59656193056
q12508;m12508;59656193057
q12509;m12509;59656193058
q12510;m12510;59656193059
q12511;m12511;59656193060
q12512;m12512;59656193061
q12513;m12513;59656193062
q12514;m12514;59656193063
q12515;m12515;59656193064
q12516;m12516;59656193065
q12517;m12517;59656193066
q12518;m12518;59656193067
q12519;m12519;59656193068
q12520;m12520;59656193069
q12521;m12521;59656193070
q12522;m12522;59656193071
q12523;m12523;59656193072
q12524;m12524;59656193073
q12525;m12525;59656193074
q12526;m12526;59656193075
q12527;m12527;59656193076
q12528;m12528;59656193077
q12529;m12529;59656193078
q12530;m12530;59656193079
q12531;m12531;59656193080
q12532;m12532;59656193081
q12533;m12533;59656193082
q12534;m12534;59656193083
q12535;m12535;59656193084
q12536;m12536;59656193085
q12537;m12537;59656193086
q12538;m12538;59656193087
q12539;m12539;59656193088
q12540;m12540;59656193089
q12541;m12541;59656193090
q12542;m12542;59656193091
q12543;m12543;59656193092
q12544;m12544;59656193093
q12545;m12545;59656193094
q12546;m12546;59656193095
q12547;m12547;59656193096
q12548;m12548;59656193097
q12549;m12549;59656193098
q12550;m12550;59656193099
q12551;m12551;59656193100
q12552;m12552;59656193101
q12553;m12553;59656193102
q12554;m12554;59656193103
q12555;m12555;59656193104
q12556;m12556;59656193105
q12557;m12557;59656193106
q12558;m12558;59656193107
q12559;m12559;59656193108
q12560;m12560;59656193109
q12561;m12561;59656193110
q12562;m12562;59656193111
q12563;m12563;59656193112
q12564;m12564;59656193113
q12565;m12565;59656193114
q12566;m12566;59656193115
q12567;m12567;59656193116
q12568;m12568;59656193117
q12569;m12569;59656193118
q12570;m12570;59656193119
q12571;m12571;59656193120
q12572;m12572;59656193121
q12573;m12573;59656193122
q12574;m12574;59656193123
q12575;m12575;59656193124
q12576;m12576;59656193125
q12577;m12577;59656193126
q12578;m12578;59656193127
q12579;m12579;59656193128
q12580;m12580;59656193129
q12581;m12581;59656193130
q12582;m12582;59656193131
q12583;m12583;59656193132
q12584;m12584;59656193133
q12585;m12585;59656193134
q12586;m12586;59656193135
q12587;m12587;59656193136
q12588;m12588;59656193137
q12589;m12589;59656193138
q12590;m12590;59656193139
q12591;m12591;59656193140
q12592;m12592;59656193141
q12593;m12593;59656193142
q12594;m12594;59656193143
q12595;m12595;59656193144
q12596;m12596;59656193145
q12597;m12597;59656193146
q12598;m12598;59656193147
q12599;m12599;59656193148
q12600;m12600;59656193149
q12601;m12601;59656193150
q12602;m12602;59656193151
q12603;m12603;59656193152
q12604;m12604;59656193153
q12605;m12605;59656193154
q12606;m12606;59656193155
q12607;m12607;59656193156
q12608;m12608;59656193157
q12609;m12609;59656193158
q12610;m12610;59656193159
q12611;m12611;59656193160
q12612;m12612;59656193161
q12613;m12613;59656193162
q12614;m12614;59656193163
q12615;m12615;59656193164
q12616;m12616;59656193165
q12617;m12617;59656193166
q12618;m12618;59656193167
q12619;m12619;59656193168
q12620;m12620;59656193169
q12621;m12621;59656193170
q12622;m12622;59656193171
q12623;m12623;59656193172
q12624;m12624;59656193173
q12625;m12625;59656193174
q12626;m12626;59656193175
q12627;m12627;59656193176
q12628;m12628;59656193177
q12629;m12629;59656193178
q12630;m12630;59656193179
q12631;m12631;59656193180
q12632;m12632;59656193181
q12633;m12633;59656193182
q12634;m12634;59656193183
q12635;m12635;59656193184
q12636;m12636;59656193185
q12637;m12637;59656193186
q12638;m12638;59656193187
q12639;m12639;59656193188
q12640;m12640;59656193189
q12641;m12641;59656193190
q12642;m12642;59656193191
q12643;m12643;59656193192
q12644;m12644;59656193193
q12645;m12645;59656193194
q12646;m12646;59656193195
q12647;m12647;59656193196
q12648;m12648;59656193197
q12649;m12649;59656193198
q12650;m12650;59656193199
q12651;m12651;59656193200
q12652;m12652;59656193201
q12653;m12653;59656193202
q12654;m12654;59656193203
q12655;m12655;59656193204
q12656;m12656;59656193205
q12657;m12657;59656193206
q12658;m12658;59656193207
q12659;m12659;59656193208
q12660;m12660;59656193209
q12661;m12661;59656193210
q12662;m12662;59656193211
q12663;m12663;59656193212
q12664;m12664;59656193213
q12665;m12665;59656193214
q12666;m12666;59656193215
q12667;m12667;59656193216
q12668;m12668;59656193217
q12669;m12669;59656193218
q12670;m12670;59656193219
q12671;m12671;59656193220
q12672;m12672;59656193221
q12673;m12673;59656193222
q12674;m12674;59656193223
q12675;m12675;59656193224
q12676;m12676;59656193225
q12677;m12677;59656193226
q12678;m12678;59656193227
q12679;m12679;59656193228
q12680;m12680;59656193229
q12681;m12681;59656193230
q12682;m12682;59656193231
q12683;m12683;59656193232
q12684;m12684;59656193233
q12685;m12685;59656193234
q12686;m12686;59656193235
q12687;m12687;59656193236
q12688;m12688;59656193237
q12689;m12689;59656193238
q12690;m12690;59656193239
q12691;m12691;59656193240
q12692;m12692;59656193241
q12693;m12693;59656193242
q12694;m12694;59656193243
q12695;m12695;59656193244
q12696;m12696;59656193245
q12697;m12697;59656193246
q12698;m12698;59656193247
q12699;m12699;59656193248
q12700;m12700;59656193249
q12701;m12701;59656193250
q12702;m12702;59656193251
q12703;m12703;59656193252
q12704;m12704;59656193253
q12705;m12705;59656193254
q12706;m12706;59656193255
q12707;m12707;59656193256
q12708;m12708;59656193257
q12709;m12709;59656193258
q12710;m12710;59656193259
q12711;m12711;59656193260
q12712;m12712;59656193261
q12713;m12713;59656193262
q12714;m12714;59656193263
q12715;m12715;59656193264
q12716;m12716;59656193265
q12717;m12717;59656193266
q12718;m12718;59656193267
q12719;m12719;59656193268
q12720;m12720;59656193269
q12721;m12721;59656193270
q12722;m12722;59656193271
q12723;m12723;59656193272
q12724;m12724;59656193273
q12725;m12725;59656193274
q12726;m12726;59656193275
q12727;m12727;59656193276
q12728;m12728;59656193277
q12729;m12729;59656193278
q12730;m12730;59656193279
q12731;m12731;59656193280
q12732;m12732;59656193281
q12733;m12733;59656193282
q12734;m12734;59656193283
q12735;m12735;59656193284
q12736;m12736;59656193285
q12737;m12737;59656193286
q12738;m12738;59656193287
q12739;m12739;59656193288
q12740;m12740;59656193289
q12741;m12741;59656193290
q12742;m12742;59656193291
q12743;m12743;59656193292
q12744;m12744;59656193293
q12745;m12745;59656193294
q12746;m12746;59656193295
q12747;m12747;59656193296
q12748;m12748;59656193297
q12749;m12749;59656193298
q12750;m12750;59656193299
q12751;m12751;59656193300
q12752;m12752;59656193301
q12753;m12753;59656193302
q12754;m12754;59656193303
q12755;m12755;59656193304
q12756;m12756;59656193305
q12757;m12757;59656193306
q12758;m12758;59656193307
q12759;m12759;59656193308
q12760;m12760;59656193309
q12761;m12761;59656193310
q12762;m12762;59656193311
q12763;m12763;59656193312
q12764;m12764;59656193313
q12765;m12765;59656193314
q12766;m12766;59656193315
q12767;m12767;59656193316
q12768;m12768;59656193317
q12769;m12769;59656193318
q12770;m12770;59656193319
q12771;m12771;59656193320
q12772;m12772;59656193321
q12773;m12773;59656193322
q12774;m12774;59656193323
q12775;m12775;59656193324
q12776;m12776;59656193325
q12777;m12777;59656193326
q12778;m12778;59656193327
q12779;m12779;59656193328
q12780;m12780;59656193329
q12781;m12781;59656193330
q12782;m12782;59656193331
q12783;m12783;59656193332
q12784;m12784;59656193333
q12785;m12785;59656193334
q12786;m12786;59656193335
q12787;m12787;59656193336
q12788;m12788;59656193337
q12789;m12789;59656193338
q12790;m12790;59656193339
q12791;m12791;59656193340
q12792;m12792;59656193341
q12793;m12793;59656193342
q12794;m12794;59656193343
q12795;m12795;59656193344
q12796;m12796;59656193345
q12797;m12797;59656193346
q12798;m12798;59656193347
q12799;m12799;59656193348
q12800;m12800;59656193349
q12801;m12801;59656193350
q12802;m12802;59656193351
q12803;m12803;59656193352
q12804;m12804;59656193353
q12805;m12805;59656193354
q12806;m12806;59656193355
q12807;m12807;59656193356
q12808;m12808;59656193357
q12809;m12809;59656193358
q12810;m12810;59656193359
q12811;m12811;59656193360
q12812;m12812;59656193361
q12813;m12813;59656193362
q12814;m12814;59656193363
q12815;m12815;59656193364
q12816;m12816;59656193365
q12817;m12817;59656193366
q12818;m12818;59656193367
q12819;m12819;59656193368
q12820;m12820;59656193369
q12821;m12821;59656193370
q12822;m12822;59656193371
q12823;m12823;59656193372
q12824;m12824;59656193373
q12825;m12825;59656193374
q12826;m12826;59656193375
q12827;m12827;59656193376
q12828;m12828;59656193377
q12829;m12829;59656193378
q12830;m12830;59656193379
q12831;m12831;59656193380
q12832;m12832;59656193381
q12833;m12833;59656193382
q12834;m12834;59656193383
q12835;m12835;59656193384
q12836;m12836;59656193385
q12837;m12837;59656193386
q12838;m12838;59656193387
q12839;m12839;59656193388
q12840;m12840;59656193389
q12841;m12841;59656193390
q12842;m12842;59656193391
q12843;m12843;59656193392
q12844;m12844;59656193393
q12845;m12845;59656193394
q12846;m12846;59656193395
q12847;m12847;59656193396
q12848;m12848;59656193397
q12849;m12849;59656193398
q12850;m12850;59656193399
q12851;m12851;59656193400
q12852;m12852;59656193401
q12853;m12853;59656193402
q12854;m12854;59656193403
q12855;m12855;59656193404
q12856;m12856;59656193405
q12857;m12857;59656193406
q12858;m12858;59656193407
q12859;m12859;59656193408
q12860;m12860;59656193409
q12861;m12861;59656193410
q12862;m12862;59656193411
q12863;m12863;59656193412
q12864;m12864;59656193413
q12865;m12865;59656193414
q12866;m12866;59656193415
q12867;m12867;59656193416
q12868;m12868;59656193417
q12869;m12869;59656193418
q12870;m12870;59656193419
q12871;m12871;59656193420
q12872;m12872;59656193421
q12873;m12873;59656193422
q12874;m12874;59656193423
q12875;m12875;59656193424
q12876;m12876;59656193425
q12877;m12877;59656193426
q12878;m12878;59656193427
q12879;m12879;59656193428
q12880;m12880;59656193429
q12881;m12881;59656193430
q12882;m12882;59656193431
q12883;m12883;59656193432
q12884;m12884;59656193433
q12885;m12885;59656193434
q12886;m12886;59656193435
q12887;m12887;59656193436
q12888;m12888;59656193437
q12889;m12889;59656193438
q12890;m12890;59656193439
q12891;m12891;59656193440
q12892;m12892;59656193441
q12893;m12893;59656193442
q12894;m12894;59656193443
q12895;m12895;59656193444
q12896;m12896;59656193445
q12897;m12897;59656193446
q12898;m12898;59656193447
q12899;m12899;59656193448
q12900;m12900;59656193449
q12901;m12901;59656193450
q12902;m12902;59656193451
q12903;m12903;59656193452
q12904;m12904;59656193453
q12905;m12905;59656193454
q12906;m12906;59656193455
q12907;m12907;59656193456
q12908;m12908;59656193457
q12909;m12909;59656193458
q12910;m12910;59656193459
q12911;m12911;59656193460
q12912;m12912;59656193461
q12913;m12913;59656193462
q12914;m12914;59656193463
q12915;m12915;59656193464
q12916;m12916;59656193465
q12917;m12917;59656193466
q12918;m12918;59656193467
q12919;m12919;59656193468
q12920;m12920;59656193469
q12921;m12921;59656193470
q12922;m12922;59656193471
q12923;m12923;59656193472
q12924;m12924;59656193473
q12925;m12925;59656193474
q12926;m12926;59656193475
q12927;m12927;59656193476
q12928;m12928;59656193477
q12929;m12929;59656193478
q12930;m12930;59656193479
q12931;m12931;59656193480
q12932;m12932;59656193481
q12933;m12933;59656193482
q12934;m12934;59656193483
q12935;m12935;59656193484
q12936;m12936;59656193485
q12937;m12937;59656193486
q12938;m12938;59656193487
q12939;m12939;59656193488
q12940;m12940;59656193489
q12941;m12941;59656193490
q12942;m12942;59656193491
q12943;m12943;59656193492
q12944;m12944;59656193493
q12945;m12945;59656193494
q12946;m12946;59656193495
q12947;m12947;59656193496
q12948;m12948;59656193497
q12949;m12949;59656193498
q12950;m12950;59656193499
q12951;m12951;59656193500
q12952;m12952;59656193501
q12953;m12953;59656193502
q12954;m12954;59656193503
q12955;m12955;59656193504
q12956;m12956;59656193505
q12957;m12957;59656193506
q12958;m12958;59656193507
q12959;m12959;59656193508
q12960;m12960;59656193509
q12961;m12961;59656193510
q12962;m12962;59656193511
q12963;m12963;59656193512
q12964;m12964;59656193513
q12965;m12965;59656193514
q12966;m12966;59656193515
q12967;m12967;59656193516
q12968;m12968;59656193517
q12969;m12969;59656193518
q12970;m12970;59656193519
q12971;m12971;59656193520
q12972;m12972;59656193521
q12973;m12973;59656193522
q12974;m12974;59656193523
q12975;m12975;59656193524
q12976;m12976;59656193525
q12977;m12977;59656193526
q12978;m12978;59656193527
q12979;m12979;59656193528
q12980;m12980;59656193529
q12981;m12981;59656193530
q12982;m12982;59656193531
q12983;m12983;59656193532
q12984;m12984;59656193533
q12985;m12985;59656193534
q12986;m12986;59656193535
q12987;m12987;59656193536
q12988;m12988;59656193537
q12989;m12989;59656193538
q12990;m12990;59656193539
q12991;m12991;59656193540
q12992;m12992;59656193541
q12993;m12993;59656193542
q12994;m12994;59656193543
q12995;m12995;59656193544
q12996;m12996;59656193545
q12997;m12997;59656193546
q12998;m12998;59656193547
q12999;m12999;59656193548
q13000;m13000;59656193549
q13001;m13001;59656193550
q13002;m13002;59656193551
q13003;m13003;59656193552
q13004;m13004;59656193553
q13005;m13005;59656193554
q13006;m13006;59656193555
q13007;m13007;59656193556
q13008;m13008;59656193557
q13009;m13009;59656193558
q13010;m13010;59656193559
q13011;m13011;59656193560
q13012;m13012;59656193561
q13013;m13013;59656193562
q13014;m13014;59656193563
q13015;m13015;59656193564
q13016;m13016;59656193565
q13017;m13017;59656193566
q13018;m13018;59656193567
q13019;m13019;59656193568
q13020;m13020;59656193569
q13021;m13021;59656193570
q13022;m13022;59656193571
q13023;m13023;59656193572
q13024;m13024;59656193573
q13025;m13025;59656193574
q13026;m13026;59656193575
q13027;m13027;59656193576
q13028;m13028;59656193577
q13029;m13029;59656193578
q13030;m13030;59656193579
q13031;m13031;59656193580
q13032;m13032;59656193581
q13033;m13033;59656193582
q13034;m13034;59656193583
q13035;m13035;59656193584
q13036;m13036;59656193585
q13037;m13037;59656193586
q13038;m13038;59656193587
q13039;m13039;59656193588
q13040;m13040;59656193589
q13041;m13041;59656193590
q13042;m13042;59656193591
q13043;m13043;59656193592
q13044;m13044;59656193593
q13045;m13045;59656193594
q13046;m13046;59656193595
q13047;m13047;59656193596
q13048;m13048;59656193597
q13049;m13049;59656193598
q13050;m13050;59656193599
q13051;m13051;59656193600
q13052;m13052;59656193601
q13053;m13053;59656193602
q13054;m13054;59656193603
q13055;m13055;59656193604
q13056;m13056;59656193605
q13057;m13057;59656193606
q13058;m13058;59656193607
q13059;m13059;59656193608
q13060;m13060;59656193609
q13061;m13061;59656193610
q13062;m13062;59656193611
q13063;m13063;59656193612
q13064;m13064;59656193613
q13065;m13065;59656193614
q13066;m13066;59656193615
q13067;m13067;59656193616
q13068;m13068;59656193617
q13069;m13069;59656193618
q13070;m13070;59656193619
q13071;m13071;59656193620
q13072;m13072;59656193621
q13073;m13073;59656193622
q13074;m13074;59656193623
q13075;m13075;59656193624
q13076;m13076;59656193625
q13077;m13077;59656193626
q13078;m13078;59656193627
q13079;m13079;59656193628
q13080;m13080;59656193629
q13081;m13081;59656193630
q13082;m13082;59656193631
q13083;m13083;59656193632
q13084;m13084;59656193633
q13085;m13085;59656193634
q13086;m13086;59656193635
q13087;m13087;59656193636
q13088;m13088;59656193637
q13089;m13089;59656193638
q13090;m13090;59656193639
q13091;m13091;59656193640
q13092;m13092;59656193641
q13093;m13093;59656193642
q13094;m13094;59656193643
q13095;m13095;59656193644
q13096;m13096;59656193645
q13097;m13097;59656193646
q13098;m13098;59656193647
q13099;m13099;59656193648
q13100;m13100;59656193649
q13101;m13101;59656193650
q13102;m13102;59656193651
q13103;m13103;59656193652
q13104;m13104;59656193653
q13105;m13105;59656193654
q13106;m13106;59656193655
q13107;m13107;59656193656
q13108;m13108;59656193657
q13109;m13109;59656193658
q13110;m13110;59656193659
q13111;m13111;59656193660
q13112;m13112;59656193661
q13113;m13113;59656193662
q13114;m13114;59656193663
q13115;m13115;59656193664
q13116;m13116;59656193665
q13117;m13117;59656193666
q13118;m13118;59656193667
q13119;m13119;59656193668
q13120;m13120;59656193669
q13121;m13121;59656193670
q13122;m13122;59656193671
q13123;m13123;59656193672
q13124;m13124;59656193673
q13125;m13125;59656193674
q13126;m13126;59656193675
q13127;m13127;59656193676
q13128;m13128;59656193677
q13129;m13129;59656193678
q13130;m13130;59656193679
q13131;m13131;59656193680
q13132;m13132;59656193681
q13133;m13133;59656193682
q13134;m13134;59656193683
q13135;m13135;59656193684
q13136;m13136;59656193685
q13137;m13137;59656193686
q13138;m13138;59656193687
q13139;m13139;59656193688
q13140;m13140;59656193689
q13141;m13141;59656193690
q13142;m13142;59656193691
q13143;m13143;59656193692
q13144;m13144;59656193693
q13145;m13145;59656193694
q13146;m13146;59656193695
q13147;m13147;59656193696
q13148;m13148;59656193697
q13149;m13149;59656193698
q13150;m13150;59656193699
q13151;m13151;59656193700
q13152;m13152;59656193701
q13153;m13153;59656193702
q13154;m13154;59656193703
q13155;m13155;59656193704
q13156;m13156;59656193705
q13157;m13157;59656193706
q13158;m13158;59656193707
q13159;m13159;59656193708
q13160;m13160;59656193709
q13161;m13161;59656193710
q13162;m13162;59656193711
q13163;m13163;59656193712
q13164;m13164;59656193713
q13165;m13165;59656193714
q13166;m13166;59656193715
q13167;m13167;59656193716
q13168;m13168;59656193717
q13169;m13169;59656193718
q13170;m13170;59656193719
q13171;m13171;59656193720
q13172;m13172;59656193721
q13173;m13173;59656193722
q13174;m13174;59656193723
q13175;m13175;59656193724
q13176;m13176;59656193725
q13177;m13177;59656193726
q13178;m13178;59656193727
q13179;m13179;59656193728
q13180;m13180;59656193729
q13181;m13181;59656193730
q13182;m13182;59656193731
q13183;m13183;59656193732
q13184;m13184;59656193733
q13185;m13185;59656193734
q13186;m13186;59656193735
q13187;m13187;59656193736
q13188;m13188;59656193737
q13189;m13189;59656193738
q13190;m13190;59656193739
q13191;m13191;59656193740
q13192;m13192;59656193741
q13193;m13193;59656193742
q13194;m13194;59656193743
q13195;m13195;59656193744
q13196;m13196;59656193745
q13197;m13197;59656193746
q13198;m13198;59656193747
q13199;m13199;59656193748
q13200;m13200;59656193749
q13201;m13201;59656193750
q13202;m13202;59656193751
q13203;m13203;59656193752
q13204;m13204;59656193753
q13205;m13205;59656193754
q13206;m13206;59656193755
q13207;m13207;59656193756
q13208;m13208;59656193757
q13209;m13209;59656193758
q13210;m13210;59656193759
q13211;m13211;59656193760
q13212;m13212;59656193761
q13213;m13213;59656193762
q13214;m13214;59656193763
q13215;m13215;59656193764
q13216;m13216;59656193765
q13217;m13217;59656193766
q13218;m13218;59656193767
q13219;m13219;59656193768
q13220;m13220;59656193769
q13221;m13221;59656193770
q13222;m13222;59656193771
q13223;m13223;59656193772
q13224;m13224;59656193773
q13225;m13225;59656193774
q13226;m13226;59656193775
q13227;m13227;59656193776
q13228;m13228;59656193777
q13229;m13229;59656193778
q13230;m13230;59656193779
q13231;m13231;59656193780
q13232;m13232;59656193781
q13233;m13233;59656193782
q13234;m13234;59656193783
q13235;m13235;59656193784
q13236;m13236;59656193785
q13237;m13237;59656193786
q13238;m13238;59656193787
q13239;m13239;59656193788
q13240;m13240;59656193789
q13241;m13241;59656193790
q13242;m13242;59656193791
q13243;m13243;59656193792
q13244;m13244;59656193793
q13245;m13245;59656193794
q13246;m13246;59656193795
q13247;m13247;59656193796
q13248;m13248;59656193797
q13249;m13249;59656193798
q13250;m13250;59656193799
q13251;m13251;59656193800
q13252;m13252;59656193801
q13253;m13253;59656193802
q13254;m13254;59656193803
q13255;m13255;59656193804
q13256;m13256;59656193805
q13257;m13257;59656193806
q13258;m13258;59656193807
q13259;m13259;59656193808
q13260;m13260;59656193809
q13261;m13261;59656193810
q13262;m13262;59656193811
q13263;m13263;59656193812
q13264;m13264;59656193813
q13265;m13265;59656193814
q13266;m13266;59656193815
q13267;m13267;59656193816
q13268;m13268;59656193817
q13269;m13269;59656193818
q13270;m13270;59656193819
q13271;m13271;59656193820
q13272;m13272;59656193821
q13273;m13273;59656193822
q13274;m13274;59656193823
q13275;m13275;59656193824
q13276;m13276;59656193825
q13277;m13277;59656193826
q13278;m13278;59656193827
q13279;m13279;59656193828
q13280;m13280;59656193829
q13281;m13281;59656193830
q13282;m13282;59656193831
q13283;m13283;59656193832
q13284;m13284;59656193833
q13285;m13285;59656193834
q13286;m13286;59656193835
q13287;m13287;59656193836
q13288;m13288;59656193837
q13289;m13289;59656193838
q13290;m13290;59656193839
q13291;m13291;59656193840
q13292;m13292;59656193841
q13293;m13293;59656193842
q13294;m13294;59656193843
q13295;m13295;59656193844
q13296;m13296;59656193845
q13297;m13297;59656193846
q13298;m13298;59656193847
q13299;m13299;59656193848
q13300;m13300;59656193849
q13301;m13301;59656193850
q13302;m13302;59656193851
q13303;m13303;59656193852
q13304;m13304;59656193853
q13305;m13305;59656193854
q13306;m13306;59656193855
q13307;m13307;59656193856
q13308;m13308;59656193857
q13309;m13309;59656193858
q13310;m13310;59656193859
q13311;m13311;59656193860
q13312;m13312;59656193861
q13313;m13313;59656193862
q13314;m13314;59656193863
q13315;m13315;59656193864
q13316;m13316;59656193865
q13317;m13317;59656193866
q13318;m13318;59656193867
q13319;m13319;59656193868
q13320;m13320;59656193869
q13321;m13321;59656193870
q13322;m13322;59656193871
q13323;m13323;59656193872
q13324;m13324;59656193873
q13325;m13325;59656193874
q13326;m13326;59656193875
q13327;m13327;59656193876
q13328;m13328;59656193877
q13329;m13329;59656193878
q13330;m13330;59656193879
q13331;m13331;59656193880
q13332;m13332;59656193881
q13333;m13333;59656193882
q13334;m13334;59656193883
q13335;m13335;59656193884
q13336;m13336;59656193885
q13337;m13337;59656193886
q13338;m13338;59656193887
q13339;m13339;59656193888
q13340;m13340;59656193889
q13341;m13341;59656193890
q13342;m13342;59656193891
q13343;m13343;59656193892
q13344;m13344;59656193893
q13345;m13345;59656193894
q13346;m13346;59656193895
q13347;m13347;59656193896
q13348;m13348;59656193897
q13349;m13349;59656193898
q13350;m13350;59656193899
q13351;m13351;59656193900
q13352;m13352;59656193901
q13353;m13353;59656193902
q13354;m13354;59656193903
q13355;m13355;59656193904
q13356;m13356;59656193905
q13357;m13357;59656193906
q13358;m13358;59656193907
q13359;m13359;59656193908
q13360;m13360;59656193909
q13361;m13361;59656193910
q13362;m13362;59656193911
q13363;m13363;59656193912
q13364;m13364;59656193913
q13365;m13365;59656193914
q13366;m13366;59656193915
q13367;m13367;59656193916
q13368;m13368;59656193917
q13369;m13369;59656193918
q13370;m13370;59656193919
q13371;m13371;59656193920
q13372;m13372;59656193921
q13373;m13373;59656193922
q13374;m13374;59656193923
q13375;m13375;59656193924
q13376;m13376;59656193925
q13377;m13377;59656193926
q13378;m13378;59656193927
q13379;m13379;59656193928
q13380;m13380;59656193929
q13381;m13381;59656193930
q13382;m13382;59656193931
q13383;m13383;59656193932
q13384;m13384;59656193933
q13385;m13385;59656193934
q13386;m13386;59656193935
q13387;m13387;59656193936
q13388;m13388;59656193937
q13389;m13389;59656193938
q13390;m13390;59656193939
q13391;m13391;59656193940
q13392;m13392;59656193941
q13393;m13393;59656193942
q13394;m13394;59656193943
q13395;m13395;59656193944
q13396;m13396;59656193945
q13397;m13397;59656193946
q13398;m13398;59656193947
q13399;m13399;59656193948
q13400;m13400;59656193949
q13401;m13401;59656193950
q13402;m13402;59656193951
q13403;m13403;59656193952
q13404;m13404;59656193953
q13405;m13405;59656193954
q13406;m13406;59656193955
q13407;m13407;59656193956
q13408;m13408;59656193957
q13409;m13409;59656193958
q13410;m13410;59656193959
q13411;m13411;59656193960
q13412;m13412;59656193961
q13413;m13413;59656193962
q13414;m13414;59656193963
q13415;m13415;59656193964
q13416;m13416;59656193965
q13417;m13417;59656193966
q13418;m13418;59656193967
q13419;m13419;59656193968
q13420;m13420;59656193969
q13421;m13421;59656193970
q13422;m13422;59656193971
q13423;m13423;59656193972
q13424;m13424;59656193973
q13425;m13425;59656193974
q13426;m13426;59656193975
q13427;m13427;59656193976
q13428;m13428;59656193977
q13429;m13429;59656193978
q13430;m13430;59656193979
q13431;m13431;59656193980
q13432;m13432;59656193981
q13433;m13433;59656193982
q13434;m13434;59656193983
q13435;m13435;59656193984
q13436;m13436;59656193985
q13437;m13437;59656193986
q13438;m13438;59656193987
q13439;m13439;59656193988
q13440;m13440;59656193989
q13441;m13441;59656193990
q13442;m13442;59656193991
q13443;m13443;59656193992
q13444;m13444;59656193993
q13445;m13445;59656193994
q13446;m13446;59656193995
q13447;m13447;59656193996
q13448;m13448;59656193997
q13449;m13449;59656193998
q13450;m13450;59656193999
q13451;m13451;59656194000
q13452;m13452;59656194001
q13453;m13453;59656194002
q13454;m13454;59656194003
q13455;m13455;59656194004
q13456;m13456;59656194005
q13457;m13457;59656194006
q13458;m13458;59656194007
q13459;m13459;59656194008
q13460;m13460;59656194009
q13461;m13461;59656194010
q13462;m13462;59656194011
q13463;m13463;59656194012
q13464;m13464;59656194013
q13465;m13465;59656194014
q13466;m13466;59656194015
q13467;m13467;59656194016
q13468;m13468;59656194017
q13469;m13469;59656194018
q13470;m13470;59656194019
q13471;m13471;59656194020
q13472;m13472;59656194021
q13473;m13473;59656194022
q13474;m13474;59656194023
q13475;m13475;59656194024
q13476;m13476;59656194025
q13477;m13477;59656194026
q13478;m13478;59656194027
q13479;m13479;59656194028
q13480;m13480;59656194029
q13481;m13481;59656194030
q13482;m13482;59656194031
q13483;m13483;59656194032
q13484;m13484;59656194033
q13485;m13485;59656194034
q13486;m13486;59656194035
q13487;m13487;59656194036
q13488;m13488;59656194037
q13489;m13489;59656194038
q13490;m13490;59656194039
q13491;m13491;59656194040
q13492;m13492;59656194041
q13493;m13493;59656194042
q13494;m13494;59656194043
q13495;m13495;59656194044
q13496;m13496;59656194045
q13497;m13497;59656194046
q13498;m13498;59656194047
q13499;m13499;59656194048
q13500;m13500;59656194049
q13501;m13501;59656194050
q13502;m13502;59656194051
q13503;m13503;59656194052
q13504;m13504;59656194053
q13505;m13505;59656194054
q13506;m13506;59656194055
q13507;m13507;59656194056
q13508;m13508;59656194057
q13509;m13509;59656194058
q13510;m13510;59656194059
q13511;m13511;59656194060
q13512;m13512;59656194061
q13513;m13513;59656194062
q13514;m13514;59656194063
q13515;m13515;59656194064
q13516;m13516;59656194065
q13517;m13517;59656194066
q13518;m13518;59656194067
q13519;m13519;59656194068
q13520;m13520;59656194069
q13521;m13521;59656194070
q13522;m13522;59656194071
q13523;m13523;59656194072
q13524;m13524;59656194073
q13525;m13525;59656194074
q13526;m13526;59656194075
q13527;m13527;59656194076
q13528;m13528;59656194077
q13529;m13529;59656194078
q13530;m13530;59656194079
q13531;m13531;59656194080
q13532;m13532;59656194081
q13533;m13533;59656194082
q13534;m13534;59656194083
q13535;m13535;59656194084
q13536;m13536;59656194085
q13537;m13537;59656194086
q13538;m13538;59656194087
q13539;m13539;59656194088
q13540;m13540;59656194089
q13541;m13541;59656194090
q13542;m13542;59656194091
q13543;m13543;59656194092
q13544;m13544;59656194093
q13545;m13545;59656194094
q13546;m13546;59656194095
q13547;m13547;59656194096
q13548;m13548;59656194097
q13549;m13549;59656194098
q13550;m13550;59656194099
q13551;m13551;59656194100
q13552;m13552;59656194101
q13553;m13553;59656194102
q13554;m13554;59656194103
q13555;m13555;59656194104
q13556;m13556;59656194105
q13557;m13557;59656194106
q13558;m13558;59656194107
q13559;m13559;59656194108
q13560;m13560;59656194109
q13561;m13561;59656194110
q13562;m13562;59656194111
q13563;m13563;59656194112
q13564;m13564;59656194113
q13565;m13565;59656194114
q13566;m13566;59656194115
q13567;m13567;59656194116
q13568;m13568;59656194117
q13569;m13569;59656194118
q13570;m13570;59656194119
q13571;m13571;59656194120
q13572;m13572;59656194121
q13573;m13573;59656194122
q13574;m13574;59656194123
q13575;m13575;59656194124
q13576;m13576;59656194125
q13577;m13577;59656194126
q13578;m13578;59656194127
q13579;m13579;59656194128
q13580;m13580;59656194129
q13581;m13581;59656194130
q13582;m13582;59656194131
q13583;m13583;59656194132
q13584;m13584;59656194133
q13585;m13585;59656194134
q13586;m13586;59656194135
q13587;m13587;59656194136
q13588;m13588;59656194137
q13589;m13589;59656194138
q13590;m13590;59656194139
q13591;m13591;59656194140
q13592;m13592;59656194141
q13593;m13593;59656194142
q13594;m13594;59656194143
q13595;m13595;59656194144
q13596;m13596;59656194145
q13597;m13597;59656194146
q13598;m13598;59656194147
q13599;m13599;59656194148
q13600;m13600;59656194149
q13601;m13601;59656194150
q13602;m13602;59656194151
q13603;m13603;59656194152
q13604;m13604;59656194153
q13605;m13605;59656194154
q13606;m13606;59656194155
q13607;m13607;59656194156
q13608;m13608;59656194157
q13609;m13609;59656194158
q13610;m13610;59656194159
q13611;m13611;59656194160
q13612;m13612;59656194161
q13613;m13613;59656194162
q13614;m13614;59656194163
q13615;m13615;59656194164
q13616;m13616;59656194165
q13617;m13617;59656194166
q13618;m13618;59656194167
q13619;m13619;59656194168
q13620;m13620;59656194169
q13621;m13621;59656194170
q13622;m13622;59656194171
q13623;m13623;59656194172
q13624;m13624;59656194173
q13625;m13625;59656194174
q13626;m13626;59656194175
q13627;m13627;59656194176
q13628;m13628;59656194177
q13629;m13629;59656194178
q13630;m13630;59656194179
q13631;m13631;59656194180
q13632;m13632;59656194181
q13633;m13633;59656194182
q13634;m13634;59656194183
q13635;m13635;59656194184
q13636;m13636;59656194185
q13637;m13637;59656194186
q13638;m13638;59656194187
q13639;m13639;59656194188
q13640;m13640;59656194189
q13641;m13641;59656194190
q13642;m13642;59656194191
q13643;m13643;59656194192
q13644;m13644;59656194193
q13645;m13645;59656194194
q13646;m13646;59656194195
q13647;m13647;59656194196
q13648;m13648;59656194197
q13649;m13649;59656194198
q13650;m13650;59656194199
q13651;m13651;59656194200
q13652;m13652;59656194201
q13653;m13653;59656194202
q13654;m13654;59656194203
q13655;m13655;59656194204
q13656;m13656;59656194205
q13657;m13657;59656194206
q13658;m13658;59656194207
q13659;m13659;59656194208
q13660;m13660;59656194209
q13661;m13661;59656194210
q13662;m13662;59656194211
q13663;m13663;59656194212
q13664;m13664;59656194213
q13665;m13665;59656194214
q13666;m13666;59656194215
q13667;m13667;59656194216
q13668;m13668;59656194217
q13669;m13669;59656194218
q13670;m13670;59656194219
q13671;m13671;59656194220
q13672;m13672;59656194221
q13673;m13673;59656194222
q13674;m13674;59656194223
q13675;m13675;59656194224
q13676;m13676;59656194225
q13677;m13677;59656194226
q13678;m13678;59656194227
q13679;m13679;59656194228
q13680;m13680;59656194229
q13681;m13681;59656194230
q13682;m13682;59656194231
q13683;m13683;59656194232
q13684;m13684;59656194233
q13685;m13685;59656194234
q13686;m13686;59656194235
q13687;m13687;59656194236
q13688;m13688;59656194237
q13689;m13689;59656194238
q13690;m13690;59656194239
q13691;m13691;59656194240
q13692;m13692;59656194241
q13693;m13693;59656194242
q13694;m13694;59656194243
q13695;m13695;59656194244
q13696;m13696;59656194245
q13697;m13697;59656194246
q13698;m13698;59656194247
q13699;m13699;59656194248
q13700;m13700;59656194249
q13701;m13701;59656194250
q13702;m13702;59656194251
q13703;m13703;59656194252
q13704;m13704;59656194253
q13705;m13705;59656194254
q13706;m13706;59656194255
q13707;m13707;59656194256
q13708;m13708;59656194257
q13709;m13709;59656194258
q13710;m13710;59656194259
q13711;m13711;59656194260
q13712;m13712;59656194261
q13713;m13713;59656194262
q13714;m13714;59656194263
q13715;m13715;59656194264
q13716;m13716;59656194265
q13717;m13717;59656194266
q13718;m13718;59656194267
q13719;m13719;59656194268
q13720;m13720;59656194269
q13721;m13721;59656194270
q13722;m13722;59656194271
q13723;m13723;59656194272
q13724;m13724;59656194273
q13725;m13725;59656194274
q13726;m13726;59656194275
q13727;m13727;59656194276
q13728;m13728;59656194277
q13729;m13729;59656194278
q13730;m13730;59656194279
q13731;m13731;59656194280
q13732;m13732;59656194281
q13733;m13733;59656194282
q13734;m13734;59656194283
q13735;m13735;59656194284
q13736;m13736;59656194285
q13737;m13737;59656194286
q13738;m13738;59656194287
q13739;m13739;59656194288
q13740;m13740;59656194289
q13741;m13741;59656194290
q13742;m13742;59656194291
q13743;m13743;59656194292
q13744;m13744;59656194293
q13745;m13745;59656194294
q13746;m13746;59656194295
q13747;m13747;59656194296
q13748;m13748;59656194297
q13749;m13749;59656194298
q13750;m13750;59656194299
q13751;m13751;59656194300
q13752;m13752;59656194301
q13753;m13753;59656194302
q13754;m13754;59656194303
q13755;m13755;59656194304
q13756;m13756;59656194305
q13757;m13757;59656194306
q13758;m13758;59656194307
q13759;m13759;59656194308
q13760;m13760;59656194309
q13761;m13761;59656194310
q13762;m13762;59656194311
q13763;m13763;59656194312
q13764;m13764;59656194313
q13765;m13765;59656194314
q13766;m13766;59656194315
q13767;m13767;59656194316
q13768;m13768;59656194317
q13769;m13769;59656194318
q13770;m13770;59656194319
q13771;m13771;59656194320
q13772;m13772;59656194321
q13773;m13773;59656194322
q13774;m13774;59656194323
q13775;m13775;59656194324
q13776;m13776;59656194325
q13777;m13777;59656194326
q13778;m13778;59656194327
q13779;m13779;59656194328
q13780;m13780;59656194329
q13781;m13781;59656194330
q13782;m13782;59656194331
q13783;m13783;59656194332
q13784;m13784;59656194333
q13785;m13785;59656194334
q13786;m13786;59656194335
q13787;m13787;59656194336
q13788;m13788;59656194337
q13789;m13789;59656194338
q13790;m13790;59656194339
q13791;m13791;59656194340
q13792;m13792;59656194341
q13793;m13793;59656194342
q13794;m13794;59656194343
q13795;m13795;59656194344
q13796;m13796;59656194345
q13797;m13797;59656194346
q13798;m13798;59656194347
q13799;m13799;59656194348
q13800;m13800;59656194349
q13801;m13801;59656194350
q13802;m13802;59656194351
q13803;m13803;59656194352
q13804;m13804;59656194353
q13805;m13805;59656194354
q13806;m13806;59656194355
q13807;m13807;59656194356
q13808;m13808;59656194357
q13809;m13809;59656194358
q13810;m13810;59656194359
q13811;m13811;59656194360
q13812;m13812;59656194361
q13813;m13813;59656194362
q13814;m13814;59656194363
q13815;m13815;59656194364
q13816;m13816;59656194365
q13817;m13817;59656194366
q13818;m13818;59656194367
q13819;m13819;59656194368
q13820;m13820;59656194369
q13821;m13821;59656194370
q13822;m13822;59656194371
q13823;m13823;59656194372
q13824;m13824;59656194373
q13825;m13825;59656194374
q13826;m13826;59656194375
q13827;m13827;59656194376
q13828;m13828;59656194377
q13829;m13829;59656194378
q13830;m13830;59656194379
q13831;m13831;59656194380
q13832;m13832;59656194381
q13833;m13833;59656194382
q13834;m13834;59656194383
q13835;m13835;59656194384
q13836;m13836;59656194385
q13837;m13837;59656194386
q13838;m13838;59656194387
q13839;m13839;59656194388
q13840;m13840;59656194389
q13841;m13841;59656194390
q13842;m13842;59656194391
q13843;m13843;59656194392
q13844;m13844;59656194393
q13845;m13845;59656194394
q13846;m13846;59656194395
q13847;m13847;59656194396
q13848;m13848;59656194397
q13849;m13849;59656194398
q13850;m13850;59656194399
q13851;m13851;59656194400
q13852;m13852;59656194401
q13853;m13853;59656194402
q13854;m13854;59656194403
q13855;m13855;59656194404
q13856;m13856;59656194405
q13857;m13857;59656194406
q13858;m13858;59656194407
q13859;m13859;59656194408
q13860;m13860;59656194409
q13861;m13861;59656194410
q13862;m13862;59656194411
q13863;m13863;59656194412
q13864;m13864;59656194413
q13865;m13865;59656194414
q13866;m13866;59656194415
q13867;m13867;59656194416
q13868;m13868;59656194417
q13869;m13869;59656194418
q13870;m13870;59656194419
q13871;m13871;59656194420
q13872;m13872;59656194421
q13873;m13873;59656194422
q13874;m13874;59656194423
q13875;m13875;59656194424
q13876;m13876;59656194425
q13877;m13877;59656194426
q13878;m13878;59656194427
q13879;m13879;59656194428
q13880;m13880;59656194429
q13881;m13881;59656194430
q13882;m13882;59656194431
q13883;m13883;59656194432
q13884;m13884;59656194433
q13885;m13885;59656194434
q13886;m13886;59656194435
q13887;m13887;59656194436
q13888;m13888;59656194437
q13889;m13889;59656194438
q13890;m13890;59656194439
q13891;m13891;59656194440
q13892;m13892;59656194441
q13893;m13893;59656194442
q13894;m13894;59656194443
q13895;m13895;59656194444
q13896;m13896;59656194445
q13897;m13897;59656194446
q13898;m13898;59656194447
q13899;m13899;59656194448
q13900;m13900;59656194449
q13901;m13901;59656194450
q13902;m13902;59656194451
q13903;m13903;59656194452
q13904;m13904;59656194453
q13905;m13905;59656194454
q13906;m13906;59656194455
q13907;m13907;59656194456
q13908;m13908;59656194457
q13909;m13909;59656194458
q13910;m13910;59656194459
q13911;m13911;59656194460
q13912;m13912;59656194461
q13913;m13913;59656194462
q13914;m13914;59656194463
q13915;m13915;59656194464
q13916;m13916;59656194465
q13917;m13917;59656194466
q13918;m13918;59656194467
q13919;m13919;59656194468
q13920;m13920;59656194469
q13921;m13921;59656194470
q13922;m13922;59656194471
q13923;m13923;59656194472
q13924;m13924;59656194473
q13925;m13925;59656194474
q13926;m13926;59656194475
q13927;m13927;59656194476
q13928;m13928;59656194477
q13929;m13929;59656194478
q13930;m13930;59656194479
q13931;m13931;59656194480
q13932;m13932;59656194481
q13933;m13933;59656194482
q13934;m13934;59656194483
q13935;m13935;59656194484
q13936;m13936;59656194485
q13937;m13937;59656194486
q13938;m13938;59656194487
q13939;m13939;59656194488
q13940;m13940;59656194489
q13941;m13941;59656194490
q13942;m13942;59656194491
q13943;m13943;59656194492
q13944;m13944;59656194493
q13945;m13945;59656194494
q13946;m13946;59656194495
q13947;m13947;59656194496
q13948;m13948;59656194497
q13949;m13949;59656194498
q13950;m13950;59656194499
q13951;m13951;59656194500
q13952;m13952;59656194501
q13953;m13953;59656194502
q13954;m13954;59656194503
q13955;m13955;59656194504
q13956;m13956;59656194505
q13957;m13957;59656194506
q13958;m13958;59656194507
q13959;m13959;59656194508
q13960;m13960;59656194509
q13961;m13961;59656194510
q13962;m13962;59656194511
q13963;m13963;59656194512
q13964;m13964;59656194513
q13965;m13965;59656194514
q13966;m13966;59656194515
q13967;m13967;59656194516
q13968;m13968;59656194517
q13969;m13969;59656194518
q13970;m13970;59656194519
q13971;m13971;59656194520
q13972;m13972;59656194521
q13973;m13973;59656194522
q13974;m13974;59656194523
q13975;m13975;59656194524
q13976;m13976;59656194525
q13977;m13977;59656194526
q13978;m13978;59656194527
q13979;m13979;59656194528
q13980;m13980;59656194529
q13981;m13981;59656194530
q13982;m13982;59656194531
q13983;m13983;59656194532
q13984;m13984;59656194533
q13985;m13985;59656194534
q13986;m13986;59656194535
q13987;m13987;59656194536
q13988;m13988;59656194537
q13989;m13989;59656194538
q13990;m13990;59656194539
q13991;m13991;59656194540
q13992;m13992;59656194541
q13993;m13993;59656194542
q13994;m13994;59656194543
q13995;m13995;59656194544
q13996;m13996;59656194545
q13997;m13997;59656194546
q13998;m13998;59656194547
q13999;m13999;59656194548
q14000;m14000;59656194549
q14001;m14001;59656194550
q14002;m14002;59656194551
q14003;m14003;59656194552
q14004;m14004;59656194553
q14005;m14005;59656194554
q14006;m14006;59656194555
q14007;m14007;59656194556
q14008;m14008;59656194557
q14009;m14009;59656194558
q14010;m14010;59656194559
q14011;m14011;59656194560
q14012;m14012;59656194561
q14013;m14013;59656194562
q14014;m14014;59656194563
q14015;m14015;59656194564
q14016;m14016;59656194565
q14017;m14017;59656194566
q14018;m14018;59656194567
q14019;m14019;59656194568
q14020;m14020;59656194569
q14021;m14021;59656194570
q14022;m14022;59656194571
q14023;m14023;59656194572
q14024;m14024;59656194573
q14025;m14025;59656194574
q14026;m14026;59656194575
q14027;m14027;59656194576
q14028;m14028;59656194577
q14029;m14029;59656194578
q14030;m14030;59656194579
q14031;m14031;59656194580
q14032;m14032;59656194581
q14033;m14033;59656194582
q14034;m14034;59656194583
q14035;m14035;59656194584
q14036;m14036;59656194585
q14037;m14037;59656194586
q14038;m14038;59656194587
q14039;m14039;59656194588
q14040;m14040;59656194589
q14041;m14041;59656194590
q14042;m14042;59656194591
q14043;m14043;59656194592
q14044;m14044;59656194593
q14045;m14045;59656194594
q14046;m14046;59656194595
q14047;m14047;59656194596
q14048;m14048;59656194597
q14049;m14049;59656194598
q14050;m14050;59656194599
q14051;m14051;59656194600
q14052;m14052;59656194601
q14053;m14053;59656194602
q14054;m14054;59656194603
q14055;m14055;59656194604
q14056;m14056;59656194605
q14057;m14057;59656194606
q14058;m14058;59656194607
q14059;m14059;59656194608
q14060;m14060;59656194609
q14061;m14061;59656194610
q14062;m14062;59656194611
q14063;m14063;59656194612
q14064;m14064;59656194613
q14065;m14065;59656194614
q14066;m14066;59656194615
q14067;m14067;59656194616
q14068;m14068;59656194617
q14069;m14069;59656194618
q14070;m14070;59656194619
q14071;m14071;59656194620
q14072;m14072;59656194621
q14073;m14073;59656194622
q14074;m14074;59656194623
q14075;m14075;59656194624
q14076;m14076;59656194625
q14077;m14077;59656194626
q14078;m14078;59656194627
q14079;m14079;59656194628
q14080;m14080;59656194629
q14081;m14081;59656194630
q14082;m14082;59656194631
q14083;m14083;59656194632
q14084;m14084;59656194633
q14085;m14085;59656194634
q14086;m14086;59656194635
q14087;m14087;59656194636
q14088;m14088;59656194637
q14089;m14089;59656194638
q14090;m14090;59656194639
q14091;m14091;59656194640
q14092;m14092;59656194641
q14093;m14093;59656194642
q14094;m14094;59656194643
q14095;m14095;59656194644
q14096;m14096;59656194645
q14097;m14097;59656194646
q14098;m14098;59656194647
q14099;m14099;59656194648
q14100;m14100;59656194649
q14101;m14101;59656194650
q14102;m14102;59656194651
q14103;m14103;59656194652
q14104;m14104;59656194653
q14105;m14105;59656194654
q14106;m14106;59656194655
q14107;m14107;59656194656
q14108;m14108;59656194657
q14109;m14109;59656194658
q14110;m14110;59656194659
q14111;m14111;59656194660
q14112;m14112;59656194661
q14113;m14113;59656194662
q14114;m14114;59656194663
q14115;m14115;59656194664
q14116;m14116;59656194665
q14117;m14117;59656194666
q14118;m14118;59656194667
q14119;m14119;59656194668
q14120;m14120;59656194669
q14121;m14121;59656194670
q14122;m14122;59656194671
q14123;m14123;59656194672
q14124;m14124;59656194673
q14125;m14125;59656194674
q14126;m14126;59656194675
q14127;m14127;59656194676
q14128;m14128;59656194677
q14129;m14129;59656194678
q14130;m14130;59656194679
q14131;m14131;59656194680
q14132;m14132;59656194681
q14133;m14133;59656194682
q14134;m14134;59656194683
q14135;m14135;59656194684
q14136;m14136;59656194685
q14137;m14137;59656194686
q14138;m14138;59656194687
q14139;m14139;59656194688
q14140;m14140;59656194689
q14141;m14141;59656194690
q14142;m14142;59656194691
q14143;m14143;59656194692
q14144;m14144;59656194693
q14145;m14145;59656194694
q14146;m14146;59656194695
q14147;m14147;59656194696
q14148;m14148;59656194697
q14149;m14149;59656194698
q14150;m14150;59656194699
q14151;m14151;59656194700
q14152;m14152;59656194701
q14153;m14153;59656194702
q14154;m14154;59656194703
q14155;m14155;59656194704
q14156;m14156;59656194705
q14157;m14157;59656194706
q14158;m14158;59656194707
q14159;m14159;59656194708
q14160;m14160;59656194709
q14161;m14161;59656194710
q14162;m14162;59656194711
q14163;m14163;59656194712
q14164;m14164;59656194713
q14165;m14165;59656194714
q14166;m14166;59656194715
q14167;m14167;59656194716
q14168;m14168;59656194717
q14169;m14169;59656194718
q14170;m14170;59656194719
q14171;m14171;59656194720
q14172;m14172;59656194721
q14173;m14173;59656194722
q14174;m14174;59656194723
q14175;m14175;59656194724
q14176;m14176;59656194725
q14177;m14177;59656194726
q14178;m14178;59656194727
q14179;m14179;59656194728
q14180;m14180;59656194729
q14181;m14181;59656194730
q14182;m14182;59656194731
q14183;m14183;59656194732
q14184;m14184;59656194733
q14185;m14185;59656194734
q14186;m14186;59656194735
q14187;m14187;59656194736
q14188;m14188;59656194737
q14189;m14189;59656194738
q14190;m14190;59656194739
q14191;m14191;59656194740
q14192;m14192;59656194741
q14193;m14193;59656194742
q14194;m14194;59656194743
q14195;m14195;59656194744
q14196;m14196;59656194745
q14197;m14197;59656194746
q14198;m14198;59656194747
q14199;m14199;59656194748
q14200;m14200;59656194749
q14201;m14201;59656194750
q14202;m14202;59656194751
q14203;m14203;59656194752
q14204;m14204;59656194753
q14205;m14205;59656194754
q14206;m14206;59656194755
q14207;m14207;59656194756
q14208;m14208;59656194757
q14209;m14209;59656194758
q14210;m14210;59656194759
q14211;m14211;59656194760
q14212;m14212;59656194761
q14213;m14213;59656194762
q14214;m14214;59656194763
q14215;m14215;59656194764
q14216;m14216;59656194765
q14217;m14217;59656194766
q14218;m14218;59656194767
q14219;m14219;59656194768
q14220;m14220;59656194769
q14221;m14221;59656194770
q14222;m14222;59656194771
q14223;m14223;59656194772
q14224;m14224;59656194773
q14225;m14225;59656194774
q14226;m14226;59656194775
q14227;m14227;59656194776
q14228;m14228;59656194777
q14229;m14229;59656194778
q14230;m14230;59656194779
q14231;m14231;59656194780
q14232;m14232;59656194781
q14233;m14233;59656194782
q14234;m14234;59656194783
q14235;m14235;59656194784
q14236;m14236;59656194785
q14237;m14237;59656194786
q14238;m14238;59656194787
q14239;m14239;59656194788
q14240;m14240;59656194789
q14241;m14241;59656194790
q14242;m14242;59656194791
q14243;m14243;59656194792
q14244;m14244;59656194793
q14245;m14245;59656194794
q14246;m14246;59656194795
q14247;m14247;59656194796
q14248;m14248;59656194797
q14249;m14249;59656194798
q14250;m14250;59656194799
q14251;m14251;59656194800
q14252;m14252;59656194801
q14253;m14253;59656194802
q14254;m14254;59656194803
q14255;m14255;59656194804
q14256;m14256;59656194805
q14257;m14257;59656194806
q14258;m14258;59656194807
q14259;m14259;59656194808
q14260;m14260;59656194809
q14261;m14261;59656194810
q14262;m14262;59656194811
q14263;m14263;59656194812
q14264;m14264;59656194813
q14265;m14265;59656194814
q14266;m14266;59656194815
q14267;m14267;59656194816
q14268;m14268;59656194817
q14269;m14269;59656194818
q14270;m14270;59656194819
q14271;m14271;59656194820
q14272;m14272;59656194821
q14273;m14273;59656194822
q14274;m14274;59656194823
q14275;m14275;59656194824
q14276;m14276;59656194825
q14277;m14277;59656194826
q14278;m14278;59656194827
q14279;m14279;59656194828
q14280;m14280;59656194829
q14281;m14281;59656194830
q14282;m14282;59656194831
q14283;m14283;59656194832
q14284;m14284;59656194833
q14285;m14285;59656194834
q14286;m14286;59656194835
q14287;m14287;59656194836
q14288;m14288;59656194837
q14289;m14289;59656194838
q14290;m14290;59656194839
q14291;m14291;59656194840
q14292;m14292;59656194841
q14293;m14293;59656194842
q14294;m14294;59656194843
q14295;m14295;59656194844
q14296;m14296;59656194845
q14297;m14297;59656194846
q14298;m14298;59656194847
q14299;m14299;59656194848
q14300;m14300;59656194849
q14301;m14301;59656194850
q14302;m14302;59656194851
q14303;m14303;59656194852
q14304;m14304;59656194853
q14305;m14305;59656194854
q14306;m14306;59656194855
q14307;m14307;59656194856
q14308;m14308;59656194857
q14309;m14309;59656194858
q14310;m14310;59656194859
q14311;m14311;59656194860
q14312;m14312;59656194861
q14313;m14313;59656194862
q14314;m14314;59656194863
q14315;m14315;59656194864
q14316;m14316;59656194865
q14317;m14317;59656194866
q14318;m14318;59656194867
q14319;m14319;59656194868
q14320;m14320;59656194869
q14321;m14321;59656194870
q14322;m14322;59656194871
q14323;m14323;59656194872
q14324;m14324;59656194873
q14325;m14325;59656194874
q14326;m14326;59656194875
q14327;m14327;59656194876
q14328;m14328;59656194877
q14329;m14329;59656194878
q14330;m14330;59656194879
q14331;m14331;59656194880
q14332;m14332;59656194881
q14333;m14333;59656194882
q14334;m14334;59656194883
q14335;m14335;59656194884
q14336;m14336;59656194885
q14337;m14337;59656194886
q14338;m14338;59656194887
q14339;m14339;59656194888
q14340;m14340;59656194889
q14341;m14341;59656194890
q14342;m14342;59656194891
q14343;m14343;59656194892
q14344;m14344;59656194893
q14345;m14345;59656194894
q14346;m14346;59656194895
q14347;m14347;59656194896
q14348;m14348;59656194897
q14349;m14349;59656194898
q14350;m14350;59656194899
q14351;m14351;59656194900
q14352;m14352;59656194901
q14353;m14353;59656194902
q14354;m14354;59656194903
q14355;m14355;59656194904
q14356;m14356;59656194905
q14357;m14357;59656194906
q14358;m14358;59656194907
q14359;m14359;59656194908
q14360;m14360;59656194909
q14361;m14361;59656194910
q14362;m14362;59656194911
q14363;m14363;59656194912
q14364;m14364;59656194913
q14365;m14365;59656194914
q14366;m14366;59656194915
q14367;m14367;59656194916
q14368;m14368;59656194917
q14369;m14369;59656194918
q14370;m14370;59656194919
q14371;m14371;59656194920
q14372;m14372;59656194921
q14373;m14373;59656194922
q14374;m14374;59656194923
q14375;m14375;59656194924
q14376;m14376;59656194925
q14377;m14377;59656194926
q14378;m14378;59656194927
q14379;m14379;59656194928
q14380;m14380;59656194929
q14381;m14381;59656194930
q14382;m14382;59656194931
q14383;m14383;59656194932
q14384;m14384;59656194933
q14385;m14385;59656194934
q14386;m14386;59656194935
q14387;m14387;59656194936
q14388;m14388;59656194937
q14389;m14389;59656194938
q14390;m14390;59656194939
q14391;m14391;59656194940
q14392;m14392;59656194941
q14393;m14393;59656194942
q14394;m14394;59656194943
q14395;m14395;59656194944
q14396;m14396;59656194945
q14397;m14397;59656194946
q14398;m14398;59656194947
q14399;m14399;59656194948
q14400;m14400;59656194949
q14401;m14401;59656194950
q14402;m14402;59656194951
q14403;m14403;59656194952
q14404;m14404;59656194953
q14405;m14405;59656194954
q14406;m14406;59656194955
q14407;m14407;59656194956
q14408;m14408;59656194957
q14409;m14409;59656194958
q14410;m14410;59656194959
q14411;m14411;59656194960
q14412;m14412;59656194961
q14413;m14413;59656194962
q14414;m14414;59656194963
q14415;m14415;59656194964
q14416;m14416;59656194965
q14417;m14417;59656194966
q14418;m14418;59656194967
q14419;m14419;59656194968
q14420;m14420;59656194969
q14421;m14421;59656194970
q14422;m14422;59656194971
q14423;m14423;59656194972
q14424;m14424;59656194973
q14425;m14425;59656194974
q14426;m14426;59656194975
q14427;m14427;59656194976
q14428;m14428;59656194977
q14429;m14429;59656194978
q14430;m14430;59656194979
q14431;m14431;59656194980
q14432;m14432;59656194981
q14433;m14433;59656194982
q14434;m14434;59656194983
q14435;m14435;59656194984
q14436;m14436;59656194985
q14437;m14437;59656194986
q14438;m14438;59656194987
q14439;m14439;59656194988
q14440;m14440;59656194989
q14441;m14441;59656194990
q14442;m14442;59656194991
q14443;m14443;59656194992
q14444;m14444;59656194993
q14445;m14445;59656194994
q14446;m14446;59656194995
q14447;m14447;59656194996
q14448;m14448;59656194997
q14449;m14449;59656194998
q14450;m14450;59656194999
q14451;m14451;59656195000
q14452;m14452;59656195001
q14453;m14453;59656195002
q14454;m14454;59656195003
q14455;m14455;59656195004
q14456;m14456;59656195005
q14457;m14457;59656195006
q14458;m14458;59656195007
q14459;m14459;59656195008
q14460;m14460;59656195009
q14461;m14461;59656195010
q14462;m14462;59656195011
q14463;m14463;59656195012
q14464;m14464;59656195013
q14465;m14465;59656195014
q14466;m14466;59656195015
q14467;m14467;59656195016
q14468;m14468;59656195017
q14469;m14469;59656195018
q14470;m14470;59656195019
q14471;m14471;59656195020
q14472;m14472;59656195021
q14473;m14473;59656195022
q14474;m14474;59656195023
q14475;m14475;59656195024
q14476;m14476;59656195025
q14477;m14477;59656195026
q14478;m14478;59656195027
q14479;m14479;59656195028
q14480;m14480;59656195029
q14481;m14481;59656195030
q14482;m14482;59656195031
q14483;m14483;59656195032
q14484;m14484;59656195033
q14485;m14485;59656195034
q14486;m14486;59656195035
q14487;m14487;59656195036
q14488;m14488;59656195037
q14489;m14489;59656195038
q14490;m14490;59656195039
q14491;m14491;59656195040
q14492;m14492;59656195041
q14493;m14493;59656195042
q14494;m14494;59656195043
q14495;m14495;59656195044
q14496;m14496;59656195045
q14497;m14497;59656195046
q14498;m14498;59656195047
q14499;m14499;59656195048
q14500;m14500;59656195049
q14501;m14501;59656195050
q14502;m14502;59656195051
q14503;m14503;59656195052
q14504;m14504;59656195053
q14505;m14505;59656195054
q14506;m14506;59656195055
q14507;m14507;59656195056
q14508;m14508;59656195057
q14509;m14509;59656195058
q14510;m14510;59656195059
q14511;m14511;59656195060
q14512;m14512;59656195061
q14513;m14513;59656195062
q14514;m14514;59656195063
q14515;m14515;59656195064
q14516;m14516;59656195065
q14517;m14517;59656195066
q14518;m14518;59656195067
q14519;m14519;59656195068
q14520;m14520;59656195069
q14521;m14521;59656195070
q14522;m14522;59656195071
q14523;m14523;59656195072
q14524;m14524;59656195073
q14525;m14525;59656195074
q14526;m14526;59656195075
q14527;m14527;59656195076
q14528;m14528;59656195077
q14529;m14529;59656195078
q14530;m14530;59656195079
q14531;m14531;59656195080
q14532;m14532;59656195081
q14533;m14533;59656195082
q14534;m14534;59656195083
q14535;m14535;59656195084
q14536;m14536;59656195085
q14537;m14537;59656195086
q14538;m14538;59656195087
q14539;m14539;59656195088
q14540;m14540;59656195089
q14541;m14541;59656195090
q14542;m14542;59656195091
q14543;m14543;59656195092
q14544;m14544;59656195093
q14545;m14545;59656195094
q14546;m14546;59656195095
q14547;m14547;59656195096
q14548;m14548;59656195097
q14549;m14549;59656195098
q14550;m14550;59656195099
q14551;m14551;59656195100
q14552;m14552;59656195101
q14553;m14553;59656195102
q14554;m14554;59656195103
q14555;m14555;59656195104
q14556;m14556;59656195105
q14557;m14557;59656195106
q14558;m14558;59656195107
q14559;m14559;59656195108
q14560;m14560;59656195109
q14561;m14561;59656195110
q14562;m14562;59656195111
q14563;m14563;59656195112
q14564;m14564;59656195113
q14565;m14565;59656195114
q14566;m14566;59656195115
q14567;m14567;59656195116
q14568;m14568;59656195117
q14569;m14569;59656195118
q14570;m14570;59656195119
q14571;m14571;59656195120
q14572;m14572;59656195121
q14573;m14573;59656195122
q14574;m14574;59656195123
q14575;m14575;59656195124
q14576;m14576;59656195125
q14577;m14577;59656195126
q14578;m14578;59656195127
q14579;m14579;59656195128
q14580;m14580;59656195129
q14581;m14581;59656195130
q14582;m14582;59656195131
q14583;m14583;59656195132
q14584;m14584;59656195133
q14585;m14585;59656195134
q14586;m14586;59656195135
q14587;m14587;59656195136
q14588;m14588;59656195137
q14589;m14589;59656195138
q14590;m14590;59656195139
q14591;m14591;59656195140
q14592;m14592;59656195141
q14593;m14593;59656195142
q14594;m14594;59656195143
q14595;m14595;59656195144
q14596;m14596;59656195145
q14597;m14597;59656195146
q14598;m14598;59656195147
q14599;m14599;59656195148
q14600;m14600;59656195149
q14601;m14601;59656195150
q14602;m14602;59656195151
q14603;m14603;59656195152
q14604;m14604;59656195153
q14605;m14605;59656195154
q14606;m14606;59656195155
q14607;m14607;59656195156
q14608;m14608;59656195157
q14609;m14609;59656195158
q14610;m14610;59656195159
q14611;m14611;59656195160
q14612;m14612;59656195161
q14613;m14613;59656195162
q14614;m14614;59656195163
q14615;m14615;59656195164
q14616;m14616;59656195165
q14617;m14617;59656195166
q14618;m14618;59656195167
q14619;m14619;59656195168
q14620;m14620;59656195169
q14621;m14621;59656195170
q14622;m14622;59656195171
q14623;m14623;59656195172
q14624;m14624;59656195173
q14625;m14625;59656195174
q14626;m14626;59656195175
q14627;m14627;59656195176
q14628;m14628;59656195177
q14629;m14629;59656195178
q14630;m14630;59656195179
q14631;m14631;59656195180
q14632;m14632;59656195181
q14633;m14633;59656195182
q14634;m14634;59656195183
q14635;m14635;59656195184
q14636;m14636;59656195185
q14637;m14637;59656195186
q14638;m14638;59656195187
q14639;m14639;59656195188
q14640;m14640;59656195189
q14641;m14641;59656195190
q14642;m14642;59656195191
q14643;m14643;59656195192
q14644;m14644;59656195193
q14645;m14645;59656195194
q14646;m14646;59656195195
q14647;m14647;59656195196
q14648;m14648;59656195197
q14649;m14649;59656195198
q14650;m14650;59656195199
q14651;m14651;59656195200
q14652;m14652;59656195201
q14653;m14653;59656195202
q14654;m14654;59656195203
q14655;m14655;59656195204
q14656;m14656;59656195205
q14657;m14657;59656195206
q14658;m14658;59656195207
q14659;m14659;59656195208
q14660;m14660;59656195209
q14661;m14661;59656195210
q14662;m14662;59656195211
q14663;m14663;59656195212
q14664;m14664;59656195213
q14665;m14665;59656195214
q14666;m14666;59656195215
q14667;m14667;59656195216
q14668;m14668;59656195217
q14669;m14669;59656195218
q14670;m14670;59656195219
q14671;m14671;59656195220
q14672;m14672;59656195221
q14673;m14673;59656195222
q14674;m14674;59656195223
q14675;m14675;59656195224
q14676;m14676;59656195225
q14677;m14677;59656195226
q14678;m14678;59656195227
q14679;m14679;59656195228
q14680;m14680;59656195229
q14681;m14681;59656195230
q14682;m14682;59656195231
q14683;m14683;59656195232
q14684;m14684;59656195233
q14685;m14685;59656195234
q14686;m14686;59656195235
q14687;m14687;59656195236
q14688;m14688;59656195237
q14689;m14689;59656195238
q14690;m14690;59656195239
q14691;m14691;59656195240
q14692;m14692;59656195241
q14693;m14693;59656195242
q14694;m14694;59656195243
q14695;m14695;59656195244
q14696;m14696;59656195245
q14697;m14697;59656195246
q14698;m14698;59656195247
q14699;m14699;59656195248
q14700;m14700;59656195249
q14701;m14701;59656195250
q14702;m14702;59656195251
q14703;m14703;59656195252
q14704;m14704;59656195253
q14705;m14705;59656195254
q14706;m14706;59656195255
q14707;m14707;59656195256
q14708;m14708;59656195257
q14709;m14709;59656195258
q14710;m14710;59656195259
q14711;m14711;59656195260
q14712;m14712;59656195261
q14713;m14713;59656195262
q14714;m14714;59656195263
q14715;m14715;59656195264
q14716;m14716;59656195265
q14717;m14717;59656195266
q14718;m14718;59656195267
q14719;m14719;59656195268
q14720;m14720;59656195269
q14721;m14721;59656195270
q14722;m14722;59656195271
q14723;m14723;59656195272
q14724;m14724;59656195273
q14725;m14725;59656195274
q14726;m14726;59656195275
q14727;m14727;59656195276
q14728;m14728;59656195277
q14729;m14729;59656195278
q14730;m14730;59656195279
q14731;m14731;59656195280
q14732;m14732;59656195281
q14733;m14733;59656195282
q14734;m14734;59656195283
q14735;m14735;59656195284
q14736;m14736;59656195285
q14737;m14737;59656195286
q14738;m14738;59656195287
q14739;m14739;59656195288
q14740;m14740;59656195289
q14741;m14741;59656195290
q14742;m14742;59656195291
q14743;m14743;59656195292
q14744;m14744;59656195293
q14745;m14745;59656195294
q14746;m14746;59656195295
q14747;m14747;59656195296
q14748;m14748;59656195297
q14749;m14749;59656195298
q14750;m14750;59656195299
q14751;m14751;59656195300
q14752;m14752;59656195301
q14753;m14753;59656195302
q14754;m14754;59656195303
q14755;m14755;59656195304
q14756;m14756;59656195305
q14757;m14757;59656195306
q14758;m14758;59656195307
q14759;m14759;59656195308
q14760;m14760;59656195309
q14761;m14761;59656195310
q14762;m14762;59656195311
q14763;m14763;59656195312
q14764;m14764;59656195313
q14765;m14765;59656195314
q14766;m14766;59656195315
q14767;m14767;59656195316
q14768;m14768;59656195317
q14769;m14769;59656195318
q14770;m14770;59656195319
q14771;m14771;59656195320
q14772;m14772;59656195321
q14773;m14773;59656195322
q14774;m14774;59656195323
q14775;m14775;59656195324
q14776;m14776;59656195325
q14777;m14777;59656195326
q14778;m14778;59656195327
q14779;m14779;59656195328
q14780;m14780;59656195329
q14781;m14781;59656195330
q14782;m14782;59656195331
q14783;m14783;59656195332
q14784;m14784;59656195333
q14785;m14785;59656195334
q14786;m14786;59656195335
q14787;m14787;59656195336
q14788;m14788;59656195337
q14789;m14789;59656195338
q14790;m14790;59656195339
q14791;m14791;59656195340
q14792;m14792;59656195341
q14793;m14793;59656195342
q14794;m14794;59656195343
q14795;m14795;59656195344
q14796;m14796;59656195345
q14797;m14797;59656195346
q14798;m14798;59656195347
q14799;m14799;59656195348
q14800;m14800;59656195349
q14801;m14801;59656195350
q14802;m14802;59656195351
q14803;m14803;59656195352
q14804;m14804;59656195353
q14805;m14805;59656195354
q14806;m14806;59656195355
q14807;m14807;59656195356
q14808;m14808;59656195357
q14809;m14809;59656195358
q14810;m14810;59656195359
q14811;m14811;59656195360
q14812;m14812;59656195361
q14813;m14813;59656195362
q14814;m14814;59656195363
q14815;m14815;59656195364
q14816;m14816;59656195365
q14817;m14817;59656195366
q14818;m14818;59656195367
q14819;m14819;59656195368
q14820;m14820;59656195369
q14821;m14821;59656195370
q14822;m14822;59656195371
q14823;m14823;59656195372
q14824;m14824;59656195373
q14825;m14825;59656195374
q14826;m14826;59656195375
q14827;m14827;59656195376
q14828;m14828;59656195377
q14829;m14829;59656195378
q14830;m14830;59656195379
q14831;m14831;59656195380
q14832;m14832;59656195381
q14833;m14833;59656195382
q14834;m14834;59656195383
q14835;m14835;59656195384
q14836;m14836;59656195385
q14837;m14837;59656195386
q14838;m14838;59656195387
q14839;m14839;59656195388
q14840;m14840;59656195389
q14841;m14841;59656195390
q14842;m14842;59656195391
q14843;m14843;59656195392
q14844;m14844;59656195393
q14845;m14845;59656195394
q14846;m14846;59656195395
q14847;m14847;59656195396
q14848;m14848;59656195397
q14849;m14849;59656195398
q14850;m14850;59656195399
q14851;m14851;59656195400
q14852;m14852;59656195401
q14853;m14853;59656195402
q14854;m14854;59656195403
q14855;m14855;59656195404
q14856;m14856;59656195405
q14857;m14857;59656195406
q14858;m14858;59656195407
q14859;m14859;59656195408
q14860;m14860;59656195409
q14861;m14861;59656195410
q14862;m14862;59656195411
q14863;m14863;59656195412
q14864;m14864;59656195413
q14865;m14865;59656195414
q14866;m14866;59656195415
q14867;m14867;59656195416
q14868;m14868;59656195417
q14869;m14869;59656195418
q14870;m14870;59656195419
q14871;m14871;59656195420
q14872;m14872;59656195421
q14873;m14873;59656195422
q14874;m14874;59656195423
q14875;m14875;59656195424
q14876;m14876;59656195425
q14877;m14877;59656195426
q14878;m14878;59656195427
q14879;m14879;59656195428
q14880;m14880;59656195429
q14881;m14881;59656195430
q14882;m14882;59656195431
q14883;m14883;59656195432
q14884;m14884;59656195433
q14885;m14885;59656195434
q14886;m14886;59656195435
q14887;m14887;59656195436
q14888;m14888;59656195437
q14889;m14889;59656195438
q14890;m14890;59656195439
q14891;m14891;59656195440
q14892;m14892;59656195441
q14893;m14893;59656195442
q14894;m14894;59656195443
q14895;m14895;59656195444
q14896;m14896;59656195445
q14897;m14897;59656195446
q14898;m14898;59656195447
q14899;m14899;59656195448
q14900;m14900;59656195449
q14901;m14901;59656195450
q14902;m14902;59656195451
q14903;m14903;59656195452
q14904;m14904;59656195453
q14905;m14905;59656195454
q14906;m14906;59656195455
q14907;m14907;59656195456
q14908;m14908;59656195457
q14909;m14909;59656195458
q14910;m14910;59656195459
q14911;m14911;59656195460
q14912;m14912;59656195461
q14913;m14913;59656195462
q14914;m14914;59656195463
q14915;m14915;59656195464
q14916;m14916;59656195465
q14917;m14917;59656195466
q14918;m14918;59656195467
q14919;m14919;59656195468
q14920;m14920;59656195469
q14921;m14921;59656195470
q14922;m14922;59656195471
q14923;m14923;59656195472
q14924;m14924;59656195473
q14925;m14925;59656195474
q14926;m14926;59656195475
q14927;m14927;59656195476
q14928;m14928;59656195477
q14929;m14929;59656195478
q14930;m14930;59656195479
q14931;m14931;59656195480
q14932;m14932;59656195481
q14933;m14933;59656195482
q14934;m14934;59656195483
q14935;m14935;59656195484
q14936;m14936;59656195485
q14937;m14937;59656195486
q14938;m14938;59656195487
q14939;m14939;59656195488
q14940;m14940;59656195489
q14941;m14941;59656195490
q14942;m14942;59656195491
q14943;m14943;59656195492
q14944;m14944;59656195493
q14945;m14945;59656195494
q14946;m14946;59656195495
q14947;m14947;59656195496
q14948;m14948;59656195497
q14949;m14949;59656195498
q14950;m14950;59656195499
q14951;m14951;59656195500
q14952;m14952;59656195501
q14953;m14953;59656195502
q14954;m14954;59656195503
q14955;m14955;59656195504
q14956;m14956;59656195505
q14957;m14957;59656195506
q14958;m14958;59656195507
q14959;m14959;59656195508
q14960;m14960;59656195509
q14961;m14961;59656195510
q14962;m14962;59656195511
q14963;m14963;59656195512
q14964;m14964;59656195513
q14965;m14965;59656195514
q14966;m14966;59656195515
q14967;m14967;59656195516
q14968;m14968;59656195517
q14969;m14969;59656195518
q14970;m14970;59656195519
q14971;m14971;59656195520
q14972;m14972;59656195521
q14973;m14973;59656195522
q14974;m14974;59656195523
q14975;m14975;59656195524
q14976;m14976;59656195525
q14977;m14977;59656195526
q14978;m14978;59656195527
q14979;m14979;59656195528
q14980;m14980;59656195529
q14981;m14981;59656195530
q14982;m14982;59656195531
q14983;m14983;59656195532
q14984;m14984;59656195533
q14985;m14985;59656195534
q14986;m14986;59656195535
q14987;m14987;59656195536
q14988;m14988;59656195537
q14989;m14989;59656195538
q14990;m14990;59656195539
q14991;m14991;59656195540
q14992;m14992;59656195541
q14993;m14993;59656195542
q14994;m14994;59656195543
q14995;m14995;59656195544
q14996;m14996;59656195545
q14997;m14997;59656195546
q14998;m14998;59656195547
q14999;m14999;59656195548
q15000;m15000;59656195549
q15001;m15001;59656195550
q15002;m15002;59656195551
q15003;m15003;59656195552
q15004;m15004;59656195553
q15005;m15005;59656195554
q15006;m15006;59656195555
q15007;m15007;59656195556
q15008;m15008;59656195557
q15009;m15009;59656195558
q15010;m15010;59656195559
q15011;m15011;59656195560
q15012;m15012;59656195561
q15013;m15013;59656195562
q15014;m15014;59656195563
q15015;m15015;59656195564
q15016;m15016;59656195565
q15017;m15017;59656195566
q15018;m15018;59656195567
q15019;m15019;59656195568
q15020;m15020;59656195569
q15021;m15021;59656195570
q15022;m15022;59656195571
q15023;m15023;59656195572
q15024;m15024;59656195573
q15025;m15025;59656195574
q15026;m15026;59656195575
q15027;m15027;59656195576
q15028;m15028;59656195577
q15029;m15029;59656195578
q15030;m15030;59656195579
q15031;m15031;59656195580
q15032;m15032;59656195581
q15033;m15033;59656195582
q15034;m15034;59656195583
q15035;m15035;59656195584
q15036;m15036;59656195585
q15037;m15037;59656195586
q15038;m15038;59656195587
q15039;m15039;59656195588
q15040;m15040;59656195589
q15041;m15041;59656195590
q15042;m15042;59656195591
q15043;m15043;59656195592
q15044;m15044;59656195593
q15045;m15045;59656195594
q15046;m15046;59656195595
q15047;m15047;59656195596
q15048;m15048;59656195597
q15049;m15049;59656195598
q15050;m15050;59656195599
q15051;m15051;59656195600
q15052;m15052;59656195601
q15053;m15053;59656195602
q15054;m15054;59656195603
q15055;m15055;59656195604
q15056;m15056;59656195605
q15057;m15057;59656195606
q15058;m15058;59656195607
q15059;m15059;59656195608
q15060;m15060;59656195609
q15061;m15061;59656195610
q15062;m15062;59656195611
q15063;m15063;59656195612
q15064;m15064;59656195613
q15065;m15065;59656195614
q15066;m15066;59656195615
q15067;m15067;59656195616
q15068;m15068;59656195617
q15069;m15069;59656195618
q15070;m15070;59656195619
q15071;m15071;59656195620
q15072;m15072;59656195621
q15073;m15073;59656195622
q15074;m15074;59656195623
q15075;m15075;59656195624
q15076;m15076;59656195625
q15077;m15077;59656195626
q15078;m15078;59656195627
q15079;m15079;59656195628
q15080;m15080;59656195629
q15081;m15081;59656195630
q15082;m15082;59656195631
q15083;m15083;59656195632
q15084;m15084;59656195633
q15085;m15085;59656195634
q15086;m15086;59656195635
q15087;m15087;59656195636
q15088;m15088;59656195637
q15089;m15089;59656195638
q15090;m15090;59656195639
q15091;m15091;59656195640
q15092;m15092;59656195641
q15093;m15093;59656195642
q15094;m15094;59656195643
q15095;m15095;59656195644
q15096;m15096;59656195645
q15097;m15097;59656195646
q15098;m15098;59656195647
q15099;m15099;59656195648
q15100;m15100;59656195649
q15101;m15101;59656195650
q15102;m15102;59656195651
q15103;m15103;59656195652
q15104;m15104;59656195653
q15105;m15105;59656195654
q15106;m15106;59656195655
q15107;m15107;59656195656
q15108;m15108;59656195657
q15109;m15109;59656195658
q15110;m15110;59656195659
q15111;m15111;59656195660
q15112;m15112;59656195661
q15113;m15113;59656195662
q15114;m15114;59656195663
q15115;m15115;59656195664
q15116;m15116;59656195665
q15117;m15117;59656195666
q15118;m15118;59656195667
q15119;m15119;59656195668
q15120;m15120;59656195669
q15121;m15121;59656195670
q15122;m15122;59656195671
q15123;m15123;59656195672
q15124;m15124;59656195673
q15125;m15125;59656195674
q15126;m15126;59656195675
q15127;m15127;59656195676
q15128;m15128;59656195677
q15129;m15129;59656195678
q15130;m15130;59656195679
q15131;m15131;59656195680
q15132;m15132;59656195681
q15133;m15133;59656195682
q15134;m15134;59656195683
q15135;m15135;59656195684
q15136;m15136;59656195685
q15137;m15137;59656195686
q15138;m15138;59656195687
q15139;m15139;59656195688
q15140;m15140;59656195689
q15141;m15141;59656195690
q15142;m15142;59656195691
q15143;m15143;59656195692
q15144;m15144;59656195693
q15145;m15145;59656195694
q15146;m15146;59656195695
q15147;m15147;59656195696
q15148;m15148;59656195697
q15149;m15149;59656195698
q15150;m15150;59656195699
q15151;m15151;59656195700
q15152;m15152;59656195701
q15153;m15153;59656195702
q15154;m15154;59656195703
q15155;m15155;59656195704
q15156;m15156;59656195705
q15157;m15157;59656195706
q15158;m15158;59656195707
q15159;m15159;59656195708
q15160;m15160;59656195709
q15161;m15161;59656195710
q15162;m15162;59656195711
q15163;m15163;59656195712
q15164;m15164;59656195713
q15165;m15165;59656195714
q15166;m15166;59656195715
q15167;m15167;59656195716
q15168;m15168;59656195717
q15169;m15169;59656195718
q15170;m15170;59656195719
q15171;m15171;59656195720
q15172;m15172;59656195721
q15173;m15173;59656195722
q15174;m15174;59656195723
q15175;m15175;59656195724
q15176;m15176;59656195725
q15177;m15177;59656195726
q15178;m15178;59656195727
q15179;m15179;59656195728
q15180;m15180;59656195729
q15181;m15181;59656195730
q15182;m15182;59656195731
q15183;m15183;59656195732
q15184;m15184;59656195733
q15185;m15185;59656195734
q15186;m15186;59656195735
q15187;m15187;59656195736
q15188;m15188;59656195737
q15189;m15189;59656195738
q15190;m15190;59656195739
q15191;m15191;59656195740
q15192;m15192;59656195741
q15193;m15193;59656195742
q15194;m15194;59656195743
q15195;m15195;59656195744
q15196;m15196;59656195745
q15197;m15197;59656195746
q15198;m15198;59656195747
q15199;m15199;59656195748
q15200;m15200;59656195749
q15201;m15201;59656195750
q15202;m15202;59656195751
q15203;m15203;59656195752
q15204;m15204;59656195753
q15205;m15205;59656195754
q15206;m15206;59656195755
q15207;m15207;59656195756
q15208;m15208;59656195757
q15209;m15209;59656195758
q15210;m15210;59656195759
q15211;m15211;59656195760
q15212;m15212;59656195761
q15213;m15213;59656195762
q15214;m15214;59656195763
q15215;m15215;59656195764
q15216;m15216;59656195765
q15217;m15217;59656195766
q15218;m15218;59656195767
q15219;m15219;59656195768
q15220;m15220;59656195769
q15221;m15221;59656195770
q15222;m15222;59656195771
q15223;m15223;59656195772
q15224;m15224;59656195773
q15225;m15225;59656195774
q15226;m15226;59656195775
q15227;m15227;59656195776
q15228;m15228;59656195777
q15229;m15229;59656195778
q15230;m15230;59656195779
q15231;m15231;59656195780
q15232;m15232;59656195781
q15233;m15233;59656195782
q15234;m15234;59656195783
q15235;m15235;59656195784
q15236;m15236;59656195785
q15237;m15237;59656195786
q15238;m15238;59656195787
q15239;m15239;59656195788
q15240;m15240;59656195789
q15241;m15241;59656195790
q15242;m15242;59656195791
q15243;m15243;59656195792
q15244;m15244;59656195793
q15245;m15245;59656195794
q15246;m15246;59656195795
q15247;m15247;59656195796
q15248;m15248;59656195797
q15249;m15249;59656195798
q15250;m15250;59656195799
q15251;m15251;59656195800
q15252;m15252;59656195801
q15253;m15253;59656195802
q15254;m15254;59656195803
q15255;m15255;59656195804
q15256;m15256;59656195805
q15257;m15257;59656195806
q15258;m15258;59656195807
q15259;m15259;59656195808
q15260;m15260;59656195809
q15261;m15261;59656195810
q15262;m15262;59656195811
q15263;m15263;59656195812
q15264;m15264;59656195813
q15265;m15265;59656195814
q15266;m15266;59656195815
q15267;m15267;59656195816
q15268;m15268;59656195817
q15269;m15269;59656195818
q15270;m15270;59656195819
q15271;m15271;59656195820
q15272;m15272;59656195821
q15273;m15273;59656195822
q15274;m15274;59656195823
q15275;m15275;59656195824
q15276;m15276;59656195825
q15277;m15277;59656195826
q15278;m15278;59656195827
q15279;m15279;59656195828
q15280;m15280;59656195829
q15281;m15281;59656195830
q15282;m15282;59656195831
q15283;m15283;59656195832
q15284;m15284;59656195833
q15285;m15285;59656195834
q15286;m15286;59656195835
q15287;m15287;59656195836
q15288;m15288;59656195837
q15289;m15289;59656195838
q15290;m15290;59656195839
q15291;m15291;59656195840
q15292;m15292;59656195841
q15293;m15293;59656195842
q15294;m15294;59656195843
q15295;m15295;59656195844
q15296;m15296;59656195845
q15297;m15297;59656195846
q15298;m15298;59656195847
q15299;m15299;59656195848
q15300;m15300;59656195849
q15301;m15301;59656195850
q15302;m15302;59656195851
q15303;m15303;59656195852
q15304;m15304;59656195853
q15305;m15305;59656195854
q15306;m15306;59656195855
q15307;m15307;59656195856
q15308;m15308;59656195857
q15309;m15309;59656195858
q15310;m15310;59656195859
q15311;m15311;59656195860
q15312;m15312;59656195861
q15313;m15313;59656195862
q15314;m15314;59656195863
q15315;m15315;59656195864
q15316;m15316;59656195865
q15317;m15317;59656195866
q15318;m15318;59656195867
q15319;m15319;59656195868
q15320;m15320;59656195869
q15321;m15321;59656195870
q15322;m15322;59656195871
q15323;m15323;59656195872
q15324;m15324;59656195873
q15325;m15325;59656195874
q15326;m15326;59656195875
q15327;m15327;59656195876
q15328;m15328;59656195877
q15329;m15329;59656195878
q15330;m15330;59656195879
q15331;m15331;59656195880
q15332;m15332;59656195881
q15333;m15333;59656195882
q15334;m15334;59656195883
q15335;m15335;59656195884
q15336;m15336;59656195885
q15337;m15337;59656195886
q15338;m15338;59656195887
q15339;m15339;59656195888
q15340;m15340;59656195889
q15341;m15341;59656195890
q15342;m15342;59656195891
q15343;m15343;59656195892
q15344;m15344;59656195893
q15345;m15345;59656195894
q15346;m15346;59656195895
q15347;m15347;59656195896
q15348;m15348;59656195897
q15349;m15349;59656195898
q15350;m15350;59656195899
q15351;m15351;59656195900
q15352;m15352;59656195901
q15353;m15353;59656195902
q15354;m15354;59656195903
q15355;m15355;59656195904
q15356;m15356;59656195905
q15357;m15357;59656195906
q15358;m15358;59656195907
q15359;m15359;59656195908
q15360;m15360;59656195909
q15361;m15361;59656195910
q15362;m15362;59656195911
q15363;m15363;59656195912
q15364;m15364;59656195913
q15365;m15365;59656195914
q15366;m15366;59656195915
q15367;m15367;59656195916
q15368;m15368;59656195917
q15369;m15369;59656195918
q15370;m15370;59656195919
q15371;m15371;59656195920
q15372;m15372;59656195921
q15373;m15373;59656195922
q15374;m15374;59656195923
q15375;m15375;59656195924
q15376;m15376;59656195925
q15377;m15377;59656195926
q15378;m15378;59656195927
q15379;m15379;59656195928
q15380;m15380;59656195929
q15381;m15381;59656195930
q15382;m15382;59656195931
q15383;m15383;59656195932
q15384;m15384;59656195933
q15385;m15385;59656195934
q15386;m15386;59656195935
q15387;m15387;59656195936
q15388;m15388;59656195937
q15389;m15389;59656195938
q15390;m15390;59656195939
q15391;m15391;59656195940
q15392;m15392;59656195941
q15393;m15393;59656195942
q15394;m15394;59656195943
q15395;m15395;59656195944
q15396;m15396;59656195945
q15397;m15397;59656195946
q15398;m15398;59656195947
q15399;m15399;59656195948
q15400;m15400;59656195949
q15401;m15401;59656195950
q15402;m15402;59656195951
q15403;m15403;59656195952
q15404;m15404;59656195953
q15405;m15405;59656195954
q15406;m15406;59656195955
q15407;m15407;59656195956
q15408;m15408;59656195957
q15409;m15409;59656195958
q15410;m15410;59656195959
q15411;m15411;59656195960
q15412;m15412;59656195961
q15413;m15413;59656195962
q15414;m15414;59656195963
q15415;m15415;59656195964
q15416;m15416;59656195965
q15417;m15417;59656195966
q15418;m15418;59656195967
q15419;m15419;59656195968
q15420;m15420;59656195969
q15421;m15421;59656195970
q15422;m15422;59656195971
q15423;m15423;59656195972
q15424;m15424;59656195973
q15425;m15425;59656195974
q15426;m15426;59656195975
q15427;m15427;59656195976
q15428;m15428;59656195977
q15429;m15429;59656195978
q15430;m15430;59656195979
q15431;m15431;59656195980
q15432;m15432;59656195981
q15433;m15433;59656195982
q15434;m15434;59656195983
q15435;m15435;59656195984
q15436;m15436;59656195985
q15437;m15437;59656195986
q15438;m15438;59656195987
q15439;m15439;59656195988
q15440;m15440;59656195989
q15441;m15441;59656195990
q15442;m15442;59656195991
q15443;m15443;59656195992
q15444;m15444;59656195993
q15445;m15445;59656195994
q15446;m15446;59656195995
q15447;m15447;59656195996
q15448;m15448;59656195997
q15449;m15449;59656195998
q15450;m15450;59656195999
q15451;m15451;59656196000
q15452;m15452;59656196001
q15453;m15453;59656196002
q15454;m15454;59656196003
q15455;m15455;59656196004
q15456;m15456;59656196005
q15457;m15457;59656196006
q15458;m15458;59656196007
q15459;m15459;59656196008
q15460;m15460;59656196009
q15461;m15461;59656196010
q15462;m15462;59656196011
q15463;m15463;59656196012
q15464;m15464;59656196013
q15465;m15465;59656196014
q15466;m15466;59656196015
q15467;m15467;59656196016
q15468;m15468;59656196017
q15469;m15469;59656196018
q15470;m15470;59656196019
q15471;m15471;59656196020
q15472;m15472;59656196021
q15473;m15473;59656196022
q15474;m15474;59656196023
q15475;m15475;59656196024
q15476;m15476;59656196025
q15477;m15477;59656196026
q15478;m15478;59656196027
q15479;m15479;59656196028
q15480;m15480;59656196029
q15481;m15481;59656196030
q15482;m15482;59656196031
q15483;m15483;59656196032
q15484;m15484;59656196033
q15485;m15485;59656196034
q15486;m15486;59656196035
q15487;m15487;59656196036
q15488;m15488;59656196037
q15489;m15489;59656196038
q15490;m15490;59656196039
q15491;m15491;59656196040
q15492;m15492;59656196041
q15493;m15493;59656196042
q15494;m15494;59656196043
q15495;m15495;59656196044
q15496;m15496;59656196045
q15497;m15497;59656196046
q15498;m15498;59656196047
q15499;m15499;59656196048
q15500;m15500;59656196049
q15501;m15501;59656196050
q15502;m15502;59656196051
q15503;m15503;59656196052
q15504;m15504;59656196053
q15505;m15505;59656196054
q15506;m15506;59656196055
q15507;m15507;59656196056
q15508;m15508;59656196057
q15509;m15509;59656196058
q15510;m15510;59656196059
q15511;m15511;59656196060
q15512;m15512;59656196061
q15513;m15513;59656196062
q15514;m15514;59656196063
q15515;m15515;59656196064
q15516;m15516;59656196065
q15517;m15517;59656196066
q15518;m15518;59656196067
q15519;m15519;59656196068
q15520;m15520;59656196069
q15521;m15521;59656196070
q15522;m15522;59656196071
q15523;m15523;59656196072
q15524;m15524;59656196073
q15525;m15525;59656196074
q15526;m15526;59656196075
q15527;m15527;59656196076
q15528;m15528;59656196077
q15529;m15529;59656196078
q15530;m15530;59656196079
q15531;m15531;59656196080
q15532;m15532;59656196081
q15533;m15533;59656196082
q15534;m15534;59656196083
q15535;m15535;59656196084
q15536;m15536;59656196085
q15537;m15537;59656196086
q15538;m15538;59656196087
q15539;m15539;59656196088
q15540;m15540;59656196089
q15541;m15541;59656196090
q15542;m15542;59656196091
q15543;m15543;59656196092
q15544;m15544;59656196093
q15545;m15545;59656196094
q15546;m15546;59656196095
q15547;m15547;59656196096
q15548;m15548;59656196097
q15549;m15549;59656196098
q15550;m15550;59656196099
q15551;m15551;59656196100
q15552;m15552;59656196101
q15553;m15553;59656196102
q15554;m15554;59656196103
q15555;m15555;59656196104
q15556;m15556;59656196105
q15557;m15557;59656196106
q15558;m15558;59656196107
q15559;m15559;59656196108
q15560;m15560;59656196109
q15561;m15561;59656196110
q15562;m15562;59656196111
q15563;m15563;59656196112
q15564;m15564;59656196113
q15565;m15565;59656196114
q15566;m15566;59656196115
q15567;m15567;59656196116
q15568;m15568;59656196117
q15569;m15569;59656196118
q15570;m15570;59656196119
q15571;m15571;59656196120
q15572;m15572;59656196121
q15573;m15573;59656196122
q15574;m15574;59656196123
q15575;m15575;59656196124
q15576;m15576;59656196125
q15577;m15577;59656196126
q15578;m15578;59656196127
q15579;m15579;59656196128
q15580;m15580;59656196129
q15581;m15581;59656196130
q15582;m15582;59656196131
q15583;m15583;59656196132
q15584;m15584;59656196133
q15585;m15585;59656196134
q15586;m15586;59656196135
q15587;m15587;59656196136
q15588;m15588;59656196137
q15589;m15589;59656196138
q15590;m15590;59656196139
q15591;m15591;59656196140
q15592;m15592;59656196141
q15593;m15593;59656196142
q15594;m15594;59656196143
q15595;m15595;59656196144
q15596;m15596;59656196145
q15597;m15597;59656196146
q15598;m15598;59656196147
q15599;m15599;59656196148
q15600;m15600;59656196149
q15601;m15601;59656196150
q15602;m15602;59656196151
q15603;m15603;59656196152
q15604;m15604;59656196153
q15605;m15605;59656196154
q15606;m15606;59656196155
q15607;m15607;59656196156
q15608;m15608;59656196157
q15609;m15609;59656196158
q15610;m15610;59656196159
q15611;m15611;59656196160
q15612;m15612;59656196161
q15613;m15613;59656196162
q15614;m15614;59656196163
q15615;m15615;59656196164
q15616;m15616;59656196165
q15617;m15617;59656196166
q15618;m15618;59656196167
q15619;m15619;59656196168
q15620;m15620;59656196169
q15621;m15621;59656196170
q15622;m15622;59656196171
q15623;m15623;59656196172
q15624;m15624;59656196173
q15625;m15625;59656196174
q15626;m15626;59656196175
q15627;m15627;59656196176
q15628;m15628;59656196177
q15629;m15629;59656196178
q15630;m15630;59656196179
q15631;m15631;59656196180
q15632;m15632;59656196181
q15633;m15633;59656196182
q15634;m15634;59656196183
q15635;m15635;59656196184
q15636;m15636;59656196185
q15637;m15637;59656196186
q15638;m15638;59656196187
q15639;m15639;59656196188
q15640;m15640;59656196189
q15641;m15641;59656196190
q15642;m15642;59656196191
q15643;m15643;59656196192
q15644;m15644;59656196193
q15645;m15645;59656196194
q15646;m15646;59656196195
q15647;m15647;59656196196
q15648;m15648;59656196197
q15649;m15649;59656196198
q15650;m15650;59656196199
q15651;m15651;59656196200
q15652;m15652;59656196201
q15653;m15653;59656196202
q15654;m15654;59656196203
q15655;m15655;59656196204
q15656;m15656;59656196205
q15657;m15657;59656196206
q15658;m15658;59656196207
q15659;m15659;59656196208
q15660;m15660;59656196209
q15661;m15661;59656196210
q15662;m15662;59656196211
q15663;m15663;59656196212
q15664;m15664;59656196213
q15665;m15665;59656196214
q15666;m15666;59656196215
q15667;m15667;59656196216
q15668;m15668;59656196217
q15669;m15669;59656196218
q15670;m15670;59656196219
q15671;m15671;59656196220
q15672;m15672;59656196221
q15673;m15673;59656196222
q15674;m15674;59656196223
q15675;m15675;59656196224
q15676;m15676;59656196225
q15677;m15677;59656196226
q15678;m15678;59656196227
q15679;m15679;59656196228
q15680;m15680;59656196229
q15681;m15681;59656196230
q15682;m15682;59656196231
q15683;m15683;59656196232
q15684;m15684;59656196233
q15685;m15685;59656196234
q15686;m15686;59656196235
q15687;m15687;59656196236
q15688;m15688;59656196237
q15689;m15689;59656196238
q15690;m15690;59656196239
q15691;m15691;59656196240
q15692;m15692;59656196241
q15693;m15693;59656196242
q15694;m15694;59656196243
q15695;m15695;59656196244
q15696;m15696;59656196245
q15697;m15697;59656196246
q15698;m15698;59656196247
q15699;m15699;59656196248
q15700;m15700;59656196249
q15701;m15701;59656196250
q15702;m15702;59656196251
q15703;m15703;59656196252
q15704;m15704;59656196253
q15705;m15705;59656196254
q15706;m15706;59656196255
q15707;m15707;59656196256
q15708;m15708;59656196257
q15709;m15709;59656196258
q15710;m15710;59656196259
q15711;m15711;59656196260
q15712;m15712;59656196261
q15713;m15713;59656196262
q15714;m15714;59656196263
q15715;m15715;59656196264
q15716;m15716;59656196265
q15717;m15717;59656196266
q15718;m15718;59656196267
q15719;m15719;59656196268
q15720;m15720;59656196269
q15721;m15721;59656196270
q15722;m15722;59656196271
q15723;m15723;59656196272
q15724;m15724;59656196273
q15725;m15725;59656196274
q15726;m15726;59656196275
q15727;m15727;59656196276
q15728;m15728;59656196277
q15729;m15729;59656196278
q15730;m15730;59656196279
q15731;m15731;59656196280
q15732;m15732;59656196281
q15733;m15733;59656196282
q15734;m15734;59656196283
q15735;m15735;59656196284
q15736;m15736;59656196285
q15737;m15737;59656196286
q15738;m15738;59656196287
q15739;m15739;59656196288
q15740;m15740;59656196289
q15741;m15741;59656196290
q15742;m15742;59656196291
q15743;m15743;59656196292
q15744;m15744;59656196293
q15745;m15745;59656196294
q15746;m15746;59656196295
q15747;m15747;59656196296
q15748;m15748;59656196297
q15749;m15749;59656196298
q15750;m15750;59656196299
q15751;m15751;59656196300
q15752;m15752;59656196301
q15753;m15753;59656196302
q15754;m15754;59656196303
q15755;m15755;59656196304
q15756;m15756;59656196305
q15757;m15757;59656196306
q15758;m15758;59656196307
q15759;m15759;59656196308
q15760;m15760;59656196309
q15761;m15761;59656196310
q15762;m15762;59656196311
q15763;m15763;59656196312
q15764;m15764;59656196313
q15765;m15765;59656196314
q15766;m15766;59656196315
q15767;m15767;59656196316
q15768;m15768;59656196317
q15769;m15769;59656196318
q15770;m15770;59656196319
q15771;m15771;59656196320
q15772;m15772;59656196321
q15773;m15773;59656196322
q15774;m15774;59656196323
q15775;m15775;59656196324
q15776;m15776;59656196325
q15777;m15777;59656196326
q15778;m15778;59656196327
q15779;m15779;59656196328
q15780;m15780;59656196329
q15781;m15781;59656196330
q15782;m15782;59656196331
q15783;m15783;59656196332
q15784;m15784;59656196333
q15785;m15785;59656196334
q15786;m15786;59656196335
q15787;m15787;59656196336
q15788;m15788;59656196337
q15789;m15789;59656196338
q15790;m15790;59656196339
q15791;m15791;59656196340
q15792;m15792;59656196341
q15793;m15793;59656196342
q15794;m15794;59656196343
q15795;m15795;59656196344
q15796;m15796;59656196345
q15797;m15797;59656196346
q15798;m15798;59656196347
q15799;m15799;59656196348
q15800;m15800;59656196349
q15801;m15801;59656196350
q15802;m15802;59656196351
q15803;m15803;59656196352
q15804;m15804;59656196353
q15805;m15805;59656196354
q15806;m15806;59656196355
q15807;m15807;59656196356
q15808;m15808;59656196357
q15809;m15809;59656196358
q15810;m15810;59656196359
q15811;m15811;59656196360
q15812;m15812;59656196361
q15813;m15813;59656196362
q15814;m15814;59656196363
q15815;m15815;59656196364
q15816;m15816;59656196365
q15817;m15817;59656196366
q15818;m15818;59656196367
q15819;m15819;59656196368
q15820;m15820;59656196369
q15821;m15821;59656196370
q15822;m15822;59656196371
q15823;m15823;59656196372
q15824;m15824;59656196373
q15825;m15825;59656196374
q15826;m15826;59656196375
q15827;m15827;59656196376
q15828;m15828;59656196377
q15829;m15829;59656196378
q15830;m15830;59656196379
q15831;m15831;59656196380
q15832;m15832;59656196381
q15833;m15833;59656196382
q15834;m15834;59656196383
q15835;m15835;59656196384
q15836;m15836;59656196385
q15837;m15837;59656196386
q15838;m15838;59656196387
q15839;m15839;59656196388
q15840;m15840;59656196389
q15841;m15841;59656196390
q15842;m15842;59656196391
q15843;m15843;59656196392
q15844;m15844;59656196393
q15845;m15845;59656196394
q15846;m15846;59656196395
q15847;m15847;59656196396
q15848;m15848;59656196397
q15849;m15849;59656196398
q15850;m15850;59656196399
q15851;m15851;59656196400
q15852;m15852;59656196401
q15853;m15853;59656196402
q15854;m15854;59656196403
q15855;m15855;59656196404
q15856;m15856;59656196405
q15857;m15857;59656196406
q15858;m15858;59656196407
q15859;m15859;59656196408
q15860;m15860;59656196409
q15861;m15861;59656196410
q15862;m15862;59656196411
q15863;m15863;59656196412
q15864;m15864;59656196413
q15865;m15865;59656196414
q15866;m15866;59656196415
q15867;m15867;59656196416
q15868;m15868;59656196417
q15869;m15869;59656196418
q15870;m15870;59656196419
q15871;m15871;59656196420
q15872;m15872;59656196421
q15873;m15873;59656196422
q15874;m15874;59656196423
q15875;m15875;59656196424
q15876;m15876;59656196425
q15877;m15877;59656196426
q15878;m15878;59656196427
q15879;m15879;59656196428
q15880;m15880;59656196429
q15881;m15881;59656196430
q15882;m15882;59656196431
q15883;m15883;59656196432
q15884;m15884;59656196433
q15885;m15885;59656196434
q15886;m15886;59656196435
q15887;m15887;59656196436
q15888;m15888;59656196437
q15889;m15889;59656196438
q15890;m15890;59656196439
q15891;m15891;59656196440
q15892;m15892;59656196441
q15893;m15893;59656196442
q15894;m15894;59656196443
q15895;m15895;59656196444
q15896;m15896;59656196445
q15897;m15897;59656196446
q15898;m15898;59656196447
q15899;m15899;59656196448
q15900;m15900;59656196449
q15901;m15901;59656196450
q15902;m15902;59656196451
q15903;m15903;59656196452
q15904;m15904;59656196453
q15905;m15905;59656196454
q15906;m15906;59656196455
q15907;m15907;59656196456
q15908;m15908;59656196457
q15909;m15909;59656196458
q15910;m15910;59656196459
q15911;m15911;59656196460
q15912;m15912;59656196461
q15913;m15913;59656196462
q15914;m15914;59656196463
q15915;m15915;59656196464
q15916;m15916;59656196465
q15917;m15917;59656196466
q15918;m15918;59656196467
q15919;m15919;59656196468
q15920;m15920;59656196469
q15921;m15921;59656196470
q15922;m15922;59656196471
q15923;m15923;59656196472
q15924;m15924;59656196473
q15925;m15925;59656196474
q15926;m15926;59656196475
q15927;m15927;59656196476
q15928;m15928;59656196477
q15929;m15929;59656196478
q15930;m15930;59656196479
q15931;m15931;59656196480
q15932;m15932;59656196481
q15933;m15933;59656196482
q15934;m15934;59656196483
q15935;m15935;59656196484
q15936;m15936;59656196485
q15937;m15937;59656196486
q15938;m15938;59656196487
q15939;m15939;59656196488
q15940;m15940;59656196489
q15941;m15941;59656196490
q15942;m15942;59656196491
q15943;m15943;59656196492
q15944;m15944;59656196493
q15945;m15945;59656196494
q15946;m15946;59656196495
q15947;m15947;59656196496
q15948;m15948;59656196497
q15949;m15949;59656196498
q15950;m15950;59656196499
q15951;m15951;59656196500
q15952;m15952;59656196501
q15953;m15953;59656196502
q15954;m15954;59656196503
q15955;m15955;59656196504
q15956;m15956;59656196505
q15957;m15957;59656196506
q15958;m15958;59656196507
q15959;m15959;59656196508
q15960;m15960;59656196509
q15961;m15961;59656196510
q15962;m15962;59656196511
q15963;m15963;59656196512
q15964;m15964;59656196513
q15965;m15965;59656196514
q15966;m15966;59656196515
q15967;m15967;59656196516
q15968;m15968;59656196517
q15969;m15969;59656196518
q15970;m15970;59656196519
q15971;m15971;59656196520
q15972;m15972;59656196521
q15973;m15973;59656196522
q15974;m15974;59656196523
q15975;m15975;59656196524
q15976;m15976;59656196525
q15977;m15977;59656196526
q15978;m15978;59656196527
q15979;m15979;59656196528
q15980;m15980;59656196529
q15981;m15981;59656196530
q15982;m15982;59656196531
q15983;m15983;59656196532
q15984;m15984;59656196533
q15985;m15985;59656196534
q15986;m15986;59656196535
q15987;m15987;59656196536
q15988;m15988;59656196537
q15989;m15989;59656196538
q15990;m15990;59656196539
q15991;m15991;59656196540
q15992;m15992;59656196541
q15993;m15993;59656196542
q15994;m15994;59656196543
q15995;m15995;59656196544
q15996;m15996;59656196545
q15997;m15997;59656196546
q15998;m15998;59656196547
q15999;m15999;59656196548
q16000;m16000;59656196549
q16001;m16001;59656196550
q16002;m16002;59656196551
q16003;m16003;59656196552
q16004;m16004;59656196553
q16005;m16005;59656196554
q16006;m16006;59656196555
q16007;m16007;59656196556
q16008;m16008;59656196557
q16009;m16009;59656196558
q16010;m16010;59656196559
q16011;m16011;59656196560
q16012;m16012;59656196561
q16013;m16013;59656196562
q16014;m16014;59656196563
q16015;m16015;59656196564
q16016;m16016;59656196565
q16017;m16017;59656196566
q16018;m16018;59656196567
q16019;m16019;59656196568
q16020;m16020;59656196569
q16021;m16021;59656196570
q16022;m16022;59656196571
q16023;m16023;59656196572
q16024;m16024;59656196573
q16025;m16025;59656196574
q16026;m16026;59656196575
q16027;m16027;59656196576
q16028;m16028;59656196577
q16029;m16029;59656196578
q16030;m16030;59656196579
q16031;m16031;59656196580
q16032;m16032;59656196581
q16033;m16033;59656196582
q16034;m16034;59656196583
q16035;m16035;59656196584
q16036;m16036;59656196585
q16037;m16037;59656196586
q16038;m16038;59656196587
q16039;m16039;59656196588
q16040;m16040;59656196589
q16041;m16041;59656196590
q16042;m16042;59656196591
q16043;m16043;59656196592
q16044;m16044;59656196593
q16045;m16045;59656196594
q16046;m16046;59656196595
q16047;m16047;59656196596
q16048;m16048;59656196597
q16049;m16049;59656196598
q16050;m16050;59656196599
q16051;m16051;59656196600
q16052;m16052;59656196601
q16053;m16053;59656196602
q16054;m16054;59656196603
q16055;m16055;59656196604
q16056;m16056;59656196605
q16057;m16057;59656196606
q16058;m16058;59656196607
q16059;m16059;59656196608
q16060;m16060;59656196609
q16061;m16061;59656196610
q16062;m16062;59656196611
q16063;m16063;59656196612
q16064;m16064;59656196613
q16065;m16065;59656196614
q16066;m16066;59656196615
q16067;m16067;59656196616
q16068;m16068;59656196617
q16069;m16069;59656196618
q16070;m16070;59656196619
q16071;m16071;59656196620
q16072;m16072;59656196621
q16073;m16073;59656196622
q16074;m16074;59656196623
q16075;m16075;59656196624
q16076;m16076;59656196625
q16077;m16077;59656196626
q16078;m16078;59656196627
q16079;m16079;59656196628
q16080;m16080;59656196629
q16081;m16081;59656196630
q16082;m16082;59656196631
q16083;m16083;59656196632
q16084;m16084;59656196633
q16085;m16085;59656196634
q16086;m16086;59656196635
q16087;m16087;59656196636
q16088;m16088;59656196637
q16089;m16089;59656196638
q16090;m16090;59656196639
q16091;m16091;59656196640
q16092;m16092;59656196641
q16093;m16093;59656196642
q16094;m16094;59656196643
q16095;m16095;59656196644
q16096;m16096;59656196645
q16097;m16097;59656196646
q16098;m16098;59656196647
q16099;m16099;59656196648
q16100;m16100;59656196649
q16101;m16101;59656196650
q16102;m16102;59656196651
q16103;m16103;59656196652
q16104;m16104;59656196653
q16105;m16105;59656196654
q16106;m16106;59656196655
q16107;m16107;59656196656
q16108;m16108;59656196657
q16109;m16109;59656196658
q16110;m16110;59656196659
q16111;m16111;59656196660
q16112;m16112;59656196661
q16113;m16113;59656196662
q16114;m16114;59656196663
q16115;m16115;59656196664
q16116;m16116;59656196665
q16117;m16117;59656196666
q16118;m16118;59656196667
q16119;m16119;59656196668
q16120;m16120;59656196669
q16121;m16121;59656196670
q16122;m16122;59656196671
q16123;m16123;59656196672
q16124;m16124;59656196673
q16125;m16125;59656196674
q16126;m16126;59656196675
q16127;m16127;59656196676
q16128;m16128;59656196677
q16129;m16129;59656196678
q16130;m16130;59656196679
q16131;m16131;59656196680
q16132;m16132;59656196681
q16133;m16133;59656196682
q16134;m16134;59656196683
q16135;m16135;59656196684
q16136;m16136;59656196685
q16137;m16137;59656196686
q16138;m16138;59656196687
q16139;m16139;59656196688
q16140;m16140;59656196689
q16141;m16141;59656196690
q16142;m16142;59656196691
q16143;m16143;59656196692
q16144;m16144;59656196693
q16145;m16145;59656196694
q16146;m16146;59656196695
q16147;m16147;59656196696
q16148;m16148;59656196697
q16149;m16149;59656196698
q16150;m16150;59656196699
q16151;m16151;59656196700
q16152;m16152;59656196701
q16153;m16153;59656196702
q16154;m16154;59656196703
q16155;m16155;59656196704
q16156;m16156;59656196705
q16157;m16157;59656196706
q16158;m16158;59656196707
q16159;m16159;59656196708
q16160;m16160;59656196709
q16161;m16161;59656196710
q16162;m16162;59656196711
q16163;m16163;59656196712
q16164;m16164;59656196713
q16165;m16165;59656196714
q16166;m16166;59656196715
q16167;m16167;59656196716
q16168;m16168;59656196717
q16169;m16169;59656196718
q16170;m16170;59656196719
q16171;m16171;59656196720
q16172;m16172;59656196721
q16173;m16173;59656196722
q16174;m16174;59656196723
q16175;m16175;59656196724
q16176;m16176;59656196725
q16177;m16177;59656196726
q16178;m16178;59656196727
q16179;m16179;59656196728
q16180;m16180;59656196729
q16181;m16181;59656196730
q16182;m16182;59656196731
q16183;m16183;59656196732
q16184;m16184;59656196733
q16185;m16185;59656196734
q16186;m16186;59656196735
q16187;m16187;59656196736
q16188;m16188;59656196737
q16189;m16189;59656196738
q16190;m16190;59656196739
q16191;m16191;59656196740
q16192;m16192;59656196741
q16193;m16193;59656196742
q16194;m16194;59656196743
q16195;m16195;59656196744
q16196;m16196;59656196745
q16197;m16197;59656196746
q16198;m16198;59656196747
q16199;m16199;59656196748
q16200;m16200;59656196749
q16201;m16201;59656196750
q16202;m16202;59656196751
q16203;m16203;59656196752
q16204;m16204;59656196753
q16205;m16205;59656196754
q16206;m16206;59656196755
q16207;m16207;59656196756
q16208;m16208;59656196757
q16209;m16209;59656196758
q16210;m16210;59656196759
q16211;m16211;59656196760
q16212;m16212;59656196761
q16213;m16213;59656196762
q16214;m16214;59656196763
q16215;m16215;59656196764
q16216;m16216;59656196765
q16217;m16217;59656196766
q16218;m16218;59656196767
q16219;m16219;59656196768
q16220;m16220;59656196769
q16221;m16221;59656196770
q16222;m16222;59656196771
q16223;m16223;59656196772
q16224;m16224;59656196773
q16225;m16225;59656196774
q16226;m16226;59656196775
q16227;m16227;59656196776
q16228;m16228;59656196777
q16229;m16229;59656196778
q16230;m16230;59656196779
q16231;m16231;59656196780
q16232;m16232;59656196781
q16233;m16233;59656196782
q16234;m16234;59656196783
q16235;m16235;59656196784
q16236;m16236;59656196785
q16237;m16237;59656196786
q16238;m16238;59656196787
q16239;m16239;59656196788
q16240;m16240;59656196789
q16241;m16241;59656196790
q16242;m16242;59656196791
q16243;m16243;59656196792
q16244;m16244;59656196793
q16245;m16245;59656196794
q16246;m16246;59656196795
q16247;m16247;59656196796
q16248;m16248;59656196797
q16249;m16249;59656196798
q16250;m16250;59656196799
q16251;m16251;59656196800
q16252;m16252;59656196801
q16253;m16253;59656196802
q16254;m16254;59656196803
q16255;m16255;59656196804
q16256;m16256;59656196805
q16257;m16257;59656196806
q16258;m16258;59656196807
q16259;m16259;59656196808
q16260;m16260;59656196809
q16261;m16261;59656196810
q16262;m16262;59656196811
q16263;m16263;59656196812
q16264;m16264;59656196813
q16265;m16265;59656196814
q16266;m16266;59656196815
q16267;m16267;59656196816
q16268;m16268;59656196817
q16269;m16269;59656196818
q16270;m16270;59656196819
q16271;m16271;59656196820
q16272;m16272;59656196821
q16273;m16273;59656196822
q16274;m16274;59656196823
q16275;m16275;59656196824
q16276;m16276;59656196825
q16277;m16277;59656196826
q16278;m16278;59656196827
q16279;m16279;59656196828
q16280;m16280;59656196829
q16281;m16281;59656196830
q16282;m16282;59656196831
q16283;m16283;59656196832
q16284;m16284;59656196833
q16285;m16285;59656196834
q16286;m16286;59656196835
q16287;m16287;59656196836
q16288;m16288;59656196837
q16289;m16289;59656196838
q16290;m16290;59656196839
q16291;m16291;59656196840
q16292;m16292;59656196841
q16293;m16293;59656196842
q16294;m16294;59656196843
q16295;m16295;59656196844
q16296;m16296;59656196845
q16297;m16297;59656196846
q16298;m16298;59656196847
q16299;m16299;59656196848
q16300;m16300;59656196849
q16301;m16301;59656196850
q16302;m16302;59656196851
q16303;m16303;59656196852
q16304;m16304;59656196853
q16305;m16305;59656196854
q16306;m16306;59656196855
q16307;m16307;59656196856
q16308;m16308;59656196857
q16309;m16309;59656196858
q16310;m16310;59656196859
q16311;m16311;59656196860
q16312;m16312;59656196861
q16313;m16313;59656196862
q16314;m16314;59656196863
q16315;m16315;59656196864
q16316;m16316;59656196865
q16317;m16317;59656196866
q16318;m16318;59656196867
q16319;m16319;59656196868
q16320;m16320;59656196869
q16321;m16321;59656196870
q16322;m16322;59656196871
q16323;m16323;59656196872
q16324;m16324;59656196873
q16325;m16325;59656196874
q16326;m16326;59656196875
q16327;m16327;59656196876
q16328;m16328;59656196877
q16329;m16329;59656196878
q16330;m16330;59656196879
q16331;m16331;59656196880
q16332;m16332;59656196881
q16333;m16333;59656196882
q16334;m16334;59656196883
q16335;m16335;59656196884
q16336;m16336;59656196885
q16337;m16337;59656196886
q16338;m16338;59656196887
q16339;m16339;59656196888
q16340;m16340;59656196889
q16341;m16341;59656196890
q16342;m16342;59656196891
q16343;m16343;59656196892
q16344;m16344;59656196893
q16345;m16345;59656196894
q16346;m16346;59656196895
q16347;m16347;59656196896
q16348;m16348;59656196897
q16349;m16349;59656196898
q16350;m16350;59656196899
q16351;m16351;59656196900
q16352;m16352;59656196901
q16353;m16353;59656196902
q16354;m16354;59656196903
q16355;m16355;59656196904
q16356;m16356;59656196905
q16357;m16357;59656196906
q16358;m16358;59656196907
q16359;m16359;59656196908
q16360;m16360;59656196909
q16361;m16361;59656196910
q16362;m16362;59656196911
q16363;m16363;59656196912
q16364;m16364;59656196913
q16365;m16365;59656196914
q16366;m16366;59656196915
q16367;m16367;59656196916
q16368;m16368;59656196917
q16369;m16369;59656196918
q16370;m16370;59656196919
q16371;m16371;59656196920
q16372;m16372;59656196921
q16373;m16373;59656196922
q16374;m16374;59656196923
q16375;m16375;59656196924
q16376;m16376;59656196925
q16377;m16377;59656196926
q16378;m16378;59656196927
q16379;m16379;59656196928
q16380;m16380;59656196929
q16381;m16381;59656196930
q16382;m16382;59656196931
q16383;m16383;59656196932
q16384;m16384;59656196933
q16385;m16385;59656196934
q16386;m16386;59656196935
q16387;m16387;59656196936
q16388;m16388;59656196937
q16389;m16389;59656196938
q16390;m16390;59656196939
q16391;m16391;59656196940
q16392;m16392;59656196941
q16393;m16393;59656196942
q16394;m16394;59656196943
q16395;m16395;59656196944
q16396;m16396;59656196945
q16397;m16397;59656196946
q16398;m16398;59656196947
q16399;m16399;59656196948
q16400;m16400;59656196949
q16401;m16401;59656196950
q16402;m16402;59656196951
q16403;m16403;59656196952
q16404;m16404;59656196953
q16405;m16405;59656196954
q16406;m16406;59656196955
q16407;m16407;59656196956
q16408;m16408;59656196957
q16409;m16409;59656196958
q16410;m16410;59656196959
q16411;m16411;59656196960
q16412;m16412;59656196961
q16413;m16413;59656196962
q16414;m16414;59656196963
q16415;m16415;59656196964
q16416;m16416;59656196965
q16417;m16417;59656196966
q16418;m16418;59656196967
q16419;m16419;59656196968
q16420;m16420;59656196969
q16421;m16421;59656196970
q16422;m16422;59656196971
q16423;m16423;59656196972
q16424;m16424;59656196973
q16425;m16425;59656196974
q16426;m16426;59656196975
q16427;m16427;59656196976
q16428;m16428;59656196977
q16429;m16429;59656196978
q16430;m16430;59656196979
q16431;m16431;59656196980
q16432;m16432;59656196981
q16433;m16433;59656196982
q16434;m16434;59656196983
q16435;m16435;59656196984
q16436;m16436;59656196985
q16437;m16437;59656196986
q16438;m16438;59656196987
q16439;m16439;59656196988
q16440;m16440;59656196989
q16441;m16441;59656196990
q16442;m16442;59656196991
q16443;m16443;59656196992
q16444;m16444;59656196993
q16445;m16445;59656196994
q16446;m16446;59656196995
q16447;m16447;59656196996
q16448;m16448;59656196997
q16449;m16449;59656196998
q16450;m16450;59656196999
q16451;m16451;59656197000
q16452;m16452;59656197001
q16453;m16453;59656197002
q16454;m16454;59656197003
q16455;m16455;59656197004
q16456;m16456;59656197005
q16457;m16457;59656197006
q16458;m16458;59656197007
q16459;m16459;59656197008
q16460;m16460;59656197009
q16461;m16461;59656197010
q16462;m16462;59656197011
q16463;m16463;59656197012
q16464;m16464;59656197013
q16465;m16465;59656197014
q16466;m16466;59656197015
q16467;m16467;59656197016
q16468;m16468;59656197017
q16469;m16469;59656197018
q16470;m16470;59656197019
q16471;m16471;59656197020
q16472;m16472;59656197021
q16473;m16473;59656197022
q16474;m16474;59656197023
q16475;m16475;59656197024
q16476;m16476;59656197025
q16477;m16477;59656197026
q16478;m16478;59656197027
q16479;m16479;59656197028
q16480;m16480;59656197029
q16481;m16481;59656197030
q16482;m16482;59656197031
q16483;m16483;59656197032
q16484;m16484;59656197033
q16485;m16485;59656197034
q16486;m16486;59656197035
q16487;m16487;59656197036
q16488;m16488;59656197037
q16489;m16489;59656197038
q16490;m16490;59656197039
q16491;m16491;59656197040
q16492;m16492;59656197041
q16493;m16493;59656197042
q16494;m16494;59656197043
q16495;m16495;59656197044
q16496;m16496;59656197045
q16497;m16497;59656197046
q16498;m16498;59656197047
q16499;m16499;59656197048
q16500;m16500;59656197049
q16501;m16501;59656197050
q16502;m16502;59656197051
q16503;m16503;59656197052
q16504;m16504;59656197053
q16505;m16505;59656197054
q16506;m16506;59656197055
q16507;m16507;59656197056
q16508;m16508;59656197057
q16509;m16509;59656197058
q16510;m16510;59656197059
q16511;m16511;59656197060
q16512;m16512;59656197061
q16513;m16513;59656197062
q16514;m16514;59656197063
q16515;m16515;59656197064
q16516;m16516;59656197065
q16517;m16517;59656197066
q16518;m16518;59656197067
q16519;m16519;59656197068
q16520;m16520;59656197069
q16521;m16521;59656197070
q16522;m16522;59656197071
q16523;m16523;59656197072
q16524;m16524;59656197073
q16525;m16525;59656197074
q16526;m16526;59656197075
q16527;m16527;59656197076
q16528;m16528;59656197077
q16529;m16529;59656197078
q16530;m16530;59656197079
q16531;m16531;59656197080
q16532;m16532;59656197081
q16533;m16533;59656197082
q16534;m16534;59656197083
q16535;m16535;59656197084
q16536;m16536;59656197085
q16537;m16537;59656197086
q16538;m16538;59656197087
q16539;m16539;59656197088
q16540;m16540;59656197089
q16541;m16541;59656197090
q16542;m16542;59656197091
q16543;m16543;59656197092
q16544;m16544;59656197093
q16545;m16545;59656197094
q16546;m16546;59656197095
q16547;m16547;59656197096
q16548;m16548;59656197097
q16549;m16549;59656197098
q16550;m16550;59656197099
q16551;m16551;59656197100
q16552;m16552;59656197101
q16553;m16553;59656197102
q16554;m16554;59656197103
q16555;m16555;59656197104
q16556;m16556;59656197105
q16557;m16557;59656197106
q16558;m16558;59656197107
q16559;m16559;59656197108
q16560;m16560;59656197109
q16561;m16561;59656197110
q16562;m16562;59656197111
q16563;m16563;59656197112
q16564;m16564;59656197113
q16565;m16565;59656197114
q16566;m16566;59656197115
q16567;m16567;59656197116
q16568;m16568;59656197117
q16569;m16569;59656197118
q16570;m16570;59656197119
q16571;m16571;59656197120
q16572;m16572;59656197121
q16573;m16573;59656197122
q16574;m16574;59656197123
q16575;m16575;59656197124
q16576;m16576;59656197125
q16577;m16577;59656197126
q16578;m16578;59656197127
q16579;m16579;59656197128
q16580;m16580;59656197129
q16581;m16581;59656197130
q16582;m16582;59656197131
q16583;m16583;59656197132
q16584;m16584;59656197133
q16585;m16585;59656197134
q16586;m16586;59656197135
q16587;m16587;59656197136
q16588;m16588;59656197137
q16589;m16589;59656197138
q16590;m16590;59656197139
q16591;m16591;59656197140
q16592;m16592;59656197141
q16593;m16593;59656197142
q16594;m16594;59656197143
q16595;m16595;59656197144
q16596;m16596;59656197145
q16597;m16597;59656197146
q16598;m16598;59656197147
q16599;m16599;59656197148
q16600;m16600;59656197149
q16601;m16601;59656197150
q16602;m16602;59656197151
q16603;m16603;59656197152
q16604;m16604;59656197153
q16605;m16605;59656197154
q16606;m16606;59656197155
q16607;m16607;59656197156
q16608;m16608;59656197157
q16609;m16609;59656197158
q16610;m16610;59656197159
q16611;m16611;59656197160
q16612;m16612;59656197161
q16613;m16613;59656197162
q16614;m16614;59656197163
q16615;m16615;59656197164
q16616;m16616;59656197165
q16617;m16617;59656197166
q16618;m16618;59656197167
q16619;m16619;59656197168
q16620;m16620;59656197169
q16621;m16621;59656197170
q16622;m16622;59656197171
q16623;m16623;59656197172
q16624;m16624;59656197173
q16625;m16625;59656197174
q16626;m16626;59656197175
q16627;m16627;59656197176
q16628;m16628;59656197177
q16629;m16629;59656197178
q16630;m16630;59656197179
q16631;m16631;59656197180
q16632;m16632;59656197181
q16633;m16633;59656197182
q16634;m16634;59656197183
q16635;m16635;59656197184
q16636;m16636;59656197185
q16637;m16637;59656197186
q16638;m16638;59656197187
q16639;m16639;59656197188
q16640;m16640;59656197189
q16641;m16641;59656197190
q16642;m16642;59656197191
q16643;m16643;59656197192
q16644;m16644;59656197193
q16645;m16645;59656197194
q16646;m16646;59656197195
q16647;m16647;59656197196
q16648;m16648;59656197197
q16649;m16649;59656197198
q16650;m16650;59656197199
q16651;m16651;59656197200
q16652;m16652;59656197201
q16653;m16653;59656197202
q16654;m16654;59656197203
q16655;m16655;59656197204
q16656;m16656;59656197205
q16657;m16657;59656197206
q16658;m16658;59656197207
q16659;m16659;59656197208
q16660;m16660;59656197209
q16661;m16661;59656197210
q16662;m16662;59656197211
q16663;m16663;59656197212
q16664;m16664;59656197213
q16665;m16665;59656197214
q16666;m16666;59656197215
q16667;m16667;59656197216
q16668;m16668;59656197217
q16669;m16669;59656197218
q16670;m16670;59656197219
q16671;m16671;59656197220
q16672;m16672;59656197221
q16673;m16673;59656197222
q16674;m16674;59656197223
q16675;m16675;59656197224
q16676;m16676;59656197225
q16677;m16677;59656197226
q16678;m16678;59656197227
q16679;m16679;59656197228
q16680;m16680;59656197229
q16681;m16681;59656197230
q16682;m16682;59656197231
q16683;m16683;59656197232
q16684;m16684;59656197233
q16685;m16685;59656197234
q16686;m16686;59656197235
q16687;m16687;59656197236
q16688;m16688;59656197237
q16689;m16689;59656197238
q16690;m16690;59656197239
q16691;m16691;59656197240
q16692;m16692;59656197241
q16693;m16693;59656197242
q16694;m16694;59656197243
q16695;m16695;59656197244
q16696;m16696;59656197245
q16697;m16697;59656197246
q16698;m16698;59656197247
q16699;m16699;59656197248
q16700;m16700;59656197249
q16701;m16701;59656197250
q16702;m16702;59656197251
q16703;m16703;59656197252
q16704;m16704;59656197253
q16705;m16705;59656197254
q16706;m16706;59656197255
q16707;m16707;59656197256
q16708;m16708;59656197257
q16709;m16709;59656197258
q16710;m16710;59656197259
q16711;m16711;59656197260
q16712;m16712;59656197261
q16713;m16713;59656197262
q16714;m16714;59656197263
q16715;m16715;59656197264
q16716;m16716;59656197265
q16717;m16717;59656197266
q16718;m16718;59656197267
q16719;m16719;59656197268
q16720;m16720;59656197269
q16721;m16721;59656197270
q16722;m16722;59656197271
q16723;m16723;59656197272
q16724;m16724;59656197273
q16725;m16725;59656197274
q16726;m16726;59656197275
q16727;m16727;59656197276
q16728;m16728;59656197277
q16729;m16729;59656197278
q16730;m16730;59656197279
q16731;m16731;59656197280
q16732;m16732;59656197281
q16733;m16733;59656197282
q16734;m16734;59656197283
q16735;m16735;59656197284
q16736;m16736;59656197285
q16737;m16737;59656197286
q16738;m16738;59656197287
q16739;m16739;59656197288
q16740;m16740;59656197289
q16741;m16741;59656197290
q16742;m16742;59656197291
q16743;m16743;59656197292
q16744;m16744;59656197293
q16745;m16745;59656197294
q16746;m16746;59656197295
q16747;m16747;59656197296
q16748;m16748;59656197297
q16749;m16749;59656197298
q16750;m16750;59656197299
q16751;m16751;59656197300
q16752;m16752;59656197301
q16753;m16753;59656197302
q16754;m16754;59656197303
q16755;m16755;59656197304
q16756;m16756;59656197305
q16757;m16757;59656197306
q16758;m16758;59656197307
q16759;m16759;59656197308
q16760;m16760;59656197309
q16761;m16761;59656197310
q16762;m16762;59656197311
q16763;m16763;59656197312
q16764;m16764;59656197313
q16765;m16765;59656197314
q16766;m16766;59656197315
q16767;m16767;59656197316
q16768;m16768;59656197317
q16769;m16769;59656197318
q16770;m16770;59656197319
q16771;m16771;59656197320
q16772;m16772;59656197321
q16773;m16773;59656197322
q16774;m16774;59656197323
q16775;m16775;59656197324
q16776;m16776;59656197325
q16777;m16777;59656197326
q16778;m16778;59656197327
q16779;m16779;59656197328
q16780;m16780;59656197329
q16781;m16781;59656197330
q16782;m16782;59656197331
q16783;m16783;59656197332
q16784;m16784;59656197333
q16785;m16785;59656197334
q16786;m16786;59656197335
q16787;m16787;59656197336
q16788;m16788;59656197337
q16789;m16789;59656197338
q16790;m16790;59656197339
q16791;m16791;59656197340
q16792;m16792;59656197341
q16793;m16793;59656197342
q16794;m16794;59656197343
q16795;m16795;59656197344
q16796;m16796;59656197345
q16797;m16797;59656197346
q16798;m16798;59656197347
q16799;m16799;59656197348
q16800;m16800;59656197349
q16801;m16801;59656197350
q16802;m16802;59656197351
q16803;m16803;59656197352
q16804;m16804;59656197353
q16805;m16805;59656197354
q16806;m16806;59656197355
q16807;m16807;59656197356
q16808;m16808;59656197357
q16809;m16809;59656197358
q16810;m16810;59656197359
q16811;m16811;59656197360
q16812;m16812;59656197361
q16813;m16813;59656197362
q16814;m16814;59656197363
q16815;m16815;59656197364
q16816;m16816;59656197365
q16817;m16817;59656197366
q16818;m16818;59656197367
q16819;m16819;59656197368
q16820;m16820;59656197369
q16821;m16821;59656197370
q16822;m16822;59656197371
q16823;m16823;59656197372
q16824;m16824;59656197373
q16825;m16825;59656197374
q16826;m16826;59656197375
q16827;m16827;59656197376
q16828;m16828;59656197377
q16829;m16829;59656197378
q16830;m16830;59656197379
q16831;m16831;59656197380
q16832;m16832;59656197381
q16833;m16833;59656197382
q16834;m16834;59656197383
q16835;m16835;59656197384
q16836;m16836;59656197385
q16837;m16837;59656197386
q16838;m16838;59656197387
q16839;m16839;59656197388
q16840;m16840;59656197389
q16841;m16841;59656197390
q16842;m16842;59656197391
q16843;m16843;59656197392
q16844;m16844;59656197393
q16845;m16845;59656197394
q16846;m16846;59656197395
q16847;m16847;59656197396
q16848;m16848;59656197397
q16849;m16849;59656197398
q16850;m16850;59656197399
q16851;m16851;59656197400
q16852;m16852;59656197401
q16853;m16853;59656197402
q16854;m16854;59656197403
q16855;m16855;59656197404
q16856;m16856;59656197405
q16857;m16857;59656197406
q16858;m16858;59656197407
q16859;m16859;59656197408
q16860;m16860;59656197409
q16861;m16861;59656197410
q16862;m16862;59656197411
q16863;m16863;59656197412
q16864;m16864;59656197413
q16865;m16865;59656197414
q16866;m16866;59656197415
q16867;m16867;59656197416
q16868;m16868;59656197417
q16869;m16869;59656197418
q16870;m16870;59656197419
q16871;m16871;59656197420
q16872;m16872;59656197421
q16873;m16873;59656197422
q16874;m16874;59656197423
q16875;m16875;59656197424
q16876;m16876;59656197425
q16877;m16877;59656197426
q16878;m16878;59656197427
q16879;m16879;59656197428
q16880;m16880;59656197429
q16881;m16881;59656197430
q16882;m16882;59656197431
q16883;m16883;59656197432
q16884;m16884;59656197433
q16885;m16885;59656197434
q16886;m16886;59656197435
q16887;m16887;59656197436
q16888;m16888;59656197437
q16889;m16889;59656197438
q16890;m16890;59656197439
q16891;m16891;59656197440
q16892;m16892;59656197441
q16893;m16893;59656197442
q16894;m16894;59656197443
q16895;m16895;59656197444
q16896;m16896;59656197445
q16897;m16897;59656197446
q16898;m16898;59656197447
q16899;m16899;59656197448
q16900;m16900;59656197449
q16901;m16901;59656197450
q16902;m16902;59656197451
q16903;m16903;59656197452
q16904;m16904;59656197453
q16905;m16905;59656197454
q16906;m16906;59656197455
q16907;m16907;59656197456
q16908;m16908;59656197457
q16909;m16909;59656197458
q16910;m16910;59656197459
q16911;m16911;59656197460
q16912;m16912;59656197461
q16913;m16913;59656197462
q16914;m16914;59656197463
q16915;m16915;59656197464
q16916;m16916;59656197465
q16917;m16917;59656197466
q16918;m16918;59656197467
q16919;m16919;59656197468
q16920;m16920;59656197469
q16921;m16921;59656197470
q16922;m16922;59656197471
q16923;m16923;59656197472
q16924;m16924;59656197473
q16925;m16925;59656197474
q16926;m16926;59656197475
q16927;m16927;59656197476
q16928;m16928;59656197477
q16929;m16929;59656197478
q16930;m16930;59656197479
q16931;m16931;59656197480
q16932;m16932;59656197481
q16933;m16933;59656197482
q16934;m16934;59656197483
q16935;m16935;59656197484
q16936;m16936;59656197485
q16937;m16937;59656197486
q16938;m16938;59656197487
q16939;m16939;59656197488
q16940;m16940;59656197489
q16941;m16941;59656197490
q16942;m16942;59656197491
q16943;m16943;59656197492
q16944;m16944;59656197493
q16945;m16945;59656197494
q16946;m16946;59656197495
q16947;m16947;59656197496
q16948;m16948;59656197497
q16949;m16949;59656197498
q16950;m16950;59656197499
q16951;m16951;59656197500
q16952;m16952;59656197501
q16953;m16953;59656197502
q16954;m16954;59656197503
q16955;m16955;59656197504
q16956;m16956;59656197505
q16957;m16957;59656197506
q16958;m16958;59656197507
q16959;m16959;59656197508
q16960;m16960;59656197509
q16961;m16961;59656197510
q16962;m16962;59656197511
q16963;m16963;59656197512
q16964;m16964;59656197513
q16965;m16965;59656197514
q16966;m16966;59656197515
q16967;m16967;59656197516
q16968;m16968;59656197517
q16969;m16969;59656197518
q16970;m16970;59656197519
q16971;m16971;59656197520
q16972;m16972;59656197521
q16973;m16973;59656197522
q16974;m16974;59656197523
q16975;m16975;59656197524
q16976;m16976;59656197525
q16977;m16977;59656197526
q16978;m16978;59656197527
q16979;m16979;59656197528
q16980;m16980;59656197529
q16981;m16981;59656197530
q16982;m16982;59656197531
q16983;m16983;59656197532
q16984;m16984;59656197533
q16985;m16985;59656197534
q16986;m16986;59656197535
q16987;m16987;59656197536
q16988;m16988;59656197537
q16989;m16989;59656197538
q16990;m16990;59656197539
q16991;m16991;59656197540
q16992;m16992;59656197541
q16993;m16993;59656197542
q16994;m16994;59656197543
q16995;m16995;59656197544
q16996;m16996;59656197545
q16997;m16997;59656197546
q16998;m16998;59656197547
q16999;m16999;59656197548
q17000;m17000;59656197549
q17001;m17001;59656197550
q17002;m17002;59656197551
q17003;m17003;59656197552
q17004;m17004;59656197553
q17005;m17005;59656197554
q17006;m17006;59656197555
q17007;m17007;59656197556
q17008;m17008;59656197557
q17009;m17009;59656197558
q17010;m17010;59656197559
q17011;m17011;59656197560
q17012;m17012;59656197561
q17013;m17013;59656197562
q17014;m17014;59656197563
q17015;m17015;59656197564
q17016;m17016;59656197565
q17017;m17017;59656197566
q17018;m17018;59656197567
q17019;m17019;59656197568
q17020;m17020;59656197569
q17021;m17021;59656197570
q17022;m17022;59656197571
q17023;m17023;59656197572
q17024;m17024;59656197573
q17025;m17025;59656197574
q17026;m17026;59656197575
q17027;m17027;59656197576
q17028;m17028;59656197577
q17029;m17029;59656197578
q17030;m17030;59656197579
q17031;m17031;59656197580
q17032;m17032;59656197581
q17033;m17033;59656197582
q17034;m17034;59656197583
q17035;m17035;59656197584
q17036;m17036;59656197585
q17037;m17037;59656197586
q17038;m17038;59656197587
q17039;m17039;59656197588
q17040;m17040;59656197589
q17041;m17041;59656197590
q17042;m17042;59656197591
q17043;m17043;59656197592
q17044;m17044;59656197593
q17045;m17045;59656197594
q17046;m17046;59656197595
q17047;m17047;59656197596
q17048;m17048;59656197597
q17049;m17049;59656197598
q17050;m17050;59656197599
q17051;m17051;59656197600
q17052;m17052;59656197601
q17053;m17053;59656197602
q17054;m17054;59656197603
q17055;m17055;59656197604
q17056;m17056;59656197605
q17057;m17057;59656197606
q17058;m17058;59656197607
q17059;m17059;59656197608
q17060;m17060;59656197609
q17061;m17061;59656197610
q17062;m17062;59656197611
q17063;m17063;59656197612
q17064;m17064;59656197613
q17065;m17065;59656197614
q17066;m17066;59656197615
q17067;m17067;59656197616
q17068;m17068;59656197617
q17069;m17069;59656197618
q17070;m17070;59656197619
q17071;m17071;59656197620
q17072;m17072;59656197621
q17073;m17073;59656197622
q17074;m17074;59656197623
q17075;m17075;59656197624
q17076;m17076;59656197625
q17077;m17077;59656197626
q17078;m17078;59656197627
q17079;m17079;59656197628
q17080;m17080;59656197629
q17081;m17081;59656197630
q17082;m17082;59656197631
q17083;m17083;59656197632
q17084;m17084;59656197633
q17085;m17085;59656197634
q17086;m17086;59656197635
q17087;m17087;59656197636
q17088;m17088;59656197637
q17089;m17089;59656197638
q17090;m17090;59656197639
q17091;m17091;59656197640
q17092;m17092;59656197641
q17093;m17093;59656197642
q17094;m17094;59656197643
q17095;m17095;59656197644
q17096;m17096;59656197645
q17097;m17097;59656197646
q17098;m17098;59656197647
q17099;m17099;59656197648
q17100;m17100;59656197649
q17101;m17101;59656197650
q17102;m17102;59656197651
q17103;m17103;59656197652
q17104;m17104;59656197653
q17105;m17105;59656197654
q17106;m17106;59656197655
q17107;m17107;59656197656
q17108;m17108;59656197657
q17109;m17109;59656197658
q17110;m17110;59656197659
q17111;m17111;59656197660
q17112;m17112;59656197661
q17113;m17113;59656197662
q17114;m17114;59656197663
q17115;m17115;59656197664
q17116;m17116;59656197665
q17117;m17117;59656197666
q17118;m17118;59656197667
q17119;m17119;59656197668
q17120;m17120;59656197669
q17121;m17121;59656197670
q17122;m17122;59656197671
q17123;m17123;59656197672
q17124;m17124;59656197673
q17125;m17125;59656197674
q17126;m17126;59656197675
q17127;m17127;59656197676
q17128;m17128;59656197677
q17129;m17129;59656197678
q17130;m17130;59656197679
q17131;m17131;59656197680
q17132;m17132;59656197681
q17133;m17133;59656197682
q17134;m17134;59656197683
q17135;m17135;59656197684
q17136;m17136;59656197685
q17137;m17137;59656197686
q17138;m17138;59656197687
q17139;m17139;59656197688
q17140;m17140;59656197689
q17141;m17141;59656197690
q17142;m17142;59656197691
q17143;m17143;59656197692
q17144;m17144;59656197693
q17145;m17145;59656197694
q17146;m17146;59656197695
q17147;m17147;59656197696
q17148;m17148;59656197697
q17149;m17149;59656197698
q17150;m17150;59656197699
q17151;m17151;59656197700
q17152;m17152;59656197701
q17153;m17153;59656197702
q17154;m17154;59656197703
q17155;m17155;59656197704
q17156;m17156;59656197705
q17157;m17157;59656197706
q17158;m17158;59656197707
q17159;m17159;59656197708
q17160;m17160;59656197709
q17161;m17161;59656197710
q17162;m17162;59656197711
q17163;m17163;59656197712
q17164;m17164;59656197713
q17165;m17165;59656197714
q17166;m17166;59656197715
q17167;m17167;59656197716
q17168;m17168;59656197717
q17169;m17169;59656197718
q17170;m17170;59656197719
q17171;m17171;59656197720
q17172;m17172;59656197721
q17173;m17173;59656197722
q17174;m17174;59656197723
q17175;m17175;59656197724
q17176;m17176;59656197725
q17177;m17177;59656197726
q17178;m17178;59656197727
q17179;m17179;59656197728
q17180;m17180;59656197729
q17181;m17181;59656197730
q17182;m17182;59656197731
q17183;m17183;59656197732
q17184;m17184;59656197733
q17185;m17185;59656197734
q17186;m17186;59656197735
q17187;m17187;59656197736
q17188;m17188;59656197737
q17189;m17189;59656197738
q17190;m17190;59656197739
q17191;m17191;59656197740
q17192;m17192;59656197741
q17193;m17193;59656197742
q17194;m17194;59656197743
q17195;m17195;59656197744
q17196;m17196;59656197745
q17197;m17197;59656197746
q17198;m17198;59656197747
q17199;m17199;59656197748
q17200;m17200;59656197749
q17201;m17201;59656197750
q17202;m17202;59656197751
q17203;m17203;59656197752
q17204;m17204;59656197753
q17205;m17205;59656197754
q17206;m17206;59656197755
q17207;m17207;59656197756
q17208;m17208;59656197757
q17209;m17209;59656197758
q17210;m17210;59656197759
q17211;m17211;59656197760
q17212;m17212;59656197761
q17213;m17213;59656197762
q17214;m17214;59656197763
q17215;m17215;59656197764
q17216;m17216;59656197765
q17217;m17217;59656197766
q17218;m17218;59656197767
q17219;m17219;59656197768
q17220;m17220;59656197769
q17221;m17221;59656197770
q17222;m17222;59656197771
q17223;m17223;59656197772
q17224;m17224;59656197773
q17225;m17225;59656197774
q17226;m17226;59656197775
q17227;m17227;59656197776
q17228;m17228;59656197777
q17229;m17229;59656197778
q17230;m17230;59656197779
q17231;m17231;59656197780
q17232;m17232;59656197781
q17233;m17233;59656197782
q17234;m17234;59656197783
q17235;m17235;59656197784
q17236;m17236;59656197785
q17237;m17237;59656197786
q17238;m17238;59656197787
q17239;m17239;59656197788
q17240;m17240;59656197789
q17241;m17241;59656197790
q17242;m17242;59656197791
q17243;m17243;59656197792
q17244;m17244;59656197793
q17245;m17245;59656197794
q17246;m17246;59656197795
q17247;m17247;59656197796
q17248;m17248;59656197797
q17249;m17249;59656197798
q17250;m17250;59656197799
q17251;m17251;59656197800
q17252;m17252;59656197801
q17253;m17253;59656197802
q17254;m17254;59656197803
q17255;m17255;59656197804
q17256;m17256;59656197805
q17257;m17257;59656197806
q17258;m17258;59656197807
q17259;m17259;59656197808
q17260;m17260;59656197809
q17261;m17261;59656197810
q17262;m17262;59656197811
q17263;m17263;59656197812
q17264;m17264;59656197813
q17265;m17265;59656197814
q17266;m17266;59656197815
q17267;m17267;59656197816
q17268;m17268;59656197817
q17269;m17269;59656197818
q17270;m17270;59656197819
q17271;m17271;59656197820
q17272;m17272;59656197821
q17273;m17273;59656197822
q17274;m17274;59656197823
q17275;m17275;59656197824
q17276;m17276;59656197825
q17277;m17277;59656197826
q17278;m17278;59656197827
q17279;m17279;59656197828
q17280;m17280;59656197829
q17281;m17281;59656197830
q17282;m17282;59656197831
q17283;m17283;59656197832
q17284;m17284;59656197833
q17285;m17285;59656197834
q17286;m17286;59656197835
q17287;m17287;59656197836
q17288;m17288;59656197837
q17289;m17289;59656197838
q17290;m17290;59656197839
q17291;m17291;59656197840
q17292;m17292;59656197841
q17293;m17293;59656197842
q17294;m17294;59656197843
q17295;m17295;59656197844
q17296;m17296;59656197845
q17297;m17297;59656197846
q17298;m17298;59656197847
q17299;m17299;59656197848
q17300;m17300;59656197849
q17301;m17301;59656197850
q17302;m17302;59656197851
q17303;m17303;59656197852
q17304;m17304;59656197853
q17305;m17305;59656197854
q17306;m17306;59656197855
q17307;m17307;59656197856
q17308;m17308;59656197857
q17309;m17309;59656197858
q17310;m17310;59656197859
q17311;m17311;59656197860
q17312;m17312;59656197861
q17313;m17313;59656197862
q17314;m17314;59656197863
q17315;m17315;59656197864
q17316;m17316;59656197865
q17317;m17317;59656197866
q17318;m17318;59656197867
q17319;m17319;59656197868
q17320;m17320;59656197869
q17321;m17321;59656197870
q17322;m17322;59656197871
q17323;m17323;59656197872
q17324;m17324;59656197873
q17325;m17325;59656197874
q17326;m17326;59656197875
q17327;m17327;59656197876
q17328;m17328;59656197877
q17329;m17329;59656197878
q17330;m17330;59656197879
q17331;m17331;59656197880
q17332;m17332;59656197881
q17333;m17333;59656197882
q17334;m17334;59656197883
q17335;m17335;59656197884
q17336;m17336;59656197885
q17337;m17337;59656197886
q17338;m17338;59656197887
q17339;m17339;59656197888
q17340;m17340;59656197889
q17341;m17341;59656197890
q17342;m17342;59656197891
q17343;m17343;59656197892
q17344;m17344;59656197893
q17345;m17345;59656197894
q17346;m17346;59656197895
q17347;m17347;59656197896
q17348;m17348;59656197897
q17349;m17349;59656197898
q17350;m17350;59656197899
q17351;m17351;59656197900
q17352;m17352;59656197901
q17353;m17353;59656197902
q17354;m17354;59656197903
q17355;m17355;59656197904
q17356;m17356;59656197905
q17357;m17357;59656197906
q17358;m17358;59656197907
q17359;m17359;59656197908
q17360;m17360;59656197909
q17361;m17361;59656197910
q17362;m17362;59656197911
q17363;m17363;59656197912
q17364;m17364;59656197913
q17365;m17365;59656197914
q17366;m17366;59656197915
q17367;m17367;59656197916
q17368;m17368;59656197917
q17369;m17369;59656197918
q17370;m17370;59656197919
q17371;m17371;59656197920
q17372;m17372;59656197921
q17373;m17373;59656197922
q17374;m17374;59656197923
q17375;m17375;59656197924
q17376;m17376;59656197925
q17377;m17377;59656197926
q17378;m17378;59656197927
q17379;m17379;59656197928
q17380;m17380;59656197929
q17381;m17381;59656197930
q17382;m17382;59656197931
q17383;m17383;59656197932
q17384;m17384;59656197933
q17385;m17385;59656197934
q17386;m17386;59656197935
q17387;m17387;59656197936
q17388;m17388;59656197937
q17389;m17389;59656197938
q17390;m17390;59656197939
q17391;m17391;59656197940
q17392;m17392;59656197941
q17393;m17393;59656197942
q17394;m17394;59656197943
q17395;m17395;59656197944
q17396;m17396;59656197945
q17397;m17397;59656197946
q17398;m17398;59656197947
q17399;m17399;59656197948
q17400;m17400;59656197949
q17401;m17401;59656197950
q17402;m17402;59656197951
q17403;m17403;59656197952
q17404;m17404;59656197953
q17405;m17405;59656197954
q17406;m17406;59656197955
q17407;m17407;59656197956
q17408;m17408;59656197957
q17409;m17409;59656197958
q17410;m17410;59656197959
q17411;m17411;59656197960
q17412;m17412;59656197961
q17413;m17413;59656197962
q17414;m17414;59656197963
q17415;m17415;59656197964
q17416;m17416;59656197965
q17417;m17417;59656197966
q17418;m17418;59656197967
q17419;m17419;59656197968
q17420;m17420;59656197969
q17421;m17421;59656197970
q17422;m17422;59656197971
q17423;m17423;59656197972
q17424;m17424;59656197973
q17425;m17425;59656197974
q17426;m17426;59656197975
q17427;m17427;59656197976
q17428;m17428;59656197977
q17429;m17429;59656197978
q17430;m17430;59656197979
q17431;m17431;59656197980
q17432;m17432;59656197981
q17433;m17433;59656197982
q17434;m17434;59656197983
q17435;m17435;59656197984
q17436;m17436;59656197985
q17437;m17437;59656197986
q17438;m17438;59656197987
q17439;m17439;59656197988
q17440;m17440;59656197989
q17441;m17441;59656197990
q17442;m17442;59656197991
q17443;m17443;59656197992
q17444;m17444;59656197993
q17445;m17445;59656197994
q17446;m17446;59656197995
q17447;m17447;59656197996
q17448;m17448;59656197997
q17449;m17449;59656197998
q17450;m17450;59656197999
q17451;m17451;59656198000
q17452;m17452;59656198001
q17453;m17453;59656198002
q17454;m17454;59656198003
q17455;m17455;59656198004
q17456;m17456;59656198005
q17457;m17457;59656198006
q17458;m17458;59656198007
q17459;m17459;59656198008
q17460;m17460;59656198009
q17461;m17461;59656198010
q17462;m17462;59656198011
q17463;m17463;59656198012
q17464;m17464;59656198013
q17465;m17465;59656198014
q17466;m17466;59656198015
q17467;m17467;59656198016
q17468;m17468;59656198017
q17469;m17469;59656198018
q17470;m17470;59656198019
q17471;m17471;59656198020
q17472;m17472;59656198021
q17473;m17473;59656198022
q17474;m17474;59656198023
q17475;m17475;59656198024
q17476;m17476;59656198025
q17477;m17477;59656198026
q17478;m17478;59656198027
q17479;m17479;59656198028
q17480;m17480;59656198029
q17481;m17481;59656198030
q17482;m17482;59656198031
q17483;m17483;59656198032
q17484;m17484;59656198033
q17485;m17485;59656198034
q17486;m17486;59656198035
q17487;m17487;59656198036
q17488;m17488;59656198037
q17489;m17489;59656198038
q17490;m17490;59656198039
q17491;m17491;59656198040
q17492;m17492;59656198041
q17493;m17493;59656198042
q17494;m17494;59656198043
q17495;m17495;59656198044
q17496;m17496;59656198045
q17497;m17497;59656198046
q17498;m17498;59656198047
q17499;m17499;59656198048
q17500;m17500;59656198049
q17501;m17501;59656198050
q17502;m17502;59656198051
q17503;m17503;59656198052
q17504;m17504;59656198053
q17505;m17505;59656198054
q17506;m17506;59656198055
q17507;m17507;59656198056
q17508;m17508;59656198057
q17509;m17509;59656198058
q17510;m17510;59656198059
q17511;m17511;59656198060
q17512;m17512;59656198061
q17513;m17513;59656198062
q17514;m17514;59656198063
q17515;m17515;59656198064
q17516;m17516;59656198065
q17517;m17517;59656198066
q17518;m17518;59656198067
q17519;m17519;59656198068
q17520;m17520;59656198069
q17521;m17521;59656198070
q17522;m17522;59656198071
q17523;m17523;59656198072
q17524;m17524;59656198073
q17525;m17525;59656198074
q17526;m17526;59656198075
q17527;m17527;59656198076
q17528;m17528;59656198077
q17529;m17529;59656198078
q17530;m17530;59656198079
q17531;m17531;59656198080
q17532;m17532;59656198081
q17533;m17533;59656198082
q17534;m17534;59656198083
q17535;m17535;59656198084
q17536;m17536;59656198085
q17537;m17537;59656198086
q17538;m17538;59656198087
q17539;m17539;59656198088
q17540;m17540;59656198089
q17541;m17541;59656198090
q17542;m17542;59656198091
q17543;m17543;59656198092
q17544;m17544;59656198093
q17545;m17545;59656198094
q17546;m17546;59656198095
q17547;m17547;59656198096
q17548;m17548;59656198097
q17549;m17549;59656198098
q17550;m17550;59656198099
q17551;m17551;59656198100
q17552;m17552;59656198101
q17553;m17553;59656198102
q17554;m17554;59656198103
q17555;m17555;59656198104
q17556;m17556;59656198105
q17557;m17557;59656198106
q17558;m17558;59656198107
q17559;m17559;59656198108
q17560;m17560;59656198109
q17561;m17561;59656198110
q17562;m17562;59656198111
q17563;m17563;59656198112
q17564;m17564;59656198113
q17565;m17565;59656198114
q17566;m17566;59656198115
q17567;m17567;59656198116
q17568;m17568;59656198117
q17569;m17569;59656198118
q17570;m17570;59656198119
q17571;m17571;59656198120
q17572;m17572;59656198121
q17573;m17573;59656198122
q17574;m17574;59656198123
q17575;m17575;59656198124
q17576;m17576;59656198125
q17577;m17577;59656198126
q17578;m17578;59656198127
q17579;m17579;59656198128
q17580;m17580;59656198129
q17581;m17581;59656198130
q17582;m17582;59656198131
q17583;m17583;59656198132
q17584;m17584;59656198133
q17585;m17585;59656198134
q17586;m17586;59656198135
q17587;m17587;59656198136
q17588;m17588;59656198137
q17589;m17589;59656198138
q17590;m17590;59656198139
q17591;m17591;59656198140
q17592;m17592;59656198141
q17593;m17593;59656198142
q17594;m17594;59656198143
q17595;m17595;59656198144
q17596;m17596;59656198145
q17597;m17597;59656198146
q17598;m17598;59656198147
q17599;m17599;59656198148
q17600;m17600;59656198149
q17601;m17601;59656198150
q17602;m17602;59656198151
q17603;m17603;59656198152
q17604;m17604;59656198153
q17605;m17605;59656198154
q17606;m17606;59656198155
q17607;m17607;59656198156
q17608;m17608;59656198157
q17609;m17609;59656198158
q17610;m17610;59656198159
q17611;m17611;59656198160
q17612;m17612;59656198161
q17613;m17613;59656198162
q17614;m17614;59656198163
q17615;m17615;59656198164
q17616;m17616;59656198165
q17617;m17617;59656198166
q17618;m17618;59656198167
q17619;m17619;59656198168
q17620;m17620;59656198169
q17621;m17621;59656198170
q17622;m17622;59656198171
q17623;m17623;59656198172
q17624;m17624;59656198173
q17625;m17625;59656198174
q17626;m17626;59656198175
q17627;m17627;59656198176
q17628;m17628;59656198177
q17629;m17629;59656198178
q17630;m17630;59656198179
q17631;m17631;59656198180
q17632;m17632;59656198181
q17633;m17633;59656198182
q17634;m17634;59656198183
q17635;m17635;59656198184
q17636;m17636;59656198185
q17637;m17637;59656198186
q17638;m17638;59656198187
q17639;m17639;59656198188
q17640;m17640;59656198189
q17641;m17641;59656198190
q17642;m17642;59656198191
q17643;m17643;59656198192
q17644;m17644;59656198193
q17645;m17645;59656198194
q17646;m17646;59656198195
q17647;m17647;59656198196
q17648;m17648;59656198197
q17649;m17649;59656198198
q17650;m17650;59656198199
q17651;m17651;59656198200
q17652;m17652;59656198201
q17653;m17653;59656198202
q17654;m17654;59656198203
q17655;m17655;59656198204
q17656;m17656;59656198205
q17657;m17657;59656198206
q17658;m17658;59656198207
q17659;m17659;59656198208
q17660;m17660;59656198209
q17661;m17661;59656198210
q17662;m17662;59656198211
q17663;m17663;59656198212
q17664;m17664;59656198213
q17665;m17665;59656198214
q17666;m17666;59656198215
q17667;m17667;59656198216
q17668;m17668;59656198217
q17669;m17669;59656198218
q17670;m17670;59656198219
q17671;m17671;59656198220
q17672;m17672;59656198221
q17673;m17673;59656198222
q17674;m17674;59656198223
q17675;m17675;59656198224
q17676;m17676;59656198225
q17677;m17677;59656198226
q17678;m17678;59656198227
q17679;m17679;59656198228
q17680;m17680;59656198229
q17681;m17681;59656198230
q17682;m17682;59656198231
q17683;m17683;59656198232
q17684;m17684;59656198233
q17685;m17685;59656198234
q17686;m17686;59656198235
q17687;m17687;59656198236
q17688;m17688;59656198237
q17689;m17689;59656198238
q17690;m17690;59656198239
q17691;m17691;59656198240
q17692;m17692;59656198241
q17693;m17693;59656198242
q17694;m17694;59656198243
q17695;m17695;59656198244
q17696;m17696;59656198245
q17697;m17697;59656198246
q17698;m17698;59656198247
q17699;m17699;59656198248
q17700;m17700;59656198249
q17701;m17701;59656198250
q17702;m17702;59656198251
q17703;m17703;59656198252
q17704;m17704;59656198253
q17705;m17705;59656198254
q17706;m17706;59656198255
q17707;m17707;59656198256
q17708;m17708;59656198257
q17709;m17709;59656198258
q17710;m17710;59656198259
q17711;m17711;59656198260
q17712;m17712;59656198261
q17713;m17713;59656198262
q17714;m17714;59656198263
q17715;m17715;59656198264
q17716;m17716;59656198265
q17717;m17717;59656198266
q17718;m17718;59656198267
q17719;m17719;59656198268
q17720;m17720;59656198269
q17721;m17721;59656198270
q17722;m17722;59656198271
q17723;m17723;59656198272
q17724;m17724;59656198273
q17725;m17725;59656198274
q17726;m17726;59656198275
q17727;m17727;59656198276
q17728;m17728;59656198277
q17729;m17729;59656198278
q17730;m17730;59656198279
q17731;m17731;59656198280
q17732;m17732;59656198281
q17733;m17733;59656198282
q17734;m17734;59656198283
q17735;m17735;59656198284
q17736;m17736;59656198285
q17737;m17737;59656198286
q17738;m17738;59656198287
q17739;m17739;59656198288
q17740;m17740;59656198289
q17741;m17741;59656198290
q17742;m17742;59656198291
q17743;m17743;59656198292
q17744;m17744;59656198293
q17745;m17745;59656198294
q17746;m17746;59656198295
q17747;m17747;59656198296
q17748;m17748;59656198297
q17749;m17749;59656198298
q17750;m17750;59656198299
q17751;m17751;59656198300
q17752;m17752;59656198301
q17753;m17753;59656198302
q17754;m17754;59656198303
q17755;m17755;59656198304
q17756;m17756;59656198305
q17757;m17757;59656198306
q17758;m17758;59656198307
q17759;m17759;59656198308
q17760;m17760;59656198309
q17761;m17761;59656198310
q17762;m17762;59656198311
q17763;m17763;59656198312
q17764;m17764;59656198313
q17765;m17765;59656198314
q17766;m17766;59656198315
q17767;m17767;59656198316
q17768;m17768;59656198317
q17769;m17769;59656198318
q17770;m17770;59656198319
q17771;m17771;59656198320
q17772;m17772;59656198321
q17773;m17773;59656198322
q17774;m17774;59656198323
q17775;m17775;59656198324
q17776;m17776;59656198325
q17777;m17777;59656198326
q17778;m17778;59656198327
q17779;m17779;59656198328
q17780;m17780;59656198329
q17781;m17781;59656198330
q17782;m17782;59656198331
q17783;m17783;59656198332
q17784;m17784;59656198333
q17785;m17785;59656198334
q17786;m17786;59656198335
q17787;m17787;59656198336
q17788;m17788;59656198337
q17789;m17789;59656198338
q17790;m17790;59656198339
q17791;m17791;59656198340
q17792;m17792;59656198341
q17793;m17793;59656198342
q17794;m17794;59656198343
q17795;m17795;59656198344
q17796;m17796;59656198345
q17797;m17797;59656198346
q17798;m17798;59656198347
q17799;m17799;59656198348
q17800;m17800;59656198349
q17801;m17801;59656198350
q17802;m17802;59656198351
q17803;m17803;59656198352
q17804;m17804;59656198353
q17805;m17805;59656198354
q17806;m17806;59656198355
q17807;m17807;59656198356
q17808;m17808;59656198357
q17809;m17809;59656198358
q17810;m17810;59656198359
q17811;m17811;59656198360
q17812;m17812;59656198361
q17813;m17813;59656198362
q17814;m17814;59656198363
q17815;m17815;59656198364
q17816;m17816;59656198365
q17817;m17817;59656198366
q17818;m17818;59656198367
q17819;m17819;59656198368
q17820;m17820;59656198369
q17821;m17821;59656198370
q17822;m17822;59656198371
q17823;m17823;59656198372
q17824;m17824;59656198373
q17825;m17825;59656198374
q17826;m17826;59656198375
q17827;m17827;59656198376
q17828;m17828;59656198377
q17829;m17829;59656198378
q17830;m17830;59656198379
q17831;m17831;59656198380
q17832;m17832;59656198381
q17833;m17833;59656198382
q17834;m17834;59656198383
q17835;m17835;59656198384
q17836;m17836;59656198385
q17837;m17837;59656198386
q17838;m17838;59656198387
q17839;m17839;59656198388
q17840;m17840;59656198389
q17841;m17841;59656198390
q17842;m17842;59656198391
q17843;m17843;59656198392
q17844;m17844;59656198393
q17845;m17845;59656198394
q17846;m17846;59656198395
q17847;m17847;59656198396
q17848;m17848;59656198397
q17849;m17849;59656198398
q17850;m17850;59656198399
q17851;m17851;59656198400
q17852;m17852;59656198401
q17853;m17853;59656198402
q17854;m17854;59656198403
q17855;m17855;59656198404
q17856;m17856;59656198405
q17857;m17857;59656198406
q17858;m17858;59656198407
q17859;m17859;59656198408
q17860;m17860;59656198409
q17861;m17861;59656198410
q17862;m17862;59656198411
q17863;m17863;59656198412
q17864;m17864;59656198413
q17865;m17865;59656198414
q17866;m17866;59656198415
q17867;m17867;59656198416
q17868;m17868;59656198417
q17869;m17869;59656198418
q17870;m17870;59656198419
q17871;m17871;59656198420
q17872;m17872;59656198421
q17873;m17873;59656198422
q17874;m17874;59656198423
q17875;m17875;59656198424
q17876;m17876;59656198425
q17877;m17877;59656198426
q17878;m17878;59656198427
q17879;m17879;59656198428
q17880;m17880;59656198429
q17881;m17881;59656198430
q17882;m17882;59656198431
q17883;m17883;59656198432
q17884;m17884;59656198433
q17885;m17885;59656198434
q17886;m17886;59656198435
q17887;m17887;59656198436
q17888;m17888;59656198437
q17889;m17889;59656198438
q17890;m17890;59656198439
q17891;m17891;59656198440
q17892;m17892;59656198441
q17893;m17893;59656198442
q17894;m17894;59656198443
q17895;m17895;59656198444
q17896;m17896;59656198445
q17897;m17897;59656198446
q17898;m17898;59656198447
q17899;m17899;59656198448
q17900;m17900;59656198449
q17901;m17901;59656198450
q17902;m17902;59656198451
q17903;m17903;59656198452
q17904;m17904;59656198453
q17905;m17905;59656198454
q17906;m17906;59656198455
q17907;m17907;59656198456
q17908;m17908;59656198457
q17909;m17909;59656198458
q17910;m17910;59656198459
q17911;m17911;59656198460
q17912;m17912;59656198461
q17913;m17913;59656198462
q17914;m17914;59656198463
q17915;m17915;59656198464
q17916;m17916;59656198465
q17917;m17917;59656198466
q17918;m17918;59656198467
q17919;m17919;59656198468
q17920;m17920;59656198469
q17921;m17921;59656198470
q17922;m17922;59656198471
q17923;m17923;59656198472
q17924;m17924;59656198473
q17925;m17925;59656198474
q17926;m17926;59656198475
q17927;m17927;59656198476
q17928;m17928;59656198477
q17929;m17929;59656198478
q17930;m17930;59656198479
q17931;m17931;59656198480
q17932;m17932;59656198481
q17933;m17933;59656198482
q17934;m17934;59656198483
q17935;m17935;59656198484
q17936;m17936;59656198485
q17937;m17937;59656198486
q17938;m17938;59656198487
q17939;m17939;59656198488
q17940;m17940;59656198489
q17941;m17941;59656198490
q17942;m17942;59656198491
q17943;m17943;59656198492
q17944;m17944;59656198493
q17945;m17945;59656198494
q17946;m17946;59656198495
q17947;m17947;59656198496
q17948;m17948;59656198497
q17949;m17949;59656198498
q17950;m17950;59656198499
q17951;m17951;59656198500
q17952;m17952;59656198501
q17953;m17953;59656198502
q17954;m17954;59656198503
q17955;m17955;59656198504
q17956;m17956;59656198505
q17957;m17957;59656198506
q17958;m17958;59656198507
q17959;m17959;59656198508
q17960;m17960;59656198509
q17961;m17961;59656198510
q17962;m17962;59656198511
q17963;m17963;59656198512
q17964;m17964;59656198513
q17965;m17965;59656198514
q17966;m17966;59656198515
q17967;m17967;59656198516
q17968;m17968;59656198517
q17969;m17969;59656198518
q17970;m17970;59656198519
q17971;m17971;59656198520
q17972;m17972;59656198521
q17973;m17973;59656198522
q17974;m17974;59656198523
q17975;m17975;59656198524
q17976;m17976;59656198525
q17977;m17977;59656198526
q17978;m17978;59656198527
q17979;m17979;59656198528
q17980;m17980;59656198529
q17981;m17981;59656198530
q17982;m17982;59656198531
q17983;m17983;59656198532
q17984;m17984;59656198533
q17985;m17985;59656198534
q17986;m17986;59656198535
q17987;m17987;59656198536
q17988;m17988;59656198537
q17989;m17989;59656198538
q17990;m17990;59656198539
q17991;m17991;59656198540
q17992;m17992;59656198541
q17993;m17993;59656198542
q17994;m17994;59656198543
q17995;m17995;59656198544
q17996;m17996;59656198545
q17997;m17997;59656198546
q17998;m17998;59656198547
q17999;m17999;59656198548
q18000;m18000;59656198549
q18001;m18001;59656198550
q18002;m18002;59656198551
q18003;m18003;59656198552
q18004;m18004;59656198553
q18005;m18005;59656198554
q18006;m18006;59656198555
q18007;m18007;59656198556
q18008;m18008;59656198557
q18009;m18009;59656198558
q18010;m18010;59656198559
q18011;m18011;59656198560
q18012;m18012;59656198561
q18013;m18013;59656198562
q18014;m18014;59656198563
q18015;m18015;59656198564
q18016;m18016;59656198565
q18017;m18017;59656198566
q18018;m18018;59656198567
q18019;m18019;59656198568
q18020;m18020;59656198569
q18021;m18021;59656198570
q18022;m18022;59656198571
q18023;m18023;59656198572
q18024;m18024;59656198573
q18025;m18025;59656198574
q18026;m18026;59656198575
q18027;m18027;59656198576
q18028;m18028;59656198577
q18029;m18029;59656198578
q18030;m18030;59656198579
q18031;m18031;59656198580
q18032;m18032;59656198581
q18033;m18033;59656198582
q18034;m18034;59656198583
q18035;m18035;59656198584
q18036;m18036;59656198585
q18037;m18037;59656198586
q18038;m18038;59656198587
q18039;m18039;59656198588
q18040;m18040;59656198589
q18041;m18041;59656198590
q18042;m18042;59656198591
q18043;m18043;59656198592
q18044;m18044;59656198593
q18045;m18045;59656198594
q18046;m18046;59656198595
q18047;m18047;59656198596
q18048;m18048;59656198597
q18049;m18049;59656198598
q18050;m18050;59656198599
q18051;m18051;59656198600
q18052;m18052;59656198601
q18053;m18053;59656198602
q18054;m18054;59656198603
q18055;m18055;59656198604
q18056;m18056;59656198605
q18057;m18057;59656198606
q18058;m18058;59656198607
q18059;m18059;59656198608
q18060;m18060;59656198609
q18061;m18061;59656198610
q18062;m18062;59656198611
q18063;m18063;59656198612
q18064;m18064;59656198613
q18065;m18065;59656198614
q18066;m18066;59656198615
q18067;m18067;59656198616
q18068;m18068;59656198617
q18069;m18069;59656198618
q18070;m18070;59656198619
q18071;m18071;59656198620
q18072;m18072;59656198621
q18073;m18073;59656198622
q18074;m18074;59656198623
q18075;m18075;59656198624
q18076;m18076;59656198625
q18077;m18077;59656198626
q18078;m18078;59656198627
q18079;m18079;59656198628
q18080;m18080;59656198629
q18081;m18081;59656198630
q18082;m18082;59656198631
q18083;m18083;59656198632
q18084;m18084;59656198633
q18085;m18085;59656198634
q18086;m18086;59656198635
q18087;m18087;59656198636
q18088;m18088;59656198637
q18089;m18089;59656198638
q18090;m18090;59656198639
q18091;m18091;59656198640
q18092;m18092;59656198641
q18093;m18093;59656198642
q18094;m18094;59656198643
q18095;m18095;59656198644
q18096;m18096;59656198645
q18097;m18097;59656198646
q18098;m18098;59656198647
q18099;m18099;59656198648
q18100;m18100;59656198649
q18101;m18101;59656198650
q18102;m18102;59656198651
q18103;m18103;59656198652
q18104;m18104;59656198653
q18105;m18105;59656198654
q18106;m18106;59656198655
q18107;m18107;59656198656
q18108;m18108;59656198657
q18109;m18109;59656198658
q18110;m18110;59656198659
q18111;m18111;59656198660
q18112;m18112;59656198661
q18113;m18113;59656198662
q18114;m18114;59656198663
q18115;m18115;59656198664
q18116;m18116;59656198665
q18117;m18117;59656198666
q18118;m18118;59656198667
q18119;m18119;59656198668
q18120;m18120;59656198669
q18121;m18121;59656198670
q18122;m18122;59656198671
q18123;m18123;59656198672
q18124;m18124;59656198673
q18125;m18125;59656198674
q18126;m18126;59656198675
q18127;m18127;59656198676
q18128;m18128;59656198677
q18129;m18129;59656198678
q18130;m18130;59656198679
q18131;m18131;59656198680
q18132;m18132;59656198681
q18133;m18133;59656198682
q18134;m18134;59656198683
q18135;m18135;59656198684
q18136;m18136;59656198685
q18137;m18137;59656198686
q18138;m18138;59656198687
q18139;m18139;59656198688
q18140;m18140;59656198689
q18141;m18141;59656198690
q18142;m18142;59656198691
q18143;m18143;59656198692
q18144;m18144;59656198693
q18145;m18145;59656198694
q18146;m18146;59656198695
q18147;m18147;59656198696
q18148;m18148;59656198697
q18149;m18149;59656198698
q18150;m18150;59656198699
q18151;m18151;59656198700
q18152;m18152;59656198701
q18153;m18153;59656198702
q18154;m18154;59656198703
q18155;m18155;59656198704
q18156;m18156;59656198705
q18157;m18157;59656198706
q18158;m18158;59656198707
q18159;m18159;59656198708
q18160;m18160;59656198709
q18161;m18161;59656198710
q18162;m18162;59656198711
q18163;m18163;59656198712
q18164;m18164;59656198713
q18165;m18165;59656198714
q18166;m18166;59656198715
q18167;m18167;59656198716
q18168;m18168;59656198717
q18169;m18169;59656198718
q18170;m18170;59656198719
q18171;m18171;59656198720
q18172;m18172;59656198721
q18173;m18173;59656198722
q18174;m18174;59656198723
q18175;m18175;59656198724
q18176;m18176;59656198725
q18177;m18177;59656198726
q18178;m18178;59656198727
q18179;m18179;59656198728
q18180;m18180;59656198729
q18181;m18181;59656198730
q18182;m18182;59656198731
q18183;m18183;59656198732
q18184;m18184;59656198733
q18185;m18185;59656198734
q18186;m18186;59656198735
q18187;m18187;59656198736
q18188;m18188;59656198737
q18189;m18189;59656198738
q18190;m18190;59656198739
q18191;m18191;59656198740
q18192;m18192;59656198741
q18193;m18193;59656198742
q18194;m18194;59656198743
q18195;m18195;59656198744
q18196;m18196;59656198745
q18197;m18197;59656198746
q18198;m18198;59656198747
q18199;m18199;59656198748
q18200;m18200;59656198749
q18201;m18201;59656198750
q18202;m18202;59656198751
q18203;m18203;59656198752
q18204;m18204;59656198753
q18205;m18205;59656198754
q18206;m18206;59656198755
q18207;m18207;59656198756
q18208;m18208;59656198757
q18209;m18209;59656198758
q18210;m18210;59656198759
q18211;m18211;59656198760
q18212;m18212;59656198761
q18213;m18213;59656198762
q18214;m18214;59656198763
q18215;m18215;59656198764
q18216;m18216;59656198765
q18217;m18217;59656198766
q18218;m18218;59656198767
q18219;m18219;59656198768
q18220;m18220;59656198769
q18221;m18221;59656198770
q18222;m18222;59656198771
q18223;m18223;59656198772
q18224;m18224;59656198773
q18225;m18225;59656198774
q18226;m18226;59656198775
q18227;m18227;59656198776
q18228;m18228;59656198777
q18229;m18229;59656198778
q18230;m18230;59656198779
q18231;m18231;59656198780
q18232;m18232;59656198781
q18233;m18233;59656198782
q18234;m18234;59656198783
q18235;m18235;59656198784
q18236;m18236;59656198785
q18237;m18237;59656198786
q18238;m18238;59656198787
q18239;m18239;59656198788
q18240;m18240;59656198789
q18241;m18241;59656198790
q18242;m18242;59656198791
q18243;m18243;59656198792
q18244;m18244;59656198793
q18245;m18245;59656198794
q18246;m18246;59656198795
q18247;m18247;59656198796
q18248;m18248;59656198797
q18249;m18249;59656198798
q18250;m18250;59656198799
q18251;m18251;59656198800
q18252;m18252;59656198801
q18253;m18253;59656198802
q18254;m18254;59656198803
q18255;m18255;59656198804
q18256;m18256;59656198805
q18257;m18257;59656198806
q18258;m18258;59656198807
q18259;m18259;59656198808
q18260;m18260;59656198809
q18261;m18261;59656198810
q18262;m18262;59656198811
q18263;m18263;59656198812
q18264;m18264;59656198813
q18265;m18265;59656198814
q18266;m18266;59656198815
q18267;m18267;59656198816
q18268;m18268;59656198817
q18269;m18269;59656198818
q18270;m18270;59656198819
q18271;m18271;59656198820
q18272;m18272;59656198821
q18273;m18273;59656198822
q18274;m18274;59656198823
q18275;m18275;59656198824
q18276;m18276;59656198825
q18277;m18277;59656198826
q18278;m18278;59656198827
q18279;m18279;59656198828
q18280;m18280;59656198829
q18281;m18281;59656198830
q18282;m18282;59656198831
q18283;m18283;59656198832
q18284;m18284;59656198833
q18285;m18285;59656198834
q18286;m18286;59656198835
q18287;m18287;59656198836
q18288;m18288;59656198837
q18289;m18289;59656198838
q18290;m18290;59656198839
q18291;m18291;59656198840
q18292;m18292;59656198841
q18293;m18293;59656198842
q18294;m18294;59656198843
q18295;m18295;59656198844
q18296;m18296;59656198845
q18297;m18297;59656198846
q18298;m18298;59656198847
q18299;m18299;59656198848
q18300;m18300;59656198849
q18301;m18301;59656198850
q18302;m18302;59656198851
q18303;m18303;59656198852
q18304;m18304;59656198853
q18305;m18305;59656198854
q18306;m18306;59656198855
q18307;m18307;59656198856
q18308;m18308;59656198857
q18309;m18309;59656198858
q18310;m18310;59656198859
q18311;m18311;59656198860
q18312;m18312;59656198861
q18313;m18313;59656198862
q18314;m18314;59656198863
q18315;m18315;59656198864
q18316;m18316;59656198865
q18317;m18317;59656198866
q18318;m18318;59656198867
q18319;m18319;59656198868
q18320;m18320;59656198869
q18321;m18321;59656198870
q18322;m18322;59656198871
q18323;m18323;59656198872
q18324;m18324;59656198873
q18325;m18325;59656198874
q18326;m18326;59656198875
q18327;m18327;59656198876
q18328;m18328;59656198877
q18329;m18329;59656198878
q18330;m18330;59656198879
q18331;m18331;59656198880
q18332;m18332;59656198881
q18333;m18333;59656198882
q18334;m18334;59656198883
q18335;m18335;59656198884
q18336;m18336;59656198885
q18337;m18337;59656198886
q18338;m18338;59656198887
q18339;m18339;59656198888
q18340;m18340;59656198889
q18341;m18341;59656198890
q18342;m18342;59656198891
q18343;m18343;59656198892
q18344;m18344;59656198893
q18345;m18345;59656198894
q18346;m18346;59656198895
q18347;m18347;59656198896
q18348;m18348;59656198897
q18349;m18349;59656198898
q18350;m18350;59656198899
q18351;m18351;59656198900
q18352;m18352;59656198901
q18353;m18353;59656198902
q18354;m18354;59656198903
q18355;m18355;59656198904
q18356;m18356;59656198905
q18357;m18357;59656198906
q18358;m18358;59656198907
q18359;m18359;59656198908
q18360;m18360;59656198909
q18361;m18361;59656198910
q18362;m18362;59656198911
q18363;m18363;59656198912
q18364;m18364;59656198913
q18365;m18365;59656198914
q18366;m18366;59656198915
q18367;m18367;59656198916
q18368;m18368;59656198917
q18369;m18369;59656198918
q18370;m18370;59656198919
q18371;m18371;59656198920
q18372;m18372;59656198921
q18373;m18373;59656198922
q18374;m18374;59656198923
q18375;m18375;59656198924
q18376;m18376;59656198925
q18377;m18377;59656198926
q18378;m18378;59656198927
q18379;m18379;59656198928
q18380;m18380;59656198929
q18381;m18381;59656198930
q18382;m18382;59656198931
q18383;m18383;59656198932
q18384;m18384;59656198933
q18385;m18385;59656198934
q18386;m18386;59656198935
q18387;m18387;59656198936
q18388;m18388;59656198937
q18389;m18389;59656198938
q18390;m18390;59656198939
q18391;m18391;59656198940
q18392;m18392;59656198941
q18393;m18393;59656198942
q18394;m18394;59656198943
q18395;m18395;59656198944
q18396;m18396;59656198945
q18397;m18397;59656198946
q18398;m18398;59656198947
q18399;m18399;59656198948
q18400;m18400;59656198949
q18401;m18401;59656198950
q18402;m18402;59656198951
q18403;m18403;59656198952
q18404;m18404;59656198953
q18405;m18405;59656198954
q18406;m18406;59656198955
q18407;m18407;59656198956
q18408;m18408;59656198957
q18409;m18409;59656198958
q18410;m18410;59656198959
q18411;m18411;59656198960
q18412;m18412;59656198961
q18413;m18413;59656198962
q18414;m18414;59656198963
q18415;m18415;59656198964
q18416;m18416;59656198965
q18417;m18417;59656198966
q18418;m18418;59656198967
q18419;m18419;59656198968
q18420;m18420;59656198969
q18421;m18421;59656198970
q18422;m18422;59656198971
q18423;m18423;59656198972
q18424;m18424;59656198973
q18425;m18425;59656198974
q18426;m18426;59656198975
q18427;m18427;59656198976
q18428;m18428;59656198977
q18429;m18429;59656198978
q18430;m18430;59656198979
q18431;m18431;59656198980
q18432;m18432;59656198981
q18433;m18433;59656198982
q18434;m18434;59656198983
q18435;m18435;59656198984
q18436;m18436;59656198985
q18437;m18437;59656198986
q18438;m18438;59656198987
q18439;m18439;59656198988
q18440;m18440;59656198989
q18441;m18441;59656198990
q18442;m18442;59656198991
q18443;m18443;59656198992
q18444;m18444;59656198993
q18445;m18445;59656198994
q18446;m18446;59656198995
q18447;m18447;59656198996
q18448;m18448;59656198997
q18449;m18449;59656198998
q18450;m18450;59656198999
q18451;m18451;59656199000
q18452;m18452;59656199001
q18453;m18453;59656199002
q18454;m18454;59656199003
q18455;m18455;59656199004
q18456;m18456;59656199005
q18457;m18457;59656199006
q18458;m18458;59656199007
q18459;m18459;59656199008
q18460;m18460;59656199009
q18461;m18461;59656199010
q18462;m18462;59656199011
q18463;m18463;59656199012
q18464;m18464;59656199013
q18465;m18465;59656199014
q18466;m18466;59656199015
q18467;m18467;59656199016
q18468;m18468;59656199017
q18469;m18469;59656199018
q18470;m18470;59656199019
q18471;m18471;59656199020
q18472;m18472;59656199021
q18473;m18473;59656199022
q18474;m18474;59656199023
q18475;m18475;59656199024
q18476;m18476;59656199025
q18477;m18477;59656199026
q18478;m18478;59656199027
q18479;m18479;59656199028
q18480;m18480;59656199029
q18481;m18481;59656199030
q18482;m18482;59656199031
q18483;m18483;59656199032
q18484;m18484;59656199033
q18485;m18485;59656199034
q18486;m18486;59656199035
q18487;m18487;59656199036
q18488;m18488;59656199037
q18489;m18489;59656199038
q18490;m18490;59656199039
q18491;m18491;59656199040
q18492;m18492;59656199041
q18493;m18493;59656199042
q18494;m18494;59656199043
q18495;m18495;59656199044
q18496;m18496;59656199045
q18497;m18497;59656199046
q18498;m18498;59656199047
q18499;m18499;59656199048
q18500;m18500;59656199049
q18501;m18501;59656199050
q18502;m18502;59656199051
q18503;m18503;59656199052
q18504;m18504;59656199053
q18505;m18505;59656199054
q18506;m18506;59656199055
q18507;m18507;59656199056
q18508;m18508;59656199057
q18509;m18509;59656199058
q18510;m18510;59656199059
q18511;m18511;59656199060
q18512;m18512;59656199061
q18513;m18513;59656199062
q18514;m18514;59656199063
q18515;m18515;59656199064
q18516;m18516;59656199065
q18517;m18517;59656199066
q18518;m18518;59656199067
q18519;m18519;59656199068
q18520;m18520;59656199069
q18521;m18521;59656199070
q18522;m18522;59656199071
q18523;m18523;59656199072
q18524;m18524;59656199073
q18525;m18525;59656199074
q18526;m18526;59656199075
q18527;m18527;59656199076
q18528;m18528;59656199077
q18529;m18529;59656199078
q18530;m18530;59656199079
q18531;m18531;59656199080
q18532;m18532;59656199081
q18533;m18533;59656199082
q18534;m18534;59656199083
q18535;m18535;59656199084
q18536;m18536;59656199085
q18537;m18537;59656199086
q18538;m18538;59656199087
q18539;m18539;59656199088
q18540;m18540;59656199089
q18541;m18541;59656199090
q18542;m18542;59656199091
q18543;m18543;59656199092
q18544;m18544;59656199093
q18545;m18545;59656199094
q18546;m18546;59656199095
q18547;m18547;59656199096
q18548;m18548;59656199097
q18549;m18549;59656199098
q18550;m18550;59656199099
q18551;m18551;59656199100
q18552;m18552;59656199101
q18553;m18553;59656199102
q18554;m18554;59656199103
q18555;m18555;59656199104
q18556;m18556;59656199105
q18557;m18557;59656199106
q18558;m18558;59656199107
q18559;m18559;59656199108
q18560;m18560;59656199109
q18561;m18561;59656199110
q18562;m18562;59656199111
q18563;m18563;59656199112
q18564;m18564;59656199113
q18565;m18565;59656199114
q18566;m18566;59656199115
q18567;m18567;59656199116
q18568;m18568;59656199117
q18569;m18569;59656199118
q18570;m18570;59656199119
q18571;m18571;59656199120
q18572;m18572;59656199121
q18573;m18573;59656199122
q18574;m18574;59656199123
q18575;m18575;59656199124
q18576;m18576;59656199125
q18577;m18577;59656199126
q18578;m18578;59656199127
q18579;m18579;59656199128
q18580;m18580;59656199129
q18581;m18581;59656199130
q18582;m18582;59656199131
q18583;m18583;59656199132
q18584;m18584;59656199133
q18585;m18585;59656199134
q18586;m18586;59656199135
q18587;m18587;59656199136
q18588;m18588;59656199137
q18589;m18589;59656199138
q18590;m18590;59656199139
q18591;m18591;59656199140
q18592;m18592;59656199141
q18593;m18593;59656199142
q18594;m18594;59656199143
q18595;m18595;59656199144
q18596;m18596;59656199145
q18597;m18597;59656199146
q18598;m18598;59656199147
q18599;m18599;59656199148
q18600;m18600;59656199149
q18601;m18601;59656199150
q18602;m18602;59656199151
q18603;m18603;59656199152
q18604;m18604;59656199153
q18605;m18605;59656199154
q18606;m18606;59656199155
q18607;m18607;59656199156
q18608;m18608;59656199157
q18609;m18609;59656199158
q18610;m18610;59656199159
q18611;m18611;59656199160
q18612;m18612;59656199161
q18613;m18613;59656199162
q18614;m18614;59656199163
q18615;m18615;59656199164
q18616;m18616;59656199165
q18617;m18617;59656199166
q18618;m18618;59656199167
q18619;m18619;59656199168
q18620;m18620;59656199169
q18621;m18621;59656199170
q18622;m18622;59656199171
q18623;m18623;59656199172
q18624;m18624;59656199173
q18625;m18625;59656199174
q18626;m18626;59656199175
q18627;m18627;59656199176
q18628;m18628;59656199177
q18629;m18629;59656199178
q18630;m18630;59656199179
q18631;m18631;59656199180
q18632;m18632;59656199181
q18633;m18633;59656199182
q18634;m18634;59656199183
q18635;m18635;59656199184
q18636;m18636;59656199185
q18637;m18637;59656199186
q18638;m18638;59656199187
q18639;m18639;59656199188
q18640;m18640;59656199189
q18641;m18641;59656199190
q18642;m18642;59656199191
q18643;m18643;59656199192
q18644;m18644;59656199193
q18645;m18645;59656199194
q18646;m18646;59656199195
q18647;m18647;59656199196
q18648;m18648;59656199197
q18649;m18649;59656199198
q18650;m18650;59656199199
q18651;m18651;59656199200
q18652;m18652;59656199201
q18653;m18653;59656199202
q18654;m18654;59656199203
q18655;m18655;59656199204
q18656;m18656;59656199205
q18657;m18657;59656199206
q18658;m18658;59656199207
q18659;m18659;59656199208
q18660;m18660;59656199209
q18661;m18661;59656199210
q18662;m18662;59656199211
q18663;m18663;59656199212
q18664;m18664;59656199213
q18665;m18665;59656199214
q18666;m18666;59656199215
q18667;m18667;59656199216
q18668;m18668;59656199217
q18669;m18669;59656199218
q18670;m18670;59656199219
q18671;m18671;59656199220
q18672;m18672;59656199221
q18673;m18673;59656199222
q18674;m18674;59656199223
q18675;m18675;59656199224
q18676;m18676;59656199225
q18677;m18677;59656199226
q18678;m18678;59656199227
q18679;m18679;59656199228
q18680;m18680;59656199229
q18681;m18681;59656199230
q18682;m18682;59656199231
q18683;m18683;59656199232
q18684;m18684;59656199233
q18685;m18685;59656199234
q18686;m18686;59656199235
q18687;m18687;59656199236
q18688;m18688;59656199237
q18689;m18689;59656199238
q18690;m18690;59656199239
q18691;m18691;59656199240
q18692;m18692;59656199241
q18693;m18693;59656199242
q18694;m18694;59656199243
q18695;m18695;59656199244
q18696;m18696;59656199245
q18697;m18697;59656199246
q18698;m18698;59656199247
q18699;m18699;59656199248
q18700;m18700;59656199249
q18701;m18701;59656199250
q18702;m18702;59656199251
q18703;m18703;59656199252
q18704;m18704;59656199253
q18705;m18705;59656199254
q18706;m18706;59656199255
q18707;m18707;59656199256
q18708;m18708;59656199257
q18709;m18709;59656199258
q18710;m18710;59656199259
q18711;m18711;59656199260
q18712;m18712;59656199261
q18713;m18713;59656199262
q18714;m18714;59656199263
q18715;m18715;59656199264
q18716;m18716;59656199265
q18717;m18717;59656199266
q18718;m18718;59656199267
q18719;m18719;59656199268
q18720;m18720;59656199269
q18721;m18721;59656199270
q18722;m18722;59656199271
q18723;m18723;59656199272
q18724;m18724;59656199273
q18725;m18725;59656199274
q18726;m18726;59656199275
q18727;m18727;59656199276
q18728;m18728;59656199277
q18729;m18729;59656199278
q18730;m18730;59656199279
q18731;m18731;59656199280
q18732;m18732;59656199281
q18733;m18733;59656199282
q18734;m18734;59656199283
q18735;m18735;59656199284
q18736;m18736;59656199285
q18737;m18737;59656199286
q18738;m18738;59656199287
q18739;m18739;59656199288
q18740;m18740;59656199289
q18741;m18741;59656199290
q18742;m18742;59656199291
q18743;m18743;59656199292
q18744;m18744;59656199293
q18745;m18745;59656199294
q18746;m18746;59656199295
q18747;m18747;59656199296
q18748;m18748;59656199297
q18749;m18749;59656199298
q18750;m18750;59656199299
q18751;m18751;59656199300
q18752;m18752;59656199301
q18753;m18753;59656199302
q18754;m18754;59656199303
q18755;m18755;59656199304
q18756;m18756;59656199305
q18757;m18757;59656199306
q18758;m18758;59656199307
q18759;m18759;59656199308
q18760;m18760;59656199309
q18761;m18761;59656199310
q18762;m18762;59656199311
q18763;m18763;59656199312
q18764;m18764;59656199313
q18765;m18765;59656199314
q18766;m18766;59656199315
q18767;m18767;59656199316
q18768;m18768;59656199317
q18769;m18769;59656199318
q18770;m18770;59656199319
q18771;m18771;59656199320
q18772;m18772;59656199321
q18773;m18773;59656199322
q18774;m18774;59656199323
q18775;m18775;59656199324
q18776;m18776;59656199325
q18777;m18777;59656199326
q18778;m18778;59656199327
q18779;m18779;59656199328
q18780;m18780;59656199329
q18781;m18781;59656199330
q18782;m18782;59656199331
q18783;m18783;59656199332
q18784;m18784;59656199333
q18785;m18785;59656199334
q18786;m18786;59656199335
q18787;m18787;59656199336
q18788;m18788;59656199337
q18789;m18789;59656199338
q18790;m18790;59656199339
q18791;m18791;59656199340
q18792;m18792;59656199341
q18793;m18793;59656199342
q18794;m18794;59656199343
q18795;m18795;59656199344
q18796;m18796;59656199345
q18797;m18797;59656199346
q18798;m18798;59656199347
q18799;m18799;59656199348
q18800;m18800;59656199349
q18801;m18801;59656199350
q18802;m18802;59656199351
q18803;m18803;59656199352
q18804;m18804;59656199353
q18805;m18805;59656199354
q18806;m18806;59656199355
q18807;m18807;59656199356
q18808;m18808;59656199357
q18809;m18809;59656199358
q18810;m18810;59656199359
q18811;m18811;59656199360
q18812;m18812;59656199361
q18813;m18813;59656199362
q18814;m18814;59656199363
q18815;m18815;59656199364
q18816;m18816;59656199365
q18817;m18817;59656199366
q18818;m18818;59656199367
q18819;m18819;59656199368
q18820;m18820;59656199369
q18821;m18821;59656199370
q18822;m18822;59656199371
q18823;m18823;59656199372
q18824;m18824;59656199373
q18825;m18825;59656199374
q18826;m18826;59656199375
q18827;m18827;59656199376
q18828;m18828;59656199377
q18829;m18829;59656199378
q18830;m18830;59656199379
q18831;m18831;59656199380
q18832;m18832;59656199381
q18833;m18833;59656199382
q18834;m18834;59656199383
q18835;m18835;59656199384
q18836;m18836;59656199385
q18837;m18837;59656199386
q18838;m18838;59656199387
q18839;m18839;59656199388
q18840;m18840;59656199389
q18841;m18841;59656199390
q18842;m18842;59656199391
q18843;m18843;59656199392
q18844;m18844;59656199393
q18845;m18845;59656199394
q18846;m18846;59656199395
q18847;m18847;59656199396
q18848;m18848;59656199397
q18849;m18849;59656199398
q18850;m18850;59656199399
q18851;m18851;59656199400
q18852;m18852;59656199401
q18853;m18853;59656199402
q18854;m18854;59656199403
q18855;m18855;59656199404
q18856;m18856;59656199405
q18857;m18857;59656199406
q18858;m18858;59656199407
q18859;m18859;59656199408
q18860;m18860;59656199409
q18861;m18861;59656199410
q18862;m18862;59656199411
q18863;m18863;59656199412
q18864;m18864;59656199413
q18865;m18865;59656199414
q18866;m18866;59656199415
q18867;m18867;59656199416
q18868;m18868;59656199417
q18869;m18869;59656199418
q18870;m18870;59656199419
q18871;m18871;59656199420
q18872;m18872;59656199421
q18873;m18873;59656199422
q18874;m18874;59656199423
q18875;m18875;59656199424
q18876;m18876;59656199425
q18877;m18877;59656199426
q18878;m18878;59656199427
q18879;m18879;59656199428
q18880;m18880;59656199429
q18881;m18881;59656199430
q18882;m18882;59656199431
q18883;m18883;59656199432
q18884;m18884;59656199433
q18885;m18885;59656199434
q18886;m18886;59656199435
q18887;m18887;59656199436
q18888;m18888;59656199437
q18889;m18889;59656199438
q18890;m18890;59656199439
q18891;m18891;59656199440
q18892;m18892;59656199441
q18893;m18893;59656199442
q18894;m18894;59656199443
q18895;m18895;59656199444
q18896;m18896;59656199445
q18897;m18897;59656199446
q18898;m18898;59656199447
q18899;m18899;59656199448
q18900;m18900;59656199449
q18901;m18901;59656199450
q18902;m18902;59656199451
q18903;m18903;59656199452
q18904;m18904;59656199453
q18905;m18905;59656199454
q18906;m18906;59656199455
q18907;m18907;59656199456
q18908;m18908;59656199457
q18909;m18909;59656199458
q18910;m18910;59656199459
q18911;m18911;59656199460
q18912;m18912;59656199461
q18913;m18913;59656199462
q18914;m18914;59656199463
q18915;m18915;59656199464
q18916;m18916;59656199465
q18917;m18917;59656199466
q18918;m18918;59656199467
q18919;m18919;59656199468
q18920;m18920;59656199469
q18921;m18921;59656199470
q18922;m18922;59656199471
q18923;m18923;59656199472
q18924;m18924;59656199473
q18925;m18925;59656199474
q18926;m18926;59656199475
q18927;m18927;59656199476
q18928;m18928;59656199477
q18929;m18929;59656199478
q18930;m18930;59656199479
q18931;m18931;59656199480
q18932;m18932;59656199481
q18933;m18933;59656199482
q18934;m18934;59656199483
q18935;m18935;59656199484
q18936;m18936;59656199485
q18937;m18937;59656199486
q18938;m18938;59656199487
q18939;m18939;59656199488
q18940;m18940;59656199489
q18941;m18941;59656199490
q18942;m18942;59656199491
q18943;m18943;59656199492
q18944;m18944;59656199493
q18945;m18945;59656199494
q18946;m18946;59656199495
q18947;m18947;59656199496
q18948;m18948;59656199497
q18949;m18949;59656199498
q18950;m18950;59656199499
q18951;m18951;59656199500
q18952;m18952;59656199501
q18953;m18953;59656199502
q18954;m18954;59656199503
q18955;m18955;59656199504
q18956;m18956;59656199505
q18957;m18957;59656199506
q18958;m18958;59656199507
q18959;m18959;59656199508
q18960;m18960;59656199509
q18961;m18961;59656199510
q18962;m18962;59656199511
q18963;m18963;59656199512
q18964;m18964;59656199513
q18965;m18965;59656199514
q18966;m18966;59656199515
q18967;m18967;59656199516
q18968;m18968;59656199517
q18969;m18969;59656199518
q18970;m18970;59656199519
q18971;m18971;59656199520
q18972;m18972;59656199521
q18973;m18973;59656199522
q18974;m18974;59656199523
q18975;m18975;59656199524
q18976;m18976;59656199525
q18977;m18977;59656199526
q18978;m18978;59656199527
q18979;m18979;59656199528
q18980;m18980;59656199529
q18981;m18981;59656199530
q18982;m18982;59656199531
q18983;m18983;59656199532
q18984;m18984;59656199533
q18985;m18985;59656199534
q18986;m18986;59656199535
q18987;m18987;59656199536
q18988;m18988;59656199537
q18989;m18989;59656199538
q18990;m18990;59656199539
q18991;m18991;59656199540
q18992;m18992;59656199541
q18993;m18993;59656199542
q18994;m18994;59656199543
q18995;m18995;59656199544
q18996;m18996;59656199545
q18997;m18997;59656199546
q18998;m18998;59656199547
q18999;m18999;59656199548
q19000;m19000;59656199549
q19001;m19001;59656199550
q19002;m19002;59656199551
q19003;m19003;59656199552
q19004;m19004;59656199553
q19005;m19005;59656199554
q19006;m19006;59656199555
q19007;m19007;59656199556
q19008;m19008;59656199557
q19009;m19009;59656199558
q19010;m19010;59656199559
q19011;m19011;59656199560
q19012;m19012;59656199561
q19013;m19013;59656199562
q19014;m19014;59656199563
q19015;m19015;59656199564
q19016;m19016;59656199565
q19017;m19017;59656199566
q19018;m19018;59656199567
q19019;m19019;59656199568
q19020;m19020;59656199569
q19021;m19021;59656199570
q19022;m19022;59656199571
q19023;m19023;59656199572
q19024;m19024;59656199573
q19025;m19025;59656199574
q19026;m19026;59656199575
q19027;m19027;59656199576
q19028;m19028;59656199577
q19029;m19029;59656199578
q19030;m19030;59656199579
q19031;m19031;59656199580
q19032;m19032;59656199581
q19033;m19033;59656199582
q19034;m19034;59656199583
q19035;m19035;59656199584
q19036;m19036;59656199585
q19037;m19037;59656199586
q19038;m19038;59656199587
q19039;m19039;59656199588
q19040;m19040;59656199589
q19041;m19041;59656199590
q19042;m19042;59656199591
q19043;m19043;59656199592
q19044;m19044;59656199593
q19045;m19045;59656199594
q19046;m19046;59656199595
q19047;m19047;59656199596
q19048;m19048;59656199597
q19049;m19049;59656199598
q19050;m19050;59656199599
q19051;m19051;59656199600
q19052;m19052;59656199601
q19053;m19053;59656199602
q19054;m19054;59656199603
q19055;m19055;59656199604
q19056;m19056;59656199605
q19057;m19057;59656199606
q19058;m19058;59656199607
q19059;m19059;59656199608
q19060;m19060;59656199609
q19061;m19061;59656199610
q19062;m19062;59656199611
q19063;m19063;59656199612
q19064;m19064;59656199613
q19065;m19065;59656199614
q19066;m19066;59656199615
q19067;m19067;59656199616
q19068;m19068;59656199617
q19069;m19069;59656199618
q19070;m19070;59656199619
q19071;m19071;59656199620
q19072;m19072;59656199621
q19073;m19073;59656199622
q19074;m19074;59656199623
q19075;m19075;59656199624
q19076;m19076;59656199625
q19077;m19077;59656199626
q19078;m19078;59656199627
q19079;m19079;59656199628
q19080;m19080;59656199629
q19081;m19081;59656199630
q19082;m19082;59656199631
q19083;m19083;59656199632
q19084;m19084;59656199633
q19085;m19085;59656199634
q19086;m19086;59656199635
q19087;m19087;59656199636
q19088;m19088;59656199637
q19089;m19089;59656199638
q19090;m19090;59656199639
q19091;m19091;59656199640
q19092;m19092;59656199641
q19093;m19093;59656199642
q19094;m19094;59656199643
q19095;m19095;59656199644
q19096;m19096;59656199645
q19097;m19097;59656199646
q19098;m19098;59656199647
q19099;m19099;59656199648
q19100;m19100;59656199649
q19101;m19101;59656199650
q19102;m19102;59656199651
q19103;m19103;59656199652
q19104;m19104;59656199653
q19105;m19105;59656199654
q19106;m19106;59656199655
q19107;m19107;59656199656
q19108;m19108;59656199657
q19109;m19109;59656199658
q19110;m19110;59656199659
q19111;m19111;59656199660
q19112;m19112;59656199661
q19113;m19113;59656199662
q19114;m19114;59656199663
q19115;m19115;59656199664
q19116;m19116;59656199665
q19117;m19117;59656199666
q19118;m19118;59656199667
q19119;m19119;59656199668
q19120;m19120;59656199669
q19121;m19121;59656199670
q19122;m19122;59656199671
q19123;m19123;59656199672
q19124;m19124;59656199673
q19125;m19125;59656199674
q19126;m19126;59656199675
q19127;m19127;59656199676
q19128;m19128;59656199677
q19129;m19129;59656199678
q19130;m19130;59656199679
q19131;m19131;59656199680
q19132;m19132;59656199681
q19133;m19133;59656199682
q19134;m19134;59656199683
q19135;m19135;59656199684
q19136;m19136;59656199685
q19137;m19137;59656199686
q19138;m19138;59656199687
q19139;m19139;59656199688
q19140;m19140;59656199689
q19141;m19141;59656199690
q19142;m19142;59656199691
q19143;m19143;59656199692
q19144;m19144;59656199693
q19145;m19145;59656199694
q19146;m19146;59656199695
q19147;m19147;59656199696
q19148;m19148;59656199697
q19149;m19149;59656199698
q19150;m19150;59656199699
q19151;m19151;59656199700
q19152;m19152;59656199701
q19153;m19153;59656199702
q19154;m19154;59656199703
q19155;m19155;59656199704
q19156;m19156;59656199705
q19157;m19157;59656199706
q19158;m19158;59656199707
q19159;m19159;59656199708
q19160;m19160;59656199709
q19161;m19161;59656199710
q19162;m19162;59656199711
q19163;m19163;59656199712
q19164;m19164;59656199713
q19165;m19165;59656199714
q19166;m19166;59656199715
q19167;m19167;59656199716
q19168;m19168;59656199717
q19169;m19169;59656199718
q19170;m19170;59656199719
q19171;m19171;59656199720
q19172;m19172;59656199721
q19173;m19173;59656199722
q19174;m19174;59656199723
q19175;m19175;59656199724
q19176;m19176;59656199725
q19177;m19177;59656199726
q19178;m19178;59656199727
q19179;m19179;59656199728
q19180;m19180;59656199729
q19181;m19181;59656199730
q19182;m19182;59656199731
q19183;m19183;59656199732
q19184;m19184;59656199733
q19185;m19185;59656199734
q19186;m19186;59656199735
q19187;m19187;59656199736
q19188;m19188;59656199737
q19189;m19189;59656199738
q19190;m19190;59656199739
q19191;m19191;59656199740
q19192;m19192;59656199741
q19193;m19193;59656199742
q19194;m19194;59656199743
q19195;m19195;59656199744
q19196;m19196;59656199745
q19197;m19197;59656199746
q19198;m19198;59656199747
q19199;m19199;59656199748
q19200;m19200;59656199749
q19201;m19201;59656199750
q19202;m19202;59656199751
q19203;m19203;59656199752
q19204;m19204;59656199753
q19205;m19205;59656199754
q19206;m19206;59656199755
q19207;m19207;59656199756
q19208;m19208;59656199757
q19209;m19209;59656199758
q19210;m19210;59656199759
q19211;m19211;59656199760
q19212;m19212;59656199761
q19213;m19213;59656199762
q19214;m19214;59656199763
q19215;m19215;59656199764
q19216;m19216;59656199765
q19217;m19217;59656199766
q19218;m19218;59656199767
q19219;m19219;59656199768
q19220;m19220;59656199769
q19221;m19221;59656199770
q19222;m19222;59656199771
q19223;m19223;59656199772
q19224;m19224;59656199773
q19225;m19225;59656199774
q19226;m19226;59656199775
q19227;m19227;59656199776
q19228;m19228;59656199777
q19229;m19229;59656199778
q19230;m19230;59656199779
q19231;m19231;59656199780
q19232;m19232;59656199781
q19233;m19233;59656199782
q19234;m19234;59656199783
q19235;m19235;59656199784
q19236;m19236;59656199785
q19237;m19237;59656199786
q19238;m19238;59656199787
q19239;m19239;59656199788
q19240;m19240;59656199789
q19241;m19241;59656199790
q19242;m19242;59656199791
q19243;m19243;59656199792
q19244;m19244;59656199793
q19245;m19245;59656199794
q19246;m19246;59656199795
q19247;m19247;59656199796
q19248;m19248;59656199797
q19249;m19249;59656199798
q19250;m19250;59656199799
q19251;m19251;59656199800
q19252;m19252;59656199801
q19253;m19253;59656199802
q19254;m19254;59656199803
q19255;m19255;59656199804
q19256;m19256;59656199805
q19257;m19257;59656199806
q19258;m19258;59656199807
q19259;m19259;59656199808
q19260;m19260;59656199809
q19261;m19261;59656199810
q19262;m19262;59656199811
q19263;m19263;59656199812
q19264;m19264;59656199813
q19265;m19265;59656199814
q19266;m19266;59656199815
q19267;m19267;59656199816
q19268;m19268;59656199817
q19269;m19269;59656199818
q19270;m19270;59656199819
q19271;m19271;59656199820
q19272;m19272;59656199821
q19273;m19273;59656199822
q19274;m19274;59656199823
q19275;m19275;59656199824
q19276;m19276;59656199825
q19277;m19277;59656199826
q19278;m19278;59656199827
q19279;m19279;59656199828
q19280;m19280;59656199829
q19281;m19281;59656199830
q19282;m19282;59656199831
q19283;m19283;59656199832
q19284;m19284;59656199833
q19285;m19285;59656199834
q19286;m19286;59656199835
q19287;m19287;59656199836
q19288;m19288;59656199837
q19289;m19289;59656199838
q19290;m19290;59656199839
q19291;m19291;59656199840
q19292;m19292;59656199841
q19293;m19293;59656199842
q19294;m19294;59656199843
q19295;m19295;59656199844
q19296;m19296;59656199845
q19297;m19297;59656199846
q19298;m19298;59656199847
q19299;m19299;59656199848
q19300;m19300;59656199849
q19301;m19301;59656199850
q19302;m19302;59656199851
q19303;m19303;59656199852
q19304;m19304;59656199853
q19305;m19305;59656199854
q19306;m19306;59656199855
q19307;m19307;59656199856
q19308;m19308;59656199857
q19309;m19309;59656199858
q19310;m19310;59656199859
q19311;m19311;59656199860
q19312;m19312;59656199861
q19313;m19313;59656199862
q19314;m19314;59656199863
q19315;m19315;59656199864
q19316;m19316;59656199865
q19317;m19317;59656199866
q19318;m19318;59656199867
q19319;m19319;59656199868
q19320;m19320;59656199869
q19321;m19321;59656199870
q19322;m19322;59656199871
q19323;m19323;59656199872
q19324;m19324;59656199873
q19325;m19325;59656199874
q19326;m19326;59656199875
q19327;m19327;59656199876
q19328;m19328;59656199877
q19329;m19329;59656199878
q19330;m19330;59656199879
q19331;m19331;59656199880
q19332;m19332;59656199881
q19333;m19333;59656199882
q19334;m19334;59656199883
q19335;m19335;59656199884
q19336;m19336;59656199885
q19337;m19337;59656199886
q19338;m19338;59656199887
q19339;m19339;59656199888
q19340;m19340;59656199889
q19341;m19341;59656199890
q19342;m19342;59656199891
q19343;m19343;59656199892
q19344;m19344;59656199893
q19345;m19345;59656199894
q19346;m19346;59656199895
q19347;m19347;59656199896
q19348;m19348;59656199897
q19349;m19349;59656199898
q19350;m19350;59656199899
q19351;m19351;59656199900
q19352;m19352;59656199901
q19353;m19353;59656199902
q19354;m19354;59656199903
q19355;m19355;59656199904
q19356;m19356;59656199905
q19357;m19357;59656199906
q19358;m19358;59656199907
q19359;m19359;59656199908
q19360;m19360;59656199909
q19361;m19361;59656199910
q19362;m19362;59656199911
q19363;m19363;59656199912
q19364;m19364;59656199913
q19365;m19365;59656199914
q19366;m19366;59656199915
q19367;m19367;59656199916
q19368;m19368;59656199917
q19369;m19369;59656199918
q19370;m19370;59656199919
q19371;m19371;59656199920
q19372;m19372;59656199921
q19373;m19373;59656199922
q19374;m19374;59656199923
q19375;m19375;59656199924
q19376;m19376;59656199925
q19377;m19377;59656199926
q19378;m19378;59656199927
q19379;m19379;59656199928
q19380;m19380;59656199929
q19381;m19381;59656199930
q19382;m19382;59656199931
q19383;m19383;59656199932
q19384;m19384;59656199933
q19385;m19385;59656199934
q19386;m19386;59656199935
q19387;m19387;59656199936
q19388;m19388;59656199937
q19389;m19389;59656199938
q19390;m19390;59656199939
q19391;m19391;59656199940
q19392;m19392;59656199941
q19393;m19393;59656199942
q19394;m19394;59656199943
q19395;m19395;59656199944
q19396;m19396;59656199945
q19397;m19397;59656199946
q19398;m19398;59656199947
q19399;m19399;59656199948
q19400;m19400;59656199949
q19401;m19401;59656199950
q19402;m19402;59656199951
q19403;m19403;59656199952
q19404;m19404;59656199953
q19405;m19405;59656199954
q19406;m19406;59656199955
q19407;m19407;59656199956
q19408;m19408;59656199957
q19409;m19409;59656199958
q19410;m19410;59656199959
q19411;m19411;59656199960
q19412;m19412;59656199961
q19413;m19413;59656199962
q19414;m19414;59656199963
q19415;m19415;59656199964
q19416;m19416;59656199965
q19417;m19417;59656199966
q19418;m19418;59656199967
q19419;m19419;59656199968
q19420;m19420;59656199969
q19421;m19421;59656199970
q19422;m19422;59656199971
q19423;m19423;59656199972
q19424;m19424;59656199973
q19425;m19425;59656199974
q19426;m19426;59656199975
q19427;m19427;59656199976
q19428;m19428;59656199977
q19429;m19429;59656199978
q19430;m19430;59656199979
q19431;m19431;59656199980
q19432;m19432;59656199981
q19433;m19433;59656199982
q19434;m19434;59656199983
q19435;m19435;59656199984
q19436;m19436;59656199985
q19437;m19437;59656199986
q19438;m19438;59656199987
q19439;m19439;59656199988
q19440;m19440;59656199989
q19441;m19441;59656199990
q19442;m19442;59656199991
q19443;m19443;59656199992
q19444;m19444;59656199993
q19445;m19445;59656199994
q19446;m19446;59656199995
q19447;m19447;59656199996
q19448;m19448;59656199997
q19449;m19449;59656199998
q19450;m19450;59656199999
q19451;m19451;59656200000
q19452;m19452;59656200001
q19453;m19453;59656200002
q19454;m19454;59656200003
q19455;m19455;59656200004
q19456;m19456;59656200005
q19457;m19457;59656200006
q19458;m19458;59656200007
q19459;m19459;59656200008
q19460;m19460;59656200009
q19461;m19461;59656200010
q19462;m19462;59656200011
q19463;m19463;59656200012
q19464;m19464;59656200013
q19465;m19465;59656200014
q19466;m19466;59656200015
q19467;m19467;59656200016
q19468;m19468;59656200017
q19469;m19469;59656200018
q19470;m19470;59656200019
q19471;m19471;59656200020
q19472;m19472;59656200021
q19473;m19473;59656200022
q19474;m19474;59656200023
q19475;m19475;59656200024
q19476;m19476;59656200025
q19477;m19477;59656200026
q19478;m19478;59656200027
q19479;m19479;59656200028
q19480;m19480;59656200029
q19481;m19481;59656200030
q19482;m19482;59656200031
q19483;m19483;59656200032
q19484;m19484;59656200033
q19485;m19485;59656200034
q19486;m19486;59656200035
q19487;m19487;59656200036
q19488;m19488;59656200037
q19489;m19489;59656200038
q19490;m19490;59656200039
q19491;m19491;59656200040
q19492;m19492;59656200041
q19493;m19493;59656200042
q19494;m19494;59656200043
q19495;m19495;59656200044
q19496;m19496;59656200045
q19497;m19497;59656200046
q19498;m19498;59656200047
q19499;m19499;59656200048
q19500;m19500;59656200049
q19501;m19501;59656200050
q19502;m19502;59656200051
q19503;m19503;59656200052
q19504;m19504;59656200053
q19505;m19505;59656200054
q19506;m19506;59656200055
q19507;m19507;59656200056
q19508;m19508;59656200057
q19509;m19509;59656200058
q19510;m19510;59656200059
q19511;m19511;59656200060
q19512;m19512;59656200061
q19513;m19513;59656200062
q19514;m19514;59656200063
q19515;m19515;59656200064
q19516;m19516;59656200065
q19517;m19517;59656200066
q19518;m19518;59656200067
q19519;m19519;59656200068
q19520;m19520;59656200069
q19521;m19521;59656200070
q19522;m19522;59656200071
q19523;m19523;59656200072
q19524;m19524;59656200073
q19525;m19525;59656200074
q19526;m19526;59656200075
q19527;m19527;59656200076
q19528;m19528;59656200077
q19529;m19529;59656200078
q19530;m19530;59656200079
q19531;m19531;59656200080
q19532;m19532;59656200081
q19533;m19533;59656200082
q19534;m19534;59656200083
q19535;m19535;59656200084
q19536;m19536;59656200085
q19537;m19537;59656200086
q19538;m19538;59656200087
q19539;m19539;59656200088
q19540;m19540;59656200089
q19541;m19541;59656200090
q19542;m19542;59656200091
q19543;m19543;59656200092
q19544;m19544;59656200093
q19545;m19545;59656200094
q19546;m19546;59656200095
q19547;m19547;59656200096
q19548;m19548;59656200097
q19549;m19549;59656200098
q19550;m19550;59656200099
q19551;m19551;59656200100
q19552;m19552;59656200101
q19553;m19553;59656200102
q19554;m19554;59656200103
q19555;m19555;59656200104
q19556;m19556;59656200105
q19557;m19557;59656200106
q19558;m19558;59656200107
q19559;m19559;59656200108
q19560;m19560;59656200109
q19561;m19561;59656200110
q19562;m19562;59656200111
q19563;m19563;59656200112
q19564;m19564;59656200113
q19565;m19565;59656200114
q19566;m19566;59656200115
q19567;m19567;59656200116
q19568;m19568;59656200117
q19569;m19569;59656200118
q19570;m19570;59656200119
q19571;m19571;59656200120
q19572;m19572;59656200121
q19573;m19573;59656200122
q19574;m19574;59656200123
q19575;m19575;59656200124
q19576;m19576;59656200125
q19577;m19577;59656200126
q19578;m19578;59656200127
q19579;m19579;59656200128
q19580;m19580;59656200129
q19581;m19581;59656200130
q19582;m19582;59656200131
q19583;m19583;59656200132
q19584;m19584;59656200133
q19585;m19585;59656200134
q19586;m19586;59656200135
q19587;m19587;59656200136
q19588;m19588;59656200137
q19589;m19589;59656200138
q19590;m19590;59656200139
q19591;m19591;59656200140
q19592;m19592;59656200141
q19593;m19593;59656200142
q19594;m19594;59656200143
q19595;m19595;59656200144
q19596;m19596;59656200145
q19597;m19597;59656200146
q19598;m19598;59656200147
q19599;m19599;59656200148
q19600;m19600;59656200149
q19601;m19601;59656200150
q19602;m19602;59656200151
q19603;m19603;59656200152
q19604;m19604;59656200153
q19605;m19605;59656200154
q19606;m19606;59656200155
q19607;m19607;59656200156
q19608;m19608;59656200157
q19609;m19609;59656200158
q19610;m19610;59656200159
q19611;m19611;59656200160
q19612;m19612;59656200161
q19613;m19613;59656200162
q19614;m19614;59656200163
q19615;m19615;59656200164
q19616;m19616;59656200165
q19617;m19617;59656200166
q19618;m19618;59656200167
q19619;m19619;59656200168
q19620;m19620;59656200169
q19621;m19621;59656200170
q19622;m19622;59656200171
q19623;m19623;59656200172
q19624;m19624;59656200173
q19625;m19625;59656200174
q19626;m19626;59656200175
q19627;m19627;59656200176
q19628;m19628;59656200177
q19629;m19629;59656200178
q19630;m19630;59656200179
q19631;m19631;59656200180
q19632;m19632;59656200181
q19633;m19633;59656200182
q19634;m19634;59656200183
q19635;m19635;59656200184
q19636;m19636;59656200185
q19637;m19637;59656200186
q19638;m19638;59656200187
q19639;m19639;59656200188
q19640;m19640;59656200189
q19641;m19641;59656200190
q19642;m19642;59656200191
q19643;m19643;59656200192
q19644;m19644;59656200193
q19645;m19645;59656200194
q19646;m19646;59656200195
q19647;m19647;59656200196
q19648;m19648;59656200197
q19649;m19649;59656200198
q19650;m19650;59656200199
q19651;m19651;59656200200
q19652;m19652;59656200201
q19653;m19653;59656200202
q19654;m19654;59656200203
q19655;m19655;59656200204
q19656;m19656;59656200205
q19657;m19657;59656200206
q19658;m19658;59656200207
q19659;m19659;59656200208
q19660;m19660;59656200209
q19661;m19661;59656200210
q19662;m19662;59656200211
q19663;m19663;59656200212
q19664;m19664;59656200213
q19665;m19665;59656200214
q19666;m19666;59656200215
q19667;m19667;59656200216
q19668;m19668;59656200217
q19669;m19669;59656200218
q19670;m19670;59656200219
q19671;m19671;59656200220
q19672;m19672;59656200221
q19673;m19673;59656200222
q19674;m19674;59656200223
q19675;m19675;59656200224
q19676;m19676;59656200225
q19677;m19677;59656200226
q19678;m19678;59656200227
q19679;m19679;59656200228
q19680;m19680;59656200229
q19681;m19681;59656200230
q19682;m19682;59656200231
q19683;m19683;59656200232
q19684;m19684;59656200233
q19685;m19685;59656200234
q19686;m19686;59656200235
q19687;m19687;59656200236
q19688;m19688;59656200237
q19689;m19689;59656200238
q19690;m19690;59656200239
q19691;m19691;59656200240
q19692;m19692;59656200241
q19693;m19693;59656200242
q19694;m19694;59656200243
q19695;m19695;59656200244
q19696;m19696;59656200245
q19697;m19697;59656200246
q19698;m19698;59656200247
q19699;m19699;59656200248
q19700;m19700;59656200249
q19701;m19701;59656200250
q19702;m19702;59656200251
q19703;m19703;59656200252
q19704;m19704;59656200253
q19705;m19705;59656200254
q19706;m19706;59656200255
q19707;m19707;59656200256
q19708;m19708;59656200257
q19709;m19709;59656200258
q19710;m19710;59656200259
q19711;m19711;59656200260
q19712;m19712;59656200261
q19713;m19713;59656200262
q19714;m19714;59656200263
q19715;m19715;59656200264
q19716;m19716;59656200265
q19717;m19717;59656200266
q19718;m19718;59656200267
q19719;m19719;59656200268
q19720;m19720;59656200269
q19721;m19721;59656200270
q19722;m19722;59656200271
q19723;m19723;59656200272
q19724;m19724;59656200273
q19725;m19725;59656200274
q19726;m19726;59656200275
q19727;m19727;59656200276
q19728;m19728;59656200277
q19729;m19729;59656200278
q19730;m19730;59656200279
q19731;m19731;59656200280
q19732;m19732;59656200281
q19733;m19733;59656200282
q19734;m19734;59656200283
q19735;m19735;59656200284
q19736;m19736;59656200285
q19737;m19737;59656200286
q19738;m19738;59656200287
q19739;m19739;59656200288
q19740;m19740;59656200289
q19741;m19741;59656200290
q19742;m19742;59656200291
q19743;m19743;59656200292
q19744;m19744;59656200293
q19745;m19745;59656200294
q19746;m19746;59656200295
q19747;m19747;59656200296
q19748;m19748;59656200297
q19749;m19749;59656200298
q19750;m19750;59656200299
q19751;m19751;59656200300
q19752;m19752;59656200301
q19753;m19753;59656200302
q19754;m19754;59656200303
q19755;m19755;59656200304
q19756;m19756;59656200305
q19757;m19757;59656200306
q19758;m19758;59656200307
q19759;m19759;59656200308
q19760;m19760;59656200309
q19761;m19761;59656200310
q19762;m19762;59656200311
q19763;m19763;59656200312
q19764;m19764;59656200313
q19765;m19765;59656200314
q19766;m19766;59656200315
q19767;m19767;59656200316
q19768;m19768;59656200317
q19769;m19769;59656200318
q19770;m19770;59656200319
q19771;m19771;59656200320
q19772;m19772;59656200321
q19773;m19773;59656200322
q19774;m19774;59656200323
q19775;m19775;59656200324
q19776;m19776;59656200325
q19777;m19777;59656200326
q19778;m19778;59656200327
q19779;m19779;59656200328
q19780;m19780;59656200329
q19781;m19781;59656200330
q19782;m19782;59656200331
q19783;m19783;59656200332
q19784;m19784;59656200333
q19785;m19785;59656200334
q19786;m19786;59656200335
q19787;m19787;59656200336
q19788;m19788;59656200337
q19789;m19789;59656200338
q19790;m19790;59656200339
q19791;m19791;59656200340
q19792;m19792;59656200341
q19793;m19793;59656200342
q19794;m19794;59656200343
q19795;m19795;59656200344
q19796;m19796;59656200345
q19797;m19797;59656200346
q19798;m19798;59656200347
q19799;m19799;59656200348
q19800;m19800;59656200349
q19801;m19801;59656200350
q19802;m19802;59656200351
q19803;m19803;59656200352
q19804;m19804;59656200353
q19805;m19805;59656200354
q19806;m19806;59656200355
q19807;m19807;59656200356
q19808;m19808;59656200357
q19809;m19809;59656200358
q19810;m19810;59656200359
q19811;m19811;59656200360
q19812;m19812;59656200361
q19813;m19813;59656200362
q19814;m19814;59656200363
q19815;m19815;59656200364
q19816;m19816;59656200365
q19817;m19817;59656200366
q19818;m19818;59656200367
q19819;m19819;59656200368
q19820;m19820;59656200369
q19821;m19821;59656200370
q19822;m19822;59656200371
q19823;m19823;59656200372
q19824;m19824;59656200373
q19825;m19825;59656200374
q19826;m19826;59656200375
q19827;m19827;59656200376
q19828;m19828;59656200377
q19829;m19829;59656200378
q19830;m19830;59656200379
q19831;m19831;59656200380
q19832;m19832;59656200381
q19833;m19833;59656200382
q19834;m19834;59656200383
q19835;m19835;59656200384
q19836;m19836;59656200385
q19837;m19837;59656200386
q19838;m19838;59656200387
q19839;m19839;59656200388
q19840;m19840;59656200389
q19841;m19841;59656200390
q19842;m19842;59656200391
q19843;m19843;59656200392
q19844;m19844;59656200393
q19845;m19845;59656200394
q19846;m19846;59656200395
q19847;m19847;59656200396
q19848;m19848;59656200397
q19849;m19849;59656200398
q19850;m19850;59656200399
q19851;m19851;59656200400
q19852;m19852;59656200401
q19853;m19853;59656200402
q19854;m19854;59656200403
q19855;m19855;59656200404
q19856;m19856;59656200405
q19857;m19857;59656200406
q19858;m19858;59656200407
q19859;m19859;59656200408
q19860;m19860;59656200409
q19861;m19861;59656200410
q19862;m19862;59656200411
q19863;m19863;59656200412
q19864;m19864;59656200413
q19865;m19865;59656200414
q19866;m19866;59656200415
q19867;m19867;59656200416
q19868;m19868;59656200417
q19869;m19869;59656200418
q19870;m19870;59656200419
q19871;m19871;59656200420
q19872;m19872;59656200421
q19873;m19873;59656200422
q19874;m19874;59656200423
q19875;m19875;59656200424
q19876;m19876;59656200425
q19877;m19877;59656200426
q19878;m19878;59656200427
q19879;m19879;59656200428
q19880;m19880;59656200429
q19881;m19881;59656200430
q19882;m19882;59656200431
q19883;m19883;59656200432
q19884;m19884;59656200433
q19885;m19885;59656200434
q19886;m19886;59656200435
q19887;m19887;59656200436
q19888;m19888;59656200437
q19889;m19889;59656200438
q19890;m19890;59656200439
q19891;m19891;59656200440
q19892;m19892;59656200441
q19893;m19893;59656200442
q19894;m19894;59656200443
q19895;m19895;59656200444
q19896;m19896;59656200445
q19897;m19897;59656200446
q19898;m19898;59656200447
q19899;m19899;59656200448
q19900;m19900;59656200449
q19901;m19901;59656200450
q19902;m19902;59656200451
q19903;m19903;59656200452
q19904;m19904;59656200453
q19905;m19905;59656200454
q19906;m19906;59656200455
q19907;m19907;59656200456
q19908;m19908;59656200457
q19909;m19909;59656200458
q19910;m19910;59656200459
q19911;m19911;59656200460
q19912;m19912;59656200461
q19913;m19913;59656200462
q19914;m19914;59656200463
q19915;m19915;59656200464
q19916;m19916;59656200465
q19917;m19917;59656200466
q19918;m19918;59656200467
q19919;m19919;59656200468
q19920;m19920;59656200469
q19921;m19921;59656200470
q19922;m19922;59656200471
q19923;m19923;59656200472
q19924;m19924;59656200473
q19925;m19925;59656200474
q19926;m19926;59656200475
q19927;m19927;59656200476
q19928;m19928;59656200477
q19929;m19929;59656200478
q19930;m19930;59656200479
q19931;m19931;59656200480
q19932;m19932;59656200481
q19933;m19933;59656200482
q19934;m19934;59656200483
q19935;m19935;59656200484
q19936;m19936;59656200485
q19937;m19937;59656200486
q19938;m19938;59656200487
q19939;m19939;59656200488
q19940;m19940;59656200489
q19941;m19941;59656200490
q19942;m19942;59656200491
q19943;m19943;59656200492
q19944;m19944;59656200493
q19945;m19945;59656200494
q19946;m19946;59656200495
q19947;m19947;59656200496
q19948;m19948;59656200497
q19949;m19949;59656200498
q19950;m19950;59656200499
q19951;m19951;59656200500
q19952;m19952;59656200501
q19953;m19953;59656200502
q19954;m19954;59656200503
q19955;m19955;59656200504
q19956;m19956;59656200505
q19957;m19957;59656200506
q19958;m19958;59656200507
q19959;m19959;59656200508
q19960;m19960;59656200509
q19961;m19961;59656200510
q19962;m19962;59656200511
q19963;m19963;59656200512
q19964;m19964;59656200513
q19965;m19965;59656200514
q19966;m19966;59656200515
q19967;m19967;59656200516
q19968;m19968;59656200517
q19969;m19969;59656200518
q19970;m19970;59656200519
q19971;m19971;59656200520
q19972;m19972;59656200521
q19973;m19973;59656200522
q19974;m19974;59656200523
q19975;m19975;59656200524
q19976;m19976;59656200525
q19977;m19977;59656200526
q19978;m19978;59656200527
q19979;m19979;59656200528
q19980;m19980;59656200529
q19981;m19981;59656200530
q19982;m19982;59656200531
q19983;m19983;59656200532
q19984;m19984;59656200533
q19985;m19985;59656200534
q19986;m19986;59656200535
q19987;m19987;59656200536
q19988;m19988;59656200537
q19989;m19989;59656200538
q19990;m19990;59656200539
q19991;m19991;59656200540
q19992;m19992;59656200541
q19993;m19993;59656200542
q19994;m19994;59656200543
q19995;m19995;59656200544
q19996;m19996;59656200545
q19997;m19997;59656200546
q19998;m19998;59656200547
q19999;m19999;59656200548
q20000;m20000;59656200549
q20001;m20001;59656200550
q20002;m20002;59656200551
q20003;m20003;59656200552
q20004;m20004;59656200553
q20005;m20005;59656200554
q20006;m20006;59656200555
q20007;m20007;59656200556
q20008;m20008;59656200557
q20009;m20009;59656200558
q20010;m20010;59656200559
q20011;m20011;59656200560
q20012;m20012;59656200561
q20013;m20013;59656200562
q20014;m20014;59656200563
q20015;m20015;59656200564
q20016;m20016;59656200565
q20017;m20017;59656200566
q20018;m20018;59656200567
q20019;m20019;59656200568
q20020;m20020;59656200569
q20021;m20021;59656200570
q20022;m20022;59656200571
q20023;m20023;59656200572
q20024;m20024;59656200573
q20025;m20025;59656200574
q20026;m20026;59656200575
q20027;m20027;59656200576
q20028;m20028;59656200577
q20029;m20029;59656200578
q20030;m20030;59656200579
q20031;m20031;59656200580
q20032;m20032;59656200581
q20033;m20033;59656200582
q20034;m20034;59656200583
q20035;m20035;59656200584
q20036;m20036;59656200585
q20037;m20037;59656200586
q20038;m20038;59656200587
q20039;m20039;59656200588
q20040;m20040;59656200589
q20041;m20041;59656200590
q20042;m20042;59656200591
q20043;m20043;59656200592
q20044;m20044;59656200593
q20045;m20045;59656200594
q20046;m20046;59656200595
q20047;m20047;59656200596
q20048;m20048;59656200597
q20049;m20049;59656200598
q20050;m20050;59656200599
q20051;m20051;59656200600
q20052;m20052;59656200601
q20053;m20053;59656200602
q20054;m20054;59656200603
q20055;m20055;59656200604
q20056;m20056;59656200605
q20057;m20057;59656200606
q20058;m20058;59656200607
q20059;m20059;59656200608
q20060;m20060;59656200609
q20061;m20061;59656200610
q20062;m20062;59656200611
q20063;m20063;59656200612
q20064;m20064;59656200613
q20065;m20065;59656200614
q20066;m20066;59656200615
q20067;m20067;59656200616
q20068;m20068;59656200617
q20069;m20069;59656200618
q20070;m20070;59656200619
q20071;m20071;59656200620
q20072;m20072;59656200621
q20073;m20073;59656200622
q20074;m20074;59656200623
q20075;m20075;59656200624
q20076;m20076;59656200625
q20077;m20077;59656200626
q20078;m20078;59656200627
q20079;m20079;59656200628
q20080;m20080;59656200629
q20081;m20081;59656200630
q20082;m20082;59656200631
q20083;m20083;59656200632
q20084;m20084;59656200633
q20085;m20085;59656200634
q20086;m20086;59656200635
q20087;m20087;59656200636
q20088;m20088;59656200637
q20089;m20089;59656200638
q20090;m20090;59656200639
q20091;m20091;59656200640
q20092;m20092;59656200641
q20093;m20093;59656200642
q20094;m20094;59656200643
q20095;m20095;59656200644
q20096;m20096;59656200645
q20097;m20097;59656200646
q20098;m20098;59656200647
q20099;m20099;59656200648
q20100;m20100;59656200649
q20101;m20101;59656200650
q20102;m20102;59656200651
q20103;m20103;59656200652
q20104;m20104;59656200653
q20105;m20105;59656200654
q20106;m20106;59656200655
q20107;m20107;59656200656
q20108;m20108;59656200657
q20109;m20109;59656200658
q20110;m20110;59656200659
q20111;m20111;59656200660
q20112;m20112;59656200661
q20113;m20113;59656200662
q20114;m20114;59656200663
q20115;m20115;59656200664
q20116;m20116;59656200665
q20117;m20117;59656200666
q20118;m20118;59656200667
q20119;m20119;59656200668
q20120;m20120;59656200669
q20121;m20121;59656200670
q20122;m20122;59656200671
q20123;m20123;59656200672
q20124;m20124;59656200673
q20125;m20125;59656200674
q20126;m20126;59656200675
q20127;m20127;59656200676
q20128;m20128;59656200677
q20129;m20129;59656200678
q20130;m20130;59656200679
q20131;m20131;59656200680
q20132;m20132;59656200681
q20133;m20133;59656200682
q20134;m20134;59656200683
q20135;m20135;59656200684
q20136;m20136;59656200685
q20137;m20137;59656200686
q20138;m20138;59656200687
q20139;m20139;59656200688
q20140;m20140;59656200689
q20141;m20141;59656200690
q20142;m20142;59656200691
q20143;m20143;59656200692
q20144;m20144;59656200693
q20145;m20145;59656200694
q20146;m20146;59656200695
q20147;m20147;59656200696
q20148;m20148;59656200697
q20149;m20149;59656200698
q20150;m20150;59656200699
q20151;m20151;59656200700
q20152;m20152;59656200701
q20153;m20153;59656200702
q20154;m20154;59656200703
q20155;m20155;59656200704
q20156;m20156;59656200705
q20157;m20157;59656200706
q20158;m20158;59656200707
q20159;m20159;59656200708
q20160;m20160;59656200709
q20161;m20161;59656200710
q20162;m20162;59656200711
q20163;m20163;59656200712
q20164;m20164;59656200713
q20165;m20165;59656200714
q20166;m20166;59656200715
q20167;m20167;59656200716
q20168;m20168;59656200717
q20169;m20169;59656200718
q20170;m20170;59656200719
q20171;m20171;59656200720
q20172;m20172;59656200721
q20173;m20173;59656200722
q20174;m20174;59656200723
q20175;m20175;59656200724
q20176;m20176;59656200725
q20177;m20177;59656200726
q20178;m20178;59656200727
q20179;m20179;59656200728
q20180;m20180;59656200729
q20181;m20181;59656200730
q20182;m20182;59656200731
q20183;m20183;59656200732
q20184;m20184;59656200733
q20185;m20185;59656200734
q20186;m20186;59656200735
q20187;m20187;59656200736
q20188;m20188;59656200737
q20189;m20189;59656200738
q20190;m20190;59656200739
q20191;m20191;59656200740
q20192;m20192;59656200741
q20193;m20193;59656200742
q20194;m20194;59656200743
q20195;m20195;59656200744
q20196;m20196;59656200745
q20197;m20197;59656200746
q20198;m20198;59656200747
q20199;m20199;59656200748
q20200;m20200;59656200749
q20201;m20201;59656200750
q20202;m20202;59656200751
q20203;m20203;59656200752
q20204;m20204;59656200753
q20205;m20205;59656200754
q20206;m20206;59656200755
q20207;m20207;59656200756
q20208;m20208;59656200757
q20209;m20209;59656200758
q20210;m20210;59656200759
q20211;m20211;59656200760
q20212;m20212;59656200761
q20213;m20213;59656200762
q20214;m20214;59656200763
q20215;m20215;59656200764
q20216;m20216;59656200765
q20217;m20217;59656200766
q20218;m20218;59656200767
q20219;m20219;59656200768
q20220;m20220;59656200769
q20221;m20221;59656200770
q20222;m20222;59656200771
q20223;m20223;59656200772
q20224;m20224;59656200773
q20225;m20225;59656200774
q20226;m20226;59656200775
q20227;m20227;59656200776
q20228;m20228;59656200777
q20229;m20229;59656200778
q20230;m20230;59656200779
q20231;m20231;59656200780
q20232;m20232;59656200781
q20233;m20233;59656200782
q20234;m20234;59656200783
q20235;m20235;59656200784
q20236;m20236;59656200785
q20237;m20237;59656200786
q20238;m20238;59656200787
q20239;m20239;59656200788
q20240;m20240;59656200789
q20241;m20241;59656200790
q20242;m20242;59656200791
q20243;m20243;59656200792
q20244;m20244;59656200793
q20245;m20245;59656200794
q20246;m20246;59656200795
q20247;m20247;59656200796
q20248;m20248;59656200797
q20249;m20249;59656200798
q20250;m20250;59656200799
q20251;m20251;59656200800
q20252;m20252;59656200801
q20253;m20253;59656200802
q20254;m20254;59656200803
q20255;m20255;59656200804
q20256;m20256;59656200805
q20257;m20257;59656200806
q20258;m20258;59656200807
q20259;m20259;59656200808
q20260;m20260;59656200809
q20261;m20261;59656200810
q20262;m20262;59656200811
q20263;m20263;59656200812
q20264;m20264;59656200813
q20265;m20265;59656200814
q20266;m20266;59656200815
q20267;m20267;59656200816
q20268;m20268;59656200817
q20269;m20269;59656200818
q20270;m20270;59656200819
q20271;m20271;59656200820
q20272;m20272;59656200821
q20273;m20273;59656200822
q20274;m20274;59656200823
q20275;m20275;59656200824
q20276;m20276;59656200825
q20277;m20277;59656200826
q20278;m20278;59656200827
q20279;m20279;59656200828
q20280;m20280;59656200829
q20281;m20281;59656200830
q20282;m20282;59656200831
q20283;m20283;59656200832
q20284;m20284;59656200833
q20285;m20285;59656200834
q20286;m20286;59656200835
q20287;m20287;59656200836
q20288;m20288;59656200837
q20289;m20289;59656200838
q20290;m20290;59656200839
q20291;m20291;59656200840
q20292;m20292;59656200841
q20293;m20293;59656200842
q20294;m20294;59656200843
q20295;m20295;59656200844
q20296;m20296;59656200845
q20297;m20297;59656200846
q20298;m20298;59656200847
q20299;m20299;59656200848
q20300;m20300;59656200849
q20301;m20301;59656200850
q20302;m20302;59656200851
q20303;m20303;59656200852
q20304;m20304;59656200853
q20305;m20305;59656200854
q20306;m20306;59656200855
q20307;m20307;59656200856
q20308;m20308;59656200857
q20309;m20309;59656200858
q20310;m20310;59656200859
q20311;m20311;59656200860
q20312;m20312;59656200861
q20313;m20313;59656200862
q20314;m20314;59656200863
q20315;m20315;59656200864
q20316;m20316;59656200865
q20317;m20317;59656200866
q20318;m20318;59656200867
q20319;m20319;59656200868
q20320;m20320;59656200869
q20321;m20321;59656200870
q20322;m20322;59656200871
q20323;m20323;59656200872
q20324;m20324;59656200873
q20325;m20325;59656200874
q20326;m20326;59656200875
q20327;m20327;59656200876
q20328;m20328;59656200877
q20329;m20329;59656200878
q20330;m20330;59656200879
q20331;m20331;59656200880
q20332;m20332;59656200881
q20333;m20333;59656200882
q20334;m20334;59656200883
q20335;m20335;59656200884
q20336;m20336;59656200885
q20337;m20337;59656200886
q20338;m20338;59656200887
q20339;m20339;59656200888
q20340;m20340;59656200889
q20341;m20341;59656200890
q20342;m20342;59656200891
q20343;m20343;59656200892
q20344;m20344;59656200893
q20345;m20345;59656200894
q20346;m20346;59656200895
q20347;m20347;59656200896
q20348;m20348;59656200897
q20349;m20349;59656200898
q20350;m20350;59656200899
q20351;m20351;59656200900
q20352;m20352;59656200901
q20353;m20353;59656200902
q20354;m20354;59656200903
q20355;m20355;59656200904
q20356;m20356;59656200905
q20357;m20357;59656200906
q20358;m20358;59656200907
q20359;m20359;59656200908
q20360;m20360;59656200909
q20361;m20361;59656200910
q20362;m20362;59656200911
q20363;m20363;59656200912
q20364;m20364;59656200913
q20365;m20365;59656200914
q20366;m20366;59656200915
q20367;m20367;59656200916
q20368;m20368;59656200917
q20369;m20369;59656200918
q20370;m20370;59656200919
q20371;m20371;59656200920
q20372;m20372;59656200921
q20373;m20373;59656200922
q20374;m20374;59656200923
q20375;m20375;59656200924
q20376;m20376;59656200925
q20377;m20377;59656200926
q20378;m20378;59656200927
q20379;m20379;59656200928
q20380;m20380;59656200929
q20381;m20381;59656200930
q20382;m20382;59656200931
q20383;m20383;59656200932
q20384;m20384;59656200933
q20385;m20385;59656200934
q20386;m20386;59656200935
q20387;m20387;59656200936
q20388;m20388;59656200937
q20389;m20389;59656200938
q20390;m20390;59656200939
q20391;m20391;59656200940
q20392;m20392;59656200941
q20393;m20393;59656200942
q20394;m20394;59656200943
q20395;m20395;59656200944
q20396;m20396;59656200945
q20397;m20397;59656200946
q20398;m20398;59656200947
q20399;m20399;59656200948
q20400;m20400;59656200949
q20401;m20401;59656200950
q20402;m20402;59656200951
q20403;m20403;59656200952
q20404;m20404;59656200953
q20405;m20405;59656200954
q20406;m20406;59656200955
q20407;m20407;59656200956
q20408;m20408;59656200957
q20409;m20409;59656200958
q20410;m20410;59656200959
q20411;m20411;59656200960
q20412;m20412;59656200961
q20413;m20413;59656200962
q20414;m20414;59656200963
q20415;m20415;59656200964
q20416;m20416;59656200965
q20417;m20417;59656200966
q20418;m20418;59656200967
q20419;m20419;59656200968
q20420;m20420;59656200969
q20421;m20421;59656200970
q20422;m20422;59656200971
q20423;m20423;59656200972
q20424;m20424;59656200973
q20425;m20425;59656200974
q20426;m20426;59656200975
q20427;m20427;59656200976
q20428;m20428;59656200977
q20429;m20429;59656200978
q20430;m20430;59656200979
q20431;m20431;59656200980
q20432;m20432;59656200981
q20433;m20433;59656200982
q20434;m20434;59656200983
q20435;m20435;59656200984
q20436;m20436;59656200985
q20437;m20437;59656200986
q20438;m20438;59656200987
q20439;m20439;59656200988
q20440;m20440;59656200989
q20441;m20441;59656200990
q20442;m20442;59656200991
q20443;m20443;59656200992
q20444;m20444;59656200993
q20445;m20445;59656200994
q20446;m20446;59656200995
q20447;m20447;59656200996
q20448;m20448;59656200997
q20449;m20449;59656200998
q20450;m20450;59656200999
q20451;m20451;59656201000
q20452;m20452;59656201001
q20453;m20453;59656201002
q20454;m20454;59656201003
q20455;m20455;59656201004
q20456;m20456;59656201005
q20457;m20457;59656201006
q20458;m20458;59656201007
q20459;m20459;59656201008
q20460;m20460;59656201009
q20461;m20461;59656201010
q20462;m20462;59656201011
q20463;m20463;59656201012
q20464;m20464;59656201013
q20465;m20465;59656201014
q20466;m20466;59656201015
q20467;m20467;59656201016
q20468;m20468;59656201017
q20469;m20469;59656201018
q20470;m20470;59656201019
q20471;m20471;59656201020
q20472;m20472;59656201021
q20473;m20473;59656201022
q20474;m20474;59656201023
q20475;m20475;59656201024
q20476;m20476;59656201025
q20477;m20477;59656201026
q20478;m20478;59656201027
q20479;m20479;59656201028
q20480;m20480;59656201029
q20481;m20481;59656201030
q20482;m20482;59656201031
q20483;m20483;59656201032
q20484;m20484;59656201033
q20485;m20485;59656201034
q20486;m20486;59656201035
q20487;m20487;59656201036
q20488;m20488;59656201037
q20489;m20489;59656201038
q20490;m20490;59656201039
q20491;m20491;59656201040
q20492;m20492;59656201041
q20493;m20493;59656201042
q20494;m20494;59656201043
q20495;m20495;59656201044
q20496;m20496;59656201045
q20497;m20497;59656201046
q20498;m20498;59656201047
q20499;m20499;59656201048
q20500;m20500;59656201049
q20501;m20501;59656201050
q20502;m20502;59656201051
q20503;m20503;59656201052
q20504;m20504;59656201053
q20505;m20505;59656201054
q20506;m20506;59656201055
q20507;m20507;59656201056
q20508;m20508;59656201057
q20509;m20509;59656201058
q20510;m20510;59656201059
q20511;m20511;59656201060
q20512;m20512;59656201061
q20513;m20513;59656201062
q20514;m20514;59656201063
q20515;m20515;59656201064
q20516;m20516;59656201065
q20517;m20517;59656201066
q20518;m20518;59656201067
q20519;m20519;59656201068
q20520;m20520;59656201069
q20521;m20521;59656201070
q20522;m20522;59656201071
q20523;m20523;59656201072
q20524;m20524;59656201073
q20525;m20525;59656201074
q20526;m20526;59656201075
q20527;m20527;59656201076
q20528;m20528;59656201077
q20529;m20529;59656201078
q20530;m20530;59656201079
q20531;m20531;59656201080
q20532;m20532;59656201081
q20533;m20533;59656201082
q20534;m20534;59656201083
q20535;m20535;59656201084
q20536;m20536;59656201085
q20537;m20537;59656201086
q20538;m20538;59656201087
q20539;m20539;59656201088
q20540;m20540;59656201089
q20541;m20541;59656201090
q20542;m20542;59656201091
q20543;m20543;59656201092
q20544;m20544;59656201093
q20545;m20545;59656201094
q20546;m20546;59656201095
q20547;m20547;59656201096
q20548;m20548;59656201097
q20549;m20549;59656201098
q20550;m20550;59656201099
q20551;m20551;59656201100
q20552;m20552;59656201101
q20553;m20553;59656201102
q20554;m20554;59656201103
q20555;m20555;59656201104
q20556;m20556;59656201105
q20557;m20557;59656201106
q20558;m20558;59656201107
q20559;m20559;59656201108
q20560;m20560;59656201109
q20561;m20561;59656201110
q20562;m20562;59656201111
q20563;m20563;59656201112
q20564;m20564;59656201113
q20565;m20565;59656201114
q20566;m20566;59656201115
q20567;m20567;59656201116
q20568;m20568;59656201117
q20569;m20569;59656201118
q20570;m20570;59656201119
q20571;m20571;59656201120
q20572;m20572;59656201121
q20573;m20573;59656201122
q20574;m20574;59656201123
q20575;m20575;59656201124
q20576;m20576;59656201125
q20577;m20577;59656201126
q20578;m20578;59656201127
q20579;m20579;59656201128
q20580;m20580;59656201129
q20581;m20581;59656201130
q20582;m20582;59656201131
q20583;m20583;59656201132
q20584;m20584;59656201133
q20585;m20585;59656201134
q20586;m20586;59656201135
q20587;m20587;59656201136
q20588;m20588;59656201137
q20589;m20589;59656201138
q20590;m20590;59656201139
q20591;m20591;59656201140
q20592;m20592;59656201141
q20593;m20593;59656201142
q20594;m20594;59656201143
q20595;m20595;59656201144
q20596;m20596;59656201145
q20597;m20597;59656201146
q20598;m20598;59656201147
q20599;m20599;59656201148
q20600;m20600;59656201149
q20601;m20601;59656201150
q20602;m20602;59656201151
q20603;m20603;59656201152
q20604;m20604;59656201153
q20605;m20605;59656201154
q20606;m20606;59656201155
q20607;m20607;59656201156
q20608;m20608;59656201157
q20609;m20609;59656201158
q20610;m20610;59656201159
q20611;m20611;59656201160
q20612;m20612;59656201161
q20613;m20613;59656201162
q20614;m20614;59656201163
q20615;m20615;59656201164
q20616;m20616;59656201165
q20617;m20617;59656201166
q20618;m20618;59656201167
q20619;m20619;59656201168
q20620;m20620;59656201169
q20621;m20621;59656201170
q20622;m20622;59656201171
q20623;m20623;59656201172
q20624;m20624;59656201173
q20625;m20625;59656201174
q20626;m20626;59656201175
q20627;m20627;59656201176
q20628;m20628;59656201177
q20629;m20629;59656201178
q20630;m20630;59656201179
q20631;m20631;59656201180
q20632;m20632;59656201181
q20633;m20633;59656201182
q20634;m20634;59656201183
q20635;m20635;59656201184
q20636;m20636;59656201185
q20637;m20637;59656201186
q20638;m20638;59656201187
q20639;m20639;59656201188
q20640;m20640;59656201189
q20641;m20641;59656201190
q20642;m20642;59656201191
q20643;m20643;59656201192
q20644;m20644;59656201193
q20645;m20645;59656201194
q20646;m20646;59656201195
q20647;m20647;59656201196
q20648;m20648;59656201197
q20649;m20649;59656201198
q20650;m20650;59656201199
q20651;m20651;59656201200
q20652;m20652;59656201201
q20653;m20653;59656201202
q20654;m20654;59656201203
q20655;m20655;59656201204
q20656;m20656;59656201205
q20657;m20657;59656201206
q20658;m20658;59656201207
q20659;m20659;59656201208
q20660;m20660;59656201209
q20661;m20661;59656201210
q20662;m20662;59656201211
q20663;m20663;59656201212
q20664;m20664;59656201213
q20665;m20665;59656201214
q20666;m20666;59656201215
q20667;m20667;59656201216
q20668;m20668;59656201217
q20669;m20669;59656201218
q20670;m20670;59656201219
q20671;m20671;59656201220
q20672;m20672;59656201221
q20673;m20673;59656201222
q20674;m20674;59656201223
q20675;m20675;59656201224
q20676;m20676;59656201225
q20677;m20677;59656201226
q20678;m20678;59656201227
q20679;m20679;59656201228
q20680;m20680;59656201229
q20681;m20681;59656201230
q20682;m20682;59656201231
q20683;m20683;59656201232
q20684;m20684;59656201233
q20685;m20685;59656201234
q20686;m20686;59656201235
q20687;m20687;59656201236
q20688;m20688;59656201237
q20689;m20689;59656201238
q20690;m20690;59656201239
q20691;m20691;59656201240
q20692;m20692;59656201241
q20693;m20693;59656201242
q20694;m20694;59656201243
q20695;m20695;59656201244
q20696;m20696;59656201245
q20697;m20697;59656201246
q20698;m20698;59656201247
q20699;m20699;59656201248
q20700;m20700;59656201249
q20701;m20701;59656201250
q20702;m20702;59656201251
q20703;m20703;59656201252
q20704;m20704;59656201253
q20705;m20705;59656201254
q20706;m20706;59656201255
q20707;m20707;59656201256
q20708;m20708;59656201257
q20709;m20709;59656201258
q20710;m20710;59656201259
q20711;m20711;59656201260
q20712;m20712;59656201261
q20713;m20713;59656201262
q20714;m20714;59656201263
q20715;m20715;59656201264
q20716;m20716;59656201265
q20717;m20717;59656201266
q20718;m20718;59656201267
q20719;m20719;59656201268
q20720;m20720;59656201269
q20721;m20721;59656201270
q20722;m20722;59656201271
q20723;m20723;59656201272
q20724;m20724;59656201273
q20725;m20725;59656201274
q20726;m20726;59656201275
q20727;m20727;59656201276
q20728;m20728;59656201277
q20729;m20729;59656201278
q20730;m20730;59656201279
q20731;m20731;59656201280
q20732;m20732;59656201281
q20733;m20733;59656201282
q20734;m20734;59656201283
q20735;m20735;59656201284
q20736;m20736;59656201285
q20737;m20737;59656201286
q20738;m20738;59656201287
q20739;m20739;59656201288
q20740;m20740;59656201289
q20741;m20741;59656201290
q20742;m20742;59656201291
q20743;m20743;59656201292
q20744;m20744;59656201293
q20745;m20745;59656201294
q20746;m20746;59656201295
q20747;m20747;59656201296
q20748;m20748;59656201297
q20749;m20749;59656201298
q20750;m20750;59656201299
q20751;m20751;59656201300
q20752;m20752;59656201301
q20753;m20753;59656201302
q20754;m20754;59656201303
q20755;m20755;59656201304
q20756;m20756;59656201305
q20757;m20757;59656201306
q20758;m20758;59656201307
q20759;m20759;59656201308
q20760;m20760;59656201309
q20761;m20761;59656201310
q20762;m20762;59656201311
q20763;m20763;59656201312
q20764;m20764;59656201313
q20765;m20765;59656201314
q20766;m20766;59656201315
q20767;m20767;59656201316
q20768;m20768;59656201317
q20769;m20769;59656201318
q20770;m20770;59656201319
q20771;m20771;59656201320
q20772;m20772;59656201321
q20773;m20773;59656201322
q20774;m20774;59656201323
q20775;m20775;59656201324
q20776;m20776;59656201325
q20777;m20777;59656201326
q20778;m20778;59656201327
q20779;m20779;59656201328
q20780;m20780;59656201329
q20781;m20781;59656201330
q20782;m20782;59656201331
q20783;m20783;59656201332
q20784;m20784;59656201333
q20785;m20785;59656201334
q20786;m20786;59656201335
q20787;m20787;59656201336
q20788;m20788;59656201337
q20789;m20789;59656201338
q20790;m20790;59656201339
q20791;m20791;59656201340
q20792;m20792;59656201341
q20793;m20793;59656201342
q20794;m20794;59656201343
q20795;m20795;59656201344
q20796;m20796;59656201345
q20797;m20797;59656201346
q20798;m20798;59656201347
q20799;m20799;59656201348
q20800;m20800;59656201349
q20801;m20801;59656201350
q20802;m20802;59656201351
q20803;m20803;59656201352
q20804;m20804;59656201353
q20805;m20805;59656201354
q20806;m20806;59656201355
q20807;m20807;59656201356
q20808;m20808;59656201357
q20809;m20809;59656201358
q20810;m20810;59656201359
q20811;m20811;59656201360
q20812;m20812;59656201361
q20813;m20813;59656201362
q20814;m20814;59656201363
q20815;m20815;59656201364
q20816;m20816;59656201365
q20817;m20817;59656201366
q20818;m20818;59656201367
q20819;m20819;59656201368
q20820;m20820;59656201369
q20821;m20821;59656201370
q20822;m20822;59656201371
q20823;m20823;59656201372
q20824;m20824;59656201373
q20825;m20825;59656201374
q20826;m20826;59656201375
q20827;m20827;59656201376
q20828;m20828;59656201377
q20829;m20829;59656201378
q20830;m20830;59656201379
q20831;m20831;59656201380
q20832;m20832;59656201381
q20833;m20833;59656201382
q20834;m20834;59656201383
q20835;m20835;59656201384
q20836;m20836;59656201385
q20837;m20837;59656201386
q20838;m20838;59656201387
q20839;m20839;59656201388
q20840;m20840;59656201389
q20841;m20841;59656201390
q20842;m20842;59656201391
q20843;m20843;59656201392
q20844;m20844;59656201393
q20845;m20845;59656201394
q20846;m20846;59656201395
q20847;m20847;59656201396
q20848;m20848;59656201397
q20849;m20849;59656201398
q20850;m20850;59656201399
q20851;m20851;59656201400
q20852;m20852;59656201401
q20853;m20853;59656201402
q20854;m20854;59656201403
q20855;m20855;59656201404
q20856;m20856;59656201405
q20857;m20857;59656201406
q20858;m20858;59656201407
q20859;m20859;59656201408
q20860;m20860;59656201409
q20861;m20861;59656201410
q20862;m20862;59656201411
q20863;m20863;59656201412
q20864;m20864;59656201413
q20865;m20865;59656201414
q20866;m20866;59656201415
q20867;m20867;59656201416
q20868;m20868;59656201417
q20869;m20869;59656201418
q20870;m20870;59656201419
q20871;m20871;59656201420
q20872;m20872;59656201421
q20873;m20873;59656201422
q20874;m20874;59656201423
q20875;m20875;59656201424
q20876;m20876;59656201425
q20877;m20877;59656201426
q20878;m20878;59656201427
q20879;m20879;59656201428
q20880;m20880;59656201429
q20881;m20881;59656201430
q20882;m20882;59656201431
q20883;m20883;59656201432
q20884;m20884;59656201433
q20885;m20885;59656201434
q20886;m20886;59656201435
q20887;m20887;59656201436
q20888;m20888;59656201437
q20889;m20889;59656201438
q20890;m20890;59656201439
q20891;m20891;59656201440
q20892;m20892;59656201441
q20893;m20893;59656201442
q20894;m20894;59656201443
q20895;m20895;59656201444
q20896;m20896;59656201445
q20897;m20897;59656201446
q20898;m20898;59656201447
q20899;m20899;59656201448
q20900;m20900;59656201449
q20901;m20901;59656201450
q20902;m20902;59656201451
q20903;m20903;59656201452
q20904;m20904;59656201453
q20905;m20905;59656201454
q20906;m20906;59656201455
q20907;m20907;59656201456
q20908;m20908;59656201457
q20909;m20909;59656201458
q20910;m20910;59656201459
q20911;m20911;59656201460
q20912;m20912;59656201461
q20913;m20913;59656201462
q20914;m20914;59656201463
q20915;m20915;59656201464
q20916;m20916;59656201465
q20917;m20917;59656201466
q20918;m20918;59656201467
q20919;m20919;59656201468
q20920;m20920;59656201469
q20921;m20921;59656201470
q20922;m20922;59656201471
q20923;m20923;59656201472
q20924;m20924;59656201473
q20925;m20925;59656201474
q20926;m20926;59656201475
q20927;m20927;59656201476
q20928;m20928;59656201477
q20929;m20929;59656201478
q20930;m20930;59656201479
q20931;m20931;59656201480
q20932;m20932;59656201481
q20933;m20933;59656201482
q20934;m20934;59656201483
q20935;m20935;59656201484
q20936;m20936;59656201485
q20937;m20937;59656201486
q20938;m20938;59656201487
q20939;m20939;59656201488
q20940;m20940;59656201489
q20941;m20941;59656201490
q20942;m20942;59656201491
q20943;m20943;59656201492
q20944;m20944;59656201493
q20945;m20945;59656201494
q20946;m20946;59656201495
q20947;m20947;59656201496
q20948;m20948;59656201497
