cashTranNo;amount;portfolioRefCode
160000;10000000;nt1
160001;10000000;nt2
160002;10000000;nt3
160003;10000000;nt4
160004;10000000;nt5
160005;10000000;nt6
160006;10000000;nt7
160007;10000000;nt8
160008;10000000;nt9
160009;10000000;nt10
160010;10000000;nt11
160011;10000000;nt12
160012;10000000;nt13
160013;10000000;nt14
160014;10000000;nt15
160015;10000000;nt16
160016;10000000;nt17
160017;10000000;nt18
160018;10000000;nt19
160019;10000000;nt20
160020;10000000;nt21
160021;10000000;nt22
160022;10000000;nt23
160023;10000000;nt24
160024;10000000;nt25
160025;10000000;nt26
160026;10000000;nt27
160027;10000000;nt28
160028;10000000;nt29
160029;10000000;nt30
160030;10000000;nt31
160031;10000000;nt32
160032;10000000;nt33
160033;10000000;nt34
160034;10000000;nt35
160035;10000000;nt36
160036;10000000;nt37
160037;10000000;nt38
160038;10000000;nt39
160039;10000000;nt40
160040;10000000;nt41
160041;10000000;nt42
160042;10000000;nt43
160043;10000000;nt44
160044;10000000;nt45
160045;10000000;nt46
160046;10000000;nt47
160047;10000000;nt48
160048;10000000;nt49
160049;10000000;nt50
160050;10000000;nt51
160051;10000000;nt52
160052;10000000;nt53
160053;10000000;nt54
160054;10000000;nt55
160055;10000000;nt56
160056;10000000;nt57
160057;10000000;nt58
160058;10000000;nt59
160059;10000000;nt60
160060;10000000;nt61
160061;10000000;nt62
160062;10000000;nt63
160063;10000000;nt64
160064;10000000;nt65
160065;10000000;nt66
160066;10000000;nt67
160067;10000000;nt68
160068;10000000;nt69
160069;10000000;nt70
160070;10000000;nt71
160071;10000000;nt72
160072;10000000;nt73
160073;10000000;nt74
160074;10000000;nt75
160075;10000000;nt76
160076;10000000;nt77
160077;10000000;nt78
160078;10000000;nt79
160079;10000000;nt80
160080;10000000;nt81
160081;10000000;nt82
160082;10000000;nt83
160083;10000000;nt84
160084;10000000;nt85
160085;10000000;nt86
160086;10000000;nt87
160087;10000000;nt88
160088;10000000;nt89
160089;10000000;nt90
160090;10000000;nt91
160091;10000000;nt92
160092;10000000;nt93
160093;10000000;nt94
160094;10000000;nt95
160095;10000000;nt96
160096;10000000;nt97
160097;10000000;nt98
160098;10000000;nt99
160099;10000000;nt100
160100;10000000;nt101
160101;10000000;nt102
160102;10000000;nt103
160103;10000000;nt104
160104;10000000;nt105
160105;10000000;nt106
160106;10000000;nt107
160107;10000000;nt108
160108;10000000;nt109
160109;10000000;nt110
160110;10000000;nt111
160111;10000000;nt112
160112;10000000;nt113
160113;10000000;nt114
160114;10000000;nt115
160115;10000000;nt116
160116;10000000;nt117
160117;10000000;nt118
160118;10000000;nt119
160119;10000000;nt120
160120;10000000;nt121
160121;10000000;nt122
160122;10000000;nt123
160123;10000000;nt124
160124;10000000;nt125
160125;10000000;nt126
160126;10000000;nt127
160127;10000000;nt128
160128;10000000;nt129
160129;10000000;nt130
160130;10000000;nt131
160131;10000000;nt132
160132;10000000;nt133
160133;10000000;nt134
160134;10000000;nt135
160135;10000000;nt136
160136;10000000;nt137
160137;10000000;nt138
160138;10000000;nt139
160139;10000000;nt140
160140;10000000;nt141
160141;10000000;nt142
160142;10000000;nt143
160143;10000000;nt144
160144;10000000;nt145
160145;10000000;nt146
160146;10000000;nt147
160147;10000000;nt148
160148;10000000;nt149
160149;10000000;nt150
160150;10000000;nt151
160151;10000000;nt152
160152;10000000;nt153
160153;10000000;nt154
160154;10000000;nt155
160155;10000000;nt156
160156;10000000;nt157
160157;10000000;nt158
160158;10000000;nt159
160159;10000000;nt160
160160;10000000;nt161
160161;10000000;nt162
160162;10000000;nt163
160163;10000000;nt164
160164;10000000;nt165
160165;10000000;nt166
160166;10000000;nt167
160167;10000000;nt168
160168;10000000;nt169
160169;10000000;nt170
160170;10000000;nt171
160171;10000000;nt172
160172;10000000;nt173
160173;10000000;nt174
160174;10000000;nt175
160175;10000000;nt176
160176;10000000;nt177
160177;10000000;nt178
160178;10000000;nt179
160179;10000000;nt180
160180;10000000;nt181
160181;10000000;nt182
160182;10000000;nt183
160183;10000000;nt184
160184;10000000;nt185
160185;10000000;nt186
160186;10000000;nt187
160187;10000000;nt188
160188;10000000;nt189
160189;10000000;nt190
160190;10000000;nt191
160191;10000000;nt192
160192;10000000;nt193
160193;10000000;nt194
160194;10000000;nt195
160195;10000000;nt196
160196;10000000;nt197
160197;10000000;nt198
160198;10000000;nt199
160199;10000000;nt200
160200;10000000;nt201
160201;10000000;nt202
160202;10000000;nt203
160203;10000000;nt204
160204;10000000;nt205
160205;10000000;nt206
160206;10000000;nt207
160207;10000000;nt208
160208;10000000;nt209
160209;10000000;nt210
160210;10000000;nt211
160211;10000000;nt212
160212;10000000;nt213
160213;10000000;nt214
160214;10000000;nt215
160215;10000000;nt216
160216;10000000;nt217
160217;10000000;nt218
160218;10000000;nt219
160219;10000000;nt220
160220;10000000;nt221
160221;10000000;nt222
160222;10000000;nt223
160223;10000000;nt224
160224;10000000;nt225
160225;10000000;nt226
160226;10000000;nt227
160227;10000000;nt228
160228;10000000;nt229
160229;10000000;nt230
160230;10000000;nt231
160231;10000000;nt232
160232;10000000;nt233
160233;10000000;nt234
160234;10000000;nt235
160235;10000000;nt236
160236;10000000;nt237
160237;10000000;nt238
160238;10000000;nt239
160239;10000000;nt240
160240;10000000;nt241
160241;10000000;nt242
160242;10000000;nt243
160243;10000000;nt244
160244;10000000;nt245
160245;10000000;nt246
160246;10000000;nt247
160247;10000000;nt248
160248;10000000;nt249
160249;10000000;nt250
160250;10000000;nt251
160251;10000000;nt252
160252;10000000;nt253
160253;10000000;nt254
160254;10000000;nt255
160255;10000000;nt256
160256;10000000;nt257
160257;10000000;nt258
160258;10000000;nt259
160259;10000000;nt260
160260;10000000;nt261
160261;10000000;nt262
160262;10000000;nt263
160263;10000000;nt264
160264;10000000;nt265
160265;10000000;nt266
160266;10000000;nt267
160267;10000000;nt268
160268;10000000;nt269
160269;10000000;nt270
160270;10000000;nt271
160271;10000000;nt272
160272;10000000;nt273
160273;10000000;nt274
160274;10000000;nt275
160275;10000000;nt276
160276;10000000;nt277
160277;10000000;nt278
160278;10000000;nt279
160279;10000000;nt280
160280;10000000;nt281
160281;10000000;nt282
160282;10000000;nt283
160283;10000000;nt284
160284;10000000;nt285
160285;10000000;nt286
160286;10000000;nt287
160287;10000000;nt288
160288;10000000;nt289
160289;10000000;nt290
160290;10000000;nt291
160291;10000000;nt292
160292;10000000;nt293
160293;10000000;nt294
160294;10000000;nt295
160295;10000000;nt296
160296;10000000;nt297
160297;10000000;nt298
160298;10000000;nt299
160299;10000000;nt300
160300;10000000;nt301
160301;10000000;nt302
160302;10000000;nt303
160303;10000000;nt304
160304;10000000;nt305
160305;10000000;nt306
160306;10000000;nt307
160307;10000000;nt308
160308;10000000;nt309
160309;10000000;nt310
160310;10000000;nt311
160311;10000000;nt312
160312;10000000;nt313
160313;10000000;nt314
160314;10000000;nt315
160315;10000000;nt316
160316;10000000;nt317
160317;10000000;nt318
160318;10000000;nt319
160319;10000000;nt320
160320;10000000;nt321
160321;10000000;nt322
160322;10000000;nt323
160323;10000000;nt324
160324;10000000;nt325
160325;10000000;nt326
160326;10000000;nt327
160327;10000000;nt328
160328;10000000;nt329
160329;10000000;nt330
160330;10000000;nt331
160331;10000000;nt332
160332;10000000;nt333
160333;10000000;nt334
160334;10000000;nt335
160335;10000000;nt336
160336;10000000;nt337
160337;10000000;nt338
160338;10000000;nt339
160339;10000000;nt340
160340;10000000;nt341
160341;10000000;nt342
160342;10000000;nt343
160343;10000000;nt344
160344;10000000;nt345
160345;10000000;nt346
160346;10000000;nt347
160347;10000000;nt348
160348;10000000;nt349
160349;10000000;nt350
160350;10000000;nt351
160351;10000000;nt352
160352;10000000;nt353
160353;10000000;nt354
160354;10000000;nt355
160355;10000000;nt356
160356;10000000;nt357
160357;10000000;nt358
160358;10000000;nt359
160359;10000000;nt360
160360;10000000;nt361
160361;10000000;nt362
160362;10000000;nt363
160363;10000000;nt364
160364;10000000;nt365
160365;10000000;nt366
160366;10000000;nt367
160367;10000000;nt368
160368;10000000;nt369
160369;10000000;nt370
160370;10000000;nt371
160371;10000000;nt372
160372;10000000;nt373
160373;10000000;nt374
160374;10000000;nt375
160375;10000000;nt376
160376;10000000;nt377
160377;10000000;nt378
160378;10000000;nt379
160379;10000000;nt380
160380;10000000;nt381
160381;10000000;nt382
160382;10000000;nt383
160383;10000000;nt384
160384;10000000;nt385
160385;10000000;nt386
160386;10000000;nt387
160387;10000000;nt388
160388;10000000;nt389
160389;10000000;nt390
160390;10000000;nt391
160391;10000000;nt392
160392;10000000;nt393
160393;10000000;nt394
160394;10000000;nt395
160395;10000000;nt396
160396;10000000;nt397
160397;10000000;nt398
160398;10000000;nt399
160399;10000000;nt400
160400;10000000;nt401
160401;10000000;nt402
160402;10000000;nt403
160403;10000000;nt404
160404;10000000;nt405
160405;10000000;nt406
160406;10000000;nt407
160407;10000000;nt408
160408;10000000;nt409
160409;10000000;nt410
160410;10000000;nt411
160411;10000000;nt412
160412;10000000;nt413
160413;10000000;nt414
160414;10000000;nt415
160415;10000000;nt416
160416;10000000;nt417
160417;10000000;nt418
160418;10000000;nt419
160419;10000000;nt420
160420;10000000;nt421
160421;10000000;nt422
160422;10000000;nt423
160423;10000000;nt424
160424;10000000;nt425
160425;10000000;nt426
160426;10000000;nt427
160427;10000000;nt428
160428;10000000;nt429
160429;10000000;nt430
160430;10000000;nt431
160431;10000000;nt432
160432;10000000;nt433
160433;10000000;nt434
160434;10000000;nt435
160435;10000000;nt436
160436;10000000;nt437
160437;10000000;nt438
160438;10000000;nt439
160439;10000000;nt440
160440;10000000;nt441
160441;10000000;nt442
160442;10000000;nt443
160443;10000000;nt444
160444;10000000;nt445
160445;10000000;nt446
160446;10000000;nt447
160447;10000000;nt448
160448;10000000;nt449
160449;10000000;nt450
160450;10000000;nt451
160451;10000000;nt452
160452;10000000;nt453
160453;10000000;nt454
160454;10000000;nt455
160455;10000000;nt456
160456;10000000;nt457
160457;10000000;nt458
160458;10000000;nt459
160459;10000000;nt460
160460;10000000;nt461
160461;10000000;nt462
160462;10000000;nt463
160463;10000000;nt464
160464;10000000;nt465
160465;10000000;nt466
160466;10000000;nt467
160467;10000000;nt468
160468;10000000;nt469
160469;10000000;nt470
160470;10000000;nt471
160471;10000000;nt472
160472;10000000;nt473
160473;10000000;nt474
160474;10000000;nt475
160475;10000000;nt476
160476;10000000;nt477
160477;10000000;nt478
160478;10000000;nt479
160479;10000000;nt480
160480;10000000;nt481
160481;10000000;nt482
160482;10000000;nt483
160483;10000000;nt484
160484;10000000;nt485
160485;10000000;nt486
160486;10000000;nt487
160487;10000000;nt488
160488;10000000;nt489
160489;10000000;nt490
160490;10000000;nt491
160491;10000000;nt492
160492;10000000;nt493
160493;10000000;nt494
160494;10000000;nt495
160495;10000000;nt496
160496;10000000;nt497
160497;10000000;nt498
160498;10000000;nt499
160499;10000000;nt500
160500;10000000;nt501
160501;10000000;nt502
160502;10000000;nt503
160503;10000000;nt504
160504;10000000;nt505
160505;10000000;nt506
160506;10000000;nt507
160507;10000000;nt508
160508;10000000;nt509
160509;10000000;nt510
160510;10000000;nt511
160511;10000000;nt512
160512;10000000;nt513
160513;10000000;nt514
160514;10000000;nt515
160515;10000000;nt516
160516;10000000;nt517
160517;10000000;nt518
160518;10000000;nt519
160519;10000000;nt520
160520;10000000;nt521
160521;10000000;nt522
160522;10000000;nt523
160523;10000000;nt524
160524;10000000;nt525
160525;10000000;nt526
160526;10000000;nt527
160527;10000000;nt528
160528;10000000;nt529
160529;10000000;nt530
160530;10000000;nt531
160531;10000000;nt532
160532;10000000;nt533
160533;10000000;nt534
160534;10000000;nt535
160535;10000000;nt536
160536;10000000;nt537
160537;10000000;nt538
160538;10000000;nt539
160539;10000000;nt540
160540;10000000;nt541
160541;10000000;nt542
160542;10000000;nt543
160543;10000000;nt544
160544;10000000;nt545
160545;10000000;nt546
160546;10000000;nt547
160547;10000000;nt548
160548;10000000;nt549
160549;10000000;nt550
160550;10000000;nt551
160551;10000000;nt552
160552;10000000;nt553
160553;10000000;nt554
160554;10000000;nt555
160555;10000000;nt556
160556;10000000;nt557
160557;10000000;nt558
160558;10000000;nt559
160559;10000000;nt560
160560;10000000;nt561
160561;10000000;nt562
160562;10000000;nt563
160563;10000000;nt564
160564;10000000;nt565
160565;10000000;nt566
160566;10000000;nt567
160567;10000000;nt568
160568;10000000;nt569
160569;10000000;nt570
160570;10000000;nt571
160571;10000000;nt572
160572;10000000;nt573
160573;10000000;nt574
160574;10000000;nt575
160575;10000000;nt576
160576;10000000;nt577
160577;10000000;nt578
160578;10000000;nt579
160579;10000000;nt580
160580;10000000;nt581
160581;10000000;nt582
160582;10000000;nt583
160583;10000000;nt584
160584;10000000;nt585
160585;10000000;nt586
160586;10000000;nt587
160587;10000000;nt588
160588;10000000;nt589
160589;10000000;nt590
160590;10000000;nt591
160591;10000000;nt592
160592;10000000;nt593
160593;10000000;nt594
160594;10000000;nt595
160595;10000000;nt596
160596;10000000;nt597
160597;10000000;nt598
160598;10000000;nt599
160599;10000000;nt600
160600;10000000;nt601
160601;10000000;nt602
160602;10000000;nt603
160603;10000000;nt604
160604;10000000;nt605
160605;10000000;nt606
160606;10000000;nt607
160607;10000000;nt608
160608;10000000;nt609
160609;10000000;nt610
160610;10000000;nt611
160611;10000000;nt612
160612;10000000;nt613
160613;10000000;nt614
160614;10000000;nt615
160615;10000000;nt616
160616;10000000;nt617
160617;10000000;nt618
160618;10000000;nt619
160619;10000000;nt620
160620;10000000;nt621
160621;10000000;nt622
160622;10000000;nt623
160623;10000000;nt624
160624;10000000;nt625
160625;10000000;nt626
160626;10000000;nt627
160627;10000000;nt628
160628;10000000;nt629
160629;10000000;nt630
160630;10000000;nt631
160631;10000000;nt632
160632;10000000;nt633
160633;10000000;nt634
160634;10000000;nt635
160635;10000000;nt636
160636;10000000;nt637
160637;10000000;nt638
160638;10000000;nt639
160639;10000000;nt640
160640;10000000;nt641
160641;10000000;nt642
160642;10000000;nt643
160643;10000000;nt644
160644;10000000;nt645
160645;10000000;nt646
160646;10000000;nt647
160647;10000000;nt648
160648;10000000;nt649
160649;10000000;nt650
160650;10000000;nt651
160651;10000000;nt652
160652;10000000;nt653
160653;10000000;nt654
160654;10000000;nt655
160655;10000000;nt656
160656;10000000;nt657
160657;10000000;nt658
160658;10000000;nt659
160659;10000000;nt660
160660;10000000;nt661
160661;10000000;nt662
160662;10000000;nt663
160663;10000000;nt664
160664;10000000;nt665
160665;10000000;nt666
160666;10000000;nt667
160667;10000000;nt668
160668;10000000;nt669
160669;10000000;nt670
160670;10000000;nt671
160671;10000000;nt672
160672;10000000;nt673
160673;10000000;nt674
160674;10000000;nt675
160675;10000000;nt676
160676;10000000;nt677
160677;10000000;nt678
160678;10000000;nt679
160679;10000000;nt680
160680;10000000;nt681
160681;10000000;nt682
160682;10000000;nt683
160683;10000000;nt684
160684;10000000;nt685
160685;10000000;nt686
160686;10000000;nt687
160687;10000000;nt688
160688;10000000;nt689
160689;10000000;nt690
160690;10000000;nt691
160691;10000000;nt692
160692;10000000;nt693
160693;10000000;nt694
160694;10000000;nt695
160695;10000000;nt696
160696;10000000;nt697
160697;10000000;nt698
160698;10000000;nt699
160699;10000000;nt700
160700;10000000;nt701
160701;10000000;nt702
160702;10000000;nt703
160703;10000000;nt704
160704;10000000;nt705
160705;10000000;nt706
160706;10000000;nt707
160707;10000000;nt708
160708;10000000;nt709
160709;10000000;nt710
160710;10000000;nt711
160711;10000000;nt712
160712;10000000;nt713
160713;10000000;nt714
160714;10000000;nt715
160715;10000000;nt716
160716;10000000;nt717
160717;10000000;nt718
160718;10000000;nt719
160719;10000000;nt720
160720;10000000;nt721
160721;10000000;nt722
160722;10000000;nt723
160723;10000000;nt724
160724;10000000;nt725
160725;10000000;nt726
160726;10000000;nt727
160727;10000000;nt728
160728;10000000;nt729
160729;10000000;nt730
160730;10000000;nt731
160731;10000000;nt732
160732;10000000;nt733
160733;10000000;nt734
160734;10000000;nt735
160735;10000000;nt736
160736;10000000;nt737
160737;10000000;nt738
160738;10000000;nt739
160739;10000000;nt740
160740;10000000;nt741
160741;10000000;nt742
160742;10000000;nt743
160743;10000000;nt744
160744;10000000;nt745
160745;10000000;nt746
160746;10000000;nt747
160747;10000000;nt748
160748;10000000;nt749
160749;10000000;nt750
160750;10000000;nt751
160751;10000000;nt752
160752;10000000;nt753
160753;10000000;nt754
160754;10000000;nt755
160755;10000000;nt756
160756;10000000;nt757
160757;10000000;nt758
160758;10000000;nt759
160759;10000000;nt760
160760;10000000;nt761
160761;10000000;nt762
160762;10000000;nt763
160763;10000000;nt764
160764;10000000;nt765
160765;10000000;nt766
160766;10000000;nt767
160767;10000000;nt768
160768;10000000;nt769
160769;10000000;nt770
160770;10000000;nt771
160771;10000000;nt772
160772;10000000;nt773
160773;10000000;nt774
160774;10000000;nt775
160775;10000000;nt776
160776;10000000;nt777
160777;10000000;nt778
160778;10000000;nt779
160779;10000000;nt780
160780;10000000;nt781
160781;10000000;nt782
160782;10000000;nt783
160783;10000000;nt784
160784;10000000;nt785
160785;10000000;nt786
160786;10000000;nt787
160787;10000000;nt788
160788;10000000;nt789
160789;10000000;nt790
160790;10000000;nt791
160791;10000000;nt792
160792;10000000;nt793
160793;10000000;nt794
160794;10000000;nt795
160795;10000000;nt796
160796;10000000;nt797
160797;10000000;nt798
160798;10000000;nt799
160799;10000000;nt800
160800;10000000;nt801
160801;10000000;nt802
160802;10000000;nt803
160803;10000000;nt804
160804;10000000;nt805
160805;10000000;nt806
160806;10000000;nt807
160807;10000000;nt808
160808;10000000;nt809
160809;10000000;nt810
160810;10000000;nt811
160811;10000000;nt812
160812;10000000;nt813
160813;10000000;nt814
160814;10000000;nt815
160815;10000000;nt816
160816;10000000;nt817
160817;10000000;nt818
160818;10000000;nt819
160819;10000000;nt820
160820;10000000;nt821
160821;10000000;nt822
160822;10000000;nt823
160823;10000000;nt824
160824;10000000;nt825
160825;10000000;nt826
160826;10000000;nt827
160827;10000000;nt828
160828;10000000;nt829
160829;10000000;nt830
160830;10000000;nt831
160831;10000000;nt832
160832;10000000;nt833
160833;10000000;nt834
160834;10000000;nt835
160835;10000000;nt836
160836;10000000;nt837
160837;10000000;nt838
160838;10000000;nt839
160839;10000000;nt840
160840;10000000;nt841
160841;10000000;nt842
160842;10000000;nt843
160843;10000000;nt844
160844;10000000;nt845
160845;10000000;nt846
160846;10000000;nt847
160847;10000000;nt848
160848;10000000;nt849
160849;10000000;nt850
160850;10000000;nt851
160851;10000000;nt852
160852;10000000;nt853
160853;10000000;nt854
160854;10000000;nt855
160855;10000000;nt856
160856;10000000;nt857
160857;10000000;nt858
160858;10000000;nt859
160859;10000000;nt860
160860;10000000;nt861
160861;10000000;nt862
160862;10000000;nt863
160863;10000000;nt864
160864;10000000;nt865
160865;10000000;nt866
160866;10000000;nt867
160867;10000000;nt868
160868;10000000;nt869
160869;10000000;nt870
160870;10000000;nt871
160871;10000000;nt872
160872;10000000;nt873
160873;10000000;nt874
160874;10000000;nt875
160875;10000000;nt876
160876;10000000;nt877
160877;10000000;nt878
160878;10000000;nt879
160879;10000000;nt880
160880;10000000;nt881
160881;10000000;nt882
160882;10000000;nt883
160883;10000000;nt884
160884;10000000;nt885
160885;10000000;nt886
160886;10000000;nt887
160887;10000000;nt888
160888;10000000;nt889
160889;10000000;nt890
160890;10000000;nt891
160891;10000000;nt892
160892;10000000;nt893
160893;10000000;nt894
160894;10000000;nt895
160895;10000000;nt896
160896;10000000;nt897
160897;10000000;nt898
160898;10000000;nt899
160899;10000000;nt900
160900;10000000;nt901
160901;10000000;nt902
160902;10000000;nt903
160903;10000000;nt904
160904;10000000;nt905
160905;10000000;nt906
160906;10000000;nt907
160907;10000000;nt908
160908;10000000;nt909
160909;10000000;nt910
160910;10000000;nt911
160911;10000000;nt912
160912;10000000;nt913
160913;10000000;nt914
160914;10000000;nt915
160915;10000000;nt916
160916;10000000;nt917
160917;10000000;nt918
160918;10000000;nt919
160919;10000000;nt920
160920;10000000;nt921
160921;10000000;nt922
160922;10000000;nt923
160923;10000000;nt924
160924;10000000;nt925
160925;10000000;nt926
160926;10000000;nt927
160927;10000000;nt928
160928;10000000;nt929
160929;10000000;nt930
160930;10000000;nt931
160931;10000000;nt932
160932;10000000;nt933
160933;10000000;nt934
160934;10000000;nt935
160935;10000000;nt936
160936;10000000;nt937
160937;10000000;nt938
160938;10000000;nt939
160939;10000000;nt940
160940;10000000;nt941
160941;10000000;nt942
160942;10000000;nt943
160943;10000000;nt944
160944;10000000;nt945
160945;10000000;nt946
160946;10000000;nt947
160947;10000000;nt948
160948;10000000;nt949
160949;10000000;nt950
160950;10000000;nt951
160951;10000000;nt952
160952;10000000;nt953
160953;10000000;nt954
160954;10000000;nt955
160955;10000000;nt956
160956;10000000;nt957
160957;10000000;nt958
160958;10000000;nt959
160959;10000000;nt960
160960;10000000;nt961
160961;10000000;nt962
160962;10000000;nt963
160963;10000000;nt964
160964;10000000;nt965
160965;10000000;nt966
160966;10000000;nt967
160967;10000000;nt968
160968;10000000;nt969
160969;10000000;nt970
160970;10000000;nt971
160971;10000000;nt972
160972;10000000;nt973
160973;10000000;nt974
160974;10000000;nt975
160975;10000000;nt976
160976;10000000;nt977
160977;10000000;nt978
160978;10000000;nt979
160979;10000000;nt980
160980;10000000;nt981
160981;10000000;nt982
160982;10000000;nt983
160983;10000000;nt984
160984;10000000;nt985
160985;10000000;nt986
160986;10000000;nt987
160987;10000000;nt988
160988;10000000;nt989
160989;10000000;nt990
160990;10000000;nt991
160991;10000000;nt992
160992;10000000;nt993
160993;10000000;nt994
160994;10000000;nt995
160995;10000000;nt996
160996;10000000;nt997
160997;10000000;nt998
160998;10000000;nt999
160999;10000000;nt1000
161000;10000000;nt1001
161001;10000000;nt1002
161002;10000000;nt1003
161003;10000000;nt1004
161004;10000000;nt1005
161005;10000000;nt1006
161006;10000000;nt1007
161007;10000000;nt1008
161008;10000000;nt1009
161009;10000000;nt1010
161010;10000000;nt1011
161011;10000000;nt1012
161012;10000000;nt1013
161013;10000000;nt1014
161014;10000000;nt1015
161015;10000000;nt1016
161016;10000000;nt1017
161017;10000000;nt1018
161018;10000000;nt1019
161019;10000000;nt1020
161020;10000000;nt1021
161021;10000000;nt1022
161022;10000000;nt1023
161023;10000000;nt1024
161024;10000000;nt1025
161025;10000000;nt1026
161026;10000000;nt1027
161027;10000000;nt1028
161028;10000000;nt1029
161029;10000000;nt1030
161030;10000000;nt1031
161031;10000000;nt1032
161032;10000000;nt1033
161033;10000000;nt1034
161034;10000000;nt1035
161035;10000000;nt1036
161036;10000000;nt1037
161037;10000000;nt1038
161038;10000000;nt1039
161039;10000000;nt1040
161040;10000000;nt1041
161041;10000000;nt1042
161042;10000000;nt1043
161043;10000000;nt1044
161044;10000000;nt1045
161045;10000000;nt1046
161046;10000000;nt1047
161047;10000000;nt1048
161048;10000000;nt1049
161049;10000000;nt1050
161050;10000000;nt1051
161051;10000000;nt1052
161052;10000000;nt1053
161053;10000000;nt1054
161054;10000000;nt1055
161055;10000000;nt1056
161056;10000000;nt1057
161057;10000000;nt1058
161058;10000000;nt1059
161059;10000000;nt1060
161060;10000000;nt1061
161061;10000000;nt1062
161062;10000000;nt1063
161063;10000000;nt1064
161064;10000000;nt1065
161065;10000000;nt1066
161066;10000000;nt1067
161067;10000000;nt1068
161068;10000000;nt1069
161069;10000000;nt1070
161070;10000000;nt1071
161071;10000000;nt1072
161072;10000000;nt1073
161073;10000000;nt1074
161074;10000000;nt1075
161075;10000000;nt1076
161076;10000000;nt1077
161077;10000000;nt1078
161078;10000000;nt1079
161079;10000000;nt1080
161080;10000000;nt1081
161081;10000000;nt1082
161082;10000000;nt1083
161083;10000000;nt1084
161084;10000000;nt1085
161085;10000000;nt1086
161086;10000000;nt1087
161087;10000000;nt1088
161088;10000000;nt1089
161089;10000000;nt1090
161090;10000000;nt1091
161091;10000000;nt1092
161092;10000000;nt1093
161093;10000000;nt1094
161094;10000000;nt1095
161095;10000000;nt1096
161096;10000000;nt1097
161097;10000000;nt1098
161098;10000000;nt1099
161099;10000000;nt1100
161100;10000000;nt1101
161101;10000000;nt1102
161102;10000000;nt1103
161103;10000000;nt1104
161104;10000000;nt1105
161105;10000000;nt1106
161106;10000000;nt1107
161107;10000000;nt1108
161108;10000000;nt1109
161109;10000000;nt1110
161110;10000000;nt1111
161111;10000000;nt1112
161112;10000000;nt1113
161113;10000000;nt1114
161114;10000000;nt1115
161115;10000000;nt1116
161116;10000000;nt1117
161117;10000000;nt1118
161118;10000000;nt1119
161119;10000000;nt1120
161120;10000000;nt1121
161121;10000000;nt1122
161122;10000000;nt1123
161123;10000000;nt1124
161124;10000000;nt1125
161125;10000000;nt1126
161126;10000000;nt1127
161127;10000000;nt1128
161128;10000000;nt1129
161129;10000000;nt1130
161130;10000000;nt1131
161131;10000000;nt1132
161132;10000000;nt1133
161133;10000000;nt1134
161134;10000000;nt1135
161135;10000000;nt1136
161136;10000000;nt1137
161137;10000000;nt1138
161138;10000000;nt1139
161139;10000000;nt1140
161140;10000000;nt1141
161141;10000000;nt1142
161142;10000000;nt1143
161143;10000000;nt1144
161144;10000000;nt1145
161145;10000000;nt1146
161146;10000000;nt1147
161147;10000000;nt1148
161148;10000000;nt1149
161149;10000000;nt1150
161150;10000000;nt1151
161151;10000000;nt1152
161152;10000000;nt1153
161153;10000000;nt1154
161154;10000000;nt1155
161155;10000000;nt1156
161156;10000000;nt1157
161157;10000000;nt1158
161158;10000000;nt1159
161159;10000000;nt1160
161160;10000000;nt1161
161161;10000000;nt1162
161162;10000000;nt1163
161163;10000000;nt1164
161164;10000000;nt1165
161165;10000000;nt1166
161166;10000000;nt1167
161167;10000000;nt1168
161168;10000000;nt1169
161169;10000000;nt1170
161170;10000000;nt1171
161171;10000000;nt1172
161172;10000000;nt1173
161173;10000000;nt1174
161174;10000000;nt1175
161175;10000000;nt1176
161176;10000000;nt1177
161177;10000000;nt1178
161178;10000000;nt1179
161179;10000000;nt1180
161180;10000000;nt1181
161181;10000000;nt1182
161182;10000000;nt1183
161183;10000000;nt1184
161184;10000000;nt1185
161185;10000000;nt1186
161186;10000000;nt1187
161187;10000000;nt1188
161188;10000000;nt1189
161189;10000000;nt1190
161190;10000000;nt1191
161191;10000000;nt1192
161192;10000000;nt1193
161193;10000000;nt1194
161194;10000000;nt1195
161195;10000000;nt1196
161196;10000000;nt1197
161197;10000000;nt1198
161198;10000000;nt1199
161199;10000000;nt1200
161200;10000000;nt1201
161201;10000000;nt1202
161202;10000000;nt1203
161203;10000000;nt1204
161204;10000000;nt1205
161205;10000000;nt1206
161206;10000000;nt1207
161207;10000000;nt1208
161208;10000000;nt1209
161209;10000000;nt1210
161210;10000000;nt1211
161211;10000000;nt1212
161212;10000000;nt1213
161213;10000000;nt1214
161214;10000000;nt1215
161215;10000000;nt1216
161216;10000000;nt1217
161217;10000000;nt1218
161218;10000000;nt1219
161219;10000000;nt1220
161220;10000000;nt1221
161221;10000000;nt1222
161222;10000000;nt1223
161223;10000000;nt1224
161224;10000000;nt1225
161225;10000000;nt1226
161226;10000000;nt1227
161227;10000000;nt1228
161228;10000000;nt1229
161229;10000000;nt1230
161230;10000000;nt1231
161231;10000000;nt1232
161232;10000000;nt1233
161233;10000000;nt1234
161234;10000000;nt1235
161235;10000000;nt1236
161236;10000000;nt1237
161237;10000000;nt1238
161238;10000000;nt1239
161239;10000000;nt1240
161240;10000000;nt1241
161241;10000000;nt1242
161242;10000000;nt1243
161243;10000000;nt1244
161244;10000000;nt1245
161245;10000000;nt1246
161246;10000000;nt1247
161247;10000000;nt1248
161248;10000000;nt1249
161249;10000000;nt1250
161250;10000000;nt1251
161251;10000000;nt1252
161252;10000000;nt1253
161253;10000000;nt1254
161254;10000000;nt1255
161255;10000000;nt1256
161256;10000000;nt1257
161257;10000000;nt1258
161258;10000000;nt1259
161259;10000000;nt1260
161260;10000000;nt1261
161261;10000000;nt1262
161262;10000000;nt1263
161263;10000000;nt1264
161264;10000000;nt1265
161265;10000000;nt1266
161266;10000000;nt1267
161267;10000000;nt1268
161268;10000000;nt1269
161269;10000000;nt1270
161270;10000000;nt1271
161271;10000000;nt1272
161272;10000000;nt1273
161273;10000000;nt1274
161274;10000000;nt1275
161275;10000000;nt1276
161276;10000000;nt1277
161277;10000000;nt1278
161278;10000000;nt1279
161279;10000000;nt1280
161280;10000000;nt1281
161281;10000000;nt1282
161282;10000000;nt1283
161283;10000000;nt1284
161284;10000000;nt1285
161285;10000000;nt1286
161286;10000000;nt1287
161287;10000000;nt1288
161288;10000000;nt1289
161289;10000000;nt1290
161290;10000000;nt1291
161291;10000000;nt1292
161292;10000000;nt1293
161293;10000000;nt1294
161294;10000000;nt1295
161295;10000000;nt1296
161296;10000000;nt1297
161297;10000000;nt1298
161298;10000000;nt1299
161299;10000000;nt1300
161300;10000000;nt1301
161301;10000000;nt1302
161302;10000000;nt1303
161303;10000000;nt1304
161304;10000000;nt1305
161305;10000000;nt1306
161306;10000000;nt1307
161307;10000000;nt1308
161308;10000000;nt1309
161309;10000000;nt1310
161310;10000000;nt1311
161311;10000000;nt1312
161312;10000000;nt1313
161313;10000000;nt1314
161314;10000000;nt1315
161315;10000000;nt1316
161316;10000000;nt1317
161317;10000000;nt1318
161318;10000000;nt1319
161319;10000000;nt1320
161320;10000000;nt1321
161321;10000000;nt1322
161322;10000000;nt1323
161323;10000000;nt1324
161324;10000000;nt1325
161325;10000000;nt1326
161326;10000000;nt1327
161327;10000000;nt1328
161328;10000000;nt1329
161329;10000000;nt1330
161330;10000000;nt1331
161331;10000000;nt1332
161332;10000000;nt1333
161333;10000000;nt1334
161334;10000000;nt1335
161335;10000000;nt1336
161336;10000000;nt1337
161337;10000000;nt1338
161338;10000000;nt1339
161339;10000000;nt1340
161340;10000000;nt1341
161341;10000000;nt1342
161342;10000000;nt1343
161343;10000000;nt1344
161344;10000000;nt1345
161345;10000000;nt1346
161346;10000000;nt1347
161347;10000000;nt1348
161348;10000000;nt1349
161349;10000000;nt1350
161350;10000000;nt1351
161351;10000000;nt1352
161352;10000000;nt1353
161353;10000000;nt1354
161354;10000000;nt1355
161355;10000000;nt1356
161356;10000000;nt1357
161357;10000000;nt1358
161358;10000000;nt1359
161359;10000000;nt1360
161360;10000000;nt1361
161361;10000000;nt1362
161362;10000000;nt1363
161363;10000000;nt1364
161364;10000000;nt1365
161365;10000000;nt1366
161366;10000000;nt1367
161367;10000000;nt1368
161368;10000000;nt1369
161369;10000000;nt1370
161370;10000000;nt1371
161371;10000000;nt1372
161372;10000000;nt1373
161373;10000000;nt1374
161374;10000000;nt1375
161375;10000000;nt1376
161376;10000000;nt1377
161377;10000000;nt1378
161378;10000000;nt1379
161379;10000000;nt1380
161380;10000000;nt1381
161381;10000000;nt1382
161382;10000000;nt1383
161383;10000000;nt1384
161384;10000000;nt1385
161385;10000000;nt1386
161386;10000000;nt1387
161387;10000000;nt1388
161388;10000000;nt1389
161389;10000000;nt1390
161390;10000000;nt1391
161391;10000000;nt1392
161392;10000000;nt1393
161393;10000000;nt1394
161394;10000000;nt1395
161395;10000000;nt1396
161396;10000000;nt1397
161397;10000000;nt1398
161398;10000000;nt1399
161399;10000000;nt1400
161400;10000000;nt1401
161401;10000000;nt1402
161402;10000000;nt1403
161403;10000000;nt1404
161404;10000000;nt1405
161405;10000000;nt1406
161406;10000000;nt1407
161407;10000000;nt1408
161408;10000000;nt1409
161409;10000000;nt1410
161410;10000000;nt1411
161411;10000000;nt1412
161412;10000000;nt1413
161413;10000000;nt1414
161414;10000000;nt1415
161415;10000000;nt1416
161416;10000000;nt1417
161417;10000000;nt1418
161418;10000000;nt1419
161419;10000000;nt1420
161420;10000000;nt1421
161421;10000000;nt1422
161422;10000000;nt1423
161423;10000000;nt1424
161424;10000000;nt1425
161425;10000000;nt1426
161426;10000000;nt1427
161427;10000000;nt1428
161428;10000000;nt1429
161429;10000000;nt1430
161430;10000000;nt1431
161431;10000000;nt1432
161432;10000000;nt1433
161433;10000000;nt1434
161434;10000000;nt1435
161435;10000000;nt1436
161436;10000000;nt1437
161437;10000000;nt1438
161438;10000000;nt1439
161439;10000000;nt1440
161440;10000000;nt1441
161441;10000000;nt1442
161442;10000000;nt1443
161443;10000000;nt1444
161444;10000000;nt1445
161445;10000000;nt1446
161446;10000000;nt1447
161447;10000000;nt1448
161448;10000000;nt1449
161449;10000000;nt1450
161450;10000000;nt1451
161451;10000000;nt1452
161452;10000000;nt1453
161453;10000000;nt1454
161454;10000000;nt1455
161455;10000000;nt1456
161456;10000000;nt1457
161457;10000000;nt1458
161458;10000000;nt1459
161459;10000000;nt1460
161460;10000000;nt1461
161461;10000000;nt1462
161462;10000000;nt1463
161463;10000000;nt1464
161464;10000000;nt1465
161465;10000000;nt1466
161466;10000000;nt1467
161467;10000000;nt1468
161468;10000000;nt1469
161469;10000000;nt1470
161470;10000000;nt1471
161471;10000000;nt1472
161472;10000000;nt1473
161473;10000000;nt1474
161474;10000000;nt1475
161475;10000000;nt1476
161476;10000000;nt1477
161477;10000000;nt1478
161478;10000000;nt1479
161479;10000000;nt1480
161480;10000000;nt1481
161481;10000000;nt1482
161482;10000000;nt1483
161483;10000000;nt1484
161484;10000000;nt1485
161485;10000000;nt1486
161486;10000000;nt1487
161487;10000000;nt1488
161488;10000000;nt1489
161489;10000000;nt1490
161490;10000000;nt1491
161491;10000000;nt1492
161492;10000000;nt1493
161493;10000000;nt1494
161494;10000000;nt1495
161495;10000000;nt1496
161496;10000000;nt1497
161497;10000000;nt1498
161498;10000000;nt1499
161499;10000000;nt1500
161500;10000000;nt1501
161501;10000000;nt1502
161502;10000000;nt1503
161503;10000000;nt1504
161504;10000000;nt1505
161505;10000000;nt1506
161506;10000000;nt1507
161507;10000000;nt1508
161508;10000000;nt1509
161509;10000000;nt1510
161510;10000000;nt1511
161511;10000000;nt1512
161512;10000000;nt1513
161513;10000000;nt1514
161514;10000000;nt1515
161515;10000000;nt1516
161516;10000000;nt1517
161517;10000000;nt1518
161518;10000000;nt1519
161519;10000000;nt1520
161520;10000000;nt1521
161521;10000000;nt1522
161522;10000000;nt1523
161523;10000000;nt1524
161524;10000000;nt1525
161525;10000000;nt1526
161526;10000000;nt1527
161527;10000000;nt1528
161528;10000000;nt1529
161529;10000000;nt1530
161530;10000000;nt1531
161531;10000000;nt1532
161532;10000000;nt1533
161533;10000000;nt1534
161534;10000000;nt1535
161535;10000000;nt1536
161536;10000000;nt1537
161537;10000000;nt1538
161538;10000000;nt1539
161539;10000000;nt1540
161540;10000000;nt1541
161541;10000000;nt1542
161542;10000000;nt1543
161543;10000000;nt1544
161544;10000000;nt1545
161545;10000000;nt1546
161546;10000000;nt1547
161547;10000000;nt1548
161548;10000000;nt1549
161549;10000000;nt1550
161550;10000000;nt1551
161551;10000000;nt1552
161552;10000000;nt1553
161553;10000000;nt1554
161554;10000000;nt1555
161555;10000000;nt1556
161556;10000000;nt1557
161557;10000000;nt1558
161558;10000000;nt1559
161559;10000000;nt1560
161560;10000000;nt1561
161561;10000000;nt1562
161562;10000000;nt1563
161563;10000000;nt1564
161564;10000000;nt1565
161565;10000000;nt1566
161566;10000000;nt1567
161567;10000000;nt1568
161568;10000000;nt1569
161569;10000000;nt1570
161570;10000000;nt1571
161571;10000000;nt1572
161572;10000000;nt1573
161573;10000000;nt1574
161574;10000000;nt1575
161575;10000000;nt1576
161576;10000000;nt1577
161577;10000000;nt1578
161578;10000000;nt1579
161579;10000000;nt1580
161580;10000000;nt1581
161581;10000000;nt1582
161582;10000000;nt1583
161583;10000000;nt1584
161584;10000000;nt1585
161585;10000000;nt1586
161586;10000000;nt1587
161587;10000000;nt1588
161588;10000000;nt1589
161589;10000000;nt1590
161590;10000000;nt1591
161591;10000000;nt1592
161592;10000000;nt1593
161593;10000000;nt1594
161594;10000000;nt1595
161595;10000000;nt1596
161596;10000000;nt1597
161597;10000000;nt1598
161598;10000000;nt1599
161599;10000000;nt1600
161600;10000000;nt1601
161601;10000000;nt1602
161602;10000000;nt1603
161603;10000000;nt1604
161604;10000000;nt1605
161605;10000000;nt1606
161606;10000000;nt1607
161607;10000000;nt1608
161608;10000000;nt1609
161609;10000000;nt1610
161610;10000000;nt1611
161611;10000000;nt1612
161612;10000000;nt1613
161613;10000000;nt1614
161614;10000000;nt1615
161615;10000000;nt1616
161616;10000000;nt1617
161617;10000000;nt1618
161618;10000000;nt1619
161619;10000000;nt1620
161620;10000000;nt1621
161621;10000000;nt1622
161622;10000000;nt1623
161623;10000000;nt1624
161624;10000000;nt1625
161625;10000000;nt1626
161626;10000000;nt1627
161627;10000000;nt1628
161628;10000000;nt1629
161629;10000000;nt1630
161630;10000000;nt1631
161631;10000000;nt1632
161632;10000000;nt1633
161633;10000000;nt1634
161634;10000000;nt1635
161635;10000000;nt1636
161636;10000000;nt1637
161637;10000000;nt1638
161638;10000000;nt1639
161639;10000000;nt1640
161640;10000000;nt1641
161641;10000000;nt1642
161642;10000000;nt1643
161643;10000000;nt1644
161644;10000000;nt1645
161645;10000000;nt1646
161646;10000000;nt1647
161647;10000000;nt1648
161648;10000000;nt1649
161649;10000000;nt1650
161650;10000000;nt1651
161651;10000000;nt1652
161652;10000000;nt1653
161653;10000000;nt1654
161654;10000000;nt1655
161655;10000000;nt1656
161656;10000000;nt1657
161657;10000000;nt1658
161658;10000000;nt1659
161659;10000000;nt1660
161660;10000000;nt1661
161661;10000000;nt1662
161662;10000000;nt1663
161663;10000000;nt1664
161664;10000000;nt1665
161665;10000000;nt1666
161666;10000000;nt1667
161667;10000000;nt1668
161668;10000000;nt1669
161669;10000000;nt1670
161670;10000000;nt1671
161671;10000000;nt1672
161672;10000000;nt1673
161673;10000000;nt1674
161674;10000000;nt1675
161675;10000000;nt1676
161676;10000000;nt1677
161677;10000000;nt1678
161678;10000000;nt1679
161679;10000000;nt1680
161680;10000000;nt1681
161681;10000000;nt1682
161682;10000000;nt1683
161683;10000000;nt1684
161684;10000000;nt1685
161685;10000000;nt1686
161686;10000000;nt1687
161687;10000000;nt1688
161688;10000000;nt1689
161689;10000000;nt1690
161690;10000000;nt1691
161691;10000000;nt1692
161692;10000000;nt1693
161693;10000000;nt1694
161694;10000000;nt1695
161695;10000000;nt1696
161696;10000000;nt1697
161697;10000000;nt1698
161698;10000000;nt1699
161699;10000000;nt1700
161700;10000000;nt1701
161701;10000000;nt1702
161702;10000000;nt1703
161703;10000000;nt1704
161704;10000000;nt1705
161705;10000000;nt1706
161706;10000000;nt1707
161707;10000000;nt1708
161708;10000000;nt1709
161709;10000000;nt1710
161710;10000000;nt1711
161711;10000000;nt1712
161712;10000000;nt1713
161713;10000000;nt1714
161714;10000000;nt1715
161715;10000000;nt1716
161716;10000000;nt1717
161717;10000000;nt1718
161718;10000000;nt1719
161719;10000000;nt1720
161720;10000000;nt1721
161721;10000000;nt1722
161722;10000000;nt1723
161723;10000000;nt1724
161724;10000000;nt1725
161725;10000000;nt1726
161726;10000000;nt1727
161727;10000000;nt1728
161728;10000000;nt1729
161729;10000000;nt1730
161730;10000000;nt1731
161731;10000000;nt1732
161732;10000000;nt1733
161733;10000000;nt1734
161734;10000000;nt1735
161735;10000000;nt1736
161736;10000000;nt1737
161737;10000000;nt1738
161738;10000000;nt1739
161739;10000000;nt1740
161740;10000000;nt1741
161741;10000000;nt1742
161742;10000000;nt1743
161743;10000000;nt1744
161744;10000000;nt1745
161745;10000000;nt1746
161746;10000000;nt1747
161747;10000000;nt1748
161748;10000000;nt1749
161749;10000000;nt1750
161750;10000000;nt1751
161751;10000000;nt1752
161752;10000000;nt1753
161753;10000000;nt1754
161754;10000000;nt1755
161755;10000000;nt1756
161756;10000000;nt1757
161757;10000000;nt1758
161758;10000000;nt1759
161759;10000000;nt1760
161760;10000000;nt1761
161761;10000000;nt1762
161762;10000000;nt1763
161763;10000000;nt1764
161764;10000000;nt1765
161765;10000000;nt1766
161766;10000000;nt1767
161767;10000000;nt1768
161768;10000000;nt1769
161769;10000000;nt1770
161770;10000000;nt1771
161771;10000000;nt1772
161772;10000000;nt1773
161773;10000000;nt1774
161774;10000000;nt1775
161775;10000000;nt1776
161776;10000000;nt1777
161777;10000000;nt1778
161778;10000000;nt1779
161779;10000000;nt1780
161780;10000000;nt1781
161781;10000000;nt1782
161782;10000000;nt1783
161783;10000000;nt1784
161784;10000000;nt1785
161785;10000000;nt1786
161786;10000000;nt1787
161787;10000000;nt1788
161788;10000000;nt1789
161789;10000000;nt1790
161790;10000000;nt1791
161791;10000000;nt1792
161792;10000000;nt1793
161793;10000000;nt1794
161794;10000000;nt1795
161795;10000000;nt1796
161796;10000000;nt1797
161797;10000000;nt1798
161798;10000000;nt1799
161799;10000000;nt1800
161800;10000000;nt1801
161801;10000000;nt1802
161802;10000000;nt1803
161803;10000000;nt1804
161804;10000000;nt1805
161805;10000000;nt1806
161806;10000000;nt1807
161807;10000000;nt1808
161808;10000000;nt1809
161809;10000000;nt1810
161810;10000000;nt1811
161811;10000000;nt1812
161812;10000000;nt1813
161813;10000000;nt1814
161814;10000000;nt1815
161815;10000000;nt1816
161816;10000000;nt1817
161817;10000000;nt1818
161818;10000000;nt1819
161819;10000000;nt1820
161820;10000000;nt1821
161821;10000000;nt1822
161822;10000000;nt1823
161823;10000000;nt1824
161824;10000000;nt1825
161825;10000000;nt1826
161826;10000000;nt1827
161827;10000000;nt1828
161828;10000000;nt1829
161829;10000000;nt1830
161830;10000000;nt1831
161831;10000000;nt1832
161832;10000000;nt1833
161833;10000000;nt1834
161834;10000000;nt1835
161835;10000000;nt1836
161836;10000000;nt1837
161837;10000000;nt1838
161838;10000000;nt1839
161839;10000000;nt1840
161840;10000000;nt1841
161841;10000000;nt1842
161842;10000000;nt1843
161843;10000000;nt1844
161844;10000000;nt1845
161845;10000000;nt1846
161846;10000000;nt1847
161847;10000000;nt1848
161848;10000000;nt1849
161849;10000000;nt1850
161850;10000000;nt1851
161851;10000000;nt1852
161852;10000000;nt1853
161853;10000000;nt1854
161854;10000000;nt1855
161855;10000000;nt1856
161856;10000000;nt1857
161857;10000000;nt1858
161858;10000000;nt1859
161859;10000000;nt1860
161860;10000000;nt1861
161861;10000000;nt1862
161862;10000000;nt1863
161863;10000000;nt1864
161864;10000000;nt1865
161865;10000000;nt1866
161866;10000000;nt1867
161867;10000000;nt1868
161868;10000000;nt1869
161869;10000000;nt1870
161870;10000000;nt1871
161871;10000000;nt1872
161872;10000000;nt1873
161873;10000000;nt1874
161874;10000000;nt1875
161875;10000000;nt1876
161876;10000000;nt1877
161877;10000000;nt1878
161878;10000000;nt1879
161879;10000000;nt1880
161880;10000000;nt1881
161881;10000000;nt1882
161882;10000000;nt1883
161883;10000000;nt1884
161884;10000000;nt1885
161885;10000000;nt1886
161886;10000000;nt1887
161887;10000000;nt1888
161888;10000000;nt1889
161889;10000000;nt1890
161890;10000000;nt1891
161891;10000000;nt1892
161892;10000000;nt1893
161893;10000000;nt1894
161894;10000000;nt1895
161895;10000000;nt1896
161896;10000000;nt1897
161897;10000000;nt1898
161898;10000000;nt1899
161899;10000000;nt1900
161900;10000000;nt1901
161901;10000000;nt1902
161902;10000000;nt1903
161903;10000000;nt1904
161904;10000000;nt1905
161905;10000000;nt1906
161906;10000000;nt1907
161907;10000000;nt1908
161908;10000000;nt1909
161909;10000000;nt1910
161910;10000000;nt1911
161911;10000000;nt1912
161912;10000000;nt1913
161913;10000000;nt1914
161914;10000000;nt1915
161915;10000000;nt1916
161916;10000000;nt1917
161917;10000000;nt1918
161918;10000000;nt1919
161919;10000000;nt1920
161920;10000000;nt1921
161921;10000000;nt1922
161922;10000000;nt1923
161923;10000000;nt1924
161924;10000000;nt1925
161925;10000000;nt1926
161926;10000000;nt1927
161927;10000000;nt1928
161928;10000000;nt1929
161929;10000000;nt1930
161930;10000000;nt1931
161931;10000000;nt1932
161932;10000000;nt1933
161933;10000000;nt1934
161934;10000000;nt1935
161935;10000000;nt1936
161936;10000000;nt1937
161937;10000000;nt1938
161938;10000000;nt1939
161939;10000000;nt1940
161940;10000000;nt1941
161941;10000000;nt1942
161942;10000000;nt1943
161943;10000000;nt1944
161944;10000000;nt1945
161945;10000000;nt1946
161946;10000000;nt1947
161947;10000000;nt1948
161948;10000000;nt1949
161949;10000000;nt1950
161950;10000000;nt1951
161951;10000000;nt1952
161952;10000000;nt1953
161953;10000000;nt1954
161954;10000000;nt1955
161955;10000000;nt1956
161956;10000000;nt1957
161957;10000000;nt1958
161958;10000000;nt1959
161959;10000000;nt1960
161960;10000000;nt1961
161961;10000000;nt1962
161962;10000000;nt1963
161963;10000000;nt1964
161964;10000000;nt1965
161965;10000000;nt1966
161966;10000000;nt1967
161967;10000000;nt1968
161968;10000000;nt1969
161969;10000000;nt1970
161970;10000000;nt1971
161971;10000000;nt1972
161972;10000000;nt1973
161973;10000000;nt1974
161974;10000000;nt1975
161975;10000000;nt1976
161976;10000000;nt1977
161977;10000000;nt1978
161978;10000000;nt1979
161979;10000000;nt1980
161980;10000000;nt1981
161981;10000000;nt1982
161982;10000000;nt1983
161983;10000000;nt1984
161984;10000000;nt1985
161985;10000000;nt1986
161986;10000000;nt1987
161987;10000000;nt1988
161988;10000000;nt1989
161989;10000000;nt1990
161990;10000000;nt1991
161991;10000000;nt1992
161992;10000000;nt1993
161993;10000000;nt1994
161994;10000000;nt1995
161995;10000000;nt1996
161996;10000000;nt1997
161997;10000000;nt1998
161998;10000000;nt1999
161999;10000000;nt2000
162000;10000000;nt2001
162001;10000000;nt2002
162002;10000000;nt2003
162003;10000000;nt2004
162004;10000000;nt2005
162005;10000000;nt2006
162006;10000000;nt2007
162007;10000000;nt2008
162008;10000000;nt2009
162009;10000000;nt2010
162010;10000000;nt2011
162011;10000000;nt2012
162012;10000000;nt2013
162013;10000000;nt2014
162014;10000000;nt2015
162015;10000000;nt2016
162016;10000000;nt2017
162017;10000000;nt2018
162018;10000000;nt2019
162019;10000000;nt2020
162020;10000000;nt2021
162021;10000000;nt2022
162022;10000000;nt2023
162023;10000000;nt2024
162024;10000000;nt2025
162025;10000000;nt2026
162026;10000000;nt2027
162027;10000000;nt2028
162028;10000000;nt2029
162029;10000000;nt2030
162030;10000000;nt2031
162031;10000000;nt2032
162032;10000000;nt2033
162033;10000000;nt2034
162034;10000000;nt2035
162035;10000000;nt2036
162036;10000000;nt2037
162037;10000000;nt2038
162038;10000000;nt2039
162039;10000000;nt2040
162040;10000000;nt2041
162041;10000000;nt2042
162042;10000000;nt2043
162043;10000000;nt2044
162044;10000000;nt2045
162045;10000000;nt2046
162046;10000000;nt2047
162047;10000000;nt2048
162048;10000000;nt2049
162049;10000000;nt2050
162050;10000000;nt2051
162051;10000000;nt2052
162052;10000000;nt2053
162053;10000000;nt2054
162054;10000000;nt2055
162055;10000000;nt2056
162056;10000000;nt2057
162057;10000000;nt2058
162058;10000000;nt2059
162059;10000000;nt2060
162060;10000000;nt2061
162061;10000000;nt2062
162062;10000000;nt2063
162063;10000000;nt2064
162064;10000000;nt2065
162065;10000000;nt2066
162066;10000000;nt2067
162067;10000000;nt2068
162068;10000000;nt2069
162069;10000000;nt2070
162070;10000000;nt2071
162071;10000000;nt2072
162072;10000000;nt2073
162073;10000000;nt2074
162074;10000000;nt2075
162075;10000000;nt2076
162076;10000000;nt2077
162077;10000000;nt2078
162078;10000000;nt2079
162079;10000000;nt2080
162080;10000000;nt2081
162081;10000000;nt2082
162082;10000000;nt2083
162083;10000000;nt2084
162084;10000000;nt2085
162085;10000000;nt2086
162086;10000000;nt2087
162087;10000000;nt2088
162088;10000000;nt2089
162089;10000000;nt2090
162090;10000000;nt2091
162091;10000000;nt2092
162092;10000000;nt2093
162093;10000000;nt2094
162094;10000000;nt2095
162095;10000000;nt2096
162096;10000000;nt2097
162097;10000000;nt2098
162098;10000000;nt2099
162099;10000000;nt2100
162100;10000000;nt2101
162101;10000000;nt2102
162102;10000000;nt2103
162103;10000000;nt2104
162104;10000000;nt2105
162105;10000000;nt2106
162106;10000000;nt2107
162107;10000000;nt2108
162108;10000000;nt2109
162109;10000000;nt2110
162110;10000000;nt2111
162111;10000000;nt2112
162112;10000000;nt2113
162113;10000000;nt2114
162114;10000000;nt2115
162115;10000000;nt2116
162116;10000000;nt2117
162117;10000000;nt2118
162118;10000000;nt2119
162119;10000000;nt2120
162120;10000000;nt2121
162121;10000000;nt2122
162122;10000000;nt2123
162123;10000000;nt2124
162124;10000000;nt2125
162125;10000000;nt2126
162126;10000000;nt2127
162127;10000000;nt2128
162128;10000000;nt2129
162129;10000000;nt2130
162130;10000000;nt2131
162131;10000000;nt2132
162132;10000000;nt2133
162133;10000000;nt2134
162134;10000000;nt2135
162135;10000000;nt2136
162136;10000000;nt2137
162137;10000000;nt2138
162138;10000000;nt2139
162139;10000000;nt2140
162140;10000000;nt2141
162141;10000000;nt2142
162142;10000000;nt2143
162143;10000000;nt2144
162144;10000000;nt2145
162145;10000000;nt2146
162146;10000000;nt2147
162147;10000000;nt2148
162148;10000000;nt2149
162149;10000000;nt2150
162150;10000000;nt2151
162151;10000000;nt2152
162152;10000000;nt2153
162153;10000000;nt2154
162154;10000000;nt2155
162155;10000000;nt2156
162156;10000000;nt2157
162157;10000000;nt2158
162158;10000000;nt2159
162159;10000000;nt2160
162160;10000000;nt2161
162161;10000000;nt2162
162162;10000000;nt2163
162163;10000000;nt2164
162164;10000000;nt2165
162165;10000000;nt2166
162166;10000000;nt2167
162167;10000000;nt2168
162168;10000000;nt2169
162169;10000000;nt2170
162170;10000000;nt2171
162171;10000000;nt2172
162172;10000000;nt2173
162173;10000000;nt2174
162174;10000000;nt2175
162175;10000000;nt2176
162176;10000000;nt2177
162177;10000000;nt2178
162178;10000000;nt2179
162179;10000000;nt2180
162180;10000000;nt2181
162181;10000000;nt2182
162182;10000000;nt2183
162183;10000000;nt2184
162184;10000000;nt2185
162185;10000000;nt2186
162186;10000000;nt2187
162187;10000000;nt2188
162188;10000000;nt2189
162189;10000000;nt2190
162190;10000000;nt2191
162191;10000000;nt2192
162192;10000000;nt2193
162193;10000000;nt2194
162194;10000000;nt2195
162195;10000000;nt2196
162196;10000000;nt2197
162197;10000000;nt2198
162198;10000000;nt2199
162199;10000000;nt2200
162200;10000000;nt2201
162201;10000000;nt2202
162202;10000000;nt2203
162203;10000000;nt2204
162204;10000000;nt2205
162205;10000000;nt2206
162206;10000000;nt2207
162207;10000000;nt2208
162208;10000000;nt2209
162209;10000000;nt2210
162210;10000000;nt2211
162211;10000000;nt2212
162212;10000000;nt2213
162213;10000000;nt2214
162214;10000000;nt2215
162215;10000000;nt2216
162216;10000000;nt2217
162217;10000000;nt2218
162218;10000000;nt2219
162219;10000000;nt2220
162220;10000000;nt2221
162221;10000000;nt2222
162222;10000000;nt2223
162223;10000000;nt2224
162224;10000000;nt2225
162225;10000000;nt2226
162226;10000000;nt2227
162227;10000000;nt2228
162228;10000000;nt2229
162229;10000000;nt2230
162230;10000000;nt2231
162231;10000000;nt2232
162232;10000000;nt2233
162233;10000000;nt2234
162234;10000000;nt2235
162235;10000000;nt2236
162236;10000000;nt2237
162237;10000000;nt2238
162238;10000000;nt2239
162239;10000000;nt2240
162240;10000000;nt2241
162241;10000000;nt2242
162242;10000000;nt2243
162243;10000000;nt2244
162244;10000000;nt2245
162245;10000000;nt2246
162246;10000000;nt2247
162247;10000000;nt2248
162248;10000000;nt2249
162249;10000000;nt2250
162250;10000000;nt2251
162251;10000000;nt2252
162252;10000000;nt2253
162253;10000000;nt2254
162254;10000000;nt2255
162255;10000000;nt2256
162256;10000000;nt2257
162257;10000000;nt2258
162258;10000000;nt2259
162259;10000000;nt2260
162260;10000000;nt2261
162261;10000000;nt2262
162262;10000000;nt2263
162263;10000000;nt2264
162264;10000000;nt2265
162265;10000000;nt2266
162266;10000000;nt2267
162267;10000000;nt2268
162268;10000000;nt2269
162269;10000000;nt2270
162270;10000000;nt2271
162271;10000000;nt2272
162272;10000000;nt2273
162273;10000000;nt2274
162274;10000000;nt2275
162275;10000000;nt2276
162276;10000000;nt2277
162277;10000000;nt2278
162278;10000000;nt2279
162279;10000000;nt2280
162280;10000000;nt2281
162281;10000000;nt2282
162282;10000000;nt2283
162283;10000000;nt2284
162284;10000000;nt2285
162285;10000000;nt2286
162286;10000000;nt2287
162287;10000000;nt2288
162288;10000000;nt2289
162289;10000000;nt2290
162290;10000000;nt2291
162291;10000000;nt2292
162292;10000000;nt2293
162293;10000000;nt2294
162294;10000000;nt2295
162295;10000000;nt2296
162296;10000000;nt2297
162297;10000000;nt2298
162298;10000000;nt2299
162299;10000000;nt2300
162300;10000000;nt2301
162301;10000000;nt2302
162302;10000000;nt2303
162303;10000000;nt2304
162304;10000000;nt2305
162305;10000000;nt2306
162306;10000000;nt2307
162307;10000000;nt2308
162308;10000000;nt2309
162309;10000000;nt2310
162310;10000000;nt2311
162311;10000000;nt2312
162312;10000000;nt2313
162313;10000000;nt2314
162314;10000000;nt2315
162315;10000000;nt2316
162316;10000000;nt2317
162317;10000000;nt2318
162318;10000000;nt2319
162319;10000000;nt2320
162320;10000000;nt2321
162321;10000000;nt2322
162322;10000000;nt2323
162323;10000000;nt2324
162324;10000000;nt2325
162325;10000000;nt2326
162326;10000000;nt2327
162327;10000000;nt2328
162328;10000000;nt2329
162329;10000000;nt2330
162330;10000000;nt2331
162331;10000000;nt2332
162332;10000000;nt2333
162333;10000000;nt2334
162334;10000000;nt2335
162335;10000000;nt2336
162336;10000000;nt2337
162337;10000000;nt2338
162338;10000000;nt2339
162339;10000000;nt2340
162340;10000000;nt2341
162341;10000000;nt2342
162342;10000000;nt2343
162343;10000000;nt2344
162344;10000000;nt2345
162345;10000000;nt2346
162346;10000000;nt2347
162347;10000000;nt2348
162348;10000000;nt2349
162349;10000000;nt2350
162350;10000000;nt2351
162351;10000000;nt2352
162352;10000000;nt2353
162353;10000000;nt2354
162354;10000000;nt2355
162355;10000000;nt2356
162356;10000000;nt2357
162357;10000000;nt2358
162358;10000000;nt2359
162359;10000000;nt2360
162360;10000000;nt2361
162361;10000000;nt2362
162362;10000000;nt2363
162363;10000000;nt2364
162364;10000000;nt2365
162365;10000000;nt2366
162366;10000000;nt2367
162367;10000000;nt2368
162368;10000000;nt2369
162369;10000000;nt2370
162370;10000000;nt2371
162371;10000000;nt2372
162372;10000000;nt2373
162373;10000000;nt2374
162374;10000000;nt2375
162375;10000000;nt2376
162376;10000000;nt2377
162377;10000000;nt2378
162378;10000000;nt2379
162379;10000000;nt2380
162380;10000000;nt2381
162381;10000000;nt2382
162382;10000000;nt2383
162383;10000000;nt2384
162384;10000000;nt2385
162385;10000000;nt2386
162386;10000000;nt2387
162387;10000000;nt2388
162388;10000000;nt2389
162389;10000000;nt2390
162390;10000000;nt2391
162391;10000000;nt2392
162392;10000000;nt2393
162393;10000000;nt2394
162394;10000000;nt2395
162395;10000000;nt2396
162396;10000000;nt2397
162397;10000000;nt2398
162398;10000000;nt2399
162399;10000000;nt2400
162400;10000000;nt2401
162401;10000000;nt2402
162402;10000000;nt2403
162403;10000000;nt2404
162404;10000000;nt2405
162405;10000000;nt2406
162406;10000000;nt2407
162407;10000000;nt2408
162408;10000000;nt2409
162409;10000000;nt2410
162410;10000000;nt2411
162411;10000000;nt2412
162412;10000000;nt2413
162413;10000000;nt2414
162414;10000000;nt2415
162415;10000000;nt2416
162416;10000000;nt2417
162417;10000000;nt2418
162418;10000000;nt2419
162419;10000000;nt2420
162420;10000000;nt2421
162421;10000000;nt2422
162422;10000000;nt2423
162423;10000000;nt2424
162424;10000000;nt2425
162425;10000000;nt2426
162426;10000000;nt2427
162427;10000000;nt2428
162428;10000000;nt2429
162429;10000000;nt2430
162430;10000000;nt2431
162431;10000000;nt2432
162432;10000000;nt2433
162433;10000000;nt2434
162434;10000000;nt2435
162435;10000000;nt2436
162436;10000000;nt2437
162437;10000000;nt2438
162438;10000000;nt2439
162439;10000000;nt2440
162440;10000000;nt2441
162441;10000000;nt2442
162442;10000000;nt2443
162443;10000000;nt2444
162444;10000000;nt2445
162445;10000000;nt2446
162446;10000000;nt2447
162447;10000000;nt2448
162448;10000000;nt2449
162449;10000000;nt2450
162450;10000000;nt2451
162451;10000000;nt2452
162452;10000000;nt2453
162453;10000000;nt2454
162454;10000000;nt2455
162455;10000000;nt2456
162456;10000000;nt2457
162457;10000000;nt2458
162458;10000000;nt2459
162459;10000000;nt2460
162460;10000000;nt2461
162461;10000000;nt2462
162462;10000000;nt2463
162463;10000000;nt2464
162464;10000000;nt2465
162465;10000000;nt2466
162466;10000000;nt2467
162467;10000000;nt2468
162468;10000000;nt2469
162469;10000000;nt2470
162470;10000000;nt2471
162471;10000000;nt2472
162472;10000000;nt2473
162473;10000000;nt2474
162474;10000000;nt2475
162475;10000000;nt2476
162476;10000000;nt2477
162477;10000000;nt2478
162478;10000000;nt2479
162479;10000000;nt2480
162480;10000000;nt2481
162481;10000000;nt2482
162482;10000000;nt2483
162483;10000000;nt2484
162484;10000000;nt2485
162485;10000000;nt2486
162486;10000000;nt2487
162487;10000000;nt2488
162488;10000000;nt2489
162489;10000000;nt2490
162490;10000000;nt2491
162491;10000000;nt2492
162492;10000000;nt2493
162493;10000000;nt2494
162494;10000000;nt2495
162495;10000000;nt2496
162496;10000000;nt2497
162497;10000000;nt2498
162498;10000000;nt2499
162499;10000000;nt2500
162500;10000000;nt2501
162501;10000000;nt2502
162502;10000000;nt2503
162503;10000000;nt2504
162504;10000000;nt2505
162505;10000000;nt2506
162506;10000000;nt2507
162507;10000000;nt2508
162508;10000000;nt2509
162509;10000000;nt2510
162510;10000000;nt2511
162511;10000000;nt2512
162512;10000000;nt2513
162513;10000000;nt2514
162514;10000000;nt2515
162515;10000000;nt2516
162516;10000000;nt2517
162517;10000000;nt2518
162518;10000000;nt2519
162519;10000000;nt2520
162520;10000000;nt2521
162521;10000000;nt2522
162522;10000000;nt2523
162523;10000000;nt2524
162524;10000000;nt2525
162525;10000000;nt2526
162526;10000000;nt2527
162527;10000000;nt2528
162528;10000000;nt2529
162529;10000000;nt2530
162530;10000000;nt2531
162531;10000000;nt2532
162532;10000000;nt2533
162533;10000000;nt2534
162534;10000000;nt2535
162535;10000000;nt2536
162536;10000000;nt2537
162537;10000000;nt2538
162538;10000000;nt2539
162539;10000000;nt2540
162540;10000000;nt2541
162541;10000000;nt2542
162542;10000000;nt2543
162543;10000000;nt2544
162544;10000000;nt2545
162545;10000000;nt2546
162546;10000000;nt2547
162547;10000000;nt2548
162548;10000000;nt2549
162549;10000000;nt2550
162550;10000000;nt2551
162551;10000000;nt2552
162552;10000000;nt2553
162553;10000000;nt2554
162554;10000000;nt2555
162555;10000000;nt2556
162556;10000000;nt2557
162557;10000000;nt2558
162558;10000000;nt2559
162559;10000000;nt2560
162560;10000000;nt2561
162561;10000000;nt2562
162562;10000000;nt2563
162563;10000000;nt2564
162564;10000000;nt2565
162565;10000000;nt2566
162566;10000000;nt2567
162567;10000000;nt2568
162568;10000000;nt2569
162569;10000000;nt2570
162570;10000000;nt2571
162571;10000000;nt2572
162572;10000000;nt2573
162573;10000000;nt2574
162574;10000000;nt2575
162575;10000000;nt2576
162576;10000000;nt2577
162577;10000000;nt2578
162578;10000000;nt2579
162579;10000000;nt2580
162580;10000000;nt2581
162581;10000000;nt2582
162582;10000000;nt2583
162583;10000000;nt2584
162584;10000000;nt2585
162585;10000000;nt2586
162586;10000000;nt2587
162587;10000000;nt2588
162588;10000000;nt2589
162589;10000000;nt2590
162590;10000000;nt2591
162591;10000000;nt2592
162592;10000000;nt2593
162593;10000000;nt2594
162594;10000000;nt2595
162595;10000000;nt2596
162596;10000000;nt2597
162597;10000000;nt2598
162598;10000000;nt2599
162599;10000000;nt2600
162600;10000000;nt2601
162601;10000000;nt2602
162602;10000000;nt2603
162603;10000000;nt2604
162604;10000000;nt2605
162605;10000000;nt2606
162606;10000000;nt2607
162607;10000000;nt2608
162608;10000000;nt2609
162609;10000000;nt2610
162610;10000000;nt2611
162611;10000000;nt2612
162612;10000000;nt2613
162613;10000000;nt2614
162614;10000000;nt2615
162615;10000000;nt2616
162616;10000000;nt2617
162617;10000000;nt2618
162618;10000000;nt2619
162619;10000000;nt2620
162620;10000000;nt2621
162621;10000000;nt2622
162622;10000000;nt2623
162623;10000000;nt2624
162624;10000000;nt2625
162625;10000000;nt2626
162626;10000000;nt2627
162627;10000000;nt2628
162628;10000000;nt2629
162629;10000000;nt2630
162630;10000000;nt2631
162631;10000000;nt2632
162632;10000000;nt2633
162633;10000000;nt2634
162634;10000000;nt2635
162635;10000000;nt2636
162636;10000000;nt2637
162637;10000000;nt2638
162638;10000000;nt2639
162639;10000000;nt2640
162640;10000000;nt2641
162641;10000000;nt2642
162642;10000000;nt2643
162643;10000000;nt2644
162644;10000000;nt2645
162645;10000000;nt2646
162646;10000000;nt2647
162647;10000000;nt2648
162648;10000000;nt2649
162649;10000000;nt2650
162650;10000000;nt2651
162651;10000000;nt2652
162652;10000000;nt2653
162653;10000000;nt2654
162654;10000000;nt2655
162655;10000000;nt2656
162656;10000000;nt2657
162657;10000000;nt2658
162658;10000000;nt2659
162659;10000000;nt2660
162660;10000000;nt2661
162661;10000000;nt2662
162662;10000000;nt2663
162663;10000000;nt2664
162664;10000000;nt2665
162665;10000000;nt2666
162666;10000000;nt2667
162667;10000000;nt2668
162668;10000000;nt2669
162669;10000000;nt2670
162670;10000000;nt2671
162671;10000000;nt2672
162672;10000000;nt2673
162673;10000000;nt2674
162674;10000000;nt2675
162675;10000000;nt2676
162676;10000000;nt2677
162677;10000000;nt2678
162678;10000000;nt2679
162679;10000000;nt2680
162680;10000000;nt2681
162681;10000000;nt2682
162682;10000000;nt2683
162683;10000000;nt2684
162684;10000000;nt2685
162685;10000000;nt2686
162686;10000000;nt2687
162687;10000000;nt2688
162688;10000000;nt2689
162689;10000000;nt2690
162690;10000000;nt2691
162691;10000000;nt2692
162692;10000000;nt2693
162693;10000000;nt2694
162694;10000000;nt2695
162695;10000000;nt2696
162696;10000000;nt2697
162697;10000000;nt2698
162698;10000000;nt2699
162699;10000000;nt2700
162700;10000000;nt2701
162701;10000000;nt2702
162702;10000000;nt2703
162703;10000000;nt2704
162704;10000000;nt2705
162705;10000000;nt2706
162706;10000000;nt2707
162707;10000000;nt2708
162708;10000000;nt2709
162709;10000000;nt2710
162710;10000000;nt2711
162711;10000000;nt2712
162712;10000000;nt2713
162713;10000000;nt2714
162714;10000000;nt2715
162715;10000000;nt2716
162716;10000000;nt2717
162717;10000000;nt2718
162718;10000000;nt2719
162719;10000000;nt2720
162720;10000000;nt2721
162721;10000000;nt2722
162722;10000000;nt2723
162723;10000000;nt2724
162724;10000000;nt2725
162725;10000000;nt2726
162726;10000000;nt2727
162727;10000000;nt2728
162728;10000000;nt2729
162729;10000000;nt2730
162730;10000000;nt2731
162731;10000000;nt2732
162732;10000000;nt2733
162733;10000000;nt2734
162734;10000000;nt2735
162735;10000000;nt2736
162736;10000000;nt2737
162737;10000000;nt2738
162738;10000000;nt2739
162739;10000000;nt2740
162740;10000000;nt2741
162741;10000000;nt2742
162742;10000000;nt2743
162743;10000000;nt2744
162744;10000000;nt2745
162745;10000000;nt2746
162746;10000000;nt2747
162747;10000000;nt2748
162748;10000000;nt2749
162749;10000000;nt2750
162750;10000000;nt2751
162751;10000000;nt2752
162752;10000000;nt2753
162753;10000000;nt2754
162754;10000000;nt2755
162755;10000000;nt2756
162756;10000000;nt2757
162757;10000000;nt2758
162758;10000000;nt2759
162759;10000000;nt2760
162760;10000000;nt2761
162761;10000000;nt2762
162762;10000000;nt2763
162763;10000000;nt2764
162764;10000000;nt2765
162765;10000000;nt2766
162766;10000000;nt2767
162767;10000000;nt2768
162768;10000000;nt2769
162769;10000000;nt2770
162770;10000000;nt2771
162771;10000000;nt2772
162772;10000000;nt2773
162773;10000000;nt2774
162774;10000000;nt2775
162775;10000000;nt2776
162776;10000000;nt2777
162777;10000000;nt2778
162778;10000000;nt2779
162779;10000000;nt2780
162780;10000000;nt2781
162781;10000000;nt2782
162782;10000000;nt2783
162783;10000000;nt2784
162784;10000000;nt2785
162785;10000000;nt2786
162786;10000000;nt2787
162787;10000000;nt2788
162788;10000000;nt2789
162789;10000000;nt2790
162790;10000000;nt2791
162791;10000000;nt2792
162792;10000000;nt2793
162793;10000000;nt2794
162794;10000000;nt2795
162795;10000000;nt2796
162796;10000000;nt2797
162797;10000000;nt2798
162798;10000000;nt2799
162799;10000000;nt2800
162800;10000000;nt2801
162801;10000000;nt2802
162802;10000000;nt2803
162803;10000000;nt2804
162804;10000000;nt2805
162805;10000000;nt2806
162806;10000000;nt2807
162807;10000000;nt2808
162808;10000000;nt2809
162809;10000000;nt2810
162810;10000000;nt2811
162811;10000000;nt2812
162812;10000000;nt2813
162813;10000000;nt2814
162814;10000000;nt2815
162815;10000000;nt2816
162816;10000000;nt2817
162817;10000000;nt2818
162818;10000000;nt2819
162819;10000000;nt2820
162820;10000000;nt2821
162821;10000000;nt2822
162822;10000000;nt2823
162823;10000000;nt2824
162824;10000000;nt2825
162825;10000000;nt2826
162826;10000000;nt2827
162827;10000000;nt2828
162828;10000000;nt2829
162829;10000000;nt2830
162830;10000000;nt2831
162831;10000000;nt2832
162832;10000000;nt2833
162833;10000000;nt2834
162834;10000000;nt2835
162835;10000000;nt2836
162836;10000000;nt2837
162837;10000000;nt2838
162838;10000000;nt2839
162839;10000000;nt2840
162840;10000000;nt2841
162841;10000000;nt2842
162842;10000000;nt2843
162843;10000000;nt2844
162844;10000000;nt2845
162845;10000000;nt2846
162846;10000000;nt2847
162847;10000000;nt2848
162848;10000000;nt2849
162849;10000000;nt2850
162850;10000000;nt2851
162851;10000000;nt2852
162852;10000000;nt2853
162853;10000000;nt2854
162854;10000000;nt2855
162855;10000000;nt2856
162856;10000000;nt2857
162857;10000000;nt2858
162858;10000000;nt2859
162859;10000000;nt2860
162860;10000000;nt2861
162861;10000000;nt2862
162862;10000000;nt2863
162863;10000000;nt2864
162864;10000000;nt2865
162865;10000000;nt2866
162866;10000000;nt2867
162867;10000000;nt2868
162868;10000000;nt2869
162869;10000000;nt2870
162870;10000000;nt2871
162871;10000000;nt2872
162872;10000000;nt2873
162873;10000000;nt2874
162874;10000000;nt2875
162875;10000000;nt2876
162876;10000000;nt2877
162877;10000000;nt2878
162878;10000000;nt2879
162879;10000000;nt2880
162880;10000000;nt2881
162881;10000000;nt2882
162882;10000000;nt2883
162883;10000000;nt2884
162884;10000000;nt2885
162885;10000000;nt2886
162886;10000000;nt2887
162887;10000000;nt2888
162888;10000000;nt2889
162889;10000000;nt2890
162890;10000000;nt2891
162891;10000000;nt2892
162892;10000000;nt2893
162893;10000000;nt2894
162894;10000000;nt2895
162895;10000000;nt2896
162896;10000000;nt2897
162897;10000000;nt2898
162898;10000000;nt2899
162899;10000000;nt2900
162900;10000000;nt2901
162901;10000000;nt2902
162902;10000000;nt2903
162903;10000000;nt2904
162904;10000000;nt2905
162905;10000000;nt2906
162906;10000000;nt2907
162907;10000000;nt2908
162908;10000000;nt2909
162909;10000000;nt2910
162910;10000000;nt2911
162911;10000000;nt2912
162912;10000000;nt2913
162913;10000000;nt2914
162914;10000000;nt2915
162915;10000000;nt2916
162916;10000000;nt2917
162917;10000000;nt2918
162918;10000000;nt2919
162919;10000000;nt2920
162920;10000000;nt2921
162921;10000000;nt2922
162922;10000000;nt2923
162923;10000000;nt2924
162924;10000000;nt2925
162925;10000000;nt2926
162926;10000000;nt2927
162927;10000000;nt2928
162928;10000000;nt2929
162929;10000000;nt2930
162930;10000000;nt2931
162931;10000000;nt2932
162932;10000000;nt2933
162933;10000000;nt2934
162934;10000000;nt2935
162935;10000000;nt2936
162936;10000000;nt2937
162937;10000000;nt2938
162938;10000000;nt2939
162939;10000000;nt2940
162940;10000000;nt2941
162941;10000000;nt2942
162942;10000000;nt2943
162943;10000000;nt2944
162944;10000000;nt2945
162945;10000000;nt2946
162946;10000000;nt2947
162947;10000000;nt2948
162948;10000000;nt2949
162949;10000000;nt2950
162950;10000000;nt2951
162951;10000000;nt2952
162952;10000000;nt2953
162953;10000000;nt2954
162954;10000000;nt2955
162955;10000000;nt2956
162956;10000000;nt2957
162957;10000000;nt2958
162958;10000000;nt2959
162959;10000000;nt2960
162960;10000000;nt2961
162961;10000000;nt2962
162962;10000000;nt2963
162963;10000000;nt2964
162964;10000000;nt2965
162965;10000000;nt2966
162966;10000000;nt2967
162967;10000000;nt2968
162968;10000000;nt2969
162969;10000000;nt2970
162970;10000000;nt2971
162971;10000000;nt2972
162972;10000000;nt2973
162973;10000000;nt2974
162974;10000000;nt2975
162975;10000000;nt2976
162976;10000000;nt2977
162977;10000000;nt2978
162978;10000000;nt2979
162979;10000000;nt2980
162980;10000000;nt2981
162981;10000000;nt2982
162982;10000000;nt2983
162983;10000000;nt2984
162984;10000000;nt2985
162985;10000000;nt2986
162986;10000000;nt2987
162987;10000000;nt2988
162988;10000000;nt2989
162989;10000000;nt2990
162990;10000000;nt2991
162991;10000000;nt2992
162992;10000000;nt2993
162993;10000000;nt2994
162994;10000000;nt2995
162995;10000000;nt2996
162996;10000000;nt2997
162997;10000000;nt2998
162998;10000000;nt2999
162999;10000000;nt3000
163000;10000000;nt3001
163001;10000000;nt3002
163002;10000000;nt3003
163003;10000000;nt3004
163004;10000000;nt3005
163005;10000000;nt3006
163006;10000000;nt3007
163007;10000000;nt3008
163008;10000000;nt3009
163009;10000000;nt3010
163010;10000000;nt3011
163011;10000000;nt3012
163012;10000000;nt3013
163013;10000000;nt3014
163014;10000000;nt3015
163015;10000000;nt3016
163016;10000000;nt3017
163017;10000000;nt3018
163018;10000000;nt3019
163019;10000000;nt3020
163020;10000000;nt3021
163021;10000000;nt3022
163022;10000000;nt3023
163023;10000000;nt3024
163024;10000000;nt3025
163025;10000000;nt3026
163026;10000000;nt3027
163027;10000000;nt3028
163028;10000000;nt3029
163029;10000000;nt3030
163030;10000000;nt3031
163031;10000000;nt3032
163032;10000000;nt3033
163033;10000000;nt3034
163034;10000000;nt3035
163035;10000000;nt3036
163036;10000000;nt3037
163037;10000000;nt3038
163038;10000000;nt3039
163039;10000000;nt3040
163040;10000000;nt3041
163041;10000000;nt3042
163042;10000000;nt3043
163043;10000000;nt3044
163044;10000000;nt3045
163045;10000000;nt3046
163046;10000000;nt3047
163047;10000000;nt3048
163048;10000000;nt3049
163049;10000000;nt3050
163050;10000000;nt3051
163051;10000000;nt3052
163052;10000000;nt3053
163053;10000000;nt3054
163054;10000000;nt3055
163055;10000000;nt3056
163056;10000000;nt3057
163057;10000000;nt3058
163058;10000000;nt3059
163059;10000000;nt3060
163060;10000000;nt3061
163061;10000000;nt3062
163062;10000000;nt3063
163063;10000000;nt3064
163064;10000000;nt3065
163065;10000000;nt3066
163066;10000000;nt3067
163067;10000000;nt3068
163068;10000000;nt3069
163069;10000000;nt3070
163070;10000000;nt3071
163071;10000000;nt3072
163072;10000000;nt3073
163073;10000000;nt3074
163074;10000000;nt3075
163075;10000000;nt3076
163076;10000000;nt3077
163077;10000000;nt3078
163078;10000000;nt3079
163079;10000000;nt3080
163080;10000000;nt3081
163081;10000000;nt3082
163082;10000000;nt3083
163083;10000000;nt3084
163084;10000000;nt3085
163085;10000000;nt3086
163086;10000000;nt3087
163087;10000000;nt3088
163088;10000000;nt3089
163089;10000000;nt3090
163090;10000000;nt3091
163091;10000000;nt3092
163092;10000000;nt3093
163093;10000000;nt3094
163094;10000000;nt3095
163095;10000000;nt3096
163096;10000000;nt3097
163097;10000000;nt3098
163098;10000000;nt3099
163099;10000000;nt3100
163100;10000000;nt3101
163101;10000000;nt3102
163102;10000000;nt3103
163103;10000000;nt3104
163104;10000000;nt3105
163105;10000000;nt3106
163106;10000000;nt3107
163107;10000000;nt3108
163108;10000000;nt3109
163109;10000000;nt3110
163110;10000000;nt3111
163111;10000000;nt3112
163112;10000000;nt3113
163113;10000000;nt3114
163114;10000000;nt3115
163115;10000000;nt3116
163116;10000000;nt3117
163117;10000000;nt3118
163118;10000000;nt3119
163119;10000000;nt3120
163120;10000000;nt3121
163121;10000000;nt3122
163122;10000000;nt3123
163123;10000000;nt3124
163124;10000000;nt3125
163125;10000000;nt3126
163126;10000000;nt3127
163127;10000000;nt3128
163128;10000000;nt3129
163129;10000000;nt3130
163130;10000000;nt3131
163131;10000000;nt3132
163132;10000000;nt3133
163133;10000000;nt3134
163134;10000000;nt3135
163135;10000000;nt3136
163136;10000000;nt3137
163137;10000000;nt3138
163138;10000000;nt3139
163139;10000000;nt3140
163140;10000000;nt3141
163141;10000000;nt3142
163142;10000000;nt3143
163143;10000000;nt3144
163144;10000000;nt3145
163145;10000000;nt3146
163146;10000000;nt3147
163147;10000000;nt3148
163148;10000000;nt3149
163149;10000000;nt3150
163150;10000000;nt3151
163151;10000000;nt3152
163152;10000000;nt3153
163153;10000000;nt3154
163154;10000000;nt3155
163155;10000000;nt3156
163156;10000000;nt3157
163157;10000000;nt3158
163158;10000000;nt3159
163159;10000000;nt3160
163160;10000000;nt3161
163161;10000000;nt3162
163162;10000000;nt3163
163163;10000000;nt3164
163164;10000000;nt3165
163165;10000000;nt3166
163166;10000000;nt3167
163167;10000000;nt3168
163168;10000000;nt3169
163169;10000000;nt3170
163170;10000000;nt3171
163171;10000000;nt3172
163172;10000000;nt3173
163173;10000000;nt3174
163174;10000000;nt3175
163175;10000000;nt3176
163176;10000000;nt3177
163177;10000000;nt3178
163178;10000000;nt3179
163179;10000000;nt3180
163180;10000000;nt3181
163181;10000000;nt3182
163182;10000000;nt3183
163183;10000000;nt3184
163184;10000000;nt3185
163185;10000000;nt3186
163186;10000000;nt3187
163187;10000000;nt3188
163188;10000000;nt3189
163189;10000000;nt3190
163190;10000000;nt3191
163191;10000000;nt3192
163192;10000000;nt3193
163193;10000000;nt3194
163194;10000000;nt3195
163195;10000000;nt3196
163196;10000000;nt3197
163197;10000000;nt3198
163198;10000000;nt3199
163199;10000000;nt3200
163200;10000000;nt3201
163201;10000000;nt3202
163202;10000000;nt3203
163203;10000000;nt3204
163204;10000000;nt3205
163205;10000000;nt3206
163206;10000000;nt3207
163207;10000000;nt3208
163208;10000000;nt3209
163209;10000000;nt3210
163210;10000000;nt3211
163211;10000000;nt3212
163212;10000000;nt3213
163213;10000000;nt3214
163214;10000000;nt3215
163215;10000000;nt3216
163216;10000000;nt3217
163217;10000000;nt3218
163218;10000000;nt3219
163219;10000000;nt3220
163220;10000000;nt3221
163221;10000000;nt3222
163222;10000000;nt3223
163223;10000000;nt3224
163224;10000000;nt3225
163225;10000000;nt3226
163226;10000000;nt3227
163227;10000000;nt3228
163228;10000000;nt3229
163229;10000000;nt3230
163230;10000000;nt3231
163231;10000000;nt3232
163232;10000000;nt3233
163233;10000000;nt3234
163234;10000000;nt3235
163235;10000000;nt3236
163236;10000000;nt3237
163237;10000000;nt3238
163238;10000000;nt3239
163239;10000000;nt3240
163240;10000000;nt3241
163241;10000000;nt3242
163242;10000000;nt3243
163243;10000000;nt3244
163244;10000000;nt3245
163245;10000000;nt3246
163246;10000000;nt3247
163247;10000000;nt3248
163248;10000000;nt3249
163249;10000000;nt3250
163250;10000000;nt3251
163251;10000000;nt3252
163252;10000000;nt3253
163253;10000000;nt3254
163254;10000000;nt3255
163255;10000000;nt3256
163256;10000000;nt3257
163257;10000000;nt3258
163258;10000000;nt3259
163259;10000000;nt3260
163260;10000000;nt3261
163261;10000000;nt3262
163262;10000000;nt3263
163263;10000000;nt3264
163264;10000000;nt3265
163265;10000000;nt3266
163266;10000000;nt3267
163267;10000000;nt3268
163268;10000000;nt3269
163269;10000000;nt3270
163270;10000000;nt3271
163271;10000000;nt3272
163272;10000000;nt3273
163273;10000000;nt3274
163274;10000000;nt3275
163275;10000000;nt3276
163276;10000000;nt3277
163277;10000000;nt3278
163278;10000000;nt3279
163279;10000000;nt3280
163280;10000000;nt3281
163281;10000000;nt3282
163282;10000000;nt3283
163283;10000000;nt3284
163284;10000000;nt3285
163285;10000000;nt3286
163286;10000000;nt3287
163287;10000000;nt3288
163288;10000000;nt3289
163289;10000000;nt3290
163290;10000000;nt3291
163291;10000000;nt3292
163292;10000000;nt3293
163293;10000000;nt3294
163294;10000000;nt3295
163295;10000000;nt3296
163296;10000000;nt3297
163297;10000000;nt3298
163298;10000000;nt3299
163299;10000000;nt3300
163300;10000000;nt3301
163301;10000000;nt3302
163302;10000000;nt3303
163303;10000000;nt3304
163304;10000000;nt3305
163305;10000000;nt3306
163306;10000000;nt3307
163307;10000000;nt3308
163308;10000000;nt3309
163309;10000000;nt3310
163310;10000000;nt3311
163311;10000000;nt3312
163312;10000000;nt3313
163313;10000000;nt3314
163314;10000000;nt3315
163315;10000000;nt3316
163316;10000000;nt3317
163317;10000000;nt3318
163318;10000000;nt3319
163319;10000000;nt3320
163320;10000000;nt3321
163321;10000000;nt3322
163322;10000000;nt3323
163323;10000000;nt3324
163324;10000000;nt3325
163325;10000000;nt3326
163326;10000000;nt3327
163327;10000000;nt3328
163328;10000000;nt3329
163329;10000000;nt3330
163330;10000000;nt3331
163331;10000000;nt3332
163332;10000000;nt3333
163333;10000000;nt3334
163334;10000000;nt3335
163335;10000000;nt3336
163336;10000000;nt3337
163337;10000000;nt3338
163338;10000000;nt3339
163339;10000000;nt3340
163340;10000000;nt3341
163341;10000000;nt3342
163342;10000000;nt3343
163343;10000000;nt3344
163344;10000000;nt3345
163345;10000000;nt3346
163346;10000000;nt3347
163347;10000000;nt3348
163348;10000000;nt3349
163349;10000000;nt3350
163350;10000000;nt3351
163351;10000000;nt3352
163352;10000000;nt3353
163353;10000000;nt3354
163354;10000000;nt3355
163355;10000000;nt3356
163356;10000000;nt3357
163357;10000000;nt3358
163358;10000000;nt3359
163359;10000000;nt3360
163360;10000000;nt3361
163361;10000000;nt3362
163362;10000000;nt3363
163363;10000000;nt3364
163364;10000000;nt3365
163365;10000000;nt3366
163366;10000000;nt3367
163367;10000000;nt3368
163368;10000000;nt3369
163369;10000000;nt3370
163370;10000000;nt3371
163371;10000000;nt3372
163372;10000000;nt3373
163373;10000000;nt3374
163374;10000000;nt3375
163375;10000000;nt3376
163376;10000000;nt3377
163377;10000000;nt3378
163378;10000000;nt3379
163379;10000000;nt3380
163380;10000000;nt3381
163381;10000000;nt3382
163382;10000000;nt3383
163383;10000000;nt3384
163384;10000000;nt3385
163385;10000000;nt3386
163386;10000000;nt3387
163387;10000000;nt3388
163388;10000000;nt3389
163389;10000000;nt3390
163390;10000000;nt3391
163391;10000000;nt3392
163392;10000000;nt3393
163393;10000000;nt3394
163394;10000000;nt3395
163395;10000000;nt3396
163396;10000000;nt3397
163397;10000000;nt3398
163398;10000000;nt3399
163399;10000000;nt3400
163400;10000000;nt3401
163401;10000000;nt3402
163402;10000000;nt3403
163403;10000000;nt3404
163404;10000000;nt3405
163405;10000000;nt3406
163406;10000000;nt3407
163407;10000000;nt3408
163408;10000000;nt3409
163409;10000000;nt3410
163410;10000000;nt3411
163411;10000000;nt3412
163412;10000000;nt3413
163413;10000000;nt3414
163414;10000000;nt3415
163415;10000000;nt3416
163416;10000000;nt3417
163417;10000000;nt3418
163418;10000000;nt3419
163419;10000000;nt3420
163420;10000000;nt3421
163421;10000000;nt3422
163422;10000000;nt3423
163423;10000000;nt3424
163424;10000000;nt3425
163425;10000000;nt3426
163426;10000000;nt3427
163427;10000000;nt3428
163428;10000000;nt3429
163429;10000000;nt3430
163430;10000000;nt3431
163431;10000000;nt3432
163432;10000000;nt3433
163433;10000000;nt3434
163434;10000000;nt3435
163435;10000000;nt3436
163436;10000000;nt3437
163437;10000000;nt3438
163438;10000000;nt3439
163439;10000000;nt3440
163440;10000000;nt3441
163441;10000000;nt3442
163442;10000000;nt3443
163443;10000000;nt3444
163444;10000000;nt3445
163445;10000000;nt3446
163446;10000000;nt3447
163447;10000000;nt3448
163448;10000000;nt3449
163449;10000000;nt3450
163450;10000000;nt3451
163451;10000000;nt3452
163452;10000000;nt3453
163453;10000000;nt3454
163454;10000000;nt3455
163455;10000000;nt3456
163456;10000000;nt3457
163457;10000000;nt3458
163458;10000000;nt3459
163459;10000000;nt3460
163460;10000000;nt3461
163461;10000000;nt3462
163462;10000000;nt3463
163463;10000000;nt3464
163464;10000000;nt3465
163465;10000000;nt3466
163466;10000000;nt3467
163467;10000000;nt3468
163468;10000000;nt3469
163469;10000000;nt3470
163470;10000000;nt3471
163471;10000000;nt3472
163472;10000000;nt3473
163473;10000000;nt3474
163474;10000000;nt3475
163475;10000000;nt3476
163476;10000000;nt3477
163477;10000000;nt3478
163478;10000000;nt3479
163479;10000000;nt3480
163480;10000000;nt3481
163481;10000000;nt3482
163482;10000000;nt3483
163483;10000000;nt3484
163484;10000000;nt3485
163485;10000000;nt3486
163486;10000000;nt3487
163487;10000000;nt3488
163488;10000000;nt3489
163489;10000000;nt3490
163490;10000000;nt3491
163491;10000000;nt3492
163492;10000000;nt3493
163493;10000000;nt3494
163494;10000000;nt3495
163495;10000000;nt3496
163496;10000000;nt3497
163497;10000000;nt3498
163498;10000000;nt3499
163499;10000000;nt3500
163500;10000000;nt3501
163501;10000000;nt3502
163502;10000000;nt3503
163503;10000000;nt3504
163504;10000000;nt3505
163505;10000000;nt3506
163506;10000000;nt3507
163507;10000000;nt3508
163508;10000000;nt3509
163509;10000000;nt3510
163510;10000000;nt3511
163511;10000000;nt3512
163512;10000000;nt3513
163513;10000000;nt3514
163514;10000000;nt3515
163515;10000000;nt3516
163516;10000000;nt3517
163517;10000000;nt3518
163518;10000000;nt3519
163519;10000000;nt3520
163520;10000000;nt3521
163521;10000000;nt3522
163522;10000000;nt3523
163523;10000000;nt3524
163524;10000000;nt3525
163525;10000000;nt3526
163526;10000000;nt3527
163527;10000000;nt3528
163528;10000000;nt3529
163529;10000000;nt3530
163530;10000000;nt3531
163531;10000000;nt3532
163532;10000000;nt3533
163533;10000000;nt3534
163534;10000000;nt3535
163535;10000000;nt3536
163536;10000000;nt3537
163537;10000000;nt3538
163538;10000000;nt3539
163539;10000000;nt3540
163540;10000000;nt3541
163541;10000000;nt3542
163542;10000000;nt3543
163543;10000000;nt3544
163544;10000000;nt3545
163545;10000000;nt3546
163546;10000000;nt3547
163547;10000000;nt3548
163548;10000000;nt3549
163549;10000000;nt3550
163550;10000000;nt3551
163551;10000000;nt3552
163552;10000000;nt3553
163553;10000000;nt3554
163554;10000000;nt3555
163555;10000000;nt3556
163556;10000000;nt3557
163557;10000000;nt3558
163558;10000000;nt3559
163559;10000000;nt3560
163560;10000000;nt3561
163561;10000000;nt3562
163562;10000000;nt3563
163563;10000000;nt3564
163564;10000000;nt3565
163565;10000000;nt3566
163566;10000000;nt3567
163567;10000000;nt3568
163568;10000000;nt3569
163569;10000000;nt3570
163570;10000000;nt3571
163571;10000000;nt3572
163572;10000000;nt3573
163573;10000000;nt3574
163574;10000000;nt3575
163575;10000000;nt3576
163576;10000000;nt3577
163577;10000000;nt3578
163578;10000000;nt3579
163579;10000000;nt3580
163580;10000000;nt3581
163581;10000000;nt3582
163582;10000000;nt3583
163583;10000000;nt3584
163584;10000000;nt3585
163585;10000000;nt3586
163586;10000000;nt3587
163587;10000000;nt3588
163588;10000000;nt3589
163589;10000000;nt3590
163590;10000000;nt3591
163591;10000000;nt3592
163592;10000000;nt3593
163593;10000000;nt3594
163594;10000000;nt3595
163595;10000000;nt3596
163596;10000000;nt3597
163597;10000000;nt3598
163598;10000000;nt3599
163599;10000000;nt3600
163600;10000000;nt3601
163601;10000000;nt3602
163602;10000000;nt3603
163603;10000000;nt3604
163604;10000000;nt3605
163605;10000000;nt3606
163606;10000000;nt3607
163607;10000000;nt3608
163608;10000000;nt3609
163609;10000000;nt3610
163610;10000000;nt3611
163611;10000000;nt3612
163612;10000000;nt3613
163613;10000000;nt3614
163614;10000000;nt3615
163615;10000000;nt3616
163616;10000000;nt3617
163617;10000000;nt3618
163618;10000000;nt3619
163619;10000000;nt3620
163620;10000000;nt3621
163621;10000000;nt3622
163622;10000000;nt3623
163623;10000000;nt3624
163624;10000000;nt3625
163625;10000000;nt3626
163626;10000000;nt3627
163627;10000000;nt3628
163628;10000000;nt3629
163629;10000000;nt3630
163630;10000000;nt3631
163631;10000000;nt3632
163632;10000000;nt3633
163633;10000000;nt3634
163634;10000000;nt3635
163635;10000000;nt3636
163636;10000000;nt3637
163637;10000000;nt3638
163638;10000000;nt3639
163639;10000000;nt3640
163640;10000000;nt3641
163641;10000000;nt3642
163642;10000000;nt3643
163643;10000000;nt3644
163644;10000000;nt3645
163645;10000000;nt3646
163646;10000000;nt3647
163647;10000000;nt3648
163648;10000000;nt3649
163649;10000000;nt3650
163650;10000000;nt3651
163651;10000000;nt3652
163652;10000000;nt3653
163653;10000000;nt3654
163654;10000000;nt3655
163655;10000000;nt3656
163656;10000000;nt3657
163657;10000000;nt3658
163658;10000000;nt3659
163659;10000000;nt3660
163660;10000000;nt3661
163661;10000000;nt3662
163662;10000000;nt3663
163663;10000000;nt3664
163664;10000000;nt3665
163665;10000000;nt3666
163666;10000000;nt3667
163667;10000000;nt3668
163668;10000000;nt3669
163669;10000000;nt3670
163670;10000000;nt3671
163671;10000000;nt3672
163672;10000000;nt3673
163673;10000000;nt3674
163674;10000000;nt3675
163675;10000000;nt3676
163676;10000000;nt3677
163677;10000000;nt3678
163678;10000000;nt3679
163679;10000000;nt3680
163680;10000000;nt3681
163681;10000000;nt3682
163682;10000000;nt3683
163683;10000000;nt3684
163684;10000000;nt3685
163685;10000000;nt3686
163686;10000000;nt3687
163687;10000000;nt3688
163688;10000000;nt3689
163689;10000000;nt3690
163690;10000000;nt3691
163691;10000000;nt3692
163692;10000000;nt3693
163693;10000000;nt3694
163694;10000000;nt3695
163695;10000000;nt3696
163696;10000000;nt3697
163697;10000000;nt3698
163698;10000000;nt3699
163699;10000000;nt3700
163700;10000000;nt3701
163701;10000000;nt3702
163702;10000000;nt3703
163703;10000000;nt3704
163704;10000000;nt3705
163705;10000000;nt3706
163706;10000000;nt3707
163707;10000000;nt3708
163708;10000000;nt3709
163709;10000000;nt3710
163710;10000000;nt3711
163711;10000000;nt3712
163712;10000000;nt3713
163713;10000000;nt3714
163714;10000000;nt3715
163715;10000000;nt3716
163716;10000000;nt3717
163717;10000000;nt3718
163718;10000000;nt3719
163719;10000000;nt3720
163720;10000000;nt3721
163721;10000000;nt3722
163722;10000000;nt3723
163723;10000000;nt3724
163724;10000000;nt3725
163725;10000000;nt3726
163726;10000000;nt3727
163727;10000000;nt3728
163728;10000000;nt3729
163729;10000000;nt3730
163730;10000000;nt3731
163731;10000000;nt3732
163732;10000000;nt3733
163733;10000000;nt3734
163734;10000000;nt3735
163735;10000000;nt3736
163736;10000000;nt3737
163737;10000000;nt3738
163738;10000000;nt3739
163739;10000000;nt3740
163740;10000000;nt3741
163741;10000000;nt3742
163742;10000000;nt3743
163743;10000000;nt3744
163744;10000000;nt3745
163745;10000000;nt3746
163746;10000000;nt3747
163747;10000000;nt3748
163748;10000000;nt3749
163749;10000000;nt3750
163750;10000000;nt3751
163751;10000000;nt3752
163752;10000000;nt3753
163753;10000000;nt3754
163754;10000000;nt3755
163755;10000000;nt3756
163756;10000000;nt3757
163757;10000000;nt3758
163758;10000000;nt3759
163759;10000000;nt3760
163760;10000000;nt3761
163761;10000000;nt3762
163762;10000000;nt3763
163763;10000000;nt3764
163764;10000000;nt3765
163765;10000000;nt3766
163766;10000000;nt3767
163767;10000000;nt3768
163768;10000000;nt3769
163769;10000000;nt3770
163770;10000000;nt3771
163771;10000000;nt3772
163772;10000000;nt3773
163773;10000000;nt3774
163774;10000000;nt3775
163775;10000000;nt3776
163776;10000000;nt3777
163777;10000000;nt3778
163778;10000000;nt3779
163779;10000000;nt3780
163780;10000000;nt3781
163781;10000000;nt3782
163782;10000000;nt3783
163783;10000000;nt3784
163784;10000000;nt3785
163785;10000000;nt3786
163786;10000000;nt3787
163787;10000000;nt3788
163788;10000000;nt3789
163789;10000000;nt3790
163790;10000000;nt3791
163791;10000000;nt3792
163792;10000000;nt3793
163793;10000000;nt3794
163794;10000000;nt3795
163795;10000000;nt3796
163796;10000000;nt3797
163797;10000000;nt3798
163798;10000000;nt3799
163799;10000000;nt3800
163800;10000000;nt3801
163801;10000000;nt3802
163802;10000000;nt3803
163803;10000000;nt3804
163804;10000000;nt3805
163805;10000000;nt3806
163806;10000000;nt3807
163807;10000000;nt3808
163808;10000000;nt3809
163809;10000000;nt3810
163810;10000000;nt3811
163811;10000000;nt3812
163812;10000000;nt3813
163813;10000000;nt3814
163814;10000000;nt3815
163815;10000000;nt3816
163816;10000000;nt3817
163817;10000000;nt3818
163818;10000000;nt3819
163819;10000000;nt3820
163820;10000000;nt3821
163821;10000000;nt3822
163822;10000000;nt3823
163823;10000000;nt3824
163824;10000000;nt3825
163825;10000000;nt3826
163826;10000000;nt3827
163827;10000000;nt3828
163828;10000000;nt3829
163829;10000000;nt3830
163830;10000000;nt3831
163831;10000000;nt3832
163832;10000000;nt3833
163833;10000000;nt3834
163834;10000000;nt3835
163835;10000000;nt3836
163836;10000000;nt3837
163837;10000000;nt3838
163838;10000000;nt3839
163839;10000000;nt3840
163840;10000000;nt3841
163841;10000000;nt3842
163842;10000000;nt3843
163843;10000000;nt3844
163844;10000000;nt3845
163845;10000000;nt3846
163846;10000000;nt3847
163847;10000000;nt3848
163848;10000000;nt3849
163849;10000000;nt3850
163850;10000000;nt3851
163851;10000000;nt3852
163852;10000000;nt3853
163853;10000000;nt3854
163854;10000000;nt3855
163855;10000000;nt3856
163856;10000000;nt3857
163857;10000000;nt3858
163858;10000000;nt3859
163859;10000000;nt3860
163860;10000000;nt3861
163861;10000000;nt3862
163862;10000000;nt3863
163863;10000000;nt3864
163864;10000000;nt3865
163865;10000000;nt3866
163866;10000000;nt3867
163867;10000000;nt3868
163868;10000000;nt3869
163869;10000000;nt3870
163870;10000000;nt3871
163871;10000000;nt3872
163872;10000000;nt3873
163873;10000000;nt3874
163874;10000000;nt3875
163875;10000000;nt3876
163876;10000000;nt3877
163877;10000000;nt3878
163878;10000000;nt3879
163879;10000000;nt3880
163880;10000000;nt3881
163881;10000000;nt3882
163882;10000000;nt3883
163883;10000000;nt3884
163884;10000000;nt3885
163885;10000000;nt3886
163886;10000000;nt3887
163887;10000000;nt3888
163888;10000000;nt3889
163889;10000000;nt3890
163890;10000000;nt3891
163891;10000000;nt3892
163892;10000000;nt3893
163893;10000000;nt3894
163894;10000000;nt3895
163895;10000000;nt3896
163896;10000000;nt3897
163897;10000000;nt3898
163898;10000000;nt3899
163899;10000000;nt3900
163900;10000000;nt3901
163901;10000000;nt3902
163902;10000000;nt3903
163903;10000000;nt3904
163904;10000000;nt3905
163905;10000000;nt3906
163906;10000000;nt3907
163907;10000000;nt3908
163908;10000000;nt3909
163909;10000000;nt3910
163910;10000000;nt3911
163911;10000000;nt3912
163912;10000000;nt3913
163913;10000000;nt3914
163914;10000000;nt3915
163915;10000000;nt3916
163916;10000000;nt3917
163917;10000000;nt3918
163918;10000000;nt3919
163919;10000000;nt3920
163920;10000000;nt3921
163921;10000000;nt3922
163922;10000000;nt3923
163923;10000000;nt3924
163924;10000000;nt3925
163925;10000000;nt3926
163926;10000000;nt3927
163927;10000000;nt3928
163928;10000000;nt3929
163929;10000000;nt3930
163930;10000000;nt3931
163931;10000000;nt3932
163932;10000000;nt3933
163933;10000000;nt3934
163934;10000000;nt3935
163935;10000000;nt3936
163936;10000000;nt3937
163937;10000000;nt3938
163938;10000000;nt3939
163939;10000000;nt3940
163940;10000000;nt3941
163941;10000000;nt3942
163942;10000000;nt3943
163943;10000000;nt3944
163944;10000000;nt3945
163945;10000000;nt3946
163946;10000000;nt3947
163947;10000000;nt3948
163948;10000000;nt3949
163949;10000000;nt3950
163950;10000000;nt3951
163951;10000000;nt3952
163952;10000000;nt3953
163953;10000000;nt3954
163954;10000000;nt3955
163955;10000000;nt3956
163956;10000000;nt3957
163957;10000000;nt3958
163958;10000000;nt3959
163959;10000000;nt3960
163960;10000000;nt3961
163961;10000000;nt3962
163962;10000000;nt3963
163963;10000000;nt3964
163964;10000000;nt3965
163965;10000000;nt3966
163966;10000000;nt3967
163967;10000000;nt3968
163968;10000000;nt3969
163969;10000000;nt3970
163970;10000000;nt3971
163971;10000000;nt3972
163972;10000000;nt3973
163973;10000000;nt3974
163974;10000000;nt3975
163975;10000000;nt3976
163976;10000000;nt3977
163977;10000000;nt3978
163978;10000000;nt3979
163979;10000000;nt3980
163980;10000000;nt3981
163981;10000000;nt3982
163982;10000000;nt3983
163983;10000000;nt3984
163984;10000000;nt3985
163985;10000000;nt3986
163986;10000000;nt3987
163987;10000000;nt3988
163988;10000000;nt3989
163989;10000000;nt3990
163990;10000000;nt3991
163991;10000000;nt3992
163992;10000000;nt3993
163993;10000000;nt3994
163994;10000000;nt3995
163995;10000000;nt3996
163996;10000000;nt3997
163997;10000000;nt3998
163998;10000000;nt3999
163999;10000000;nt4000
164000;10000000;nt4001
164001;10000000;nt4002
164002;10000000;nt4003
164003;10000000;nt4004
164004;10000000;nt4005
164005;10000000;nt4006
164006;10000000;nt4007
164007;10000000;nt4008
164008;10000000;nt4009
164009;10000000;nt4010
164010;10000000;nt4011
164011;10000000;nt4012
164012;10000000;nt4013
164013;10000000;nt4014
164014;10000000;nt4015
164015;10000000;nt4016
164016;10000000;nt4017
164017;10000000;nt4018
164018;10000000;nt4019
164019;10000000;nt4020
164020;10000000;nt4021
164021;10000000;nt4022
164022;10000000;nt4023
164023;10000000;nt4024
164024;10000000;nt4025
164025;10000000;nt4026
164026;10000000;nt4027
164027;10000000;nt4028
164028;10000000;nt4029
164029;10000000;nt4030
164030;10000000;nt4031
164031;10000000;nt4032
164032;10000000;nt4033
164033;10000000;nt4034
164034;10000000;nt4035
164035;10000000;nt4036
164036;10000000;nt4037
164037;10000000;nt4038
164038;10000000;nt4039
164039;10000000;nt4040
164040;10000000;nt4041
164041;10000000;nt4042
164042;10000000;nt4043
164043;10000000;nt4044
164044;10000000;nt4045
164045;10000000;nt4046
164046;10000000;nt4047
164047;10000000;nt4048
164048;10000000;nt4049
164049;10000000;nt4050
164050;10000000;nt4051
164051;10000000;nt4052
164052;10000000;nt4053
164053;10000000;nt4054
164054;10000000;nt4055
164055;10000000;nt4056
164056;10000000;nt4057
164057;10000000;nt4058
164058;10000000;nt4059
164059;10000000;nt4060
164060;10000000;nt4061
164061;10000000;nt4062
164062;10000000;nt4063
164063;10000000;nt4064
164064;10000000;nt4065
164065;10000000;nt4066
164066;10000000;nt4067
164067;10000000;nt4068
164068;10000000;nt4069
164069;10000000;nt4070
164070;10000000;nt4071
164071;10000000;nt4072
164072;10000000;nt4073
164073;10000000;nt4074
164074;10000000;nt4075
164075;10000000;nt4076
164076;10000000;nt4077
164077;10000000;nt4078
164078;10000000;nt4079
164079;10000000;nt4080
164080;10000000;nt4081
164081;10000000;nt4082
164082;10000000;nt4083
164083;10000000;nt4084
164084;10000000;nt4085
164085;10000000;nt4086
164086;10000000;nt4087
164087;10000000;nt4088
164088;10000000;nt4089
164089;10000000;nt4090
164090;10000000;nt4091
164091;10000000;nt4092
164092;10000000;nt4093
164093;10000000;nt4094
164094;10000000;nt4095
164095;10000000;nt4096
164096;10000000;nt4097
164097;10000000;nt4098
164098;10000000;nt4099
164099;10000000;nt4100
164100;10000000;nt4101
164101;10000000;nt4102
164102;10000000;nt4103
164103;10000000;nt4104
164104;10000000;nt4105
164105;10000000;nt4106
164106;10000000;nt4107
164107;10000000;nt4108
164108;10000000;nt4109
164109;10000000;nt4110
164110;10000000;nt4111
164111;10000000;nt4112
164112;10000000;nt4113
164113;10000000;nt4114
164114;10000000;nt4115
164115;10000000;nt4116
164116;10000000;nt4117
164117;10000000;nt4118
164118;10000000;nt4119
164119;10000000;nt4120
164120;10000000;nt4121
164121;10000000;nt4122
164122;10000000;nt4123
164123;10000000;nt4124
164124;10000000;nt4125
164125;10000000;nt4126
164126;10000000;nt4127
164127;10000000;nt4128
164128;10000000;nt4129
164129;10000000;nt4130
164130;10000000;nt4131
164131;10000000;nt4132
164132;10000000;nt4133
164133;10000000;nt4134
164134;10000000;nt4135
164135;10000000;nt4136
164136;10000000;nt4137
164137;10000000;nt4138
164138;10000000;nt4139
164139;10000000;nt4140
164140;10000000;nt4141
164141;10000000;nt4142
164142;10000000;nt4143
164143;10000000;nt4144
164144;10000000;nt4145
164145;10000000;nt4146
164146;10000000;nt4147
164147;10000000;nt4148
164148;10000000;nt4149
164149;10000000;nt4150
164150;10000000;nt4151
164151;10000000;nt4152
164152;10000000;nt4153
164153;10000000;nt4154
164154;10000000;nt4155
164155;10000000;nt4156
164156;10000000;nt4157
164157;10000000;nt4158
164158;10000000;nt4159
164159;10000000;nt4160
164160;10000000;nt4161
164161;10000000;nt4162
164162;10000000;nt4163
164163;10000000;nt4164
164164;10000000;nt4165
164165;10000000;nt4166
164166;10000000;nt4167
164167;10000000;nt4168
164168;10000000;nt4169
164169;10000000;nt4170
164170;10000000;nt4171
164171;10000000;nt4172
164172;10000000;nt4173
164173;10000000;nt4174
164174;10000000;nt4175
164175;10000000;nt4176
164176;10000000;nt4177
164177;10000000;nt4178
164178;10000000;nt4179
164179;10000000;nt4180
164180;10000000;nt4181
164181;10000000;nt4182
164182;10000000;nt4183
164183;10000000;nt4184
164184;10000000;nt4185
164185;10000000;nt4186
164186;10000000;nt4187
164187;10000000;nt4188
164188;10000000;nt4189
164189;10000000;nt4190
164190;10000000;nt4191
164191;10000000;nt4192
164192;10000000;nt4193
164193;10000000;nt4194
164194;10000000;nt4195
164195;10000000;nt4196
164196;10000000;nt4197
164197;10000000;nt4198
164198;10000000;nt4199
164199;10000000;nt4200
164200;10000000;nt4201
164201;10000000;nt4202
164202;10000000;nt4203
164203;10000000;nt4204
164204;10000000;nt4205
164205;10000000;nt4206
164206;10000000;nt4207
164207;10000000;nt4208
164208;10000000;nt4209
164209;10000000;nt4210
164210;10000000;nt4211
164211;10000000;nt4212
164212;10000000;nt4213
164213;10000000;nt4214
164214;10000000;nt4215
164215;10000000;nt4216
164216;10000000;nt4217
164217;10000000;nt4218
164218;10000000;nt4219
164219;10000000;nt4220
164220;10000000;nt4221
164221;10000000;nt4222
164222;10000000;nt4223
164223;10000000;nt4224
164224;10000000;nt4225
164225;10000000;nt4226
164226;10000000;nt4227
164227;10000000;nt4228
164228;10000000;nt4229
164229;10000000;nt4230
164230;10000000;nt4231
164231;10000000;nt4232
164232;10000000;nt4233
164233;10000000;nt4234
164234;10000000;nt4235
164235;10000000;nt4236
164236;10000000;nt4237
164237;10000000;nt4238
164238;10000000;nt4239
164239;10000000;nt4240
164240;10000000;nt4241
164241;10000000;nt4242
164242;10000000;nt4243
164243;10000000;nt4244
164244;10000000;nt4245
164245;10000000;nt4246
164246;10000000;nt4247
164247;10000000;nt4248
164248;10000000;nt4249
164249;10000000;nt4250
164250;10000000;nt4251
164251;10000000;nt4252
164252;10000000;nt4253
164253;10000000;nt4254
164254;10000000;nt4255
164255;10000000;nt4256
164256;10000000;nt4257
164257;10000000;nt4258
164258;10000000;nt4259
164259;10000000;nt4260
164260;10000000;nt4261
164261;10000000;nt4262
164262;10000000;nt4263
164263;10000000;nt4264
164264;10000000;nt4265
164265;10000000;nt4266
164266;10000000;nt4267
164267;10000000;nt4268
164268;10000000;nt4269
164269;10000000;nt4270
164270;10000000;nt4271
164271;10000000;nt4272
164272;10000000;nt4273
164273;10000000;nt4274
164274;10000000;nt4275
164275;10000000;nt4276
164276;10000000;nt4277
164277;10000000;nt4278
164278;10000000;nt4279
164279;10000000;nt4280
164280;10000000;nt4281
164281;10000000;nt4282
164282;10000000;nt4283
164283;10000000;nt4284
164284;10000000;nt4285
164285;10000000;nt4286
164286;10000000;nt4287
164287;10000000;nt4288
164288;10000000;nt4289
164289;10000000;nt4290
164290;10000000;nt4291
164291;10000000;nt4292
164292;10000000;nt4293
164293;10000000;nt4294
164294;10000000;nt4295
164295;10000000;nt4296
164296;10000000;nt4297
164297;10000000;nt4298
164298;10000000;nt4299
164299;10000000;nt4300
164300;10000000;nt4301
164301;10000000;nt4302
164302;10000000;nt4303
164303;10000000;nt4304
164304;10000000;nt4305
164305;10000000;nt4306
164306;10000000;nt4307
164307;10000000;nt4308
164308;10000000;nt4309
164309;10000000;nt4310
164310;10000000;nt4311
164311;10000000;nt4312
164312;10000000;nt4313
164313;10000000;nt4314
164314;10000000;nt4315
164315;10000000;nt4316
164316;10000000;nt4317
164317;10000000;nt4318
164318;10000000;nt4319
164319;10000000;nt4320
164320;10000000;nt4321
164321;10000000;nt4322
164322;10000000;nt4323
164323;10000000;nt4324
164324;10000000;nt4325
164325;10000000;nt4326
164326;10000000;nt4327
164327;10000000;nt4328
164328;10000000;nt4329
164329;10000000;nt4330
164330;10000000;nt4331
164331;10000000;nt4332
164332;10000000;nt4333
164333;10000000;nt4334
164334;10000000;nt4335
164335;10000000;nt4336
164336;10000000;nt4337
164337;10000000;nt4338
164338;10000000;nt4339
164339;10000000;nt4340
164340;10000000;nt4341
164341;10000000;nt4342
164342;10000000;nt4343
164343;10000000;nt4344
164344;10000000;nt4345
164345;10000000;nt4346
164346;10000000;nt4347
164347;10000000;nt4348
164348;10000000;nt4349
164349;10000000;nt4350
164350;10000000;nt4351
164351;10000000;nt4352
164352;10000000;nt4353
164353;10000000;nt4354
164354;10000000;nt4355
164355;10000000;nt4356
164356;10000000;nt4357
164357;10000000;nt4358
164358;10000000;nt4359
164359;10000000;nt4360
164360;10000000;nt4361
164361;10000000;nt4362
164362;10000000;nt4363
164363;10000000;nt4364
164364;10000000;nt4365
164365;10000000;nt4366
164366;10000000;nt4367
164367;10000000;nt4368
164368;10000000;nt4369
164369;10000000;nt4370
164370;10000000;nt4371
164371;10000000;nt4372
164372;10000000;nt4373
164373;10000000;nt4374
164374;10000000;nt4375
164375;10000000;nt4376
164376;10000000;nt4377
164377;10000000;nt4378
164378;10000000;nt4379
164379;10000000;nt4380
164380;10000000;nt4381
164381;10000000;nt4382
164382;10000000;nt4383
164383;10000000;nt4384
164384;10000000;nt4385
164385;10000000;nt4386
164386;10000000;nt4387
164387;10000000;nt4388
164388;10000000;nt4389
164389;10000000;nt4390
164390;10000000;nt4391
164391;10000000;nt4392
164392;10000000;nt4393
164393;10000000;nt4394
164394;10000000;nt4395
164395;10000000;nt4396
164396;10000000;nt4397
164397;10000000;nt4398
164398;10000000;nt4399
164399;10000000;nt4400
164400;10000000;nt4401
164401;10000000;nt4402
164402;10000000;nt4403
164403;10000000;nt4404
164404;10000000;nt4405
164405;10000000;nt4406
164406;10000000;nt4407
164407;10000000;nt4408
164408;10000000;nt4409
164409;10000000;nt4410
164410;10000000;nt4411
164411;10000000;nt4412
164412;10000000;nt4413
164413;10000000;nt4414
164414;10000000;nt4415
164415;10000000;nt4416
164416;10000000;nt4417
164417;10000000;nt4418
164418;10000000;nt4419
164419;10000000;nt4420
164420;10000000;nt4421
164421;10000000;nt4422
164422;10000000;nt4423
164423;10000000;nt4424
164424;10000000;nt4425
164425;10000000;nt4426
164426;10000000;nt4427
164427;10000000;nt4428
164428;10000000;nt4429
164429;10000000;nt4430
164430;10000000;nt4431
164431;10000000;nt4432
164432;10000000;nt4433
164433;10000000;nt4434
164434;10000000;nt4435
164435;10000000;nt4436
164436;10000000;nt4437
164437;10000000;nt4438
164438;10000000;nt4439
164439;10000000;nt4440
164440;10000000;nt4441
164441;10000000;nt4442
164442;10000000;nt4443
164443;10000000;nt4444
164444;10000000;nt4445
164445;10000000;nt4446
164446;10000000;nt4447
164447;10000000;nt4448
164448;10000000;nt4449
164449;10000000;nt4450
164450;10000000;nt4451
164451;10000000;nt4452
164452;10000000;nt4453
164453;10000000;nt4454
164454;10000000;nt4455
164455;10000000;nt4456
164456;10000000;nt4457
164457;10000000;nt4458
164458;10000000;nt4459
164459;10000000;nt4460
164460;10000000;nt4461
164461;10000000;nt4462
164462;10000000;nt4463
164463;10000000;nt4464
164464;10000000;nt4465
164465;10000000;nt4466
164466;10000000;nt4467
164467;10000000;nt4468
164468;10000000;nt4469
164469;10000000;nt4470
164470;10000000;nt4471
164471;10000000;nt4472
164472;10000000;nt4473
164473;10000000;nt4474
164474;10000000;nt4475
164475;10000000;nt4476
164476;10000000;nt4477
164477;10000000;nt4478
164478;10000000;nt4479
164479;10000000;nt4480
164480;10000000;nt4481
164481;10000000;nt4482
164482;10000000;nt4483
164483;10000000;nt4484
164484;10000000;nt4485
164485;10000000;nt4486
164486;10000000;nt4487
164487;10000000;nt4488
164488;10000000;nt4489
164489;10000000;nt4490
164490;10000000;nt4491
164491;10000000;nt4492
164492;10000000;nt4493
164493;10000000;nt4494
164494;10000000;nt4495
164495;10000000;nt4496
164496;10000000;nt4497
164497;10000000;nt4498
164498;10000000;nt4499
164499;10000000;nt4500
164500;10000000;nt4501
164501;10000000;nt4502
164502;10000000;nt4503
164503;10000000;nt4504
164504;10000000;nt4505
164505;10000000;nt4506
164506;10000000;nt4507
164507;10000000;nt4508
164508;10000000;nt4509
164509;10000000;nt4510
164510;10000000;nt4511
164511;10000000;nt4512
164512;10000000;nt4513
164513;10000000;nt4514
164514;10000000;nt4515
164515;10000000;nt4516
164516;10000000;nt4517
164517;10000000;nt4518
164518;10000000;nt4519
164519;10000000;nt4520
164520;10000000;nt4521
164521;10000000;nt4522
164522;10000000;nt4523
164523;10000000;nt4524
164524;10000000;nt4525
164525;10000000;nt4526
164526;10000000;nt4527
164527;10000000;nt4528
164528;10000000;nt4529
164529;10000000;nt4530
164530;10000000;nt4531
164531;10000000;nt4532
164532;10000000;nt4533
164533;10000000;nt4534
164534;10000000;nt4535
164535;10000000;nt4536
164536;10000000;nt4537
164537;10000000;nt4538
164538;10000000;nt4539
164539;10000000;nt4540
164540;10000000;nt4541
164541;10000000;nt4542
164542;10000000;nt4543
164543;10000000;nt4544
164544;10000000;nt4545
164545;10000000;nt4546
164546;10000000;nt4547
164547;10000000;nt4548
164548;10000000;nt4549
164549;10000000;nt4550
164550;10000000;nt4551
164551;10000000;nt4552
164552;10000000;nt4553
164553;10000000;nt4554
164554;10000000;nt4555
164555;10000000;nt4556
164556;10000000;nt4557
164557;10000000;nt4558
164558;10000000;nt4559
164559;10000000;nt4560
164560;10000000;nt4561
164561;10000000;nt4562
164562;10000000;nt4563
164563;10000000;nt4564
164564;10000000;nt4565
164565;10000000;nt4566
164566;10000000;nt4567
164567;10000000;nt4568
164568;10000000;nt4569
164569;10000000;nt4570
164570;10000000;nt4571
164571;10000000;nt4572
164572;10000000;nt4573
164573;10000000;nt4574
164574;10000000;nt4575
164575;10000000;nt4576
164576;10000000;nt4577
164577;10000000;nt4578
164578;10000000;nt4579
164579;10000000;nt4580
164580;10000000;nt4581
164581;10000000;nt4582
164582;10000000;nt4583
164583;10000000;nt4584
164584;10000000;nt4585
164585;10000000;nt4586
164586;10000000;nt4587
164587;10000000;nt4588
164588;10000000;nt4589
164589;10000000;nt4590
164590;10000000;nt4591
164591;10000000;nt4592
164592;10000000;nt4593
164593;10000000;nt4594
164594;10000000;nt4595
164595;10000000;nt4596
164596;10000000;nt4597
164597;10000000;nt4598
164598;10000000;nt4599
164599;10000000;nt4600
164600;10000000;nt4601
164601;10000000;nt4602
164602;10000000;nt4603
164603;10000000;nt4604
164604;10000000;nt4605
164605;10000000;nt4606
164606;10000000;nt4607
164607;10000000;nt4608
164608;10000000;nt4609
164609;10000000;nt4610
164610;10000000;nt4611
164611;10000000;nt4612
164612;10000000;nt4613
164613;10000000;nt4614
164614;10000000;nt4615
164615;10000000;nt4616
164616;10000000;nt4617
164617;10000000;nt4618
164618;10000000;nt4619
164619;10000000;nt4620
164620;10000000;nt4621
164621;10000000;nt4622
164622;10000000;nt4623
164623;10000000;nt4624
164624;10000000;nt4625
164625;10000000;nt4626
164626;10000000;nt4627
164627;10000000;nt4628
164628;10000000;nt4629
164629;10000000;nt4630
164630;10000000;nt4631
164631;10000000;nt4632
164632;10000000;nt4633
164633;10000000;nt4634
164634;10000000;nt4635
164635;10000000;nt4636
164636;10000000;nt4637
164637;10000000;nt4638
164638;10000000;nt4639
164639;10000000;nt4640
164640;10000000;nt4641
164641;10000000;nt4642
164642;10000000;nt4643
164643;10000000;nt4644
164644;10000000;nt4645
164645;10000000;nt4646
164646;10000000;nt4647
164647;10000000;nt4648
164648;10000000;nt4649
164649;10000000;nt4650
164650;10000000;nt4651
164651;10000000;nt4652
164652;10000000;nt4653
164653;10000000;nt4654
164654;10000000;nt4655
164655;10000000;nt4656
164656;10000000;nt4657
164657;10000000;nt4658
164658;10000000;nt4659
164659;10000000;nt4660
164660;10000000;nt4661
164661;10000000;nt4662
164662;10000000;nt4663
164663;10000000;nt4664
164664;10000000;nt4665
164665;10000000;nt4666
164666;10000000;nt4667
164667;10000000;nt4668
164668;10000000;nt4669
164669;10000000;nt4670
164670;10000000;nt4671
164671;10000000;nt4672
164672;10000000;nt4673
164673;10000000;nt4674
164674;10000000;nt4675
164675;10000000;nt4676
164676;10000000;nt4677
164677;10000000;nt4678
164678;10000000;nt4679
164679;10000000;nt4680
164680;10000000;nt4681
164681;10000000;nt4682
164682;10000000;nt4683
164683;10000000;nt4684
164684;10000000;nt4685
164685;10000000;nt4686
164686;10000000;nt4687
164687;10000000;nt4688
164688;10000000;nt4689
164689;10000000;nt4690
164690;10000000;nt4691
164691;10000000;nt4692
164692;10000000;nt4693
164693;10000000;nt4694
164694;10000000;nt4695
164695;10000000;nt4696
164696;10000000;nt4697
164697;10000000;nt4698
164698;10000000;nt4699
164699;10000000;nt4700
164700;10000000;nt4701
164701;10000000;nt4702
164702;10000000;nt4703
164703;10000000;nt4704
164704;10000000;nt4705
164705;10000000;nt4706
164706;10000000;nt4707
164707;10000000;nt4708
164708;10000000;nt4709
164709;10000000;nt4710
164710;10000000;nt4711
164711;10000000;nt4712
164712;10000000;nt4713
164713;10000000;nt4714
164714;10000000;nt4715
164715;10000000;nt4716
164716;10000000;nt4717
164717;10000000;nt4718
164718;10000000;nt4719
164719;10000000;nt4720
164720;10000000;nt4721
164721;10000000;nt4722
164722;10000000;nt4723
164723;10000000;nt4724
164724;10000000;nt4725
164725;10000000;nt4726
164726;10000000;nt4727
164727;10000000;nt4728
164728;10000000;nt4729
164729;10000000;nt4730
164730;10000000;nt4731
164731;10000000;nt4732
164732;10000000;nt4733
164733;10000000;nt4734
164734;10000000;nt4735
164735;10000000;nt4736
164736;10000000;nt4737
164737;10000000;nt4738
164738;10000000;nt4739
164739;10000000;nt4740
164740;10000000;nt4741
164741;10000000;nt4742
164742;10000000;nt4743
164743;10000000;nt4744
164744;10000000;nt4745
164745;10000000;nt4746
164746;10000000;nt4747
164747;10000000;nt4748
164748;10000000;nt4749
164749;10000000;nt4750
164750;10000000;nt4751
164751;10000000;nt4752
164752;10000000;nt4753
164753;10000000;nt4754
164754;10000000;nt4755
164755;10000000;nt4756
164756;10000000;nt4757
164757;10000000;nt4758
164758;10000000;nt4759
164759;10000000;nt4760
164760;10000000;nt4761
164761;10000000;nt4762
164762;10000000;nt4763
164763;10000000;nt4764
164764;10000000;nt4765
164765;10000000;nt4766
164766;10000000;nt4767
164767;10000000;nt4768
164768;10000000;nt4769
164769;10000000;nt4770
164770;10000000;nt4771
164771;10000000;nt4772
164772;10000000;nt4773
164773;10000000;nt4774
164774;10000000;nt4775
164775;10000000;nt4776
164776;10000000;nt4777
164777;10000000;nt4778
164778;10000000;nt4779
164779;10000000;nt4780
164780;10000000;nt4781
164781;10000000;nt4782
164782;10000000;nt4783
164783;10000000;nt4784
164784;10000000;nt4785
164785;10000000;nt4786
164786;10000000;nt4787
164787;10000000;nt4788
164788;10000000;nt4789
164789;10000000;nt4790
164790;10000000;nt4791
164791;10000000;nt4792
164792;10000000;nt4793
164793;10000000;nt4794
164794;10000000;nt4795
164795;10000000;nt4796
164796;10000000;nt4797
164797;10000000;nt4798
164798;10000000;nt4799
164799;10000000;nt4800
164800;10000000;nt4801
164801;10000000;nt4802
164802;10000000;nt4803
164803;10000000;nt4804
164804;10000000;nt4805
164805;10000000;nt4806
164806;10000000;nt4807
164807;10000000;nt4808
164808;10000000;nt4809
164809;10000000;nt4810
164810;10000000;nt4811
164811;10000000;nt4812
164812;10000000;nt4813
164813;10000000;nt4814
164814;10000000;nt4815
164815;10000000;nt4816
164816;10000000;nt4817
164817;10000000;nt4818
164818;10000000;nt4819
164819;10000000;nt4820
164820;10000000;nt4821
164821;10000000;nt4822
164822;10000000;nt4823
164823;10000000;nt4824
164824;10000000;nt4825
164825;10000000;nt4826
164826;10000000;nt4827
164827;10000000;nt4828
164828;10000000;nt4829
164829;10000000;nt4830
164830;10000000;nt4831
164831;10000000;nt4832
164832;10000000;nt4833
164833;10000000;nt4834
164834;10000000;nt4835
164835;10000000;nt4836
164836;10000000;nt4837
164837;10000000;nt4838
164838;10000000;nt4839
164839;10000000;nt4840
164840;10000000;nt4841
164841;10000000;nt4842
164842;10000000;nt4843
164843;10000000;nt4844
164844;10000000;nt4845
164845;10000000;nt4846
164846;10000000;nt4847
164847;10000000;nt4848
164848;10000000;nt4849
164849;10000000;nt4850
164850;10000000;nt4851
164851;10000000;nt4852
164852;10000000;nt4853
164853;10000000;nt4854
164854;10000000;nt4855
164855;10000000;nt4856
164856;10000000;nt4857
164857;10000000;nt4858
164858;10000000;nt4859
164859;10000000;nt4860
164860;10000000;nt4861
164861;10000000;nt4862
164862;10000000;nt4863
164863;10000000;nt4864
164864;10000000;nt4865
164865;10000000;nt4866
164866;10000000;nt4867
164867;10000000;nt4868
164868;10000000;nt4869
164869;10000000;nt4870
164870;10000000;nt4871
164871;10000000;nt4872
164872;10000000;nt4873
164873;10000000;nt4874
164874;10000000;nt4875
164875;10000000;nt4876
164876;10000000;nt4877
164877;10000000;nt4878
164878;10000000;nt4879
164879;10000000;nt4880
164880;10000000;nt4881
164881;10000000;nt4882
164882;10000000;nt4883
164883;10000000;nt4884
164884;10000000;nt4885
164885;10000000;nt4886
164886;10000000;nt4887
164887;10000000;nt4888
164888;10000000;nt4889
164889;10000000;nt4890
164890;10000000;nt4891
164891;10000000;nt4892
164892;10000000;nt4893
164893;10000000;nt4894
164894;10000000;nt4895
164895;10000000;nt4896
164896;10000000;nt4897
164897;10000000;nt4898
164898;10000000;nt4899
164899;10000000;nt4900
164900;10000000;nt4901
164901;10000000;nt4902
164902;10000000;nt4903
164903;10000000;nt4904
164904;10000000;nt4905
164905;10000000;nt4906
164906;10000000;nt4907
164907;10000000;nt4908
164908;10000000;nt4909
164909;10000000;nt4910
164910;10000000;nt4911
164911;10000000;nt4912
164912;10000000;nt4913
164913;10000000;nt4914
164914;10000000;nt4915
164915;10000000;nt4916
164916;10000000;nt4917
164917;10000000;nt4918
164918;10000000;nt4919
164919;10000000;nt4920
164920;10000000;nt4921
164921;10000000;nt4922
164922;10000000;nt4923
164923;10000000;nt4924
164924;10000000;nt4925
164925;10000000;nt4926
164926;10000000;nt4927
164927;10000000;nt4928
164928;10000000;nt4929
164929;10000000;nt4930
164930;10000000;nt4931
164931;10000000;nt4932
164932;10000000;nt4933
164933;10000000;nt4934
164934;10000000;nt4935
164935;10000000;nt4936
164936;10000000;nt4937
164937;10000000;nt4938
164938;10000000;nt4939
164939;10000000;nt4940
164940;10000000;nt4941
164941;10000000;nt4942
164942;10000000;nt4943
164943;10000000;nt4944
164944;10000000;nt4945
164945;10000000;nt4946
164946;10000000;nt4947
164947;10000000;nt4948
164948;10000000;nt4949
164949;10000000;nt4950
164950;10000000;nt4951
164951;10000000;nt4952
164952;10000000;nt4953
164953;10000000;nt4954
164954;10000000;nt4955
164955;10000000;nt4956
164956;10000000;nt4957
164957;10000000;nt4958
164958;10000000;nt4959
164959;10000000;nt4960
164960;10000000;nt4961
164961;10000000;nt4962
164962;10000000;nt4963
164963;10000000;nt4964
164964;10000000;nt4965
164965;10000000;nt4966
164966;10000000;nt4967
164967;10000000;nt4968
164968;10000000;nt4969
164969;10000000;nt4970
164970;10000000;nt4971
164971;10000000;nt4972
164972;10000000;nt4973
164973;10000000;nt4974
164974;10000000;nt4975
164975;10000000;nt4976
164976;10000000;nt4977
164977;10000000;nt4978
164978;10000000;nt4979
164979;10000000;nt4980
164980;10000000;nt4981
164981;10000000;nt4982
164982;10000000;nt4983
164983;10000000;nt4984
164984;10000000;nt4985
164985;10000000;nt4986
164986;10000000;nt4987
164987;10000000;nt4988
164988;10000000;nt4989
164989;10000000;nt4990
164990;10000000;nt4991
164991;10000000;nt4992
164992;10000000;nt4993
164993;10000000;nt4994
164994;10000000;nt4995
164995;10000000;nt4996
164996;10000000;nt4997
164997;10000000;nt4998
164998;10000000;nt4999
164999;10000000;nt5000
165000;10000000;nt5001
165001;10000000;nt5002
165002;10000000;nt5003
165003;10000000;nt5004
165004;10000000;nt5005
165005;10000000;nt5006
165006;10000000;nt5007
165007;10000000;nt5008
165008;10000000;nt5009
165009;10000000;nt5010
165010;10000000;nt5011
165011;10000000;nt5012
165012;10000000;nt5013
165013;10000000;nt5014
165014;10000000;nt5015
165015;10000000;nt5016
165016;10000000;nt5017
165017;10000000;nt5018
165018;10000000;nt5019
165019;10000000;nt5020
165020;10000000;nt5021
165021;10000000;nt5022
165022;10000000;nt5023
165023;10000000;nt5024
165024;10000000;nt5025
165025;10000000;nt5026
165026;10000000;nt5027
165027;10000000;nt5028
165028;10000000;nt5029
165029;10000000;nt5030
165030;10000000;nt5031
165031;10000000;nt5032
165032;10000000;nt5033
165033;10000000;nt5034
165034;10000000;nt5035
165035;10000000;nt5036
165036;10000000;nt5037
165037;10000000;nt5038
165038;10000000;nt5039
165039;10000000;nt5040
165040;10000000;nt5041
165041;10000000;nt5042
165042;10000000;nt5043
165043;10000000;nt5044
165044;10000000;nt5045
165045;10000000;nt5046
165046;10000000;nt5047
165047;10000000;nt5048
165048;10000000;nt5049
165049;10000000;nt5050
165050;10000000;nt5051
165051;10000000;nt5052
165052;10000000;nt5053
165053;10000000;nt5054
165054;10000000;nt5055
165055;10000000;nt5056
165056;10000000;nt5057
165057;10000000;nt5058
165058;10000000;nt5059
165059;10000000;nt5060
165060;10000000;nt5061
165061;10000000;nt5062
165062;10000000;nt5063
165063;10000000;nt5064
165064;10000000;nt5065
165065;10000000;nt5066
165066;10000000;nt5067
165067;10000000;nt5068
165068;10000000;nt5069
165069;10000000;nt5070
165070;10000000;nt5071
165071;10000000;nt5072
165072;10000000;nt5073
165073;10000000;nt5074
165074;10000000;nt5075
165075;10000000;nt5076
165076;10000000;nt5077
165077;10000000;nt5078
165078;10000000;nt5079
165079;10000000;nt5080
165080;10000000;nt5081
165081;10000000;nt5082
165082;10000000;nt5083
165083;10000000;nt5084
165084;10000000;nt5085
165085;10000000;nt5086
165086;10000000;nt5087
165087;10000000;nt5088
165088;10000000;nt5089
165089;10000000;nt5090
165090;10000000;nt5091
165091;10000000;nt5092
165092;10000000;nt5093
165093;10000000;nt5094
165094;10000000;nt5095
165095;10000000;nt5096
165096;10000000;nt5097
165097;10000000;nt5098
165098;10000000;nt5099
165099;10000000;nt5100
165100;10000000;nt5101
165101;10000000;nt5102
165102;10000000;nt5103
165103;10000000;nt5104
165104;10000000;nt5105
165105;10000000;nt5106
165106;10000000;nt5107
165107;10000000;nt5108
165108;10000000;nt5109
165109;10000000;nt5110
165110;10000000;nt5111
165111;10000000;nt5112
165112;10000000;nt5113
165113;10000000;nt5114
165114;10000000;nt5115
165115;10000000;nt5116
165116;10000000;nt5117
165117;10000000;nt5118
165118;10000000;nt5119
165119;10000000;nt5120
165120;10000000;nt5121
165121;10000000;nt5122
165122;10000000;nt5123
165123;10000000;nt5124
165124;10000000;nt5125
165125;10000000;nt5126
165126;10000000;nt5127
165127;10000000;nt5128
165128;10000000;nt5129
165129;10000000;nt5130
165130;10000000;nt5131
165131;10000000;nt5132
165132;10000000;nt5133
165133;10000000;nt5134
165134;10000000;nt5135
165135;10000000;nt5136
165136;10000000;nt5137
165137;10000000;nt5138
165138;10000000;nt5139
165139;10000000;nt5140
165140;10000000;nt5141
165141;10000000;nt5142
165142;10000000;nt5143
165143;10000000;nt5144
165144;10000000;nt5145
165145;10000000;nt5146
165146;10000000;nt5147
165147;10000000;nt5148
165148;10000000;nt5149
165149;10000000;nt5150
165150;10000000;nt5151
165151;10000000;nt5152
165152;10000000;nt5153
165153;10000000;nt5154
165154;10000000;nt5155
165155;10000000;nt5156
165156;10000000;nt5157
165157;10000000;nt5158
165158;10000000;nt5159
165159;10000000;nt5160
165160;10000000;nt5161
165161;10000000;nt5162
165162;10000000;nt5163
165163;10000000;nt5164
165164;10000000;nt5165
165165;10000000;nt5166
165166;10000000;nt5167
165167;10000000;nt5168
165168;10000000;nt5169
165169;10000000;nt5170
165170;10000000;nt5171
165171;10000000;nt5172
165172;10000000;nt5173
165173;10000000;nt5174
165174;10000000;nt5175
165175;10000000;nt5176
165176;10000000;nt5177
165177;10000000;nt5178
165178;10000000;nt5179
165179;10000000;nt5180
165180;10000000;nt5181
165181;10000000;nt5182
165182;10000000;nt5183
165183;10000000;nt5184
165184;10000000;nt5185
165185;10000000;nt5186
165186;10000000;nt5187
165187;10000000;nt5188
165188;10000000;nt5189
165189;10000000;nt5190
165190;10000000;nt5191
165191;10000000;nt5192
165192;10000000;nt5193
165193;10000000;nt5194
165194;10000000;nt5195
165195;10000000;nt5196
165196;10000000;nt5197
165197;10000000;nt5198
165198;10000000;nt5199
165199;10000000;nt5200
165200;10000000;nt5201
165201;10000000;nt5202
165202;10000000;nt5203
165203;10000000;nt5204
165204;10000000;nt5205
165205;10000000;nt5206
165206;10000000;nt5207
165207;10000000;nt5208
165208;10000000;nt5209
165209;10000000;nt5210
165210;10000000;nt5211
165211;10000000;nt5212
165212;10000000;nt5213
165213;10000000;nt5214
165214;10000000;nt5215
165215;10000000;nt5216
165216;10000000;nt5217
165217;10000000;nt5218
165218;10000000;nt5219
165219;10000000;nt5220
165220;10000000;nt5221
165221;10000000;nt5222
165222;10000000;nt5223
165223;10000000;nt5224
165224;10000000;nt5225
165225;10000000;nt5226
165226;10000000;nt5227
165227;10000000;nt5228
165228;10000000;nt5229
165229;10000000;nt5230
165230;10000000;nt5231
165231;10000000;nt5232
165232;10000000;nt5233
165233;10000000;nt5234
165234;10000000;nt5235
165235;10000000;nt5236
165236;10000000;nt5237
165237;10000000;nt5238
165238;10000000;nt5239
165239;10000000;nt5240
165240;10000000;nt5241
165241;10000000;nt5242
165242;10000000;nt5243
165243;10000000;nt5244
165244;10000000;nt5245
165245;10000000;nt5246
165246;10000000;nt5247
165247;10000000;nt5248
165248;10000000;nt5249
165249;10000000;nt5250
165250;10000000;nt5251
165251;10000000;nt5252
165252;10000000;nt5253
165253;10000000;nt5254
165254;10000000;nt5255
165255;10000000;nt5256
165256;10000000;nt5257
165257;10000000;nt5258
165258;10000000;nt5259
165259;10000000;nt5260
165260;10000000;nt5261
165261;10000000;nt5262
165262;10000000;nt5263
165263;10000000;nt5264
165264;10000000;nt5265
165265;10000000;nt5266
165266;10000000;nt5267
165267;10000000;nt5268
165268;10000000;nt5269
165269;10000000;nt5270
165270;10000000;nt5271
165271;10000000;nt5272
165272;10000000;nt5273
165273;10000000;nt5274
165274;10000000;nt5275
165275;10000000;nt5276
165276;10000000;nt5277
165277;10000000;nt5278
165278;10000000;nt5279
165279;10000000;nt5280
165280;10000000;nt5281
165281;10000000;nt5282
165282;10000000;nt5283
165283;10000000;nt5284
165284;10000000;nt5285
165285;10000000;nt5286
165286;10000000;nt5287
165287;10000000;nt5288
165288;10000000;nt5289
165289;10000000;nt5290
165290;10000000;nt5291
165291;10000000;nt5292
165292;10000000;nt5293
165293;10000000;nt5294
165294;10000000;nt5295
165295;10000000;nt5296
165296;10000000;nt5297
165297;10000000;nt5298
165298;10000000;nt5299
165299;10000000;nt5300
165300;10000000;nt5301
165301;10000000;nt5302
165302;10000000;nt5303
165303;10000000;nt5304
165304;10000000;nt5305
165305;10000000;nt5306
165306;10000000;nt5307
165307;10000000;nt5308
165308;10000000;nt5309
165309;10000000;nt5310
165310;10000000;nt5311
165311;10000000;nt5312
165312;10000000;nt5313
165313;10000000;nt5314
165314;10000000;nt5315
165315;10000000;nt5316
165316;10000000;nt5317
165317;10000000;nt5318
165318;10000000;nt5319
165319;10000000;nt5320
165320;10000000;nt5321
165321;10000000;nt5322
165322;10000000;nt5323
165323;10000000;nt5324
165324;10000000;nt5325
165325;10000000;nt5326
165326;10000000;nt5327
165327;10000000;nt5328
165328;10000000;nt5329
165329;10000000;nt5330
165330;10000000;nt5331
165331;10000000;nt5332
165332;10000000;nt5333
165333;10000000;nt5334
165334;10000000;nt5335
165335;10000000;nt5336
165336;10000000;nt5337
165337;10000000;nt5338
165338;10000000;nt5339
165339;10000000;nt5340
165340;10000000;nt5341
165341;10000000;nt5342
165342;10000000;nt5343
165343;10000000;nt5344
165344;10000000;nt5345
165345;10000000;nt5346
165346;10000000;nt5347
165347;10000000;nt5348
165348;10000000;nt5349
165349;10000000;nt5350
165350;10000000;nt5351
165351;10000000;nt5352
165352;10000000;nt5353
165353;10000000;nt5354
165354;10000000;nt5355
165355;10000000;nt5356
165356;10000000;nt5357
165357;10000000;nt5358
165358;10000000;nt5359
165359;10000000;nt5360
165360;10000000;nt5361
165361;10000000;nt5362
165362;10000000;nt5363
165363;10000000;nt5364
165364;10000000;nt5365
165365;10000000;nt5366
165366;10000000;nt5367
165367;10000000;nt5368
165368;10000000;nt5369
165369;10000000;nt5370
165370;10000000;nt5371
165371;10000000;nt5372
165372;10000000;nt5373
165373;10000000;nt5374
165374;10000000;nt5375
165375;10000000;nt5376
165376;10000000;nt5377
165377;10000000;nt5378
165378;10000000;nt5379
165379;10000000;nt5380
165380;10000000;nt5381
165381;10000000;nt5382
165382;10000000;nt5383
165383;10000000;nt5384
165384;10000000;nt5385
165385;10000000;nt5386
165386;10000000;nt5387
165387;10000000;nt5388
165388;10000000;nt5389
165389;10000000;nt5390
165390;10000000;nt5391
165391;10000000;nt5392
165392;10000000;nt5393
165393;10000000;nt5394
165394;10000000;nt5395
165395;10000000;nt5396
165396;10000000;nt5397
165397;10000000;nt5398
165398;10000000;nt5399
165399;10000000;nt5400
165400;10000000;nt5401
165401;10000000;nt5402
165402;10000000;nt5403
165403;10000000;nt5404
165404;10000000;nt5405
165405;10000000;nt5406
165406;10000000;nt5407
165407;10000000;nt5408
165408;10000000;nt5409
165409;10000000;nt5410
165410;10000000;nt5411
165411;10000000;nt5412
165412;10000000;nt5413
165413;10000000;nt5414
165414;10000000;nt5415
165415;10000000;nt5416
165416;10000000;nt5417
165417;10000000;nt5418
165418;10000000;nt5419
165419;10000000;nt5420
165420;10000000;nt5421
165421;10000000;nt5422
165422;10000000;nt5423
165423;10000000;nt5424
165424;10000000;nt5425
165425;10000000;nt5426
165426;10000000;nt5427
165427;10000000;nt5428
165428;10000000;nt5429
165429;10000000;nt5430
165430;10000000;nt5431
165431;10000000;nt5432
165432;10000000;nt5433
165433;10000000;nt5434
165434;10000000;nt5435
165435;10000000;nt5436
165436;10000000;nt5437
165437;10000000;nt5438
165438;10000000;nt5439
165439;10000000;nt5440
165440;10000000;nt5441
165441;10000000;nt5442
165442;10000000;nt5443
165443;10000000;nt5444
165444;10000000;nt5445
165445;10000000;nt5446
165446;10000000;nt5447
165447;10000000;nt5448
165448;10000000;nt5449
165449;10000000;nt5450
165450;10000000;nt5451
165451;10000000;nt5452
165452;10000000;nt5453
165453;10000000;nt5454
165454;10000000;nt5455
165455;10000000;nt5456
165456;10000000;nt5457
165457;10000000;nt5458
165458;10000000;nt5459
165459;10000000;nt5460
165460;10000000;nt5461
165461;10000000;nt5462
165462;10000000;nt5463
165463;10000000;nt5464
165464;10000000;nt5465
165465;10000000;nt5466
165466;10000000;nt5467
165467;10000000;nt5468
165468;10000000;nt5469
165469;10000000;nt5470
165470;10000000;nt5471
165471;10000000;nt5472
165472;10000000;nt5473
165473;10000000;nt5474
165474;10000000;nt5475
165475;10000000;nt5476
165476;10000000;nt5477
165477;10000000;nt5478
165478;10000000;nt5479
165479;10000000;nt5480
165480;10000000;nt5481
165481;10000000;nt5482
165482;10000000;nt5483
165483;10000000;nt5484
165484;10000000;nt5485
165485;10000000;nt5486
165486;10000000;nt5487
165487;10000000;nt5488
165488;10000000;nt5489
165489;10000000;nt5490
165490;10000000;nt5491
165491;10000000;nt5492
165492;10000000;nt5493
165493;10000000;nt5494
165494;10000000;nt5495
165495;10000000;nt5496
165496;10000000;nt5497
165497;10000000;nt5498
165498;10000000;nt5499
165499;10000000;nt5500
165500;10000000;nt5501
165501;10000000;nt5502
165502;10000000;nt5503
165503;10000000;nt5504
165504;10000000;nt5505
165505;10000000;nt5506
165506;10000000;nt5507
165507;10000000;nt5508
165508;10000000;nt5509
165509;10000000;nt5510
165510;10000000;nt5511
165511;10000000;nt5512
165512;10000000;nt5513
165513;10000000;nt5514
165514;10000000;nt5515
165515;10000000;nt5516
165516;10000000;nt5517
165517;10000000;nt5518
165518;10000000;nt5519
165519;10000000;nt5520
165520;10000000;nt5521
165521;10000000;nt5522
165522;10000000;nt5523
165523;10000000;nt5524
165524;10000000;nt5525
165525;10000000;nt5526
165526;10000000;nt5527
165527;10000000;nt5528
165528;10000000;nt5529
165529;10000000;nt5530
165530;10000000;nt5531
165531;10000000;nt5532
165532;10000000;nt5533
165533;10000000;nt5534
165534;10000000;nt5535
165535;10000000;nt5536
165536;10000000;nt5537
165537;10000000;nt5538
165538;10000000;nt5539
165539;10000000;nt5540
165540;10000000;nt5541
165541;10000000;nt5542
165542;10000000;nt5543
165543;10000000;nt5544
165544;10000000;nt5545
165545;10000000;nt5546
165546;10000000;nt5547
165547;10000000;nt5548
165548;10000000;nt5549
165549;10000000;nt5550
165550;10000000;nt5551
165551;10000000;nt5552
165552;10000000;nt5553
165553;10000000;nt5554
165554;10000000;nt5555
165555;10000000;nt5556
165556;10000000;nt5557
165557;10000000;nt5558
165558;10000000;nt5559
165559;10000000;nt5560
165560;10000000;nt5561
165561;10000000;nt5562
165562;10000000;nt5563
165563;10000000;nt5564
165564;10000000;nt5565
165565;10000000;nt5566
165566;10000000;nt5567
165567;10000000;nt5568
165568;10000000;nt5569
165569;10000000;nt5570
165570;10000000;nt5571
165571;10000000;nt5572
165572;10000000;nt5573
165573;10000000;nt5574
165574;10000000;nt5575
165575;10000000;nt5576
165576;10000000;nt5577
165577;10000000;nt5578
165578;10000000;nt5579
165579;10000000;nt5580
165580;10000000;nt5581
165581;10000000;nt5582
165582;10000000;nt5583
165583;10000000;nt5584
165584;10000000;nt5585
165585;10000000;nt5586
165586;10000000;nt5587
165587;10000000;nt5588
165588;10000000;nt5589
165589;10000000;nt5590
165590;10000000;nt5591
165591;10000000;nt5592
165592;10000000;nt5593
165593;10000000;nt5594
165594;10000000;nt5595
165595;10000000;nt5596
165596;10000000;nt5597
165597;10000000;nt5598
165598;10000000;nt5599
165599;10000000;nt5600
165600;10000000;nt5601
165601;10000000;nt5602
165602;10000000;nt5603
165603;10000000;nt5604
165604;10000000;nt5605
165605;10000000;nt5606
165606;10000000;nt5607
165607;10000000;nt5608
165608;10000000;nt5609
165609;10000000;nt5610
165610;10000000;nt5611
165611;10000000;nt5612
165612;10000000;nt5613
165613;10000000;nt5614
165614;10000000;nt5615
165615;10000000;nt5616
165616;10000000;nt5617
165617;10000000;nt5618
165618;10000000;nt5619
165619;10000000;nt5620
165620;10000000;nt5621
165621;10000000;nt5622
165622;10000000;nt5623
165623;10000000;nt5624
165624;10000000;nt5625
165625;10000000;nt5626
165626;10000000;nt5627
165627;10000000;nt5628
165628;10000000;nt5629
165629;10000000;nt5630
165630;10000000;nt5631
165631;10000000;nt5632
165632;10000000;nt5633
165633;10000000;nt5634
165634;10000000;nt5635
165635;10000000;nt5636
165636;10000000;nt5637
165637;10000000;nt5638
165638;10000000;nt5639
165639;10000000;nt5640
165640;10000000;nt5641
165641;10000000;nt5642
165642;10000000;nt5643
165643;10000000;nt5644
165644;10000000;nt5645
165645;10000000;nt5646
165646;10000000;nt5647
165647;10000000;nt5648
165648;10000000;nt5649
165649;10000000;nt5650
165650;10000000;nt5651
165651;10000000;nt5652
165652;10000000;nt5653
165653;10000000;nt5654
165654;10000000;nt5655
165655;10000000;nt5656
165656;10000000;nt5657
165657;10000000;nt5658
165658;10000000;nt5659
165659;10000000;nt5660
165660;10000000;nt5661
165661;10000000;nt5662
165662;10000000;nt5663
165663;10000000;nt5664
165664;10000000;nt5665
165665;10000000;nt5666
165666;10000000;nt5667
165667;10000000;nt5668
165668;10000000;nt5669
165669;10000000;nt5670
165670;10000000;nt5671
165671;10000000;nt5672
165672;10000000;nt5673
165673;10000000;nt5674
165674;10000000;nt5675
165675;10000000;nt5676
165676;10000000;nt5677
165677;10000000;nt5678
165678;10000000;nt5679
165679;10000000;nt5680
165680;10000000;nt5681
165681;10000000;nt5682
165682;10000000;nt5683
165683;10000000;nt5684
165684;10000000;nt5685
165685;10000000;nt5686
165686;10000000;nt5687
165687;10000000;nt5688
165688;10000000;nt5689
165689;10000000;nt5690
165690;10000000;nt5691
165691;10000000;nt5692
165692;10000000;nt5693
165693;10000000;nt5694
165694;10000000;nt5695
165695;10000000;nt5696
165696;10000000;nt5697
165697;10000000;nt5698
165698;10000000;nt5699
165699;10000000;nt5700
165700;10000000;nt5701
165701;10000000;nt5702
165702;10000000;nt5703
165703;10000000;nt5704
165704;10000000;nt5705
165705;10000000;nt5706
165706;10000000;nt5707
165707;10000000;nt5708
165708;10000000;nt5709
165709;10000000;nt5710
165710;10000000;nt5711
165711;10000000;nt5712
165712;10000000;nt5713
165713;10000000;nt5714
165714;10000000;nt5715
165715;10000000;nt5716
165716;10000000;nt5717
165717;10000000;nt5718
165718;10000000;nt5719
165719;10000000;nt5720
165720;10000000;nt5721
165721;10000000;nt5722
165722;10000000;nt5723
165723;10000000;nt5724
165724;10000000;nt5725
165725;10000000;nt5726
165726;10000000;nt5727
165727;10000000;nt5728
165728;10000000;nt5729
165729;10000000;nt5730
165730;10000000;nt5731
165731;10000000;nt5732
165732;10000000;nt5733
165733;10000000;nt5734
165734;10000000;nt5735
165735;10000000;nt5736
165736;10000000;nt5737
165737;10000000;nt5738
165738;10000000;nt5739
165739;10000000;nt5740
165740;10000000;nt5741
165741;10000000;nt5742
165742;10000000;nt5743
165743;10000000;nt5744
165744;10000000;nt5745
165745;10000000;nt5746
165746;10000000;nt5747
165747;10000000;nt5748
165748;10000000;nt5749
165749;10000000;nt5750
165750;10000000;nt5751
165751;10000000;nt5752
165752;10000000;nt5753
165753;10000000;nt5754
165754;10000000;nt5755
165755;10000000;nt5756
165756;10000000;nt5757
165757;10000000;nt5758
165758;10000000;nt5759
165759;10000000;nt5760
165760;10000000;nt5761
165761;10000000;nt5762
165762;10000000;nt5763
165763;10000000;nt5764
165764;10000000;nt5765
165765;10000000;nt5766
165766;10000000;nt5767
165767;10000000;nt5768
165768;10000000;nt5769
165769;10000000;nt5770
165770;10000000;nt5771
165771;10000000;nt5772
165772;10000000;nt5773
165773;10000000;nt5774
165774;10000000;nt5775
165775;10000000;nt5776
165776;10000000;nt5777
165777;10000000;nt5778
165778;10000000;nt5779
165779;10000000;nt5780
165780;10000000;nt5781
165781;10000000;nt5782
165782;10000000;nt5783
165783;10000000;nt5784
165784;10000000;nt5785
165785;10000000;nt5786
165786;10000000;nt5787
165787;10000000;nt5788
165788;10000000;nt5789
165789;10000000;nt5790
165790;10000000;nt5791
165791;10000000;nt5792
165792;10000000;nt5793
165793;10000000;nt5794
165794;10000000;nt5795
165795;10000000;nt5796
165796;10000000;nt5797
165797;10000000;nt5798
165798;10000000;nt5799
165799;10000000;nt5800
165800;10000000;nt5801
165801;10000000;nt5802
165802;10000000;nt5803
165803;10000000;nt5804
165804;10000000;nt5805
165805;10000000;nt5806
165806;10000000;nt5807
165807;10000000;nt5808
165808;10000000;nt5809
165809;10000000;nt5810
165810;10000000;nt5811
165811;10000000;nt5812
165812;10000000;nt5813
165813;10000000;nt5814
165814;10000000;nt5815
165815;10000000;nt5816
165816;10000000;nt5817
165817;10000000;nt5818
165818;10000000;nt5819
165819;10000000;nt5820
165820;10000000;nt5821
165821;10000000;nt5822
165822;10000000;nt5823
165823;10000000;nt5824
165824;10000000;nt5825
165825;10000000;nt5826
165826;10000000;nt5827
165827;10000000;nt5828
165828;10000000;nt5829
165829;10000000;nt5830
165830;10000000;nt5831
165831;10000000;nt5832
165832;10000000;nt5833
165833;10000000;nt5834
165834;10000000;nt5835
165835;10000000;nt5836
165836;10000000;nt5837
165837;10000000;nt5838
165838;10000000;nt5839
165839;10000000;nt5840
165840;10000000;nt5841
165841;10000000;nt5842
165842;10000000;nt5843
165843;10000000;nt5844
165844;10000000;nt5845
165845;10000000;nt5846
165846;10000000;nt5847
165847;10000000;nt5848
165848;10000000;nt5849
165849;10000000;nt5850
165850;10000000;nt5851
165851;10000000;nt5852
165852;10000000;nt5853
165853;10000000;nt5854
165854;10000000;nt5855
165855;10000000;nt5856
165856;10000000;nt5857
165857;10000000;nt5858
165858;10000000;nt5859
165859;10000000;nt5860
165860;10000000;nt5861
165861;10000000;nt5862
165862;10000000;nt5863
165863;10000000;nt5864
165864;10000000;nt5865
165865;10000000;nt5866
165866;10000000;nt5867
165867;10000000;nt5868
165868;10000000;nt5869
165869;10000000;nt5870
165870;10000000;nt5871
165871;10000000;nt5872
165872;10000000;nt5873
165873;10000000;nt5874
165874;10000000;nt5875
165875;10000000;nt5876
165876;10000000;nt5877
165877;10000000;nt5878
165878;10000000;nt5879
165879;10000000;nt5880
165880;10000000;nt5881
165881;10000000;nt5882
165882;10000000;nt5883
165883;10000000;nt5884
165884;10000000;nt5885
165885;10000000;nt5886
165886;10000000;nt5887
165887;10000000;nt5888
165888;10000000;nt5889
165889;10000000;nt5890
165890;10000000;nt5891
165891;10000000;nt5892
165892;10000000;nt5893
165893;10000000;nt5894
165894;10000000;nt5895
165895;10000000;nt5896
165896;10000000;nt5897
165897;10000000;nt5898
165898;10000000;nt5899
165899;10000000;nt5900
165900;10000000;nt5901
165901;10000000;nt5902
165902;10000000;nt5903
165903;10000000;nt5904
165904;10000000;nt5905
165905;10000000;nt5906
165906;10000000;nt5907
165907;10000000;nt5908
165908;10000000;nt5909
165909;10000000;nt5910
165910;10000000;nt5911
165911;10000000;nt5912
165912;10000000;nt5913
165913;10000000;nt5914
165914;10000000;nt5915
165915;10000000;nt5916
165916;10000000;nt5917
165917;10000000;nt5918
165918;10000000;nt5919
165919;10000000;nt5920
165920;10000000;nt5921
165921;10000000;nt5922
165922;10000000;nt5923
165923;10000000;nt5924
165924;10000000;nt5925
165925;10000000;nt5926
165926;10000000;nt5927
165927;10000000;nt5928
165928;10000000;nt5929
165929;10000000;nt5930
165930;10000000;nt5931
165931;10000000;nt5932
165932;10000000;nt5933
165933;10000000;nt5934
165934;10000000;nt5935
165935;10000000;nt5936
165936;10000000;nt5937
165937;10000000;nt5938
165938;10000000;nt5939
165939;10000000;nt5940
165940;10000000;nt5941
165941;10000000;nt5942
165942;10000000;nt5943
165943;10000000;nt5944
165944;10000000;nt5945
165945;10000000;nt5946
165946;10000000;nt5947
165947;10000000;nt5948
165948;10000000;nt5949
165949;10000000;nt5950
165950;10000000;nt5951
165951;10000000;nt5952
165952;10000000;nt5953
165953;10000000;nt5954
165954;10000000;nt5955
165955;10000000;nt5956
165956;10000000;nt5957
165957;10000000;nt5958
165958;10000000;nt5959
165959;10000000;nt5960
165960;10000000;nt5961
165961;10000000;nt5962
165962;10000000;nt5963
165963;10000000;nt5964
165964;10000000;nt5965
165965;10000000;nt5966
165966;10000000;nt5967
165967;10000000;nt5968
165968;10000000;nt5969
165969;10000000;nt5970
165970;10000000;nt5971
165971;10000000;nt5972
165972;10000000;nt5973
165973;10000000;nt5974
165974;10000000;nt5975
165975;10000000;nt5976
165976;10000000;nt5977
165977;10000000;nt5978
165978;10000000;nt5979
165979;10000000;nt5980
165980;10000000;nt5981
165981;10000000;nt5982
165982;10000000;nt5983
165983;10000000;nt5984
165984;10000000;nt5985
165985;10000000;nt5986
165986;10000000;nt5987
165987;10000000;nt5988
165988;10000000;nt5989
165989;10000000;nt5990
165990;10000000;nt5991
165991;10000000;nt5992
165992;10000000;nt5993
165993;10000000;nt5994
165994;10000000;nt5995
165995;10000000;nt5996
165996;10000000;nt5997
165997;10000000;nt5998
165998;10000000;nt5999
165999;10000000;nt6000
166000;10000000;nt6001
166001;10000000;nt6002
166002;10000000;nt6003
166003;10000000;nt6004
166004;10000000;nt6005
166005;10000000;nt6006
166006;10000000;nt6007
166007;10000000;nt6008
166008;10000000;nt6009
166009;10000000;nt6010
166010;10000000;nt6011
166011;10000000;nt6012
166012;10000000;nt6013
166013;10000000;nt6014
166014;10000000;nt6015
166015;10000000;nt6016
166016;10000000;nt6017
166017;10000000;nt6018
166018;10000000;nt6019
166019;10000000;nt6020
166020;10000000;nt6021
166021;10000000;nt6022
166022;10000000;nt6023
166023;10000000;nt6024
166024;10000000;nt6025
166025;10000000;nt6026
166026;10000000;nt6027
166027;10000000;nt6028
166028;10000000;nt6029
166029;10000000;nt6030
166030;10000000;nt6031
166031;10000000;nt6032
166032;10000000;nt6033
166033;10000000;nt6034
166034;10000000;nt6035
166035;10000000;nt6036
166036;10000000;nt6037
166037;10000000;nt6038
166038;10000000;nt6039
166039;10000000;nt6040
166040;10000000;nt6041
166041;10000000;nt6042
166042;10000000;nt6043
166043;10000000;nt6044
166044;10000000;nt6045
166045;10000000;nt6046
166046;10000000;nt6047
166047;10000000;nt6048
166048;10000000;nt6049
166049;10000000;nt6050
166050;10000000;nt6051
166051;10000000;nt6052
166052;10000000;nt6053
166053;10000000;nt6054
166054;10000000;nt6055
166055;10000000;nt6056
166056;10000000;nt6057
166057;10000000;nt6058
166058;10000000;nt6059
166059;10000000;nt6060
166060;10000000;nt6061
166061;10000000;nt6062
166062;10000000;nt6063
166063;10000000;nt6064
166064;10000000;nt6065
166065;10000000;nt6066
166066;10000000;nt6067
166067;10000000;nt6068
166068;10000000;nt6069
166069;10000000;nt6070
166070;10000000;nt6071
166071;10000000;nt6072
166072;10000000;nt6073
166073;10000000;nt6074
166074;10000000;nt6075
166075;10000000;nt6076
166076;10000000;nt6077
166077;10000000;nt6078
166078;10000000;nt6079
166079;10000000;nt6080
166080;10000000;nt6081
166081;10000000;nt6082
166082;10000000;nt6083
166083;10000000;nt6084
166084;10000000;nt6085
166085;10000000;nt6086
166086;10000000;nt6087
166087;10000000;nt6088
166088;10000000;nt6089
166089;10000000;nt6090
166090;10000000;nt6091
166091;10000000;nt6092
166092;10000000;nt6093
166093;10000000;nt6094
166094;10000000;nt6095
166095;10000000;nt6096
166096;10000000;nt6097
166097;10000000;nt6098
166098;10000000;nt6099
166099;10000000;nt6100
166100;10000000;nt6101
166101;10000000;nt6102
166102;10000000;nt6103
166103;10000000;nt6104
166104;10000000;nt6105
166105;10000000;nt6106
166106;10000000;nt6107
166107;10000000;nt6108
166108;10000000;nt6109
166109;10000000;nt6110
166110;10000000;nt6111
166111;10000000;nt6112
166112;10000000;nt6113
166113;10000000;nt6114
166114;10000000;nt6115
166115;10000000;nt6116
166116;10000000;nt6117
166117;10000000;nt6118
166118;10000000;nt6119
166119;10000000;nt6120
166120;10000000;nt6121
166121;10000000;nt6122
166122;10000000;nt6123
166123;10000000;nt6124
166124;10000000;nt6125
166125;10000000;nt6126
166126;10000000;nt6127
166127;10000000;nt6128
166128;10000000;nt6129
166129;10000000;nt6130
166130;10000000;nt6131
166131;10000000;nt6132
166132;10000000;nt6133
166133;10000000;nt6134
166134;10000000;nt6135
166135;10000000;nt6136
166136;10000000;nt6137
166137;10000000;nt6138
166138;10000000;nt6139
166139;10000000;nt6140
166140;10000000;nt6141
166141;10000000;nt6142
166142;10000000;nt6143
166143;10000000;nt6144
166144;10000000;nt6145
166145;10000000;nt6146
166146;10000000;nt6147
166147;10000000;nt6148
166148;10000000;nt6149
166149;10000000;nt6150
166150;10000000;nt6151
166151;10000000;nt6152
166152;10000000;nt6153
166153;10000000;nt6154
166154;10000000;nt6155
166155;10000000;nt6156
166156;10000000;nt6157
166157;10000000;nt6158
166158;10000000;nt6159
166159;10000000;nt6160
166160;10000000;nt6161
166161;10000000;nt6162
166162;10000000;nt6163
166163;10000000;nt6164
166164;10000000;nt6165
166165;10000000;nt6166
166166;10000000;nt6167
166167;10000000;nt6168
166168;10000000;nt6169
166169;10000000;nt6170
166170;10000000;nt6171
166171;10000000;nt6172
166172;10000000;nt6173
166173;10000000;nt6174
166174;10000000;nt6175
166175;10000000;nt6176
166176;10000000;nt6177
166177;10000000;nt6178
166178;10000000;nt6179
166179;10000000;nt6180
166180;10000000;nt6181
166181;10000000;nt6182
166182;10000000;nt6183
166183;10000000;nt6184
166184;10000000;nt6185
166185;10000000;nt6186
166186;10000000;nt6187
166187;10000000;nt6188
166188;10000000;nt6189
166189;10000000;nt6190
166190;10000000;nt6191
166191;10000000;nt6192
166192;10000000;nt6193
166193;10000000;nt6194
166194;10000000;nt6195
166195;10000000;nt6196
166196;10000000;nt6197
166197;10000000;nt6198
166198;10000000;nt6199
166199;10000000;nt6200
166200;10000000;nt6201
166201;10000000;nt6202
166202;10000000;nt6203
166203;10000000;nt6204
166204;10000000;nt6205
166205;10000000;nt6206
166206;10000000;nt6207
166207;10000000;nt6208
166208;10000000;nt6209
166209;10000000;nt6210
166210;10000000;nt6211
166211;10000000;nt6212
166212;10000000;nt6213
166213;10000000;nt6214
166214;10000000;nt6215
166215;10000000;nt6216
166216;10000000;nt6217
166217;10000000;nt6218
166218;10000000;nt6219
166219;10000000;nt6220
166220;10000000;nt6221
166221;10000000;nt6222
166222;10000000;nt6223
166223;10000000;nt6224
166224;10000000;nt6225
166225;10000000;nt6226
166226;10000000;nt6227
166227;10000000;nt6228
166228;10000000;nt6229
166229;10000000;nt6230
166230;10000000;nt6231
166231;10000000;nt6232
166232;10000000;nt6233
166233;10000000;nt6234
166234;10000000;nt6235
166235;10000000;nt6236
166236;10000000;nt6237
166237;10000000;nt6238
166238;10000000;nt6239
166239;10000000;nt6240
166240;10000000;nt6241
166241;10000000;nt6242
166242;10000000;nt6243
166243;10000000;nt6244
166244;10000000;nt6245
166245;10000000;nt6246
166246;10000000;nt6247
166247;10000000;nt6248
166248;10000000;nt6249
166249;10000000;nt6250
166250;10000000;nt6251
166251;10000000;nt6252
166252;10000000;nt6253
166253;10000000;nt6254
166254;10000000;nt6255
166255;10000000;nt6256
166256;10000000;nt6257
166257;10000000;nt6258
166258;10000000;nt6259
166259;10000000;nt6260
166260;10000000;nt6261
166261;10000000;nt6262
166262;10000000;nt6263
166263;10000000;nt6264
166264;10000000;nt6265
166265;10000000;nt6266
166266;10000000;nt6267
166267;10000000;nt6268
166268;10000000;nt6269
166269;10000000;nt6270
166270;10000000;nt6271
166271;10000000;nt6272
166272;10000000;nt6273
166273;10000000;nt6274
166274;10000000;nt6275
166275;10000000;nt6276
166276;10000000;nt6277
166277;10000000;nt6278
166278;10000000;nt6279
166279;10000000;nt6280
166280;10000000;nt6281
166281;10000000;nt6282
166282;10000000;nt6283
166283;10000000;nt6284
166284;10000000;nt6285
166285;10000000;nt6286
166286;10000000;nt6287
166287;10000000;nt6288
166288;10000000;nt6289
166289;10000000;nt6290
166290;10000000;nt6291
166291;10000000;nt6292
166292;10000000;nt6293
166293;10000000;nt6294
166294;10000000;nt6295
166295;10000000;nt6296
166296;10000000;nt6297
166297;10000000;nt6298
166298;10000000;nt6299
166299;10000000;nt6300
166300;10000000;nt6301
166301;10000000;nt6302
166302;10000000;nt6303
166303;10000000;nt6304
166304;10000000;nt6305
166305;10000000;nt6306
166306;10000000;nt6307
166307;10000000;nt6308
166308;10000000;nt6309
166309;10000000;nt6310
166310;10000000;nt6311
166311;10000000;nt6312
166312;10000000;nt6313
166313;10000000;nt6314
166314;10000000;nt6315
166315;10000000;nt6316
166316;10000000;nt6317
166317;10000000;nt6318
166318;10000000;nt6319
166319;10000000;nt6320
166320;10000000;nt6321
166321;10000000;nt6322
166322;10000000;nt6323
166323;10000000;nt6324
166324;10000000;nt6325
166325;10000000;nt6326
166326;10000000;nt6327
166327;10000000;nt6328
166328;10000000;nt6329
166329;10000000;nt6330
166330;10000000;nt6331
166331;10000000;nt6332
166332;10000000;nt6333
166333;10000000;nt6334
166334;10000000;nt6335
166335;10000000;nt6336
166336;10000000;nt6337
166337;10000000;nt6338
166338;10000000;nt6339
166339;10000000;nt6340
166340;10000000;nt6341
166341;10000000;nt6342
166342;10000000;nt6343
166343;10000000;nt6344
166344;10000000;nt6345
166345;10000000;nt6346
166346;10000000;nt6347
166347;10000000;nt6348
166348;10000000;nt6349
166349;10000000;nt6350
166350;10000000;nt6351
166351;10000000;nt6352
166352;10000000;nt6353
166353;10000000;nt6354
166354;10000000;nt6355
166355;10000000;nt6356
166356;10000000;nt6357
166357;10000000;nt6358
166358;10000000;nt6359
166359;10000000;nt6360
166360;10000000;nt6361
166361;10000000;nt6362
166362;10000000;nt6363
166363;10000000;nt6364
166364;10000000;nt6365
166365;10000000;nt6366
166366;10000000;nt6367
166367;10000000;nt6368
166368;10000000;nt6369
166369;10000000;nt6370
166370;10000000;nt6371
166371;10000000;nt6372
166372;10000000;nt6373
166373;10000000;nt6374
166374;10000000;nt6375
166375;10000000;nt6376
166376;10000000;nt6377
166377;10000000;nt6378
166378;10000000;nt6379
166379;10000000;nt6380
166380;10000000;nt6381
166381;10000000;nt6382
166382;10000000;nt6383
166383;10000000;nt6384
166384;10000000;nt6385
166385;10000000;nt6386
166386;10000000;nt6387
166387;10000000;nt6388
166388;10000000;nt6389
166389;10000000;nt6390
166390;10000000;nt6391
166391;10000000;nt6392
166392;10000000;nt6393
166393;10000000;nt6394
166394;10000000;nt6395
166395;10000000;nt6396
166396;10000000;nt6397
166397;10000000;nt6398
166398;10000000;nt6399
166399;10000000;nt6400
166400;10000000;nt6401
166401;10000000;nt6402
166402;10000000;nt6403
166403;10000000;nt6404
166404;10000000;nt6405
166405;10000000;nt6406
166406;10000000;nt6407
166407;10000000;nt6408
166408;10000000;nt6409
166409;10000000;nt6410
166410;10000000;nt6411
166411;10000000;nt6412
166412;10000000;nt6413
166413;10000000;nt6414
166414;10000000;nt6415
166415;10000000;nt6416
166416;10000000;nt6417
166417;10000000;nt6418
166418;10000000;nt6419
166419;10000000;nt6420
166420;10000000;nt6421
166421;10000000;nt6422
166422;10000000;nt6423
166423;10000000;nt6424
166424;10000000;nt6425
166425;10000000;nt6426
166426;10000000;nt6427
166427;10000000;nt6428
166428;10000000;nt6429
166429;10000000;nt6430
166430;10000000;nt6431
166431;10000000;nt6432
166432;10000000;nt6433
166433;10000000;nt6434
166434;10000000;nt6435
166435;10000000;nt6436
166436;10000000;nt6437
166437;10000000;nt6438
166438;10000000;nt6439
166439;10000000;nt6440
166440;10000000;nt6441
166441;10000000;nt6442
166442;10000000;nt6443
166443;10000000;nt6444
166444;10000000;nt6445
166445;10000000;nt6446
166446;10000000;nt6447
166447;10000000;nt6448
166448;10000000;nt6449
166449;10000000;nt6450
166450;10000000;nt6451
166451;10000000;nt6452
166452;10000000;nt6453
166453;10000000;nt6454
166454;10000000;nt6455
166455;10000000;nt6456
166456;10000000;nt6457
166457;10000000;nt6458
166458;10000000;nt6459
166459;10000000;nt6460
166460;10000000;nt6461
166461;10000000;nt6462
166462;10000000;nt6463
166463;10000000;nt6464
166464;10000000;nt6465
166465;10000000;nt6466
166466;10000000;nt6467
166467;10000000;nt6468
166468;10000000;nt6469
166469;10000000;nt6470
166470;10000000;nt6471
166471;10000000;nt6472
166472;10000000;nt6473
166473;10000000;nt6474
166474;10000000;nt6475
166475;10000000;nt6476
166476;10000000;nt6477
166477;10000000;nt6478
166478;10000000;nt6479
166479;10000000;nt6480
166480;10000000;nt6481
166481;10000000;nt6482
166482;10000000;nt6483
166483;10000000;nt6484
166484;10000000;nt6485
166485;10000000;nt6486
166486;10000000;nt6487
166487;10000000;nt6488
166488;10000000;nt6489
166489;10000000;nt6490
166490;10000000;nt6491
166491;10000000;nt6492
166492;10000000;nt6493
166493;10000000;nt6494
166494;10000000;nt6495
166495;10000000;nt6496
166496;10000000;nt6497
166497;10000000;nt6498
166498;10000000;nt6499
166499;10000000;nt6500
166500;10000000;nt6501
166501;10000000;nt6502
166502;10000000;nt6503
166503;10000000;nt6504
166504;10000000;nt6505
166505;10000000;nt6506
166506;10000000;nt6507
166507;10000000;nt6508
166508;10000000;nt6509
166509;10000000;nt6510
166510;10000000;nt6511
166511;10000000;nt6512
166512;10000000;nt6513
166513;10000000;nt6514
166514;10000000;nt6515
166515;10000000;nt6516
166516;10000000;nt6517
166517;10000000;nt6518
166518;10000000;nt6519
166519;10000000;nt6520
166520;10000000;nt6521
166521;10000000;nt6522
166522;10000000;nt6523
166523;10000000;nt6524
166524;10000000;nt6525
166525;10000000;nt6526
166526;10000000;nt6527
166527;10000000;nt6528
166528;10000000;nt6529
166529;10000000;nt6530
166530;10000000;nt6531
166531;10000000;nt6532
166532;10000000;nt6533
166533;10000000;nt6534
166534;10000000;nt6535
166535;10000000;nt6536
166536;10000000;nt6537
166537;10000000;nt6538
166538;10000000;nt6539
166539;10000000;nt6540
166540;10000000;nt6541
166541;10000000;nt6542
166542;10000000;nt6543
166543;10000000;nt6544
166544;10000000;nt6545
166545;10000000;nt6546
166546;10000000;nt6547
166547;10000000;nt6548
166548;10000000;nt6549
166549;10000000;nt6550
166550;10000000;nt6551
166551;10000000;nt6552
166552;10000000;nt6553
166553;10000000;nt6554
166554;10000000;nt6555
166555;10000000;nt6556
166556;10000000;nt6557
166557;10000000;nt6558
166558;10000000;nt6559
166559;10000000;nt6560
166560;10000000;nt6561
166561;10000000;nt6562
166562;10000000;nt6563
166563;10000000;nt6564
166564;10000000;nt6565
166565;10000000;nt6566
166566;10000000;nt6567
166567;10000000;nt6568
166568;10000000;nt6569
166569;10000000;nt6570
166570;10000000;nt6571
166571;10000000;nt6572
166572;10000000;nt6573
166573;10000000;nt6574
166574;10000000;nt6575
166575;10000000;nt6576
166576;10000000;nt6577
166577;10000000;nt6578
166578;10000000;nt6579
166579;10000000;nt6580
166580;10000000;nt6581
166581;10000000;nt6582
166582;10000000;nt6583
166583;10000000;nt6584
166584;10000000;nt6585
166585;10000000;nt6586
166586;10000000;nt6587
166587;10000000;nt6588
166588;10000000;nt6589
166589;10000000;nt6590
166590;10000000;nt6591
166591;10000000;nt6592
166592;10000000;nt6593
166593;10000000;nt6594
166594;10000000;nt6595
166595;10000000;nt6596
166596;10000000;nt6597
166597;10000000;nt6598
166598;10000000;nt6599
166599;10000000;nt6600
166600;10000000;nt6601
166601;10000000;nt6602
166602;10000000;nt6603
166603;10000000;nt6604
166604;10000000;nt6605
166605;10000000;nt6606
166606;10000000;nt6607
166607;10000000;nt6608
166608;10000000;nt6609
166609;10000000;nt6610
166610;10000000;nt6611
166611;10000000;nt6612
166612;10000000;nt6613
166613;10000000;nt6614
166614;10000000;nt6615
166615;10000000;nt6616
166616;10000000;nt6617
166617;10000000;nt6618
166618;10000000;nt6619
166619;10000000;nt6620
166620;10000000;nt6621
166621;10000000;nt6622
166622;10000000;nt6623
166623;10000000;nt6624
166624;10000000;nt6625
166625;10000000;nt6626
166626;10000000;nt6627
166627;10000000;nt6628
166628;10000000;nt6629
166629;10000000;nt6630
166630;10000000;nt6631
166631;10000000;nt6632
166632;10000000;nt6633
166633;10000000;nt6634
166634;10000000;nt6635
166635;10000000;nt6636
166636;10000000;nt6637
166637;10000000;nt6638
166638;10000000;nt6639
166639;10000000;nt6640
166640;10000000;nt6641
166641;10000000;nt6642
166642;10000000;nt6643
166643;10000000;nt6644
166644;10000000;nt6645
166645;10000000;nt6646
166646;10000000;nt6647
166647;10000000;nt6648
166648;10000000;nt6649
166649;10000000;nt6650
166650;10000000;nt6651
166651;10000000;nt6652
166652;10000000;nt6653
166653;10000000;nt6654
166654;10000000;nt6655
166655;10000000;nt6656
166656;10000000;nt6657
166657;10000000;nt6658
166658;10000000;nt6659
166659;10000000;nt6660
166660;10000000;nt6661
166661;10000000;nt6662
166662;10000000;nt6663
166663;10000000;nt6664
166664;10000000;nt6665
166665;10000000;nt6666
166666;10000000;nt6667
166667;10000000;nt6668
166668;10000000;nt6669
166669;10000000;nt6670
166670;10000000;nt6671
166671;10000000;nt6672
166672;10000000;nt6673
166673;10000000;nt6674
166674;10000000;nt6675
166675;10000000;nt6676
166676;10000000;nt6677
166677;10000000;nt6678
166678;10000000;nt6679
166679;10000000;nt6680
166680;10000000;nt6681
166681;10000000;nt6682
166682;10000000;nt6683
166683;10000000;nt6684
166684;10000000;nt6685
166685;10000000;nt6686
166686;10000000;nt6687
166687;10000000;nt6688
166688;10000000;nt6689
166689;10000000;nt6690
166690;10000000;nt6691
166691;10000000;nt6692
166692;10000000;nt6693
166693;10000000;nt6694
166694;10000000;nt6695
166695;10000000;nt6696
166696;10000000;nt6697
166697;10000000;nt6698
166698;10000000;nt6699
166699;10000000;nt6700
166700;10000000;nt6701
166701;10000000;nt6702
166702;10000000;nt6703
166703;10000000;nt6704
166704;10000000;nt6705
166705;10000000;nt6706
166706;10000000;nt6707
166707;10000000;nt6708
166708;10000000;nt6709
166709;10000000;nt6710
166710;10000000;nt6711
166711;10000000;nt6712
166712;10000000;nt6713
166713;10000000;nt6714
166714;10000000;nt6715
166715;10000000;nt6716
166716;10000000;nt6717
166717;10000000;nt6718
166718;10000000;nt6719
166719;10000000;nt6720
166720;10000000;nt6721
166721;10000000;nt6722
166722;10000000;nt6723
166723;10000000;nt6724
166724;10000000;nt6725
166725;10000000;nt6726
166726;10000000;nt6727
166727;10000000;nt6728
166728;10000000;nt6729
166729;10000000;nt6730
166730;10000000;nt6731
166731;10000000;nt6732
166732;10000000;nt6733
166733;10000000;nt6734
166734;10000000;nt6735
166735;10000000;nt6736
166736;10000000;nt6737
166737;10000000;nt6738
166738;10000000;nt6739
166739;10000000;nt6740
166740;10000000;nt6741
166741;10000000;nt6742
166742;10000000;nt6743
166743;10000000;nt6744
166744;10000000;nt6745
166745;10000000;nt6746
166746;10000000;nt6747
166747;10000000;nt6748
166748;10000000;nt6749
166749;10000000;nt6750
166750;10000000;nt6751
166751;10000000;nt6752
166752;10000000;nt6753
166753;10000000;nt6754
166754;10000000;nt6755
166755;10000000;nt6756
166756;10000000;nt6757
166757;10000000;nt6758
166758;10000000;nt6759
166759;10000000;nt6760
166760;10000000;nt6761
166761;10000000;nt6762
166762;10000000;nt6763
166763;10000000;nt6764
166764;10000000;nt6765
166765;10000000;nt6766
166766;10000000;nt6767
166767;10000000;nt6768
166768;10000000;nt6769
166769;10000000;nt6770
166770;10000000;nt6771
166771;10000000;nt6772
166772;10000000;nt6773
166773;10000000;nt6774
166774;10000000;nt6775
166775;10000000;nt6776
166776;10000000;nt6777
166777;10000000;nt6778
166778;10000000;nt6779
166779;10000000;nt6780
166780;10000000;nt6781
166781;10000000;nt6782
166782;10000000;nt6783
166783;10000000;nt6784
166784;10000000;nt6785
166785;10000000;nt6786
166786;10000000;nt6787
166787;10000000;nt6788
166788;10000000;nt6789
166789;10000000;nt6790
166790;10000000;nt6791
166791;10000000;nt6792
166792;10000000;nt6793
166793;10000000;nt6794
166794;10000000;nt6795
166795;10000000;nt6796
166796;10000000;nt6797
166797;10000000;nt6798
166798;10000000;nt6799
166799;10000000;nt6800
166800;10000000;nt6801
166801;10000000;nt6802
166802;10000000;nt6803
166803;10000000;nt6804
166804;10000000;nt6805
166805;10000000;nt6806
166806;10000000;nt6807
166807;10000000;nt6808
166808;10000000;nt6809
166809;10000000;nt6810
166810;10000000;nt6811
166811;10000000;nt6812
166812;10000000;nt6813
166813;10000000;nt6814
166814;10000000;nt6815
166815;10000000;nt6816
166816;10000000;nt6817
166817;10000000;nt6818
166818;10000000;nt6819
166819;10000000;nt6820
166820;10000000;nt6821
166821;10000000;nt6822
166822;10000000;nt6823
166823;10000000;nt6824
166824;10000000;nt6825
166825;10000000;nt6826
166826;10000000;nt6827
166827;10000000;nt6828
166828;10000000;nt6829
166829;10000000;nt6830
166830;10000000;nt6831
166831;10000000;nt6832
166832;10000000;nt6833
166833;10000000;nt6834
166834;10000000;nt6835
166835;10000000;nt6836
166836;10000000;nt6837
166837;10000000;nt6838
166838;10000000;nt6839
166839;10000000;nt6840
166840;10000000;nt6841
166841;10000000;nt6842
166842;10000000;nt6843
166843;10000000;nt6844
166844;10000000;nt6845
166845;10000000;nt6846
166846;10000000;nt6847
166847;10000000;nt6848
166848;10000000;nt6849
166849;10000000;nt6850
166850;10000000;nt6851
166851;10000000;nt6852
166852;10000000;nt6853
166853;10000000;nt6854
166854;10000000;nt6855
166855;10000000;nt6856
166856;10000000;nt6857
166857;10000000;nt6858
166858;10000000;nt6859
166859;10000000;nt6860
166860;10000000;nt6861
166861;10000000;nt6862
166862;10000000;nt6863
166863;10000000;nt6864
166864;10000000;nt6865
166865;10000000;nt6866
166866;10000000;nt6867
166867;10000000;nt6868
166868;10000000;nt6869
166869;10000000;nt6870
166870;10000000;nt6871
166871;10000000;nt6872
166872;10000000;nt6873
166873;10000000;nt6874
166874;10000000;nt6875
166875;10000000;nt6876
166876;10000000;nt6877
166877;10000000;nt6878
166878;10000000;nt6879
166879;10000000;nt6880
166880;10000000;nt6881
166881;10000000;nt6882
166882;10000000;nt6883
166883;10000000;nt6884
166884;10000000;nt6885
166885;10000000;nt6886
166886;10000000;nt6887
166887;10000000;nt6888
166888;10000000;nt6889
166889;10000000;nt6890
166890;10000000;nt6891
166891;10000000;nt6892
166892;10000000;nt6893
166893;10000000;nt6894
166894;10000000;nt6895
166895;10000000;nt6896
166896;10000000;nt6897
166897;10000000;nt6898
166898;10000000;nt6899
166899;10000000;nt6900
166900;10000000;nt6901
166901;10000000;nt6902
166902;10000000;nt6903
166903;10000000;nt6904
166904;10000000;nt6905
166905;10000000;nt6906
166906;10000000;nt6907
166907;10000000;nt6908
166908;10000000;nt6909
166909;10000000;nt6910
166910;10000000;nt6911
166911;10000000;nt6912
166912;10000000;nt6913
166913;10000000;nt6914
166914;10000000;nt6915
166915;10000000;nt6916
166916;10000000;nt6917
166917;10000000;nt6918
166918;10000000;nt6919
166919;10000000;nt6920
166920;10000000;nt6921
166921;10000000;nt6922
166922;10000000;nt6923
166923;10000000;nt6924
166924;10000000;nt6925
166925;10000000;nt6926
166926;10000000;nt6927
166927;10000000;nt6928
166928;10000000;nt6929
166929;10000000;nt6930
166930;10000000;nt6931
166931;10000000;nt6932
166932;10000000;nt6933
166933;10000000;nt6934
166934;10000000;nt6935
166935;10000000;nt6936
166936;10000000;nt6937
166937;10000000;nt6938
166938;10000000;nt6939
166939;10000000;nt6940
166940;10000000;nt6941
166941;10000000;nt6942
166942;10000000;nt6943
166943;10000000;nt6944
166944;10000000;nt6945
166945;10000000;nt6946
166946;10000000;nt6947
166947;10000000;nt6948
166948;10000000;nt6949
166949;10000000;nt6950
166950;10000000;nt6951
166951;10000000;nt6952
166952;10000000;nt6953
166953;10000000;nt6954
166954;10000000;nt6955
166955;10000000;nt6956
166956;10000000;nt6957
166957;10000000;nt6958
166958;10000000;nt6959
166959;10000000;nt6960
166960;10000000;nt6961
166961;10000000;nt6962
166962;10000000;nt6963
166963;10000000;nt6964
166964;10000000;nt6965
166965;10000000;nt6966
166966;10000000;nt6967
166967;10000000;nt6968
166968;10000000;nt6969
166969;10000000;nt6970
166970;10000000;nt6971
166971;10000000;nt6972
166972;10000000;nt6973
166973;10000000;nt6974
166974;10000000;nt6975
166975;10000000;nt6976
166976;10000000;nt6977
166977;10000000;nt6978
166978;10000000;nt6979
166979;10000000;nt6980
166980;10000000;nt6981
166981;10000000;nt6982
166982;10000000;nt6983
166983;10000000;nt6984
166984;10000000;nt6985
166985;10000000;nt6986
166986;10000000;nt6987
166987;10000000;nt6988
166988;10000000;nt6989
166989;10000000;nt6990
166990;10000000;nt6991
166991;10000000;nt6992
166992;10000000;nt6993
166993;10000000;nt6994
166994;10000000;nt6995
166995;10000000;nt6996
166996;10000000;nt6997
166997;10000000;nt6998
166998;10000000;nt6999
166999;10000000;nt7000
167000;10000000;nt7001
167001;10000000;nt7002
167002;10000000;nt7003
167003;10000000;nt7004
167004;10000000;nt7005
167005;10000000;nt7006
167006;10000000;nt7007
167007;10000000;nt7008
167008;10000000;nt7009
167009;10000000;nt7010
167010;10000000;nt7011
167011;10000000;nt7012
167012;10000000;nt7013
167013;10000000;nt7014
167014;10000000;nt7015
167015;10000000;nt7016
167016;10000000;nt7017
167017;10000000;nt7018
167018;10000000;nt7019
167019;10000000;nt7020
167020;10000000;nt7021
167021;10000000;nt7022
167022;10000000;nt7023
167023;10000000;nt7024
167024;10000000;nt7025
167025;10000000;nt7026
167026;10000000;nt7027
167027;10000000;nt7028
167028;10000000;nt7029
167029;10000000;nt7030
167030;10000000;nt7031
167031;10000000;nt7032
167032;10000000;nt7033
167033;10000000;nt7034
167034;10000000;nt7035
167035;10000000;nt7036
167036;10000000;nt7037
167037;10000000;nt7038
167038;10000000;nt7039
167039;10000000;nt7040
167040;10000000;nt7041
167041;10000000;nt7042
167042;10000000;nt7043
167043;10000000;nt7044
167044;10000000;nt7045
167045;10000000;nt7046
167046;10000000;nt7047
167047;10000000;nt7048
167048;10000000;nt7049
167049;10000000;nt7050
167050;10000000;nt7051
167051;10000000;nt7052
167052;10000000;nt7053
167053;10000000;nt7054
167054;10000000;nt7055
167055;10000000;nt7056
167056;10000000;nt7057
167057;10000000;nt7058
167058;10000000;nt7059
167059;10000000;nt7060
167060;10000000;nt7061
167061;10000000;nt7062
167062;10000000;nt7063
167063;10000000;nt7064
167064;10000000;nt7065
167065;10000000;nt7066
167066;10000000;nt7067
167067;10000000;nt7068
167068;10000000;nt7069
167069;10000000;nt7070
167070;10000000;nt7071
167071;10000000;nt7072
167072;10000000;nt7073
167073;10000000;nt7074
167074;10000000;nt7075
167075;10000000;nt7076
167076;10000000;nt7077
167077;10000000;nt7078
167078;10000000;nt7079
167079;10000000;nt7080
167080;10000000;nt7081
167081;10000000;nt7082
167082;10000000;nt7083
167083;10000000;nt7084
167084;10000000;nt7085
167085;10000000;nt7086
167086;10000000;nt7087
167087;10000000;nt7088
167088;10000000;nt7089
167089;10000000;nt7090
167090;10000000;nt7091
167091;10000000;nt7092
167092;10000000;nt7093
167093;10000000;nt7094
167094;10000000;nt7095
167095;10000000;nt7096
167096;10000000;nt7097
167097;10000000;nt7098
167098;10000000;nt7099
167099;10000000;nt7100
167100;10000000;nt7101
167101;10000000;nt7102
167102;10000000;nt7103
167103;10000000;nt7104
167104;10000000;nt7105
167105;10000000;nt7106
167106;10000000;nt7107
167107;10000000;nt7108
167108;10000000;nt7109
167109;10000000;nt7110
167110;10000000;nt7111
167111;10000000;nt7112
167112;10000000;nt7113
167113;10000000;nt7114
167114;10000000;nt7115
167115;10000000;nt7116
167116;10000000;nt7117
167117;10000000;nt7118
167118;10000000;nt7119
167119;10000000;nt7120
167120;10000000;nt7121
167121;10000000;nt7122
167122;10000000;nt7123
167123;10000000;nt7124
167124;10000000;nt7125
167125;10000000;nt7126
167126;10000000;nt7127
167127;10000000;nt7128
167128;10000000;nt7129
167129;10000000;nt7130
167130;10000000;nt7131
167131;10000000;nt7132
167132;10000000;nt7133
167133;10000000;nt7134
167134;10000000;nt7135
167135;10000000;nt7136
167136;10000000;nt7137
167137;10000000;nt7138
167138;10000000;nt7139
167139;10000000;nt7140
167140;10000000;nt7141
167141;10000000;nt7142
167142;10000000;nt7143
167143;10000000;nt7144
167144;10000000;nt7145
167145;10000000;nt7146
167146;10000000;nt7147
167147;10000000;nt7148
167148;10000000;nt7149
167149;10000000;nt7150
167150;10000000;nt7151
167151;10000000;nt7152
167152;10000000;nt7153
167153;10000000;nt7154
167154;10000000;nt7155
167155;10000000;nt7156
167156;10000000;nt7157
167157;10000000;nt7158
167158;10000000;nt7159
167159;10000000;nt7160
167160;10000000;nt7161
167161;10000000;nt7162
167162;10000000;nt7163
167163;10000000;nt7164
167164;10000000;nt7165
167165;10000000;nt7166
167166;10000000;nt7167
167167;10000000;nt7168
167168;10000000;nt7169
167169;10000000;nt7170
167170;10000000;nt7171
167171;10000000;nt7172
167172;10000000;nt7173
167173;10000000;nt7174
167174;10000000;nt7175
167175;10000000;nt7176
167176;10000000;nt7177
167177;10000000;nt7178
167178;10000000;nt7179
167179;10000000;nt7180
167180;10000000;nt7181
167181;10000000;nt7182
167182;10000000;nt7183
167183;10000000;nt7184
167184;10000000;nt7185
167185;10000000;nt7186
167186;10000000;nt7187
167187;10000000;nt7188
167188;10000000;nt7189
167189;10000000;nt7190
167190;10000000;nt7191
167191;10000000;nt7192
167192;10000000;nt7193
167193;10000000;nt7194
167194;10000000;nt7195
167195;10000000;nt7196
167196;10000000;nt7197
167197;10000000;nt7198
167198;10000000;nt7199
167199;10000000;nt7200
167200;10000000;nt7201
167201;10000000;nt7202
167202;10000000;nt7203
167203;10000000;nt7204
167204;10000000;nt7205
167205;10000000;nt7206
167206;10000000;nt7207
167207;10000000;nt7208
167208;10000000;nt7209
167209;10000000;nt7210
167210;10000000;nt7211
167211;10000000;nt7212
167212;10000000;nt7213
167213;10000000;nt7214
167214;10000000;nt7215
167215;10000000;nt7216
167216;10000000;nt7217
167217;10000000;nt7218
167218;10000000;nt7219
167219;10000000;nt7220
167220;10000000;nt7221
167221;10000000;nt7222
167222;10000000;nt7223
167223;10000000;nt7224
167224;10000000;nt7225
167225;10000000;nt7226
167226;10000000;nt7227
167227;10000000;nt7228
167228;10000000;nt7229
167229;10000000;nt7230
167230;10000000;nt7231
167231;10000000;nt7232
167232;10000000;nt7233
167233;10000000;nt7234
167234;10000000;nt7235
167235;10000000;nt7236
167236;10000000;nt7237
167237;10000000;nt7238
167238;10000000;nt7239
167239;10000000;nt7240
167240;10000000;nt7241
167241;10000000;nt7242
167242;10000000;nt7243
167243;10000000;nt7244
167244;10000000;nt7245
167245;10000000;nt7246
167246;10000000;nt7247
167247;10000000;nt7248
167248;10000000;nt7249
167249;10000000;nt7250
167250;10000000;nt7251
167251;10000000;nt7252
167252;10000000;nt7253
167253;10000000;nt7254
167254;10000000;nt7255
167255;10000000;nt7256
167256;10000000;nt7257
167257;10000000;nt7258
167258;10000000;nt7259
167259;10000000;nt7260
167260;10000000;nt7261
167261;10000000;nt7262
167262;10000000;nt7263
167263;10000000;nt7264
167264;10000000;nt7265
167265;10000000;nt7266
167266;10000000;nt7267
167267;10000000;nt7268
167268;10000000;nt7269
167269;10000000;nt7270
167270;10000000;nt7271
167271;10000000;nt7272
167272;10000000;nt7273
167273;10000000;nt7274
167274;10000000;nt7275
167275;10000000;nt7276
167276;10000000;nt7277
167277;10000000;nt7278
167278;10000000;nt7279
167279;10000000;nt7280
167280;10000000;nt7281
167281;10000000;nt7282
167282;10000000;nt7283
167283;10000000;nt7284
167284;10000000;nt7285
167285;10000000;nt7286
167286;10000000;nt7287
167287;10000000;nt7288
167288;10000000;nt7289
167289;10000000;nt7290
167290;10000000;nt7291
167291;10000000;nt7292
167292;10000000;nt7293
167293;10000000;nt7294
167294;10000000;nt7295
167295;10000000;nt7296
167296;10000000;nt7297
167297;10000000;nt7298
167298;10000000;nt7299
167299;10000000;nt7300
167300;10000000;nt7301
167301;10000000;nt7302
167302;10000000;nt7303
167303;10000000;nt7304
167304;10000000;nt7305
167305;10000000;nt7306
167306;10000000;nt7307
167307;10000000;nt7308
167308;10000000;nt7309
167309;10000000;nt7310
167310;10000000;nt7311
167311;10000000;nt7312
167312;10000000;nt7313
167313;10000000;nt7314
167314;10000000;nt7315
167315;10000000;nt7316
167316;10000000;nt7317
167317;10000000;nt7318
167318;10000000;nt7319
167319;10000000;nt7320
167320;10000000;nt7321
167321;10000000;nt7322
167322;10000000;nt7323
167323;10000000;nt7324
167324;10000000;nt7325
167325;10000000;nt7326
167326;10000000;nt7327
167327;10000000;nt7328
167328;10000000;nt7329
167329;10000000;nt7330
167330;10000000;nt7331
167331;10000000;nt7332
167332;10000000;nt7333
167333;10000000;nt7334
167334;10000000;nt7335
167335;10000000;nt7336
167336;10000000;nt7337
167337;10000000;nt7338
167338;10000000;nt7339
167339;10000000;nt7340
167340;10000000;nt7341
167341;10000000;nt7342
167342;10000000;nt7343
167343;10000000;nt7344
167344;10000000;nt7345
167345;10000000;nt7346
167346;10000000;nt7347
167347;10000000;nt7348
167348;10000000;nt7349
167349;10000000;nt7350
167350;10000000;nt7351
167351;10000000;nt7352
167352;10000000;nt7353
167353;10000000;nt7354
167354;10000000;nt7355
167355;10000000;nt7356
167356;10000000;nt7357
167357;10000000;nt7358
167358;10000000;nt7359
167359;10000000;nt7360
167360;10000000;nt7361
167361;10000000;nt7362
167362;10000000;nt7363
167363;10000000;nt7364
167364;10000000;nt7365
167365;10000000;nt7366
167366;10000000;nt7367
167367;10000000;nt7368
167368;10000000;nt7369
167369;10000000;nt7370
167370;10000000;nt7371
167371;10000000;nt7372
167372;10000000;nt7373
167373;10000000;nt7374
167374;10000000;nt7375
167375;10000000;nt7376
167376;10000000;nt7377
167377;10000000;nt7378
167378;10000000;nt7379
167379;10000000;nt7380
167380;10000000;nt7381
167381;10000000;nt7382
167382;10000000;nt7383
167383;10000000;nt7384
167384;10000000;nt7385
167385;10000000;nt7386
167386;10000000;nt7387
167387;10000000;nt7388
167388;10000000;nt7389
167389;10000000;nt7390
167390;10000000;nt7391
167391;10000000;nt7392
167392;10000000;nt7393
167393;10000000;nt7394
167394;10000000;nt7395
167395;10000000;nt7396
167396;10000000;nt7397
167397;10000000;nt7398
167398;10000000;nt7399
167399;10000000;nt7400
167400;10000000;nt7401
167401;10000000;nt7402
167402;10000000;nt7403
167403;10000000;nt7404
167404;10000000;nt7405
167405;10000000;nt7406
167406;10000000;nt7407
167407;10000000;nt7408
167408;10000000;nt7409
167409;10000000;nt7410
167410;10000000;nt7411
167411;10000000;nt7412
167412;10000000;nt7413
167413;10000000;nt7414
167414;10000000;nt7415
167415;10000000;nt7416
167416;10000000;nt7417
167417;10000000;nt7418
167418;10000000;nt7419
167419;10000000;nt7420
167420;10000000;nt7421
167421;10000000;nt7422
167422;10000000;nt7423
167423;10000000;nt7424
167424;10000000;nt7425
167425;10000000;nt7426
167426;10000000;nt7427
167427;10000000;nt7428
167428;10000000;nt7429
167429;10000000;nt7430
167430;10000000;nt7431
167431;10000000;nt7432
167432;10000000;nt7433
167433;10000000;nt7434
167434;10000000;nt7435
167435;10000000;nt7436
167436;10000000;nt7437
167437;10000000;nt7438
167438;10000000;nt7439
167439;10000000;nt7440
167440;10000000;nt7441
167441;10000000;nt7442
167442;10000000;nt7443
167443;10000000;nt7444
167444;10000000;nt7445
167445;10000000;nt7446
167446;10000000;nt7447
167447;10000000;nt7448
167448;10000000;nt7449
167449;10000000;nt7450
167450;10000000;nt7451
167451;10000000;nt7452
167452;10000000;nt7453
167453;10000000;nt7454
167454;10000000;nt7455
167455;10000000;nt7456
167456;10000000;nt7457
167457;10000000;nt7458
167458;10000000;nt7459
167459;10000000;nt7460
167460;10000000;nt7461
167461;10000000;nt7462
167462;10000000;nt7463
167463;10000000;nt7464
167464;10000000;nt7465
167465;10000000;nt7466
167466;10000000;nt7467
167467;10000000;nt7468
167468;10000000;nt7469
167469;10000000;nt7470
167470;10000000;nt7471
167471;10000000;nt7472
167472;10000000;nt7473
167473;10000000;nt7474
167474;10000000;nt7475
167475;10000000;nt7476
167476;10000000;nt7477
167477;10000000;nt7478
167478;10000000;nt7479
167479;10000000;nt7480
167480;10000000;nt7481
167481;10000000;nt7482
167482;10000000;nt7483
167483;10000000;nt7484
167484;10000000;nt7485
167485;10000000;nt7486
167486;10000000;nt7487
167487;10000000;nt7488
167488;10000000;nt7489
167489;10000000;nt7490
167490;10000000;nt7491
167491;10000000;nt7492
167492;10000000;nt7493
167493;10000000;nt7494
167494;10000000;nt7495
167495;10000000;nt7496
167496;10000000;nt7497
167497;10000000;nt7498
167498;10000000;nt7499
167499;10000000;nt7500
167500;10000000;nt7501
167501;10000000;nt7502
167502;10000000;nt7503
167503;10000000;nt7504
167504;10000000;nt7505
167505;10000000;nt7506
167506;10000000;nt7507
167507;10000000;nt7508
167508;10000000;nt7509
167509;10000000;nt7510
167510;10000000;nt7511
167511;10000000;nt7512
167512;10000000;nt7513
167513;10000000;nt7514
167514;10000000;nt7515
167515;10000000;nt7516
167516;10000000;nt7517
167517;10000000;nt7518
167518;10000000;nt7519
167519;10000000;nt7520
167520;10000000;nt7521
167521;10000000;nt7522
167522;10000000;nt7523
167523;10000000;nt7524
167524;10000000;nt7525
167525;10000000;nt7526
167526;10000000;nt7527
167527;10000000;nt7528
167528;10000000;nt7529
167529;10000000;nt7530
167530;10000000;nt7531
167531;10000000;nt7532
167532;10000000;nt7533
167533;10000000;nt7534
167534;10000000;nt7535
167535;10000000;nt7536
167536;10000000;nt7537
167537;10000000;nt7538
167538;10000000;nt7539
167539;10000000;nt7540
167540;10000000;nt7541
167541;10000000;nt7542
167542;10000000;nt7543
167543;10000000;nt7544
167544;10000000;nt7545
167545;10000000;nt7546
167546;10000000;nt7547
167547;10000000;nt7548
167548;10000000;nt7549
167549;10000000;nt7550
167550;10000000;nt7551
167551;10000000;nt7552
167552;10000000;nt7553
167553;10000000;nt7554
167554;10000000;nt7555
167555;10000000;nt7556
167556;10000000;nt7557
167557;10000000;nt7558
167558;10000000;nt7559
167559;10000000;nt7560
167560;10000000;nt7561
167561;10000000;nt7562
167562;10000000;nt7563
167563;10000000;nt7564
167564;10000000;nt7565
167565;10000000;nt7566
167566;10000000;nt7567
167567;10000000;nt7568
167568;10000000;nt7569
167569;10000000;nt7570
167570;10000000;nt7571
167571;10000000;nt7572
167572;10000000;nt7573
167573;10000000;nt7574
167574;10000000;nt7575
167575;10000000;nt7576
167576;10000000;nt7577
167577;10000000;nt7578
167578;10000000;nt7579
167579;10000000;nt7580
167580;10000000;nt7581
167581;10000000;nt7582
167582;10000000;nt7583
167583;10000000;nt7584
167584;10000000;nt7585
167585;10000000;nt7586
167586;10000000;nt7587
167587;10000000;nt7588
167588;10000000;nt7589
167589;10000000;nt7590
167590;10000000;nt7591
167591;10000000;nt7592
167592;10000000;nt7593
167593;10000000;nt7594
167594;10000000;nt7595
167595;10000000;nt7596
167596;10000000;nt7597
167597;10000000;nt7598
167598;10000000;nt7599
167599;10000000;nt7600
167600;10000000;nt7601
167601;10000000;nt7602
167602;10000000;nt7603
167603;10000000;nt7604
167604;10000000;nt7605
167605;10000000;nt7606
167606;10000000;nt7607
167607;10000000;nt7608
167608;10000000;nt7609
167609;10000000;nt7610
167610;10000000;nt7611
167611;10000000;nt7612
167612;10000000;nt7613
167613;10000000;nt7614
167614;10000000;nt7615
167615;10000000;nt7616
167616;10000000;nt7617
167617;10000000;nt7618
167618;10000000;nt7619
167619;10000000;nt7620
167620;10000000;nt7621
167621;10000000;nt7622
167622;10000000;nt7623
167623;10000000;nt7624
167624;10000000;nt7625
167625;10000000;nt7626
167626;10000000;nt7627
167627;10000000;nt7628
167628;10000000;nt7629
167629;10000000;nt7630
167630;10000000;nt7631
167631;10000000;nt7632
167632;10000000;nt7633
167633;10000000;nt7634
167634;10000000;nt7635
167635;10000000;nt7636
167636;10000000;nt7637
167637;10000000;nt7638
167638;10000000;nt7639
167639;10000000;nt7640
167640;10000000;nt7641
167641;10000000;nt7642
167642;10000000;nt7643
167643;10000000;nt7644
167644;10000000;nt7645
167645;10000000;nt7646
167646;10000000;nt7647
167647;10000000;nt7648
167648;10000000;nt7649
167649;10000000;nt7650
167650;10000000;nt7651
167651;10000000;nt7652
167652;10000000;nt7653
167653;10000000;nt7654
167654;10000000;nt7655
167655;10000000;nt7656
167656;10000000;nt7657
167657;10000000;nt7658
167658;10000000;nt7659
167659;10000000;nt7660
167660;10000000;nt7661
167661;10000000;nt7662
167662;10000000;nt7663
167663;10000000;nt7664
167664;10000000;nt7665
167665;10000000;nt7666
167666;10000000;nt7667
167667;10000000;nt7668
167668;10000000;nt7669
167669;10000000;nt7670
167670;10000000;nt7671
167671;10000000;nt7672
167672;10000000;nt7673
167673;10000000;nt7674
167674;10000000;nt7675
167675;10000000;nt7676
167676;10000000;nt7677
167677;10000000;nt7678
167678;10000000;nt7679
167679;10000000;nt7680
167680;10000000;nt7681
167681;10000000;nt7682
167682;10000000;nt7683
167683;10000000;nt7684
167684;10000000;nt7685
167685;10000000;nt7686
167686;10000000;nt7687
167687;10000000;nt7688
167688;10000000;nt7689
167689;10000000;nt7690
167690;10000000;nt7691
167691;10000000;nt7692
167692;10000000;nt7693
167693;10000000;nt7694
167694;10000000;nt7695
167695;10000000;nt7696
167696;10000000;nt7697
167697;10000000;nt7698
167698;10000000;nt7699
167699;10000000;nt7700
167700;10000000;nt7701
167701;10000000;nt7702
167702;10000000;nt7703
167703;10000000;nt7704
167704;10000000;nt7705
167705;10000000;nt7706
167706;10000000;nt7707
167707;10000000;nt7708
167708;10000000;nt7709
167709;10000000;nt7710
167710;10000000;nt7711
167711;10000000;nt7712
167712;10000000;nt7713
167713;10000000;nt7714
167714;10000000;nt7715
167715;10000000;nt7716
167716;10000000;nt7717
167717;10000000;nt7718
167718;10000000;nt7719
167719;10000000;nt7720
167720;10000000;nt7721
167721;10000000;nt7722
167722;10000000;nt7723
167723;10000000;nt7724
167724;10000000;nt7725
167725;10000000;nt7726
167726;10000000;nt7727
167727;10000000;nt7728
167728;10000000;nt7729
167729;10000000;nt7730
167730;10000000;nt7731
167731;10000000;nt7732
167732;10000000;nt7733
167733;10000000;nt7734
167734;10000000;nt7735
167735;10000000;nt7736
167736;10000000;nt7737
167737;10000000;nt7738
167738;10000000;nt7739
167739;10000000;nt7740
167740;10000000;nt7741
167741;10000000;nt7742
167742;10000000;nt7743
167743;10000000;nt7744
167744;10000000;nt7745
167745;10000000;nt7746
167746;10000000;nt7747
167747;10000000;nt7748
167748;10000000;nt7749
167749;10000000;nt7750
167750;10000000;nt7751
167751;10000000;nt7752
167752;10000000;nt7753
167753;10000000;nt7754
167754;10000000;nt7755
167755;10000000;nt7756
167756;10000000;nt7757
167757;10000000;nt7758
167758;10000000;nt7759
167759;10000000;nt7760
167760;10000000;nt7761
167761;10000000;nt7762
167762;10000000;nt7763
167763;10000000;nt7764
167764;10000000;nt7765
167765;10000000;nt7766
167766;10000000;nt7767
167767;10000000;nt7768
167768;10000000;nt7769
167769;10000000;nt7770
167770;10000000;nt7771
167771;10000000;nt7772
167772;10000000;nt7773
167773;10000000;nt7774
167774;10000000;nt7775
167775;10000000;nt7776
167776;10000000;nt7777
167777;10000000;nt7778
167778;10000000;nt7779
167779;10000000;nt7780
167780;10000000;nt7781
167781;10000000;nt7782
167782;10000000;nt7783
167783;10000000;nt7784
167784;10000000;nt7785
167785;10000000;nt7786
167786;10000000;nt7787
167787;10000000;nt7788
167788;10000000;nt7789
167789;10000000;nt7790
167790;10000000;nt7791
167791;10000000;nt7792
167792;10000000;nt7793
167793;10000000;nt7794
167794;10000000;nt7795
167795;10000000;nt7796
167796;10000000;nt7797
167797;10000000;nt7798
167798;10000000;nt7799
167799;10000000;nt7800
167800;10000000;nt7801
167801;10000000;nt7802
167802;10000000;nt7803
167803;10000000;nt7804
167804;10000000;nt7805
167805;10000000;nt7806
167806;10000000;nt7807
167807;10000000;nt7808
167808;10000000;nt7809
167809;10000000;nt7810
167810;10000000;nt7811
167811;10000000;nt7812
167812;10000000;nt7813
167813;10000000;nt7814
167814;10000000;nt7815
167815;10000000;nt7816
167816;10000000;nt7817
167817;10000000;nt7818
167818;10000000;nt7819
167819;10000000;nt7820
167820;10000000;nt7821
167821;10000000;nt7822
167822;10000000;nt7823
167823;10000000;nt7824
167824;10000000;nt7825
167825;10000000;nt7826
167826;10000000;nt7827
167827;10000000;nt7828
167828;10000000;nt7829
167829;10000000;nt7830
167830;10000000;nt7831
167831;10000000;nt7832
167832;10000000;nt7833
167833;10000000;nt7834
167834;10000000;nt7835
167835;10000000;nt7836
167836;10000000;nt7837
167837;10000000;nt7838
167838;10000000;nt7839
167839;10000000;nt7840
167840;10000000;nt7841
167841;10000000;nt7842
167842;10000000;nt7843
167843;10000000;nt7844
167844;10000000;nt7845
167845;10000000;nt7846
167846;10000000;nt7847
167847;10000000;nt7848
167848;10000000;nt7849
167849;10000000;nt7850
167850;10000000;nt7851
167851;10000000;nt7852
167852;10000000;nt7853
167853;10000000;nt7854
167854;10000000;nt7855
167855;10000000;nt7856
167856;10000000;nt7857
167857;10000000;nt7858
167858;10000000;nt7859
167859;10000000;nt7860
167860;10000000;nt7861
167861;10000000;nt7862
167862;10000000;nt7863
167863;10000000;nt7864
167864;10000000;nt7865
167865;10000000;nt7866
167866;10000000;nt7867
167867;10000000;nt7868
167868;10000000;nt7869
167869;10000000;nt7870
167870;10000000;nt7871
167871;10000000;nt7872
167872;10000000;nt7873
167873;10000000;nt7874
167874;10000000;nt7875
167875;10000000;nt7876
167876;10000000;nt7877
167877;10000000;nt7878
167878;10000000;nt7879
167879;10000000;nt7880
167880;10000000;nt7881
167881;10000000;nt7882
167882;10000000;nt7883
167883;10000000;nt7884
167884;10000000;nt7885
167885;10000000;nt7886
167886;10000000;nt7887
167887;10000000;nt7888
167888;10000000;nt7889
167889;10000000;nt7890
167890;10000000;nt7891
167891;10000000;nt7892
167892;10000000;nt7893
167893;10000000;nt7894
167894;10000000;nt7895
167895;10000000;nt7896
167896;10000000;nt7897
167897;10000000;nt7898
167898;10000000;nt7899
167899;10000000;nt7900
167900;10000000;nt7901
167901;10000000;nt7902
167902;10000000;nt7903
167903;10000000;nt7904
167904;10000000;nt7905
167905;10000000;nt7906
167906;10000000;nt7907
167907;10000000;nt7908
167908;10000000;nt7909
167909;10000000;nt7910
167910;10000000;nt7911
167911;10000000;nt7912
167912;10000000;nt7913
167913;10000000;nt7914
167914;10000000;nt7915
167915;10000000;nt7916
167916;10000000;nt7917
167917;10000000;nt7918
167918;10000000;nt7919
167919;10000000;nt7920
167920;10000000;nt7921
167921;10000000;nt7922
167922;10000000;nt7923
167923;10000000;nt7924
167924;10000000;nt7925
167925;10000000;nt7926
167926;10000000;nt7927
167927;10000000;nt7928
167928;10000000;nt7929
167929;10000000;nt7930
167930;10000000;nt7931
167931;10000000;nt7932
167932;10000000;nt7933
167933;10000000;nt7934
167934;10000000;nt7935
167935;10000000;nt7936
167936;10000000;nt7937
167937;10000000;nt7938
167938;10000000;nt7939
167939;10000000;nt7940
167940;10000000;nt7941
167941;10000000;nt7942
167942;10000000;nt7943
167943;10000000;nt7944
167944;10000000;nt7945
167945;10000000;nt7946
167946;10000000;nt7947
167947;10000000;nt7948
167948;10000000;nt7949
167949;10000000;nt7950
167950;10000000;nt7951
167951;10000000;nt7952
167952;10000000;nt7953
167953;10000000;nt7954
167954;10000000;nt7955
167955;10000000;nt7956
167956;10000000;nt7957
167957;10000000;nt7958
167958;10000000;nt7959
167959;10000000;nt7960
167960;10000000;nt7961
167961;10000000;nt7962
167962;10000000;nt7963
167963;10000000;nt7964
167964;10000000;nt7965
167965;10000000;nt7966
167966;10000000;nt7967
167967;10000000;nt7968
167968;10000000;nt7969
167969;10000000;nt7970
167970;10000000;nt7971
167971;10000000;nt7972
167972;10000000;nt7973
167973;10000000;nt7974
167974;10000000;nt7975
167975;10000000;nt7976
167976;10000000;nt7977
167977;10000000;nt7978
167978;10000000;nt7979
167979;10000000;nt7980
167980;10000000;nt7981
167981;10000000;nt7982
167982;10000000;nt7983
167983;10000000;nt7984
167984;10000000;nt7985
167985;10000000;nt7986
167986;10000000;nt7987
167987;10000000;nt7988
167988;10000000;nt7989
167989;10000000;nt7990
167990;10000000;nt7991
167991;10000000;nt7992
167992;10000000;nt7993
167993;10000000;nt7994
167994;10000000;nt7995
167995;10000000;nt7996
167996;10000000;nt7997
167997;10000000;nt7998
167998;10000000;nt7999
167999;10000000;nt8000
168000;10000000;nt8001
168001;10000000;nt8002
168002;10000000;nt8003
168003;10000000;nt8004
168004;10000000;nt8005
168005;10000000;nt8006
168006;10000000;nt8007
168007;10000000;nt8008
168008;10000000;nt8009
168009;10000000;nt8010
168010;10000000;nt8011
168011;10000000;nt8012
168012;10000000;nt8013
168013;10000000;nt8014
168014;10000000;nt8015
168015;10000000;nt8016
168016;10000000;nt8017
168017;10000000;nt8018
168018;10000000;nt8019
168019;10000000;nt8020
168020;10000000;nt8021
168021;10000000;nt8022
168022;10000000;nt8023
168023;10000000;nt8024
168024;10000000;nt8025
168025;10000000;nt8026
168026;10000000;nt8027
168027;10000000;nt8028
168028;10000000;nt8029
168029;10000000;nt8030
168030;10000000;nt8031
168031;10000000;nt8032
168032;10000000;nt8033
168033;10000000;nt8034
168034;10000000;nt8035
168035;10000000;nt8036
168036;10000000;nt8037
168037;10000000;nt8038
168038;10000000;nt8039
168039;10000000;nt8040
168040;10000000;nt8041
168041;10000000;nt8042
168042;10000000;nt8043
168043;10000000;nt8044
168044;10000000;nt8045
168045;10000000;nt8046
168046;10000000;nt8047
168047;10000000;nt8048
168048;10000000;nt8049
168049;10000000;nt8050
168050;10000000;nt8051
168051;10000000;nt8052
168052;10000000;nt8053
168053;10000000;nt8054
168054;10000000;nt8055
168055;10000000;nt8056
168056;10000000;nt8057
168057;10000000;nt8058
168058;10000000;nt8059
168059;10000000;nt8060
168060;10000000;nt8061
168061;10000000;nt8062
168062;10000000;nt8063
168063;10000000;nt8064
168064;10000000;nt8065
168065;10000000;nt8066
168066;10000000;nt8067
168067;10000000;nt8068
168068;10000000;nt8069
168069;10000000;nt8070
168070;10000000;nt8071
168071;10000000;nt8072
168072;10000000;nt8073
168073;10000000;nt8074
168074;10000000;nt8075
168075;10000000;nt8076
168076;10000000;nt8077
168077;10000000;nt8078
168078;10000000;nt8079
168079;10000000;nt8080
168080;10000000;nt8081
168081;10000000;nt8082
168082;10000000;nt8083
168083;10000000;nt8084
168084;10000000;nt8085
168085;10000000;nt8086
168086;10000000;nt8087
168087;10000000;nt8088
168088;10000000;nt8089
168089;10000000;nt8090
168090;10000000;nt8091
168091;10000000;nt8092
168092;10000000;nt8093
168093;10000000;nt8094
168094;10000000;nt8095
168095;10000000;nt8096
168096;10000000;nt8097
168097;10000000;nt8098
168098;10000000;nt8099
168099;10000000;nt8100
168100;10000000;nt8101
168101;10000000;nt8102
168102;10000000;nt8103
168103;10000000;nt8104
168104;10000000;nt8105
168105;10000000;nt8106
168106;10000000;nt8107
168107;10000000;nt8108
168108;10000000;nt8109
168109;10000000;nt8110
168110;10000000;nt8111
168111;10000000;nt8112
168112;10000000;nt8113
168113;10000000;nt8114
168114;10000000;nt8115
168115;10000000;nt8116
168116;10000000;nt8117
168117;10000000;nt8118
168118;10000000;nt8119
168119;10000000;nt8120
168120;10000000;nt8121
168121;10000000;nt8122
168122;10000000;nt8123
168123;10000000;nt8124
168124;10000000;nt8125
168125;10000000;nt8126
168126;10000000;nt8127
168127;10000000;nt8128
168128;10000000;nt8129
168129;10000000;nt8130
168130;10000000;nt8131
168131;10000000;nt8132
168132;10000000;nt8133
168133;10000000;nt8134
168134;10000000;nt8135
168135;10000000;nt8136
168136;10000000;nt8137
168137;10000000;nt8138
168138;10000000;nt8139
168139;10000000;nt8140
168140;10000000;nt8141
168141;10000000;nt8142
168142;10000000;nt8143
168143;10000000;nt8144
168144;10000000;nt8145
168145;10000000;nt8146
168146;10000000;nt8147
168147;10000000;nt8148
168148;10000000;nt8149
168149;10000000;nt8150
168150;10000000;nt8151
168151;10000000;nt8152
168152;10000000;nt8153
168153;10000000;nt8154
168154;10000000;nt8155
168155;10000000;nt8156
168156;10000000;nt8157
168157;10000000;nt8158
168158;10000000;nt8159
168159;10000000;nt8160
168160;10000000;nt8161
168161;10000000;nt8162
168162;10000000;nt8163
168163;10000000;nt8164
168164;10000000;nt8165
168165;10000000;nt8166
168166;10000000;nt8167
168167;10000000;nt8168
168168;10000000;nt8169
168169;10000000;nt8170
168170;10000000;nt8171
168171;10000000;nt8172
168172;10000000;nt8173
168173;10000000;nt8174
168174;10000000;nt8175
168175;10000000;nt8176
168176;10000000;nt8177
168177;10000000;nt8178
168178;10000000;nt8179
168179;10000000;nt8180
168180;10000000;nt8181
168181;10000000;nt8182
168182;10000000;nt8183
168183;10000000;nt8184
168184;10000000;nt8185
168185;10000000;nt8186
168186;10000000;nt8187
168187;10000000;nt8188
168188;10000000;nt8189
168189;10000000;nt8190
168190;10000000;nt8191
168191;10000000;nt8192
168192;10000000;nt8193
168193;10000000;nt8194
168194;10000000;nt8195
168195;10000000;nt8196
168196;10000000;nt8197
168197;10000000;nt8198
168198;10000000;nt8199
168199;10000000;nt8200
168200;10000000;nt8201
168201;10000000;nt8202
168202;10000000;nt8203
168203;10000000;nt8204
168204;10000000;nt8205
168205;10000000;nt8206
168206;10000000;nt8207
168207;10000000;nt8208
168208;10000000;nt8209
168209;10000000;nt8210
168210;10000000;nt8211
168211;10000000;nt8212
168212;10000000;nt8213
168213;10000000;nt8214
168214;10000000;nt8215
168215;10000000;nt8216
168216;10000000;nt8217
168217;10000000;nt8218
168218;10000000;nt8219
168219;10000000;nt8220
168220;10000000;nt8221
168221;10000000;nt8222
168222;10000000;nt8223
168223;10000000;nt8224
168224;10000000;nt8225
168225;10000000;nt8226
168226;10000000;nt8227
168227;10000000;nt8228
168228;10000000;nt8229
168229;10000000;nt8230
168230;10000000;nt8231
168231;10000000;nt8232
168232;10000000;nt8233
168233;10000000;nt8234
168234;10000000;nt8235
168235;10000000;nt8236
168236;10000000;nt8237
168237;10000000;nt8238
168238;10000000;nt8239
168239;10000000;nt8240
168240;10000000;nt8241
168241;10000000;nt8242
168242;10000000;nt8243
168243;10000000;nt8244
168244;10000000;nt8245
168245;10000000;nt8246
168246;10000000;nt8247
168247;10000000;nt8248
168248;10000000;nt8249
168249;10000000;nt8250
168250;10000000;nt8251
168251;10000000;nt8252
168252;10000000;nt8253
168253;10000000;nt8254
168254;10000000;nt8255
168255;10000000;nt8256
168256;10000000;nt8257
168257;10000000;nt8258
168258;10000000;nt8259
168259;10000000;nt8260
168260;10000000;nt8261
168261;10000000;nt8262
168262;10000000;nt8263
168263;10000000;nt8264
168264;10000000;nt8265
168265;10000000;nt8266
168266;10000000;nt8267
168267;10000000;nt8268
168268;10000000;nt8269
168269;10000000;nt8270
168270;10000000;nt8271
168271;10000000;nt8272
168272;10000000;nt8273
168273;10000000;nt8274
168274;10000000;nt8275
168275;10000000;nt8276
168276;10000000;nt8277
168277;10000000;nt8278
168278;10000000;nt8279
168279;10000000;nt8280
168280;10000000;nt8281
168281;10000000;nt8282
168282;10000000;nt8283
168283;10000000;nt8284
168284;10000000;nt8285
168285;10000000;nt8286
168286;10000000;nt8287
168287;10000000;nt8288
168288;10000000;nt8289
168289;10000000;nt8290
168290;10000000;nt8291
168291;10000000;nt8292
168292;10000000;nt8293
168293;10000000;nt8294
168294;10000000;nt8295
168295;10000000;nt8296
168296;10000000;nt8297
168297;10000000;nt8298
168298;10000000;nt8299
168299;10000000;nt8300
168300;10000000;nt8301
168301;10000000;nt8302
168302;10000000;nt8303
168303;10000000;nt8304
168304;10000000;nt8305
168305;10000000;nt8306
168306;10000000;nt8307
168307;10000000;nt8308
168308;10000000;nt8309
168309;10000000;nt8310
168310;10000000;nt8311
168311;10000000;nt8312
168312;10000000;nt8313
168313;10000000;nt8314
168314;10000000;nt8315
168315;10000000;nt8316
168316;10000000;nt8317
168317;10000000;nt8318
168318;10000000;nt8319
168319;10000000;nt8320
168320;10000000;nt8321
168321;10000000;nt8322
168322;10000000;nt8323
168323;10000000;nt8324
168324;10000000;nt8325
168325;10000000;nt8326
168326;10000000;nt8327
168327;10000000;nt8328
168328;10000000;nt8329
168329;10000000;nt8330
168330;10000000;nt8331
168331;10000000;nt8332
168332;10000000;nt8333
168333;10000000;nt8334
168334;10000000;nt8335
168335;10000000;nt8336
168336;10000000;nt8337
168337;10000000;nt8338
168338;10000000;nt8339
168339;10000000;nt8340
168340;10000000;nt8341
168341;10000000;nt8342
168342;10000000;nt8343
168343;10000000;nt8344
168344;10000000;nt8345
168345;10000000;nt8346
168346;10000000;nt8347
168347;10000000;nt8348
168348;10000000;nt8349
168349;10000000;nt8350
168350;10000000;nt8351
168351;10000000;nt8352
168352;10000000;nt8353
168353;10000000;nt8354
168354;10000000;nt8355
168355;10000000;nt8356
168356;10000000;nt8357
168357;10000000;nt8358
168358;10000000;nt8359
168359;10000000;nt8360
168360;10000000;nt8361
168361;10000000;nt8362
168362;10000000;nt8363
168363;10000000;nt8364
168364;10000000;nt8365
168365;10000000;nt8366
168366;10000000;nt8367
168367;10000000;nt8368
168368;10000000;nt8369
168369;10000000;nt8370
168370;10000000;nt8371
168371;10000000;nt8372
168372;10000000;nt8373
168373;10000000;nt8374
168374;10000000;nt8375
168375;10000000;nt8376
168376;10000000;nt8377
168377;10000000;nt8378
168378;10000000;nt8379
168379;10000000;nt8380
168380;10000000;nt8381
168381;10000000;nt8382
168382;10000000;nt8383
168383;10000000;nt8384
168384;10000000;nt8385
168385;10000000;nt8386
168386;10000000;nt8387
168387;10000000;nt8388
168388;10000000;nt8389
168389;10000000;nt8390
168390;10000000;nt8391
168391;10000000;nt8392
168392;10000000;nt8393
168393;10000000;nt8394
168394;10000000;nt8395
168395;10000000;nt8396
168396;10000000;nt8397
168397;10000000;nt8398
168398;10000000;nt8399
168399;10000000;nt8400
168400;10000000;nt8401
168401;10000000;nt8402
168402;10000000;nt8403
168403;10000000;nt8404
168404;10000000;nt8405
168405;10000000;nt8406
168406;10000000;nt8407
168407;10000000;nt8408
168408;10000000;nt8409
168409;10000000;nt8410
168410;10000000;nt8411
168411;10000000;nt8412
168412;10000000;nt8413
168413;10000000;nt8414
168414;10000000;nt8415
168415;10000000;nt8416
168416;10000000;nt8417
168417;10000000;nt8418
168418;10000000;nt8419
168419;10000000;nt8420
168420;10000000;nt8421
168421;10000000;nt8422
168422;10000000;nt8423
168423;10000000;nt8424
168424;10000000;nt8425
168425;10000000;nt8426
168426;10000000;nt8427
168427;10000000;nt8428
168428;10000000;nt8429
168429;10000000;nt8430
168430;10000000;nt8431
168431;10000000;nt8432
168432;10000000;nt8433
168433;10000000;nt8434
168434;10000000;nt8435
168435;10000000;nt8436
168436;10000000;nt8437
168437;10000000;nt8438
168438;10000000;nt8439
168439;10000000;nt8440
168440;10000000;nt8441
168441;10000000;nt8442
168442;10000000;nt8443
168443;10000000;nt8444
168444;10000000;nt8445
168445;10000000;nt8446
168446;10000000;nt8447
168447;10000000;nt8448
168448;10000000;nt8449
168449;10000000;nt8450
168450;10000000;nt8451
168451;10000000;nt8452
168452;10000000;nt8453
168453;10000000;nt8454
168454;10000000;nt8455
168455;10000000;nt8456
168456;10000000;nt8457
168457;10000000;nt8458
168458;10000000;nt8459
168459;10000000;nt8460
168460;10000000;nt8461
168461;10000000;nt8462
168462;10000000;nt8463
168463;10000000;nt8464
168464;10000000;nt8465
168465;10000000;nt8466
168466;10000000;nt8467
168467;10000000;nt8468
168468;10000000;nt8469
168469;10000000;nt8470
168470;10000000;nt8471
168471;10000000;nt8472
168472;10000000;nt8473
168473;10000000;nt8474
168474;10000000;nt8475
168475;10000000;nt8476
168476;10000000;nt8477
168477;10000000;nt8478
168478;10000000;nt8479
168479;10000000;nt8480
168480;10000000;nt8481
168481;10000000;nt8482
168482;10000000;nt8483
168483;10000000;nt8484
168484;10000000;nt8485
168485;10000000;nt8486
168486;10000000;nt8487
168487;10000000;nt8488
168488;10000000;nt8489
168489;10000000;nt8490
168490;10000000;nt8491
168491;10000000;nt8492
168492;10000000;nt8493
168493;10000000;nt8494
168494;10000000;nt8495
168495;10000000;nt8496
168496;10000000;nt8497
168497;10000000;nt8498
168498;10000000;nt8499
168499;10000000;nt8500
168500;10000000;nt8501
168501;10000000;nt8502
168502;10000000;nt8503
168503;10000000;nt8504
168504;10000000;nt8505
168505;10000000;nt8506
168506;10000000;nt8507
168507;10000000;nt8508
168508;10000000;nt8509
168509;10000000;nt8510
168510;10000000;nt8511
168511;10000000;nt8512
168512;10000000;nt8513
168513;10000000;nt8514
168514;10000000;nt8515
168515;10000000;nt8516
168516;10000000;nt8517
168517;10000000;nt8518
168518;10000000;nt8519
168519;10000000;nt8520
168520;10000000;nt8521
168521;10000000;nt8522
168522;10000000;nt8523
168523;10000000;nt8524
168524;10000000;nt8525
168525;10000000;nt8526
168526;10000000;nt8527
168527;10000000;nt8528
168528;10000000;nt8529
168529;10000000;nt8530
168530;10000000;nt8531
168531;10000000;nt8532
168532;10000000;nt8533
168533;10000000;nt8534
168534;10000000;nt8535
168535;10000000;nt8536
168536;10000000;nt8537
168537;10000000;nt8538
168538;10000000;nt8539
168539;10000000;nt8540
168540;10000000;nt8541
168541;10000000;nt8542
168542;10000000;nt8543
168543;10000000;nt8544
168544;10000000;nt8545
168545;10000000;nt8546
168546;10000000;nt8547
168547;10000000;nt8548
168548;10000000;nt8549
168549;10000000;nt8550
168550;10000000;nt8551
168551;10000000;nt8552
168552;10000000;nt8553
168553;10000000;nt8554
168554;10000000;nt8555
168555;10000000;nt8556
168556;10000000;nt8557
168557;10000000;nt8558
168558;10000000;nt8559
168559;10000000;nt8560
168560;10000000;nt8561
168561;10000000;nt8562
168562;10000000;nt8563
168563;10000000;nt8564
168564;10000000;nt8565
168565;10000000;nt8566
168566;10000000;nt8567
168567;10000000;nt8568
168568;10000000;nt8569
168569;10000000;nt8570
168570;10000000;nt8571
168571;10000000;nt8572
168572;10000000;nt8573
168573;10000000;nt8574
168574;10000000;nt8575
168575;10000000;nt8576
168576;10000000;nt8577
168577;10000000;nt8578
168578;10000000;nt8579
168579;10000000;nt8580
168580;10000000;nt8581
168581;10000000;nt8582
168582;10000000;nt8583
168583;10000000;nt8584
168584;10000000;nt8585
168585;10000000;nt8586
168586;10000000;nt8587
168587;10000000;nt8588
168588;10000000;nt8589
168589;10000000;nt8590
168590;10000000;nt8591
168591;10000000;nt8592
168592;10000000;nt8593
168593;10000000;nt8594
168594;10000000;nt8595
168595;10000000;nt8596
168596;10000000;nt8597
168597;10000000;nt8598
168598;10000000;nt8599
168599;10000000;nt8600
168600;10000000;nt8601
168601;10000000;nt8602
168602;10000000;nt8603
168603;10000000;nt8604
168604;10000000;nt8605
168605;10000000;nt8606
168606;10000000;nt8607
168607;10000000;nt8608
168608;10000000;nt8609
168609;10000000;nt8610
168610;10000000;nt8611
168611;10000000;nt8612
168612;10000000;nt8613
168613;10000000;nt8614
168614;10000000;nt8615
168615;10000000;nt8616
168616;10000000;nt8617
168617;10000000;nt8618
168618;10000000;nt8619
168619;10000000;nt8620
168620;10000000;nt8621
168621;10000000;nt8622
168622;10000000;nt8623
168623;10000000;nt8624
168624;10000000;nt8625
168625;10000000;nt8626
168626;10000000;nt8627
168627;10000000;nt8628
168628;10000000;nt8629
168629;10000000;nt8630
168630;10000000;nt8631
168631;10000000;nt8632
168632;10000000;nt8633
168633;10000000;nt8634
168634;10000000;nt8635
168635;10000000;nt8636
168636;10000000;nt8637
168637;10000000;nt8638
168638;10000000;nt8639
168639;10000000;nt8640
168640;10000000;nt8641
168641;10000000;nt8642
168642;10000000;nt8643
168643;10000000;nt8644
168644;10000000;nt8645
168645;10000000;nt8646
168646;10000000;nt8647
168647;10000000;nt8648
168648;10000000;nt8649
168649;10000000;nt8650
168650;10000000;nt8651
168651;10000000;nt8652
168652;10000000;nt8653
168653;10000000;nt8654
168654;10000000;nt8655
168655;10000000;nt8656
168656;10000000;nt8657
168657;10000000;nt8658
168658;10000000;nt8659
168659;10000000;nt8660
168660;10000000;nt8661
168661;10000000;nt8662
168662;10000000;nt8663
168663;10000000;nt8664
168664;10000000;nt8665
168665;10000000;nt8666
168666;10000000;nt8667
168667;10000000;nt8668
168668;10000000;nt8669
168669;10000000;nt8670
168670;10000000;nt8671
168671;10000000;nt8672
168672;10000000;nt8673
168673;10000000;nt8674
168674;10000000;nt8675
168675;10000000;nt8676
168676;10000000;nt8677
168677;10000000;nt8678
168678;10000000;nt8679
168679;10000000;nt8680
168680;10000000;nt8681
168681;10000000;nt8682
168682;10000000;nt8683
168683;10000000;nt8684
168684;10000000;nt8685
168685;10000000;nt8686
168686;10000000;nt8687
168687;10000000;nt8688
168688;10000000;nt8689
168689;10000000;nt8690
168690;10000000;nt8691
168691;10000000;nt8692
168692;10000000;nt8693
168693;10000000;nt8694
168694;10000000;nt8695
168695;10000000;nt8696
168696;10000000;nt8697
168697;10000000;nt8698
168698;10000000;nt8699
168699;10000000;nt8700
168700;10000000;nt8701
168701;10000000;nt8702
168702;10000000;nt8703
168703;10000000;nt8704
168704;10000000;nt8705
168705;10000000;nt8706
168706;10000000;nt8707
168707;10000000;nt8708
168708;10000000;nt8709
168709;10000000;nt8710
168710;10000000;nt8711
168711;10000000;nt8712
168712;10000000;nt8713
168713;10000000;nt8714
168714;10000000;nt8715
168715;10000000;nt8716
168716;10000000;nt8717
168717;10000000;nt8718
168718;10000000;nt8719
168719;10000000;nt8720
168720;10000000;nt8721
168721;10000000;nt8722
168722;10000000;nt8723
168723;10000000;nt8724
168724;10000000;nt8725
168725;10000000;nt8726
168726;10000000;nt8727
168727;10000000;nt8728
168728;10000000;nt8729
168729;10000000;nt8730
168730;10000000;nt8731
168731;10000000;nt8732
168732;10000000;nt8733
168733;10000000;nt8734
168734;10000000;nt8735
168735;10000000;nt8736
168736;10000000;nt8737
168737;10000000;nt8738
168738;10000000;nt8739
168739;10000000;nt8740
168740;10000000;nt8741
168741;10000000;nt8742
168742;10000000;nt8743
168743;10000000;nt8744
168744;10000000;nt8745
168745;10000000;nt8746
168746;10000000;nt8747
168747;10000000;nt8748
168748;10000000;nt8749
168749;10000000;nt8750
168750;10000000;nt8751
168751;10000000;nt8752
168752;10000000;nt8753
168753;10000000;nt8754
168754;10000000;nt8755
168755;10000000;nt8756
168756;10000000;nt8757
168757;10000000;nt8758
168758;10000000;nt8759
168759;10000000;nt8760
168760;10000000;nt8761
168761;10000000;nt8762
168762;10000000;nt8763
168763;10000000;nt8764
168764;10000000;nt8765
168765;10000000;nt8766
168766;10000000;nt8767
168767;10000000;nt8768
168768;10000000;nt8769
168769;10000000;nt8770
168770;10000000;nt8771
168771;10000000;nt8772
168772;10000000;nt8773
168773;10000000;nt8774
168774;10000000;nt8775
168775;10000000;nt8776
168776;10000000;nt8777
168777;10000000;nt8778
168778;10000000;nt8779
168779;10000000;nt8780
168780;10000000;nt8781
168781;10000000;nt8782
168782;10000000;nt8783
168783;10000000;nt8784
168784;10000000;nt8785
168785;10000000;nt8786
168786;10000000;nt8787
168787;10000000;nt8788
168788;10000000;nt8789
168789;10000000;nt8790
168790;10000000;nt8791
168791;10000000;nt8792
168792;10000000;nt8793
168793;10000000;nt8794
168794;10000000;nt8795
168795;10000000;nt8796
168796;10000000;nt8797
168797;10000000;nt8798
168798;10000000;nt8799
168799;10000000;nt8800
168800;10000000;nt8801
168801;10000000;nt8802
168802;10000000;nt8803
168803;10000000;nt8804
168804;10000000;nt8805
168805;10000000;nt8806
168806;10000000;nt8807
168807;10000000;nt8808
168808;10000000;nt8809
168809;10000000;nt8810
168810;10000000;nt8811
168811;10000000;nt8812
168812;10000000;nt8813
168813;10000000;nt8814
168814;10000000;nt8815
168815;10000000;nt8816
168816;10000000;nt8817
168817;10000000;nt8818
168818;10000000;nt8819
168819;10000000;nt8820
168820;10000000;nt8821
168821;10000000;nt8822
168822;10000000;nt8823
168823;10000000;nt8824
168824;10000000;nt8825
168825;10000000;nt8826
168826;10000000;nt8827
168827;10000000;nt8828
168828;10000000;nt8829
168829;10000000;nt8830
168830;10000000;nt8831
168831;10000000;nt8832
168832;10000000;nt8833
168833;10000000;nt8834
168834;10000000;nt8835
168835;10000000;nt8836
168836;10000000;nt8837
168837;10000000;nt8838
168838;10000000;nt8839
168839;10000000;nt8840
168840;10000000;nt8841
168841;10000000;nt8842
168842;10000000;nt8843
168843;10000000;nt8844
168844;10000000;nt8845
168845;10000000;nt8846
168846;10000000;nt8847
168847;10000000;nt8848
168848;10000000;nt8849
168849;10000000;nt8850
168850;10000000;nt8851
168851;10000000;nt8852
168852;10000000;nt8853
168853;10000000;nt8854
168854;10000000;nt8855
168855;10000000;nt8856
168856;10000000;nt8857
168857;10000000;nt8858
168858;10000000;nt8859
168859;10000000;nt8860
168860;10000000;nt8861
168861;10000000;nt8862
168862;10000000;nt8863
168863;10000000;nt8864
168864;10000000;nt8865
168865;10000000;nt8866
168866;10000000;nt8867
168867;10000000;nt8868
168868;10000000;nt8869
168869;10000000;nt8870
168870;10000000;nt8871
168871;10000000;nt8872
168872;10000000;nt8873
168873;10000000;nt8874
168874;10000000;nt8875
168875;10000000;nt8876
168876;10000000;nt8877
168877;10000000;nt8878
168878;10000000;nt8879
168879;10000000;nt8880
168880;10000000;nt8881
168881;10000000;nt8882
168882;10000000;nt8883
168883;10000000;nt8884
168884;10000000;nt8885
168885;10000000;nt8886
168886;10000000;nt8887
168887;10000000;nt8888
168888;10000000;nt8889
168889;10000000;nt8890
168890;10000000;nt8891
168891;10000000;nt8892
168892;10000000;nt8893
168893;10000000;nt8894
168894;10000000;nt8895
168895;10000000;nt8896
168896;10000000;nt8897
168897;10000000;nt8898
168898;10000000;nt8899
168899;10000000;nt8900
168900;10000000;nt8901
168901;10000000;nt8902
168902;10000000;nt8903
168903;10000000;nt8904
168904;10000000;nt8905
168905;10000000;nt8906
168906;10000000;nt8907
168907;10000000;nt8908
168908;10000000;nt8909
168909;10000000;nt8910
168910;10000000;nt8911
168911;10000000;nt8912
168912;10000000;nt8913
168913;10000000;nt8914
168914;10000000;nt8915
168915;10000000;nt8916
168916;10000000;nt8917
168917;10000000;nt8918
168918;10000000;nt8919
168919;10000000;nt8920
168920;10000000;nt8921
168921;10000000;nt8922
168922;10000000;nt8923
168923;10000000;nt8924
168924;10000000;nt8925
168925;10000000;nt8926
168926;10000000;nt8927
168927;10000000;nt8928
168928;10000000;nt8929
168929;10000000;nt8930
168930;10000000;nt8931
168931;10000000;nt8932
168932;10000000;nt8933
168933;10000000;nt8934
168934;10000000;nt8935
168935;10000000;nt8936
168936;10000000;nt8937
168937;10000000;nt8938
168938;10000000;nt8939
168939;10000000;nt8940
168940;10000000;nt8941
168941;10000000;nt8942
168942;10000000;nt8943
168943;10000000;nt8944
168944;10000000;nt8945
168945;10000000;nt8946
168946;10000000;nt8947
168947;10000000;nt8948
168948;10000000;nt8949
168949;10000000;nt8950
168950;10000000;nt8951
168951;10000000;nt8952
168952;10000000;nt8953
168953;10000000;nt8954
168954;10000000;nt8955
168955;10000000;nt8956
168956;10000000;nt8957
168957;10000000;nt8958
168958;10000000;nt8959
168959;10000000;nt8960
168960;10000000;nt8961
168961;10000000;nt8962
168962;10000000;nt8963
168963;10000000;nt8964
168964;10000000;nt8965
168965;10000000;nt8966
168966;10000000;nt8967
168967;10000000;nt8968
168968;10000000;nt8969
168969;10000000;nt8970
168970;10000000;nt8971
168971;10000000;nt8972
168972;10000000;nt8973
168973;10000000;nt8974
168974;10000000;nt8975
168975;10000000;nt8976
168976;10000000;nt8977
168977;10000000;nt8978
168978;10000000;nt8979
168979;10000000;nt8980
168980;10000000;nt8981
168981;10000000;nt8982
168982;10000000;nt8983
168983;10000000;nt8984
168984;10000000;nt8985
168985;10000000;nt8986
168986;10000000;nt8987
168987;10000000;nt8988
168988;10000000;nt8989
168989;10000000;nt8990
168990;10000000;nt8991
168991;10000000;nt8992
168992;10000000;nt8993
168993;10000000;nt8994
168994;10000000;nt8995
168995;10000000;nt8996
168996;10000000;nt8997
168997;10000000;nt8998
168998;10000000;nt8999
168999;10000000;nt9000
169000;10000000;nt9001
169001;10000000;nt9002
169002;10000000;nt9003
169003;10000000;nt9004
169004;10000000;nt9005
169005;10000000;nt9006
169006;10000000;nt9007
169007;10000000;nt9008
169008;10000000;nt9009
169009;10000000;nt9010
169010;10000000;nt9011
169011;10000000;nt9012
169012;10000000;nt9013
169013;10000000;nt9014
169014;10000000;nt9015
169015;10000000;nt9016
169016;10000000;nt9017
169017;10000000;nt9018
169018;10000000;nt9019
169019;10000000;nt9020
169020;10000000;nt9021
169021;10000000;nt9022
169022;10000000;nt9023
169023;10000000;nt9024
169024;10000000;nt9025
169025;10000000;nt9026
169026;10000000;nt9027
169027;10000000;nt9028
169028;10000000;nt9029
169029;10000000;nt9030
169030;10000000;nt9031
169031;10000000;nt9032
169032;10000000;nt9033
169033;10000000;nt9034
169034;10000000;nt9035
169035;10000000;nt9036
169036;10000000;nt9037
169037;10000000;nt9038
169038;10000000;nt9039
169039;10000000;nt9040
169040;10000000;nt9041
169041;10000000;nt9042
169042;10000000;nt9043
169043;10000000;nt9044
169044;10000000;nt9045
169045;10000000;nt9046
169046;10000000;nt9047
169047;10000000;nt9048
169048;10000000;nt9049
169049;10000000;nt9050
169050;10000000;nt9051
169051;10000000;nt9052
169052;10000000;nt9053
169053;10000000;nt9054
169054;10000000;nt9055
169055;10000000;nt9056
169056;10000000;nt9057
169057;10000000;nt9058
169058;10000000;nt9059
169059;10000000;nt9060
169060;10000000;nt9061
169061;10000000;nt9062
169062;10000000;nt9063
169063;10000000;nt9064
169064;10000000;nt9065
169065;10000000;nt9066
169066;10000000;nt9067
169067;10000000;nt9068
169068;10000000;nt9069
169069;10000000;nt9070
169070;10000000;nt9071
169071;10000000;nt9072
169072;10000000;nt9073
169073;10000000;nt9074
169074;10000000;nt9075
169075;10000000;nt9076
169076;10000000;nt9077
169077;10000000;nt9078
169078;10000000;nt9079
169079;10000000;nt9080
169080;10000000;nt9081
169081;10000000;nt9082
169082;10000000;nt9083
169083;10000000;nt9084
169084;10000000;nt9085
169085;10000000;nt9086
169086;10000000;nt9087
169087;10000000;nt9088
169088;10000000;nt9089
169089;10000000;nt9090
169090;10000000;nt9091
169091;10000000;nt9092
169092;10000000;nt9093
169093;10000000;nt9094
169094;10000000;nt9095
169095;10000000;nt9096
169096;10000000;nt9097
169097;10000000;nt9098
169098;10000000;nt9099
169099;10000000;nt9100
169100;10000000;nt9101
169101;10000000;nt9102
169102;10000000;nt9103
169103;10000000;nt9104
169104;10000000;nt9105
169105;10000000;nt9106
169106;10000000;nt9107
169107;10000000;nt9108
169108;10000000;nt9109
169109;10000000;nt9110
169110;10000000;nt9111
169111;10000000;nt9112
169112;10000000;nt9113
169113;10000000;nt9114
169114;10000000;nt9115
169115;10000000;nt9116
169116;10000000;nt9117
169117;10000000;nt9118
169118;10000000;nt9119
169119;10000000;nt9120
169120;10000000;nt9121
169121;10000000;nt9122
169122;10000000;nt9123
169123;10000000;nt9124
169124;10000000;nt9125
169125;10000000;nt9126
169126;10000000;nt9127
169127;10000000;nt9128
169128;10000000;nt9129
169129;10000000;nt9130
169130;10000000;nt9131
169131;10000000;nt9132
169132;10000000;nt9133
169133;10000000;nt9134
169134;10000000;nt9135
169135;10000000;nt9136
169136;10000000;nt9137
169137;10000000;nt9138
169138;10000000;nt9139
169139;10000000;nt9140
169140;10000000;nt9141
169141;10000000;nt9142
169142;10000000;nt9143
169143;10000000;nt9144
169144;10000000;nt9145
169145;10000000;nt9146
169146;10000000;nt9147
169147;10000000;nt9148
169148;10000000;nt9149
169149;10000000;nt9150
169150;10000000;nt9151
169151;10000000;nt9152
169152;10000000;nt9153
169153;10000000;nt9154
169154;10000000;nt9155
169155;10000000;nt9156
169156;10000000;nt9157
169157;10000000;nt9158
169158;10000000;nt9159
169159;10000000;nt9160
169160;10000000;nt9161
169161;10000000;nt9162
169162;10000000;nt9163
169163;10000000;nt9164
169164;10000000;nt9165
169165;10000000;nt9166
169166;10000000;nt9167
169167;10000000;nt9168
169168;10000000;nt9169
169169;10000000;nt9170
169170;10000000;nt9171
169171;10000000;nt9172
169172;10000000;nt9173
169173;10000000;nt9174
169174;10000000;nt9175
169175;10000000;nt9176
169176;10000000;nt9177
169177;10000000;nt9178
169178;10000000;nt9179
169179;10000000;nt9180
169180;10000000;nt9181
169181;10000000;nt9182
169182;10000000;nt9183
169183;10000000;nt9184
169184;10000000;nt9185
169185;10000000;nt9186
169186;10000000;nt9187
169187;10000000;nt9188
169188;10000000;nt9189
169189;10000000;nt9190
169190;10000000;nt9191
169191;10000000;nt9192
169192;10000000;nt9193
169193;10000000;nt9194
169194;10000000;nt9195
169195;10000000;nt9196
169196;10000000;nt9197
169197;10000000;nt9198
169198;10000000;nt9199
169199;10000000;nt9200
169200;10000000;nt9201
169201;10000000;nt9202
169202;10000000;nt9203
169203;10000000;nt9204
169204;10000000;nt9205
169205;10000000;nt9206
169206;10000000;nt9207
169207;10000000;nt9208
169208;10000000;nt9209
169209;10000000;nt9210
169210;10000000;nt9211
169211;10000000;nt9212
169212;10000000;nt9213
169213;10000000;nt9214
169214;10000000;nt9215
169215;10000000;nt9216
169216;10000000;nt9217
169217;10000000;nt9218
169218;10000000;nt9219
169219;10000000;nt9220
169220;10000000;nt9221
169221;10000000;nt9222
169222;10000000;nt9223
169223;10000000;nt9224
169224;10000000;nt9225
169225;10000000;nt9226
169226;10000000;nt9227
169227;10000000;nt9228
169228;10000000;nt9229
169229;10000000;nt9230
169230;10000000;nt9231
169231;10000000;nt9232
169232;10000000;nt9233
169233;10000000;nt9234
169234;10000000;nt9235
169235;10000000;nt9236
169236;10000000;nt9237
169237;10000000;nt9238
169238;10000000;nt9239
169239;10000000;nt9240
169240;10000000;nt9241
169241;10000000;nt9242
169242;10000000;nt9243
169243;10000000;nt9244
169244;10000000;nt9245
169245;10000000;nt9246
169246;10000000;nt9247
169247;10000000;nt9248
169248;10000000;nt9249
169249;10000000;nt9250
169250;10000000;nt9251
169251;10000000;nt9252
169252;10000000;nt9253
169253;10000000;nt9254
169254;10000000;nt9255
169255;10000000;nt9256
169256;10000000;nt9257
169257;10000000;nt9258
169258;10000000;nt9259
169259;10000000;nt9260
169260;10000000;nt9261
169261;10000000;nt9262
169262;10000000;nt9263
169263;10000000;nt9264
169264;10000000;nt9265
169265;10000000;nt9266
169266;10000000;nt9267
169267;10000000;nt9268
169268;10000000;nt9269
169269;10000000;nt9270
169270;10000000;nt9271
169271;10000000;nt9272
169272;10000000;nt9273
169273;10000000;nt9274
169274;10000000;nt9275
169275;10000000;nt9276
169276;10000000;nt9277
169277;10000000;nt9278
169278;10000000;nt9279
169279;10000000;nt9280
169280;10000000;nt9281
169281;10000000;nt9282
169282;10000000;nt9283
169283;10000000;nt9284
169284;10000000;nt9285
169285;10000000;nt9286
169286;10000000;nt9287
169287;10000000;nt9288
169288;10000000;nt9289
169289;10000000;nt9290
169290;10000000;nt9291
169291;10000000;nt9292
169292;10000000;nt9293
169293;10000000;nt9294
169294;10000000;nt9295
169295;10000000;nt9296
169296;10000000;nt9297
169297;10000000;nt9298
169298;10000000;nt9299
169299;10000000;nt9300
169300;10000000;nt9301
169301;10000000;nt9302
169302;10000000;nt9303
169303;10000000;nt9304
169304;10000000;nt9305
169305;10000000;nt9306
169306;10000000;nt9307
169307;10000000;nt9308
169308;10000000;nt9309
169309;10000000;nt9310
169310;10000000;nt9311
169311;10000000;nt9312
169312;10000000;nt9313
169313;10000000;nt9314
169314;10000000;nt9315
169315;10000000;nt9316
169316;10000000;nt9317
169317;10000000;nt9318
169318;10000000;nt9319
169319;10000000;nt9320
169320;10000000;nt9321
169321;10000000;nt9322
169322;10000000;nt9323
169323;10000000;nt9324
169324;10000000;nt9325
169325;10000000;nt9326
169326;10000000;nt9327
169327;10000000;nt9328
169328;10000000;nt9329
169329;10000000;nt9330
169330;10000000;nt9331
169331;10000000;nt9332
169332;10000000;nt9333
169333;10000000;nt9334
169334;10000000;nt9335
169335;10000000;nt9336
169336;10000000;nt9337
169337;10000000;nt9338
169338;10000000;nt9339
169339;10000000;nt9340
169340;10000000;nt9341
169341;10000000;nt9342
169342;10000000;nt9343
169343;10000000;nt9344
169344;10000000;nt9345
169345;10000000;nt9346
169346;10000000;nt9347
169347;10000000;nt9348
169348;10000000;nt9349
169349;10000000;nt9350
169350;10000000;nt9351
169351;10000000;nt9352
169352;10000000;nt9353
169353;10000000;nt9354
169354;10000000;nt9355
169355;10000000;nt9356
169356;10000000;nt9357
169357;10000000;nt9358
169358;10000000;nt9359
169359;10000000;nt9360
169360;10000000;nt9361
169361;10000000;nt9362
169362;10000000;nt9363
169363;10000000;nt9364
169364;10000000;nt9365
169365;10000000;nt9366
169366;10000000;nt9367
169367;10000000;nt9368
169368;10000000;nt9369
169369;10000000;nt9370
169370;10000000;nt9371
169371;10000000;nt9372
169372;10000000;nt9373
169373;10000000;nt9374
169374;10000000;nt9375
169375;10000000;nt9376
169376;10000000;nt9377
169377;10000000;nt9378
169378;10000000;nt9379
169379;10000000;nt9380
169380;10000000;nt9381
169381;10000000;nt9382
169382;10000000;nt9383
169383;10000000;nt9384
169384;10000000;nt9385
169385;10000000;nt9386
169386;10000000;nt9387
169387;10000000;nt9388
169388;10000000;nt9389
169389;10000000;nt9390
169390;10000000;nt9391
169391;10000000;nt9392
169392;10000000;nt9393
169393;10000000;nt9394
169394;10000000;nt9395
169395;10000000;nt9396
169396;10000000;nt9397
169397;10000000;nt9398
169398;10000000;nt9399
169399;10000000;nt9400
169400;10000000;nt9401
169401;10000000;nt9402
169402;10000000;nt9403
169403;10000000;nt9404
169404;10000000;nt9405
169405;10000000;nt9406
169406;10000000;nt9407
169407;10000000;nt9408
169408;10000000;nt9409
169409;10000000;nt9410
169410;10000000;nt9411
169411;10000000;nt9412
169412;10000000;nt9413
169413;10000000;nt9414
169414;10000000;nt9415
169415;10000000;nt9416
169416;10000000;nt9417
169417;10000000;nt9418
169418;10000000;nt9419
169419;10000000;nt9420
169420;10000000;nt9421
169421;10000000;nt9422
169422;10000000;nt9423
169423;10000000;nt9424
169424;10000000;nt9425
169425;10000000;nt9426
169426;10000000;nt9427
169427;10000000;nt9428
169428;10000000;nt9429
169429;10000000;nt9430
169430;10000000;nt9431
169431;10000000;nt9432
169432;10000000;nt9433
169433;10000000;nt9434
169434;10000000;nt9435
169435;10000000;nt9436
169436;10000000;nt9437
169437;10000000;nt9438
169438;10000000;nt9439
169439;10000000;nt9440
169440;10000000;nt9441
169441;10000000;nt9442
169442;10000000;nt9443
169443;10000000;nt9444
169444;10000000;nt9445
169445;10000000;nt9446
169446;10000000;nt9447
169447;10000000;nt9448
169448;10000000;nt9449
169449;10000000;nt9450
169450;10000000;nt9451
169451;10000000;nt9452
169452;10000000;nt9453
169453;10000000;nt9454
169454;10000000;nt9455
169455;10000000;nt9456
169456;10000000;nt9457
169457;10000000;nt9458
169458;10000000;nt9459
169459;10000000;nt9460
169460;10000000;nt9461
169461;10000000;nt9462
169462;10000000;nt9463
169463;10000000;nt9464
169464;10000000;nt9465
169465;10000000;nt9466
169466;10000000;nt9467
169467;10000000;nt9468
169468;10000000;nt9469
169469;10000000;nt9470
169470;10000000;nt9471
169471;10000000;nt9472
169472;10000000;nt9473
169473;10000000;nt9474
169474;10000000;nt9475
169475;10000000;nt9476
169476;10000000;nt9477
169477;10000000;nt9478
169478;10000000;nt9479
169479;10000000;nt9480
169480;10000000;nt9481
169481;10000000;nt9482
169482;10000000;nt9483
169483;10000000;nt9484
169484;10000000;nt9485
169485;10000000;nt9486
169486;10000000;nt9487
169487;10000000;nt9488
169488;10000000;nt9489
169489;10000000;nt9490
169490;10000000;nt9491
169491;10000000;nt9492
169492;10000000;nt9493
169493;10000000;nt9494
169494;10000000;nt9495
169495;10000000;nt9496
169496;10000000;nt9497
169497;10000000;nt9498
169498;10000000;nt9499
169499;10000000;nt9500
169500;10000000;nt9501
169501;10000000;nt9502
169502;10000000;nt9503
169503;10000000;nt9504
169504;10000000;nt9505
169505;10000000;nt9506
169506;10000000;nt9507
169507;10000000;nt9508
169508;10000000;nt9509
169509;10000000;nt9510
169510;10000000;nt9511
169511;10000000;nt9512
169512;10000000;nt9513
169513;10000000;nt9514
169514;10000000;nt9515
169515;10000000;nt9516
169516;10000000;nt9517
169517;10000000;nt9518
169518;10000000;nt9519
169519;10000000;nt9520
169520;10000000;nt9521
169521;10000000;nt9522
169522;10000000;nt9523
169523;10000000;nt9524
169524;10000000;nt9525
169525;10000000;nt9526
169526;10000000;nt9527
169527;10000000;nt9528
169528;10000000;nt9529
169529;10000000;nt9530
169530;10000000;nt9531
169531;10000000;nt9532
169532;10000000;nt9533
169533;10000000;nt9534
169534;10000000;nt9535
169535;10000000;nt9536
169536;10000000;nt9537
169537;10000000;nt9538
169538;10000000;nt9539
169539;10000000;nt9540
169540;10000000;nt9541
169541;10000000;nt9542
169542;10000000;nt9543
169543;10000000;nt9544
169544;10000000;nt9545
169545;10000000;nt9546
169546;10000000;nt9547
169547;10000000;nt9548
169548;10000000;nt9549
169549;10000000;nt9550
169550;10000000;nt9551
169551;10000000;nt9552
169552;10000000;nt9553
169553;10000000;nt9554
169554;10000000;nt9555
169555;10000000;nt9556
169556;10000000;nt9557
169557;10000000;nt9558
169558;10000000;nt9559
169559;10000000;nt9560
169560;10000000;nt9561
169561;10000000;nt9562
169562;10000000;nt9563
169563;10000000;nt9564
169564;10000000;nt9565
169565;10000000;nt9566
169566;10000000;nt9567
169567;10000000;nt9568
169568;10000000;nt9569
169569;10000000;nt9570
169570;10000000;nt9571
169571;10000000;nt9572
169572;10000000;nt9573
169573;10000000;nt9574
169574;10000000;nt9575
169575;10000000;nt9576
169576;10000000;nt9577
169577;10000000;nt9578
169578;10000000;nt9579
169579;10000000;nt9580
169580;10000000;nt9581
169581;10000000;nt9582
169582;10000000;nt9583
169583;10000000;nt9584
169584;10000000;nt9585
169585;10000000;nt9586
169586;10000000;nt9587
169587;10000000;nt9588
169588;10000000;nt9589
169589;10000000;nt9590
169590;10000000;nt9591
169591;10000000;nt9592
169592;10000000;nt9593
169593;10000000;nt9594
169594;10000000;nt9595
169595;10000000;nt9596
169596;10000000;nt9597
169597;10000000;nt9598
169598;10000000;nt9599
169599;10000000;nt9600
169600;10000000;nt9601
169601;10000000;nt9602
169602;10000000;nt9603
169603;10000000;nt9604
169604;10000000;nt9605
169605;10000000;nt9606
169606;10000000;nt9607
169607;10000000;nt9608
169608;10000000;nt9609
169609;10000000;nt9610
169610;10000000;nt9611
169611;10000000;nt9612
169612;10000000;nt9613
169613;10000000;nt9614
169614;10000000;nt9615
169615;10000000;nt9616
169616;10000000;nt9617
169617;10000000;nt9618
169618;10000000;nt9619
169619;10000000;nt9620
169620;10000000;nt9621
169621;10000000;nt9622
169622;10000000;nt9623
169623;10000000;nt9624
169624;10000000;nt9625
169625;10000000;nt9626
169626;10000000;nt9627
169627;10000000;nt9628
169628;10000000;nt9629
169629;10000000;nt9630
169630;10000000;nt9631
169631;10000000;nt9632
169632;10000000;nt9633
169633;10000000;nt9634
169634;10000000;nt9635
169635;10000000;nt9636
169636;10000000;nt9637
169637;10000000;nt9638
169638;10000000;nt9639
169639;10000000;nt9640
169640;10000000;nt9641
169641;10000000;nt9642
169642;10000000;nt9643
169643;10000000;nt9644
169644;10000000;nt9645
169645;10000000;nt9646
169646;10000000;nt9647
169647;10000000;nt9648
169648;10000000;nt9649
169649;10000000;nt9650
169650;10000000;nt9651
169651;10000000;nt9652
169652;10000000;nt9653
169653;10000000;nt9654
169654;10000000;nt9655
169655;10000000;nt9656
169656;10000000;nt9657
169657;10000000;nt9658
169658;10000000;nt9659
169659;10000000;nt9660
169660;10000000;nt9661
169661;10000000;nt9662
169662;10000000;nt9663
169663;10000000;nt9664
169664;10000000;nt9665
169665;10000000;nt9666
169666;10000000;nt9667
169667;10000000;nt9668
169668;10000000;nt9669
169669;10000000;nt9670
169670;10000000;nt9671
169671;10000000;nt9672
169672;10000000;nt9673
169673;10000000;nt9674
169674;10000000;nt9675
169675;10000000;nt9676
169676;10000000;nt9677
169677;10000000;nt9678
169678;10000000;nt9679
169679;10000000;nt9680
169680;10000000;nt9681
169681;10000000;nt9682
169682;10000000;nt9683
169683;10000000;nt9684
169684;10000000;nt9685
169685;10000000;nt9686
169686;10000000;nt9687
169687;10000000;nt9688
169688;10000000;nt9689
169689;10000000;nt9690
169690;10000000;nt9691
169691;10000000;nt9692
169692;10000000;nt9693
169693;10000000;nt9694
169694;10000000;nt9695
169695;10000000;nt9696
169696;10000000;nt9697
169697;10000000;nt9698
169698;10000000;nt9699
169699;10000000;nt9700
169700;10000000;nt9701
169701;10000000;nt9702
169702;10000000;nt9703
169703;10000000;nt9704
169704;10000000;nt9705
169705;10000000;nt9706
169706;10000000;nt9707
169707;10000000;nt9708
169708;10000000;nt9709
169709;10000000;nt9710
169710;10000000;nt9711
169711;10000000;nt9712
169712;10000000;nt9713
169713;10000000;nt9714
169714;10000000;nt9715
169715;10000000;nt9716
169716;10000000;nt9717
169717;10000000;nt9718
169718;10000000;nt9719
169719;10000000;nt9720
169720;10000000;nt9721
169721;10000000;nt9722
169722;10000000;nt9723
169723;10000000;nt9724
169724;10000000;nt9725
169725;10000000;nt9726
169726;10000000;nt9727
169727;10000000;nt9728
169728;10000000;nt9729
169729;10000000;nt9730
169730;10000000;nt9731
169731;10000000;nt9732
169732;10000000;nt9733
169733;10000000;nt9734
169734;10000000;nt9735
169735;10000000;nt9736
169736;10000000;nt9737
169737;10000000;nt9738
169738;10000000;nt9739
169739;10000000;nt9740
169740;10000000;nt9741
169741;10000000;nt9742
169742;10000000;nt9743
169743;10000000;nt9744
169744;10000000;nt9745
169745;10000000;nt9746
169746;10000000;nt9747
169747;10000000;nt9748
169748;10000000;nt9749
169749;10000000;nt9750
169750;10000000;nt9751
169751;10000000;nt9752
169752;10000000;nt9753
169753;10000000;nt9754
169754;10000000;nt9755
169755;10000000;nt9756
169756;10000000;nt9757
169757;10000000;nt9758
169758;10000000;nt9759
169759;10000000;nt9760
169760;10000000;nt9761
169761;10000000;nt9762
169762;10000000;nt9763
169763;10000000;nt9764
169764;10000000;nt9765
169765;10000000;nt9766
169766;10000000;nt9767
169767;10000000;nt9768
169768;10000000;nt9769
169769;10000000;nt9770
169770;10000000;nt9771
169771;10000000;nt9772
169772;10000000;nt9773
169773;10000000;nt9774
169774;10000000;nt9775
169775;10000000;nt9776
169776;10000000;nt9777
169777;10000000;nt9778
169778;10000000;nt9779
169779;10000000;nt9780
169780;10000000;nt9781
169781;10000000;nt9782
169782;10000000;nt9783
169783;10000000;nt9784
169784;10000000;nt9785
169785;10000000;nt9786
169786;10000000;nt9787
169787;10000000;nt9788
169788;10000000;nt9789
169789;10000000;nt9790
169790;10000000;nt9791
169791;10000000;nt9792
169792;10000000;nt9793
169793;10000000;nt9794
169794;10000000;nt9795
169795;10000000;nt9796
169796;10000000;nt9797
169797;10000000;nt9798
169798;10000000;nt9799
169799;10000000;nt9800
169800;10000000;nt9801
169801;10000000;nt9802
169802;10000000;nt9803
169803;10000000;nt9804
169804;10000000;nt9805
169805;10000000;nt9806
169806;10000000;nt9807
169807;10000000;nt9808
169808;10000000;nt9809
169809;10000000;nt9810
169810;10000000;nt9811
169811;10000000;nt9812
169812;10000000;nt9813
169813;10000000;nt9814
169814;10000000;nt9815
169815;10000000;nt9816
169816;10000000;nt9817
169817;10000000;nt9818
169818;10000000;nt9819
169819;10000000;nt9820
169820;10000000;nt9821
169821;10000000;nt9822
169822;10000000;nt9823
169823;10000000;nt9824
169824;10000000;nt9825
169825;10000000;nt9826
169826;10000000;nt9827
169827;10000000;nt9828
169828;10000000;nt9829
169829;10000000;nt9830
169830;10000000;nt9831
169831;10000000;nt9832
169832;10000000;nt9833
169833;10000000;nt9834
169834;10000000;nt9835
169835;10000000;nt9836
169836;10000000;nt9837
169837;10000000;nt9838
169838;10000000;nt9839
169839;10000000;nt9840
169840;10000000;nt9841
169841;10000000;nt9842
169842;10000000;nt9843
169843;10000000;nt9844
169844;10000000;nt9845
169845;10000000;nt9846
169846;10000000;nt9847
169847;10000000;nt9848
169848;10000000;nt9849
169849;10000000;nt9850
169850;10000000;nt9851
169851;10000000;nt9852
169852;10000000;nt9853
169853;10000000;nt9854
169854;10000000;nt9855
169855;10000000;nt9856
169856;10000000;nt9857
169857;10000000;nt9858
169858;10000000;nt9859
169859;10000000;nt9860
169860;10000000;nt9861
169861;10000000;nt9862
169862;10000000;nt9863
169863;10000000;nt9864
169864;10000000;nt9865
169865;10000000;nt9866
169866;10000000;nt9867
169867;10000000;nt9868
169868;10000000;nt9869
169869;10000000;nt9870
169870;10000000;nt9871
169871;10000000;nt9872
169872;10000000;nt9873
169873;10000000;nt9874
169874;10000000;nt9875
169875;10000000;nt9876
169876;10000000;nt9877
169877;10000000;nt9878
169878;10000000;nt9879
169879;10000000;nt9880
169880;10000000;nt9881
169881;10000000;nt9882
169882;10000000;nt9883
169883;10000000;nt9884
169884;10000000;nt9885
169885;10000000;nt9886
169886;10000000;nt9887
169887;10000000;nt9888
169888;10000000;nt9889
169889;10000000;nt9890
169890;10000000;nt9891
169891;10000000;nt9892
169892;10000000;nt9893
169893;10000000;nt9894
169894;10000000;nt9895
169895;10000000;nt9896
169896;10000000;nt9897
169897;10000000;nt9898
169898;10000000;nt9899
169899;10000000;nt9900
169900;10000000;nt9901
169901;10000000;nt9902
169902;10000000;nt9903
169903;10000000;nt9904
169904;10000000;nt9905
169905;10000000;nt9906
169906;10000000;nt9907
169907;10000000;nt9908
169908;10000000;nt9909
169909;10000000;nt9910
169910;10000000;nt9911
169911;10000000;nt9912
169912;10000000;nt9913
169913;10000000;nt9914
169914;10000000;nt9915
169915;10000000;nt9916
169916;10000000;nt9917
169917;10000000;nt9918
169918;10000000;nt9919
169919;10000000;nt9920
169920;10000000;nt9921
169921;10000000;nt9922
169922;10000000;nt9923
169923;10000000;nt9924
169924;10000000;nt9925
169925;10000000;nt9926
169926;10000000;nt9927
169927;10000000;nt9928
169928;10000000;nt9929
169929;10000000;nt9930
169930;10000000;nt9931
169931;10000000;nt9932
169932;10000000;nt9933
169933;10000000;nt9934
169934;10000000;nt9935
169935;10000000;nt9936
169936;10000000;nt9937
169937;10000000;nt9938
169938;10000000;nt9939
169939;10000000;nt9940
169940;10000000;nt9941
169941;10000000;nt9942
169942;10000000;nt9943
169943;10000000;nt9944
169944;10000000;nt9945
169945;10000000;nt9946
169946;10000000;nt9947
169947;10000000;nt9948
169948;10000000;nt9949
169949;10000000;nt9950
169950;10000000;nt9951
169951;10000000;nt9952
169952;10000000;nt9953
169953;10000000;nt9954
169954;10000000;nt9955
169955;10000000;nt9956
169956;10000000;nt9957
169957;10000000;nt9958
169958;10000000;nt9959
169959;10000000;nt9960
169960;10000000;nt9961
169961;10000000;nt9962
169962;10000000;nt9963
169963;10000000;nt9964
169964;10000000;nt9965
169965;10000000;nt9966
169966;10000000;nt9967
169967;10000000;nt9968
169968;10000000;nt9969
169969;10000000;nt9970
169970;10000000;nt9971
169971;10000000;nt9972
169972;10000000;nt9973
169973;10000000;nt9974
169974;10000000;nt9975
169975;10000000;nt9976
169976;10000000;nt9977
169977;10000000;nt9978
169978;10000000;nt9979
169979;10000000;nt9980
169980;10000000;nt9981
169981;10000000;nt9982
169982;10000000;nt9983
169983;10000000;nt9984
169984;10000000;nt9985
169985;10000000;nt9986
169986;10000000;nt9987
169987;10000000;nt9988
169988;10000000;nt9989
169989;10000000;nt9990
169990;10000000;nt9991
169991;10000000;nt9992
169992;10000000;nt9993
169993;10000000;nt9994
169994;10000000;nt9995
169995;10000000;nt9996
169996;10000000;nt9997
169997;10000000;nt9998
169998;10000000;nt9999
169999;10000000;nt10000
170000;10000000;nt10001
170001;10000000;nt10002
170002;10000000;nt10003
170003;10000000;nt10004
170004;10000000;nt10005
170005;10000000;nt10006
170006;10000000;nt10007
170007;10000000;nt10008
170008;10000000;nt10009
170009;10000000;nt10010
170010;10000000;nt10011
170011;10000000;nt10012
170012;10000000;nt10013
170013;10000000;nt10014
170014;10000000;nt10015
170015;10000000;nt10016
170016;10000000;nt10017
170017;10000000;nt10018
170018;10000000;nt10019
170019;10000000;nt10020
170020;10000000;nt10021
170021;10000000;nt10022
170022;10000000;nt10023
170023;10000000;nt10024
170024;10000000;nt10025
170025;10000000;nt10026
170026;10000000;nt10027
170027;10000000;nt10028
170028;10000000;nt10029
170029;10000000;nt10030
170030;10000000;nt10031
170031;10000000;nt10032
170032;10000000;nt10033
170033;10000000;nt10034
170034;10000000;nt10035
170035;10000000;nt10036
170036;10000000;nt10037
170037;10000000;nt10038
170038;10000000;nt10039
170039;10000000;nt10040
170040;10000000;nt10041
170041;10000000;nt10042
170042;10000000;nt10043
170043;10000000;nt10044
170044;10000000;nt10045
170045;10000000;nt10046
170046;10000000;nt10047
170047;10000000;nt10048
170048;10000000;nt10049
170049;10000000;nt10050
170050;10000000;nt10051
170051;10000000;nt10052
170052;10000000;nt10053
170053;10000000;nt10054
170054;10000000;nt10055
170055;10000000;nt10056
170056;10000000;nt10057
170057;10000000;nt10058
170058;10000000;nt10059
170059;10000000;nt10060
170060;10000000;nt10061
170061;10000000;nt10062
170062;10000000;nt10063
170063;10000000;nt10064
170064;10000000;nt10065
170065;10000000;nt10066
170066;10000000;nt10067
170067;10000000;nt10068
170068;10000000;nt10069
170069;10000000;nt10070
170070;10000000;nt10071
170071;10000000;nt10072
170072;10000000;nt10073
170073;10000000;nt10074
170074;10000000;nt10075
170075;10000000;nt10076
170076;10000000;nt10077
170077;10000000;nt10078
170078;10000000;nt10079
170079;10000000;nt10080
170080;10000000;nt10081
170081;10000000;nt10082
170082;10000000;nt10083
170083;10000000;nt10084
170084;10000000;nt10085
170085;10000000;nt10086
170086;10000000;nt10087
170087;10000000;nt10088
170088;10000000;nt10089
170089;10000000;nt10090
170090;10000000;nt10091
170091;10000000;nt10092
170092;10000000;nt10093
170093;10000000;nt10094
170094;10000000;nt10095
170095;10000000;nt10096
170096;10000000;nt10097
170097;10000000;nt10098
170098;10000000;nt10099
170099;10000000;nt10100
170100;10000000;nt10101
170101;10000000;nt10102
170102;10000000;nt10103
170103;10000000;nt10104
170104;10000000;nt10105
170105;10000000;nt10106
170106;10000000;nt10107
170107;10000000;nt10108
170108;10000000;nt10109
170109;10000000;nt10110
170110;10000000;nt10111
170111;10000000;nt10112
170112;10000000;nt10113
170113;10000000;nt10114
170114;10000000;nt10115
170115;10000000;nt10116
170116;10000000;nt10117
170117;10000000;nt10118
170118;10000000;nt10119
170119;10000000;nt10120
170120;10000000;nt10121
170121;10000000;nt10122
170122;10000000;nt10123
170123;10000000;nt10124
170124;10000000;nt10125
170125;10000000;nt10126
170126;10000000;nt10127
170127;10000000;nt10128
170128;10000000;nt10129
170129;10000000;nt10130
170130;10000000;nt10131
170131;10000000;nt10132
170132;10000000;nt10133
170133;10000000;nt10134
170134;10000000;nt10135
170135;10000000;nt10136
170136;10000000;nt10137
170137;10000000;nt10138
170138;10000000;nt10139
170139;10000000;nt10140
170140;10000000;nt10141
170141;10000000;nt10142
170142;10000000;nt10143
170143;10000000;nt10144
170144;10000000;nt10145
170145;10000000;nt10146
170146;10000000;nt10147
170147;10000000;nt10148
170148;10000000;nt10149
170149;10000000;nt10150
170150;10000000;nt10151
170151;10000000;nt10152
170152;10000000;nt10153
170153;10000000;nt10154
170154;10000000;nt10155
170155;10000000;nt10156
170156;10000000;nt10157
170157;10000000;nt10158
170158;10000000;nt10159
170159;10000000;nt10160
170160;10000000;nt10161
170161;10000000;nt10162
170162;10000000;nt10163
170163;10000000;nt10164
170164;10000000;nt10165
170165;10000000;nt10166
170166;10000000;nt10167
170167;10000000;nt10168
170168;10000000;nt10169
170169;10000000;nt10170
170170;10000000;nt10171
170171;10000000;nt10172
170172;10000000;nt10173
170173;10000000;nt10174
170174;10000000;nt10175
170175;10000000;nt10176
170176;10000000;nt10177
170177;10000000;nt10178
170178;10000000;nt10179
170179;10000000;nt10180
170180;10000000;nt10181
170181;10000000;nt10182
170182;10000000;nt10183
170183;10000000;nt10184
170184;10000000;nt10185
170185;10000000;nt10186
170186;10000000;nt10187
170187;10000000;nt10188
170188;10000000;nt10189
170189;10000000;nt10190
170190;10000000;nt10191
170191;10000000;nt10192
170192;10000000;nt10193
170193;10000000;nt10194
170194;10000000;nt10195
170195;10000000;nt10196
170196;10000000;nt10197
170197;10000000;nt10198
170198;10000000;nt10199
170199;10000000;nt10200
170200;10000000;nt10201
170201;10000000;nt10202
170202;10000000;nt10203
170203;10000000;nt10204
170204;10000000;nt10205
170205;10000000;nt10206
170206;10000000;nt10207
170207;10000000;nt10208
170208;10000000;nt10209
170209;10000000;nt10210
170210;10000000;nt10211
170211;10000000;nt10212
170212;10000000;nt10213
170213;10000000;nt10214
170214;10000000;nt10215
170215;10000000;nt10216
170216;10000000;nt10217
170217;10000000;nt10218
170218;10000000;nt10219
170219;10000000;nt10220
170220;10000000;nt10221
170221;10000000;nt10222
170222;10000000;nt10223
170223;10000000;nt10224
170224;10000000;nt10225
170225;10000000;nt10226
170226;10000000;nt10227
170227;10000000;nt10228
170228;10000000;nt10229
170229;10000000;nt10230
170230;10000000;nt10231
170231;10000000;nt10232
170232;10000000;nt10233
170233;10000000;nt10234
170234;10000000;nt10235
170235;10000000;nt10236
170236;10000000;nt10237
170237;10000000;nt10238
170238;10000000;nt10239
170239;10000000;nt10240
170240;10000000;nt10241
170241;10000000;nt10242
170242;10000000;nt10243
170243;10000000;nt10244
170244;10000000;nt10245
170245;10000000;nt10246
170246;10000000;nt10247
170247;10000000;nt10248
170248;10000000;nt10249
170249;10000000;nt10250
170250;10000000;nt10251
170251;10000000;nt10252
170252;10000000;nt10253
170253;10000000;nt10254
170254;10000000;nt10255
170255;10000000;nt10256
170256;10000000;nt10257
170257;10000000;nt10258
170258;10000000;nt10259
170259;10000000;nt10260
170260;10000000;nt10261
170261;10000000;nt10262
170262;10000000;nt10263
170263;10000000;nt10264
170264;10000000;nt10265
170265;10000000;nt10266
170266;10000000;nt10267
170267;10000000;nt10268
170268;10000000;nt10269
170269;10000000;nt10270
170270;10000000;nt10271
170271;10000000;nt10272
170272;10000000;nt10273
170273;10000000;nt10274
170274;10000000;nt10275
170275;10000000;nt10276
170276;10000000;nt10277
170277;10000000;nt10278
170278;10000000;nt10279
170279;10000000;nt10280
170280;10000000;nt10281
170281;10000000;nt10282
170282;10000000;nt10283
170283;10000000;nt10284
170284;10000000;nt10285
170285;10000000;nt10286
170286;10000000;nt10287
170287;10000000;nt10288
170288;10000000;nt10289
170289;10000000;nt10290
170290;10000000;nt10291
170291;10000000;nt10292
170292;10000000;nt10293
170293;10000000;nt10294
170294;10000000;nt10295
170295;10000000;nt10296
170296;10000000;nt10297
170297;10000000;nt10298
170298;10000000;nt10299
170299;10000000;nt10300
170300;10000000;nt10301
170301;10000000;nt10302
170302;10000000;nt10303
170303;10000000;nt10304
170304;10000000;nt10305
170305;10000000;nt10306
170306;10000000;nt10307
170307;10000000;nt10308
170308;10000000;nt10309
170309;10000000;nt10310
170310;10000000;nt10311
170311;10000000;nt10312
170312;10000000;nt10313
170313;10000000;nt10314
170314;10000000;nt10315
170315;10000000;nt10316
170316;10000000;nt10317
170317;10000000;nt10318
170318;10000000;nt10319
170319;10000000;nt10320
170320;10000000;nt10321
170321;10000000;nt10322
170322;10000000;nt10323
170323;10000000;nt10324
170324;10000000;nt10325
170325;10000000;nt10326
170326;10000000;nt10327
170327;10000000;nt10328
170328;10000000;nt10329
170329;10000000;nt10330
170330;10000000;nt10331
170331;10000000;nt10332
170332;10000000;nt10333
170333;10000000;nt10334
170334;10000000;nt10335
170335;10000000;nt10336
170336;10000000;nt10337
170337;10000000;nt10338
170338;10000000;nt10339
170339;10000000;nt10340
170340;10000000;nt10341
170341;10000000;nt10342
170342;10000000;nt10343
170343;10000000;nt10344
170344;10000000;nt10345
170345;10000000;nt10346
170346;10000000;nt10347
170347;10000000;nt10348
170348;10000000;nt10349
170349;10000000;nt10350
170350;10000000;nt10351
170351;10000000;nt10352
170352;10000000;nt10353
170353;10000000;nt10354
170354;10000000;nt10355
170355;10000000;nt10356
170356;10000000;nt10357
170357;10000000;nt10358
170358;10000000;nt10359
170359;10000000;nt10360
170360;10000000;nt10361
170361;10000000;nt10362
170362;10000000;nt10363
170363;10000000;nt10364
170364;10000000;nt10365
170365;10000000;nt10366
170366;10000000;nt10367
170367;10000000;nt10368
170368;10000000;nt10369
170369;10000000;nt10370
170370;10000000;nt10371
170371;10000000;nt10372
170372;10000000;nt10373
170373;10000000;nt10374
170374;10000000;nt10375
170375;10000000;nt10376
170376;10000000;nt10377
170377;10000000;nt10378
170378;10000000;nt10379
170379;10000000;nt10380
170380;10000000;nt10381
170381;10000000;nt10382
170382;10000000;nt10383
170383;10000000;nt10384
170384;10000000;nt10385
170385;10000000;nt10386
170386;10000000;nt10387
170387;10000000;nt10388
170388;10000000;nt10389
170389;10000000;nt10390
170390;10000000;nt10391
170391;10000000;nt10392
170392;10000000;nt10393
170393;10000000;nt10394
170394;10000000;nt10395
170395;10000000;nt10396
170396;10000000;nt10397
170397;10000000;nt10398
170398;10000000;nt10399
170399;10000000;nt10400
170400;10000000;nt10401
170401;10000000;nt10402
170402;10000000;nt10403
170403;10000000;nt10404
170404;10000000;nt10405
170405;10000000;nt10406
170406;10000000;nt10407
170407;10000000;nt10408
170408;10000000;nt10409
170409;10000000;nt10410
170410;10000000;nt10411
170411;10000000;nt10412
170412;10000000;nt10413
170413;10000000;nt10414
170414;10000000;nt10415
170415;10000000;nt10416
170416;10000000;nt10417
170417;10000000;nt10418
170418;10000000;nt10419
170419;10000000;nt10420
170420;10000000;nt10421
170421;10000000;nt10422
170422;10000000;nt10423
170423;10000000;nt10424
170424;10000000;nt10425
170425;10000000;nt10426
170426;10000000;nt10427
170427;10000000;nt10428
170428;10000000;nt10429
170429;10000000;nt10430
170430;10000000;nt10431
170431;10000000;nt10432
170432;10000000;nt10433
170433;10000000;nt10434
170434;10000000;nt10435
170435;10000000;nt10436
170436;10000000;nt10437
170437;10000000;nt10438
170438;10000000;nt10439
170439;10000000;nt10440
170440;10000000;nt10441
170441;10000000;nt10442
170442;10000000;nt10443
170443;10000000;nt10444
170444;10000000;nt10445
170445;10000000;nt10446
170446;10000000;nt10447
170447;10000000;nt10448
170448;10000000;nt10449
170449;10000000;nt10450
170450;10000000;nt10451
170451;10000000;nt10452
170452;10000000;nt10453
170453;10000000;nt10454
170454;10000000;nt10455
170455;10000000;nt10456
170456;10000000;nt10457
170457;10000000;nt10458
170458;10000000;nt10459
170459;10000000;nt10460
170460;10000000;nt10461
170461;10000000;nt10462
170462;10000000;nt10463
170463;10000000;nt10464
170464;10000000;nt10465
170465;10000000;nt10466
170466;10000000;nt10467
170467;10000000;nt10468
170468;10000000;nt10469
170469;10000000;nt10470
170470;10000000;nt10471
170471;10000000;nt10472
170472;10000000;nt10473
170473;10000000;nt10474
170474;10000000;nt10475
170475;10000000;nt10476
170476;10000000;nt10477
170477;10000000;nt10478
170478;10000000;nt10479
170479;10000000;nt10480
170480;10000000;nt10481
170481;10000000;nt10482
170482;10000000;nt10483
170483;10000000;nt10484
170484;10000000;nt10485
170485;10000000;nt10486
170486;10000000;nt10487
170487;10000000;nt10488
170488;10000000;nt10489
170489;10000000;nt10490
170490;10000000;nt10491
170491;10000000;nt10492
170492;10000000;nt10493
170493;10000000;nt10494
170494;10000000;nt10495
170495;10000000;nt10496
170496;10000000;nt10497
170497;10000000;nt10498
170498;10000000;nt10499
170499;10000000;nt10500
170500;10000000;nt10501
170501;10000000;nt10502
170502;10000000;nt10503
170503;10000000;nt10504
170504;10000000;nt10505
170505;10000000;nt10506
170506;10000000;nt10507
170507;10000000;nt10508
170508;10000000;nt10509
170509;10000000;nt10510
170510;10000000;nt10511
170511;10000000;nt10512
170512;10000000;nt10513
170513;10000000;nt10514
170514;10000000;nt10515
170515;10000000;nt10516
170516;10000000;nt10517
170517;10000000;nt10518
170518;10000000;nt10519
170519;10000000;nt10520
170520;10000000;nt10521
170521;10000000;nt10522
170522;10000000;nt10523
170523;10000000;nt10524
170524;10000000;nt10525
170525;10000000;nt10526
170526;10000000;nt10527
170527;10000000;nt10528
170528;10000000;nt10529
170529;10000000;nt10530
170530;10000000;nt10531
170531;10000000;nt10532
170532;10000000;nt10533
170533;10000000;nt10534
170534;10000000;nt10535
170535;10000000;nt10536
170536;10000000;nt10537
170537;10000000;nt10538
170538;10000000;nt10539
170539;10000000;nt10540
170540;10000000;nt10541
170541;10000000;nt10542
170542;10000000;nt10543
170543;10000000;nt10544
170544;10000000;nt10545
170545;10000000;nt10546
170546;10000000;nt10547
170547;10000000;nt10548
170548;10000000;nt10549
170549;10000000;nt10550
170550;10000000;nt10551
170551;10000000;nt10552
170552;10000000;nt10553
170553;10000000;nt10554
170554;10000000;nt10555
170555;10000000;nt10556
170556;10000000;nt10557
170557;10000000;nt10558
170558;10000000;nt10559
170559;10000000;nt10560
170560;10000000;nt10561
170561;10000000;nt10562
170562;10000000;nt10563
170563;10000000;nt10564
170564;10000000;nt10565
170565;10000000;nt10566
170566;10000000;nt10567
170567;10000000;nt10568
170568;10000000;nt10569
170569;10000000;nt10570
170570;10000000;nt10571
170571;10000000;nt10572
170572;10000000;nt10573
170573;10000000;nt10574
170574;10000000;nt10575
170575;10000000;nt10576
170576;10000000;nt10577
170577;10000000;nt10578
170578;10000000;nt10579
170579;10000000;nt10580
170580;10000000;nt10581
170581;10000000;nt10582
170582;10000000;nt10583
170583;10000000;nt10584
170584;10000000;nt10585
170585;10000000;nt10586
170586;10000000;nt10587
170587;10000000;nt10588
170588;10000000;nt10589
170589;10000000;nt10590
170590;10000000;nt10591
170591;10000000;nt10592
170592;10000000;nt10593
170593;10000000;nt10594
170594;10000000;nt10595
170595;10000000;nt10596
170596;10000000;nt10597
170597;10000000;nt10598
170598;10000000;nt10599
170599;10000000;nt10600
170600;10000000;nt10601
170601;10000000;nt10602
170602;10000000;nt10603
170603;10000000;nt10604
170604;10000000;nt10605
170605;10000000;nt10606
170606;10000000;nt10607
170607;10000000;nt10608
170608;10000000;nt10609
170609;10000000;nt10610
170610;10000000;nt10611
170611;10000000;nt10612
170612;10000000;nt10613
170613;10000000;nt10614
170614;10000000;nt10615
170615;10000000;nt10616
170616;10000000;nt10617
170617;10000000;nt10618
170618;10000000;nt10619
170619;10000000;nt10620
170620;10000000;nt10621
170621;10000000;nt10622
170622;10000000;nt10623
170623;10000000;nt10624
170624;10000000;nt10625
170625;10000000;nt10626
170626;10000000;nt10627
170627;10000000;nt10628
170628;10000000;nt10629
170629;10000000;nt10630
170630;10000000;nt10631
170631;10000000;nt10632
170632;10000000;nt10633
170633;10000000;nt10634
170634;10000000;nt10635
170635;10000000;nt10636
170636;10000000;nt10637
170637;10000000;nt10638
170638;10000000;nt10639
170639;10000000;nt10640
170640;10000000;nt10641
170641;10000000;nt10642
170642;10000000;nt10643
170643;10000000;nt10644
170644;10000000;nt10645
170645;10000000;nt10646
170646;10000000;nt10647
170647;10000000;nt10648
170648;10000000;nt10649
170649;10000000;nt10650
170650;10000000;nt10651
170651;10000000;nt10652
170652;10000000;nt10653
170653;10000000;nt10654
170654;10000000;nt10655
170655;10000000;nt10656
170656;10000000;nt10657
170657;10000000;nt10658
170658;10000000;nt10659
170659;10000000;nt10660
170660;10000000;nt10661
170661;10000000;nt10662
170662;10000000;nt10663
170663;10000000;nt10664
170664;10000000;nt10665
170665;10000000;nt10666
170666;10000000;nt10667
170667;10000000;nt10668
170668;10000000;nt10669
170669;10000000;nt10670
170670;10000000;nt10671
170671;10000000;nt10672
170672;10000000;nt10673
170673;10000000;nt10674
170674;10000000;nt10675
170675;10000000;nt10676
170676;10000000;nt10677
170677;10000000;nt10678
170678;10000000;nt10679
170679;10000000;nt10680
170680;10000000;nt10681
170681;10000000;nt10682
170682;10000000;nt10683
170683;10000000;nt10684
170684;10000000;nt10685
170685;10000000;nt10686
170686;10000000;nt10687
170687;10000000;nt10688
170688;10000000;nt10689
170689;10000000;nt10690
170690;10000000;nt10691
170691;10000000;nt10692
170692;10000000;nt10693
170693;10000000;nt10694
170694;10000000;nt10695
170695;10000000;nt10696
170696;10000000;nt10697
170697;10000000;nt10698
170698;10000000;nt10699
170699;10000000;nt10700
170700;10000000;nt10701
170701;10000000;nt10702
170702;10000000;nt10703
170703;10000000;nt10704
170704;10000000;nt10705
170705;10000000;nt10706
170706;10000000;nt10707
170707;10000000;nt10708
170708;10000000;nt10709
170709;10000000;nt10710
170710;10000000;nt10711
170711;10000000;nt10712
170712;10000000;nt10713
170713;10000000;nt10714
170714;10000000;nt10715
170715;10000000;nt10716
170716;10000000;nt10717
170717;10000000;nt10718
170718;10000000;nt10719
170719;10000000;nt10720
170720;10000000;nt10721
170721;10000000;nt10722
170722;10000000;nt10723
170723;10000000;nt10724
170724;10000000;nt10725
170725;10000000;nt10726
170726;10000000;nt10727
170727;10000000;nt10728
170728;10000000;nt10729
170729;10000000;nt10730
170730;10000000;nt10731
170731;10000000;nt10732
170732;10000000;nt10733
170733;10000000;nt10734
170734;10000000;nt10735
170735;10000000;nt10736
170736;10000000;nt10737
170737;10000000;nt10738
170738;10000000;nt10739
170739;10000000;nt10740
170740;10000000;nt10741
170741;10000000;nt10742
170742;10000000;nt10743
170743;10000000;nt10744
170744;10000000;nt10745
170745;10000000;nt10746
170746;10000000;nt10747
170747;10000000;nt10748
170748;10000000;nt10749
170749;10000000;nt10750
170750;10000000;nt10751
170751;10000000;nt10752
170752;10000000;nt10753
170753;10000000;nt10754
170754;10000000;nt10755
170755;10000000;nt10756
170756;10000000;nt10757
170757;10000000;nt10758
170758;10000000;nt10759
170759;10000000;nt10760
170760;10000000;nt10761
170761;10000000;nt10762
170762;10000000;nt10763
170763;10000000;nt10764
170764;10000000;nt10765
170765;10000000;nt10766
170766;10000000;nt10767
170767;10000000;nt10768
170768;10000000;nt10769
170769;10000000;nt10770
170770;10000000;nt10771
170771;10000000;nt10772
170772;10000000;nt10773
170773;10000000;nt10774
170774;10000000;nt10775
170775;10000000;nt10776
170776;10000000;nt10777
170777;10000000;nt10778
170778;10000000;nt10779
170779;10000000;nt10780
170780;10000000;nt10781
170781;10000000;nt10782
170782;10000000;nt10783
170783;10000000;nt10784
170784;10000000;nt10785
170785;10000000;nt10786
170786;10000000;nt10787
170787;10000000;nt10788
170788;10000000;nt10789
170789;10000000;nt10790
170790;10000000;nt10791
170791;10000000;nt10792
170792;10000000;nt10793
170793;10000000;nt10794
170794;10000000;nt10795
170795;10000000;nt10796
170796;10000000;nt10797
170797;10000000;nt10798
170798;10000000;nt10799
170799;10000000;nt10800
170800;10000000;nt10801
170801;10000000;nt10802
170802;10000000;nt10803
170803;10000000;nt10804
170804;10000000;nt10805
170805;10000000;nt10806
170806;10000000;nt10807
170807;10000000;nt10808
170808;10000000;nt10809
170809;10000000;nt10810
170810;10000000;nt10811
170811;10000000;nt10812
170812;10000000;nt10813
170813;10000000;nt10814
170814;10000000;nt10815
170815;10000000;nt10816
170816;10000000;nt10817
170817;10000000;nt10818
170818;10000000;nt10819
170819;10000000;nt10820
170820;10000000;nt10821
170821;10000000;nt10822
170822;10000000;nt10823
170823;10000000;nt10824
170824;10000000;nt10825
170825;10000000;nt10826
170826;10000000;nt10827
170827;10000000;nt10828
170828;10000000;nt10829
170829;10000000;nt10830
170830;10000000;nt10831
170831;10000000;nt10832
170832;10000000;nt10833
170833;10000000;nt10834
170834;10000000;nt10835
170835;10000000;nt10836
170836;10000000;nt10837
170837;10000000;nt10838
170838;10000000;nt10839
170839;10000000;nt10840
170840;10000000;nt10841
170841;10000000;nt10842
170842;10000000;nt10843
170843;10000000;nt10844
170844;10000000;nt10845
170845;10000000;nt10846
170846;10000000;nt10847
170847;10000000;nt10848
170848;10000000;nt10849
170849;10000000;nt10850
170850;10000000;nt10851
170851;10000000;nt10852
170852;10000000;nt10853
170853;10000000;nt10854
170854;10000000;nt10855
170855;10000000;nt10856
170856;10000000;nt10857
170857;10000000;nt10858
170858;10000000;nt10859
170859;10000000;nt10860
170860;10000000;nt10861
170861;10000000;nt10862
170862;10000000;nt10863
170863;10000000;nt10864
170864;10000000;nt10865
170865;10000000;nt10866
170866;10000000;nt10867
170867;10000000;nt10868
170868;10000000;nt10869
170869;10000000;nt10870
170870;10000000;nt10871
170871;10000000;nt10872
170872;10000000;nt10873
170873;10000000;nt10874
170874;10000000;nt10875
170875;10000000;nt10876
170876;10000000;nt10877
170877;10000000;nt10878
170878;10000000;nt10879
170879;10000000;nt10880
170880;10000000;nt10881
170881;10000000;nt10882
170882;10000000;nt10883
170883;10000000;nt10884
170884;10000000;nt10885
170885;10000000;nt10886
170886;10000000;nt10887
170887;10000000;nt10888
170888;10000000;nt10889
170889;10000000;nt10890
170890;10000000;nt10891
170891;10000000;nt10892
170892;10000000;nt10893
170893;10000000;nt10894
170894;10000000;nt10895
170895;10000000;nt10896
170896;10000000;nt10897
170897;10000000;nt10898
170898;10000000;nt10899
170899;10000000;nt10900
170900;10000000;nt10901
170901;10000000;nt10902
170902;10000000;nt10903
170903;10000000;nt10904
170904;10000000;nt10905
170905;10000000;nt10906
170906;10000000;nt10907
170907;10000000;nt10908
170908;10000000;nt10909
170909;10000000;nt10910
170910;10000000;nt10911
170911;10000000;nt10912
170912;10000000;nt10913
170913;10000000;nt10914
170914;10000000;nt10915
170915;10000000;nt10916
170916;10000000;nt10917
170917;10000000;nt10918
170918;10000000;nt10919
170919;10000000;nt10920
170920;10000000;nt10921
170921;10000000;nt10922
170922;10000000;nt10923
170923;10000000;nt10924
170924;10000000;nt10925
170925;10000000;nt10926
170926;10000000;nt10927
170927;10000000;nt10928
170928;10000000;nt10929
170929;10000000;nt10930
170930;10000000;nt10931
170931;10000000;nt10932
170932;10000000;nt10933
170933;10000000;nt10934
170934;10000000;nt10935
170935;10000000;nt10936
170936;10000000;nt10937
170937;10000000;nt10938
170938;10000000;nt10939
170939;10000000;nt10940
170940;10000000;nt10941
170941;10000000;nt10942
170942;10000000;nt10943
170943;10000000;nt10944
170944;10000000;nt10945
170945;10000000;nt10946
170946;10000000;nt10947
170947;10000000;nt10948
170948;10000000;nt10949
170949;10000000;nt10950
170950;10000000;nt10951
170951;10000000;nt10952
170952;10000000;nt10953
170953;10000000;nt10954
170954;10000000;nt10955
170955;10000000;nt10956
170956;10000000;nt10957
170957;10000000;nt10958
170958;10000000;nt10959
170959;10000000;nt10960
170960;10000000;nt10961
170961;10000000;nt10962
170962;10000000;nt10963
170963;10000000;nt10964
170964;10000000;nt10965
170965;10000000;nt10966
170966;10000000;nt10967
170967;10000000;nt10968
170968;10000000;nt10969
170969;10000000;nt10970
170970;10000000;nt10971
170971;10000000;nt10972
170972;10000000;nt10973
170973;10000000;nt10974
170974;10000000;nt10975
170975;10000000;nt10976
170976;10000000;nt10977
170977;10000000;nt10978
170978;10000000;nt10979
170979;10000000;nt10980
170980;10000000;nt10981
170981;10000000;nt10982
170982;10000000;nt10983
170983;10000000;nt10984
170984;10000000;nt10985
170985;10000000;nt10986
170986;10000000;nt10987
170987;10000000;nt10988
170988;10000000;nt10989
170989;10000000;nt10990
170990;10000000;nt10991
170991;10000000;nt10992
170992;10000000;nt10993
170993;10000000;nt10994
170994;10000000;nt10995
170995;10000000;nt10996
170996;10000000;nt10997
170997;10000000;nt10998
170998;10000000;nt10999
170999;10000000;nt11000
171000;10000000;nt11001
171001;10000000;nt11002
171002;10000000;nt11003
171003;10000000;nt11004
171004;10000000;nt11005
171005;10000000;nt11006
171006;10000000;nt11007
171007;10000000;nt11008
171008;10000000;nt11009
171009;10000000;nt11010
171010;10000000;nt11011
171011;10000000;nt11012
171012;10000000;nt11013
171013;10000000;nt11014
171014;10000000;nt11015
171015;10000000;nt11016
171016;10000000;nt11017
171017;10000000;nt11018
171018;10000000;nt11019
171019;10000000;nt11020
171020;10000000;nt11021
171021;10000000;nt11022
171022;10000000;nt11023
171023;10000000;nt11024
171024;10000000;nt11025
171025;10000000;nt11026
171026;10000000;nt11027
171027;10000000;nt11028
171028;10000000;nt11029
171029;10000000;nt11030
171030;10000000;nt11031
171031;10000000;nt11032
171032;10000000;nt11033
171033;10000000;nt11034
171034;10000000;nt11035
171035;10000000;nt11036
171036;10000000;nt11037
171037;10000000;nt11038
171038;10000000;nt11039
171039;10000000;nt11040
171040;10000000;nt11041
171041;10000000;nt11042
171042;10000000;nt11043
171043;10000000;nt11044
171044;10000000;nt11045
171045;10000000;nt11046
171046;10000000;nt11047
171047;10000000;nt11048
171048;10000000;nt11049
171049;10000000;nt11050
171050;10000000;nt11051
171051;10000000;nt11052
171052;10000000;nt11053
171053;10000000;nt11054
171054;10000000;nt11055
171055;10000000;nt11056
171056;10000000;nt11057
171057;10000000;nt11058
171058;10000000;nt11059
171059;10000000;nt11060
171060;10000000;nt11061
171061;10000000;nt11062
171062;10000000;nt11063
171063;10000000;nt11064
171064;10000000;nt11065
171065;10000000;nt11066
171066;10000000;nt11067
171067;10000000;nt11068
171068;10000000;nt11069
171069;10000000;nt11070
171070;10000000;nt11071
171071;10000000;nt11072
171072;10000000;nt11073
171073;10000000;nt11074
171074;10000000;nt11075
171075;10000000;nt11076
171076;10000000;nt11077
171077;10000000;nt11078
171078;10000000;nt11079
171079;10000000;nt11080
171080;10000000;nt11081
171081;10000000;nt11082
171082;10000000;nt11083
171083;10000000;nt11084
171084;10000000;nt11085
171085;10000000;nt11086
171086;10000000;nt11087
171087;10000000;nt11088
171088;10000000;nt11089
171089;10000000;nt11090
171090;10000000;nt11091
171091;10000000;nt11092
171092;10000000;nt11093
171093;10000000;nt11094
171094;10000000;nt11095
171095;10000000;nt11096
171096;10000000;nt11097
171097;10000000;nt11098
171098;10000000;nt11099
171099;10000000;nt11100
171100;10000000;nt11101
171101;10000000;nt11102
171102;10000000;nt11103
171103;10000000;nt11104
171104;10000000;nt11105
171105;10000000;nt11106
171106;10000000;nt11107
171107;10000000;nt11108
171108;10000000;nt11109
171109;10000000;nt11110
171110;10000000;nt11111
171111;10000000;nt11112
171112;10000000;nt11113
171113;10000000;nt11114
171114;10000000;nt11115
171115;10000000;nt11116
171116;10000000;nt11117
171117;10000000;nt11118
171118;10000000;nt11119
171119;10000000;nt11120
171120;10000000;nt11121
171121;10000000;nt11122
171122;10000000;nt11123
171123;10000000;nt11124
171124;10000000;nt11125
171125;10000000;nt11126
171126;10000000;nt11127
171127;10000000;nt11128
171128;10000000;nt11129
171129;10000000;nt11130
171130;10000000;nt11131
171131;10000000;nt11132
171132;10000000;nt11133
171133;10000000;nt11134
171134;10000000;nt11135
171135;10000000;nt11136
171136;10000000;nt11137
171137;10000000;nt11138
171138;10000000;nt11139
171139;10000000;nt11140
171140;10000000;nt11141
171141;10000000;nt11142
171142;10000000;nt11143
171143;10000000;nt11144
171144;10000000;nt11145
171145;10000000;nt11146
171146;10000000;nt11147
171147;10000000;nt11148
171148;10000000;nt11149
171149;10000000;nt11150
171150;10000000;nt11151
171151;10000000;nt11152
171152;10000000;nt11153
171153;10000000;nt11154
171154;10000000;nt11155
171155;10000000;nt11156
171156;10000000;nt11157
171157;10000000;nt11158
171158;10000000;nt11159
171159;10000000;nt11160
171160;10000000;nt11161
171161;10000000;nt11162
171162;10000000;nt11163
171163;10000000;nt11164
171164;10000000;nt11165
171165;10000000;nt11166
171166;10000000;nt11167
171167;10000000;nt11168
171168;10000000;nt11169
171169;10000000;nt11170
171170;10000000;nt11171
171171;10000000;nt11172
171172;10000000;nt11173
171173;10000000;nt11174
171174;10000000;nt11175
171175;10000000;nt11176
171176;10000000;nt11177
171177;10000000;nt11178
171178;10000000;nt11179
171179;10000000;nt11180
171180;10000000;nt11181
171181;10000000;nt11182
171182;10000000;nt11183
171183;10000000;nt11184
171184;10000000;nt11185
171185;10000000;nt11186
171186;10000000;nt11187
171187;10000000;nt11188
171188;10000000;nt11189
171189;10000000;nt11190
171190;10000000;nt11191
171191;10000000;nt11192
171192;10000000;nt11193
171193;10000000;nt11194
171194;10000000;nt11195
171195;10000000;nt11196
171196;10000000;nt11197
171197;10000000;nt11198
171198;10000000;nt11199
171199;10000000;nt11200
171200;10000000;nt11201
171201;10000000;nt11202
171202;10000000;nt11203
171203;10000000;nt11204
171204;10000000;nt11205
171205;10000000;nt11206
171206;10000000;nt11207
171207;10000000;nt11208
171208;10000000;nt11209
171209;10000000;nt11210
171210;10000000;nt11211
171211;10000000;nt11212
171212;10000000;nt11213
171213;10000000;nt11214
171214;10000000;nt11215
171215;10000000;nt11216
171216;10000000;nt11217
171217;10000000;nt11218
171218;10000000;nt11219
171219;10000000;nt11220
171220;10000000;nt11221
171221;10000000;nt11222
171222;10000000;nt11223
171223;10000000;nt11224
171224;10000000;nt11225
171225;10000000;nt11226
171226;10000000;nt11227
171227;10000000;nt11228
171228;10000000;nt11229
171229;10000000;nt11230
171230;10000000;nt11231
171231;10000000;nt11232
171232;10000000;nt11233
171233;10000000;nt11234
171234;10000000;nt11235
171235;10000000;nt11236
171236;10000000;nt11237
171237;10000000;nt11238
171238;10000000;nt11239
171239;10000000;nt11240
171240;10000000;nt11241
171241;10000000;nt11242
171242;10000000;nt11243
171243;10000000;nt11244
171244;10000000;nt11245
171245;10000000;nt11246
171246;10000000;nt11247
171247;10000000;nt11248
171248;10000000;nt11249
171249;10000000;nt11250
171250;10000000;nt11251
171251;10000000;nt11252
171252;10000000;nt11253
171253;10000000;nt11254
171254;10000000;nt11255
171255;10000000;nt11256
171256;10000000;nt11257
171257;10000000;nt11258
171258;10000000;nt11259
171259;10000000;nt11260
171260;10000000;nt11261
171261;10000000;nt11262
171262;10000000;nt11263
171263;10000000;nt11264
171264;10000000;nt11265
171265;10000000;nt11266
171266;10000000;nt11267
171267;10000000;nt11268
171268;10000000;nt11269
171269;10000000;nt11270
171270;10000000;nt11271
171271;10000000;nt11272
171272;10000000;nt11273
171273;10000000;nt11274
171274;10000000;nt11275
171275;10000000;nt11276
171276;10000000;nt11277
171277;10000000;nt11278
171278;10000000;nt11279
171279;10000000;nt11280
171280;10000000;nt11281
171281;10000000;nt11282
171282;10000000;nt11283
171283;10000000;nt11284
171284;10000000;nt11285
171285;10000000;nt11286
171286;10000000;nt11287
171287;10000000;nt11288
171288;10000000;nt11289
171289;10000000;nt11290
171290;10000000;nt11291
171291;10000000;nt11292
171292;10000000;nt11293
171293;10000000;nt11294
171294;10000000;nt11295
171295;10000000;nt11296
171296;10000000;nt11297
171297;10000000;nt11298
171298;10000000;nt11299
171299;10000000;nt11300
171300;10000000;nt11301
171301;10000000;nt11302
171302;10000000;nt11303
171303;10000000;nt11304
171304;10000000;nt11305
171305;10000000;nt11306
171306;10000000;nt11307
171307;10000000;nt11308
171308;10000000;nt11309
171309;10000000;nt11310
171310;10000000;nt11311
171311;10000000;nt11312
171312;10000000;nt11313
171313;10000000;nt11314
171314;10000000;nt11315
171315;10000000;nt11316
171316;10000000;nt11317
171317;10000000;nt11318
171318;10000000;nt11319
171319;10000000;nt11320
171320;10000000;nt11321
171321;10000000;nt11322
171322;10000000;nt11323
171323;10000000;nt11324
171324;10000000;nt11325
171325;10000000;nt11326
171326;10000000;nt11327
171327;10000000;nt11328
171328;10000000;nt11329
171329;10000000;nt11330
171330;10000000;nt11331
171331;10000000;nt11332
171332;10000000;nt11333
171333;10000000;nt11334
171334;10000000;nt11335
171335;10000000;nt11336
171336;10000000;nt11337
171337;10000000;nt11338
171338;10000000;nt11339
171339;10000000;nt11340
171340;10000000;nt11341
171341;10000000;nt11342
171342;10000000;nt11343
171343;10000000;nt11344
171344;10000000;nt11345
171345;10000000;nt11346
171346;10000000;nt11347
171347;10000000;nt11348
171348;10000000;nt11349
171349;10000000;nt11350
171350;10000000;nt11351
171351;10000000;nt11352
171352;10000000;nt11353
171353;10000000;nt11354
171354;10000000;nt11355
171355;10000000;nt11356
171356;10000000;nt11357
171357;10000000;nt11358
171358;10000000;nt11359
171359;10000000;nt11360
171360;10000000;nt11361
171361;10000000;nt11362
171362;10000000;nt11363
171363;10000000;nt11364
171364;10000000;nt11365
171365;10000000;nt11366
171366;10000000;nt11367
171367;10000000;nt11368
171368;10000000;nt11369
171369;10000000;nt11370
171370;10000000;nt11371
171371;10000000;nt11372
171372;10000000;nt11373
171373;10000000;nt11374
171374;10000000;nt11375
171375;10000000;nt11376
171376;10000000;nt11377
171377;10000000;nt11378
171378;10000000;nt11379
171379;10000000;nt11380
171380;10000000;nt11381
171381;10000000;nt11382
171382;10000000;nt11383
171383;10000000;nt11384
171384;10000000;nt11385
171385;10000000;nt11386
171386;10000000;nt11387
171387;10000000;nt11388
171388;10000000;nt11389
171389;10000000;nt11390
171390;10000000;nt11391
171391;10000000;nt11392
171392;10000000;nt11393
171393;10000000;nt11394
171394;10000000;nt11395
171395;10000000;nt11396
171396;10000000;nt11397
171397;10000000;nt11398
171398;10000000;nt11399
171399;10000000;nt11400
171400;10000000;nt11401
171401;10000000;nt11402
171402;10000000;nt11403
171403;10000000;nt11404
171404;10000000;nt11405
171405;10000000;nt11406
171406;10000000;nt11407
171407;10000000;nt11408
171408;10000000;nt11409
171409;10000000;nt11410
171410;10000000;nt11411
171411;10000000;nt11412
171412;10000000;nt11413
171413;10000000;nt11414
171414;10000000;nt11415
171415;10000000;nt11416
171416;10000000;nt11417
171417;10000000;nt11418
171418;10000000;nt11419
171419;10000000;nt11420
171420;10000000;nt11421
171421;10000000;nt11422
171422;10000000;nt11423
171423;10000000;nt11424
171424;10000000;nt11425
171425;10000000;nt11426
171426;10000000;nt11427
171427;10000000;nt11428
171428;10000000;nt11429
171429;10000000;nt11430
171430;10000000;nt11431
171431;10000000;nt11432
171432;10000000;nt11433
171433;10000000;nt11434
171434;10000000;nt11435
171435;10000000;nt11436
171436;10000000;nt11437
171437;10000000;nt11438
171438;10000000;nt11439
171439;10000000;nt11440
171440;10000000;nt11441
171441;10000000;nt11442
171442;10000000;nt11443
171443;10000000;nt11444
171444;10000000;nt11445
171445;10000000;nt11446
171446;10000000;nt11447
171447;10000000;nt11448
171448;10000000;nt11449
171449;10000000;nt11450
171450;10000000;nt11451
171451;10000000;nt11452
171452;10000000;nt11453
171453;10000000;nt11454
171454;10000000;nt11455
171455;10000000;nt11456
171456;10000000;nt11457
171457;10000000;nt11458
171458;10000000;nt11459
171459;10000000;nt11460
171460;10000000;nt11461
171461;10000000;nt11462
171462;10000000;nt11463
171463;10000000;nt11464
171464;10000000;nt11465
171465;10000000;nt11466
171466;10000000;nt11467
171467;10000000;nt11468
171468;10000000;nt11469
171469;10000000;nt11470
171470;10000000;nt11471
171471;10000000;nt11472
171472;10000000;nt11473
171473;10000000;nt11474
171474;10000000;nt11475
171475;10000000;nt11476
171476;10000000;nt11477
171477;10000000;nt11478
171478;10000000;nt11479
171479;10000000;nt11480
171480;10000000;nt11481
171481;10000000;nt11482
171482;10000000;nt11483
171483;10000000;nt11484
171484;10000000;nt11485
171485;10000000;nt11486
171486;10000000;nt11487
171487;10000000;nt11488
171488;10000000;nt11489
171489;10000000;nt11490
171490;10000000;nt11491
171491;10000000;nt11492
171492;10000000;nt11493
171493;10000000;nt11494
171494;10000000;nt11495
171495;10000000;nt11496
171496;10000000;nt11497
171497;10000000;nt11498
171498;10000000;nt11499
171499;10000000;nt11500
171500;10000000;nt11501
171501;10000000;nt11502
171502;10000000;nt11503
171503;10000000;nt11504
171504;10000000;nt11505
171505;10000000;nt11506
171506;10000000;nt11507
171507;10000000;nt11508
171508;10000000;nt11509
171509;10000000;nt11510
171510;10000000;nt11511
171511;10000000;nt11512
171512;10000000;nt11513
171513;10000000;nt11514
171514;10000000;nt11515
171515;10000000;nt11516
171516;10000000;nt11517
171517;10000000;nt11518
171518;10000000;nt11519
171519;10000000;nt11520
171520;10000000;nt11521
171521;10000000;nt11522
171522;10000000;nt11523
171523;10000000;nt11524
171524;10000000;nt11525
171525;10000000;nt11526
171526;10000000;nt11527
171527;10000000;nt11528
171528;10000000;nt11529
171529;10000000;nt11530
171530;10000000;nt11531
171531;10000000;nt11532
171532;10000000;nt11533
171533;10000000;nt11534
171534;10000000;nt11535
171535;10000000;nt11536
171536;10000000;nt11537
171537;10000000;nt11538
171538;10000000;nt11539
171539;10000000;nt11540
171540;10000000;nt11541
171541;10000000;nt11542
171542;10000000;nt11543
171543;10000000;nt11544
171544;10000000;nt11545
171545;10000000;nt11546
171546;10000000;nt11547
171547;10000000;nt11548
171548;10000000;nt11549
171549;10000000;nt11550
171550;10000000;nt11551
171551;10000000;nt11552
171552;10000000;nt11553
171553;10000000;nt11554
171554;10000000;nt11555
171555;10000000;nt11556
171556;10000000;nt11557
171557;10000000;nt11558
171558;10000000;nt11559
171559;10000000;nt11560
171560;10000000;nt11561
171561;10000000;nt11562
171562;10000000;nt11563
171563;10000000;nt11564
171564;10000000;nt11565
171565;10000000;nt11566
171566;10000000;nt11567
171567;10000000;nt11568
171568;10000000;nt11569
171569;10000000;nt11570
171570;10000000;nt11571
171571;10000000;nt11572
171572;10000000;nt11573
171573;10000000;nt11574
171574;10000000;nt11575
171575;10000000;nt11576
171576;10000000;nt11577
171577;10000000;nt11578
171578;10000000;nt11579
171579;10000000;nt11580
171580;10000000;nt11581
171581;10000000;nt11582
171582;10000000;nt11583
171583;10000000;nt11584
171584;10000000;nt11585
171585;10000000;nt11586
171586;10000000;nt11587
171587;10000000;nt11588
171588;10000000;nt11589
171589;10000000;nt11590
171590;10000000;nt11591
171591;10000000;nt11592
171592;10000000;nt11593
171593;10000000;nt11594
171594;10000000;nt11595
171595;10000000;nt11596
171596;10000000;nt11597
171597;10000000;nt11598
171598;10000000;nt11599
171599;10000000;nt11600
171600;10000000;nt11601
171601;10000000;nt11602
171602;10000000;nt11603
171603;10000000;nt11604
171604;10000000;nt11605
171605;10000000;nt11606
171606;10000000;nt11607
171607;10000000;nt11608
171608;10000000;nt11609
171609;10000000;nt11610
171610;10000000;nt11611
171611;10000000;nt11612
171612;10000000;nt11613
171613;10000000;nt11614
171614;10000000;nt11615
171615;10000000;nt11616
171616;10000000;nt11617
171617;10000000;nt11618
171618;10000000;nt11619
171619;10000000;nt11620
171620;10000000;nt11621
171621;10000000;nt11622
171622;10000000;nt11623
171623;10000000;nt11624
171624;10000000;nt11625
171625;10000000;nt11626
171626;10000000;nt11627
171627;10000000;nt11628
171628;10000000;nt11629
171629;10000000;nt11630
171630;10000000;nt11631
171631;10000000;nt11632
171632;10000000;nt11633
171633;10000000;nt11634
171634;10000000;nt11635
171635;10000000;nt11636
171636;10000000;nt11637
171637;10000000;nt11638
171638;10000000;nt11639
171639;10000000;nt11640
171640;10000000;nt11641
171641;10000000;nt11642
171642;10000000;nt11643
171643;10000000;nt11644
171644;10000000;nt11645
171645;10000000;nt11646
171646;10000000;nt11647
171647;10000000;nt11648
171648;10000000;nt11649
171649;10000000;nt11650
171650;10000000;nt11651
171651;10000000;nt11652
171652;10000000;nt11653
171653;10000000;nt11654
171654;10000000;nt11655
171655;10000000;nt11656
171656;10000000;nt11657
171657;10000000;nt11658
171658;10000000;nt11659
171659;10000000;nt11660
171660;10000000;nt11661
171661;10000000;nt11662
171662;10000000;nt11663
171663;10000000;nt11664
171664;10000000;nt11665
171665;10000000;nt11666
171666;10000000;nt11667
171667;10000000;nt11668
171668;10000000;nt11669
171669;10000000;nt11670
171670;10000000;nt11671
171671;10000000;nt11672
171672;10000000;nt11673
171673;10000000;nt11674
171674;10000000;nt11675
171675;10000000;nt11676
171676;10000000;nt11677
171677;10000000;nt11678
171678;10000000;nt11679
171679;10000000;nt11680
171680;10000000;nt11681
171681;10000000;nt11682
171682;10000000;nt11683
171683;10000000;nt11684
171684;10000000;nt11685
171685;10000000;nt11686
171686;10000000;nt11687
171687;10000000;nt11688
171688;10000000;nt11689
171689;10000000;nt11690
171690;10000000;nt11691
171691;10000000;nt11692
171692;10000000;nt11693
171693;10000000;nt11694
171694;10000000;nt11695
171695;10000000;nt11696
171696;10000000;nt11697
171697;10000000;nt11698
171698;10000000;nt11699
171699;10000000;nt11700
171700;10000000;nt11701
171701;10000000;nt11702
171702;10000000;nt11703
171703;10000000;nt11704
171704;10000000;nt11705
171705;10000000;nt11706
171706;10000000;nt11707
171707;10000000;nt11708
171708;10000000;nt11709
171709;10000000;nt11710
171710;10000000;nt11711
171711;10000000;nt11712
171712;10000000;nt11713
171713;10000000;nt11714
171714;10000000;nt11715
171715;10000000;nt11716
171716;10000000;nt11717
171717;10000000;nt11718
171718;10000000;nt11719
171719;10000000;nt11720
171720;10000000;nt11721
171721;10000000;nt11722
171722;10000000;nt11723
171723;10000000;nt11724
171724;10000000;nt11725
171725;10000000;nt11726
171726;10000000;nt11727
171727;10000000;nt11728
171728;10000000;nt11729
171729;10000000;nt11730
171730;10000000;nt11731
171731;10000000;nt11732
171732;10000000;nt11733
171733;10000000;nt11734
171734;10000000;nt11735
171735;10000000;nt11736
171736;10000000;nt11737
171737;10000000;nt11738
171738;10000000;nt11739
171739;10000000;nt11740
171740;10000000;nt11741
171741;10000000;nt11742
171742;10000000;nt11743
171743;10000000;nt11744
171744;10000000;nt11745
171745;10000000;nt11746
171746;10000000;nt11747
171747;10000000;nt11748
171748;10000000;nt11749
171749;10000000;nt11750
171750;10000000;nt11751
171751;10000000;nt11752
171752;10000000;nt11753
171753;10000000;nt11754
171754;10000000;nt11755
171755;10000000;nt11756
171756;10000000;nt11757
171757;10000000;nt11758
171758;10000000;nt11759
171759;10000000;nt11760
171760;10000000;nt11761
171761;10000000;nt11762
171762;10000000;nt11763
171763;10000000;nt11764
171764;10000000;nt11765
171765;10000000;nt11766
171766;10000000;nt11767
171767;10000000;nt11768
171768;10000000;nt11769
171769;10000000;nt11770
171770;10000000;nt11771
171771;10000000;nt11772
171772;10000000;nt11773
171773;10000000;nt11774
171774;10000000;nt11775
171775;10000000;nt11776
171776;10000000;nt11777
171777;10000000;nt11778
171778;10000000;nt11779
171779;10000000;nt11780
171780;10000000;nt11781
171781;10000000;nt11782
171782;10000000;nt11783
171783;10000000;nt11784
171784;10000000;nt11785
171785;10000000;nt11786
171786;10000000;nt11787
171787;10000000;nt11788
171788;10000000;nt11789
171789;10000000;nt11790
171790;10000000;nt11791
171791;10000000;nt11792
171792;10000000;nt11793
171793;10000000;nt11794
171794;10000000;nt11795
171795;10000000;nt11796
171796;10000000;nt11797
171797;10000000;nt11798
171798;10000000;nt11799
171799;10000000;nt11800
171800;10000000;nt11801
171801;10000000;nt11802
171802;10000000;nt11803
171803;10000000;nt11804
171804;10000000;nt11805
171805;10000000;nt11806
171806;10000000;nt11807
171807;10000000;nt11808
171808;10000000;nt11809
171809;10000000;nt11810
171810;10000000;nt11811
171811;10000000;nt11812
171812;10000000;nt11813
171813;10000000;nt11814
171814;10000000;nt11815
171815;10000000;nt11816
171816;10000000;nt11817
171817;10000000;nt11818
171818;10000000;nt11819
171819;10000000;nt11820
171820;10000000;nt11821
171821;10000000;nt11822
171822;10000000;nt11823
171823;10000000;nt11824
171824;10000000;nt11825
171825;10000000;nt11826
171826;10000000;nt11827
171827;10000000;nt11828
171828;10000000;nt11829
171829;10000000;nt11830
171830;10000000;nt11831
171831;10000000;nt11832
171832;10000000;nt11833
171833;10000000;nt11834
171834;10000000;nt11835
171835;10000000;nt11836
171836;10000000;nt11837
171837;10000000;nt11838
171838;10000000;nt11839
171839;10000000;nt11840
171840;10000000;nt11841
171841;10000000;nt11842
171842;10000000;nt11843
171843;10000000;nt11844
171844;10000000;nt11845
171845;10000000;nt11846
171846;10000000;nt11847
171847;10000000;nt11848
171848;10000000;nt11849
171849;10000000;nt11850
171850;10000000;nt11851
171851;10000000;nt11852
171852;10000000;nt11853
171853;10000000;nt11854
171854;10000000;nt11855
171855;10000000;nt11856
171856;10000000;nt11857
171857;10000000;nt11858
171858;10000000;nt11859
171859;10000000;nt11860
171860;10000000;nt11861
171861;10000000;nt11862
171862;10000000;nt11863
171863;10000000;nt11864
171864;10000000;nt11865
171865;10000000;nt11866
171866;10000000;nt11867
171867;10000000;nt11868
171868;10000000;nt11869
171869;10000000;nt11870
171870;10000000;nt11871
171871;10000000;nt11872
171872;10000000;nt11873
171873;10000000;nt11874
171874;10000000;nt11875
171875;10000000;nt11876
171876;10000000;nt11877
171877;10000000;nt11878
171878;10000000;nt11879
171879;10000000;nt11880
171880;10000000;nt11881
171881;10000000;nt11882
171882;10000000;nt11883
171883;10000000;nt11884
171884;10000000;nt11885
171885;10000000;nt11886
171886;10000000;nt11887
171887;10000000;nt11888
171888;10000000;nt11889
171889;10000000;nt11890
171890;10000000;nt11891
171891;10000000;nt11892
171892;10000000;nt11893
171893;10000000;nt11894
171894;10000000;nt11895
171895;10000000;nt11896
171896;10000000;nt11897
171897;10000000;nt11898
171898;10000000;nt11899
171899;10000000;nt11900
171900;10000000;nt11901
171901;10000000;nt11902
171902;10000000;nt11903
171903;10000000;nt11904
171904;10000000;nt11905
171905;10000000;nt11906
171906;10000000;nt11907
171907;10000000;nt11908
171908;10000000;nt11909
171909;10000000;nt11910
171910;10000000;nt11911
171911;10000000;nt11912
171912;10000000;nt11913
171913;10000000;nt11914
171914;10000000;nt11915
171915;10000000;nt11916
171916;10000000;nt11917
171917;10000000;nt11918
171918;10000000;nt11919
171919;10000000;nt11920
171920;10000000;nt11921
171921;10000000;nt11922
171922;10000000;nt11923
171923;10000000;nt11924
171924;10000000;nt11925
171925;10000000;nt11926
171926;10000000;nt11927
171927;10000000;nt11928
171928;10000000;nt11929
171929;10000000;nt11930
171930;10000000;nt11931
171931;10000000;nt11932
171932;10000000;nt11933
171933;10000000;nt11934
171934;10000000;nt11935
171935;10000000;nt11936
171936;10000000;nt11937
171937;10000000;nt11938
171938;10000000;nt11939
171939;10000000;nt11940
171940;10000000;nt11941
171941;10000000;nt11942
171942;10000000;nt11943
171943;10000000;nt11944
171944;10000000;nt11945
171945;10000000;nt11946
171946;10000000;nt11947
171947;10000000;nt11948
171948;10000000;nt11949
171949;10000000;nt11950
171950;10000000;nt11951
171951;10000000;nt11952
171952;10000000;nt11953
171953;10000000;nt11954
171954;10000000;nt11955
171955;10000000;nt11956
171956;10000000;nt11957
171957;10000000;nt11958
171958;10000000;nt11959
171959;10000000;nt11960
171960;10000000;nt11961
171961;10000000;nt11962
171962;10000000;nt11963
171963;10000000;nt11964
171964;10000000;nt11965
171965;10000000;nt11966
171966;10000000;nt11967
171967;10000000;nt11968
171968;10000000;nt11969
171969;10000000;nt11970
171970;10000000;nt11971
171971;10000000;nt11972
171972;10000000;nt11973
171973;10000000;nt11974
171974;10000000;nt11975
171975;10000000;nt11976
171976;10000000;nt11977
171977;10000000;nt11978
171978;10000000;nt11979
171979;10000000;nt11980
171980;10000000;nt11981
171981;10000000;nt11982
171982;10000000;nt11983
171983;10000000;nt11984
171984;10000000;nt11985
171985;10000000;nt11986
171986;10000000;nt11987
171987;10000000;nt11988
171988;10000000;nt11989
171989;10000000;nt11990
171990;10000000;nt11991
171991;10000000;nt11992
171992;10000000;nt11993
171993;10000000;nt11994
171994;10000000;nt11995
171995;10000000;nt11996
171996;10000000;nt11997
171997;10000000;nt11998
171998;10000000;nt11999
171999;10000000;nt12000
172000;10000000;nt12001
172001;10000000;nt12002
172002;10000000;nt12003
172003;10000000;nt12004
172004;10000000;nt12005
172005;10000000;nt12006
172006;10000000;nt12007
172007;10000000;nt12008
172008;10000000;nt12009
172009;10000000;nt12010
172010;10000000;nt12011
172011;10000000;nt12012
172012;10000000;nt12013
172013;10000000;nt12014
172014;10000000;nt12015
172015;10000000;nt12016
172016;10000000;nt12017
172017;10000000;nt12018
172018;10000000;nt12019
172019;10000000;nt12020
172020;10000000;nt12021
172021;10000000;nt12022
172022;10000000;nt12023
172023;10000000;nt12024
172024;10000000;nt12025
172025;10000000;nt12026
172026;10000000;nt12027
172027;10000000;nt12028
172028;10000000;nt12029
172029;10000000;nt12030
172030;10000000;nt12031
172031;10000000;nt12032
172032;10000000;nt12033
172033;10000000;nt12034
172034;10000000;nt12035
172035;10000000;nt12036
172036;10000000;nt12037
172037;10000000;nt12038
172038;10000000;nt12039
172039;10000000;nt12040
172040;10000000;nt12041
172041;10000000;nt12042
172042;10000000;nt12043
172043;10000000;nt12044
172044;10000000;nt12045
172045;10000000;nt12046
172046;10000000;nt12047
172047;10000000;nt12048
172048;10000000;nt12049
172049;10000000;nt12050
172050;10000000;nt12051
172051;10000000;nt12052
172052;10000000;nt12053
172053;10000000;nt12054
172054;10000000;nt12055
172055;10000000;nt12056
172056;10000000;nt12057
172057;10000000;nt12058
172058;10000000;nt12059
172059;10000000;nt12060
172060;10000000;nt12061
172061;10000000;nt12062
172062;10000000;nt12063
172063;10000000;nt12064
172064;10000000;nt12065
172065;10000000;nt12066
172066;10000000;nt12067
172067;10000000;nt12068
172068;10000000;nt12069
172069;10000000;nt12070
172070;10000000;nt12071
172071;10000000;nt12072
172072;10000000;nt12073
172073;10000000;nt12074
172074;10000000;nt12075
172075;10000000;nt12076
172076;10000000;nt12077
172077;10000000;nt12078
172078;10000000;nt12079
172079;10000000;nt12080
172080;10000000;nt12081
172081;10000000;nt12082
172082;10000000;nt12083
172083;10000000;nt12084
172084;10000000;nt12085
172085;10000000;nt12086
172086;10000000;nt12087
172087;10000000;nt12088
172088;10000000;nt12089
172089;10000000;nt12090
172090;10000000;nt12091
172091;10000000;nt12092
172092;10000000;nt12093
172093;10000000;nt12094
172094;10000000;nt12095
172095;10000000;nt12096
172096;10000000;nt12097
172097;10000000;nt12098
172098;10000000;nt12099
172099;10000000;nt12100
172100;10000000;nt12101
172101;10000000;nt12102
172102;10000000;nt12103
172103;10000000;nt12104
172104;10000000;nt12105
172105;10000000;nt12106
172106;10000000;nt12107
172107;10000000;nt12108
172108;10000000;nt12109
172109;10000000;nt12110
172110;10000000;nt12111
172111;10000000;nt12112
172112;10000000;nt12113
172113;10000000;nt12114
172114;10000000;nt12115
172115;10000000;nt12116
172116;10000000;nt12117
172117;10000000;nt12118
172118;10000000;nt12119
172119;10000000;nt12120
172120;10000000;nt12121
172121;10000000;nt12122
172122;10000000;nt12123
172123;10000000;nt12124
172124;10000000;nt12125
172125;10000000;nt12126
172126;10000000;nt12127
172127;10000000;nt12128
172128;10000000;nt12129
172129;10000000;nt12130
172130;10000000;nt12131
172131;10000000;nt12132
172132;10000000;nt12133
172133;10000000;nt12134
172134;10000000;nt12135
172135;10000000;nt12136
172136;10000000;nt12137
172137;10000000;nt12138
172138;10000000;nt12139
172139;10000000;nt12140
172140;10000000;nt12141
172141;10000000;nt12142
172142;10000000;nt12143
172143;10000000;nt12144
172144;10000000;nt12145
172145;10000000;nt12146
172146;10000000;nt12147
172147;10000000;nt12148
172148;10000000;nt12149
172149;10000000;nt12150
172150;10000000;nt12151
172151;10000000;nt12152
172152;10000000;nt12153
172153;10000000;nt12154
172154;10000000;nt12155
172155;10000000;nt12156
172156;10000000;nt12157
172157;10000000;nt12158
172158;10000000;nt12159
172159;10000000;nt12160
172160;10000000;nt12161
172161;10000000;nt12162
172162;10000000;nt12163
172163;10000000;nt12164
172164;10000000;nt12165
172165;10000000;nt12166
172166;10000000;nt12167
172167;10000000;nt12168
172168;10000000;nt12169
172169;10000000;nt12170
172170;10000000;nt12171
172171;10000000;nt12172
172172;10000000;nt12173
172173;10000000;nt12174
172174;10000000;nt12175
172175;10000000;nt12176
172176;10000000;nt12177
172177;10000000;nt12178
172178;10000000;nt12179
172179;10000000;nt12180
172180;10000000;nt12181
172181;10000000;nt12182
172182;10000000;nt12183
172183;10000000;nt12184
172184;10000000;nt12185
172185;10000000;nt12186
172186;10000000;nt12187
172187;10000000;nt12188
172188;10000000;nt12189
172189;10000000;nt12190
172190;10000000;nt12191
172191;10000000;nt12192
172192;10000000;nt12193
172193;10000000;nt12194
172194;10000000;nt12195
172195;10000000;nt12196
172196;10000000;nt12197
172197;10000000;nt12198
172198;10000000;nt12199
172199;10000000;nt12200
172200;10000000;nt12201
172201;10000000;nt12202
172202;10000000;nt12203
172203;10000000;nt12204
172204;10000000;nt12205
172205;10000000;nt12206
172206;10000000;nt12207
172207;10000000;nt12208
172208;10000000;nt12209
172209;10000000;nt12210
172210;10000000;nt12211
172211;10000000;nt12212
172212;10000000;nt12213
172213;10000000;nt12214
172214;10000000;nt12215
172215;10000000;nt12216
172216;10000000;nt12217
172217;10000000;nt12218
172218;10000000;nt12219
172219;10000000;nt12220
172220;10000000;nt12221
172221;10000000;nt12222
172222;10000000;nt12223
172223;10000000;nt12224
172224;10000000;nt12225
172225;10000000;nt12226
172226;10000000;nt12227
172227;10000000;nt12228
172228;10000000;nt12229
172229;10000000;nt12230
172230;10000000;nt12231
172231;10000000;nt12232
172232;10000000;nt12233
172233;10000000;nt12234
172234;10000000;nt12235
172235;10000000;nt12236
172236;10000000;nt12237
172237;10000000;nt12238
172238;10000000;nt12239
172239;10000000;nt12240
172240;10000000;nt12241
172241;10000000;nt12242
172242;10000000;nt12243
172243;10000000;nt12244
172244;10000000;nt12245
172245;10000000;nt12246
172246;10000000;nt12247
172247;10000000;nt12248
172248;10000000;nt12249
172249;10000000;nt12250
172250;10000000;nt12251
172251;10000000;nt12252
172252;10000000;nt12253
172253;10000000;nt12254
172254;10000000;nt12255
172255;10000000;nt12256
172256;10000000;nt12257
172257;10000000;nt12258
172258;10000000;nt12259
172259;10000000;nt12260
172260;10000000;nt12261
172261;10000000;nt12262
172262;10000000;nt12263
172263;10000000;nt12264
172264;10000000;nt12265
172265;10000000;nt12266
172266;10000000;nt12267
172267;10000000;nt12268
172268;10000000;nt12269
172269;10000000;nt12270
172270;10000000;nt12271
172271;10000000;nt12272
172272;10000000;nt12273
172273;10000000;nt12274
172274;10000000;nt12275
172275;10000000;nt12276
172276;10000000;nt12277
172277;10000000;nt12278
172278;10000000;nt12279
172279;10000000;nt12280
172280;10000000;nt12281
172281;10000000;nt12282
172282;10000000;nt12283
172283;10000000;nt12284
172284;10000000;nt12285
172285;10000000;nt12286
172286;10000000;nt12287
172287;10000000;nt12288
172288;10000000;nt12289
172289;10000000;nt12290
172290;10000000;nt12291
172291;10000000;nt12292
172292;10000000;nt12293
172293;10000000;nt12294
172294;10000000;nt12295
172295;10000000;nt12296
172296;10000000;nt12297
172297;10000000;nt12298
172298;10000000;nt12299
172299;10000000;nt12300
172300;10000000;nt12301
172301;10000000;nt12302
172302;10000000;nt12303
172303;10000000;nt12304
172304;10000000;nt12305
172305;10000000;nt12306
172306;10000000;nt12307
172307;10000000;nt12308
172308;10000000;nt12309
172309;10000000;nt12310
172310;10000000;nt12311
172311;10000000;nt12312
172312;10000000;nt12313
172313;10000000;nt12314
172314;10000000;nt12315
172315;10000000;nt12316
172316;10000000;nt12317
172317;10000000;nt12318
172318;10000000;nt12319
172319;10000000;nt12320
172320;10000000;nt12321
172321;10000000;nt12322
172322;10000000;nt12323
172323;10000000;nt12324
172324;10000000;nt12325
172325;10000000;nt12326
172326;10000000;nt12327
172327;10000000;nt12328
172328;10000000;nt12329
172329;10000000;nt12330
172330;10000000;nt12331
172331;10000000;nt12332
172332;10000000;nt12333
172333;10000000;nt12334
172334;10000000;nt12335
172335;10000000;nt12336
172336;10000000;nt12337
172337;10000000;nt12338
172338;10000000;nt12339
172339;10000000;nt12340
172340;10000000;nt12341
172341;10000000;nt12342
172342;10000000;nt12343
172343;10000000;nt12344
172344;10000000;nt12345
172345;10000000;nt12346
172346;10000000;nt12347
172347;10000000;nt12348
172348;10000000;nt12349
172349;10000000;nt12350
172350;10000000;nt12351
172351;10000000;nt12352
172352;10000000;nt12353
172353;10000000;nt12354
172354;10000000;nt12355
172355;10000000;nt12356
172356;10000000;nt12357
172357;10000000;nt12358
172358;10000000;nt12359
172359;10000000;nt12360
172360;10000000;nt12361
172361;10000000;nt12362
172362;10000000;nt12363
172363;10000000;nt12364
172364;10000000;nt12365
172365;10000000;nt12366
172366;10000000;nt12367
172367;10000000;nt12368
172368;10000000;nt12369
172369;10000000;nt12370
172370;10000000;nt12371
172371;10000000;nt12372
172372;10000000;nt12373
172373;10000000;nt12374
172374;10000000;nt12375
172375;10000000;nt12376
172376;10000000;nt12377
172377;10000000;nt12378
172378;10000000;nt12379
172379;10000000;nt12380
172380;10000000;nt12381
172381;10000000;nt12382
172382;10000000;nt12383
172383;10000000;nt12384
172384;10000000;nt12385
172385;10000000;nt12386
172386;10000000;nt12387
172387;10000000;nt12388
172388;10000000;nt12389
172389;10000000;nt12390
172390;10000000;nt12391
172391;10000000;nt12392
172392;10000000;nt12393
172393;10000000;nt12394
172394;10000000;nt12395
172395;10000000;nt12396
172396;10000000;nt12397
172397;10000000;nt12398
172398;10000000;nt12399
172399;10000000;nt12400
172400;10000000;nt12401
172401;10000000;nt12402
172402;10000000;nt12403
172403;10000000;nt12404
172404;10000000;nt12405
172405;10000000;nt12406
172406;10000000;nt12407
172407;10000000;nt12408
172408;10000000;nt12409
172409;10000000;nt12410
172410;10000000;nt12411
172411;10000000;nt12412
172412;10000000;nt12413
172413;10000000;nt12414
172414;10000000;nt12415
172415;10000000;nt12416
172416;10000000;nt12417
172417;10000000;nt12418
172418;10000000;nt12419
172419;10000000;nt12420
172420;10000000;nt12421
172421;10000000;nt12422
172422;10000000;nt12423
172423;10000000;nt12424
172424;10000000;nt12425
172425;10000000;nt12426
172426;10000000;nt12427
172427;10000000;nt12428
172428;10000000;nt12429
172429;10000000;nt12430
172430;10000000;nt12431
172431;10000000;nt12432
172432;10000000;nt12433
172433;10000000;nt12434
172434;10000000;nt12435
172435;10000000;nt12436
172436;10000000;nt12437
172437;10000000;nt12438
172438;10000000;nt12439
172439;10000000;nt12440
172440;10000000;nt12441
172441;10000000;nt12442
172442;10000000;nt12443
172443;10000000;nt12444
172444;10000000;nt12445
172445;10000000;nt12446
172446;10000000;nt12447
172447;10000000;nt12448
172448;10000000;nt12449
172449;10000000;nt12450
172450;10000000;nt12451
172451;10000000;nt12452
172452;10000000;nt12453
172453;10000000;nt12454
172454;10000000;nt12455
172455;10000000;nt12456
172456;10000000;nt12457
172457;10000000;nt12458
172458;10000000;nt12459
172459;10000000;nt12460
172460;10000000;nt12461
172461;10000000;nt12462
172462;10000000;nt12463
172463;10000000;nt12464
172464;10000000;nt12465
172465;10000000;nt12466
172466;10000000;nt12467
172467;10000000;nt12468
172468;10000000;nt12469
172469;10000000;nt12470
172470;10000000;nt12471
172471;10000000;nt12472
172472;10000000;nt12473
172473;10000000;nt12474
172474;10000000;nt12475
172475;10000000;nt12476
172476;10000000;nt12477
172477;10000000;nt12478
172478;10000000;nt12479
172479;10000000;nt12480
172480;10000000;nt12481
172481;10000000;nt12482
172482;10000000;nt12483
172483;10000000;nt12484
172484;10000000;nt12485
172485;10000000;nt12486
172486;10000000;nt12487
172487;10000000;nt12488
172488;10000000;nt12489
172489;10000000;nt12490
172490;10000000;nt12491
172491;10000000;nt12492
172492;10000000;nt12493
172493;10000000;nt12494
172494;10000000;nt12495
172495;10000000;nt12496
172496;10000000;nt12497
172497;10000000;nt12498
172498;10000000;nt12499
172499;10000000;nt12500
172500;10000000;nt12501
172501;10000000;nt12502
172502;10000000;nt12503
172503;10000000;nt12504
172504;10000000;nt12505
172505;10000000;nt12506
172506;10000000;nt12507
172507;10000000;nt12508
172508;10000000;nt12509
172509;10000000;nt12510
172510;10000000;nt12511
172511;10000000;nt12512
172512;10000000;nt12513
172513;10000000;nt12514
172514;10000000;nt12515
172515;10000000;nt12516
172516;10000000;nt12517
172517;10000000;nt12518
172518;10000000;nt12519
172519;10000000;nt12520
172520;10000000;nt12521
172521;10000000;nt12522
172522;10000000;nt12523
172523;10000000;nt12524
172524;10000000;nt12525
172525;10000000;nt12526
172526;10000000;nt12527
172527;10000000;nt12528
172528;10000000;nt12529
172529;10000000;nt12530
172530;10000000;nt12531
172531;10000000;nt12532
172532;10000000;nt12533
172533;10000000;nt12534
172534;10000000;nt12535
172535;10000000;nt12536
172536;10000000;nt12537
172537;10000000;nt12538
172538;10000000;nt12539
172539;10000000;nt12540
172540;10000000;nt12541
172541;10000000;nt12542
172542;10000000;nt12543
172543;10000000;nt12544
172544;10000000;nt12545
172545;10000000;nt12546
172546;10000000;nt12547
172547;10000000;nt12548
172548;10000000;nt12549
172549;10000000;nt12550
172550;10000000;nt12551
172551;10000000;nt12552
172552;10000000;nt12553
172553;10000000;nt12554
172554;10000000;nt12555
172555;10000000;nt12556
172556;10000000;nt12557
172557;10000000;nt12558
172558;10000000;nt12559
172559;10000000;nt12560
172560;10000000;nt12561
172561;10000000;nt12562
172562;10000000;nt12563
172563;10000000;nt12564
172564;10000000;nt12565
172565;10000000;nt12566
172566;10000000;nt12567
172567;10000000;nt12568
172568;10000000;nt12569
172569;10000000;nt12570
172570;10000000;nt12571
172571;10000000;nt12572
172572;10000000;nt12573
172573;10000000;nt12574
172574;10000000;nt12575
172575;10000000;nt12576
172576;10000000;nt12577
172577;10000000;nt12578
172578;10000000;nt12579
172579;10000000;nt12580
172580;10000000;nt12581
172581;10000000;nt12582
172582;10000000;nt12583
172583;10000000;nt12584
172584;10000000;nt12585
172585;10000000;nt12586
172586;10000000;nt12587
172587;10000000;nt12588
172588;10000000;nt12589
172589;10000000;nt12590
172590;10000000;nt12591
172591;10000000;nt12592
172592;10000000;nt12593
172593;10000000;nt12594
172594;10000000;nt12595
172595;10000000;nt12596
172596;10000000;nt12597
172597;10000000;nt12598
172598;10000000;nt12599
172599;10000000;nt12600
172600;10000000;nt12601
172601;10000000;nt12602
172602;10000000;nt12603
172603;10000000;nt12604
172604;10000000;nt12605
172605;10000000;nt12606
172606;10000000;nt12607
172607;10000000;nt12608
172608;10000000;nt12609
172609;10000000;nt12610
172610;10000000;nt12611
172611;10000000;nt12612
172612;10000000;nt12613
172613;10000000;nt12614
172614;10000000;nt12615
172615;10000000;nt12616
172616;10000000;nt12617
172617;10000000;nt12618
172618;10000000;nt12619
172619;10000000;nt12620
172620;10000000;nt12621
172621;10000000;nt12622
172622;10000000;nt12623
172623;10000000;nt12624
172624;10000000;nt12625
172625;10000000;nt12626
172626;10000000;nt12627
172627;10000000;nt12628
172628;10000000;nt12629
172629;10000000;nt12630
172630;10000000;nt12631
172631;10000000;nt12632
172632;10000000;nt12633
172633;10000000;nt12634
172634;10000000;nt12635
172635;10000000;nt12636
172636;10000000;nt12637
172637;10000000;nt12638
172638;10000000;nt12639
172639;10000000;nt12640
172640;10000000;nt12641
172641;10000000;nt12642
172642;10000000;nt12643
172643;10000000;nt12644
172644;10000000;nt12645
172645;10000000;nt12646
172646;10000000;nt12647
172647;10000000;nt12648
172648;10000000;nt12649
172649;10000000;nt12650
172650;10000000;nt12651
172651;10000000;nt12652
172652;10000000;nt12653
172653;10000000;nt12654
172654;10000000;nt12655
172655;10000000;nt12656
172656;10000000;nt12657
172657;10000000;nt12658
172658;10000000;nt12659
172659;10000000;nt12660
172660;10000000;nt12661
172661;10000000;nt12662
172662;10000000;nt12663
172663;10000000;nt12664
172664;10000000;nt12665
172665;10000000;nt12666
172666;10000000;nt12667
172667;10000000;nt12668
172668;10000000;nt12669
172669;10000000;nt12670
172670;10000000;nt12671
172671;10000000;nt12672
172672;10000000;nt12673
172673;10000000;nt12674
172674;10000000;nt12675
172675;10000000;nt12676
172676;10000000;nt12677
172677;10000000;nt12678
172678;10000000;nt12679
172679;10000000;nt12680
172680;10000000;nt12681
172681;10000000;nt12682
172682;10000000;nt12683
172683;10000000;nt12684
172684;10000000;nt12685
172685;10000000;nt12686
172686;10000000;nt12687
172687;10000000;nt12688
172688;10000000;nt12689
172689;10000000;nt12690
172690;10000000;nt12691
172691;10000000;nt12692
172692;10000000;nt12693
172693;10000000;nt12694
172694;10000000;nt12695
172695;10000000;nt12696
172696;10000000;nt12697
172697;10000000;nt12698
172698;10000000;nt12699
172699;10000000;nt12700
172700;10000000;nt12701
172701;10000000;nt12702
172702;10000000;nt12703
172703;10000000;nt12704
172704;10000000;nt12705
172705;10000000;nt12706
172706;10000000;nt12707
172707;10000000;nt12708
172708;10000000;nt12709
172709;10000000;nt12710
172710;10000000;nt12711
172711;10000000;nt12712
172712;10000000;nt12713
172713;10000000;nt12714
172714;10000000;nt12715
172715;10000000;nt12716
172716;10000000;nt12717
172717;10000000;nt12718
172718;10000000;nt12719
172719;10000000;nt12720
172720;10000000;nt12721
172721;10000000;nt12722
172722;10000000;nt12723
172723;10000000;nt12724
172724;10000000;nt12725
172725;10000000;nt12726
172726;10000000;nt12727
172727;10000000;nt12728
172728;10000000;nt12729
172729;10000000;nt12730
172730;10000000;nt12731
172731;10000000;nt12732
172732;10000000;nt12733
172733;10000000;nt12734
172734;10000000;nt12735
172735;10000000;nt12736
172736;10000000;nt12737
172737;10000000;nt12738
172738;10000000;nt12739
172739;10000000;nt12740
172740;10000000;nt12741
172741;10000000;nt12742
172742;10000000;nt12743
172743;10000000;nt12744
172744;10000000;nt12745
172745;10000000;nt12746
172746;10000000;nt12747
172747;10000000;nt12748
172748;10000000;nt12749
172749;10000000;nt12750
172750;10000000;nt12751
172751;10000000;nt12752
172752;10000000;nt12753
172753;10000000;nt12754
172754;10000000;nt12755
172755;10000000;nt12756
172756;10000000;nt12757
172757;10000000;nt12758
172758;10000000;nt12759
172759;10000000;nt12760
172760;10000000;nt12761
172761;10000000;nt12762
172762;10000000;nt12763
172763;10000000;nt12764
172764;10000000;nt12765
172765;10000000;nt12766
172766;10000000;nt12767
172767;10000000;nt12768
172768;10000000;nt12769
172769;10000000;nt12770
172770;10000000;nt12771
172771;10000000;nt12772
172772;10000000;nt12773
172773;10000000;nt12774
172774;10000000;nt12775
172775;10000000;nt12776
172776;10000000;nt12777
172777;10000000;nt12778
172778;10000000;nt12779
172779;10000000;nt12780
172780;10000000;nt12781
172781;10000000;nt12782
172782;10000000;nt12783
172783;10000000;nt12784
172784;10000000;nt12785
172785;10000000;nt12786
172786;10000000;nt12787
172787;10000000;nt12788
172788;10000000;nt12789
172789;10000000;nt12790
172790;10000000;nt12791
172791;10000000;nt12792
172792;10000000;nt12793
172793;10000000;nt12794
172794;10000000;nt12795
172795;10000000;nt12796
172796;10000000;nt12797
172797;10000000;nt12798
172798;10000000;nt12799
172799;10000000;nt12800
172800;10000000;nt12801
172801;10000000;nt12802
172802;10000000;nt12803
172803;10000000;nt12804
172804;10000000;nt12805
172805;10000000;nt12806
172806;10000000;nt12807
172807;10000000;nt12808
172808;10000000;nt12809
172809;10000000;nt12810
172810;10000000;nt12811
172811;10000000;nt12812
172812;10000000;nt12813
172813;10000000;nt12814
172814;10000000;nt12815
172815;10000000;nt12816
172816;10000000;nt12817
172817;10000000;nt12818
172818;10000000;nt12819
172819;10000000;nt12820
172820;10000000;nt12821
172821;10000000;nt12822
172822;10000000;nt12823
172823;10000000;nt12824
172824;10000000;nt12825
172825;10000000;nt12826
172826;10000000;nt12827
172827;10000000;nt12828
172828;10000000;nt12829
172829;10000000;nt12830
172830;10000000;nt12831
172831;10000000;nt12832
172832;10000000;nt12833
172833;10000000;nt12834
172834;10000000;nt12835
172835;10000000;nt12836
172836;10000000;nt12837
172837;10000000;nt12838
172838;10000000;nt12839
172839;10000000;nt12840
172840;10000000;nt12841
172841;10000000;nt12842
172842;10000000;nt12843
172843;10000000;nt12844
172844;10000000;nt12845
172845;10000000;nt12846
172846;10000000;nt12847
172847;10000000;nt12848
172848;10000000;nt12849
172849;10000000;nt12850
172850;10000000;nt12851
172851;10000000;nt12852
172852;10000000;nt12853
172853;10000000;nt12854
172854;10000000;nt12855
172855;10000000;nt12856
172856;10000000;nt12857
172857;10000000;nt12858
172858;10000000;nt12859
172859;10000000;nt12860
172860;10000000;nt12861
172861;10000000;nt12862
172862;10000000;nt12863
172863;10000000;nt12864
172864;10000000;nt12865
172865;10000000;nt12866
172866;10000000;nt12867
172867;10000000;nt12868
172868;10000000;nt12869
172869;10000000;nt12870
172870;10000000;nt12871
172871;10000000;nt12872
172872;10000000;nt12873
172873;10000000;nt12874
172874;10000000;nt12875
172875;10000000;nt12876
172876;10000000;nt12877
172877;10000000;nt12878
172878;10000000;nt12879
172879;10000000;nt12880
172880;10000000;nt12881
172881;10000000;nt12882
172882;10000000;nt12883
172883;10000000;nt12884
172884;10000000;nt12885
172885;10000000;nt12886
172886;10000000;nt12887
172887;10000000;nt12888
172888;10000000;nt12889
172889;10000000;nt12890
172890;10000000;nt12891
172891;10000000;nt12892
172892;10000000;nt12893
172893;10000000;nt12894
172894;10000000;nt12895
172895;10000000;nt12896
172896;10000000;nt12897
172897;10000000;nt12898
172898;10000000;nt12899
172899;10000000;nt12900
172900;10000000;nt12901
172901;10000000;nt12902
172902;10000000;nt12903
172903;10000000;nt12904
172904;10000000;nt12905
172905;10000000;nt12906
172906;10000000;nt12907
172907;10000000;nt12908
172908;10000000;nt12909
172909;10000000;nt12910
172910;10000000;nt12911
172911;10000000;nt12912
172912;10000000;nt12913
172913;10000000;nt12914
172914;10000000;nt12915
172915;10000000;nt12916
172916;10000000;nt12917
172917;10000000;nt12918
172918;10000000;nt12919
172919;10000000;nt12920
172920;10000000;nt12921
172921;10000000;nt12922
172922;10000000;nt12923
172923;10000000;nt12924
172924;10000000;nt12925
172925;10000000;nt12926
172926;10000000;nt12927
172927;10000000;nt12928
172928;10000000;nt12929
172929;10000000;nt12930
172930;10000000;nt12931
172931;10000000;nt12932
172932;10000000;nt12933
172933;10000000;nt12934
172934;10000000;nt12935
172935;10000000;nt12936
172936;10000000;nt12937
172937;10000000;nt12938
172938;10000000;nt12939
172939;10000000;nt12940
172940;10000000;nt12941
172941;10000000;nt12942
172942;10000000;nt12943
172943;10000000;nt12944
172944;10000000;nt12945
172945;10000000;nt12946
172946;10000000;nt12947
172947;10000000;nt12948
172948;10000000;nt12949
172949;10000000;nt12950
172950;10000000;nt12951
172951;10000000;nt12952
172952;10000000;nt12953
172953;10000000;nt12954
172954;10000000;nt12955
172955;10000000;nt12956
172956;10000000;nt12957
172957;10000000;nt12958
172958;10000000;nt12959
172959;10000000;nt12960
172960;10000000;nt12961
172961;10000000;nt12962
172962;10000000;nt12963
172963;10000000;nt12964
172964;10000000;nt12965
172965;10000000;nt12966
172966;10000000;nt12967
172967;10000000;nt12968
172968;10000000;nt12969
172969;10000000;nt12970
172970;10000000;nt12971
172971;10000000;nt12972
172972;10000000;nt12973
172973;10000000;nt12974
172974;10000000;nt12975
172975;10000000;nt12976
172976;10000000;nt12977
172977;10000000;nt12978
172978;10000000;nt12979
172979;10000000;nt12980
172980;10000000;nt12981
172981;10000000;nt12982
172982;10000000;nt12983
172983;10000000;nt12984
172984;10000000;nt12985
172985;10000000;nt12986
172986;10000000;nt12987
172987;10000000;nt12988
172988;10000000;nt12989
172989;10000000;nt12990
172990;10000000;nt12991
172991;10000000;nt12992
172992;10000000;nt12993
172993;10000000;nt12994
172994;10000000;nt12995
172995;10000000;nt12996
172996;10000000;nt12997
172997;10000000;nt12998
172998;10000000;nt12999
172999;10000000;nt13000
173000;10000000;nt13001
173001;10000000;nt13002
173002;10000000;nt13003
173003;10000000;nt13004
173004;10000000;nt13005
173005;10000000;nt13006
173006;10000000;nt13007
173007;10000000;nt13008
173008;10000000;nt13009
173009;10000000;nt13010
173010;10000000;nt13011
173011;10000000;nt13012
173012;10000000;nt13013
173013;10000000;nt13014
173014;10000000;nt13015
173015;10000000;nt13016
173016;10000000;nt13017
173017;10000000;nt13018
173018;10000000;nt13019
173019;10000000;nt13020
173020;10000000;nt13021
173021;10000000;nt13022
173022;10000000;nt13023
173023;10000000;nt13024
173024;10000000;nt13025
173025;10000000;nt13026
173026;10000000;nt13027
173027;10000000;nt13028
173028;10000000;nt13029
173029;10000000;nt13030
173030;10000000;nt13031
173031;10000000;nt13032
173032;10000000;nt13033
173033;10000000;nt13034
173034;10000000;nt13035
173035;10000000;nt13036
173036;10000000;nt13037
173037;10000000;nt13038
173038;10000000;nt13039
173039;10000000;nt13040
173040;10000000;nt13041
173041;10000000;nt13042
173042;10000000;nt13043
173043;10000000;nt13044
173044;10000000;nt13045
173045;10000000;nt13046
173046;10000000;nt13047
173047;10000000;nt13048
173048;10000000;nt13049
173049;10000000;nt13050
173050;10000000;nt13051
173051;10000000;nt13052
173052;10000000;nt13053
173053;10000000;nt13054
173054;10000000;nt13055
173055;10000000;nt13056
173056;10000000;nt13057
173057;10000000;nt13058
173058;10000000;nt13059
173059;10000000;nt13060
173060;10000000;nt13061
173061;10000000;nt13062
173062;10000000;nt13063
173063;10000000;nt13064
173064;10000000;nt13065
173065;10000000;nt13066
173066;10000000;nt13067
173067;10000000;nt13068
173068;10000000;nt13069
173069;10000000;nt13070
173070;10000000;nt13071
173071;10000000;nt13072
173072;10000000;nt13073
173073;10000000;nt13074
173074;10000000;nt13075
173075;10000000;nt13076
173076;10000000;nt13077
173077;10000000;nt13078
173078;10000000;nt13079
173079;10000000;nt13080
173080;10000000;nt13081
173081;10000000;nt13082
173082;10000000;nt13083
173083;10000000;nt13084
173084;10000000;nt13085
173085;10000000;nt13086
173086;10000000;nt13087
173087;10000000;nt13088
173088;10000000;nt13089
173089;10000000;nt13090
173090;10000000;nt13091
173091;10000000;nt13092
173092;10000000;nt13093
173093;10000000;nt13094
173094;10000000;nt13095
173095;10000000;nt13096
173096;10000000;nt13097
173097;10000000;nt13098
173098;10000000;nt13099
173099;10000000;nt13100
173100;10000000;nt13101
173101;10000000;nt13102
173102;10000000;nt13103
173103;10000000;nt13104
173104;10000000;nt13105
173105;10000000;nt13106
173106;10000000;nt13107
173107;10000000;nt13108
173108;10000000;nt13109
173109;10000000;nt13110
173110;10000000;nt13111
173111;10000000;nt13112
173112;10000000;nt13113
173113;10000000;nt13114
173114;10000000;nt13115
173115;10000000;nt13116
173116;10000000;nt13117
173117;10000000;nt13118
173118;10000000;nt13119
173119;10000000;nt13120
173120;10000000;nt13121
173121;10000000;nt13122
173122;10000000;nt13123
173123;10000000;nt13124
173124;10000000;nt13125
173125;10000000;nt13126
173126;10000000;nt13127
173127;10000000;nt13128
173128;10000000;nt13129
173129;10000000;nt13130
173130;10000000;nt13131
173131;10000000;nt13132
173132;10000000;nt13133
173133;10000000;nt13134
173134;10000000;nt13135
173135;10000000;nt13136
173136;10000000;nt13137
173137;10000000;nt13138
173138;10000000;nt13139
173139;10000000;nt13140
173140;10000000;nt13141
173141;10000000;nt13142
173142;10000000;nt13143
173143;10000000;nt13144
173144;10000000;nt13145
173145;10000000;nt13146
173146;10000000;nt13147
173147;10000000;nt13148
173148;10000000;nt13149
173149;10000000;nt13150
173150;10000000;nt13151
173151;10000000;nt13152
173152;10000000;nt13153
173153;10000000;nt13154
173154;10000000;nt13155
173155;10000000;nt13156
173156;10000000;nt13157
173157;10000000;nt13158
173158;10000000;nt13159
173159;10000000;nt13160
173160;10000000;nt13161
173161;10000000;nt13162
173162;10000000;nt13163
173163;10000000;nt13164
173164;10000000;nt13165
173165;10000000;nt13166
173166;10000000;nt13167
173167;10000000;nt13168
173168;10000000;nt13169
173169;10000000;nt13170
173170;10000000;nt13171
173171;10000000;nt13172
173172;10000000;nt13173
173173;10000000;nt13174
173174;10000000;nt13175
173175;10000000;nt13176
173176;10000000;nt13177
173177;10000000;nt13178
173178;10000000;nt13179
173179;10000000;nt13180
173180;10000000;nt13181
173181;10000000;nt13182
173182;10000000;nt13183
173183;10000000;nt13184
173184;10000000;nt13185
173185;10000000;nt13186
173186;10000000;nt13187
173187;10000000;nt13188
173188;10000000;nt13189
173189;10000000;nt13190
173190;10000000;nt13191
173191;10000000;nt13192
173192;10000000;nt13193
173193;10000000;nt13194
173194;10000000;nt13195
173195;10000000;nt13196
173196;10000000;nt13197
173197;10000000;nt13198
173198;10000000;nt13199
173199;10000000;nt13200
173200;10000000;nt13201
173201;10000000;nt13202
173202;10000000;nt13203
173203;10000000;nt13204
173204;10000000;nt13205
173205;10000000;nt13206
173206;10000000;nt13207
173207;10000000;nt13208
173208;10000000;nt13209
173209;10000000;nt13210
173210;10000000;nt13211
173211;10000000;nt13212
173212;10000000;nt13213
173213;10000000;nt13214
173214;10000000;nt13215
173215;10000000;nt13216
173216;10000000;nt13217
173217;10000000;nt13218
173218;10000000;nt13219
173219;10000000;nt13220
173220;10000000;nt13221
173221;10000000;nt13222
173222;10000000;nt13223
173223;10000000;nt13224
173224;10000000;nt13225
173225;10000000;nt13226
173226;10000000;nt13227
173227;10000000;nt13228
173228;10000000;nt13229
173229;10000000;nt13230
173230;10000000;nt13231
173231;10000000;nt13232
173232;10000000;nt13233
173233;10000000;nt13234
173234;10000000;nt13235
173235;10000000;nt13236
173236;10000000;nt13237
173237;10000000;nt13238
173238;10000000;nt13239
173239;10000000;nt13240
173240;10000000;nt13241
173241;10000000;nt13242
173242;10000000;nt13243
173243;10000000;nt13244
173244;10000000;nt13245
173245;10000000;nt13246
173246;10000000;nt13247
173247;10000000;nt13248
173248;10000000;nt13249
173249;10000000;nt13250
173250;10000000;nt13251
173251;10000000;nt13252
173252;10000000;nt13253
173253;10000000;nt13254
173254;10000000;nt13255
173255;10000000;nt13256
173256;10000000;nt13257
173257;10000000;nt13258
173258;10000000;nt13259
173259;10000000;nt13260
173260;10000000;nt13261
173261;10000000;nt13262
173262;10000000;nt13263
173263;10000000;nt13264
173264;10000000;nt13265
173265;10000000;nt13266
173266;10000000;nt13267
173267;10000000;nt13268
173268;10000000;nt13269
173269;10000000;nt13270
173270;10000000;nt13271
173271;10000000;nt13272
173272;10000000;nt13273
173273;10000000;nt13274
173274;10000000;nt13275
173275;10000000;nt13276
173276;10000000;nt13277
173277;10000000;nt13278
173278;10000000;nt13279
173279;10000000;nt13280
173280;10000000;nt13281
173281;10000000;nt13282
173282;10000000;nt13283
173283;10000000;nt13284
173284;10000000;nt13285
173285;10000000;nt13286
173286;10000000;nt13287
173287;10000000;nt13288
173288;10000000;nt13289
173289;10000000;nt13290
173290;10000000;nt13291
173291;10000000;nt13292
173292;10000000;nt13293
173293;10000000;nt13294
173294;10000000;nt13295
173295;10000000;nt13296
173296;10000000;nt13297
173297;10000000;nt13298
173298;10000000;nt13299
173299;10000000;nt13300
173300;10000000;nt13301
173301;10000000;nt13302
173302;10000000;nt13303
173303;10000000;nt13304
173304;10000000;nt13305
173305;10000000;nt13306
173306;10000000;nt13307
173307;10000000;nt13308
173308;10000000;nt13309
173309;10000000;nt13310
173310;10000000;nt13311
173311;10000000;nt13312
173312;10000000;nt13313
173313;10000000;nt13314
173314;10000000;nt13315
173315;10000000;nt13316
173316;10000000;nt13317
173317;10000000;nt13318
173318;10000000;nt13319
173319;10000000;nt13320
173320;10000000;nt13321
173321;10000000;nt13322
173322;10000000;nt13323
173323;10000000;nt13324
173324;10000000;nt13325
173325;10000000;nt13326
173326;10000000;nt13327
173327;10000000;nt13328
173328;10000000;nt13329
173329;10000000;nt13330
173330;10000000;nt13331
173331;10000000;nt13332
173332;10000000;nt13333
173333;10000000;nt13334
173334;10000000;nt13335
173335;10000000;nt13336
173336;10000000;nt13337
173337;10000000;nt13338
173338;10000000;nt13339
173339;10000000;nt13340
173340;10000000;nt13341
173341;10000000;nt13342
173342;10000000;nt13343
173343;10000000;nt13344
173344;10000000;nt13345
173345;10000000;nt13346
173346;10000000;nt13347
173347;10000000;nt13348
173348;10000000;nt13349
173349;10000000;nt13350
173350;10000000;nt13351
173351;10000000;nt13352
173352;10000000;nt13353
173353;10000000;nt13354
173354;10000000;nt13355
173355;10000000;nt13356
173356;10000000;nt13357
173357;10000000;nt13358
173358;10000000;nt13359
173359;10000000;nt13360
173360;10000000;nt13361
173361;10000000;nt13362
173362;10000000;nt13363
173363;10000000;nt13364
173364;10000000;nt13365
173365;10000000;nt13366
173366;10000000;nt13367
173367;10000000;nt13368
173368;10000000;nt13369
173369;10000000;nt13370
173370;10000000;nt13371
173371;10000000;nt13372
173372;10000000;nt13373
173373;10000000;nt13374
173374;10000000;nt13375
173375;10000000;nt13376
173376;10000000;nt13377
173377;10000000;nt13378
173378;10000000;nt13379
173379;10000000;nt13380
173380;10000000;nt13381
173381;10000000;nt13382
173382;10000000;nt13383
173383;10000000;nt13384
173384;10000000;nt13385
173385;10000000;nt13386
173386;10000000;nt13387
173387;10000000;nt13388
173388;10000000;nt13389
173389;10000000;nt13390
173390;10000000;nt13391
173391;10000000;nt13392
173392;10000000;nt13393
173393;10000000;nt13394
173394;10000000;nt13395
173395;10000000;nt13396
173396;10000000;nt13397
173397;10000000;nt13398
173398;10000000;nt13399
173399;10000000;nt13400
173400;10000000;nt13401
173401;10000000;nt13402
173402;10000000;nt13403
173403;10000000;nt13404
173404;10000000;nt13405
173405;10000000;nt13406
173406;10000000;nt13407
173407;10000000;nt13408
173408;10000000;nt13409
173409;10000000;nt13410
173410;10000000;nt13411
173411;10000000;nt13412
173412;10000000;nt13413
173413;10000000;nt13414
173414;10000000;nt13415
173415;10000000;nt13416
173416;10000000;nt13417
173417;10000000;nt13418
173418;10000000;nt13419
173419;10000000;nt13420
173420;10000000;nt13421
173421;10000000;nt13422
173422;10000000;nt13423
173423;10000000;nt13424
173424;10000000;nt13425
173425;10000000;nt13426
173426;10000000;nt13427
173427;10000000;nt13428
173428;10000000;nt13429
173429;10000000;nt13430
173430;10000000;nt13431
173431;10000000;nt13432
173432;10000000;nt13433
173433;10000000;nt13434
173434;10000000;nt13435
173435;10000000;nt13436
173436;10000000;nt13437
173437;10000000;nt13438
173438;10000000;nt13439
173439;10000000;nt13440
173440;10000000;nt13441
173441;10000000;nt13442
173442;10000000;nt13443
173443;10000000;nt13444
173444;10000000;nt13445
173445;10000000;nt13446
173446;10000000;nt13447
173447;10000000;nt13448
173448;10000000;nt13449
173449;10000000;nt13450
173450;10000000;nt13451
173451;10000000;nt13452
173452;10000000;nt13453
173453;10000000;nt13454
173454;10000000;nt13455
173455;10000000;nt13456
173456;10000000;nt13457
173457;10000000;nt13458
173458;10000000;nt13459
173459;10000000;nt13460
173460;10000000;nt13461
173461;10000000;nt13462
173462;10000000;nt13463
173463;10000000;nt13464
173464;10000000;nt13465
173465;10000000;nt13466
173466;10000000;nt13467
173467;10000000;nt13468
173468;10000000;nt13469
173469;10000000;nt13470
173470;10000000;nt13471
173471;10000000;nt13472
173472;10000000;nt13473
173473;10000000;nt13474
173474;10000000;nt13475
173475;10000000;nt13476
173476;10000000;nt13477
173477;10000000;nt13478
173478;10000000;nt13479
173479;10000000;nt13480
173480;10000000;nt13481
173481;10000000;nt13482
173482;10000000;nt13483
173483;10000000;nt13484
173484;10000000;nt13485
173485;10000000;nt13486
173486;10000000;nt13487
173487;10000000;nt13488
173488;10000000;nt13489
173489;10000000;nt13490
173490;10000000;nt13491
173491;10000000;nt13492
173492;10000000;nt13493
173493;10000000;nt13494
173494;10000000;nt13495
173495;10000000;nt13496
173496;10000000;nt13497
173497;10000000;nt13498
173498;10000000;nt13499
173499;10000000;nt13500
173500;10000000;nt13501
173501;10000000;nt13502
173502;10000000;nt13503
173503;10000000;nt13504
173504;10000000;nt13505
173505;10000000;nt13506
173506;10000000;nt13507
173507;10000000;nt13508
173508;10000000;nt13509
173509;10000000;nt13510
173510;10000000;nt13511
173511;10000000;nt13512
173512;10000000;nt13513
173513;10000000;nt13514
173514;10000000;nt13515
173515;10000000;nt13516
173516;10000000;nt13517
173517;10000000;nt13518
173518;10000000;nt13519
173519;10000000;nt13520
173520;10000000;nt13521
173521;10000000;nt13522
173522;10000000;nt13523
173523;10000000;nt13524
173524;10000000;nt13525
173525;10000000;nt13526
173526;10000000;nt13527
173527;10000000;nt13528
173528;10000000;nt13529
173529;10000000;nt13530
173530;10000000;nt13531
173531;10000000;nt13532
173532;10000000;nt13533
173533;10000000;nt13534
173534;10000000;nt13535
173535;10000000;nt13536
173536;10000000;nt13537
173537;10000000;nt13538
173538;10000000;nt13539
173539;10000000;nt13540
173540;10000000;nt13541
173541;10000000;nt13542
173542;10000000;nt13543
173543;10000000;nt13544
173544;10000000;nt13545
173545;10000000;nt13546
173546;10000000;nt13547
173547;10000000;nt13548
173548;10000000;nt13549
173549;10000000;nt13550
173550;10000000;nt13551
173551;10000000;nt13552
173552;10000000;nt13553
173553;10000000;nt13554
173554;10000000;nt13555
173555;10000000;nt13556
173556;10000000;nt13557
173557;10000000;nt13558
173558;10000000;nt13559
173559;10000000;nt13560
173560;10000000;nt13561
173561;10000000;nt13562
173562;10000000;nt13563
173563;10000000;nt13564
173564;10000000;nt13565
173565;10000000;nt13566
173566;10000000;nt13567
173567;10000000;nt13568
173568;10000000;nt13569
173569;10000000;nt13570
173570;10000000;nt13571
173571;10000000;nt13572
173572;10000000;nt13573
173573;10000000;nt13574
173574;10000000;nt13575
173575;10000000;nt13576
173576;10000000;nt13577
173577;10000000;nt13578
173578;10000000;nt13579
173579;10000000;nt13580
173580;10000000;nt13581
173581;10000000;nt13582
173582;10000000;nt13583
173583;10000000;nt13584
173584;10000000;nt13585
173585;10000000;nt13586
173586;10000000;nt13587
173587;10000000;nt13588
173588;10000000;nt13589
173589;10000000;nt13590
173590;10000000;nt13591
173591;10000000;nt13592
173592;10000000;nt13593
173593;10000000;nt13594
173594;10000000;nt13595
173595;10000000;nt13596
173596;10000000;nt13597
173597;10000000;nt13598
173598;10000000;nt13599
173599;10000000;nt13600
173600;10000000;nt13601
173601;10000000;nt13602
173602;10000000;nt13603
173603;10000000;nt13604
173604;10000000;nt13605
173605;10000000;nt13606
173606;10000000;nt13607
173607;10000000;nt13608
173608;10000000;nt13609
173609;10000000;nt13610
173610;10000000;nt13611
173611;10000000;nt13612
173612;10000000;nt13613
173613;10000000;nt13614
173614;10000000;nt13615
173615;10000000;nt13616
173616;10000000;nt13617
173617;10000000;nt13618
173618;10000000;nt13619
173619;10000000;nt13620
173620;10000000;nt13621
173621;10000000;nt13622
173622;10000000;nt13623
173623;10000000;nt13624
173624;10000000;nt13625
173625;10000000;nt13626
173626;10000000;nt13627
173627;10000000;nt13628
173628;10000000;nt13629
173629;10000000;nt13630
173630;10000000;nt13631
173631;10000000;nt13632
173632;10000000;nt13633
173633;10000000;nt13634
173634;10000000;nt13635
173635;10000000;nt13636
173636;10000000;nt13637
173637;10000000;nt13638
173638;10000000;nt13639
173639;10000000;nt13640
173640;10000000;nt13641
173641;10000000;nt13642
173642;10000000;nt13643
173643;10000000;nt13644
173644;10000000;nt13645
173645;10000000;nt13646
173646;10000000;nt13647
173647;10000000;nt13648
173648;10000000;nt13649
173649;10000000;nt13650
173650;10000000;nt13651
173651;10000000;nt13652
173652;10000000;nt13653
173653;10000000;nt13654
173654;10000000;nt13655
173655;10000000;nt13656
173656;10000000;nt13657
173657;10000000;nt13658
173658;10000000;nt13659
173659;10000000;nt13660
173660;10000000;nt13661
173661;10000000;nt13662
173662;10000000;nt13663
173663;10000000;nt13664
173664;10000000;nt13665
173665;10000000;nt13666
173666;10000000;nt13667
173667;10000000;nt13668
173668;10000000;nt13669
173669;10000000;nt13670
173670;10000000;nt13671
173671;10000000;nt13672
173672;10000000;nt13673
173673;10000000;nt13674
173674;10000000;nt13675
173675;10000000;nt13676
173676;10000000;nt13677
173677;10000000;nt13678
173678;10000000;nt13679
173679;10000000;nt13680
173680;10000000;nt13681
173681;10000000;nt13682
173682;10000000;nt13683
173683;10000000;nt13684
173684;10000000;nt13685
173685;10000000;nt13686
173686;10000000;nt13687
173687;10000000;nt13688
173688;10000000;nt13689
173689;10000000;nt13690
173690;10000000;nt13691
173691;10000000;nt13692
173692;10000000;nt13693
173693;10000000;nt13694
173694;10000000;nt13695
173695;10000000;nt13696
173696;10000000;nt13697
173697;10000000;nt13698
173698;10000000;nt13699
173699;10000000;nt13700
173700;10000000;nt13701
173701;10000000;nt13702
173702;10000000;nt13703
173703;10000000;nt13704
173704;10000000;nt13705
173705;10000000;nt13706
173706;10000000;nt13707
173707;10000000;nt13708
173708;10000000;nt13709
173709;10000000;nt13710
173710;10000000;nt13711
173711;10000000;nt13712
173712;10000000;nt13713
173713;10000000;nt13714
173714;10000000;nt13715
173715;10000000;nt13716
173716;10000000;nt13717
173717;10000000;nt13718
173718;10000000;nt13719
173719;10000000;nt13720
173720;10000000;nt13721
173721;10000000;nt13722
173722;10000000;nt13723
173723;10000000;nt13724
173724;10000000;nt13725
173725;10000000;nt13726
173726;10000000;nt13727
173727;10000000;nt13728
173728;10000000;nt13729
173729;10000000;nt13730
173730;10000000;nt13731
173731;10000000;nt13732
173732;10000000;nt13733
173733;10000000;nt13734
173734;10000000;nt13735
173735;10000000;nt13736
173736;10000000;nt13737
173737;10000000;nt13738
173738;10000000;nt13739
173739;10000000;nt13740
173740;10000000;nt13741
173741;10000000;nt13742
173742;10000000;nt13743
173743;10000000;nt13744
173744;10000000;nt13745
173745;10000000;nt13746
173746;10000000;nt13747
173747;10000000;nt13748
173748;10000000;nt13749
173749;10000000;nt13750
173750;10000000;nt13751
173751;10000000;nt13752
173752;10000000;nt13753
173753;10000000;nt13754
173754;10000000;nt13755
173755;10000000;nt13756
173756;10000000;nt13757
173757;10000000;nt13758
173758;10000000;nt13759
173759;10000000;nt13760
173760;10000000;nt13761
173761;10000000;nt13762
173762;10000000;nt13763
173763;10000000;nt13764
173764;10000000;nt13765
173765;10000000;nt13766
173766;10000000;nt13767
173767;10000000;nt13768
173768;10000000;nt13769
173769;10000000;nt13770
173770;10000000;nt13771
173771;10000000;nt13772
173772;10000000;nt13773
173773;10000000;nt13774
173774;10000000;nt13775
173775;10000000;nt13776
173776;10000000;nt13777
173777;10000000;nt13778
173778;10000000;nt13779
173779;10000000;nt13780
173780;10000000;nt13781
173781;10000000;nt13782
173782;10000000;nt13783
173783;10000000;nt13784
173784;10000000;nt13785
173785;10000000;nt13786
173786;10000000;nt13787
173787;10000000;nt13788
173788;10000000;nt13789
173789;10000000;nt13790
173790;10000000;nt13791
173791;10000000;nt13792
173792;10000000;nt13793
173793;10000000;nt13794
173794;10000000;nt13795
173795;10000000;nt13796
173796;10000000;nt13797
173797;10000000;nt13798
173798;10000000;nt13799
173799;10000000;nt13800
173800;10000000;nt13801
173801;10000000;nt13802
173802;10000000;nt13803
173803;10000000;nt13804
173804;10000000;nt13805
173805;10000000;nt13806
173806;10000000;nt13807
173807;10000000;nt13808
173808;10000000;nt13809
173809;10000000;nt13810
173810;10000000;nt13811
173811;10000000;nt13812
173812;10000000;nt13813
173813;10000000;nt13814
173814;10000000;nt13815
173815;10000000;nt13816
173816;10000000;nt13817
173817;10000000;nt13818
173818;10000000;nt13819
173819;10000000;nt13820
173820;10000000;nt13821
173821;10000000;nt13822
173822;10000000;nt13823
173823;10000000;nt13824
173824;10000000;nt13825
173825;10000000;nt13826
173826;10000000;nt13827
173827;10000000;nt13828
173828;10000000;nt13829
173829;10000000;nt13830
173830;10000000;nt13831
173831;10000000;nt13832
173832;10000000;nt13833
173833;10000000;nt13834
173834;10000000;nt13835
173835;10000000;nt13836
173836;10000000;nt13837
173837;10000000;nt13838
173838;10000000;nt13839
173839;10000000;nt13840
173840;10000000;nt13841
173841;10000000;nt13842
173842;10000000;nt13843
173843;10000000;nt13844
173844;10000000;nt13845
173845;10000000;nt13846
173846;10000000;nt13847
173847;10000000;nt13848
173848;10000000;nt13849
173849;10000000;nt13850
173850;10000000;nt13851
173851;10000000;nt13852
173852;10000000;nt13853
173853;10000000;nt13854
173854;10000000;nt13855
173855;10000000;nt13856
173856;10000000;nt13857
173857;10000000;nt13858
173858;10000000;nt13859
173859;10000000;nt13860
173860;10000000;nt13861
173861;10000000;nt13862
173862;10000000;nt13863
173863;10000000;nt13864
173864;10000000;nt13865
173865;10000000;nt13866
173866;10000000;nt13867
173867;10000000;nt13868
173868;10000000;nt13869
173869;10000000;nt13870
173870;10000000;nt13871
173871;10000000;nt13872
173872;10000000;nt13873
173873;10000000;nt13874
173874;10000000;nt13875
173875;10000000;nt13876
173876;10000000;nt13877
173877;10000000;nt13878
173878;10000000;nt13879
173879;10000000;nt13880
173880;10000000;nt13881
173881;10000000;nt13882
173882;10000000;nt13883
173883;10000000;nt13884
173884;10000000;nt13885
173885;10000000;nt13886
173886;10000000;nt13887
173887;10000000;nt13888
173888;10000000;nt13889
173889;10000000;nt13890
173890;10000000;nt13891
173891;10000000;nt13892
173892;10000000;nt13893
173893;10000000;nt13894
173894;10000000;nt13895
173895;10000000;nt13896
173896;10000000;nt13897
173897;10000000;nt13898
173898;10000000;nt13899
173899;10000000;nt13900
173900;10000000;nt13901
173901;10000000;nt13902
173902;10000000;nt13903
173903;10000000;nt13904
173904;10000000;nt13905
173905;10000000;nt13906
173906;10000000;nt13907
173907;10000000;nt13908
173908;10000000;nt13909
173909;10000000;nt13910
173910;10000000;nt13911
173911;10000000;nt13912
173912;10000000;nt13913
173913;10000000;nt13914
173914;10000000;nt13915
173915;10000000;nt13916
173916;10000000;nt13917
173917;10000000;nt13918
173918;10000000;nt13919
173919;10000000;nt13920
173920;10000000;nt13921
173921;10000000;nt13922
173922;10000000;nt13923
173923;10000000;nt13924
173924;10000000;nt13925
173925;10000000;nt13926
173926;10000000;nt13927
173927;10000000;nt13928
173928;10000000;nt13929
173929;10000000;nt13930
173930;10000000;nt13931
173931;10000000;nt13932
173932;10000000;nt13933
173933;10000000;nt13934
173934;10000000;nt13935
173935;10000000;nt13936
173936;10000000;nt13937
173937;10000000;nt13938
173938;10000000;nt13939
173939;10000000;nt13940
173940;10000000;nt13941
173941;10000000;nt13942
173942;10000000;nt13943
173943;10000000;nt13944
173944;10000000;nt13945
173945;10000000;nt13946
173946;10000000;nt13947
173947;10000000;nt13948
173948;10000000;nt13949
173949;10000000;nt13950
173950;10000000;nt13951
173951;10000000;nt13952
173952;10000000;nt13953
173953;10000000;nt13954
173954;10000000;nt13955
173955;10000000;nt13956
173956;10000000;nt13957
173957;10000000;nt13958
173958;10000000;nt13959
173959;10000000;nt13960
173960;10000000;nt13961
173961;10000000;nt13962
173962;10000000;nt13963
173963;10000000;nt13964
173964;10000000;nt13965
173965;10000000;nt13966
173966;10000000;nt13967
173967;10000000;nt13968
173968;10000000;nt13969
173969;10000000;nt13970
173970;10000000;nt13971
173971;10000000;nt13972
173972;10000000;nt13973
173973;10000000;nt13974
173974;10000000;nt13975
173975;10000000;nt13976
173976;10000000;nt13977
173977;10000000;nt13978
173978;10000000;nt13979
173979;10000000;nt13980
173980;10000000;nt13981
173981;10000000;nt13982
173982;10000000;nt13983
173983;10000000;nt13984
173984;10000000;nt13985
173985;10000000;nt13986
173986;10000000;nt13987
173987;10000000;nt13988
173988;10000000;nt13989
173989;10000000;nt13990
173990;10000000;nt13991
173991;10000000;nt13992
173992;10000000;nt13993
173993;10000000;nt13994
173994;10000000;nt13995
173995;10000000;nt13996
173996;10000000;nt13997
173997;10000000;nt13998
173998;10000000;nt13999
173999;10000000;nt14000
174000;10000000;nt14001
174001;10000000;nt14002
174002;10000000;nt14003
174003;10000000;nt14004
174004;10000000;nt14005
174005;10000000;nt14006
174006;10000000;nt14007
174007;10000000;nt14008
174008;10000000;nt14009
174009;10000000;nt14010
174010;10000000;nt14011
174011;10000000;nt14012
174012;10000000;nt14013
174013;10000000;nt14014
174014;10000000;nt14015
174015;10000000;nt14016
174016;10000000;nt14017
174017;10000000;nt14018
174018;10000000;nt14019
174019;10000000;nt14020
174020;10000000;nt14021
174021;10000000;nt14022
174022;10000000;nt14023
174023;10000000;nt14024
174024;10000000;nt14025
174025;10000000;nt14026
174026;10000000;nt14027
174027;10000000;nt14028
174028;10000000;nt14029
174029;10000000;nt14030
174030;10000000;nt14031
174031;10000000;nt14032
174032;10000000;nt14033
174033;10000000;nt14034
174034;10000000;nt14035
174035;10000000;nt14036
174036;10000000;nt14037
174037;10000000;nt14038
174038;10000000;nt14039
174039;10000000;nt14040
174040;10000000;nt14041
174041;10000000;nt14042
174042;10000000;nt14043
174043;10000000;nt14044
174044;10000000;nt14045
174045;10000000;nt14046
174046;10000000;nt14047
174047;10000000;nt14048
174048;10000000;nt14049
174049;10000000;nt14050
174050;10000000;nt14051
174051;10000000;nt14052
174052;10000000;nt14053
174053;10000000;nt14054
174054;10000000;nt14055
174055;10000000;nt14056
174056;10000000;nt14057
174057;10000000;nt14058
174058;10000000;nt14059
174059;10000000;nt14060
174060;10000000;nt14061
174061;10000000;nt14062
174062;10000000;nt14063
174063;10000000;nt14064
174064;10000000;nt14065
174065;10000000;nt14066
174066;10000000;nt14067
174067;10000000;nt14068
174068;10000000;nt14069
174069;10000000;nt14070
174070;10000000;nt14071
174071;10000000;nt14072
174072;10000000;nt14073
174073;10000000;nt14074
174074;10000000;nt14075
174075;10000000;nt14076
174076;10000000;nt14077
174077;10000000;nt14078
174078;10000000;nt14079
174079;10000000;nt14080
174080;10000000;nt14081
174081;10000000;nt14082
174082;10000000;nt14083
174083;10000000;nt14084
174084;10000000;nt14085
174085;10000000;nt14086
174086;10000000;nt14087
174087;10000000;nt14088
174088;10000000;nt14089
174089;10000000;nt14090
174090;10000000;nt14091
174091;10000000;nt14092
174092;10000000;nt14093
174093;10000000;nt14094
174094;10000000;nt14095
174095;10000000;nt14096
174096;10000000;nt14097
174097;10000000;nt14098
174098;10000000;nt14099
174099;10000000;nt14100
174100;10000000;nt14101
174101;10000000;nt14102
174102;10000000;nt14103
174103;10000000;nt14104
174104;10000000;nt14105
174105;10000000;nt14106
174106;10000000;nt14107
174107;10000000;nt14108
174108;10000000;nt14109
174109;10000000;nt14110
174110;10000000;nt14111
174111;10000000;nt14112
174112;10000000;nt14113
174113;10000000;nt14114
174114;10000000;nt14115
174115;10000000;nt14116
174116;10000000;nt14117
174117;10000000;nt14118
174118;10000000;nt14119
174119;10000000;nt14120
174120;10000000;nt14121
174121;10000000;nt14122
174122;10000000;nt14123
174123;10000000;nt14124
174124;10000000;nt14125
174125;10000000;nt14126
174126;10000000;nt14127
174127;10000000;nt14128
174128;10000000;nt14129
174129;10000000;nt14130
174130;10000000;nt14131
174131;10000000;nt14132
174132;10000000;nt14133
174133;10000000;nt14134
174134;10000000;nt14135
174135;10000000;nt14136
174136;10000000;nt14137
174137;10000000;nt14138
174138;10000000;nt14139
174139;10000000;nt14140
174140;10000000;nt14141
174141;10000000;nt14142
174142;10000000;nt14143
174143;10000000;nt14144
174144;10000000;nt14145
174145;10000000;nt14146
174146;10000000;nt14147
174147;10000000;nt14148
174148;10000000;nt14149
174149;10000000;nt14150
174150;10000000;nt14151
174151;10000000;nt14152
174152;10000000;nt14153
174153;10000000;nt14154
174154;10000000;nt14155
174155;10000000;nt14156
174156;10000000;nt14157
174157;10000000;nt14158
174158;10000000;nt14159
174159;10000000;nt14160
174160;10000000;nt14161
174161;10000000;nt14162
174162;10000000;nt14163
174163;10000000;nt14164
174164;10000000;nt14165
174165;10000000;nt14166
174166;10000000;nt14167
174167;10000000;nt14168
174168;10000000;nt14169
174169;10000000;nt14170
174170;10000000;nt14171
174171;10000000;nt14172
174172;10000000;nt14173
174173;10000000;nt14174
174174;10000000;nt14175
174175;10000000;nt14176
174176;10000000;nt14177
174177;10000000;nt14178
174178;10000000;nt14179
174179;10000000;nt14180
174180;10000000;nt14181
174181;10000000;nt14182
174182;10000000;nt14183
174183;10000000;nt14184
174184;10000000;nt14185
174185;10000000;nt14186
174186;10000000;nt14187
174187;10000000;nt14188
174188;10000000;nt14189
174189;10000000;nt14190
174190;10000000;nt14191
174191;10000000;nt14192
174192;10000000;nt14193
174193;10000000;nt14194
174194;10000000;nt14195
174195;10000000;nt14196
174196;10000000;nt14197
174197;10000000;nt14198
174198;10000000;nt14199
174199;10000000;nt14200
174200;10000000;nt14201
174201;10000000;nt14202
174202;10000000;nt14203
174203;10000000;nt14204
174204;10000000;nt14205
174205;10000000;nt14206
174206;10000000;nt14207
174207;10000000;nt14208
174208;10000000;nt14209
174209;10000000;nt14210
174210;10000000;nt14211
174211;10000000;nt14212
174212;10000000;nt14213
174213;10000000;nt14214
174214;10000000;nt14215
174215;10000000;nt14216
174216;10000000;nt14217
174217;10000000;nt14218
174218;10000000;nt14219
174219;10000000;nt14220
174220;10000000;nt14221
174221;10000000;nt14222
174222;10000000;nt14223
174223;10000000;nt14224
174224;10000000;nt14225
174225;10000000;nt14226
174226;10000000;nt14227
174227;10000000;nt14228
174228;10000000;nt14229
174229;10000000;nt14230
174230;10000000;nt14231
174231;10000000;nt14232
174232;10000000;nt14233
174233;10000000;nt14234
174234;10000000;nt14235
174235;10000000;nt14236
174236;10000000;nt14237
174237;10000000;nt14238
174238;10000000;nt14239
174239;10000000;nt14240
174240;10000000;nt14241
174241;10000000;nt14242
174242;10000000;nt14243
174243;10000000;nt14244
174244;10000000;nt14245
174245;10000000;nt14246
174246;10000000;nt14247
174247;10000000;nt14248
174248;10000000;nt14249
174249;10000000;nt14250
174250;10000000;nt14251
174251;10000000;nt14252
174252;10000000;nt14253
174253;10000000;nt14254
174254;10000000;nt14255
174255;10000000;nt14256
174256;10000000;nt14257
174257;10000000;nt14258
174258;10000000;nt14259
174259;10000000;nt14260
174260;10000000;nt14261
174261;10000000;nt14262
174262;10000000;nt14263
174263;10000000;nt14264
174264;10000000;nt14265
174265;10000000;nt14266
174266;10000000;nt14267
174267;10000000;nt14268
174268;10000000;nt14269
174269;10000000;nt14270
174270;10000000;nt14271
174271;10000000;nt14272
174272;10000000;nt14273
174273;10000000;nt14274
174274;10000000;nt14275
174275;10000000;nt14276
174276;10000000;nt14277
174277;10000000;nt14278
174278;10000000;nt14279
174279;10000000;nt14280
174280;10000000;nt14281
174281;10000000;nt14282
174282;10000000;nt14283
174283;10000000;nt14284
174284;10000000;nt14285
174285;10000000;nt14286
174286;10000000;nt14287
174287;10000000;nt14288
174288;10000000;nt14289
174289;10000000;nt14290
174290;10000000;nt14291
174291;10000000;nt14292
174292;10000000;nt14293
174293;10000000;nt14294
174294;10000000;nt14295
174295;10000000;nt14296
174296;10000000;nt14297
174297;10000000;nt14298
174298;10000000;nt14299
174299;10000000;nt14300
174300;10000000;nt14301
174301;10000000;nt14302
174302;10000000;nt14303
174303;10000000;nt14304
174304;10000000;nt14305
174305;10000000;nt14306
174306;10000000;nt14307
174307;10000000;nt14308
174308;10000000;nt14309
174309;10000000;nt14310
174310;10000000;nt14311
174311;10000000;nt14312
174312;10000000;nt14313
174313;10000000;nt14314
174314;10000000;nt14315
174315;10000000;nt14316
174316;10000000;nt14317
174317;10000000;nt14318
174318;10000000;nt14319
174319;10000000;nt14320
174320;10000000;nt14321
174321;10000000;nt14322
174322;10000000;nt14323
174323;10000000;nt14324
174324;10000000;nt14325
174325;10000000;nt14326
174326;10000000;nt14327
174327;10000000;nt14328
174328;10000000;nt14329
174329;10000000;nt14330
174330;10000000;nt14331
174331;10000000;nt14332
174332;10000000;nt14333
174333;10000000;nt14334
174334;10000000;nt14335
174335;10000000;nt14336
174336;10000000;nt14337
174337;10000000;nt14338
174338;10000000;nt14339
174339;10000000;nt14340
174340;10000000;nt14341
174341;10000000;nt14342
174342;10000000;nt14343
174343;10000000;nt14344
174344;10000000;nt14345
174345;10000000;nt14346
174346;10000000;nt14347
174347;10000000;nt14348
174348;10000000;nt14349
174349;10000000;nt14350
174350;10000000;nt14351
174351;10000000;nt14352
174352;10000000;nt14353
174353;10000000;nt14354
174354;10000000;nt14355
174355;10000000;nt14356
174356;10000000;nt14357
174357;10000000;nt14358
174358;10000000;nt14359
174359;10000000;nt14360
174360;10000000;nt14361
174361;10000000;nt14362
174362;10000000;nt14363
174363;10000000;nt14364
174364;10000000;nt14365
174365;10000000;nt14366
174366;10000000;nt14367
174367;10000000;nt14368
174368;10000000;nt14369
174369;10000000;nt14370
174370;10000000;nt14371
174371;10000000;nt14372
174372;10000000;nt14373
174373;10000000;nt14374
174374;10000000;nt14375
174375;10000000;nt14376
174376;10000000;nt14377
174377;10000000;nt14378
174378;10000000;nt14379
174379;10000000;nt14380
174380;10000000;nt14381
174381;10000000;nt14382
174382;10000000;nt14383
174383;10000000;nt14384
174384;10000000;nt14385
174385;10000000;nt14386
174386;10000000;nt14387
174387;10000000;nt14388
174388;10000000;nt14389
174389;10000000;nt14390
174390;10000000;nt14391
174391;10000000;nt14392
174392;10000000;nt14393
174393;10000000;nt14394
174394;10000000;nt14395
174395;10000000;nt14396
174396;10000000;nt14397
174397;10000000;nt14398
174398;10000000;nt14399
174399;10000000;nt14400
174400;10000000;nt14401
174401;10000000;nt14402
174402;10000000;nt14403
174403;10000000;nt14404
174404;10000000;nt14405
174405;10000000;nt14406
174406;10000000;nt14407
174407;10000000;nt14408
174408;10000000;nt14409
174409;10000000;nt14410
174410;10000000;nt14411
174411;10000000;nt14412
174412;10000000;nt14413
174413;10000000;nt14414
174414;10000000;nt14415
174415;10000000;nt14416
174416;10000000;nt14417
174417;10000000;nt14418
174418;10000000;nt14419
174419;10000000;nt14420
174420;10000000;nt14421
174421;10000000;nt14422
174422;10000000;nt14423
174423;10000000;nt14424
174424;10000000;nt14425
174425;10000000;nt14426
174426;10000000;nt14427
174427;10000000;nt14428
174428;10000000;nt14429
174429;10000000;nt14430
174430;10000000;nt14431
174431;10000000;nt14432
174432;10000000;nt14433
174433;10000000;nt14434
174434;10000000;nt14435
174435;10000000;nt14436
174436;10000000;nt14437
174437;10000000;nt14438
174438;10000000;nt14439
174439;10000000;nt14440
174440;10000000;nt14441
174441;10000000;nt14442
174442;10000000;nt14443
174443;10000000;nt14444
174444;10000000;nt14445
174445;10000000;nt14446
174446;10000000;nt14447
174447;10000000;nt14448
174448;10000000;nt14449
174449;10000000;nt14450
174450;10000000;nt14451
174451;10000000;nt14452
174452;10000000;nt14453
174453;10000000;nt14454
174454;10000000;nt14455
174455;10000000;nt14456
174456;10000000;nt14457
174457;10000000;nt14458
174458;10000000;nt14459
174459;10000000;nt14460
174460;10000000;nt14461
174461;10000000;nt14462
174462;10000000;nt14463
174463;10000000;nt14464
174464;10000000;nt14465
174465;10000000;nt14466
174466;10000000;nt14467
174467;10000000;nt14468
174468;10000000;nt14469
174469;10000000;nt14470
174470;10000000;nt14471
174471;10000000;nt14472
174472;10000000;nt14473
174473;10000000;nt14474
174474;10000000;nt14475
174475;10000000;nt14476
174476;10000000;nt14477
174477;10000000;nt14478
174478;10000000;nt14479
174479;10000000;nt14480
174480;10000000;nt14481
174481;10000000;nt14482
174482;10000000;nt14483
174483;10000000;nt14484
174484;10000000;nt14485
174485;10000000;nt14486
174486;10000000;nt14487
174487;10000000;nt14488
174488;10000000;nt14489
174489;10000000;nt14490
174490;10000000;nt14491
174491;10000000;nt14492
174492;10000000;nt14493
174493;10000000;nt14494
174494;10000000;nt14495
174495;10000000;nt14496
174496;10000000;nt14497
174497;10000000;nt14498
174498;10000000;nt14499
174499;10000000;nt14500
174500;10000000;nt14501
174501;10000000;nt14502
174502;10000000;nt14503
174503;10000000;nt14504
174504;10000000;nt14505
174505;10000000;nt14506
174506;10000000;nt14507
174507;10000000;nt14508
174508;10000000;nt14509
174509;10000000;nt14510
174510;10000000;nt14511
174511;10000000;nt14512
174512;10000000;nt14513
174513;10000000;nt14514
174514;10000000;nt14515
174515;10000000;nt14516
174516;10000000;nt14517
174517;10000000;nt14518
174518;10000000;nt14519
174519;10000000;nt14520
174520;10000000;nt14521
174521;10000000;nt14522
174522;10000000;nt14523
174523;10000000;nt14524
174524;10000000;nt14525
174525;10000000;nt14526
174526;10000000;nt14527
174527;10000000;nt14528
174528;10000000;nt14529
174529;10000000;nt14530
174530;10000000;nt14531
174531;10000000;nt14532
174532;10000000;nt14533
174533;10000000;nt14534
174534;10000000;nt14535
174535;10000000;nt14536
174536;10000000;nt14537
174537;10000000;nt14538
174538;10000000;nt14539
174539;10000000;nt14540
174540;10000000;nt14541
174541;10000000;nt14542
174542;10000000;nt14543
174543;10000000;nt14544
174544;10000000;nt14545
174545;10000000;nt14546
174546;10000000;nt14547
174547;10000000;nt14548
174548;10000000;nt14549
174549;10000000;nt14550
174550;10000000;nt14551
174551;10000000;nt14552
174552;10000000;nt14553
174553;10000000;nt14554
174554;10000000;nt14555
174555;10000000;nt14556
174556;10000000;nt14557
174557;10000000;nt14558
174558;10000000;nt14559
174559;10000000;nt14560
174560;10000000;nt14561
174561;10000000;nt14562
174562;10000000;nt14563
174563;10000000;nt14564
174564;10000000;nt14565
174565;10000000;nt14566
174566;10000000;nt14567
174567;10000000;nt14568
174568;10000000;nt14569
174569;10000000;nt14570
174570;10000000;nt14571
174571;10000000;nt14572
174572;10000000;nt14573
174573;10000000;nt14574
174574;10000000;nt14575
174575;10000000;nt14576
174576;10000000;nt14577
174577;10000000;nt14578
174578;10000000;nt14579
174579;10000000;nt14580
174580;10000000;nt14581
174581;10000000;nt14582
174582;10000000;nt14583
174583;10000000;nt14584
174584;10000000;nt14585
174585;10000000;nt14586
174586;10000000;nt14587
174587;10000000;nt14588
174588;10000000;nt14589
174589;10000000;nt14590
174590;10000000;nt14591
174591;10000000;nt14592
174592;10000000;nt14593
174593;10000000;nt14594
174594;10000000;nt14595
174595;10000000;nt14596
174596;10000000;nt14597
174597;10000000;nt14598
174598;10000000;nt14599
174599;10000000;nt14600
174600;10000000;nt14601
174601;10000000;nt14602
174602;10000000;nt14603
174603;10000000;nt14604
174604;10000000;nt14605
174605;10000000;nt14606
174606;10000000;nt14607
174607;10000000;nt14608
174608;10000000;nt14609
174609;10000000;nt14610
174610;10000000;nt14611
174611;10000000;nt14612
174612;10000000;nt14613
174613;10000000;nt14614
174614;10000000;nt14615
174615;10000000;nt14616
174616;10000000;nt14617
174617;10000000;nt14618
174618;10000000;nt14619
174619;10000000;nt14620
174620;10000000;nt14621
174621;10000000;nt14622
174622;10000000;nt14623
174623;10000000;nt14624
174624;10000000;nt14625
174625;10000000;nt14626
174626;10000000;nt14627
174627;10000000;nt14628
174628;10000000;nt14629
174629;10000000;nt14630
174630;10000000;nt14631
174631;10000000;nt14632
174632;10000000;nt14633
174633;10000000;nt14634
174634;10000000;nt14635
174635;10000000;nt14636
174636;10000000;nt14637
174637;10000000;nt14638
174638;10000000;nt14639
174639;10000000;nt14640
174640;10000000;nt14641
174641;10000000;nt14642
174642;10000000;nt14643
174643;10000000;nt14644
174644;10000000;nt14645
174645;10000000;nt14646
174646;10000000;nt14647
174647;10000000;nt14648
174648;10000000;nt14649
174649;10000000;nt14650
174650;10000000;nt14651
174651;10000000;nt14652
174652;10000000;nt14653
174653;10000000;nt14654
174654;10000000;nt14655
174655;10000000;nt14656
174656;10000000;nt14657
174657;10000000;nt14658
174658;10000000;nt14659
174659;10000000;nt14660
174660;10000000;nt14661
174661;10000000;nt14662
174662;10000000;nt14663
174663;10000000;nt14664
174664;10000000;nt14665
174665;10000000;nt14666
174666;10000000;nt14667
174667;10000000;nt14668
174668;10000000;nt14669
174669;10000000;nt14670
174670;10000000;nt14671
174671;10000000;nt14672
174672;10000000;nt14673
174673;10000000;nt14674
174674;10000000;nt14675
174675;10000000;nt14676
174676;10000000;nt14677
174677;10000000;nt14678
174678;10000000;nt14679
174679;10000000;nt14680
174680;10000000;nt14681
174681;10000000;nt14682
174682;10000000;nt14683
174683;10000000;nt14684
174684;10000000;nt14685
174685;10000000;nt14686
174686;10000000;nt14687
174687;10000000;nt14688
174688;10000000;nt14689
174689;10000000;nt14690
174690;10000000;nt14691
174691;10000000;nt14692
174692;10000000;nt14693
174693;10000000;nt14694
174694;10000000;nt14695
174695;10000000;nt14696
174696;10000000;nt14697
174697;10000000;nt14698
174698;10000000;nt14699
174699;10000000;nt14700
174700;10000000;nt14701
174701;10000000;nt14702
174702;10000000;nt14703
174703;10000000;nt14704
174704;10000000;nt14705
174705;10000000;nt14706
174706;10000000;nt14707
174707;10000000;nt14708
174708;10000000;nt14709
174709;10000000;nt14710
174710;10000000;nt14711
174711;10000000;nt14712
174712;10000000;nt14713
174713;10000000;nt14714
174714;10000000;nt14715
174715;10000000;nt14716
174716;10000000;nt14717
174717;10000000;nt14718
174718;10000000;nt14719
174719;10000000;nt14720
174720;10000000;nt14721
174721;10000000;nt14722
174722;10000000;nt14723
174723;10000000;nt14724
174724;10000000;nt14725
174725;10000000;nt14726
174726;10000000;nt14727
174727;10000000;nt14728
174728;10000000;nt14729
174729;10000000;nt14730
174730;10000000;nt14731
174731;10000000;nt14732
174732;10000000;nt14733
174733;10000000;nt14734
174734;10000000;nt14735
174735;10000000;nt14736
174736;10000000;nt14737
174737;10000000;nt14738
174738;10000000;nt14739
174739;10000000;nt14740
174740;10000000;nt14741
174741;10000000;nt14742
174742;10000000;nt14743
174743;10000000;nt14744
174744;10000000;nt14745
174745;10000000;nt14746
174746;10000000;nt14747
174747;10000000;nt14748
174748;10000000;nt14749
174749;10000000;nt14750
174750;10000000;nt14751
174751;10000000;nt14752
174752;10000000;nt14753
174753;10000000;nt14754
174754;10000000;nt14755
174755;10000000;nt14756
174756;10000000;nt14757
174757;10000000;nt14758
174758;10000000;nt14759
174759;10000000;nt14760
174760;10000000;nt14761
174761;10000000;nt14762
174762;10000000;nt14763
174763;10000000;nt14764
174764;10000000;nt14765
174765;10000000;nt14766
174766;10000000;nt14767
174767;10000000;nt14768
174768;10000000;nt14769
174769;10000000;nt14770
174770;10000000;nt14771
174771;10000000;nt14772
174772;10000000;nt14773
174773;10000000;nt14774
174774;10000000;nt14775
174775;10000000;nt14776
174776;10000000;nt14777
174777;10000000;nt14778
174778;10000000;nt14779
174779;10000000;nt14780
174780;10000000;nt14781
174781;10000000;nt14782
174782;10000000;nt14783
174783;10000000;nt14784
174784;10000000;nt14785
174785;10000000;nt14786
174786;10000000;nt14787
174787;10000000;nt14788
174788;10000000;nt14789
174789;10000000;nt14790
174790;10000000;nt14791
174791;10000000;nt14792
174792;10000000;nt14793
174793;10000000;nt14794
174794;10000000;nt14795
174795;10000000;nt14796
174796;10000000;nt14797
174797;10000000;nt14798
174798;10000000;nt14799
174799;10000000;nt14800
174800;10000000;nt14801
174801;10000000;nt14802
174802;10000000;nt14803
174803;10000000;nt14804
174804;10000000;nt14805
174805;10000000;nt14806
174806;10000000;nt14807
174807;10000000;nt14808
174808;10000000;nt14809
174809;10000000;nt14810
174810;10000000;nt14811
174811;10000000;nt14812
174812;10000000;nt14813
174813;10000000;nt14814
174814;10000000;nt14815
174815;10000000;nt14816
174816;10000000;nt14817
174817;10000000;nt14818
174818;10000000;nt14819
174819;10000000;nt14820
174820;10000000;nt14821
174821;10000000;nt14822
174822;10000000;nt14823
174823;10000000;nt14824
174824;10000000;nt14825
174825;10000000;nt14826
174826;10000000;nt14827
174827;10000000;nt14828
174828;10000000;nt14829
174829;10000000;nt14830
174830;10000000;nt14831
174831;10000000;nt14832
174832;10000000;nt14833
174833;10000000;nt14834
174834;10000000;nt14835
174835;10000000;nt14836
174836;10000000;nt14837
174837;10000000;nt14838
174838;10000000;nt14839
174839;10000000;nt14840
174840;10000000;nt14841
174841;10000000;nt14842
174842;10000000;nt14843
174843;10000000;nt14844
174844;10000000;nt14845
174845;10000000;nt14846
174846;10000000;nt14847
174847;10000000;nt14848
174848;10000000;nt14849
174849;10000000;nt14850
174850;10000000;nt14851
174851;10000000;nt14852
174852;10000000;nt14853
174853;10000000;nt14854
174854;10000000;nt14855
174855;10000000;nt14856
174856;10000000;nt14857
174857;10000000;nt14858
174858;10000000;nt14859
174859;10000000;nt14860
174860;10000000;nt14861
174861;10000000;nt14862
174862;10000000;nt14863
174863;10000000;nt14864
174864;10000000;nt14865
174865;10000000;nt14866
174866;10000000;nt14867
174867;10000000;nt14868
174868;10000000;nt14869
174869;10000000;nt14870
174870;10000000;nt14871
174871;10000000;nt14872
174872;10000000;nt14873
174873;10000000;nt14874
174874;10000000;nt14875
174875;10000000;nt14876
174876;10000000;nt14877
174877;10000000;nt14878
174878;10000000;nt14879
174879;10000000;nt14880
174880;10000000;nt14881
174881;10000000;nt14882
174882;10000000;nt14883
174883;10000000;nt14884
174884;10000000;nt14885
174885;10000000;nt14886
174886;10000000;nt14887
174887;10000000;nt14888
174888;10000000;nt14889
174889;10000000;nt14890
174890;10000000;nt14891
174891;10000000;nt14892
174892;10000000;nt14893
174893;10000000;nt14894
174894;10000000;nt14895
174895;10000000;nt14896
174896;10000000;nt14897
174897;10000000;nt14898
174898;10000000;nt14899
174899;10000000;nt14900
174900;10000000;nt14901
174901;10000000;nt14902
174902;10000000;nt14903
174903;10000000;nt14904
174904;10000000;nt14905
174905;10000000;nt14906
174906;10000000;nt14907
174907;10000000;nt14908
174908;10000000;nt14909
174909;10000000;nt14910
174910;10000000;nt14911
174911;10000000;nt14912
174912;10000000;nt14913
174913;10000000;nt14914
174914;10000000;nt14915
174915;10000000;nt14916
174916;10000000;nt14917
174917;10000000;nt14918
174918;10000000;nt14919
174919;10000000;nt14920
174920;10000000;nt14921
174921;10000000;nt14922
174922;10000000;nt14923
174923;10000000;nt14924
174924;10000000;nt14925
174925;10000000;nt14926
174926;10000000;nt14927
174927;10000000;nt14928
174928;10000000;nt14929
174929;10000000;nt14930
174930;10000000;nt14931
174931;10000000;nt14932
174932;10000000;nt14933
174933;10000000;nt14934
174934;10000000;nt14935
174935;10000000;nt14936
174936;10000000;nt14937
174937;10000000;nt14938
174938;10000000;nt14939
174939;10000000;nt14940
174940;10000000;nt14941
174941;10000000;nt14942
174942;10000000;nt14943
174943;10000000;nt14944
174944;10000000;nt14945
174945;10000000;nt14946
174946;10000000;nt14947
174947;10000000;nt14948
174948;10000000;nt14949
174949;10000000;nt14950
174950;10000000;nt14951
174951;10000000;nt14952
174952;10000000;nt14953
174953;10000000;nt14954
174954;10000000;nt14955
174955;10000000;nt14956
174956;10000000;nt14957
174957;10000000;nt14958
174958;10000000;nt14959
174959;10000000;nt14960
174960;10000000;nt14961
174961;10000000;nt14962
174962;10000000;nt14963
174963;10000000;nt14964
174964;10000000;nt14965
174965;10000000;nt14966
174966;10000000;nt14967
174967;10000000;nt14968
174968;10000000;nt14969
174969;10000000;nt14970
174970;10000000;nt14971
174971;10000000;nt14972
174972;10000000;nt14973
174973;10000000;nt14974
174974;10000000;nt14975
174975;10000000;nt14976
174976;10000000;nt14977
174977;10000000;nt14978
174978;10000000;nt14979
174979;10000000;nt14980
174980;10000000;nt14981
174981;10000000;nt14982
174982;10000000;nt14983
174983;10000000;nt14984
174984;10000000;nt14985
174985;10000000;nt14986
174986;10000000;nt14987
174987;10000000;nt14988
174988;10000000;nt14989
174989;10000000;nt14990
174990;10000000;nt14991
174991;10000000;nt14992
174992;10000000;nt14993
174993;10000000;nt14994
174994;10000000;nt14995
174995;10000000;nt14996
174996;10000000;nt14997
174997;10000000;nt14998
174998;10000000;nt14999
174999;10000000;nt15000
175000;10000000;nt15001
175001;10000000;nt15002
175002;10000000;nt15003
175003;10000000;nt15004
175004;10000000;nt15005
175005;10000000;nt15006
175006;10000000;nt15007
175007;10000000;nt15008
175008;10000000;nt15009
175009;10000000;nt15010
175010;10000000;nt15011
175011;10000000;nt15012
175012;10000000;nt15013
175013;10000000;nt15014
175014;10000000;nt15015
175015;10000000;nt15016
175016;10000000;nt15017
175017;10000000;nt15018
175018;10000000;nt15019
175019;10000000;nt15020
175020;10000000;nt15021
175021;10000000;nt15022
175022;10000000;nt15023
175023;10000000;nt15024
175024;10000000;nt15025
175025;10000000;nt15026
175026;10000000;nt15027
175027;10000000;nt15028
175028;10000000;nt15029
175029;10000000;nt15030
175030;10000000;nt15031
175031;10000000;nt15032
175032;10000000;nt15033
175033;10000000;nt15034
175034;10000000;nt15035
175035;10000000;nt15036
175036;10000000;nt15037
175037;10000000;nt15038
175038;10000000;nt15039
175039;10000000;nt15040
175040;10000000;nt15041
175041;10000000;nt15042
175042;10000000;nt15043
175043;10000000;nt15044
175044;10000000;nt15045
175045;10000000;nt15046
175046;10000000;nt15047
175047;10000000;nt15048
175048;10000000;nt15049
175049;10000000;nt15050
175050;10000000;nt15051
175051;10000000;nt15052
175052;10000000;nt15053
175053;10000000;nt15054
175054;10000000;nt15055
175055;10000000;nt15056
175056;10000000;nt15057
175057;10000000;nt15058
175058;10000000;nt15059
175059;10000000;nt15060
175060;10000000;nt15061
175061;10000000;nt15062
175062;10000000;nt15063
175063;10000000;nt15064
175064;10000000;nt15065
175065;10000000;nt15066
175066;10000000;nt15067
175067;10000000;nt15068
175068;10000000;nt15069
175069;10000000;nt15070
175070;10000000;nt15071
175071;10000000;nt15072
175072;10000000;nt15073
175073;10000000;nt15074
175074;10000000;nt15075
175075;10000000;nt15076
175076;10000000;nt15077
175077;10000000;nt15078
175078;10000000;nt15079
175079;10000000;nt15080
175080;10000000;nt15081
175081;10000000;nt15082
175082;10000000;nt15083
175083;10000000;nt15084
175084;10000000;nt15085
175085;10000000;nt15086
175086;10000000;nt15087
175087;10000000;nt15088
175088;10000000;nt15089
175089;10000000;nt15090
175090;10000000;nt15091
175091;10000000;nt15092
175092;10000000;nt15093
175093;10000000;nt15094
175094;10000000;nt15095
175095;10000000;nt15096
175096;10000000;nt15097
175097;10000000;nt15098
175098;10000000;nt15099
175099;10000000;nt15100
175100;10000000;nt15101
175101;10000000;nt15102
175102;10000000;nt15103
175103;10000000;nt15104
175104;10000000;nt15105
175105;10000000;nt15106
175106;10000000;nt15107
175107;10000000;nt15108
175108;10000000;nt15109
175109;10000000;nt15110
175110;10000000;nt15111
175111;10000000;nt15112
175112;10000000;nt15113
175113;10000000;nt15114
175114;10000000;nt15115
175115;10000000;nt15116
175116;10000000;nt15117
175117;10000000;nt15118
175118;10000000;nt15119
175119;10000000;nt15120
175120;10000000;nt15121
175121;10000000;nt15122
175122;10000000;nt15123
175123;10000000;nt15124
175124;10000000;nt15125
175125;10000000;nt15126
175126;10000000;nt15127
175127;10000000;nt15128
175128;10000000;nt15129
175129;10000000;nt15130
175130;10000000;nt15131
175131;10000000;nt15132
175132;10000000;nt15133
175133;10000000;nt15134
175134;10000000;nt15135
175135;10000000;nt15136
175136;10000000;nt15137
175137;10000000;nt15138
175138;10000000;nt15139
175139;10000000;nt15140
175140;10000000;nt15141
175141;10000000;nt15142
175142;10000000;nt15143
175143;10000000;nt15144
175144;10000000;nt15145
175145;10000000;nt15146
175146;10000000;nt15147
175147;10000000;nt15148
175148;10000000;nt15149
175149;10000000;nt15150
175150;10000000;nt15151
175151;10000000;nt15152
175152;10000000;nt15153
175153;10000000;nt15154
175154;10000000;nt15155
175155;10000000;nt15156
175156;10000000;nt15157
175157;10000000;nt15158
175158;10000000;nt15159
175159;10000000;nt15160
175160;10000000;nt15161
175161;10000000;nt15162
175162;10000000;nt15163
175163;10000000;nt15164
175164;10000000;nt15165
175165;10000000;nt15166
175166;10000000;nt15167
175167;10000000;nt15168
175168;10000000;nt15169
175169;10000000;nt15170
175170;10000000;nt15171
175171;10000000;nt15172
175172;10000000;nt15173
175173;10000000;nt15174
175174;10000000;nt15175
175175;10000000;nt15176
175176;10000000;nt15177
175177;10000000;nt15178
175178;10000000;nt15179
175179;10000000;nt15180
175180;10000000;nt15181
175181;10000000;nt15182
175182;10000000;nt15183
175183;10000000;nt15184
175184;10000000;nt15185
175185;10000000;nt15186
175186;10000000;nt15187
175187;10000000;nt15188
175188;10000000;nt15189
175189;10000000;nt15190
175190;10000000;nt15191
175191;10000000;nt15192
175192;10000000;nt15193
175193;10000000;nt15194
175194;10000000;nt15195
175195;10000000;nt15196
175196;10000000;nt15197
175197;10000000;nt15198
175198;10000000;nt15199
175199;10000000;nt15200
175200;10000000;nt15201
175201;10000000;nt15202
175202;10000000;nt15203
175203;10000000;nt15204
175204;10000000;nt15205
175205;10000000;nt15206
175206;10000000;nt15207
175207;10000000;nt15208
175208;10000000;nt15209
175209;10000000;nt15210
175210;10000000;nt15211
175211;10000000;nt15212
175212;10000000;nt15213
175213;10000000;nt15214
175214;10000000;nt15215
175215;10000000;nt15216
175216;10000000;nt15217
175217;10000000;nt15218
175218;10000000;nt15219
175219;10000000;nt15220
175220;10000000;nt15221
175221;10000000;nt15222
175222;10000000;nt15223
175223;10000000;nt15224
175224;10000000;nt15225
175225;10000000;nt15226
175226;10000000;nt15227
175227;10000000;nt15228
175228;10000000;nt15229
175229;10000000;nt15230
175230;10000000;nt15231
175231;10000000;nt15232
175232;10000000;nt15233
175233;10000000;nt15234
175234;10000000;nt15235
175235;10000000;nt15236
175236;10000000;nt15237
175237;10000000;nt15238
175238;10000000;nt15239
175239;10000000;nt15240
175240;10000000;nt15241
175241;10000000;nt15242
175242;10000000;nt15243
175243;10000000;nt15244
175244;10000000;nt15245
175245;10000000;nt15246
175246;10000000;nt15247
175247;10000000;nt15248
175248;10000000;nt15249
175249;10000000;nt15250
175250;10000000;nt15251
175251;10000000;nt15252
175252;10000000;nt15253
175253;10000000;nt15254
175254;10000000;nt15255
175255;10000000;nt15256
175256;10000000;nt15257
175257;10000000;nt15258
175258;10000000;nt15259
175259;10000000;nt15260
175260;10000000;nt15261
175261;10000000;nt15262
175262;10000000;nt15263
175263;10000000;nt15264
175264;10000000;nt15265
175265;10000000;nt15266
175266;10000000;nt15267
175267;10000000;nt15268
175268;10000000;nt15269
175269;10000000;nt15270
175270;10000000;nt15271
175271;10000000;nt15272
175272;10000000;nt15273
175273;10000000;nt15274
175274;10000000;nt15275
175275;10000000;nt15276
175276;10000000;nt15277
175277;10000000;nt15278
175278;10000000;nt15279
175279;10000000;nt15280
175280;10000000;nt15281
175281;10000000;nt15282
175282;10000000;nt15283
175283;10000000;nt15284
175284;10000000;nt15285
175285;10000000;nt15286
175286;10000000;nt15287
175287;10000000;nt15288
175288;10000000;nt15289
175289;10000000;nt15290
175290;10000000;nt15291
175291;10000000;nt15292
175292;10000000;nt15293
175293;10000000;nt15294
175294;10000000;nt15295
175295;10000000;nt15296
175296;10000000;nt15297
175297;10000000;nt15298
175298;10000000;nt15299
175299;10000000;nt15300
175300;10000000;nt15301
175301;10000000;nt15302
175302;10000000;nt15303
175303;10000000;nt15304
175304;10000000;nt15305
175305;10000000;nt15306
175306;10000000;nt15307
175307;10000000;nt15308
175308;10000000;nt15309
175309;10000000;nt15310
175310;10000000;nt15311
175311;10000000;nt15312
175312;10000000;nt15313
175313;10000000;nt15314
175314;10000000;nt15315
175315;10000000;nt15316
175316;10000000;nt15317
175317;10000000;nt15318
175318;10000000;nt15319
175319;10000000;nt15320
175320;10000000;nt15321
175321;10000000;nt15322
175322;10000000;nt15323
175323;10000000;nt15324
175324;10000000;nt15325
175325;10000000;nt15326
175326;10000000;nt15327
175327;10000000;nt15328
175328;10000000;nt15329
175329;10000000;nt15330
175330;10000000;nt15331
175331;10000000;nt15332
175332;10000000;nt15333
175333;10000000;nt15334
175334;10000000;nt15335
175335;10000000;nt15336
175336;10000000;nt15337
175337;10000000;nt15338
175338;10000000;nt15339
175339;10000000;nt15340
175340;10000000;nt15341
175341;10000000;nt15342
175342;10000000;nt15343
175343;10000000;nt15344
175344;10000000;nt15345
175345;10000000;nt15346
175346;10000000;nt15347
175347;10000000;nt15348
175348;10000000;nt15349
175349;10000000;nt15350
175350;10000000;nt15351
175351;10000000;nt15352
175352;10000000;nt15353
175353;10000000;nt15354
175354;10000000;nt15355
175355;10000000;nt15356
175356;10000000;nt15357
175357;10000000;nt15358
175358;10000000;nt15359
175359;10000000;nt15360
175360;10000000;nt15361
175361;10000000;nt15362
175362;10000000;nt15363
175363;10000000;nt15364
175364;10000000;nt15365
175365;10000000;nt15366
175366;10000000;nt15367
175367;10000000;nt15368
175368;10000000;nt15369
175369;10000000;nt15370
175370;10000000;nt15371
175371;10000000;nt15372
175372;10000000;nt15373
175373;10000000;nt15374
175374;10000000;nt15375
175375;10000000;nt15376
175376;10000000;nt15377
175377;10000000;nt15378
175378;10000000;nt15379
175379;10000000;nt15380
175380;10000000;nt15381
175381;10000000;nt15382
175382;10000000;nt15383
175383;10000000;nt15384
175384;10000000;nt15385
175385;10000000;nt15386
175386;10000000;nt15387
175387;10000000;nt15388
175388;10000000;nt15389
175389;10000000;nt15390
175390;10000000;nt15391
175391;10000000;nt15392
175392;10000000;nt15393
175393;10000000;nt15394
175394;10000000;nt15395
175395;10000000;nt15396
175396;10000000;nt15397
175397;10000000;nt15398
175398;10000000;nt15399
175399;10000000;nt15400
175400;10000000;nt15401
175401;10000000;nt15402
175402;10000000;nt15403
175403;10000000;nt15404
175404;10000000;nt15405
175405;10000000;nt15406
175406;10000000;nt15407
175407;10000000;nt15408
175408;10000000;nt15409
175409;10000000;nt15410
175410;10000000;nt15411
175411;10000000;nt15412
175412;10000000;nt15413
175413;10000000;nt15414
175414;10000000;nt15415
175415;10000000;nt15416
175416;10000000;nt15417
175417;10000000;nt15418
175418;10000000;nt15419
175419;10000000;nt15420
175420;10000000;nt15421
175421;10000000;nt15422
175422;10000000;nt15423
175423;10000000;nt15424
175424;10000000;nt15425
175425;10000000;nt15426
175426;10000000;nt15427
175427;10000000;nt15428
175428;10000000;nt15429
175429;10000000;nt15430
175430;10000000;nt15431
175431;10000000;nt15432
175432;10000000;nt15433
175433;10000000;nt15434
175434;10000000;nt15435
175435;10000000;nt15436
175436;10000000;nt15437
175437;10000000;nt15438
175438;10000000;nt15439
175439;10000000;nt15440
175440;10000000;nt15441
175441;10000000;nt15442
175442;10000000;nt15443
175443;10000000;nt15444
175444;10000000;nt15445
175445;10000000;nt15446
175446;10000000;nt15447
175447;10000000;nt15448
175448;10000000;nt15449
175449;10000000;nt15450
175450;10000000;nt15451
175451;10000000;nt15452
175452;10000000;nt15453
175453;10000000;nt15454
175454;10000000;nt15455
175455;10000000;nt15456
175456;10000000;nt15457
175457;10000000;nt15458
175458;10000000;nt15459
175459;10000000;nt15460
175460;10000000;nt15461
175461;10000000;nt15462
175462;10000000;nt15463
175463;10000000;nt15464
175464;10000000;nt15465
175465;10000000;nt15466
175466;10000000;nt15467
175467;10000000;nt15468
175468;10000000;nt15469
175469;10000000;nt15470
175470;10000000;nt15471
175471;10000000;nt15472
175472;10000000;nt15473
175473;10000000;nt15474
175474;10000000;nt15475
175475;10000000;nt15476
175476;10000000;nt15477
175477;10000000;nt15478
175478;10000000;nt15479
175479;10000000;nt15480
175480;10000000;nt15481
175481;10000000;nt15482
175482;10000000;nt15483
175483;10000000;nt15484
175484;10000000;nt15485
175485;10000000;nt15486
175486;10000000;nt15487
175487;10000000;nt15488
175488;10000000;nt15489
175489;10000000;nt15490
175490;10000000;nt15491
175491;10000000;nt15492
175492;10000000;nt15493
175493;10000000;nt15494
175494;10000000;nt15495
175495;10000000;nt15496
175496;10000000;nt15497
175497;10000000;nt15498
175498;10000000;nt15499
175499;10000000;nt15500
175500;10000000;nt15501
175501;10000000;nt15502
175502;10000000;nt15503
175503;10000000;nt15504
175504;10000000;nt15505
175505;10000000;nt15506
175506;10000000;nt15507
175507;10000000;nt15508
175508;10000000;nt15509
175509;10000000;nt15510
175510;10000000;nt15511
175511;10000000;nt15512
175512;10000000;nt15513
175513;10000000;nt15514
175514;10000000;nt15515
175515;10000000;nt15516
175516;10000000;nt15517
175517;10000000;nt15518
175518;10000000;nt15519
175519;10000000;nt15520
175520;10000000;nt15521
175521;10000000;nt15522
175522;10000000;nt15523
175523;10000000;nt15524
175524;10000000;nt15525
175525;10000000;nt15526
175526;10000000;nt15527
175527;10000000;nt15528
175528;10000000;nt15529
175529;10000000;nt15530
175530;10000000;nt15531
175531;10000000;nt15532
175532;10000000;nt15533
175533;10000000;nt15534
175534;10000000;nt15535
175535;10000000;nt15536
175536;10000000;nt15537
175537;10000000;nt15538
175538;10000000;nt15539
175539;10000000;nt15540
175540;10000000;nt15541
175541;10000000;nt15542
175542;10000000;nt15543
175543;10000000;nt15544
175544;10000000;nt15545
175545;10000000;nt15546
175546;10000000;nt15547
175547;10000000;nt15548
175548;10000000;nt15549
175549;10000000;nt15550
175550;10000000;nt15551
175551;10000000;nt15552
175552;10000000;nt15553
175553;10000000;nt15554
175554;10000000;nt15555
175555;10000000;nt15556
175556;10000000;nt15557
175557;10000000;nt15558
175558;10000000;nt15559
175559;10000000;nt15560
175560;10000000;nt15561
175561;10000000;nt15562
175562;10000000;nt15563
175563;10000000;nt15564
175564;10000000;nt15565
175565;10000000;nt15566
175566;10000000;nt15567
175567;10000000;nt15568
175568;10000000;nt15569
175569;10000000;nt15570
175570;10000000;nt15571
175571;10000000;nt15572
175572;10000000;nt15573
175573;10000000;nt15574
175574;10000000;nt15575
175575;10000000;nt15576
175576;10000000;nt15577
175577;10000000;nt15578
175578;10000000;nt15579
175579;10000000;nt15580
175580;10000000;nt15581
175581;10000000;nt15582
175582;10000000;nt15583
175583;10000000;nt15584
175584;10000000;nt15585
175585;10000000;nt15586
175586;10000000;nt15587
175587;10000000;nt15588
175588;10000000;nt15589
175589;10000000;nt15590
175590;10000000;nt15591
175591;10000000;nt15592
175592;10000000;nt15593
175593;10000000;nt15594
175594;10000000;nt15595
175595;10000000;nt15596
175596;10000000;nt15597
175597;10000000;nt15598
175598;10000000;nt15599
175599;10000000;nt15600
175600;10000000;nt15601
175601;10000000;nt15602
175602;10000000;nt15603
175603;10000000;nt15604
175604;10000000;nt15605
175605;10000000;nt15606
175606;10000000;nt15607
175607;10000000;nt15608
175608;10000000;nt15609
175609;10000000;nt15610
175610;10000000;nt15611
175611;10000000;nt15612
175612;10000000;nt15613
175613;10000000;nt15614
175614;10000000;nt15615
175615;10000000;nt15616
175616;10000000;nt15617
175617;10000000;nt15618
175618;10000000;nt15619
175619;10000000;nt15620
175620;10000000;nt15621
175621;10000000;nt15622
175622;10000000;nt15623
175623;10000000;nt15624
175624;10000000;nt15625
175625;10000000;nt15626
175626;10000000;nt15627
175627;10000000;nt15628
175628;10000000;nt15629
175629;10000000;nt15630
175630;10000000;nt15631
175631;10000000;nt15632
175632;10000000;nt15633
175633;10000000;nt15634
175634;10000000;nt15635
175635;10000000;nt15636
175636;10000000;nt15637
175637;10000000;nt15638
175638;10000000;nt15639
175639;10000000;nt15640
175640;10000000;nt15641
175641;10000000;nt15642
175642;10000000;nt15643
175643;10000000;nt15644
175644;10000000;nt15645
175645;10000000;nt15646
175646;10000000;nt15647
175647;10000000;nt15648
175648;10000000;nt15649
175649;10000000;nt15650
175650;10000000;nt15651
175651;10000000;nt15652
175652;10000000;nt15653
175653;10000000;nt15654
175654;10000000;nt15655
175655;10000000;nt15656
175656;10000000;nt15657
175657;10000000;nt15658
175658;10000000;nt15659
175659;10000000;nt15660
175660;10000000;nt15661
175661;10000000;nt15662
175662;10000000;nt15663
175663;10000000;nt15664
175664;10000000;nt15665
175665;10000000;nt15666
175666;10000000;nt15667
175667;10000000;nt15668
175668;10000000;nt15669
175669;10000000;nt15670
175670;10000000;nt15671
175671;10000000;nt15672
175672;10000000;nt15673
175673;10000000;nt15674
175674;10000000;nt15675
175675;10000000;nt15676
175676;10000000;nt15677
175677;10000000;nt15678
175678;10000000;nt15679
175679;10000000;nt15680
175680;10000000;nt15681
175681;10000000;nt15682
175682;10000000;nt15683
175683;10000000;nt15684
175684;10000000;nt15685
175685;10000000;nt15686
175686;10000000;nt15687
175687;10000000;nt15688
175688;10000000;nt15689
175689;10000000;nt15690
175690;10000000;nt15691
175691;10000000;nt15692
175692;10000000;nt15693
175693;10000000;nt15694
175694;10000000;nt15695
175695;10000000;nt15696
175696;10000000;nt15697
175697;10000000;nt15698
175698;10000000;nt15699
175699;10000000;nt15700
175700;10000000;nt15701
175701;10000000;nt15702
175702;10000000;nt15703
175703;10000000;nt15704
175704;10000000;nt15705
175705;10000000;nt15706
175706;10000000;nt15707
175707;10000000;nt15708
175708;10000000;nt15709
175709;10000000;nt15710
175710;10000000;nt15711
175711;10000000;nt15712
175712;10000000;nt15713
175713;10000000;nt15714
175714;10000000;nt15715
175715;10000000;nt15716
175716;10000000;nt15717
175717;10000000;nt15718
175718;10000000;nt15719
175719;10000000;nt15720
175720;10000000;nt15721
175721;10000000;nt15722
175722;10000000;nt15723
175723;10000000;nt15724
175724;10000000;nt15725
175725;10000000;nt15726
175726;10000000;nt15727
175727;10000000;nt15728
175728;10000000;nt15729
175729;10000000;nt15730
175730;10000000;nt15731
175731;10000000;nt15732
175732;10000000;nt15733
175733;10000000;nt15734
175734;10000000;nt15735
175735;10000000;nt15736
175736;10000000;nt15737
175737;10000000;nt15738
175738;10000000;nt15739
175739;10000000;nt15740
175740;10000000;nt15741
175741;10000000;nt15742
175742;10000000;nt15743
175743;10000000;nt15744
175744;10000000;nt15745
175745;10000000;nt15746
175746;10000000;nt15747
175747;10000000;nt15748
175748;10000000;nt15749
175749;10000000;nt15750
175750;10000000;nt15751
175751;10000000;nt15752
175752;10000000;nt15753
175753;10000000;nt15754
175754;10000000;nt15755
175755;10000000;nt15756
175756;10000000;nt15757
175757;10000000;nt15758
175758;10000000;nt15759
175759;10000000;nt15760
175760;10000000;nt15761
175761;10000000;nt15762
175762;10000000;nt15763
175763;10000000;nt15764
175764;10000000;nt15765
175765;10000000;nt15766
175766;10000000;nt15767
175767;10000000;nt15768
175768;10000000;nt15769
175769;10000000;nt15770
175770;10000000;nt15771
175771;10000000;nt15772
175772;10000000;nt15773
175773;10000000;nt15774
175774;10000000;nt15775
175775;10000000;nt15776
175776;10000000;nt15777
175777;10000000;nt15778
175778;10000000;nt15779
175779;10000000;nt15780
175780;10000000;nt15781
175781;10000000;nt15782
175782;10000000;nt15783
175783;10000000;nt15784
175784;10000000;nt15785
175785;10000000;nt15786
175786;10000000;nt15787
175787;10000000;nt15788
175788;10000000;nt15789
175789;10000000;nt15790
175790;10000000;nt15791
175791;10000000;nt15792
175792;10000000;nt15793
175793;10000000;nt15794
175794;10000000;nt15795
175795;10000000;nt15796
175796;10000000;nt15797
175797;10000000;nt15798
175798;10000000;nt15799
175799;10000000;nt15800
175800;10000000;nt15801
175801;10000000;nt15802
175802;10000000;nt15803
175803;10000000;nt15804
175804;10000000;nt15805
175805;10000000;nt15806
175806;10000000;nt15807
175807;10000000;nt15808
175808;10000000;nt15809
175809;10000000;nt15810
175810;10000000;nt15811
175811;10000000;nt15812
175812;10000000;nt15813
175813;10000000;nt15814
175814;10000000;nt15815
175815;10000000;nt15816
175816;10000000;nt15817
175817;10000000;nt15818
175818;10000000;nt15819
175819;10000000;nt15820
175820;10000000;nt15821
175821;10000000;nt15822
175822;10000000;nt15823
175823;10000000;nt15824
175824;10000000;nt15825
175825;10000000;nt15826
175826;10000000;nt15827
175827;10000000;nt15828
175828;10000000;nt15829
175829;10000000;nt15830
175830;10000000;nt15831
175831;10000000;nt15832
175832;10000000;nt15833
175833;10000000;nt15834
175834;10000000;nt15835
175835;10000000;nt15836
175836;10000000;nt15837
175837;10000000;nt15838
175838;10000000;nt15839
175839;10000000;nt15840
175840;10000000;nt15841
175841;10000000;nt15842
175842;10000000;nt15843
175843;10000000;nt15844
175844;10000000;nt15845
175845;10000000;nt15846
175846;10000000;nt15847
175847;10000000;nt15848
175848;10000000;nt15849
175849;10000000;nt15850
175850;10000000;nt15851
175851;10000000;nt15852
175852;10000000;nt15853
175853;10000000;nt15854
175854;10000000;nt15855
175855;10000000;nt15856
175856;10000000;nt15857
175857;10000000;nt15858
175858;10000000;nt15859
175859;10000000;nt15860
175860;10000000;nt15861
175861;10000000;nt15862
175862;10000000;nt15863
175863;10000000;nt15864
175864;10000000;nt15865
175865;10000000;nt15866
175866;10000000;nt15867
175867;10000000;nt15868
175868;10000000;nt15869
175869;10000000;nt15870
175870;10000000;nt15871
175871;10000000;nt15872
175872;10000000;nt15873
175873;10000000;nt15874
175874;10000000;nt15875
175875;10000000;nt15876
175876;10000000;nt15877
175877;10000000;nt15878
175878;10000000;nt15879
175879;10000000;nt15880
175880;10000000;nt15881
175881;10000000;nt15882
175882;10000000;nt15883
175883;10000000;nt15884
175884;10000000;nt15885
175885;10000000;nt15886
175886;10000000;nt15887
175887;10000000;nt15888
175888;10000000;nt15889
175889;10000000;nt15890
175890;10000000;nt15891
175891;10000000;nt15892
175892;10000000;nt15893
175893;10000000;nt15894
175894;10000000;nt15895
175895;10000000;nt15896
175896;10000000;nt15897
175897;10000000;nt15898
175898;10000000;nt15899
175899;10000000;nt15900
175900;10000000;nt15901
175901;10000000;nt15902
175902;10000000;nt15903
175903;10000000;nt15904
175904;10000000;nt15905
175905;10000000;nt15906
175906;10000000;nt15907
175907;10000000;nt15908
175908;10000000;nt15909
175909;10000000;nt15910
175910;10000000;nt15911
175911;10000000;nt15912
175912;10000000;nt15913
175913;10000000;nt15914
175914;10000000;nt15915
175915;10000000;nt15916
175916;10000000;nt15917
175917;10000000;nt15918
175918;10000000;nt15919
175919;10000000;nt15920
175920;10000000;nt15921
175921;10000000;nt15922
175922;10000000;nt15923
175923;10000000;nt15924
175924;10000000;nt15925
175925;10000000;nt15926
175926;10000000;nt15927
175927;10000000;nt15928
175928;10000000;nt15929
175929;10000000;nt15930
175930;10000000;nt15931
175931;10000000;nt15932
175932;10000000;nt15933
175933;10000000;nt15934
175934;10000000;nt15935
175935;10000000;nt15936
175936;10000000;nt15937
175937;10000000;nt15938
175938;10000000;nt15939
175939;10000000;nt15940
175940;10000000;nt15941
175941;10000000;nt15942
175942;10000000;nt15943
175943;10000000;nt15944
175944;10000000;nt15945
175945;10000000;nt15946
175946;10000000;nt15947
175947;10000000;nt15948
175948;10000000;nt15949
175949;10000000;nt15950
175950;10000000;nt15951
175951;10000000;nt15952
175952;10000000;nt15953
175953;10000000;nt15954
175954;10000000;nt15955
175955;10000000;nt15956
175956;10000000;nt15957
175957;10000000;nt15958
175958;10000000;nt15959
175959;10000000;nt15960
175960;10000000;nt15961
175961;10000000;nt15962
175962;10000000;nt15963
175963;10000000;nt15964
175964;10000000;nt15965
175965;10000000;nt15966
175966;10000000;nt15967
175967;10000000;nt15968
175968;10000000;nt15969
175969;10000000;nt15970
175970;10000000;nt15971
175971;10000000;nt15972
175972;10000000;nt15973
175973;10000000;nt15974
175974;10000000;nt15975
175975;10000000;nt15976
175976;10000000;nt15977
175977;10000000;nt15978
175978;10000000;nt15979
175979;10000000;nt15980
175980;10000000;nt15981
175981;10000000;nt15982
175982;10000000;nt15983
175983;10000000;nt15984
175984;10000000;nt15985
175985;10000000;nt15986
175986;10000000;nt15987
175987;10000000;nt15988
175988;10000000;nt15989
175989;10000000;nt15990
175990;10000000;nt15991
175991;10000000;nt15992
175992;10000000;nt15993
175993;10000000;nt15994
175994;10000000;nt15995
175995;10000000;nt15996
175996;10000000;nt15997
175997;10000000;nt15998
175998;10000000;nt15999
175999;10000000;nt16000
176000;10000000;nt16001
176001;10000000;nt16002
176002;10000000;nt16003
176003;10000000;nt16004
176004;10000000;nt16005
176005;10000000;nt16006
176006;10000000;nt16007
176007;10000000;nt16008
176008;10000000;nt16009
176009;10000000;nt16010
176010;10000000;nt16011
176011;10000000;nt16012
176012;10000000;nt16013
176013;10000000;nt16014
176014;10000000;nt16015
176015;10000000;nt16016
176016;10000000;nt16017
176017;10000000;nt16018
176018;10000000;nt16019
176019;10000000;nt16020
176020;10000000;nt16021
176021;10000000;nt16022
176022;10000000;nt16023
176023;10000000;nt16024
176024;10000000;nt16025
176025;10000000;nt16026
176026;10000000;nt16027
176027;10000000;nt16028
176028;10000000;nt16029
176029;10000000;nt16030
176030;10000000;nt16031
176031;10000000;nt16032
176032;10000000;nt16033
176033;10000000;nt16034
176034;10000000;nt16035
176035;10000000;nt16036
176036;10000000;nt16037
176037;10000000;nt16038
176038;10000000;nt16039
176039;10000000;nt16040
176040;10000000;nt16041
176041;10000000;nt16042
176042;10000000;nt16043
176043;10000000;nt16044
176044;10000000;nt16045
176045;10000000;nt16046
176046;10000000;nt16047
176047;10000000;nt16048
176048;10000000;nt16049
176049;10000000;nt16050
176050;10000000;nt16051
176051;10000000;nt16052
176052;10000000;nt16053
176053;10000000;nt16054
176054;10000000;nt16055
176055;10000000;nt16056
176056;10000000;nt16057
176057;10000000;nt16058
176058;10000000;nt16059
176059;10000000;nt16060
176060;10000000;nt16061
176061;10000000;nt16062
176062;10000000;nt16063
176063;10000000;nt16064
176064;10000000;nt16065
176065;10000000;nt16066
176066;10000000;nt16067
176067;10000000;nt16068
176068;10000000;nt16069
176069;10000000;nt16070
176070;10000000;nt16071
176071;10000000;nt16072
176072;10000000;nt16073
176073;10000000;nt16074
176074;10000000;nt16075
176075;10000000;nt16076
176076;10000000;nt16077
176077;10000000;nt16078
176078;10000000;nt16079
176079;10000000;nt16080
176080;10000000;nt16081
176081;10000000;nt16082
176082;10000000;nt16083
176083;10000000;nt16084
176084;10000000;nt16085
176085;10000000;nt16086
176086;10000000;nt16087
176087;10000000;nt16088
176088;10000000;nt16089
176089;10000000;nt16090
176090;10000000;nt16091
176091;10000000;nt16092
176092;10000000;nt16093
176093;10000000;nt16094
176094;10000000;nt16095
176095;10000000;nt16096
176096;10000000;nt16097
176097;10000000;nt16098
176098;10000000;nt16099
176099;10000000;nt16100
176100;10000000;nt16101
176101;10000000;nt16102
176102;10000000;nt16103
176103;10000000;nt16104
176104;10000000;nt16105
176105;10000000;nt16106
176106;10000000;nt16107
176107;10000000;nt16108
176108;10000000;nt16109
176109;10000000;nt16110
176110;10000000;nt16111
176111;10000000;nt16112
176112;10000000;nt16113
176113;10000000;nt16114
176114;10000000;nt16115
176115;10000000;nt16116
176116;10000000;nt16117
176117;10000000;nt16118
176118;10000000;nt16119
176119;10000000;nt16120
176120;10000000;nt16121
176121;10000000;nt16122
176122;10000000;nt16123
176123;10000000;nt16124
176124;10000000;nt16125
176125;10000000;nt16126
176126;10000000;nt16127
176127;10000000;nt16128
176128;10000000;nt16129
176129;10000000;nt16130
176130;10000000;nt16131
176131;10000000;nt16132
176132;10000000;nt16133
176133;10000000;nt16134
176134;10000000;nt16135
176135;10000000;nt16136
176136;10000000;nt16137
176137;10000000;nt16138
176138;10000000;nt16139
176139;10000000;nt16140
176140;10000000;nt16141
176141;10000000;nt16142
176142;10000000;nt16143
176143;10000000;nt16144
176144;10000000;nt16145
176145;10000000;nt16146
176146;10000000;nt16147
176147;10000000;nt16148
176148;10000000;nt16149
176149;10000000;nt16150
176150;10000000;nt16151
176151;10000000;nt16152
176152;10000000;nt16153
176153;10000000;nt16154
176154;10000000;nt16155
176155;10000000;nt16156
176156;10000000;nt16157
176157;10000000;nt16158
176158;10000000;nt16159
176159;10000000;nt16160
176160;10000000;nt16161
176161;10000000;nt16162
176162;10000000;nt16163
176163;10000000;nt16164
176164;10000000;nt16165
176165;10000000;nt16166
176166;10000000;nt16167
176167;10000000;nt16168
176168;10000000;nt16169
176169;10000000;nt16170
176170;10000000;nt16171
176171;10000000;nt16172
176172;10000000;nt16173
176173;10000000;nt16174
176174;10000000;nt16175
176175;10000000;nt16176
176176;10000000;nt16177
176177;10000000;nt16178
176178;10000000;nt16179
176179;10000000;nt16180
176180;10000000;nt16181
176181;10000000;nt16182
176182;10000000;nt16183
176183;10000000;nt16184
176184;10000000;nt16185
176185;10000000;nt16186
176186;10000000;nt16187
176187;10000000;nt16188
176188;10000000;nt16189
176189;10000000;nt16190
176190;10000000;nt16191
176191;10000000;nt16192
176192;10000000;nt16193
176193;10000000;nt16194
176194;10000000;nt16195
176195;10000000;nt16196
176196;10000000;nt16197
176197;10000000;nt16198
176198;10000000;nt16199
176199;10000000;nt16200
176200;10000000;nt16201
176201;10000000;nt16202
176202;10000000;nt16203
176203;10000000;nt16204
176204;10000000;nt16205
176205;10000000;nt16206
176206;10000000;nt16207
176207;10000000;nt16208
176208;10000000;nt16209
176209;10000000;nt16210
176210;10000000;nt16211
176211;10000000;nt16212
176212;10000000;nt16213
176213;10000000;nt16214
176214;10000000;nt16215
176215;10000000;nt16216
176216;10000000;nt16217
176217;10000000;nt16218
176218;10000000;nt16219
176219;10000000;nt16220
176220;10000000;nt16221
176221;10000000;nt16222
176222;10000000;nt16223
176223;10000000;nt16224
176224;10000000;nt16225
176225;10000000;nt16226
176226;10000000;nt16227
176227;10000000;nt16228
176228;10000000;nt16229
176229;10000000;nt16230
176230;10000000;nt16231
176231;10000000;nt16232
176232;10000000;nt16233
176233;10000000;nt16234
176234;10000000;nt16235
176235;10000000;nt16236
176236;10000000;nt16237
176237;10000000;nt16238
176238;10000000;nt16239
176239;10000000;nt16240
176240;10000000;nt16241
176241;10000000;nt16242
176242;10000000;nt16243
176243;10000000;nt16244
176244;10000000;nt16245
176245;10000000;nt16246
176246;10000000;nt16247
176247;10000000;nt16248
176248;10000000;nt16249
176249;10000000;nt16250
176250;10000000;nt16251
176251;10000000;nt16252
176252;10000000;nt16253
176253;10000000;nt16254
176254;10000000;nt16255
176255;10000000;nt16256
176256;10000000;nt16257
176257;10000000;nt16258
176258;10000000;nt16259
176259;10000000;nt16260
176260;10000000;nt16261
176261;10000000;nt16262
176262;10000000;nt16263
176263;10000000;nt16264
176264;10000000;nt16265
176265;10000000;nt16266
176266;10000000;nt16267
176267;10000000;nt16268
176268;10000000;nt16269
176269;10000000;nt16270
176270;10000000;nt16271
176271;10000000;nt16272
176272;10000000;nt16273
176273;10000000;nt16274
176274;10000000;nt16275
176275;10000000;nt16276
176276;10000000;nt16277
176277;10000000;nt16278
176278;10000000;nt16279
176279;10000000;nt16280
176280;10000000;nt16281
176281;10000000;nt16282
176282;10000000;nt16283
176283;10000000;nt16284
176284;10000000;nt16285
176285;10000000;nt16286
176286;10000000;nt16287
176287;10000000;nt16288
176288;10000000;nt16289
176289;10000000;nt16290
176290;10000000;nt16291
176291;10000000;nt16292
176292;10000000;nt16293
176293;10000000;nt16294
176294;10000000;nt16295
176295;10000000;nt16296
176296;10000000;nt16297
176297;10000000;nt16298
176298;10000000;nt16299
176299;10000000;nt16300
176300;10000000;nt16301
176301;10000000;nt16302
176302;10000000;nt16303
176303;10000000;nt16304
176304;10000000;nt16305
176305;10000000;nt16306
176306;10000000;nt16307
176307;10000000;nt16308
176308;10000000;nt16309
176309;10000000;nt16310
176310;10000000;nt16311
176311;10000000;nt16312
176312;10000000;nt16313
176313;10000000;nt16314
176314;10000000;nt16315
176315;10000000;nt16316
176316;10000000;nt16317
176317;10000000;nt16318
176318;10000000;nt16319
176319;10000000;nt16320
176320;10000000;nt16321
176321;10000000;nt16322
176322;10000000;nt16323
176323;10000000;nt16324
176324;10000000;nt16325
176325;10000000;nt16326
176326;10000000;nt16327
176327;10000000;nt16328
176328;10000000;nt16329
176329;10000000;nt16330
176330;10000000;nt16331
176331;10000000;nt16332
176332;10000000;nt16333
176333;10000000;nt16334
176334;10000000;nt16335
176335;10000000;nt16336
176336;10000000;nt16337
176337;10000000;nt16338
176338;10000000;nt16339
176339;10000000;nt16340
176340;10000000;nt16341
176341;10000000;nt16342
176342;10000000;nt16343
176343;10000000;nt16344
176344;10000000;nt16345
176345;10000000;nt16346
176346;10000000;nt16347
176347;10000000;nt16348
176348;10000000;nt16349
176349;10000000;nt16350
176350;10000000;nt16351
176351;10000000;nt16352
176352;10000000;nt16353
176353;10000000;nt16354
176354;10000000;nt16355
176355;10000000;nt16356
176356;10000000;nt16357
176357;10000000;nt16358
176358;10000000;nt16359
176359;10000000;nt16360
176360;10000000;nt16361
176361;10000000;nt16362
176362;10000000;nt16363
176363;10000000;nt16364
176364;10000000;nt16365
176365;10000000;nt16366
176366;10000000;nt16367
176367;10000000;nt16368
176368;10000000;nt16369
176369;10000000;nt16370
176370;10000000;nt16371
176371;10000000;nt16372
176372;10000000;nt16373
176373;10000000;nt16374
176374;10000000;nt16375
176375;10000000;nt16376
176376;10000000;nt16377
176377;10000000;nt16378
176378;10000000;nt16379
176379;10000000;nt16380
176380;10000000;nt16381
176381;10000000;nt16382
176382;10000000;nt16383
176383;10000000;nt16384
176384;10000000;nt16385
176385;10000000;nt16386
176386;10000000;nt16387
176387;10000000;nt16388
176388;10000000;nt16389
176389;10000000;nt16390
176390;10000000;nt16391
176391;10000000;nt16392
176392;10000000;nt16393
176393;10000000;nt16394
176394;10000000;nt16395
176395;10000000;nt16396
176396;10000000;nt16397
176397;10000000;nt16398
176398;10000000;nt16399
176399;10000000;nt16400
176400;10000000;nt16401
176401;10000000;nt16402
176402;10000000;nt16403
176403;10000000;nt16404
176404;10000000;nt16405
176405;10000000;nt16406
176406;10000000;nt16407
176407;10000000;nt16408
176408;10000000;nt16409
176409;10000000;nt16410
176410;10000000;nt16411
176411;10000000;nt16412
176412;10000000;nt16413
176413;10000000;nt16414
176414;10000000;nt16415
176415;10000000;nt16416
176416;10000000;nt16417
176417;10000000;nt16418
176418;10000000;nt16419
176419;10000000;nt16420
176420;10000000;nt16421
176421;10000000;nt16422
176422;10000000;nt16423
176423;10000000;nt16424
176424;10000000;nt16425
176425;10000000;nt16426
176426;10000000;nt16427
176427;10000000;nt16428
176428;10000000;nt16429
176429;10000000;nt16430
176430;10000000;nt16431
176431;10000000;nt16432
176432;10000000;nt16433
176433;10000000;nt16434
176434;10000000;nt16435
176435;10000000;nt16436
176436;10000000;nt16437
176437;10000000;nt16438
176438;10000000;nt16439
176439;10000000;nt16440
176440;10000000;nt16441
176441;10000000;nt16442
176442;10000000;nt16443
176443;10000000;nt16444
176444;10000000;nt16445
176445;10000000;nt16446
176446;10000000;nt16447
176447;10000000;nt16448
176448;10000000;nt16449
176449;10000000;nt16450
176450;10000000;nt16451
176451;10000000;nt16452
176452;10000000;nt16453
176453;10000000;nt16454
176454;10000000;nt16455
176455;10000000;nt16456
176456;10000000;nt16457
176457;10000000;nt16458
176458;10000000;nt16459
176459;10000000;nt16460
176460;10000000;nt16461
176461;10000000;nt16462
176462;10000000;nt16463
176463;10000000;nt16464
176464;10000000;nt16465
176465;10000000;nt16466
176466;10000000;nt16467
176467;10000000;nt16468
176468;10000000;nt16469
176469;10000000;nt16470
176470;10000000;nt16471
176471;10000000;nt16472
176472;10000000;nt16473
176473;10000000;nt16474
176474;10000000;nt16475
176475;10000000;nt16476
176476;10000000;nt16477
176477;10000000;nt16478
176478;10000000;nt16479
176479;10000000;nt16480
176480;10000000;nt16481
176481;10000000;nt16482
176482;10000000;nt16483
176483;10000000;nt16484
176484;10000000;nt16485
176485;10000000;nt16486
176486;10000000;nt16487
176487;10000000;nt16488
176488;10000000;nt16489
176489;10000000;nt16490
176490;10000000;nt16491
176491;10000000;nt16492
176492;10000000;nt16493
176493;10000000;nt16494
176494;10000000;nt16495
176495;10000000;nt16496
176496;10000000;nt16497
176497;10000000;nt16498
176498;10000000;nt16499
176499;10000000;nt16500
176500;10000000;nt16501
176501;10000000;nt16502
176502;10000000;nt16503
176503;10000000;nt16504
176504;10000000;nt16505
176505;10000000;nt16506
176506;10000000;nt16507
176507;10000000;nt16508
176508;10000000;nt16509
176509;10000000;nt16510
176510;10000000;nt16511
176511;10000000;nt16512
176512;10000000;nt16513
176513;10000000;nt16514
176514;10000000;nt16515
176515;10000000;nt16516
176516;10000000;nt16517
176517;10000000;nt16518
176518;10000000;nt16519
176519;10000000;nt16520
176520;10000000;nt16521
176521;10000000;nt16522
176522;10000000;nt16523
176523;10000000;nt16524
176524;10000000;nt16525
176525;10000000;nt16526
176526;10000000;nt16527
176527;10000000;nt16528
176528;10000000;nt16529
176529;10000000;nt16530
176530;10000000;nt16531
176531;10000000;nt16532
176532;10000000;nt16533
176533;10000000;nt16534
176534;10000000;nt16535
176535;10000000;nt16536
176536;10000000;nt16537
176537;10000000;nt16538
176538;10000000;nt16539
176539;10000000;nt16540
176540;10000000;nt16541
176541;10000000;nt16542
176542;10000000;nt16543
176543;10000000;nt16544
176544;10000000;nt16545
176545;10000000;nt16546
176546;10000000;nt16547
176547;10000000;nt16548
176548;10000000;nt16549
176549;10000000;nt16550
176550;10000000;nt16551
176551;10000000;nt16552
176552;10000000;nt16553
176553;10000000;nt16554
176554;10000000;nt16555
176555;10000000;nt16556
176556;10000000;nt16557
176557;10000000;nt16558
176558;10000000;nt16559
176559;10000000;nt16560
176560;10000000;nt16561
176561;10000000;nt16562
176562;10000000;nt16563
176563;10000000;nt16564
176564;10000000;nt16565
176565;10000000;nt16566
176566;10000000;nt16567
176567;10000000;nt16568
176568;10000000;nt16569
176569;10000000;nt16570
176570;10000000;nt16571
176571;10000000;nt16572
176572;10000000;nt16573
176573;10000000;nt16574
176574;10000000;nt16575
176575;10000000;nt16576
176576;10000000;nt16577
176577;10000000;nt16578
176578;10000000;nt16579
176579;10000000;nt16580
176580;10000000;nt16581
176581;10000000;nt16582
176582;10000000;nt16583
176583;10000000;nt16584
176584;10000000;nt16585
176585;10000000;nt16586
176586;10000000;nt16587
176587;10000000;nt16588
176588;10000000;nt16589
176589;10000000;nt16590
176590;10000000;nt16591
176591;10000000;nt16592
176592;10000000;nt16593
176593;10000000;nt16594
176594;10000000;nt16595
176595;10000000;nt16596
176596;10000000;nt16597
176597;10000000;nt16598
176598;10000000;nt16599
176599;10000000;nt16600
176600;10000000;nt16601
176601;10000000;nt16602
176602;10000000;nt16603
176603;10000000;nt16604
176604;10000000;nt16605
176605;10000000;nt16606
176606;10000000;nt16607
176607;10000000;nt16608
176608;10000000;nt16609
176609;10000000;nt16610
176610;10000000;nt16611
176611;10000000;nt16612
176612;10000000;nt16613
176613;10000000;nt16614
176614;10000000;nt16615
176615;10000000;nt16616
176616;10000000;nt16617
176617;10000000;nt16618
176618;10000000;nt16619
176619;10000000;nt16620
176620;10000000;nt16621
176621;10000000;nt16622
176622;10000000;nt16623
176623;10000000;nt16624
176624;10000000;nt16625
176625;10000000;nt16626
176626;10000000;nt16627
176627;10000000;nt16628
176628;10000000;nt16629
176629;10000000;nt16630
176630;10000000;nt16631
176631;10000000;nt16632
176632;10000000;nt16633
176633;10000000;nt16634
176634;10000000;nt16635
176635;10000000;nt16636
176636;10000000;nt16637
176637;10000000;nt16638
176638;10000000;nt16639
176639;10000000;nt16640
176640;10000000;nt16641
176641;10000000;nt16642
176642;10000000;nt16643
176643;10000000;nt16644
176644;10000000;nt16645
176645;10000000;nt16646
176646;10000000;nt16647
176647;10000000;nt16648
176648;10000000;nt16649
176649;10000000;nt16650
176650;10000000;nt16651
176651;10000000;nt16652
176652;10000000;nt16653
176653;10000000;nt16654
176654;10000000;nt16655
176655;10000000;nt16656
176656;10000000;nt16657
176657;10000000;nt16658
176658;10000000;nt16659
176659;10000000;nt16660
176660;10000000;nt16661
176661;10000000;nt16662
176662;10000000;nt16663
176663;10000000;nt16664
176664;10000000;nt16665
176665;10000000;nt16666
176666;10000000;nt16667
176667;10000000;nt16668
176668;10000000;nt16669
176669;10000000;nt16670
176670;10000000;nt16671
176671;10000000;nt16672
176672;10000000;nt16673
176673;10000000;nt16674
176674;10000000;nt16675
176675;10000000;nt16676
176676;10000000;nt16677
176677;10000000;nt16678
176678;10000000;nt16679
176679;10000000;nt16680
176680;10000000;nt16681
176681;10000000;nt16682
176682;10000000;nt16683
176683;10000000;nt16684
176684;10000000;nt16685
176685;10000000;nt16686
176686;10000000;nt16687
176687;10000000;nt16688
176688;10000000;nt16689
176689;10000000;nt16690
176690;10000000;nt16691
176691;10000000;nt16692
176692;10000000;nt16693
176693;10000000;nt16694
176694;10000000;nt16695
176695;10000000;nt16696
176696;10000000;nt16697
176697;10000000;nt16698
176698;10000000;nt16699
176699;10000000;nt16700
176700;10000000;nt16701
176701;10000000;nt16702
176702;10000000;nt16703
176703;10000000;nt16704
176704;10000000;nt16705
176705;10000000;nt16706
176706;10000000;nt16707
176707;10000000;nt16708
176708;10000000;nt16709
176709;10000000;nt16710
176710;10000000;nt16711
176711;10000000;nt16712
176712;10000000;nt16713
176713;10000000;nt16714
176714;10000000;nt16715
176715;10000000;nt16716
176716;10000000;nt16717
176717;10000000;nt16718
176718;10000000;nt16719
176719;10000000;nt16720
176720;10000000;nt16721
176721;10000000;nt16722
176722;10000000;nt16723
176723;10000000;nt16724
176724;10000000;nt16725
176725;10000000;nt16726
176726;10000000;nt16727
176727;10000000;nt16728
176728;10000000;nt16729
176729;10000000;nt16730
176730;10000000;nt16731
176731;10000000;nt16732
176732;10000000;nt16733
176733;10000000;nt16734
176734;10000000;nt16735
176735;10000000;nt16736
176736;10000000;nt16737
176737;10000000;nt16738
176738;10000000;nt16739
176739;10000000;nt16740
176740;10000000;nt16741
176741;10000000;nt16742
176742;10000000;nt16743
176743;10000000;nt16744
176744;10000000;nt16745
176745;10000000;nt16746
176746;10000000;nt16747
176747;10000000;nt16748
176748;10000000;nt16749
176749;10000000;nt16750
176750;10000000;nt16751
176751;10000000;nt16752
176752;10000000;nt16753
176753;10000000;nt16754
176754;10000000;nt16755
176755;10000000;nt16756
176756;10000000;nt16757
176757;10000000;nt16758
176758;10000000;nt16759
176759;10000000;nt16760
176760;10000000;nt16761
176761;10000000;nt16762
176762;10000000;nt16763
176763;10000000;nt16764
176764;10000000;nt16765
176765;10000000;nt16766
176766;10000000;nt16767
176767;10000000;nt16768
176768;10000000;nt16769
176769;10000000;nt16770
176770;10000000;nt16771
176771;10000000;nt16772
176772;10000000;nt16773
176773;10000000;nt16774
176774;10000000;nt16775
176775;10000000;nt16776
176776;10000000;nt16777
176777;10000000;nt16778
176778;10000000;nt16779
176779;10000000;nt16780
176780;10000000;nt16781
176781;10000000;nt16782
176782;10000000;nt16783
176783;10000000;nt16784
176784;10000000;nt16785
176785;10000000;nt16786
176786;10000000;nt16787
176787;10000000;nt16788
176788;10000000;nt16789
176789;10000000;nt16790
176790;10000000;nt16791
176791;10000000;nt16792
176792;10000000;nt16793
176793;10000000;nt16794
176794;10000000;nt16795
176795;10000000;nt16796
176796;10000000;nt16797
176797;10000000;nt16798
176798;10000000;nt16799
176799;10000000;nt16800
176800;10000000;nt16801
176801;10000000;nt16802
176802;10000000;nt16803
176803;10000000;nt16804
176804;10000000;nt16805
176805;10000000;nt16806
176806;10000000;nt16807
176807;10000000;nt16808
176808;10000000;nt16809
176809;10000000;nt16810
176810;10000000;nt16811
176811;10000000;nt16812
176812;10000000;nt16813
176813;10000000;nt16814
176814;10000000;nt16815
176815;10000000;nt16816
176816;10000000;nt16817
176817;10000000;nt16818
176818;10000000;nt16819
176819;10000000;nt16820
176820;10000000;nt16821
176821;10000000;nt16822
176822;10000000;nt16823
176823;10000000;nt16824
176824;10000000;nt16825
176825;10000000;nt16826
176826;10000000;nt16827
176827;10000000;nt16828
176828;10000000;nt16829
176829;10000000;nt16830
176830;10000000;nt16831
176831;10000000;nt16832
176832;10000000;nt16833
176833;10000000;nt16834
176834;10000000;nt16835
176835;10000000;nt16836
176836;10000000;nt16837
176837;10000000;nt16838
176838;10000000;nt16839
176839;10000000;nt16840
176840;10000000;nt16841
176841;10000000;nt16842
176842;10000000;nt16843
176843;10000000;nt16844
176844;10000000;nt16845
176845;10000000;nt16846
176846;10000000;nt16847
176847;10000000;nt16848
176848;10000000;nt16849
176849;10000000;nt16850
176850;10000000;nt16851
176851;10000000;nt16852
176852;10000000;nt16853
176853;10000000;nt16854
176854;10000000;nt16855
176855;10000000;nt16856
176856;10000000;nt16857
176857;10000000;nt16858
176858;10000000;nt16859
176859;10000000;nt16860
176860;10000000;nt16861
176861;10000000;nt16862
176862;10000000;nt16863
176863;10000000;nt16864
176864;10000000;nt16865
176865;10000000;nt16866
176866;10000000;nt16867
176867;10000000;nt16868
176868;10000000;nt16869
176869;10000000;nt16870
176870;10000000;nt16871
176871;10000000;nt16872
176872;10000000;nt16873
176873;10000000;nt16874
176874;10000000;nt16875
176875;10000000;nt16876
176876;10000000;nt16877
176877;10000000;nt16878
176878;10000000;nt16879
176879;10000000;nt16880
176880;10000000;nt16881
176881;10000000;nt16882
176882;10000000;nt16883
176883;10000000;nt16884
176884;10000000;nt16885
176885;10000000;nt16886
176886;10000000;nt16887
176887;10000000;nt16888
176888;10000000;nt16889
176889;10000000;nt16890
176890;10000000;nt16891
176891;10000000;nt16892
176892;10000000;nt16893
176893;10000000;nt16894
176894;10000000;nt16895
176895;10000000;nt16896
176896;10000000;nt16897
176897;10000000;nt16898
176898;10000000;nt16899
176899;10000000;nt16900
176900;10000000;nt16901
176901;10000000;nt16902
176902;10000000;nt16903
176903;10000000;nt16904
176904;10000000;nt16905
176905;10000000;nt16906
176906;10000000;nt16907
176907;10000000;nt16908
176908;10000000;nt16909
176909;10000000;nt16910
176910;10000000;nt16911
176911;10000000;nt16912
176912;10000000;nt16913
176913;10000000;nt16914
176914;10000000;nt16915
176915;10000000;nt16916
176916;10000000;nt16917
176917;10000000;nt16918
176918;10000000;nt16919
176919;10000000;nt16920
176920;10000000;nt16921
176921;10000000;nt16922
176922;10000000;nt16923
176923;10000000;nt16924
176924;10000000;nt16925
176925;10000000;nt16926
176926;10000000;nt16927
176927;10000000;nt16928
176928;10000000;nt16929
176929;10000000;nt16930
176930;10000000;nt16931
176931;10000000;nt16932
176932;10000000;nt16933
176933;10000000;nt16934
176934;10000000;nt16935
176935;10000000;nt16936
176936;10000000;nt16937
176937;10000000;nt16938
176938;10000000;nt16939
176939;10000000;nt16940
176940;10000000;nt16941
176941;10000000;nt16942
176942;10000000;nt16943
176943;10000000;nt16944
176944;10000000;nt16945
176945;10000000;nt16946
176946;10000000;nt16947
176947;10000000;nt16948
176948;10000000;nt16949
176949;10000000;nt16950
176950;10000000;nt16951
176951;10000000;nt16952
176952;10000000;nt16953
176953;10000000;nt16954
176954;10000000;nt16955
176955;10000000;nt16956
176956;10000000;nt16957
176957;10000000;nt16958
176958;10000000;nt16959
176959;10000000;nt16960
176960;10000000;nt16961
176961;10000000;nt16962
176962;10000000;nt16963
176963;10000000;nt16964
176964;10000000;nt16965
176965;10000000;nt16966
176966;10000000;nt16967
176967;10000000;nt16968
176968;10000000;nt16969
176969;10000000;nt16970
176970;10000000;nt16971
176971;10000000;nt16972
176972;10000000;nt16973
176973;10000000;nt16974
176974;10000000;nt16975
176975;10000000;nt16976
176976;10000000;nt16977
176977;10000000;nt16978
176978;10000000;nt16979
176979;10000000;nt16980
176980;10000000;nt16981
176981;10000000;nt16982
176982;10000000;nt16983
176983;10000000;nt16984
176984;10000000;nt16985
176985;10000000;nt16986
176986;10000000;nt16987
176987;10000000;nt16988
176988;10000000;nt16989
176989;10000000;nt16990
176990;10000000;nt16991
176991;10000000;nt16992
176992;10000000;nt16993
176993;10000000;nt16994
176994;10000000;nt16995
176995;10000000;nt16996
176996;10000000;nt16997
176997;10000000;nt16998
176998;10000000;nt16999
176999;10000000;nt17000
177000;10000000;nt17001
177001;10000000;nt17002
177002;10000000;nt17003
177003;10000000;nt17004
177004;10000000;nt17005
177005;10000000;nt17006
177006;10000000;nt17007
177007;10000000;nt17008
177008;10000000;nt17009
177009;10000000;nt17010
177010;10000000;nt17011
177011;10000000;nt17012
177012;10000000;nt17013
177013;10000000;nt17014
177014;10000000;nt17015
177015;10000000;nt17016
177016;10000000;nt17017
177017;10000000;nt17018
177018;10000000;nt17019
177019;10000000;nt17020
177020;10000000;nt17021
177021;10000000;nt17022
177022;10000000;nt17023
177023;10000000;nt17024
177024;10000000;nt17025
177025;10000000;nt17026
177026;10000000;nt17027
177027;10000000;nt17028
177028;10000000;nt17029
177029;10000000;nt17030
177030;10000000;nt17031
177031;10000000;nt17032
177032;10000000;nt17033
177033;10000000;nt17034
177034;10000000;nt17035
177035;10000000;nt17036
177036;10000000;nt17037
177037;10000000;nt17038
177038;10000000;nt17039
177039;10000000;nt17040
177040;10000000;nt17041
177041;10000000;nt17042
177042;10000000;nt17043
177043;10000000;nt17044
177044;10000000;nt17045
177045;10000000;nt17046
177046;10000000;nt17047
177047;10000000;nt17048
177048;10000000;nt17049
177049;10000000;nt17050
177050;10000000;nt17051
177051;10000000;nt17052
177052;10000000;nt17053
177053;10000000;nt17054
177054;10000000;nt17055
177055;10000000;nt17056
177056;10000000;nt17057
177057;10000000;nt17058
177058;10000000;nt17059
177059;10000000;nt17060
177060;10000000;nt17061
177061;10000000;nt17062
177062;10000000;nt17063
177063;10000000;nt17064
177064;10000000;nt17065
177065;10000000;nt17066
177066;10000000;nt17067
177067;10000000;nt17068
177068;10000000;nt17069
177069;10000000;nt17070
177070;10000000;nt17071
177071;10000000;nt17072
177072;10000000;nt17073
177073;10000000;nt17074
177074;10000000;nt17075
177075;10000000;nt17076
177076;10000000;nt17077
177077;10000000;nt17078
177078;10000000;nt17079
177079;10000000;nt17080
177080;10000000;nt17081
177081;10000000;nt17082
177082;10000000;nt17083
177083;10000000;nt17084
177084;10000000;nt17085
177085;10000000;nt17086
177086;10000000;nt17087
177087;10000000;nt17088
177088;10000000;nt17089
177089;10000000;nt17090
177090;10000000;nt17091
177091;10000000;nt17092
177092;10000000;nt17093
177093;10000000;nt17094
177094;10000000;nt17095
177095;10000000;nt17096
177096;10000000;nt17097
177097;10000000;nt17098
177098;10000000;nt17099
177099;10000000;nt17100
177100;10000000;nt17101
177101;10000000;nt17102
177102;10000000;nt17103
177103;10000000;nt17104
177104;10000000;nt17105
177105;10000000;nt17106
177106;10000000;nt17107
177107;10000000;nt17108
177108;10000000;nt17109
177109;10000000;nt17110
177110;10000000;nt17111
177111;10000000;nt17112
177112;10000000;nt17113
177113;10000000;nt17114
177114;10000000;nt17115
177115;10000000;nt17116
177116;10000000;nt17117
177117;10000000;nt17118
177118;10000000;nt17119
177119;10000000;nt17120
177120;10000000;nt17121
177121;10000000;nt17122
177122;10000000;nt17123
177123;10000000;nt17124
177124;10000000;nt17125
177125;10000000;nt17126
177126;10000000;nt17127
177127;10000000;nt17128
177128;10000000;nt17129
177129;10000000;nt17130
177130;10000000;nt17131
177131;10000000;nt17132
177132;10000000;nt17133
177133;10000000;nt17134
177134;10000000;nt17135
177135;10000000;nt17136
177136;10000000;nt17137
177137;10000000;nt17138
177138;10000000;nt17139
177139;10000000;nt17140
177140;10000000;nt17141
177141;10000000;nt17142
177142;10000000;nt17143
177143;10000000;nt17144
177144;10000000;nt17145
177145;10000000;nt17146
177146;10000000;nt17147
177147;10000000;nt17148
177148;10000000;nt17149
177149;10000000;nt17150
177150;10000000;nt17151
177151;10000000;nt17152
177152;10000000;nt17153
177153;10000000;nt17154
177154;10000000;nt17155
177155;10000000;nt17156
177156;10000000;nt17157
177157;10000000;nt17158
177158;10000000;nt17159
177159;10000000;nt17160
177160;10000000;nt17161
177161;10000000;nt17162
177162;10000000;nt17163
177163;10000000;nt17164
177164;10000000;nt17165
177165;10000000;nt17166
177166;10000000;nt17167
177167;10000000;nt17168
177168;10000000;nt17169
177169;10000000;nt17170
177170;10000000;nt17171
177171;10000000;nt17172
177172;10000000;nt17173
177173;10000000;nt17174
177174;10000000;nt17175
177175;10000000;nt17176
177176;10000000;nt17177
177177;10000000;nt17178
177178;10000000;nt17179
177179;10000000;nt17180
177180;10000000;nt17181
177181;10000000;nt17182
177182;10000000;nt17183
177183;10000000;nt17184
177184;10000000;nt17185
177185;10000000;nt17186
177186;10000000;nt17187
177187;10000000;nt17188
177188;10000000;nt17189
177189;10000000;nt17190
177190;10000000;nt17191
177191;10000000;nt17192
177192;10000000;nt17193
177193;10000000;nt17194
177194;10000000;nt17195
177195;10000000;nt17196
177196;10000000;nt17197
177197;10000000;nt17198
177198;10000000;nt17199
177199;10000000;nt17200
177200;10000000;nt17201
177201;10000000;nt17202
177202;10000000;nt17203
177203;10000000;nt17204
177204;10000000;nt17205
177205;10000000;nt17206
177206;10000000;nt17207
177207;10000000;nt17208
177208;10000000;nt17209
177209;10000000;nt17210
177210;10000000;nt17211
177211;10000000;nt17212
177212;10000000;nt17213
177213;10000000;nt17214
177214;10000000;nt17215
177215;10000000;nt17216
177216;10000000;nt17217
177217;10000000;nt17218
177218;10000000;nt17219
177219;10000000;nt17220
177220;10000000;nt17221
177221;10000000;nt17222
177222;10000000;nt17223
177223;10000000;nt17224
177224;10000000;nt17225
177225;10000000;nt17226
177226;10000000;nt17227
177227;10000000;nt17228
177228;10000000;nt17229
177229;10000000;nt17230
177230;10000000;nt17231
177231;10000000;nt17232
177232;10000000;nt17233
177233;10000000;nt17234
177234;10000000;nt17235
177235;10000000;nt17236
177236;10000000;nt17237
177237;10000000;nt17238
177238;10000000;nt17239
177239;10000000;nt17240
177240;10000000;nt17241
177241;10000000;nt17242
177242;10000000;nt17243
177243;10000000;nt17244
177244;10000000;nt17245
177245;10000000;nt17246
177246;10000000;nt17247
177247;10000000;nt17248
177248;10000000;nt17249
177249;10000000;nt17250
177250;10000000;nt17251
177251;10000000;nt17252
177252;10000000;nt17253
177253;10000000;nt17254
177254;10000000;nt17255
177255;10000000;nt17256
177256;10000000;nt17257
177257;10000000;nt17258
177258;10000000;nt17259
177259;10000000;nt17260
177260;10000000;nt17261
177261;10000000;nt17262
177262;10000000;nt17263
177263;10000000;nt17264
177264;10000000;nt17265
177265;10000000;nt17266
177266;10000000;nt17267
177267;10000000;nt17268
177268;10000000;nt17269
177269;10000000;nt17270
177270;10000000;nt17271
177271;10000000;nt17272
177272;10000000;nt17273
177273;10000000;nt17274
177274;10000000;nt17275
177275;10000000;nt17276
177276;10000000;nt17277
177277;10000000;nt17278
177278;10000000;nt17279
177279;10000000;nt17280
177280;10000000;nt17281
177281;10000000;nt17282
177282;10000000;nt17283
177283;10000000;nt17284
177284;10000000;nt17285
177285;10000000;nt17286
177286;10000000;nt17287
177287;10000000;nt17288
177288;10000000;nt17289
177289;10000000;nt17290
177290;10000000;nt17291
177291;10000000;nt17292
177292;10000000;nt17293
177293;10000000;nt17294
177294;10000000;nt17295
177295;10000000;nt17296
177296;10000000;nt17297
177297;10000000;nt17298
177298;10000000;nt17299
177299;10000000;nt17300
177300;10000000;nt17301
177301;10000000;nt17302
177302;10000000;nt17303
177303;10000000;nt17304
177304;10000000;nt17305
177305;10000000;nt17306
177306;10000000;nt17307
177307;10000000;nt17308
177308;10000000;nt17309
177309;10000000;nt17310
177310;10000000;nt17311
177311;10000000;nt17312
177312;10000000;nt17313
177313;10000000;nt17314
177314;10000000;nt17315
177315;10000000;nt17316
177316;10000000;nt17317
177317;10000000;nt17318
177318;10000000;nt17319
177319;10000000;nt17320
177320;10000000;nt17321
177321;10000000;nt17322
177322;10000000;nt17323
177323;10000000;nt17324
177324;10000000;nt17325
177325;10000000;nt17326
177326;10000000;nt17327
177327;10000000;nt17328
177328;10000000;nt17329
177329;10000000;nt17330
177330;10000000;nt17331
177331;10000000;nt17332
177332;10000000;nt17333
177333;10000000;nt17334
177334;10000000;nt17335
177335;10000000;nt17336
177336;10000000;nt17337
177337;10000000;nt17338
177338;10000000;nt17339
177339;10000000;nt17340
177340;10000000;nt17341
177341;10000000;nt17342
177342;10000000;nt17343
177343;10000000;nt17344
177344;10000000;nt17345
177345;10000000;nt17346
177346;10000000;nt17347
177347;10000000;nt17348
177348;10000000;nt17349
177349;10000000;nt17350
177350;10000000;nt17351
177351;10000000;nt17352
177352;10000000;nt17353
177353;10000000;nt17354
177354;10000000;nt17355
177355;10000000;nt17356
177356;10000000;nt17357
177357;10000000;nt17358
177358;10000000;nt17359
177359;10000000;nt17360
177360;10000000;nt17361
177361;10000000;nt17362
177362;10000000;nt17363
177363;10000000;nt17364
177364;10000000;nt17365
177365;10000000;nt17366
177366;10000000;nt17367
177367;10000000;nt17368
177368;10000000;nt17369
177369;10000000;nt17370
177370;10000000;nt17371
177371;10000000;nt17372
177372;10000000;nt17373
177373;10000000;nt17374
177374;10000000;nt17375
177375;10000000;nt17376
177376;10000000;nt17377
177377;10000000;nt17378
177378;10000000;nt17379
177379;10000000;nt17380
177380;10000000;nt17381
177381;10000000;nt17382
177382;10000000;nt17383
177383;10000000;nt17384
177384;10000000;nt17385
177385;10000000;nt17386
177386;10000000;nt17387
177387;10000000;nt17388
177388;10000000;nt17389
177389;10000000;nt17390
177390;10000000;nt17391
177391;10000000;nt17392
177392;10000000;nt17393
177393;10000000;nt17394
177394;10000000;nt17395
177395;10000000;nt17396
177396;10000000;nt17397
177397;10000000;nt17398
177398;10000000;nt17399
177399;10000000;nt17400
177400;10000000;nt17401
177401;10000000;nt17402
177402;10000000;nt17403
177403;10000000;nt17404
177404;10000000;nt17405
177405;10000000;nt17406
177406;10000000;nt17407
177407;10000000;nt17408
177408;10000000;nt17409
177409;10000000;nt17410
177410;10000000;nt17411
177411;10000000;nt17412
177412;10000000;nt17413
177413;10000000;nt17414
177414;10000000;nt17415
177415;10000000;nt17416
177416;10000000;nt17417
177417;10000000;nt17418
177418;10000000;nt17419
177419;10000000;nt17420
177420;10000000;nt17421
177421;10000000;nt17422
177422;10000000;nt17423
177423;10000000;nt17424
177424;10000000;nt17425
177425;10000000;nt17426
177426;10000000;nt17427
177427;10000000;nt17428
177428;10000000;nt17429
177429;10000000;nt17430
177430;10000000;nt17431
177431;10000000;nt17432
177432;10000000;nt17433
177433;10000000;nt17434
177434;10000000;nt17435
177435;10000000;nt17436
177436;10000000;nt17437
177437;10000000;nt17438
177438;10000000;nt17439
177439;10000000;nt17440
177440;10000000;nt17441
177441;10000000;nt17442
177442;10000000;nt17443
177443;10000000;nt17444
177444;10000000;nt17445
177445;10000000;nt17446
177446;10000000;nt17447
177447;10000000;nt17448
177448;10000000;nt17449
177449;10000000;nt17450
177450;10000000;nt17451
177451;10000000;nt17452
177452;10000000;nt17453
177453;10000000;nt17454
177454;10000000;nt17455
177455;10000000;nt17456
177456;10000000;nt17457
177457;10000000;nt17458
177458;10000000;nt17459
177459;10000000;nt17460
177460;10000000;nt17461
177461;10000000;nt17462
177462;10000000;nt17463
177463;10000000;nt17464
177464;10000000;nt17465
177465;10000000;nt17466
177466;10000000;nt17467
177467;10000000;nt17468
177468;10000000;nt17469
177469;10000000;nt17470
177470;10000000;nt17471
177471;10000000;nt17472
177472;10000000;nt17473
177473;10000000;nt17474
177474;10000000;nt17475
177475;10000000;nt17476
177476;10000000;nt17477
177477;10000000;nt17478
177478;10000000;nt17479
177479;10000000;nt17480
177480;10000000;nt17481
177481;10000000;nt17482
177482;10000000;nt17483
177483;10000000;nt17484
177484;10000000;nt17485
177485;10000000;nt17486
177486;10000000;nt17487
177487;10000000;nt17488
177488;10000000;nt17489
177489;10000000;nt17490
177490;10000000;nt17491
177491;10000000;nt17492
177492;10000000;nt17493
177493;10000000;nt17494
177494;10000000;nt17495
177495;10000000;nt17496
177496;10000000;nt17497
177497;10000000;nt17498
177498;10000000;nt17499
177499;10000000;nt17500
177500;10000000;nt17501
177501;10000000;nt17502
177502;10000000;nt17503
177503;10000000;nt17504
177504;10000000;nt17505
177505;10000000;nt17506
177506;10000000;nt17507
177507;10000000;nt17508
177508;10000000;nt17509
177509;10000000;nt17510
177510;10000000;nt17511
177511;10000000;nt17512
177512;10000000;nt17513
177513;10000000;nt17514
177514;10000000;nt17515
177515;10000000;nt17516
177516;10000000;nt17517
177517;10000000;nt17518
177518;10000000;nt17519
177519;10000000;nt17520
177520;10000000;nt17521
177521;10000000;nt17522
177522;10000000;nt17523
177523;10000000;nt17524
177524;10000000;nt17525
177525;10000000;nt17526
177526;10000000;nt17527
177527;10000000;nt17528
177528;10000000;nt17529
177529;10000000;nt17530
177530;10000000;nt17531
177531;10000000;nt17532
177532;10000000;nt17533
177533;10000000;nt17534
177534;10000000;nt17535
177535;10000000;nt17536
177536;10000000;nt17537
177537;10000000;nt17538
177538;10000000;nt17539
177539;10000000;nt17540
177540;10000000;nt17541
177541;10000000;nt17542
177542;10000000;nt17543
177543;10000000;nt17544
177544;10000000;nt17545
177545;10000000;nt17546
177546;10000000;nt17547
177547;10000000;nt17548
177548;10000000;nt17549
177549;10000000;nt17550
177550;10000000;nt17551
177551;10000000;nt17552
177552;10000000;nt17553
177553;10000000;nt17554
177554;10000000;nt17555
177555;10000000;nt17556
177556;10000000;nt17557
177557;10000000;nt17558
177558;10000000;nt17559
177559;10000000;nt17560
177560;10000000;nt17561
177561;10000000;nt17562
177562;10000000;nt17563
177563;10000000;nt17564
177564;10000000;nt17565
177565;10000000;nt17566
177566;10000000;nt17567
177567;10000000;nt17568
177568;10000000;nt17569
177569;10000000;nt17570
177570;10000000;nt17571
177571;10000000;nt17572
177572;10000000;nt17573
177573;10000000;nt17574
177574;10000000;nt17575
177575;10000000;nt17576
177576;10000000;nt17577
177577;10000000;nt17578
177578;10000000;nt17579
177579;10000000;nt17580
177580;10000000;nt17581
177581;10000000;nt17582
177582;10000000;nt17583
177583;10000000;nt17584
177584;10000000;nt17585
177585;10000000;nt17586
177586;10000000;nt17587
177587;10000000;nt17588
177588;10000000;nt17589
177589;10000000;nt17590
177590;10000000;nt17591
177591;10000000;nt17592
177592;10000000;nt17593
177593;10000000;nt17594
177594;10000000;nt17595
177595;10000000;nt17596
177596;10000000;nt17597
177597;10000000;nt17598
177598;10000000;nt17599
177599;10000000;nt17600
177600;10000000;nt17601
177601;10000000;nt17602
177602;10000000;nt17603
177603;10000000;nt17604
177604;10000000;nt17605
177605;10000000;nt17606
177606;10000000;nt17607
177607;10000000;nt17608
177608;10000000;nt17609
177609;10000000;nt17610
177610;10000000;nt17611
177611;10000000;nt17612
177612;10000000;nt17613
177613;10000000;nt17614
177614;10000000;nt17615
177615;10000000;nt17616
177616;10000000;nt17617
177617;10000000;nt17618
177618;10000000;nt17619
177619;10000000;nt17620
177620;10000000;nt17621
177621;10000000;nt17622
177622;10000000;nt17623
177623;10000000;nt17624
177624;10000000;nt17625
177625;10000000;nt17626
177626;10000000;nt17627
177627;10000000;nt17628
177628;10000000;nt17629
177629;10000000;nt17630
177630;10000000;nt17631
177631;10000000;nt17632
177632;10000000;nt17633
177633;10000000;nt17634
177634;10000000;nt17635
177635;10000000;nt17636
177636;10000000;nt17637
177637;10000000;nt17638
177638;10000000;nt17639
177639;10000000;nt17640
177640;10000000;nt17641
177641;10000000;nt17642
177642;10000000;nt17643
177643;10000000;nt17644
177644;10000000;nt17645
177645;10000000;nt17646
177646;10000000;nt17647
177647;10000000;nt17648
177648;10000000;nt17649
177649;10000000;nt17650
177650;10000000;nt17651
177651;10000000;nt17652
177652;10000000;nt17653
177653;10000000;nt17654
177654;10000000;nt17655
177655;10000000;nt17656
177656;10000000;nt17657
177657;10000000;nt17658
177658;10000000;nt17659
177659;10000000;nt17660
177660;10000000;nt17661
177661;10000000;nt17662
177662;10000000;nt17663
177663;10000000;nt17664
177664;10000000;nt17665
177665;10000000;nt17666
177666;10000000;nt17667
177667;10000000;nt17668
177668;10000000;nt17669
177669;10000000;nt17670
177670;10000000;nt17671
177671;10000000;nt17672
177672;10000000;nt17673
177673;10000000;nt17674
177674;10000000;nt17675
177675;10000000;nt17676
177676;10000000;nt17677
177677;10000000;nt17678
177678;10000000;nt17679
177679;10000000;nt17680
177680;10000000;nt17681
177681;10000000;nt17682
177682;10000000;nt17683
177683;10000000;nt17684
177684;10000000;nt17685
177685;10000000;nt17686
177686;10000000;nt17687
177687;10000000;nt17688
177688;10000000;nt17689
177689;10000000;nt17690
177690;10000000;nt17691
177691;10000000;nt17692
177692;10000000;nt17693
177693;10000000;nt17694
177694;10000000;nt17695
177695;10000000;nt17696
177696;10000000;nt17697
177697;10000000;nt17698
177698;10000000;nt17699
177699;10000000;nt17700
177700;10000000;nt17701
177701;10000000;nt17702
177702;10000000;nt17703
177703;10000000;nt17704
177704;10000000;nt17705
177705;10000000;nt17706
177706;10000000;nt17707
177707;10000000;nt17708
177708;10000000;nt17709
177709;10000000;nt17710
177710;10000000;nt17711
177711;10000000;nt17712
177712;10000000;nt17713
177713;10000000;nt17714
177714;10000000;nt17715
177715;10000000;nt17716
177716;10000000;nt17717
177717;10000000;nt17718
177718;10000000;nt17719
177719;10000000;nt17720
177720;10000000;nt17721
177721;10000000;nt17722
177722;10000000;nt17723
177723;10000000;nt17724
177724;10000000;nt17725
177725;10000000;nt17726
177726;10000000;nt17727
177727;10000000;nt17728
177728;10000000;nt17729
177729;10000000;nt17730
177730;10000000;nt17731
177731;10000000;nt17732
177732;10000000;nt17733
177733;10000000;nt17734
177734;10000000;nt17735
177735;10000000;nt17736
177736;10000000;nt17737
177737;10000000;nt17738
177738;10000000;nt17739
177739;10000000;nt17740
177740;10000000;nt17741
177741;10000000;nt17742
177742;10000000;nt17743
177743;10000000;nt17744
177744;10000000;nt17745
177745;10000000;nt17746
177746;10000000;nt17747
177747;10000000;nt17748
177748;10000000;nt17749
177749;10000000;nt17750
177750;10000000;nt17751
177751;10000000;nt17752
177752;10000000;nt17753
177753;10000000;nt17754
177754;10000000;nt17755
177755;10000000;nt17756
177756;10000000;nt17757
177757;10000000;nt17758
177758;10000000;nt17759
177759;10000000;nt17760
177760;10000000;nt17761
177761;10000000;nt17762
177762;10000000;nt17763
177763;10000000;nt17764
177764;10000000;nt17765
177765;10000000;nt17766
177766;10000000;nt17767
177767;10000000;nt17768
177768;10000000;nt17769
177769;10000000;nt17770
177770;10000000;nt17771
177771;10000000;nt17772
177772;10000000;nt17773
177773;10000000;nt17774
177774;10000000;nt17775
177775;10000000;nt17776
177776;10000000;nt17777
177777;10000000;nt17778
177778;10000000;nt17779
177779;10000000;nt17780
177780;10000000;nt17781
177781;10000000;nt17782
177782;10000000;nt17783
177783;10000000;nt17784
177784;10000000;nt17785
177785;10000000;nt17786
177786;10000000;nt17787
177787;10000000;nt17788
177788;10000000;nt17789
177789;10000000;nt17790
177790;10000000;nt17791
177791;10000000;nt17792
177792;10000000;nt17793
177793;10000000;nt17794
177794;10000000;nt17795
177795;10000000;nt17796
177796;10000000;nt17797
177797;10000000;nt17798
177798;10000000;nt17799
177799;10000000;nt17800
177800;10000000;nt17801
177801;10000000;nt17802
177802;10000000;nt17803
177803;10000000;nt17804
177804;10000000;nt17805
177805;10000000;nt17806
177806;10000000;nt17807
177807;10000000;nt17808
177808;10000000;nt17809
177809;10000000;nt17810
177810;10000000;nt17811
177811;10000000;nt17812
177812;10000000;nt17813
177813;10000000;nt17814
177814;10000000;nt17815
177815;10000000;nt17816
177816;10000000;nt17817
177817;10000000;nt17818
177818;10000000;nt17819
177819;10000000;nt17820
177820;10000000;nt17821
177821;10000000;nt17822
177822;10000000;nt17823
177823;10000000;nt17824
177824;10000000;nt17825
177825;10000000;nt17826
177826;10000000;nt17827
177827;10000000;nt17828
177828;10000000;nt17829
177829;10000000;nt17830
177830;10000000;nt17831
177831;10000000;nt17832
177832;10000000;nt17833
177833;10000000;nt17834
177834;10000000;nt17835
177835;10000000;nt17836
177836;10000000;nt17837
177837;10000000;nt17838
177838;10000000;nt17839
177839;10000000;nt17840
177840;10000000;nt17841
177841;10000000;nt17842
177842;10000000;nt17843
177843;10000000;nt17844
177844;10000000;nt17845
177845;10000000;nt17846
177846;10000000;nt17847
177847;10000000;nt17848
177848;10000000;nt17849
177849;10000000;nt17850
177850;10000000;nt17851
177851;10000000;nt17852
177852;10000000;nt17853
177853;10000000;nt17854
177854;10000000;nt17855
177855;10000000;nt17856
177856;10000000;nt17857
177857;10000000;nt17858
177858;10000000;nt17859
177859;10000000;nt17860
177860;10000000;nt17861
177861;10000000;nt17862
177862;10000000;nt17863
177863;10000000;nt17864
177864;10000000;nt17865
177865;10000000;nt17866
177866;10000000;nt17867
177867;10000000;nt17868
177868;10000000;nt17869
177869;10000000;nt17870
177870;10000000;nt17871
177871;10000000;nt17872
177872;10000000;nt17873
177873;10000000;nt17874
177874;10000000;nt17875
177875;10000000;nt17876
177876;10000000;nt17877
177877;10000000;nt17878
177878;10000000;nt17879
177879;10000000;nt17880
177880;10000000;nt17881
177881;10000000;nt17882
177882;10000000;nt17883
177883;10000000;nt17884
177884;10000000;nt17885
177885;10000000;nt17886
177886;10000000;nt17887
177887;10000000;nt17888
177888;10000000;nt17889
177889;10000000;nt17890
177890;10000000;nt17891
177891;10000000;nt17892
177892;10000000;nt17893
177893;10000000;nt17894
177894;10000000;nt17895
177895;10000000;nt17896
177896;10000000;nt17897
177897;10000000;nt17898
177898;10000000;nt17899
177899;10000000;nt17900
177900;10000000;nt17901
177901;10000000;nt17902
177902;10000000;nt17903
177903;10000000;nt17904
177904;10000000;nt17905
177905;10000000;nt17906
177906;10000000;nt17907
177907;10000000;nt17908
177908;10000000;nt17909
177909;10000000;nt17910
177910;10000000;nt17911
177911;10000000;nt17912
177912;10000000;nt17913
177913;10000000;nt17914
177914;10000000;nt17915
177915;10000000;nt17916
177916;10000000;nt17917
177917;10000000;nt17918
177918;10000000;nt17919
177919;10000000;nt17920
177920;10000000;nt17921
177921;10000000;nt17922
177922;10000000;nt17923
177923;10000000;nt17924
177924;10000000;nt17925
177925;10000000;nt17926
177926;10000000;nt17927
177927;10000000;nt17928
177928;10000000;nt17929
177929;10000000;nt17930
177930;10000000;nt17931
177931;10000000;nt17932
177932;10000000;nt17933
177933;10000000;nt17934
177934;10000000;nt17935
177935;10000000;nt17936
177936;10000000;nt17937
177937;10000000;nt17938
177938;10000000;nt17939
177939;10000000;nt17940
177940;10000000;nt17941
177941;10000000;nt17942
177942;10000000;nt17943
177943;10000000;nt17944
177944;10000000;nt17945
177945;10000000;nt17946
177946;10000000;nt17947
177947;10000000;nt17948
177948;10000000;nt17949
177949;10000000;nt17950
177950;10000000;nt17951
177951;10000000;nt17952
177952;10000000;nt17953
177953;10000000;nt17954
177954;10000000;nt17955
177955;10000000;nt17956
177956;10000000;nt17957
177957;10000000;nt17958
177958;10000000;nt17959
177959;10000000;nt17960
177960;10000000;nt17961
177961;10000000;nt17962
177962;10000000;nt17963
177963;10000000;nt17964
177964;10000000;nt17965
177965;10000000;nt17966
177966;10000000;nt17967
177967;10000000;nt17968
177968;10000000;nt17969
177969;10000000;nt17970
177970;10000000;nt17971
177971;10000000;nt17972
177972;10000000;nt17973
177973;10000000;nt17974
177974;10000000;nt17975
177975;10000000;nt17976
177976;10000000;nt17977
177977;10000000;nt17978
177978;10000000;nt17979
177979;10000000;nt17980
177980;10000000;nt17981
177981;10000000;nt17982
177982;10000000;nt17983
177983;10000000;nt17984
177984;10000000;nt17985
177985;10000000;nt17986
177986;10000000;nt17987
177987;10000000;nt17988
177988;10000000;nt17989
177989;10000000;nt17990
177990;10000000;nt17991
177991;10000000;nt17992
177992;10000000;nt17993
177993;10000000;nt17994
177994;10000000;nt17995
177995;10000000;nt17996
177996;10000000;nt17997
177997;10000000;nt17998
177998;10000000;nt17999
177999;10000000;nt18000
178000;10000000;nt18001
178001;10000000;nt18002
178002;10000000;nt18003
178003;10000000;nt18004
178004;10000000;nt18005
178005;10000000;nt18006
178006;10000000;nt18007
178007;10000000;nt18008
178008;10000000;nt18009
178009;10000000;nt18010
178010;10000000;nt18011
178011;10000000;nt18012
178012;10000000;nt18013
178013;10000000;nt18014
178014;10000000;nt18015
178015;10000000;nt18016
178016;10000000;nt18017
178017;10000000;nt18018
178018;10000000;nt18019
178019;10000000;nt18020
178020;10000000;nt18021
178021;10000000;nt18022
178022;10000000;nt18023
178023;10000000;nt18024
178024;10000000;nt18025
178025;10000000;nt18026
178026;10000000;nt18027
178027;10000000;nt18028
178028;10000000;nt18029
178029;10000000;nt18030
178030;10000000;nt18031
178031;10000000;nt18032
178032;10000000;nt18033
178033;10000000;nt18034
178034;10000000;nt18035
178035;10000000;nt18036
178036;10000000;nt18037
178037;10000000;nt18038
178038;10000000;nt18039
178039;10000000;nt18040
178040;10000000;nt18041
178041;10000000;nt18042
178042;10000000;nt18043
178043;10000000;nt18044
178044;10000000;nt18045
178045;10000000;nt18046
178046;10000000;nt18047
178047;10000000;nt18048
178048;10000000;nt18049
178049;10000000;nt18050
178050;10000000;nt18051
178051;10000000;nt18052
178052;10000000;nt18053
178053;10000000;nt18054
178054;10000000;nt18055
178055;10000000;nt18056
178056;10000000;nt18057
178057;10000000;nt18058
178058;10000000;nt18059
178059;10000000;nt18060
178060;10000000;nt18061
178061;10000000;nt18062
178062;10000000;nt18063
178063;10000000;nt18064
178064;10000000;nt18065
178065;10000000;nt18066
178066;10000000;nt18067
178067;10000000;nt18068
178068;10000000;nt18069
178069;10000000;nt18070
178070;10000000;nt18071
178071;10000000;nt18072
178072;10000000;nt18073
178073;10000000;nt18074
178074;10000000;nt18075
178075;10000000;nt18076
178076;10000000;nt18077
178077;10000000;nt18078
178078;10000000;nt18079
178079;10000000;nt18080
178080;10000000;nt18081
178081;10000000;nt18082
178082;10000000;nt18083
178083;10000000;nt18084
178084;10000000;nt18085
178085;10000000;nt18086
178086;10000000;nt18087
178087;10000000;nt18088
178088;10000000;nt18089
178089;10000000;nt18090
178090;10000000;nt18091
178091;10000000;nt18092
178092;10000000;nt18093
178093;10000000;nt18094
178094;10000000;nt18095
178095;10000000;nt18096
178096;10000000;nt18097
178097;10000000;nt18098
178098;10000000;nt18099
178099;10000000;nt18100
178100;10000000;nt18101
178101;10000000;nt18102
178102;10000000;nt18103
178103;10000000;nt18104
178104;10000000;nt18105
178105;10000000;nt18106
178106;10000000;nt18107
178107;10000000;nt18108
178108;10000000;nt18109
178109;10000000;nt18110
178110;10000000;nt18111
178111;10000000;nt18112
178112;10000000;nt18113
178113;10000000;nt18114
178114;10000000;nt18115
178115;10000000;nt18116
178116;10000000;nt18117
178117;10000000;nt18118
178118;10000000;nt18119
178119;10000000;nt18120
178120;10000000;nt18121
178121;10000000;nt18122
178122;10000000;nt18123
178123;10000000;nt18124
178124;10000000;nt18125
178125;10000000;nt18126
178126;10000000;nt18127
178127;10000000;nt18128
178128;10000000;nt18129
178129;10000000;nt18130
178130;10000000;nt18131
178131;10000000;nt18132
178132;10000000;nt18133
178133;10000000;nt18134
178134;10000000;nt18135
178135;10000000;nt18136
178136;10000000;nt18137
178137;10000000;nt18138
178138;10000000;nt18139
178139;10000000;nt18140
178140;10000000;nt18141
178141;10000000;nt18142
178142;10000000;nt18143
178143;10000000;nt18144
178144;10000000;nt18145
178145;10000000;nt18146
178146;10000000;nt18147
178147;10000000;nt18148
178148;10000000;nt18149
178149;10000000;nt18150
178150;10000000;nt18151
178151;10000000;nt18152
178152;10000000;nt18153
178153;10000000;nt18154
178154;10000000;nt18155
178155;10000000;nt18156
178156;10000000;nt18157
178157;10000000;nt18158
178158;10000000;nt18159
178159;10000000;nt18160
178160;10000000;nt18161
178161;10000000;nt18162
178162;10000000;nt18163
178163;10000000;nt18164
178164;10000000;nt18165
178165;10000000;nt18166
178166;10000000;nt18167
178167;10000000;nt18168
178168;10000000;nt18169
178169;10000000;nt18170
178170;10000000;nt18171
178171;10000000;nt18172
178172;10000000;nt18173
178173;10000000;nt18174
178174;10000000;nt18175
178175;10000000;nt18176
178176;10000000;nt18177
178177;10000000;nt18178
178178;10000000;nt18179
178179;10000000;nt18180
178180;10000000;nt18181
178181;10000000;nt18182
178182;10000000;nt18183
178183;10000000;nt18184
178184;10000000;nt18185
178185;10000000;nt18186
178186;10000000;nt18187
178187;10000000;nt18188
178188;10000000;nt18189
178189;10000000;nt18190
178190;10000000;nt18191
178191;10000000;nt18192
178192;10000000;nt18193
178193;10000000;nt18194
178194;10000000;nt18195
178195;10000000;nt18196
178196;10000000;nt18197
178197;10000000;nt18198
178198;10000000;nt18199
178199;10000000;nt18200
178200;10000000;nt18201
178201;10000000;nt18202
178202;10000000;nt18203
178203;10000000;nt18204
178204;10000000;nt18205
178205;10000000;nt18206
178206;10000000;nt18207
178207;10000000;nt18208
178208;10000000;nt18209
178209;10000000;nt18210
178210;10000000;nt18211
178211;10000000;nt18212
178212;10000000;nt18213
178213;10000000;nt18214
178214;10000000;nt18215
178215;10000000;nt18216
178216;10000000;nt18217
178217;10000000;nt18218
178218;10000000;nt18219
178219;10000000;nt18220
178220;10000000;nt18221
178221;10000000;nt18222
178222;10000000;nt18223
178223;10000000;nt18224
178224;10000000;nt18225
178225;10000000;nt18226
178226;10000000;nt18227
178227;10000000;nt18228
178228;10000000;nt18229
178229;10000000;nt18230
178230;10000000;nt18231
178231;10000000;nt18232
178232;10000000;nt18233
178233;10000000;nt18234
178234;10000000;nt18235
178235;10000000;nt18236
178236;10000000;nt18237
178237;10000000;nt18238
178238;10000000;nt18239
178239;10000000;nt18240
178240;10000000;nt18241
178241;10000000;nt18242
178242;10000000;nt18243
178243;10000000;nt18244
178244;10000000;nt18245
178245;10000000;nt18246
178246;10000000;nt18247
178247;10000000;nt18248
178248;10000000;nt18249
178249;10000000;nt18250
178250;10000000;nt18251
178251;10000000;nt18252
178252;10000000;nt18253
178253;10000000;nt18254
178254;10000000;nt18255
178255;10000000;nt18256
178256;10000000;nt18257
178257;10000000;nt18258
178258;10000000;nt18259
178259;10000000;nt18260
178260;10000000;nt18261
178261;10000000;nt18262
178262;10000000;nt18263
178263;10000000;nt18264
178264;10000000;nt18265
178265;10000000;nt18266
178266;10000000;nt18267
178267;10000000;nt18268
178268;10000000;nt18269
178269;10000000;nt18270
178270;10000000;nt18271
178271;10000000;nt18272
178272;10000000;nt18273
178273;10000000;nt18274
178274;10000000;nt18275
178275;10000000;nt18276
178276;10000000;nt18277
178277;10000000;nt18278
178278;10000000;nt18279
178279;10000000;nt18280
178280;10000000;nt18281
178281;10000000;nt18282
178282;10000000;nt18283
178283;10000000;nt18284
178284;10000000;nt18285
178285;10000000;nt18286
178286;10000000;nt18287
178287;10000000;nt18288
178288;10000000;nt18289
178289;10000000;nt18290
178290;10000000;nt18291
178291;10000000;nt18292
178292;10000000;nt18293
178293;10000000;nt18294
178294;10000000;nt18295
178295;10000000;nt18296
178296;10000000;nt18297
178297;10000000;nt18298
178298;10000000;nt18299
178299;10000000;nt18300
178300;10000000;nt18301
178301;10000000;nt18302
178302;10000000;nt18303
178303;10000000;nt18304
178304;10000000;nt18305
178305;10000000;nt18306
178306;10000000;nt18307
178307;10000000;nt18308
178308;10000000;nt18309
178309;10000000;nt18310
178310;10000000;nt18311
178311;10000000;nt18312
178312;10000000;nt18313
178313;10000000;nt18314
178314;10000000;nt18315
178315;10000000;nt18316
178316;10000000;nt18317
178317;10000000;nt18318
178318;10000000;nt18319
178319;10000000;nt18320
178320;10000000;nt18321
178321;10000000;nt18322
178322;10000000;nt18323
178323;10000000;nt18324
178324;10000000;nt18325
178325;10000000;nt18326
178326;10000000;nt18327
178327;10000000;nt18328
178328;10000000;nt18329
178329;10000000;nt18330
178330;10000000;nt18331
178331;10000000;nt18332
178332;10000000;nt18333
178333;10000000;nt18334
178334;10000000;nt18335
178335;10000000;nt18336
178336;10000000;nt18337
178337;10000000;nt18338
178338;10000000;nt18339
178339;10000000;nt18340
178340;10000000;nt18341
178341;10000000;nt18342
178342;10000000;nt18343
178343;10000000;nt18344
178344;10000000;nt18345
178345;10000000;nt18346
178346;10000000;nt18347
178347;10000000;nt18348
178348;10000000;nt18349
178349;10000000;nt18350
178350;10000000;nt18351
178351;10000000;nt18352
178352;10000000;nt18353
178353;10000000;nt18354
178354;10000000;nt18355
178355;10000000;nt18356
178356;10000000;nt18357
178357;10000000;nt18358
178358;10000000;nt18359
178359;10000000;nt18360
178360;10000000;nt18361
178361;10000000;nt18362
178362;10000000;nt18363
178363;10000000;nt18364
178364;10000000;nt18365
178365;10000000;nt18366
178366;10000000;nt18367
178367;10000000;nt18368
178368;10000000;nt18369
178369;10000000;nt18370
178370;10000000;nt18371
178371;10000000;nt18372
178372;10000000;nt18373
178373;10000000;nt18374
178374;10000000;nt18375
178375;10000000;nt18376
178376;10000000;nt18377
178377;10000000;nt18378
178378;10000000;nt18379
178379;10000000;nt18380
178380;10000000;nt18381
178381;10000000;nt18382
178382;10000000;nt18383
178383;10000000;nt18384
178384;10000000;nt18385
178385;10000000;nt18386
178386;10000000;nt18387
178387;10000000;nt18388
178388;10000000;nt18389
178389;10000000;nt18390
178390;10000000;nt18391
178391;10000000;nt18392
178392;10000000;nt18393
178393;10000000;nt18394
178394;10000000;nt18395
178395;10000000;nt18396
178396;10000000;nt18397
178397;10000000;nt18398
178398;10000000;nt18399
178399;10000000;nt18400
178400;10000000;nt18401
178401;10000000;nt18402
178402;10000000;nt18403
178403;10000000;nt18404
178404;10000000;nt18405
178405;10000000;nt18406
178406;10000000;nt18407
178407;10000000;nt18408
178408;10000000;nt18409
178409;10000000;nt18410
178410;10000000;nt18411
178411;10000000;nt18412
178412;10000000;nt18413
178413;10000000;nt18414
178414;10000000;nt18415
178415;10000000;nt18416
178416;10000000;nt18417
178417;10000000;nt18418
178418;10000000;nt18419
178419;10000000;nt18420
178420;10000000;nt18421
178421;10000000;nt18422
178422;10000000;nt18423
178423;10000000;nt18424
178424;10000000;nt18425
178425;10000000;nt18426
178426;10000000;nt18427
178427;10000000;nt18428
178428;10000000;nt18429
178429;10000000;nt18430
178430;10000000;nt18431
178431;10000000;nt18432
178432;10000000;nt18433
178433;10000000;nt18434
178434;10000000;nt18435
178435;10000000;nt18436
178436;10000000;nt18437
178437;10000000;nt18438
178438;10000000;nt18439
178439;10000000;nt18440
178440;10000000;nt18441
178441;10000000;nt18442
178442;10000000;nt18443
178443;10000000;nt18444
178444;10000000;nt18445
178445;10000000;nt18446
178446;10000000;nt18447
178447;10000000;nt18448
178448;10000000;nt18449
178449;10000000;nt18450
178450;10000000;nt18451
178451;10000000;nt18452
178452;10000000;nt18453
178453;10000000;nt18454
178454;10000000;nt18455
178455;10000000;nt18456
178456;10000000;nt18457
178457;10000000;nt18458
178458;10000000;nt18459
178459;10000000;nt18460
178460;10000000;nt18461
178461;10000000;nt18462
178462;10000000;nt18463
178463;10000000;nt18464
178464;10000000;nt18465
178465;10000000;nt18466
178466;10000000;nt18467
178467;10000000;nt18468
178468;10000000;nt18469
178469;10000000;nt18470
178470;10000000;nt18471
178471;10000000;nt18472
178472;10000000;nt18473
178473;10000000;nt18474
178474;10000000;nt18475
178475;10000000;nt18476
178476;10000000;nt18477
178477;10000000;nt18478
178478;10000000;nt18479
178479;10000000;nt18480
178480;10000000;nt18481
178481;10000000;nt18482
178482;10000000;nt18483
178483;10000000;nt18484
178484;10000000;nt18485
178485;10000000;nt18486
178486;10000000;nt18487
178487;10000000;nt18488
178488;10000000;nt18489
178489;10000000;nt18490
178490;10000000;nt18491
178491;10000000;nt18492
178492;10000000;nt18493
178493;10000000;nt18494
178494;10000000;nt18495
178495;10000000;nt18496
178496;10000000;nt18497
178497;10000000;nt18498
178498;10000000;nt18499
178499;10000000;nt18500
178500;10000000;nt18501
178501;10000000;nt18502
178502;10000000;nt18503
178503;10000000;nt18504
178504;10000000;nt18505
178505;10000000;nt18506
178506;10000000;nt18507
178507;10000000;nt18508
178508;10000000;nt18509
178509;10000000;nt18510
178510;10000000;nt18511
178511;10000000;nt18512
178512;10000000;nt18513
178513;10000000;nt18514
178514;10000000;nt18515
178515;10000000;nt18516
178516;10000000;nt18517
178517;10000000;nt18518
178518;10000000;nt18519
178519;10000000;nt18520
178520;10000000;nt18521
178521;10000000;nt18522
178522;10000000;nt18523
178523;10000000;nt18524
178524;10000000;nt18525
178525;10000000;nt18526
178526;10000000;nt18527
178527;10000000;nt18528
178528;10000000;nt18529
178529;10000000;nt18530
178530;10000000;nt18531
178531;10000000;nt18532
178532;10000000;nt18533
178533;10000000;nt18534
178534;10000000;nt18535
178535;10000000;nt18536
178536;10000000;nt18537
178537;10000000;nt18538
178538;10000000;nt18539
178539;10000000;nt18540
178540;10000000;nt18541
178541;10000000;nt18542
178542;10000000;nt18543
178543;10000000;nt18544
178544;10000000;nt18545
178545;10000000;nt18546
178546;10000000;nt18547
178547;10000000;nt18548
178548;10000000;nt18549
178549;10000000;nt18550
178550;10000000;nt18551
178551;10000000;nt18552
178552;10000000;nt18553
178553;10000000;nt18554
178554;10000000;nt18555
178555;10000000;nt18556
178556;10000000;nt18557
178557;10000000;nt18558
178558;10000000;nt18559
178559;10000000;nt18560
178560;10000000;nt18561
178561;10000000;nt18562
178562;10000000;nt18563
178563;10000000;nt18564
178564;10000000;nt18565
178565;10000000;nt18566
178566;10000000;nt18567
178567;10000000;nt18568
178568;10000000;nt18569
178569;10000000;nt18570
178570;10000000;nt18571
178571;10000000;nt18572
178572;10000000;nt18573
178573;10000000;nt18574
178574;10000000;nt18575
178575;10000000;nt18576
178576;10000000;nt18577
178577;10000000;nt18578
178578;10000000;nt18579
178579;10000000;nt18580
178580;10000000;nt18581
178581;10000000;nt18582
178582;10000000;nt18583
178583;10000000;nt18584
178584;10000000;nt18585
178585;10000000;nt18586
178586;10000000;nt18587
178587;10000000;nt18588
178588;10000000;nt18589
178589;10000000;nt18590
178590;10000000;nt18591
178591;10000000;nt18592
178592;10000000;nt18593
178593;10000000;nt18594
178594;10000000;nt18595
178595;10000000;nt18596
178596;10000000;nt18597
178597;10000000;nt18598
178598;10000000;nt18599
178599;10000000;nt18600
178600;10000000;nt18601
178601;10000000;nt18602
178602;10000000;nt18603
178603;10000000;nt18604
178604;10000000;nt18605
178605;10000000;nt18606
178606;10000000;nt18607
178607;10000000;nt18608
178608;10000000;nt18609
178609;10000000;nt18610
178610;10000000;nt18611
178611;10000000;nt18612
178612;10000000;nt18613
178613;10000000;nt18614
178614;10000000;nt18615
178615;10000000;nt18616
178616;10000000;nt18617
178617;10000000;nt18618
178618;10000000;nt18619
178619;10000000;nt18620
178620;10000000;nt18621
178621;10000000;nt18622
178622;10000000;nt18623
178623;10000000;nt18624
178624;10000000;nt18625
178625;10000000;nt18626
178626;10000000;nt18627
178627;10000000;nt18628
178628;10000000;nt18629
178629;10000000;nt18630
178630;10000000;nt18631
178631;10000000;nt18632
178632;10000000;nt18633
178633;10000000;nt18634
178634;10000000;nt18635
178635;10000000;nt18636
178636;10000000;nt18637
178637;10000000;nt18638
178638;10000000;nt18639
178639;10000000;nt18640
178640;10000000;nt18641
178641;10000000;nt18642
178642;10000000;nt18643
178643;10000000;nt18644
178644;10000000;nt18645
178645;10000000;nt18646
178646;10000000;nt18647
178647;10000000;nt18648
178648;10000000;nt18649
178649;10000000;nt18650
178650;10000000;nt18651
178651;10000000;nt18652
178652;10000000;nt18653
178653;10000000;nt18654
178654;10000000;nt18655
178655;10000000;nt18656
178656;10000000;nt18657
178657;10000000;nt18658
178658;10000000;nt18659
178659;10000000;nt18660
178660;10000000;nt18661
178661;10000000;nt18662
178662;10000000;nt18663
178663;10000000;nt18664
178664;10000000;nt18665
178665;10000000;nt18666
178666;10000000;nt18667
178667;10000000;nt18668
178668;10000000;nt18669
178669;10000000;nt18670
178670;10000000;nt18671
178671;10000000;nt18672
178672;10000000;nt18673
178673;10000000;nt18674
178674;10000000;nt18675
178675;10000000;nt18676
178676;10000000;nt18677
178677;10000000;nt18678
178678;10000000;nt18679
178679;10000000;nt18680
178680;10000000;nt18681
178681;10000000;nt18682
178682;10000000;nt18683
178683;10000000;nt18684
178684;10000000;nt18685
178685;10000000;nt18686
178686;10000000;nt18687
178687;10000000;nt18688
178688;10000000;nt18689
178689;10000000;nt18690
178690;10000000;nt18691
178691;10000000;nt18692
178692;10000000;nt18693
178693;10000000;nt18694
178694;10000000;nt18695
178695;10000000;nt18696
178696;10000000;nt18697
178697;10000000;nt18698
178698;10000000;nt18699
178699;10000000;nt18700
178700;10000000;nt18701
178701;10000000;nt18702
178702;10000000;nt18703
178703;10000000;nt18704
178704;10000000;nt18705
178705;10000000;nt18706
178706;10000000;nt18707
178707;10000000;nt18708
178708;10000000;nt18709
178709;10000000;nt18710
178710;10000000;nt18711
178711;10000000;nt18712
178712;10000000;nt18713
178713;10000000;nt18714
178714;10000000;nt18715
178715;10000000;nt18716
178716;10000000;nt18717
178717;10000000;nt18718
178718;10000000;nt18719
178719;10000000;nt18720
178720;10000000;nt18721
178721;10000000;nt18722
178722;10000000;nt18723
178723;10000000;nt18724
178724;10000000;nt18725
178725;10000000;nt18726
178726;10000000;nt18727
178727;10000000;nt18728
178728;10000000;nt18729
178729;10000000;nt18730
178730;10000000;nt18731
178731;10000000;nt18732
178732;10000000;nt18733
178733;10000000;nt18734
178734;10000000;nt18735
178735;10000000;nt18736
178736;10000000;nt18737
178737;10000000;nt18738
178738;10000000;nt18739
178739;10000000;nt18740
178740;10000000;nt18741
178741;10000000;nt18742
178742;10000000;nt18743
178743;10000000;nt18744
178744;10000000;nt18745
178745;10000000;nt18746
178746;10000000;nt18747
178747;10000000;nt18748
178748;10000000;nt18749
178749;10000000;nt18750
178750;10000000;nt18751
178751;10000000;nt18752
178752;10000000;nt18753
178753;10000000;nt18754
178754;10000000;nt18755
178755;10000000;nt18756
178756;10000000;nt18757
178757;10000000;nt18758
178758;10000000;nt18759
178759;10000000;nt18760
178760;10000000;nt18761
178761;10000000;nt18762
178762;10000000;nt18763
178763;10000000;nt18764
178764;10000000;nt18765
178765;10000000;nt18766
178766;10000000;nt18767
178767;10000000;nt18768
178768;10000000;nt18769
178769;10000000;nt18770
178770;10000000;nt18771
178771;10000000;nt18772
178772;10000000;nt18773
178773;10000000;nt18774
178774;10000000;nt18775
178775;10000000;nt18776
178776;10000000;nt18777
178777;10000000;nt18778
178778;10000000;nt18779
178779;10000000;nt18780
178780;10000000;nt18781
178781;10000000;nt18782
178782;10000000;nt18783
178783;10000000;nt18784
178784;10000000;nt18785
178785;10000000;nt18786
178786;10000000;nt18787
178787;10000000;nt18788
178788;10000000;nt18789
178789;10000000;nt18790
178790;10000000;nt18791
178791;10000000;nt18792
178792;10000000;nt18793
178793;10000000;nt18794
178794;10000000;nt18795
178795;10000000;nt18796
178796;10000000;nt18797
178797;10000000;nt18798
178798;10000000;nt18799
178799;10000000;nt18800
178800;10000000;nt18801
178801;10000000;nt18802
178802;10000000;nt18803
178803;10000000;nt18804
178804;10000000;nt18805
178805;10000000;nt18806
178806;10000000;nt18807
178807;10000000;nt18808
178808;10000000;nt18809
178809;10000000;nt18810
178810;10000000;nt18811
178811;10000000;nt18812
178812;10000000;nt18813
178813;10000000;nt18814
178814;10000000;nt18815
178815;10000000;nt18816
178816;10000000;nt18817
178817;10000000;nt18818
178818;10000000;nt18819
178819;10000000;nt18820
178820;10000000;nt18821
178821;10000000;nt18822
178822;10000000;nt18823
178823;10000000;nt18824
178824;10000000;nt18825
178825;10000000;nt18826
178826;10000000;nt18827
178827;10000000;nt18828
178828;10000000;nt18829
178829;10000000;nt18830
178830;10000000;nt18831
178831;10000000;nt18832
178832;10000000;nt18833
178833;10000000;nt18834
178834;10000000;nt18835
178835;10000000;nt18836
178836;10000000;nt18837
178837;10000000;nt18838
178838;10000000;nt18839
178839;10000000;nt18840
178840;10000000;nt18841
178841;10000000;nt18842
178842;10000000;nt18843
178843;10000000;nt18844
178844;10000000;nt18845
178845;10000000;nt18846
178846;10000000;nt18847
178847;10000000;nt18848
178848;10000000;nt18849
178849;10000000;nt18850
178850;10000000;nt18851
178851;10000000;nt18852
178852;10000000;nt18853
178853;10000000;nt18854
178854;10000000;nt18855
178855;10000000;nt18856
178856;10000000;nt18857
178857;10000000;nt18858
178858;10000000;nt18859
178859;10000000;nt18860
178860;10000000;nt18861
178861;10000000;nt18862
178862;10000000;nt18863
178863;10000000;nt18864
178864;10000000;nt18865
178865;10000000;nt18866
178866;10000000;nt18867
178867;10000000;nt18868
178868;10000000;nt18869
178869;10000000;nt18870
178870;10000000;nt18871
178871;10000000;nt18872
178872;10000000;nt18873
178873;10000000;nt18874
178874;10000000;nt18875
178875;10000000;nt18876
178876;10000000;nt18877
178877;10000000;nt18878
178878;10000000;nt18879
178879;10000000;nt18880
178880;10000000;nt18881
178881;10000000;nt18882
178882;10000000;nt18883
178883;10000000;nt18884
178884;10000000;nt18885
178885;10000000;nt18886
178886;10000000;nt18887
178887;10000000;nt18888
178888;10000000;nt18889
178889;10000000;nt18890
178890;10000000;nt18891
178891;10000000;nt18892
178892;10000000;nt18893
178893;10000000;nt18894
178894;10000000;nt18895
178895;10000000;nt18896
178896;10000000;nt18897
178897;10000000;nt18898
178898;10000000;nt18899
178899;10000000;nt18900
178900;10000000;nt18901
178901;10000000;nt18902
178902;10000000;nt18903
178903;10000000;nt18904
178904;10000000;nt18905
178905;10000000;nt18906
178906;10000000;nt18907
178907;10000000;nt18908
178908;10000000;nt18909
178909;10000000;nt18910
178910;10000000;nt18911
178911;10000000;nt18912
178912;10000000;nt18913
178913;10000000;nt18914
178914;10000000;nt18915
178915;10000000;nt18916
178916;10000000;nt18917
178917;10000000;nt18918
178918;10000000;nt18919
178919;10000000;nt18920
178920;10000000;nt18921
178921;10000000;nt18922
178922;10000000;nt18923
178923;10000000;nt18924
178924;10000000;nt18925
178925;10000000;nt18926
178926;10000000;nt18927
178927;10000000;nt18928
178928;10000000;nt18929
178929;10000000;nt18930
178930;10000000;nt18931
178931;10000000;nt18932
178932;10000000;nt18933
178933;10000000;nt18934
178934;10000000;nt18935
178935;10000000;nt18936
178936;10000000;nt18937
178937;10000000;nt18938
178938;10000000;nt18939
178939;10000000;nt18940
178940;10000000;nt18941
178941;10000000;nt18942
178942;10000000;nt18943
178943;10000000;nt18944
178944;10000000;nt18945
178945;10000000;nt18946
178946;10000000;nt18947
178947;10000000;nt18948
178948;10000000;nt18949
178949;10000000;nt18950
178950;10000000;nt18951
178951;10000000;nt18952
178952;10000000;nt18953
178953;10000000;nt18954
178954;10000000;nt18955
178955;10000000;nt18956
178956;10000000;nt18957
178957;10000000;nt18958
178958;10000000;nt18959
178959;10000000;nt18960
178960;10000000;nt18961
178961;10000000;nt18962
178962;10000000;nt18963
178963;10000000;nt18964
178964;10000000;nt18965
178965;10000000;nt18966
178966;10000000;nt18967
178967;10000000;nt18968
178968;10000000;nt18969
178969;10000000;nt18970
178970;10000000;nt18971
178971;10000000;nt18972
178972;10000000;nt18973
178973;10000000;nt18974
178974;10000000;nt18975
178975;10000000;nt18976
178976;10000000;nt18977
178977;10000000;nt18978
178978;10000000;nt18979
178979;10000000;nt18980
178980;10000000;nt18981
178981;10000000;nt18982
178982;10000000;nt18983
178983;10000000;nt18984
178984;10000000;nt18985
178985;10000000;nt18986
178986;10000000;nt18987
178987;10000000;nt18988
178988;10000000;nt18989
178989;10000000;nt18990
178990;10000000;nt18991
178991;10000000;nt18992
178992;10000000;nt18993
178993;10000000;nt18994
178994;10000000;nt18995
178995;10000000;nt18996
178996;10000000;nt18997
178997;10000000;nt18998
178998;10000000;nt18999
178999;10000000;nt19000
179000;10000000;nt19001
179001;10000000;nt19002
179002;10000000;nt19003
179003;10000000;nt19004
179004;10000000;nt19005
179005;10000000;nt19006
179006;10000000;nt19007
179007;10000000;nt19008
179008;10000000;nt19009
179009;10000000;nt19010
179010;10000000;nt19011
179011;10000000;nt19012
179012;10000000;nt19013
179013;10000000;nt19014
179014;10000000;nt19015
179015;10000000;nt19016
179016;10000000;nt19017
179017;10000000;nt19018
179018;10000000;nt19019
179019;10000000;nt19020
179020;10000000;nt19021
179021;10000000;nt19022
179022;10000000;nt19023
179023;10000000;nt19024
179024;10000000;nt19025
179025;10000000;nt19026
179026;10000000;nt19027
179027;10000000;nt19028
179028;10000000;nt19029
179029;10000000;nt19030
179030;10000000;nt19031
179031;10000000;nt19032
179032;10000000;nt19033
179033;10000000;nt19034
179034;10000000;nt19035
179035;10000000;nt19036
179036;10000000;nt19037
179037;10000000;nt19038
179038;10000000;nt19039
179039;10000000;nt19040
179040;10000000;nt19041
179041;10000000;nt19042
179042;10000000;nt19043
179043;10000000;nt19044
179044;10000000;nt19045
179045;10000000;nt19046
179046;10000000;nt19047
179047;10000000;nt19048
179048;10000000;nt19049
179049;10000000;nt19050
179050;10000000;nt19051
179051;10000000;nt19052
179052;10000000;nt19053
179053;10000000;nt19054
179054;10000000;nt19055
179055;10000000;nt19056
179056;10000000;nt19057
179057;10000000;nt19058
179058;10000000;nt19059
179059;10000000;nt19060
179060;10000000;nt19061
179061;10000000;nt19062
179062;10000000;nt19063
179063;10000000;nt19064
179064;10000000;nt19065
179065;10000000;nt19066
179066;10000000;nt19067
179067;10000000;nt19068
179068;10000000;nt19069
179069;10000000;nt19070
179070;10000000;nt19071
179071;10000000;nt19072
179072;10000000;nt19073
179073;10000000;nt19074
179074;10000000;nt19075
179075;10000000;nt19076
179076;10000000;nt19077
179077;10000000;nt19078
179078;10000000;nt19079
179079;10000000;nt19080
179080;10000000;nt19081
179081;10000000;nt19082
179082;10000000;nt19083
179083;10000000;nt19084
179084;10000000;nt19085
179085;10000000;nt19086
179086;10000000;nt19087
179087;10000000;nt19088
179088;10000000;nt19089
179089;10000000;nt19090
179090;10000000;nt19091
179091;10000000;nt19092
179092;10000000;nt19093
179093;10000000;nt19094
179094;10000000;nt19095
179095;10000000;nt19096
179096;10000000;nt19097
179097;10000000;nt19098
179098;10000000;nt19099
179099;10000000;nt19100
179100;10000000;nt19101
179101;10000000;nt19102
179102;10000000;nt19103
179103;10000000;nt19104
179104;10000000;nt19105
179105;10000000;nt19106
179106;10000000;nt19107
179107;10000000;nt19108
179108;10000000;nt19109
179109;10000000;nt19110
179110;10000000;nt19111
179111;10000000;nt19112
179112;10000000;nt19113
179113;10000000;nt19114
179114;10000000;nt19115
179115;10000000;nt19116
179116;10000000;nt19117
179117;10000000;nt19118
179118;10000000;nt19119
179119;10000000;nt19120
179120;10000000;nt19121
179121;10000000;nt19122
179122;10000000;nt19123
179123;10000000;nt19124
179124;10000000;nt19125
179125;10000000;nt19126
179126;10000000;nt19127
179127;10000000;nt19128
179128;10000000;nt19129
179129;10000000;nt19130
179130;10000000;nt19131
179131;10000000;nt19132
179132;10000000;nt19133
179133;10000000;nt19134
179134;10000000;nt19135
179135;10000000;nt19136
179136;10000000;nt19137
179137;10000000;nt19138
179138;10000000;nt19139
179139;10000000;nt19140
179140;10000000;nt19141
179141;10000000;nt19142
179142;10000000;nt19143
179143;10000000;nt19144
179144;10000000;nt19145
179145;10000000;nt19146
179146;10000000;nt19147
179147;10000000;nt19148
179148;10000000;nt19149
179149;10000000;nt19150
179150;10000000;nt19151
179151;10000000;nt19152
179152;10000000;nt19153
179153;10000000;nt19154
179154;10000000;nt19155
179155;10000000;nt19156
179156;10000000;nt19157
179157;10000000;nt19158
179158;10000000;nt19159
179159;10000000;nt19160
179160;10000000;nt19161
179161;10000000;nt19162
179162;10000000;nt19163
179163;10000000;nt19164
179164;10000000;nt19165
179165;10000000;nt19166
179166;10000000;nt19167
179167;10000000;nt19168
179168;10000000;nt19169
179169;10000000;nt19170
179170;10000000;nt19171
179171;10000000;nt19172
179172;10000000;nt19173
179173;10000000;nt19174
179174;10000000;nt19175
179175;10000000;nt19176
179176;10000000;nt19177
179177;10000000;nt19178
179178;10000000;nt19179
179179;10000000;nt19180
179180;10000000;nt19181
179181;10000000;nt19182
179182;10000000;nt19183
179183;10000000;nt19184
179184;10000000;nt19185
179185;10000000;nt19186
179186;10000000;nt19187
179187;10000000;nt19188
179188;10000000;nt19189
179189;10000000;nt19190
179190;10000000;nt19191
179191;10000000;nt19192
179192;10000000;nt19193
179193;10000000;nt19194
179194;10000000;nt19195
179195;10000000;nt19196
179196;10000000;nt19197
179197;10000000;nt19198
179198;10000000;nt19199
179199;10000000;nt19200
179200;10000000;nt19201
179201;10000000;nt19202
179202;10000000;nt19203
179203;10000000;nt19204
179204;10000000;nt19205
179205;10000000;nt19206
179206;10000000;nt19207
179207;10000000;nt19208
179208;10000000;nt19209
179209;10000000;nt19210
179210;10000000;nt19211
179211;10000000;nt19212
179212;10000000;nt19213
179213;10000000;nt19214
179214;10000000;nt19215
179215;10000000;nt19216
179216;10000000;nt19217
179217;10000000;nt19218
179218;10000000;nt19219
179219;10000000;nt19220
179220;10000000;nt19221
179221;10000000;nt19222
179222;10000000;nt19223
179223;10000000;nt19224
179224;10000000;nt19225
179225;10000000;nt19226
179226;10000000;nt19227
179227;10000000;nt19228
179228;10000000;nt19229
179229;10000000;nt19230
179230;10000000;nt19231
179231;10000000;nt19232
179232;10000000;nt19233
179233;10000000;nt19234
179234;10000000;nt19235
179235;10000000;nt19236
179236;10000000;nt19237
179237;10000000;nt19238
179238;10000000;nt19239
179239;10000000;nt19240
179240;10000000;nt19241
179241;10000000;nt19242
179242;10000000;nt19243
179243;10000000;nt19244
179244;10000000;nt19245
179245;10000000;nt19246
179246;10000000;nt19247
179247;10000000;nt19248
179248;10000000;nt19249
179249;10000000;nt19250
179250;10000000;nt19251
179251;10000000;nt19252
179252;10000000;nt19253
179253;10000000;nt19254
179254;10000000;nt19255
179255;10000000;nt19256
179256;10000000;nt19257
179257;10000000;nt19258
179258;10000000;nt19259
179259;10000000;nt19260
179260;10000000;nt19261
179261;10000000;nt19262
179262;10000000;nt19263
179263;10000000;nt19264
179264;10000000;nt19265
179265;10000000;nt19266
179266;10000000;nt19267
179267;10000000;nt19268
179268;10000000;nt19269
179269;10000000;nt19270
179270;10000000;nt19271
179271;10000000;nt19272
179272;10000000;nt19273
179273;10000000;nt19274
179274;10000000;nt19275
179275;10000000;nt19276
179276;10000000;nt19277
179277;10000000;nt19278
179278;10000000;nt19279
179279;10000000;nt19280
179280;10000000;nt19281
179281;10000000;nt19282
179282;10000000;nt19283
179283;10000000;nt19284
179284;10000000;nt19285
179285;10000000;nt19286
179286;10000000;nt19287
179287;10000000;nt19288
179288;10000000;nt19289
179289;10000000;nt19290
179290;10000000;nt19291
179291;10000000;nt19292
179292;10000000;nt19293
179293;10000000;nt19294
179294;10000000;nt19295
179295;10000000;nt19296
179296;10000000;nt19297
179297;10000000;nt19298
179298;10000000;nt19299
179299;10000000;nt19300
179300;10000000;nt19301
179301;10000000;nt19302
179302;10000000;nt19303
179303;10000000;nt19304
179304;10000000;nt19305
179305;10000000;nt19306
179306;10000000;nt19307
179307;10000000;nt19308
179308;10000000;nt19309
179309;10000000;nt19310
179310;10000000;nt19311
179311;10000000;nt19312
179312;10000000;nt19313
179313;10000000;nt19314
179314;10000000;nt19315
179315;10000000;nt19316
179316;10000000;nt19317
179317;10000000;nt19318
179318;10000000;nt19319
179319;10000000;nt19320
179320;10000000;nt19321
179321;10000000;nt19322
179322;10000000;nt19323
179323;10000000;nt19324
179324;10000000;nt19325
179325;10000000;nt19326
179326;10000000;nt19327
179327;10000000;nt19328
179328;10000000;nt19329
179329;10000000;nt19330
179330;10000000;nt19331
179331;10000000;nt19332
179332;10000000;nt19333
179333;10000000;nt19334
179334;10000000;nt19335
179335;10000000;nt19336
179336;10000000;nt19337
179337;10000000;nt19338
179338;10000000;nt19339
179339;10000000;nt19340
179340;10000000;nt19341
179341;10000000;nt19342
179342;10000000;nt19343
179343;10000000;nt19344
179344;10000000;nt19345
179345;10000000;nt19346
179346;10000000;nt19347
179347;10000000;nt19348
179348;10000000;nt19349
179349;10000000;nt19350
179350;10000000;nt19351
179351;10000000;nt19352
179352;10000000;nt19353
179353;10000000;nt19354
179354;10000000;nt19355
179355;10000000;nt19356
179356;10000000;nt19357
179357;10000000;nt19358
179358;10000000;nt19359
179359;10000000;nt19360
179360;10000000;nt19361
179361;10000000;nt19362
179362;10000000;nt19363
179363;10000000;nt19364
179364;10000000;nt19365
179365;10000000;nt19366
179366;10000000;nt19367
179367;10000000;nt19368
179368;10000000;nt19369
179369;10000000;nt19370
179370;10000000;nt19371
179371;10000000;nt19372
179372;10000000;nt19373
179373;10000000;nt19374
179374;10000000;nt19375
179375;10000000;nt19376
179376;10000000;nt19377
179377;10000000;nt19378
179378;10000000;nt19379
179379;10000000;nt19380
179380;10000000;nt19381
179381;10000000;nt19382
179382;10000000;nt19383
179383;10000000;nt19384
179384;10000000;nt19385
179385;10000000;nt19386
179386;10000000;nt19387
179387;10000000;nt19388
179388;10000000;nt19389
179389;10000000;nt19390
179390;10000000;nt19391
179391;10000000;nt19392
179392;10000000;nt19393
179393;10000000;nt19394
179394;10000000;nt19395
179395;10000000;nt19396
179396;10000000;nt19397
179397;10000000;nt19398
179398;10000000;nt19399
179399;10000000;nt19400
179400;10000000;nt19401
179401;10000000;nt19402
179402;10000000;nt19403
179403;10000000;nt19404
179404;10000000;nt19405
179405;10000000;nt19406
179406;10000000;nt19407
179407;10000000;nt19408
179408;10000000;nt19409
179409;10000000;nt19410
179410;10000000;nt19411
179411;10000000;nt19412
179412;10000000;nt19413
179413;10000000;nt19414
179414;10000000;nt19415
179415;10000000;nt19416
179416;10000000;nt19417
179417;10000000;nt19418
179418;10000000;nt19419
179419;10000000;nt19420
179420;10000000;nt19421
179421;10000000;nt19422
179422;10000000;nt19423
179423;10000000;nt19424
179424;10000000;nt19425
179425;10000000;nt19426
179426;10000000;nt19427
179427;10000000;nt19428
179428;10000000;nt19429
179429;10000000;nt19430
179430;10000000;nt19431
179431;10000000;nt19432
179432;10000000;nt19433
179433;10000000;nt19434
179434;10000000;nt19435
179435;10000000;nt19436
179436;10000000;nt19437
179437;10000000;nt19438
179438;10000000;nt19439
179439;10000000;nt19440
179440;10000000;nt19441
179441;10000000;nt19442
179442;10000000;nt19443
179443;10000000;nt19444
179444;10000000;nt19445
179445;10000000;nt19446
179446;10000000;nt19447
179447;10000000;nt19448
179448;10000000;nt19449
179449;10000000;nt19450
179450;10000000;nt19451
179451;10000000;nt19452
179452;10000000;nt19453
179453;10000000;nt19454
179454;10000000;nt19455
179455;10000000;nt19456
179456;10000000;nt19457
179457;10000000;nt19458
179458;10000000;nt19459
179459;10000000;nt19460
179460;10000000;nt19461
179461;10000000;nt19462
179462;10000000;nt19463
179463;10000000;nt19464
179464;10000000;nt19465
179465;10000000;nt19466
179466;10000000;nt19467
179467;10000000;nt19468
179468;10000000;nt19469
179469;10000000;nt19470
179470;10000000;nt19471
179471;10000000;nt19472
179472;10000000;nt19473
179473;10000000;nt19474
179474;10000000;nt19475
179475;10000000;nt19476
179476;10000000;nt19477
179477;10000000;nt19478
179478;10000000;nt19479
179479;10000000;nt19480
179480;10000000;nt19481
179481;10000000;nt19482
179482;10000000;nt19483
179483;10000000;nt19484
179484;10000000;nt19485
179485;10000000;nt19486
179486;10000000;nt19487
179487;10000000;nt19488
179488;10000000;nt19489
179489;10000000;nt19490
179490;10000000;nt19491
179491;10000000;nt19492
179492;10000000;nt19493
179493;10000000;nt19494
179494;10000000;nt19495
179495;10000000;nt19496
179496;10000000;nt19497
179497;10000000;nt19498
179498;10000000;nt19499
179499;10000000;nt19500
179500;10000000;nt19501
179501;10000000;nt19502
179502;10000000;nt19503
179503;10000000;nt19504
179504;10000000;nt19505
179505;10000000;nt19506
179506;10000000;nt19507
179507;10000000;nt19508
179508;10000000;nt19509
179509;10000000;nt19510
179510;10000000;nt19511
179511;10000000;nt19512
179512;10000000;nt19513
179513;10000000;nt19514
179514;10000000;nt19515
179515;10000000;nt19516
179516;10000000;nt19517
179517;10000000;nt19518
179518;10000000;nt19519
179519;10000000;nt19520
179520;10000000;nt19521
179521;10000000;nt19522
179522;10000000;nt19523
179523;10000000;nt19524
179524;10000000;nt19525
179525;10000000;nt19526
179526;10000000;nt19527
179527;10000000;nt19528
179528;10000000;nt19529
179529;10000000;nt19530
179530;10000000;nt19531
179531;10000000;nt19532
179532;10000000;nt19533
179533;10000000;nt19534
179534;10000000;nt19535
179535;10000000;nt19536
179536;10000000;nt19537
179537;10000000;nt19538
179538;10000000;nt19539
179539;10000000;nt19540
179540;10000000;nt19541
179541;10000000;nt19542
179542;10000000;nt19543
179543;10000000;nt19544
179544;10000000;nt19545
179545;10000000;nt19546
179546;10000000;nt19547
179547;10000000;nt19548
179548;10000000;nt19549
179549;10000000;nt19550
179550;10000000;nt19551
179551;10000000;nt19552
179552;10000000;nt19553
179553;10000000;nt19554
179554;10000000;nt19555
179555;10000000;nt19556
179556;10000000;nt19557
179557;10000000;nt19558
179558;10000000;nt19559
179559;10000000;nt19560
179560;10000000;nt19561
179561;10000000;nt19562
179562;10000000;nt19563
179563;10000000;nt19564
179564;10000000;nt19565
179565;10000000;nt19566
179566;10000000;nt19567
179567;10000000;nt19568
179568;10000000;nt19569
179569;10000000;nt19570
179570;10000000;nt19571
179571;10000000;nt19572
179572;10000000;nt19573
179573;10000000;nt19574
179574;10000000;nt19575
179575;10000000;nt19576
179576;10000000;nt19577
179577;10000000;nt19578
179578;10000000;nt19579
179579;10000000;nt19580
179580;10000000;nt19581
179581;10000000;nt19582
179582;10000000;nt19583
179583;10000000;nt19584
179584;10000000;nt19585
179585;10000000;nt19586
179586;10000000;nt19587
179587;10000000;nt19588
179588;10000000;nt19589
179589;10000000;nt19590
179590;10000000;nt19591
179591;10000000;nt19592
179592;10000000;nt19593
179593;10000000;nt19594
179594;10000000;nt19595
179595;10000000;nt19596
179596;10000000;nt19597
179597;10000000;nt19598
179598;10000000;nt19599
179599;10000000;nt19600
179600;10000000;nt19601
179601;10000000;nt19602
179602;10000000;nt19603
179603;10000000;nt19604
179604;10000000;nt19605
179605;10000000;nt19606
179606;10000000;nt19607
179607;10000000;nt19608
179608;10000000;nt19609
179609;10000000;nt19610
179610;10000000;nt19611
179611;10000000;nt19612
179612;10000000;nt19613
179613;10000000;nt19614
179614;10000000;nt19615
179615;10000000;nt19616
179616;10000000;nt19617
179617;10000000;nt19618
179618;10000000;nt19619
179619;10000000;nt19620
179620;10000000;nt19621
179621;10000000;nt19622
179622;10000000;nt19623
179623;10000000;nt19624
179624;10000000;nt19625
179625;10000000;nt19626
179626;10000000;nt19627
179627;10000000;nt19628
179628;10000000;nt19629
179629;10000000;nt19630
179630;10000000;nt19631
179631;10000000;nt19632
179632;10000000;nt19633
179633;10000000;nt19634
179634;10000000;nt19635
179635;10000000;nt19636
179636;10000000;nt19637
179637;10000000;nt19638
179638;10000000;nt19639
179639;10000000;nt19640
179640;10000000;nt19641
179641;10000000;nt19642
179642;10000000;nt19643
179643;10000000;nt19644
179644;10000000;nt19645
179645;10000000;nt19646
179646;10000000;nt19647
179647;10000000;nt19648
179648;10000000;nt19649
179649;10000000;nt19650
179650;10000000;nt19651
179651;10000000;nt19652
179652;10000000;nt19653
179653;10000000;nt19654
179654;10000000;nt19655
179655;10000000;nt19656
179656;10000000;nt19657
179657;10000000;nt19658
179658;10000000;nt19659
179659;10000000;nt19660
179660;10000000;nt19661
179661;10000000;nt19662
179662;10000000;nt19663
179663;10000000;nt19664
179664;10000000;nt19665
179665;10000000;nt19666
179666;10000000;nt19667
179667;10000000;nt19668
179668;10000000;nt19669
179669;10000000;nt19670
179670;10000000;nt19671
179671;10000000;nt19672
179672;10000000;nt19673
179673;10000000;nt19674
179674;10000000;nt19675
179675;10000000;nt19676
179676;10000000;nt19677
179677;10000000;nt19678
179678;10000000;nt19679
179679;10000000;nt19680
179680;10000000;nt19681
179681;10000000;nt19682
179682;10000000;nt19683
179683;10000000;nt19684
179684;10000000;nt19685
179685;10000000;nt19686
179686;10000000;nt19687
179687;10000000;nt19688
179688;10000000;nt19689
179689;10000000;nt19690
179690;10000000;nt19691
179691;10000000;nt19692
179692;10000000;nt19693
179693;10000000;nt19694
179694;10000000;nt19695
179695;10000000;nt19696
179696;10000000;nt19697
179697;10000000;nt19698
179698;10000000;nt19699
179699;10000000;nt19700
179700;10000000;nt19701
179701;10000000;nt19702
179702;10000000;nt19703
179703;10000000;nt19704
179704;10000000;nt19705
179705;10000000;nt19706
179706;10000000;nt19707
179707;10000000;nt19708
179708;10000000;nt19709
179709;10000000;nt19710
179710;10000000;nt19711
179711;10000000;nt19712
179712;10000000;nt19713
179713;10000000;nt19714
179714;10000000;nt19715
179715;10000000;nt19716
179716;10000000;nt19717
179717;10000000;nt19718
179718;10000000;nt19719
179719;10000000;nt19720
179720;10000000;nt19721
179721;10000000;nt19722
179722;10000000;nt19723
179723;10000000;nt19724
179724;10000000;nt19725
179725;10000000;nt19726
179726;10000000;nt19727
179727;10000000;nt19728
179728;10000000;nt19729
179729;10000000;nt19730
179730;10000000;nt19731
179731;10000000;nt19732
179732;10000000;nt19733
179733;10000000;nt19734
179734;10000000;nt19735
179735;10000000;nt19736
179736;10000000;nt19737
179737;10000000;nt19738
179738;10000000;nt19739
179739;10000000;nt19740
179740;10000000;nt19741
179741;10000000;nt19742
179742;10000000;nt19743
179743;10000000;nt19744
179744;10000000;nt19745
179745;10000000;nt19746
179746;10000000;nt19747
179747;10000000;nt19748
179748;10000000;nt19749
179749;10000000;nt19750
179750;10000000;nt19751
179751;10000000;nt19752
179752;10000000;nt19753
179753;10000000;nt19754
179754;10000000;nt19755
179755;10000000;nt19756
179756;10000000;nt19757
179757;10000000;nt19758
179758;10000000;nt19759
179759;10000000;nt19760
179760;10000000;nt19761
179761;10000000;nt19762
179762;10000000;nt19763
179763;10000000;nt19764
179764;10000000;nt19765
179765;10000000;nt19766
179766;10000000;nt19767
179767;10000000;nt19768
179768;10000000;nt19769
179769;10000000;nt19770
179770;10000000;nt19771
179771;10000000;nt19772
179772;10000000;nt19773
179773;10000000;nt19774
179774;10000000;nt19775
179775;10000000;nt19776
179776;10000000;nt19777
179777;10000000;nt19778
179778;10000000;nt19779
179779;10000000;nt19780
179780;10000000;nt19781
179781;10000000;nt19782
179782;10000000;nt19783
179783;10000000;nt19784
179784;10000000;nt19785
179785;10000000;nt19786
179786;10000000;nt19787
179787;10000000;nt19788
179788;10000000;nt19789
179789;10000000;nt19790
179790;10000000;nt19791
179791;10000000;nt19792
179792;10000000;nt19793
179793;10000000;nt19794
179794;10000000;nt19795
179795;10000000;nt19796
179796;10000000;nt19797
179797;10000000;nt19798
179798;10000000;nt19799
179799;10000000;nt19800
179800;10000000;nt19801
179801;10000000;nt19802
179802;10000000;nt19803
179803;10000000;nt19804
179804;10000000;nt19805
179805;10000000;nt19806
179806;10000000;nt19807
179807;10000000;nt19808
179808;10000000;nt19809
179809;10000000;nt19810
179810;10000000;nt19811
179811;10000000;nt19812
179812;10000000;nt19813
179813;10000000;nt19814
179814;10000000;nt19815
179815;10000000;nt19816
179816;10000000;nt19817
179817;10000000;nt19818
179818;10000000;nt19819
179819;10000000;nt19820
179820;10000000;nt19821
179821;10000000;nt19822
179822;10000000;nt19823
179823;10000000;nt19824
179824;10000000;nt19825
179825;10000000;nt19826
179826;10000000;nt19827
179827;10000000;nt19828
179828;10000000;nt19829
179829;10000000;nt19830
179830;10000000;nt19831
179831;10000000;nt19832
179832;10000000;nt19833
179833;10000000;nt19834
179834;10000000;nt19835
179835;10000000;nt19836
179836;10000000;nt19837
179837;10000000;nt19838
179838;10000000;nt19839
179839;10000000;nt19840
179840;10000000;nt19841
179841;10000000;nt19842
179842;10000000;nt19843
179843;10000000;nt19844
179844;10000000;nt19845
179845;10000000;nt19846
179846;10000000;nt19847
179847;10000000;nt19848
179848;10000000;nt19849
179849;10000000;nt19850
179850;10000000;nt19851
179851;10000000;nt19852
179852;10000000;nt19853
179853;10000000;nt19854
179854;10000000;nt19855
179855;10000000;nt19856
179856;10000000;nt19857
179857;10000000;nt19858
179858;10000000;nt19859
179859;10000000;nt19860
179860;10000000;nt19861
179861;10000000;nt19862
179862;10000000;nt19863
179863;10000000;nt19864
179864;10000000;nt19865
179865;10000000;nt19866
179866;10000000;nt19867
179867;10000000;nt19868
179868;10000000;nt19869
179869;10000000;nt19870
179870;10000000;nt19871
179871;10000000;nt19872
179872;10000000;nt19873
179873;10000000;nt19874
179874;10000000;nt19875
179875;10000000;nt19876
179876;10000000;nt19877
179877;10000000;nt19878
179878;10000000;nt19879
179879;10000000;nt19880
179880;10000000;nt19881
179881;10000000;nt19882
179882;10000000;nt19883
179883;10000000;nt19884
179884;10000000;nt19885
179885;10000000;nt19886
179886;10000000;nt19887
179887;10000000;nt19888
179888;10000000;nt19889
179889;10000000;nt19890
179890;10000000;nt19891
179891;10000000;nt19892
179892;10000000;nt19893
179893;10000000;nt19894
179894;10000000;nt19895
179895;10000000;nt19896
179896;10000000;nt19897
179897;10000000;nt19898
179898;10000000;nt19899
179899;10000000;nt19900
179900;10000000;nt19901
179901;10000000;nt19902
179902;10000000;nt19903
179903;10000000;nt19904
179904;10000000;nt19905
179905;10000000;nt19906
179906;10000000;nt19907
179907;10000000;nt19908
179908;10000000;nt19909
179909;10000000;nt19910
179910;10000000;nt19911
179911;10000000;nt19912
179912;10000000;nt19913
179913;10000000;nt19914
179914;10000000;nt19915
179915;10000000;nt19916
179916;10000000;nt19917
179917;10000000;nt19918
179918;10000000;nt19919
179919;10000000;nt19920
179920;10000000;nt19921
179921;10000000;nt19922
179922;10000000;nt19923
179923;10000000;nt19924
179924;10000000;nt19925
179925;10000000;nt19926
179926;10000000;nt19927
179927;10000000;nt19928
179928;10000000;nt19929
179929;10000000;nt19930
179930;10000000;nt19931
179931;10000000;nt19932
179932;10000000;nt19933
179933;10000000;nt19934
179934;10000000;nt19935
179935;10000000;nt19936
179936;10000000;nt19937
179937;10000000;nt19938
179938;10000000;nt19939
179939;10000000;nt19940
179940;10000000;nt19941
179941;10000000;nt19942
179942;10000000;nt19943
179943;10000000;nt19944
179944;10000000;nt19945
179945;10000000;nt19946
179946;10000000;nt19947
179947;10000000;nt19948
179948;10000000;nt19949
179949;10000000;nt19950
179950;10000000;nt19951
179951;10000000;nt19952
179952;10000000;nt19953
179953;10000000;nt19954
179954;10000000;nt19955
179955;10000000;nt19956
179956;10000000;nt19957
179957;10000000;nt19958
179958;10000000;nt19959
179959;10000000;nt19960
179960;10000000;nt19961
179961;10000000;nt19962
179962;10000000;nt19963
179963;10000000;nt19964
179964;10000000;nt19965
179965;10000000;nt19966
179966;10000000;nt19967
179967;10000000;nt19968
179968;10000000;nt19969
179969;10000000;nt19970
179970;10000000;nt19971
179971;10000000;nt19972
179972;10000000;nt19973
179973;10000000;nt19974
179974;10000000;nt19975
179975;10000000;nt19976
179976;10000000;nt19977
179977;10000000;nt19978
179978;10000000;nt19979
179979;10000000;nt19980
179980;10000000;nt19981
179981;10000000;nt19982
179982;10000000;nt19983
179983;10000000;nt19984
179984;10000000;nt19985
179985;10000000;nt19986
179986;10000000;nt19987
179987;10000000;nt19988
179988;10000000;nt19989
179989;10000000;nt19990
179990;10000000;nt19991
179991;10000000;nt19992
179992;10000000;nt19993
179993;10000000;nt19994
179994;10000000;nt19995
179995;10000000;nt19996
179996;10000000;nt19997
179997;10000000;nt19998
179998;10000000;nt19999
179999;10000000;nt20000
180000;10000000;nt20001
180001;10000000;nt20002
180002;10000000;nt20003
180003;10000000;nt20004
180004;10000000;nt20005
180005;10000000;nt20006
180006;10000000;nt20007
180007;10000000;nt20008
180008;10000000;nt20009
180009;10000000;nt20010
180010;10000000;nt20011
180011;10000000;nt20012
180012;10000000;nt20013
180013;10000000;nt20014
180014;10000000;nt20015
180015;10000000;nt20016
180016;10000000;nt20017
180017;10000000;nt20018
180018;10000000;nt20019
180019;10000000;nt20020
180020;10000000;nt20021
180021;10000000;nt20022
180022;10000000;nt20023
180023;10000000;nt20024
180024;10000000;nt20025
180025;10000000;nt20026
180026;10000000;nt20027
180027;10000000;nt20028
180028;10000000;nt20029
180029;10000000;nt20030
180030;10000000;nt20031
180031;10000000;nt20032
180032;10000000;nt20033
180033;10000000;nt20034
180034;10000000;nt20035
180035;10000000;nt20036
180036;10000000;nt20037
180037;10000000;nt20038
180038;10000000;nt20039
180039;10000000;nt20040
180040;10000000;nt20041
180041;10000000;nt20042
180042;10000000;nt20043
180043;10000000;nt20044
180044;10000000;nt20045
180045;10000000;nt20046
180046;10000000;nt20047
180047;10000000;nt20048
180048;10000000;nt20049
180049;10000000;nt20050
180050;10000000;nt20051
180051;10000000;nt20052
180052;10000000;nt20053
180053;10000000;nt20054
180054;10000000;nt20055
180055;10000000;nt20056
180056;10000000;nt20057
180057;10000000;nt20058
180058;10000000;nt20059
180059;10000000;nt20060
180060;10000000;nt20061
180061;10000000;nt20062
180062;10000000;nt20063
180063;10000000;nt20064
180064;10000000;nt20065
180065;10000000;nt20066
180066;10000000;nt20067
180067;10000000;nt20068
180068;10000000;nt20069
180069;10000000;nt20070
180070;10000000;nt20071
180071;10000000;nt20072
180072;10000000;nt20073
180073;10000000;nt20074
180074;10000000;nt20075
180075;10000000;nt20076
180076;10000000;nt20077
180077;10000000;nt20078
180078;10000000;nt20079
180079;10000000;nt20080
180080;10000000;nt20081
180081;10000000;nt20082
180082;10000000;nt20083
180083;10000000;nt20084
180084;10000000;nt20085
180085;10000000;nt20086
180086;10000000;nt20087
180087;10000000;nt20088
180088;10000000;nt20089
180089;10000000;nt20090
180090;10000000;nt20091
180091;10000000;nt20092
180092;10000000;nt20093
180093;10000000;nt20094
180094;10000000;nt20095
180095;10000000;nt20096
180096;10000000;nt20097
180097;10000000;nt20098
180098;10000000;nt20099
180099;10000000;nt20100
180100;10000000;nt20101
180101;10000000;nt20102
180102;10000000;nt20103
180103;10000000;nt20104
180104;10000000;nt20105
180105;10000000;nt20106
180106;10000000;nt20107
180107;10000000;nt20108
180108;10000000;nt20109
180109;10000000;nt20110
180110;10000000;nt20111
180111;10000000;nt20112
180112;10000000;nt20113
180113;10000000;nt20114
180114;10000000;nt20115
180115;10000000;nt20116
180116;10000000;nt20117
180117;10000000;nt20118
180118;10000000;nt20119
180119;10000000;nt20120
180120;10000000;nt20121
180121;10000000;nt20122
180122;10000000;nt20123
180123;10000000;nt20124
180124;10000000;nt20125
180125;10000000;nt20126
180126;10000000;nt20127
180127;10000000;nt20128
180128;10000000;nt20129
180129;10000000;nt20130
180130;10000000;nt20131
180131;10000000;nt20132
180132;10000000;nt20133
180133;10000000;nt20134
180134;10000000;nt20135
180135;10000000;nt20136
180136;10000000;nt20137
180137;10000000;nt20138
180138;10000000;nt20139
180139;10000000;nt20140
180140;10000000;nt20141
180141;10000000;nt20142
180142;10000000;nt20143
180143;10000000;nt20144
180144;10000000;nt20145
180145;10000000;nt20146
180146;10000000;nt20147
180147;10000000;nt20148
180148;10000000;nt20149
180149;10000000;nt20150
180150;10000000;nt20151
180151;10000000;nt20152
180152;10000000;nt20153
180153;10000000;nt20154
180154;10000000;nt20155
180155;10000000;nt20156
180156;10000000;nt20157
180157;10000000;nt20158
180158;10000000;nt20159
180159;10000000;nt20160
180160;10000000;nt20161
180161;10000000;nt20162
180162;10000000;nt20163
180163;10000000;nt20164
180164;10000000;nt20165
180165;10000000;nt20166
180166;10000000;nt20167
180167;10000000;nt20168
180168;10000000;nt20169
180169;10000000;nt20170
180170;10000000;nt20171
180171;10000000;nt20172
180172;10000000;nt20173
180173;10000000;nt20174
180174;10000000;nt20175
180175;10000000;nt20176
180176;10000000;nt20177
180177;10000000;nt20178
180178;10000000;nt20179
180179;10000000;nt20180
180180;10000000;nt20181
180181;10000000;nt20182
180182;10000000;nt20183
180183;10000000;nt20184
180184;10000000;nt20185
180185;10000000;nt20186
180186;10000000;nt20187
180187;10000000;nt20188
180188;10000000;nt20189
180189;10000000;nt20190
180190;10000000;nt20191
180191;10000000;nt20192
180192;10000000;nt20193
180193;10000000;nt20194
180194;10000000;nt20195
180195;10000000;nt20196
180196;10000000;nt20197
180197;10000000;nt20198
180198;10000000;nt20199
180199;10000000;nt20200
180200;10000000;nt20201
180201;10000000;nt20202
180202;10000000;nt20203
180203;10000000;nt20204
180204;10000000;nt20205
180205;10000000;nt20206
180206;10000000;nt20207
180207;10000000;nt20208
180208;10000000;nt20209
180209;10000000;nt20210
180210;10000000;nt20211
180211;10000000;nt20212
180212;10000000;nt20213
180213;10000000;nt20214
180214;10000000;nt20215
180215;10000000;nt20216
180216;10000000;nt20217
180217;10000000;nt20218
180218;10000000;nt20219
180219;10000000;nt20220
180220;10000000;nt20221
180221;10000000;nt20222
180222;10000000;nt20223
180223;10000000;nt20224
180224;10000000;nt20225
180225;10000000;nt20226
180226;10000000;nt20227
180227;10000000;nt20228
180228;10000000;nt20229
180229;10000000;nt20230
180230;10000000;nt20231
180231;10000000;nt20232
180232;10000000;nt20233
180233;10000000;nt20234
180234;10000000;nt20235
180235;10000000;nt20236
180236;10000000;nt20237
180237;10000000;nt20238
180238;10000000;nt20239
180239;10000000;nt20240
180240;10000000;nt20241
180241;10000000;nt20242
180242;10000000;nt20243
180243;10000000;nt20244
180244;10000000;nt20245
180245;10000000;nt20246
180246;10000000;nt20247
180247;10000000;nt20248
180248;10000000;nt20249
180249;10000000;nt20250
180250;10000000;nt20251
180251;10000000;nt20252
180252;10000000;nt20253
180253;10000000;nt20254
180254;10000000;nt20255
180255;10000000;nt20256
180256;10000000;nt20257
180257;10000000;nt20258
180258;10000000;nt20259
180259;10000000;nt20260
180260;10000000;nt20261
180261;10000000;nt20262
180262;10000000;nt20263
180263;10000000;nt20264
180264;10000000;nt20265
180265;10000000;nt20266
180266;10000000;nt20267
180267;10000000;nt20268
180268;10000000;nt20269
180269;10000000;nt20270
180270;10000000;nt20271
180271;10000000;nt20272
180272;10000000;nt20273
180273;10000000;nt20274
180274;10000000;nt20275
180275;10000000;nt20276
180276;10000000;nt20277
180277;10000000;nt20278
180278;10000000;nt20279
180279;10000000;nt20280
180280;10000000;nt20281
180281;10000000;nt20282
180282;10000000;nt20283
180283;10000000;nt20284
180284;10000000;nt20285
180285;10000000;nt20286
180286;10000000;nt20287
180287;10000000;nt20288
180288;10000000;nt20289
180289;10000000;nt20290
180290;10000000;nt20291
180291;10000000;nt20292
180292;10000000;nt20293
180293;10000000;nt20294
180294;10000000;nt20295
180295;10000000;nt20296
180296;10000000;nt20297
180297;10000000;nt20298
180298;10000000;nt20299
180299;10000000;nt20300
180300;10000000;nt20301
180301;10000000;nt20302
180302;10000000;nt20303
180303;10000000;nt20304
180304;10000000;nt20305
180305;10000000;nt20306
180306;10000000;nt20307
180307;10000000;nt20308
180308;10000000;nt20309
180309;10000000;nt20310
180310;10000000;nt20311
180311;10000000;nt20312
180312;10000000;nt20313
180313;10000000;nt20314
180314;10000000;nt20315
180315;10000000;nt20316
180316;10000000;nt20317
180317;10000000;nt20318
180318;10000000;nt20319
180319;10000000;nt20320
180320;10000000;nt20321
180321;10000000;nt20322
180322;10000000;nt20323
180323;10000000;nt20324
180324;10000000;nt20325
180325;10000000;nt20326
180326;10000000;nt20327
180327;10000000;nt20328
180328;10000000;nt20329
180329;10000000;nt20330
180330;10000000;nt20331
180331;10000000;nt20332
180332;10000000;nt20333
180333;10000000;nt20334
180334;10000000;nt20335
180335;10000000;nt20336
180336;10000000;nt20337
180337;10000000;nt20338
180338;10000000;nt20339
180339;10000000;nt20340
180340;10000000;nt20341
180341;10000000;nt20342
180342;10000000;nt20343
180343;10000000;nt20344
180344;10000000;nt20345
180345;10000000;nt20346
180346;10000000;nt20347
180347;10000000;nt20348
180348;10000000;nt20349
180349;10000000;nt20350
180350;10000000;nt20351
180351;10000000;nt20352
180352;10000000;nt20353
180353;10000000;nt20354
180354;10000000;nt20355
180355;10000000;nt20356
180356;10000000;nt20357
180357;10000000;nt20358
180358;10000000;nt20359
180359;10000000;nt20360
180360;10000000;nt20361
180361;10000000;nt20362
180362;10000000;nt20363
180363;10000000;nt20364
180364;10000000;nt20365
180365;10000000;nt20366
180366;10000000;nt20367
180367;10000000;nt20368
180368;10000000;nt20369
180369;10000000;nt20370
180370;10000000;nt20371
180371;10000000;nt20372
180372;10000000;nt20373
180373;10000000;nt20374
180374;10000000;nt20375
180375;10000000;nt20376
180376;10000000;nt20377
180377;10000000;nt20378
180378;10000000;nt20379
180379;10000000;nt20380
180380;10000000;nt20381
180381;10000000;nt20382
180382;10000000;nt20383
180383;10000000;nt20384
180384;10000000;nt20385
180385;10000000;nt20386
180386;10000000;nt20387
180387;10000000;nt20388
180388;10000000;nt20389
180389;10000000;nt20390
180390;10000000;nt20391
180391;10000000;nt20392
180392;10000000;nt20393
180393;10000000;nt20394
180394;10000000;nt20395
180395;10000000;nt20396
180396;10000000;nt20397
180397;10000000;nt20398
180398;10000000;nt20399
180399;10000000;nt20400
180400;10000000;nt20401
180401;10000000;nt20402
180402;10000000;nt20403
180403;10000000;nt20404
180404;10000000;nt20405
180405;10000000;nt20406
180406;10000000;nt20407
180407;10000000;nt20408
180408;10000000;nt20409
180409;10000000;nt20410
180410;10000000;nt20411
180411;10000000;nt20412
180412;10000000;nt20413
180413;10000000;nt20414
180414;10000000;nt20415
180415;10000000;nt20416
180416;10000000;nt20417
180417;10000000;nt20418
180418;10000000;nt20419
180419;10000000;nt20420
180420;10000000;nt20421
180421;10000000;nt20422
180422;10000000;nt20423
180423;10000000;nt20424
180424;10000000;nt20425
180425;10000000;nt20426
180426;10000000;nt20427
180427;10000000;nt20428
180428;10000000;nt20429
180429;10000000;nt20430
180430;10000000;nt20431
180431;10000000;nt20432
180432;10000000;nt20433
180433;10000000;nt20434
180434;10000000;nt20435
180435;10000000;nt20436
180436;10000000;nt20437
180437;10000000;nt20438
180438;10000000;nt20439
180439;10000000;nt20440
180440;10000000;nt20441
180441;10000000;nt20442
180442;10000000;nt20443
180443;10000000;nt20444
180444;10000000;nt20445
180445;10000000;nt20446
180446;10000000;nt20447
180447;10000000;nt20448
180448;10000000;nt20449
180449;10000000;nt20450
180450;10000000;nt20451
180451;10000000;nt20452
180452;10000000;nt20453
180453;10000000;nt20454
180454;10000000;nt20455
180455;10000000;nt20456
180456;10000000;nt20457
180457;10000000;nt20458
180458;10000000;nt20459
180459;10000000;nt20460
180460;10000000;nt20461
180461;10000000;nt20462
180462;10000000;nt20463
180463;10000000;nt20464
180464;10000000;nt20465
180465;10000000;nt20466
180466;10000000;nt20467
180467;10000000;nt20468
180468;10000000;nt20469
180469;10000000;nt20470
180470;10000000;nt20471
180471;10000000;nt20472
180472;10000000;nt20473
180473;10000000;nt20474
180474;10000000;nt20475
180475;10000000;nt20476
180476;10000000;nt20477
180477;10000000;nt20478
180478;10000000;nt20479
180479;10000000;nt20480
180480;10000000;nt20481
180481;10000000;nt20482
180482;10000000;nt20483
180483;10000000;nt20484
180484;10000000;nt20485
180485;10000000;nt20486
180486;10000000;nt20487
180487;10000000;nt20488
180488;10000000;nt20489
180489;10000000;nt20490
180490;10000000;nt20491
180491;10000000;nt20492
180492;10000000;nt20493
180493;10000000;nt20494
180494;10000000;nt20495
180495;10000000;nt20496
180496;10000000;nt20497
180497;10000000;nt20498
180498;10000000;nt20499
180499;10000000;nt20500
180500;10000000;nt20501
180501;10000000;nt20502
180502;10000000;nt20503
180503;10000000;nt20504
180504;10000000;nt20505
180505;10000000;nt20506
180506;10000000;nt20507
180507;10000000;nt20508
180508;10000000;nt20509
180509;10000000;nt20510
180510;10000000;nt20511
180511;10000000;nt20512
180512;10000000;nt20513
180513;10000000;nt20514
180514;10000000;nt20515
180515;10000000;nt20516
180516;10000000;nt20517
180517;10000000;nt20518
180518;10000000;nt20519
180519;10000000;nt20520
180520;10000000;nt20521
180521;10000000;nt20522
180522;10000000;nt20523
180523;10000000;nt20524
180524;10000000;nt20525
180525;10000000;nt20526
180526;10000000;nt20527
180527;10000000;nt20528
180528;10000000;nt20529
180529;10000000;nt20530
180530;10000000;nt20531
180531;10000000;nt20532
180532;10000000;nt20533
180533;10000000;nt20534
180534;10000000;nt20535
180535;10000000;nt20536
180536;10000000;nt20537
180537;10000000;nt20538
180538;10000000;nt20539
180539;10000000;nt20540
180540;10000000;nt20541
180541;10000000;nt20542
180542;10000000;nt20543
180543;10000000;nt20544
180544;10000000;nt20545
180545;10000000;nt20546
180546;10000000;nt20547
180547;10000000;nt20548
180548;10000000;nt20549
180549;10000000;nt20550
180550;10000000;nt20551
180551;10000000;nt20552
180552;10000000;nt20553
180553;10000000;nt20554
180554;10000000;nt20555
180555;10000000;nt20556
180556;10000000;nt20557
180557;10000000;nt20558
180558;10000000;nt20559
180559;10000000;nt20560
180560;10000000;nt20561
180561;10000000;nt20562
180562;10000000;nt20563
180563;10000000;nt20564
180564;10000000;nt20565
180565;10000000;nt20566
180566;10000000;nt20567
180567;10000000;nt20568
180568;10000000;nt20569
180569;10000000;nt20570
180570;10000000;nt20571
180571;10000000;nt20572
180572;10000000;nt20573
180573;10000000;nt20574
180574;10000000;nt20575
180575;10000000;nt20576
180576;10000000;nt20577
180577;10000000;nt20578
180578;10000000;nt20579
180579;10000000;nt20580
180580;10000000;nt20581
180581;10000000;nt20582
180582;10000000;nt20583
180583;10000000;nt20584
180584;10000000;nt20585
180585;10000000;nt20586
180586;10000000;nt20587
180587;10000000;nt20588
180588;10000000;nt20589
180589;10000000;nt20590
180590;10000000;nt20591
180591;10000000;nt20592
180592;10000000;nt20593
180593;10000000;nt20594
180594;10000000;nt20595
180595;10000000;nt20596
180596;10000000;nt20597
180597;10000000;nt20598
180598;10000000;nt20599
180599;10000000;nt20600
180600;10000000;nt20601
180601;10000000;nt20602
180602;10000000;nt20603
180603;10000000;nt20604
180604;10000000;nt20605
180605;10000000;nt20606
180606;10000000;nt20607
180607;10000000;nt20608
180608;10000000;nt20609
180609;10000000;nt20610
180610;10000000;nt20611
180611;10000000;nt20612
180612;10000000;nt20613
180613;10000000;nt20614
180614;10000000;nt20615
180615;10000000;nt20616
180616;10000000;nt20617
180617;10000000;nt20618
180618;10000000;nt20619
180619;10000000;nt20620
180620;10000000;nt20621
180621;10000000;nt20622
180622;10000000;nt20623
180623;10000000;nt20624
180624;10000000;nt20625
180625;10000000;nt20626
180626;10000000;nt20627
180627;10000000;nt20628
180628;10000000;nt20629
180629;10000000;nt20630
180630;10000000;nt20631
180631;10000000;nt20632
180632;10000000;nt20633
180633;10000000;nt20634
180634;10000000;nt20635
180635;10000000;nt20636
180636;10000000;nt20637
180637;10000000;nt20638
180638;10000000;nt20639
180639;10000000;nt20640
180640;10000000;nt20641
180641;10000000;nt20642
180642;10000000;nt20643
180643;10000000;nt20644
180644;10000000;nt20645
180645;10000000;nt20646
180646;10000000;nt20647
180647;10000000;nt20648
180648;10000000;nt20649
180649;10000000;nt20650
180650;10000000;nt20651
180651;10000000;nt20652
180652;10000000;nt20653
180653;10000000;nt20654
180654;10000000;nt20655
180655;10000000;nt20656
180656;10000000;nt20657
180657;10000000;nt20658
180658;10000000;nt20659
180659;10000000;nt20660
180660;10000000;nt20661
180661;10000000;nt20662
180662;10000000;nt20663
180663;10000000;nt20664
180664;10000000;nt20665
180665;10000000;nt20666
180666;10000000;nt20667
180667;10000000;nt20668
180668;10000000;nt20669
180669;10000000;nt20670
180670;10000000;nt20671
180671;10000000;nt20672
180672;10000000;nt20673
180673;10000000;nt20674
180674;10000000;nt20675
180675;10000000;nt20676
180676;10000000;nt20677
180677;10000000;nt20678
180678;10000000;nt20679
180679;10000000;nt20680
180680;10000000;nt20681
180681;10000000;nt20682
180682;10000000;nt20683
180683;10000000;nt20684
180684;10000000;nt20685
180685;10000000;nt20686
180686;10000000;nt20687
180687;10000000;nt20688
180688;10000000;nt20689
180689;10000000;nt20690
180690;10000000;nt20691
180691;10000000;nt20692
180692;10000000;nt20693
180693;10000000;nt20694
180694;10000000;nt20695
180695;10000000;nt20696
180696;10000000;nt20697
180697;10000000;nt20698
180698;10000000;nt20699
180699;10000000;nt20700
180700;10000000;nt20701
180701;10000000;nt20702
180702;10000000;nt20703
180703;10000000;nt20704
180704;10000000;nt20705
180705;10000000;nt20706
180706;10000000;nt20707
180707;10000000;nt20708
180708;10000000;nt20709
180709;10000000;nt20710
180710;10000000;nt20711
180711;10000000;nt20712
180712;10000000;nt20713
180713;10000000;nt20714
180714;10000000;nt20715
180715;10000000;nt20716
180716;10000000;nt20717
180717;10000000;nt20718
180718;10000000;nt20719
180719;10000000;nt20720
180720;10000000;nt20721
180721;10000000;nt20722
180722;10000000;nt20723
180723;10000000;nt20724
180724;10000000;nt20725
180725;10000000;nt20726
180726;10000000;nt20727
180727;10000000;nt20728
180728;10000000;nt20729
180729;10000000;nt20730
180730;10000000;nt20731
180731;10000000;nt20732
180732;10000000;nt20733
180733;10000000;nt20734
180734;10000000;nt20735
180735;10000000;nt20736
180736;10000000;nt20737
180737;10000000;nt20738
180738;10000000;nt20739
180739;10000000;nt20740
180740;10000000;nt20741
180741;10000000;nt20742
180742;10000000;nt20743
180743;10000000;nt20744
180744;10000000;nt20745
180745;10000000;nt20746
180746;10000000;nt20747
180747;10000000;nt20748
180748;10000000;nt20749
180749;10000000;nt20750
180750;10000000;nt20751
180751;10000000;nt20752
180752;10000000;nt20753
180753;10000000;nt20754
180754;10000000;nt20755
180755;10000000;nt20756
180756;10000000;nt20757
180757;10000000;nt20758
180758;10000000;nt20759
180759;10000000;nt20760
180760;10000000;nt20761
180761;10000000;nt20762
180762;10000000;nt20763
180763;10000000;nt20764
180764;10000000;nt20765
180765;10000000;nt20766
180766;10000000;nt20767
180767;10000000;nt20768
180768;10000000;nt20769
180769;10000000;nt20770
180770;10000000;nt20771
180771;10000000;nt20772
180772;10000000;nt20773
180773;10000000;nt20774
180774;10000000;nt20775
180775;10000000;nt20776
180776;10000000;nt20777
180777;10000000;nt20778
180778;10000000;nt20779
180779;10000000;nt20780
180780;10000000;nt20781
180781;10000000;nt20782
180782;10000000;nt20783
180783;10000000;nt20784
180784;10000000;nt20785
180785;10000000;nt20786
180786;10000000;nt20787
180787;10000000;nt20788
180788;10000000;nt20789
180789;10000000;nt20790
180790;10000000;nt20791
180791;10000000;nt20792
180792;10000000;nt20793
180793;10000000;nt20794
180794;10000000;nt20795
180795;10000000;nt20796
180796;10000000;nt20797
180797;10000000;nt20798
180798;10000000;nt20799
180799;10000000;nt20800
180800;10000000;nt20801
180801;10000000;nt20802
180802;10000000;nt20803
180803;10000000;nt20804
180804;10000000;nt20805
180805;10000000;nt20806
180806;10000000;nt20807
180807;10000000;nt20808
180808;10000000;nt20809
180809;10000000;nt20810
180810;10000000;nt20811
180811;10000000;nt20812
180812;10000000;nt20813
180813;10000000;nt20814
180814;10000000;nt20815
180815;10000000;nt20816
180816;10000000;nt20817
180817;10000000;nt20818
180818;10000000;nt20819
180819;10000000;nt20820
180820;10000000;nt20821
180821;10000000;nt20822
180822;10000000;nt20823
180823;10000000;nt20824
180824;10000000;nt20825
180825;10000000;nt20826
180826;10000000;nt20827
180827;10000000;nt20828
180828;10000000;nt20829
180829;10000000;nt20830
180830;10000000;nt20831
180831;10000000;nt20832
180832;10000000;nt20833
180833;10000000;nt20834
180834;10000000;nt20835
180835;10000000;nt20836
180836;10000000;nt20837
180837;10000000;nt20838
180838;10000000;nt20839
180839;10000000;nt20840
180840;10000000;nt20841
180841;10000000;nt20842
180842;10000000;nt20843
180843;10000000;nt20844
180844;10000000;nt20845
180845;10000000;nt20846
180846;10000000;nt20847
180847;10000000;nt20848
180848;10000000;nt20849
180849;10000000;nt20850
180850;10000000;nt20851
180851;10000000;nt20852
180852;10000000;nt20853
180853;10000000;nt20854
180854;10000000;nt20855
180855;10000000;nt20856
180856;10000000;nt20857
180857;10000000;nt20858
180858;10000000;nt20859
180859;10000000;nt20860
180860;10000000;nt20861
180861;10000000;nt20862
180862;10000000;nt20863
180863;10000000;nt20864
180864;10000000;nt20865
180865;10000000;nt20866
180866;10000000;nt20867
180867;10000000;nt20868
180868;10000000;nt20869
180869;10000000;nt20870
180870;10000000;nt20871
180871;10000000;nt20872
180872;10000000;nt20873
180873;10000000;nt20874
180874;10000000;nt20875
180875;10000000;nt20876
180876;10000000;nt20877
180877;10000000;nt20878
180878;10000000;nt20879
180879;10000000;nt20880
180880;10000000;nt20881
180881;10000000;nt20882
180882;10000000;nt20883
180883;10000000;nt20884
180884;10000000;nt20885
180885;10000000;nt20886
180886;10000000;nt20887
180887;10000000;nt20888
180888;10000000;nt20889
180889;10000000;nt20890
180890;10000000;nt20891
180891;10000000;nt20892
180892;10000000;nt20893
180893;10000000;nt20894
180894;10000000;nt20895
180895;10000000;nt20896
180896;10000000;nt20897
180897;10000000;nt20898
180898;10000000;nt20899
180899;10000000;nt20900
180900;10000000;nt20901
180901;10000000;nt20902
180902;10000000;nt20903
180903;10000000;nt20904
180904;10000000;nt20905
180905;10000000;nt20906
180906;10000000;nt20907
180907;10000000;nt20908
180908;10000000;nt20909
180909;10000000;nt20910
180910;10000000;nt20911
180911;10000000;nt20912
180912;10000000;nt20913
180913;10000000;nt20914
180914;10000000;nt20915
180915;10000000;nt20916
180916;10000000;nt20917
180917;10000000;nt20918
180918;10000000;nt20919
180919;10000000;nt20920
180920;10000000;nt20921
180921;10000000;nt20922
180922;10000000;nt20923
180923;10000000;nt20924
180924;10000000;nt20925
180925;10000000;nt20926
180926;10000000;nt20927
180927;10000000;nt20928
180928;10000000;nt20929
180929;10000000;nt20930
180930;10000000;nt20931
180931;10000000;nt20932
180932;10000000;nt20933
180933;10000000;nt20934
180934;10000000;nt20935
180935;10000000;nt20936
180936;10000000;nt20937
180937;10000000;nt20938
180938;10000000;nt20939
180939;10000000;nt20940
180940;10000000;nt20941
180941;10000000;nt20942
180942;10000000;nt20943
180943;10000000;nt20944
180944;10000000;nt20945
180945;10000000;nt20946
180946;10000000;nt20947
180947;10000000;nt20948
180948;10000000;nt20949
180949;10000000;nt20950
180950;10000000;nt20951
180951;10000000;nt20952
180952;10000000;nt20953
180953;10000000;nt20954
180954;10000000;nt20955
180955;10000000;nt20956
180956;10000000;nt20957
180957;10000000;nt20958
180958;10000000;nt20959
180959;10000000;nt20960
180960;10000000;nt20961
180961;10000000;nt20962
180962;10000000;nt20963
180963;10000000;nt20964
180964;10000000;nt20965
180965;10000000;nt20966
180966;10000000;nt20967
180967;10000000;nt20968
180968;10000000;nt20969
180969;10000000;nt20970
180970;10000000;nt20971
180971;10000000;nt20972
180972;10000000;nt20973
180973;10000000;nt20974
180974;10000000;nt20975
180975;10000000;nt20976
180976;10000000;nt20977
180977;10000000;nt20978
180978;10000000;nt20979
180979;10000000;nt20980
180980;10000000;nt20981
180981;10000000;nt20982
180982;10000000;nt20983
180983;10000000;nt20984
180984;10000000;nt20985
180985;10000000;nt20986
180986;10000000;nt20987
180987;10000000;nt20988
180988;10000000;nt20989
180989;10000000;nt20990
180990;10000000;nt20991
180991;10000000;nt20992
180992;10000000;nt20993
180993;10000000;nt20994
180994;10000000;nt20995
180995;10000000;nt20996
180996;10000000;nt20997
180997;10000000;nt20998
180998;10000000;nt20999
180999;10000000;nt21000
181000;10000000;nt21001
181001;10000000;nt21002
181002;10000000;nt21003
181003;10000000;nt21004
181004;10000000;nt21005
181005;10000000;nt21006
181006;10000000;nt21007
181007;10000000;nt21008
181008;10000000;nt21009
181009;10000000;nt21010
181010;10000000;nt21011
181011;10000000;nt21012
181012;10000000;nt21013
181013;10000000;nt21014
181014;10000000;nt21015
181015;10000000;nt21016
181016;10000000;nt21017
181017;10000000;nt21018
181018;10000000;nt21019
181019;10000000;nt21020
181020;10000000;nt21021
181021;10000000;nt21022
181022;10000000;nt21023
181023;10000000;nt21024
181024;10000000;nt21025
181025;10000000;nt21026
181026;10000000;nt21027
181027;10000000;nt21028
181028;10000000;nt21029
181029;10000000;nt21030
181030;10000000;nt21031
181031;10000000;nt21032
181032;10000000;nt21033
181033;10000000;nt21034
181034;10000000;nt21035
181035;10000000;nt21036
181036;10000000;nt21037
181037;10000000;nt21038
181038;10000000;nt21039
181039;10000000;nt21040
181040;10000000;nt21041
181041;10000000;nt21042
181042;10000000;nt21043
181043;10000000;nt21044
181044;10000000;nt21045
181045;10000000;nt21046
181046;10000000;nt21047
181047;10000000;nt21048
181048;10000000;nt21049
181049;10000000;nt21050
181050;10000000;nt21051
181051;10000000;nt21052
181052;10000000;nt21053
181053;10000000;nt21054
181054;10000000;nt21055
181055;10000000;nt21056
181056;10000000;nt21057
181057;10000000;nt21058
181058;10000000;nt21059
181059;10000000;nt21060
181060;10000000;nt21061
181061;10000000;nt21062
181062;10000000;nt21063
181063;10000000;nt21064
181064;10000000;nt21065
181065;10000000;nt21066
181066;10000000;nt21067
181067;10000000;nt21068
181068;10000000;nt21069
181069;10000000;nt21070
181070;10000000;nt21071
181071;10000000;nt21072
181072;10000000;nt21073
181073;10000000;nt21074
181074;10000000;nt21075
181075;10000000;nt21076
181076;10000000;nt21077
181077;10000000;nt21078
181078;10000000;nt21079
181079;10000000;nt21080
181080;10000000;nt21081
181081;10000000;nt21082
181082;10000000;nt21083
181083;10000000;nt21084
181084;10000000;nt21085
181085;10000000;nt21086
181086;10000000;nt21087
181087;10000000;nt21088
181088;10000000;nt21089
181089;10000000;nt21090
181090;10000000;nt21091
181091;10000000;nt21092
181092;10000000;nt21093
181093;10000000;nt21094
181094;10000000;nt21095
181095;10000000;nt21096
181096;10000000;nt21097
181097;10000000;nt21098
181098;10000000;nt21099
181099;10000000;nt21100
181100;10000000;nt21101
181101;10000000;nt21102
181102;10000000;nt21103
181103;10000000;nt21104
181104;10000000;nt21105
181105;10000000;nt21106
181106;10000000;nt21107
181107;10000000;nt21108
181108;10000000;nt21109
181109;10000000;nt21110
181110;10000000;nt21111
181111;10000000;nt21112
181112;10000000;nt21113
181113;10000000;nt21114
181114;10000000;nt21115
181115;10000000;nt21116
181116;10000000;nt21117
181117;10000000;nt21118
181118;10000000;nt21119
181119;10000000;nt21120
181120;10000000;nt21121
181121;10000000;nt21122
181122;10000000;nt21123
181123;10000000;nt21124
181124;10000000;nt21125
181125;10000000;nt21126
181126;10000000;nt21127
181127;10000000;nt21128
181128;10000000;nt21129
181129;10000000;nt21130
181130;10000000;nt21131
181131;10000000;nt21132
181132;10000000;nt21133
181133;10000000;nt21134
181134;10000000;nt21135
181135;10000000;nt21136
181136;10000000;nt21137
181137;10000000;nt21138
181138;10000000;nt21139
181139;10000000;nt21140
181140;10000000;nt21141
181141;10000000;nt21142
181142;10000000;nt21143
181143;10000000;nt21144
181144;10000000;nt21145
181145;10000000;nt21146
181146;10000000;nt21147
181147;10000000;nt21148
181148;10000000;nt21149
181149;10000000;nt21150
181150;10000000;nt21151
181151;10000000;nt21152
181152;10000000;nt21153
181153;10000000;nt21154
181154;10000000;nt21155
181155;10000000;nt21156
181156;10000000;nt21157
181157;10000000;nt21158
181158;10000000;nt21159
181159;10000000;nt21160
181160;10000000;nt21161
181161;10000000;nt21162
181162;10000000;nt21163
181163;10000000;nt21164
181164;10000000;nt21165
181165;10000000;nt21166
181166;10000000;nt21167
181167;10000000;nt21168
181168;10000000;nt21169
181169;10000000;nt21170
181170;10000000;nt21171
181171;10000000;nt21172
181172;10000000;nt21173
181173;10000000;nt21174
181174;10000000;nt21175
181175;10000000;nt21176
181176;10000000;nt21177
181177;10000000;nt21178
181178;10000000;nt21179
181179;10000000;nt21180
181180;10000000;nt21181
181181;10000000;nt21182
181182;10000000;nt21183
181183;10000000;nt21184
181184;10000000;nt21185
181185;10000000;nt21186
181186;10000000;nt21187
181187;10000000;nt21188
181188;10000000;nt21189
181189;10000000;nt21190
181190;10000000;nt21191
181191;10000000;nt21192
181192;10000000;nt21193
181193;10000000;nt21194
181194;10000000;nt21195
181195;10000000;nt21196
181196;10000000;nt21197
181197;10000000;nt21198
181198;10000000;nt21199
181199;10000000;nt21200
181200;10000000;nt21201
181201;10000000;nt21202
181202;10000000;nt21203
181203;10000000;nt21204
181204;10000000;nt21205
181205;10000000;nt21206
181206;10000000;nt21207
181207;10000000;nt21208
181208;10000000;nt21209
181209;10000000;nt21210
181210;10000000;nt21211
181211;10000000;nt21212
181212;10000000;nt21213
181213;10000000;nt21214
181214;10000000;nt21215
181215;10000000;nt21216
181216;10000000;nt21217
181217;10000000;nt21218
181218;10000000;nt21219
181219;10000000;nt21220
181220;10000000;nt21221
181221;10000000;nt21222
181222;10000000;nt21223
181223;10000000;nt21224
181224;10000000;nt21225
181225;10000000;nt21226
181226;10000000;nt21227
181227;10000000;nt21228
181228;10000000;nt21229
181229;10000000;nt21230
181230;10000000;nt21231
181231;10000000;nt21232
181232;10000000;nt21233
181233;10000000;nt21234
181234;10000000;nt21235
181235;10000000;nt21236
181236;10000000;nt21237
181237;10000000;nt21238
181238;10000000;nt21239
181239;10000000;nt21240
181240;10000000;nt21241
181241;10000000;nt21242
181242;10000000;nt21243
181243;10000000;nt21244
181244;10000000;nt21245
181245;10000000;nt21246
181246;10000000;nt21247
181247;10000000;nt21248
181248;10000000;nt21249
181249;10000000;nt21250
181250;10000000;nt21251
181251;10000000;nt21252
181252;10000000;nt21253
181253;10000000;nt21254
181254;10000000;nt21255
181255;10000000;nt21256
181256;10000000;nt21257
181257;10000000;nt21258
181258;10000000;nt21259
181259;10000000;nt21260
181260;10000000;nt21261
181261;10000000;nt21262
181262;10000000;nt21263
181263;10000000;nt21264
181264;10000000;nt21265
181265;10000000;nt21266
181266;10000000;nt21267
181267;10000000;nt21268
181268;10000000;nt21269
181269;10000000;nt21270
181270;10000000;nt21271
181271;10000000;nt21272
181272;10000000;nt21273
181273;10000000;nt21274
181274;10000000;nt21275
181275;10000000;nt21276
181276;10000000;nt21277
181277;10000000;nt21278
181278;10000000;nt21279
181279;10000000;nt21280
181280;10000000;nt21281
181281;10000000;nt21282
181282;10000000;nt21283
181283;10000000;nt21284
181284;10000000;nt21285
181285;10000000;nt21286
181286;10000000;nt21287
181287;10000000;nt21288
181288;10000000;nt21289
181289;10000000;nt21290
181290;10000000;nt21291
181291;10000000;nt21292
181292;10000000;nt21293
181293;10000000;nt21294
181294;10000000;nt21295
181295;10000000;nt21296
181296;10000000;nt21297
181297;10000000;nt21298
181298;10000000;nt21299
181299;10000000;nt21300
181300;10000000;nt21301
181301;10000000;nt21302
181302;10000000;nt21303
181303;10000000;nt21304
181304;10000000;nt21305
181305;10000000;nt21306
181306;10000000;nt21307
181307;10000000;nt21308
181308;10000000;nt21309
181309;10000000;nt21310
181310;10000000;nt21311
181311;10000000;nt21312
181312;10000000;nt21313
181313;10000000;nt21314
181314;10000000;nt21315
181315;10000000;nt21316
181316;10000000;nt21317
181317;10000000;nt21318
181318;10000000;nt21319
181319;10000000;nt21320
181320;10000000;nt21321
181321;10000000;nt21322
181322;10000000;nt21323
181323;10000000;nt21324
181324;10000000;nt21325
181325;10000000;nt21326
181326;10000000;nt21327
181327;10000000;nt21328
181328;10000000;nt21329
181329;10000000;nt21330
181330;10000000;nt21331
181331;10000000;nt21332
181332;10000000;nt21333
181333;10000000;nt21334
181334;10000000;nt21335
181335;10000000;nt21336
181336;10000000;nt21337
181337;10000000;nt21338
181338;10000000;nt21339
181339;10000000;nt21340
181340;10000000;nt21341
181341;10000000;nt21342
181342;10000000;nt21343
181343;10000000;nt21344
181344;10000000;nt21345
181345;10000000;nt21346
181346;10000000;nt21347
181347;10000000;nt21348
181348;10000000;nt21349
181349;10000000;nt21350
181350;10000000;nt21351
181351;10000000;nt21352
181352;10000000;nt21353
181353;10000000;nt21354
181354;10000000;nt21355
181355;10000000;nt21356
181356;10000000;nt21357
181357;10000000;nt21358
181358;10000000;nt21359
181359;10000000;nt21360
181360;10000000;nt21361
181361;10000000;nt21362
181362;10000000;nt21363
181363;10000000;nt21364
181364;10000000;nt21365
181365;10000000;nt21366
181366;10000000;nt21367
181367;10000000;nt21368
181368;10000000;nt21369
181369;10000000;nt21370
181370;10000000;nt21371
181371;10000000;nt21372
181372;10000000;nt21373
181373;10000000;nt21374
181374;10000000;nt21375
181375;10000000;nt21376
181376;10000000;nt21377
181377;10000000;nt21378
181378;10000000;nt21379
181379;10000000;nt21380
181380;10000000;nt21381
181381;10000000;nt21382
181382;10000000;nt21383
181383;10000000;nt21384
181384;10000000;nt21385
181385;10000000;nt21386
181386;10000000;nt21387
181387;10000000;nt21388
181388;10000000;nt21389
181389;10000000;nt21390
181390;10000000;nt21391
181391;10000000;nt21392
181392;10000000;nt21393
181393;10000000;nt21394
181394;10000000;nt21395
181395;10000000;nt21396
181396;10000000;nt21397
181397;10000000;nt21398
181398;10000000;nt21399
181399;10000000;nt21400
181400;10000000;nt21401
181401;10000000;nt21402
181402;10000000;nt21403
181403;10000000;nt21404
181404;10000000;nt21405
181405;10000000;nt21406
181406;10000000;nt21407
181407;10000000;nt21408
181408;10000000;nt21409
181409;10000000;nt21410
181410;10000000;nt21411
181411;10000000;nt21412
181412;10000000;nt21413
181413;10000000;nt21414
181414;10000000;nt21415
181415;10000000;nt21416
181416;10000000;nt21417
181417;10000000;nt21418
181418;10000000;nt21419
181419;10000000;nt21420
181420;10000000;nt21421
181421;10000000;nt21422
181422;10000000;nt21423
181423;10000000;nt21424
181424;10000000;nt21425
181425;10000000;nt21426
181426;10000000;nt21427
181427;10000000;nt21428
181428;10000000;nt21429
181429;10000000;nt21430
181430;10000000;nt21431
181431;10000000;nt21432
181432;10000000;nt21433
181433;10000000;nt21434
181434;10000000;nt21435
181435;10000000;nt21436
181436;10000000;nt21437
181437;10000000;nt21438
181438;10000000;nt21439
181439;10000000;nt21440
181440;10000000;nt21441
181441;10000000;nt21442
181442;10000000;nt21443
181443;10000000;nt21444
181444;10000000;nt21445
181445;10000000;nt21446
181446;10000000;nt21447
181447;10000000;nt21448
181448;10000000;nt21449
181449;10000000;nt21450
181450;10000000;nt21451
181451;10000000;nt21452
181452;10000000;nt21453
181453;10000000;nt21454
181454;10000000;nt21455
181455;10000000;nt21456
181456;10000000;nt21457
181457;10000000;nt21458
181458;10000000;nt21459
181459;10000000;nt21460
181460;10000000;nt21461
181461;10000000;nt21462
181462;10000000;nt21463
181463;10000000;nt21464
181464;10000000;nt21465
181465;10000000;nt21466
181466;10000000;nt21467
181467;10000000;nt21468
181468;10000000;nt21469
181469;10000000;nt21470
181470;10000000;nt21471
181471;10000000;nt21472
181472;10000000;nt21473
181473;10000000;nt21474
181474;10000000;nt21475
181475;10000000;nt21476
181476;10000000;nt21477
181477;10000000;nt21478
181478;10000000;nt21479
181479;10000000;nt21480
181480;10000000;nt21481
181481;10000000;nt21482
181482;10000000;nt21483
181483;10000000;nt21484
181484;10000000;nt21485
181485;10000000;nt21486
181486;10000000;nt21487
181487;10000000;nt21488
181488;10000000;nt21489
181489;10000000;nt21490
181490;10000000;nt21491
181491;10000000;nt21492
181492;10000000;nt21493
181493;10000000;nt21494
181494;10000000;nt21495
181495;10000000;nt21496
181496;10000000;nt21497
181497;10000000;nt21498
181498;10000000;nt21499
181499;10000000;nt21500
181500;10000000;nt21501
181501;10000000;nt21502
181502;10000000;nt21503
181503;10000000;nt21504
181504;10000000;nt21505
181505;10000000;nt21506
181506;10000000;nt21507
181507;10000000;nt21508
181508;10000000;nt21509
181509;10000000;nt21510
181510;10000000;nt21511
181511;10000000;nt21512
181512;10000000;nt21513
181513;10000000;nt21514
181514;10000000;nt21515
181515;10000000;nt21516
181516;10000000;nt21517
181517;10000000;nt21518
181518;10000000;nt21519
181519;10000000;nt21520
181520;10000000;nt21521
181521;10000000;nt21522
181522;10000000;nt21523
181523;10000000;nt21524
181524;10000000;nt21525
181525;10000000;nt21526
181526;10000000;nt21527
181527;10000000;nt21528
181528;10000000;nt21529
181529;10000000;nt21530
181530;10000000;nt21531
181531;10000000;nt21532
181532;10000000;nt21533
181533;10000000;nt21534
181534;10000000;nt21535
181535;10000000;nt21536
181536;10000000;nt21537
181537;10000000;nt21538
181538;10000000;nt21539
181539;10000000;nt21540
181540;10000000;nt21541
181541;10000000;nt21542
181542;10000000;nt21543
181543;10000000;nt21544
181544;10000000;nt21545
181545;10000000;nt21546
181546;10000000;nt21547
181547;10000000;nt21548
181548;10000000;nt21549
181549;10000000;nt21550
181550;10000000;nt21551
181551;10000000;nt21552
181552;10000000;nt21553
181553;10000000;nt21554
181554;10000000;nt21555
181555;10000000;nt21556
181556;10000000;nt21557
181557;10000000;nt21558
181558;10000000;nt21559
181559;10000000;nt21560
181560;10000000;nt21561
181561;10000000;nt21562
181562;10000000;nt21563
181563;10000000;nt21564
181564;10000000;nt21565
181565;10000000;nt21566
181566;10000000;nt21567
181567;10000000;nt21568
181568;10000000;nt21569
181569;10000000;nt21570
181570;10000000;nt21571
181571;10000000;nt21572
181572;10000000;nt21573
181573;10000000;nt21574
181574;10000000;nt21575
181575;10000000;nt21576
181576;10000000;nt21577
181577;10000000;nt21578
181578;10000000;nt21579
181579;10000000;nt21580
181580;10000000;nt21581
181581;10000000;nt21582
181582;10000000;nt21583
181583;10000000;nt21584
181584;10000000;nt21585
181585;10000000;nt21586
181586;10000000;nt21587
181587;10000000;nt21588
181588;10000000;nt21589
181589;10000000;nt21590
181590;10000000;nt21591
181591;10000000;nt21592
181592;10000000;nt21593
181593;10000000;nt21594
181594;10000000;nt21595
181595;10000000;nt21596
181596;10000000;nt21597
181597;10000000;nt21598
181598;10000000;nt21599
181599;10000000;nt21600
181600;10000000;nt21601
181601;10000000;nt21602
181602;10000000;nt21603
181603;10000000;nt21604
181604;10000000;nt21605
181605;10000000;nt21606
181606;10000000;nt21607
181607;10000000;nt21608
181608;10000000;nt21609
181609;10000000;nt21610
181610;10000000;nt21611
181611;10000000;nt21612
181612;10000000;nt21613
181613;10000000;nt21614
181614;10000000;nt21615
181615;10000000;nt21616
181616;10000000;nt21617
181617;10000000;nt21618
181618;10000000;nt21619
181619;10000000;nt21620
181620;10000000;nt21621
181621;10000000;nt21622
181622;10000000;nt21623
181623;10000000;nt21624
181624;10000000;nt21625
181625;10000000;nt21626
181626;10000000;nt21627
181627;10000000;nt21628
181628;10000000;nt21629
181629;10000000;nt21630
181630;10000000;nt21631
181631;10000000;nt21632
181632;10000000;nt21633
181633;10000000;nt21634
181634;10000000;nt21635
181635;10000000;nt21636
181636;10000000;nt21637
181637;10000000;nt21638
181638;10000000;nt21639
181639;10000000;nt21640
181640;10000000;nt21641
181641;10000000;nt21642
181642;10000000;nt21643
181643;10000000;nt21644
181644;10000000;nt21645
181645;10000000;nt21646
181646;10000000;nt21647
181647;10000000;nt21648
181648;10000000;nt21649
181649;10000000;nt21650
181650;10000000;nt21651
181651;10000000;nt21652
181652;10000000;nt21653
181653;10000000;nt21654
181654;10000000;nt21655
181655;10000000;nt21656
181656;10000000;nt21657
181657;10000000;nt21658
181658;10000000;nt21659
181659;10000000;nt21660
181660;10000000;nt21661
181661;10000000;nt21662
181662;10000000;nt21663
181663;10000000;nt21664
181664;10000000;nt21665
181665;10000000;nt21666
181666;10000000;nt21667
181667;10000000;nt21668
181668;10000000;nt21669
181669;10000000;nt21670
181670;10000000;nt21671
181671;10000000;nt21672
181672;10000000;nt21673
181673;10000000;nt21674
181674;10000000;nt21675
181675;10000000;nt21676
181676;10000000;nt21677
181677;10000000;nt21678
181678;10000000;nt21679
181679;10000000;nt21680
181680;10000000;nt21681
181681;10000000;nt21682
181682;10000000;nt21683
181683;10000000;nt21684
181684;10000000;nt21685
181685;10000000;nt21686
181686;10000000;nt21687
181687;10000000;nt21688
181688;10000000;nt21689
181689;10000000;nt21690
181690;10000000;nt21691
181691;10000000;nt21692
181692;10000000;nt21693
181693;10000000;nt21694
181694;10000000;nt21695
181695;10000000;nt21696
181696;10000000;nt21697
181697;10000000;nt21698
181698;10000000;nt21699
181699;10000000;nt21700
181700;10000000;nt21701
181701;10000000;nt21702
181702;10000000;nt21703
181703;10000000;nt21704
181704;10000000;nt21705
181705;10000000;nt21706
181706;10000000;nt21707
181707;10000000;nt21708
181708;10000000;nt21709
181709;10000000;nt21710
181710;10000000;nt21711
181711;10000000;nt21712
181712;10000000;nt21713
181713;10000000;nt21714
181714;10000000;nt21715
181715;10000000;nt21716
181716;10000000;nt21717
181717;10000000;nt21718
181718;10000000;nt21719
181719;10000000;nt21720
181720;10000000;nt21721
181721;10000000;nt21722
181722;10000000;nt21723
181723;10000000;nt21724
181724;10000000;nt21725
181725;10000000;nt21726
181726;10000000;nt21727
181727;10000000;nt21728
181728;10000000;nt21729
181729;10000000;nt21730
181730;10000000;nt21731
181731;10000000;nt21732
181732;10000000;nt21733
181733;10000000;nt21734
181734;10000000;nt21735
181735;10000000;nt21736
181736;10000000;nt21737
181737;10000000;nt21738
181738;10000000;nt21739
181739;10000000;nt21740
181740;10000000;nt21741
181741;10000000;nt21742
181742;10000000;nt21743
181743;10000000;nt21744
181744;10000000;nt21745
181745;10000000;nt21746
181746;10000000;nt21747
181747;10000000;nt21748
181748;10000000;nt21749
181749;10000000;nt21750
181750;10000000;nt21751
181751;10000000;nt21752
181752;10000000;nt21753
181753;10000000;nt21754
181754;10000000;nt21755
181755;10000000;nt21756
181756;10000000;nt21757
181757;10000000;nt21758
181758;10000000;nt21759
181759;10000000;nt21760
181760;10000000;nt21761
181761;10000000;nt21762
181762;10000000;nt21763
181763;10000000;nt21764
181764;10000000;nt21765
181765;10000000;nt21766
181766;10000000;nt21767
181767;10000000;nt21768
181768;10000000;nt21769
181769;10000000;nt21770
181770;10000000;nt21771
181771;10000000;nt21772
181772;10000000;nt21773
181773;10000000;nt21774
181774;10000000;nt21775
181775;10000000;nt21776
181776;10000000;nt21777
181777;10000000;nt21778
181778;10000000;nt21779
181779;10000000;nt21780
181780;10000000;nt21781
181781;10000000;nt21782
181782;10000000;nt21783
181783;10000000;nt21784
181784;10000000;nt21785
181785;10000000;nt21786
181786;10000000;nt21787
181787;10000000;nt21788
181788;10000000;nt21789
181789;10000000;nt21790
181790;10000000;nt21791
181791;10000000;nt21792
181792;10000000;nt21793
181793;10000000;nt21794
181794;10000000;nt21795
181795;10000000;nt21796
181796;10000000;nt21797
181797;10000000;nt21798
181798;10000000;nt21799
181799;10000000;nt21800
181800;10000000;nt21801
181801;10000000;nt21802
181802;10000000;nt21803
181803;10000000;nt21804
181804;10000000;nt21805
181805;10000000;nt21806
181806;10000000;nt21807
181807;10000000;nt21808
181808;10000000;nt21809
181809;10000000;nt21810
181810;10000000;nt21811
181811;10000000;nt21812
181812;10000000;nt21813
181813;10000000;nt21814
181814;10000000;nt21815
181815;10000000;nt21816
181816;10000000;nt21817
181817;10000000;nt21818
181818;10000000;nt21819
181819;10000000;nt21820
181820;10000000;nt21821
181821;10000000;nt21822
181822;10000000;nt21823
181823;10000000;nt21824
181824;10000000;nt21825
181825;10000000;nt21826
181826;10000000;nt21827
181827;10000000;nt21828
181828;10000000;nt21829
181829;10000000;nt21830
181830;10000000;nt21831
181831;10000000;nt21832
181832;10000000;nt21833
181833;10000000;nt21834
181834;10000000;nt21835
181835;10000000;nt21836
181836;10000000;nt21837
181837;10000000;nt21838
181838;10000000;nt21839
181839;10000000;nt21840
181840;10000000;nt21841
181841;10000000;nt21842
181842;10000000;nt21843
181843;10000000;nt21844
181844;10000000;nt21845
181845;10000000;nt21846
181846;10000000;nt21847
181847;10000000;nt21848
181848;10000000;nt21849
181849;10000000;nt21850
181850;10000000;nt21851
181851;10000000;nt21852
181852;10000000;nt21853
181853;10000000;nt21854
181854;10000000;nt21855
181855;10000000;nt21856
181856;10000000;nt21857
181857;10000000;nt21858
181858;10000000;nt21859
181859;10000000;nt21860
181860;10000000;nt21861
181861;10000000;nt21862
181862;10000000;nt21863
181863;10000000;nt21864
181864;10000000;nt21865
181865;10000000;nt21866
181866;10000000;nt21867
181867;10000000;nt21868
181868;10000000;nt21869
181869;10000000;nt21870
181870;10000000;nt21871
181871;10000000;nt21872
181872;10000000;nt21873
181873;10000000;nt21874
181874;10000000;nt21875
181875;10000000;nt21876
181876;10000000;nt21877
181877;10000000;nt21878
181878;10000000;nt21879
181879;10000000;nt21880
181880;10000000;nt21881
181881;10000000;nt21882
181882;10000000;nt21883
181883;10000000;nt21884
181884;10000000;nt21885
181885;10000000;nt21886
181886;10000000;nt21887
181887;10000000;nt21888
181888;10000000;nt21889
181889;10000000;nt21890
181890;10000000;nt21891
181891;10000000;nt21892
181892;10000000;nt21893
181893;10000000;nt21894
181894;10000000;nt21895
181895;10000000;nt21896
181896;10000000;nt21897
181897;10000000;nt21898
181898;10000000;nt21899
181899;10000000;nt21900
181900;10000000;nt21901
181901;10000000;nt21902
181902;10000000;nt21903
181903;10000000;nt21904
181904;10000000;nt21905
181905;10000000;nt21906
181906;10000000;nt21907
181907;10000000;nt21908
181908;10000000;nt21909
181909;10000000;nt21910
181910;10000000;nt21911
181911;10000000;nt21912
181912;10000000;nt21913
181913;10000000;nt21914
181914;10000000;nt21915
181915;10000000;nt21916
181916;10000000;nt21917
181917;10000000;nt21918
181918;10000000;nt21919
181919;10000000;nt21920
181920;10000000;nt21921
181921;10000000;nt21922
181922;10000000;nt21923
181923;10000000;nt21924
181924;10000000;nt21925
181925;10000000;nt21926
181926;10000000;nt21927
181927;10000000;nt21928
181928;10000000;nt21929
181929;10000000;nt21930
181930;10000000;nt21931
181931;10000000;nt21932
181932;10000000;nt21933
181933;10000000;nt21934
181934;10000000;nt21935
181935;10000000;nt21936
181936;10000000;nt21937
181937;10000000;nt21938
181938;10000000;nt21939
181939;10000000;nt21940
181940;10000000;nt21941
181941;10000000;nt21942
181942;10000000;nt21943
181943;10000000;nt21944
181944;10000000;nt21945
181945;10000000;nt21946
181946;10000000;nt21947
181947;10000000;nt21948
181948;10000000;nt21949
181949;10000000;nt21950
181950;10000000;nt21951
181951;10000000;nt21952
181952;10000000;nt21953
181953;10000000;nt21954
181954;10000000;nt21955
181955;10000000;nt21956
181956;10000000;nt21957
181957;10000000;nt21958
181958;10000000;nt21959
181959;10000000;nt21960
181960;10000000;nt21961
181961;10000000;nt21962
181962;10000000;nt21963
181963;10000000;nt21964
181964;10000000;nt21965
181965;10000000;nt21966
181966;10000000;nt21967
181967;10000000;nt21968
181968;10000000;nt21969
181969;10000000;nt21970
181970;10000000;nt21971
181971;10000000;nt21972
181972;10000000;nt21973
181973;10000000;nt21974
181974;10000000;nt21975
181975;10000000;nt21976
181976;10000000;nt21977
181977;10000000;nt21978
181978;10000000;nt21979
181979;10000000;nt21980
181980;10000000;nt21981
181981;10000000;nt21982
181982;10000000;nt21983
181983;10000000;nt21984
181984;10000000;nt21985
181985;10000000;nt21986
181986;10000000;nt21987
181987;10000000;nt21988
181988;10000000;nt21989
181989;10000000;nt21990
181990;10000000;nt21991
181991;10000000;nt21992
181992;10000000;nt21993
181993;10000000;nt21994
181994;10000000;nt21995
181995;10000000;nt21996
181996;10000000;nt21997
181997;10000000;nt21998
181998;10000000;nt21999
181999;10000000;nt22000
182000;10000000;nt22001
182001;10000000;nt22002
182002;10000000;nt22003
182003;10000000;nt22004
182004;10000000;nt22005
182005;10000000;nt22006
182006;10000000;nt22007
182007;10000000;nt22008
182008;10000000;nt22009
182009;10000000;nt22010
182010;10000000;nt22011
182011;10000000;nt22012
182012;10000000;nt22013
182013;10000000;nt22014
182014;10000000;nt22015
182015;10000000;nt22016
182016;10000000;nt22017
182017;10000000;nt22018
182018;10000000;nt22019
182019;10000000;nt22020
182020;10000000;nt22021
182021;10000000;nt22022
182022;10000000;nt22023
182023;10000000;nt22024
182024;10000000;nt22025
182025;10000000;nt22026
182026;10000000;nt22027
182027;10000000;nt22028
182028;10000000;nt22029
182029;10000000;nt22030
182030;10000000;nt22031
182031;10000000;nt22032
182032;10000000;nt22033
182033;10000000;nt22034
182034;10000000;nt22035
182035;10000000;nt22036
182036;10000000;nt22037
182037;10000000;nt22038
182038;10000000;nt22039
182039;10000000;nt22040
182040;10000000;nt22041
182041;10000000;nt22042
182042;10000000;nt22043
182043;10000000;nt22044
182044;10000000;nt22045
182045;10000000;nt22046
182046;10000000;nt22047
182047;10000000;nt22048
182048;10000000;nt22049
182049;10000000;nt22050
182050;10000000;nt22051
182051;10000000;nt22052
182052;10000000;nt22053
182053;10000000;nt22054
182054;10000000;nt22055
182055;10000000;nt22056
182056;10000000;nt22057
182057;10000000;nt22058
182058;10000000;nt22059
182059;10000000;nt22060
182060;10000000;nt22061
182061;10000000;nt22062
182062;10000000;nt22063
182063;10000000;nt22064
182064;10000000;nt22065
182065;10000000;nt22066
182066;10000000;nt22067
182067;10000000;nt22068
182068;10000000;nt22069
182069;10000000;nt22070
182070;10000000;nt22071
182071;10000000;nt22072
182072;10000000;nt22073
182073;10000000;nt22074
182074;10000000;nt22075
182075;10000000;nt22076
182076;10000000;nt22077
182077;10000000;nt22078
182078;10000000;nt22079
182079;10000000;nt22080
182080;10000000;nt22081
182081;10000000;nt22082
182082;10000000;nt22083
182083;10000000;nt22084
182084;10000000;nt22085
182085;10000000;nt22086
182086;10000000;nt22087
182087;10000000;nt22088
182088;10000000;nt22089
182089;10000000;nt22090
182090;10000000;nt22091
182091;10000000;nt22092
182092;10000000;nt22093
182093;10000000;nt22094
182094;10000000;nt22095
182095;10000000;nt22096
182096;10000000;nt22097
182097;10000000;nt22098
182098;10000000;nt22099
182099;10000000;nt22100
182100;10000000;nt22101
182101;10000000;nt22102
182102;10000000;nt22103
182103;10000000;nt22104
182104;10000000;nt22105
182105;10000000;nt22106
182106;10000000;nt22107
182107;10000000;nt22108
182108;10000000;nt22109
182109;10000000;nt22110
182110;10000000;nt22111
182111;10000000;nt22112
182112;10000000;nt22113
182113;10000000;nt22114
182114;10000000;nt22115
182115;10000000;nt22116
182116;10000000;nt22117
182117;10000000;nt22118
182118;10000000;nt22119
182119;10000000;nt22120
182120;10000000;nt22121
182121;10000000;nt22122
182122;10000000;nt22123
182123;10000000;nt22124
182124;10000000;nt22125
182125;10000000;nt22126
182126;10000000;nt22127
182127;10000000;nt22128
182128;10000000;nt22129
182129;10000000;nt22130
182130;10000000;nt22131
182131;10000000;nt22132
182132;10000000;nt22133
182133;10000000;nt22134
182134;10000000;nt22135
182135;10000000;nt22136
182136;10000000;nt22137
182137;10000000;nt22138
182138;10000000;nt22139
182139;10000000;nt22140
182140;10000000;nt22141
182141;10000000;nt22142
182142;10000000;nt22143
182143;10000000;nt22144
182144;10000000;nt22145
182145;10000000;nt22146
182146;10000000;nt22147
182147;10000000;nt22148
182148;10000000;nt22149
182149;10000000;nt22150
182150;10000000;nt22151
182151;10000000;nt22152
182152;10000000;nt22153
182153;10000000;nt22154
182154;10000000;nt22155
182155;10000000;nt22156
182156;10000000;nt22157
182157;10000000;nt22158
182158;10000000;nt22159
182159;10000000;nt22160
182160;10000000;nt22161
182161;10000000;nt22162
182162;10000000;nt22163
182163;10000000;nt22164
182164;10000000;nt22165
182165;10000000;nt22166
182166;10000000;nt22167
182167;10000000;nt22168
182168;10000000;nt22169
182169;10000000;nt22170
182170;10000000;nt22171
182171;10000000;nt22172
182172;10000000;nt22173
182173;10000000;nt22174
182174;10000000;nt22175
182175;10000000;nt22176
182176;10000000;nt22177
182177;10000000;nt22178
182178;10000000;nt22179
182179;10000000;nt22180
182180;10000000;nt22181
182181;10000000;nt22182
182182;10000000;nt22183
182183;10000000;nt22184
182184;10000000;nt22185
182185;10000000;nt22186
182186;10000000;nt22187
182187;10000000;nt22188
182188;10000000;nt22189
182189;10000000;nt22190
182190;10000000;nt22191
182191;10000000;nt22192
182192;10000000;nt22193
182193;10000000;nt22194
182194;10000000;nt22195
182195;10000000;nt22196
182196;10000000;nt22197
182197;10000000;nt22198
182198;10000000;nt22199
182199;10000000;nt22200
182200;10000000;nt22201
182201;10000000;nt22202
182202;10000000;nt22203
182203;10000000;nt22204
182204;10000000;nt22205
182205;10000000;nt22206
182206;10000000;nt22207
182207;10000000;nt22208
182208;10000000;nt22209
182209;10000000;nt22210
182210;10000000;nt22211
182211;10000000;nt22212
182212;10000000;nt22213
182213;10000000;nt22214
182214;10000000;nt22215
182215;10000000;nt22216
182216;10000000;nt22217
182217;10000000;nt22218
182218;10000000;nt22219
182219;10000000;nt22220
182220;10000000;nt22221
182221;10000000;nt22222
182222;10000000;nt22223
182223;10000000;nt22224
182224;10000000;nt22225
182225;10000000;nt22226
182226;10000000;nt22227
182227;10000000;nt22228
182228;10000000;nt22229
182229;10000000;nt22230
182230;10000000;nt22231
182231;10000000;nt22232
182232;10000000;nt22233
182233;10000000;nt22234
182234;10000000;nt22235
182235;10000000;nt22236
182236;10000000;nt22237
182237;10000000;nt22238
182238;10000000;nt22239
182239;10000000;nt22240
182240;10000000;nt22241
182241;10000000;nt22242
182242;10000000;nt22243
182243;10000000;nt22244
182244;10000000;nt22245
182245;10000000;nt22246
182246;10000000;nt22247
182247;10000000;nt22248
182248;10000000;nt22249
182249;10000000;nt22250
182250;10000000;nt22251
182251;10000000;nt22252
182252;10000000;nt22253
182253;10000000;nt22254
182254;10000000;nt22255
182255;10000000;nt22256
182256;10000000;nt22257
182257;10000000;nt22258
182258;10000000;nt22259
182259;10000000;nt22260
182260;10000000;nt22261
182261;10000000;nt22262
182262;10000000;nt22263
182263;10000000;nt22264
182264;10000000;nt22265
182265;10000000;nt22266
182266;10000000;nt22267
182267;10000000;nt22268
182268;10000000;nt22269
182269;10000000;nt22270
182270;10000000;nt22271
182271;10000000;nt22272
182272;10000000;nt22273
182273;10000000;nt22274
182274;10000000;nt22275
182275;10000000;nt22276
182276;10000000;nt22277
182277;10000000;nt22278
182278;10000000;nt22279
182279;10000000;nt22280
182280;10000000;nt22281
182281;10000000;nt22282
182282;10000000;nt22283
182283;10000000;nt22284
182284;10000000;nt22285
182285;10000000;nt22286
182286;10000000;nt22287
182287;10000000;nt22288
182288;10000000;nt22289
182289;10000000;nt22290
182290;10000000;nt22291
182291;10000000;nt22292
182292;10000000;nt22293
182293;10000000;nt22294
182294;10000000;nt22295
182295;10000000;nt22296
182296;10000000;nt22297
182297;10000000;nt22298
182298;10000000;nt22299
182299;10000000;nt22300
182300;10000000;nt22301
182301;10000000;nt22302
182302;10000000;nt22303
182303;10000000;nt22304
182304;10000000;nt22305
182305;10000000;nt22306
182306;10000000;nt22307
182307;10000000;nt22308
182308;10000000;nt22309
182309;10000000;nt22310
182310;10000000;nt22311
182311;10000000;nt22312
182312;10000000;nt22313
182313;10000000;nt22314
182314;10000000;nt22315
