portfolioRefCode;currencyCode;accountNo;cashAccountName;refCode;iban
nt1;TL;743077;N001;N-502;TR00000000005567231
nt2;TL;743078;N002;N-503;TR00000000005567232
nt3;TL;743079;N003;N-504;TR00000000005567233
nt4;TL;743080;N004;N-505;TR00000000005567234
nt5;TL;743081;N005;N-506;TR00000000005567235
nt6;TL;743082;N006;N-507;TR00000000005567236
nt7;TL;743083;N007;N-508;TR00000000005567237
nt8;TL;743084;N008;N-509;TR00000000005567238
nt9;TL;743085;N009;N-510;TR00000000005567239
nt10;TL;743086;N010;N-511;TR00000000005567240
nt11;TL;743087;N011;N-512;TR00000000005567241
nt12;TL;743088;N012;N-513;TR00000000005567242
nt13;TL;743089;N013;N-514;TR00000000005567243
nt14;TL;743090;N014;N-515;TR00000000005567244
nt15;TL;743091;N015;N-516;TR00000000005567245
nt16;TL;743092;N016;N-517;TR00000000005567246
nt17;TL;743093;N017;N-518;TR00000000005567247
nt18;TL;743094;N018;N-519;TR00000000005567248
nt19;TL;743095;N019;N-520;TR00000000005567249
nt20;TL;743096;N020;N-521;TR00000000005567250
nt21;TL;743097;N021;N-522;TR00000000005567251
nt22;TL;743098;N022;N-523;TR00000000005567252
nt23;TL;743099;N023;N-524;TR00000000005567253
nt24;TL;743100;N024;N-525;TR00000000005567254
nt25;TL;743101;N025;N-526;TR00000000005567255
nt26;TL;743102;N026;N-527;TR00000000005567256
nt27;TL;743103;N027;N-528;TR00000000005567257
nt28;TL;743104;N028;N-529;TR00000000005567258
nt29;TL;743105;N029;N-530;TR00000000005567259
nt30;TL;743106;N030;N-531;TR00000000005567260
nt31;TL;743107;N031;N-532;TR00000000005567261
nt32;TL;743108;N032;N-533;TR00000000005567262
nt33;TL;743109;N033;N-534;TR00000000005567263
nt34;TL;743110;N034;N-535;TR00000000005567264
nt35;TL;743111;N035;N-536;TR00000000005567265
nt36;TL;743112;N036;N-537;TR00000000005567266
nt37;TL;743113;N037;N-538;TR00000000005567267
nt38;TL;743114;N038;N-539;TR00000000005567268
nt39;TL;743115;N039;N-540;TR00000000005567269
nt40;TL;743116;N040;N-541;TR00000000005567270
nt41;TL;743117;N041;N-542;TR00000000005567271
nt42;TL;743118;N042;N-543;TR00000000005567272
nt43;TL;743119;N043;N-544;TR00000000005567273
nt44;TL;743120;N044;N-545;TR00000000005567274
nt45;TL;743121;N045;N-546;TR00000000005567275
nt46;TL;743122;N046;N-547;TR00000000005567276
nt47;TL;743123;N047;N-548;TR00000000005567277
nt48;TL;743124;N048;N-549;TR00000000005567278
nt49;TL;743125;N049;N-550;TR00000000005567279
nt50;TL;743126;N050;N-551;TR00000000005567280
nt51;TL;743127;N051;N-552;TR00000000005567281
nt52;TL;743128;N052;N-553;TR00000000005567282
nt53;TL;743129;N053;N-554;TR00000000005567283
nt54;TL;743130;N054;N-555;TR00000000005567284
nt55;TL;743131;N055;N-556;TR00000000005567285
nt56;TL;743132;N056;N-557;TR00000000005567286
nt57;TL;743133;N057;N-558;TR00000000005567287
nt58;TL;743134;N058;N-559;TR00000000005567288
nt59;TL;743135;N059;N-560;TR00000000005567289
nt60;TL;743136;N060;N-561;TR00000000005567290
nt61;TL;743137;N061;N-562;TR00000000005567291
nt62;TL;743138;N062;N-563;TR00000000005567292
nt63;TL;743139;N063;N-564;TR00000000005567293
nt64;TL;743140;N064;N-565;TR00000000005567294
nt65;TL;743141;N065;N-566;TR00000000005567295
nt66;TL;743142;N066;N-567;TR00000000005567296
nt67;TL;743143;N067;N-568;TR00000000005567297
nt68;TL;743144;N068;N-569;TR00000000005567298
nt69;TL;743145;N069;N-570;TR00000000005567299
nt70;TL;743146;N070;N-571;TR00000000005567300
nt71;TL;743147;N071;N-572;TR00000000005567301
nt72;TL;743148;N072;N-573;TR00000000005567302
nt73;TL;743149;N073;N-574;TR00000000005567303
nt74;TL;743150;N074;N-575;TR00000000005567304
nt75;TL;743151;N075;N-576;TR00000000005567305
nt76;TL;743152;N076;N-577;TR00000000005567306
nt77;TL;743153;N077;N-578;TR00000000005567307
nt78;TL;743154;N078;N-579;TR00000000005567308
nt79;TL;743155;N079;N-580;TR00000000005567309
nt80;TL;743156;N080;N-581;TR00000000005567310
nt81;TL;743157;N081;N-582;TR00000000005567311
nt82;TL;743158;N082;N-583;TR00000000005567312
nt83;TL;743159;N083;N-584;TR00000000005567313
nt84;TL;743160;N084;N-585;TR00000000005567314
nt85;TL;743161;N085;N-586;TR00000000005567315
nt86;TL;743162;N086;N-587;TR00000000005567316
nt87;TL;743163;N087;N-588;TR00000000005567317
nt88;TL;743164;N088;N-589;TR00000000005567318
nt89;TL;743165;N089;N-590;TR00000000005567319
nt90;TL;743166;N090;N-591;TR00000000005567320
nt91;TL;743167;N091;N-592;TR00000000005567321
nt92;TL;743168;N092;N-593;TR00000000005567322
nt93;TL;743169;N093;N-594;TR00000000005567323
nt94;TL;743170;N094;N-595;TR00000000005567324
nt95;TL;743171;N095;N-596;TR00000000005567325
nt96;TL;743172;N096;N-597;TR00000000005567326
nt97;TL;743173;N097;N-598;TR00000000005567327
nt98;TL;743174;N098;N-599;TR00000000005567328
nt99;TL;743175;N099;N-600;TR00000000005567329
nt100;TL;743176;N100;N-601;TR00000000005567330
nt101;TL;743177;N101;N-602;TR00000000005567331
nt102;TL;743178;N102;N-603;TR00000000005567332
nt103;TL;743179;N103;N-604;TR00000000005567333
nt104;TL;743180;N104;N-605;TR00000000005567334
nt105;TL;743181;N105;N-606;TR00000000005567335
nt106;TL;743182;N106;N-607;TR00000000005567336
nt107;TL;743183;N107;N-608;TR00000000005567337
nt108;TL;743184;N108;N-609;TR00000000005567338
nt109;TL;743185;N109;N-610;TR00000000005567339
nt110;TL;743186;N110;N-611;TR00000000005567340
nt111;TL;743187;N111;N-612;TR00000000005567341
nt112;TL;743188;N112;N-613;TR00000000005567342
nt113;TL;743189;N113;N-614;TR00000000005567343
nt114;TL;743190;N114;N-615;TR00000000005567344
nt115;TL;743191;N115;N-616;TR00000000005567345
nt116;TL;743192;N116;N-617;TR00000000005567346
nt117;TL;743193;N117;N-618;TR00000000005567347
nt118;TL;743194;N118;N-619;TR00000000005567348
nt119;TL;743195;N119;N-620;TR00000000005567349
nt120;TL;743196;N120;N-621;TR00000000005567350
nt121;TL;743197;N121;N-622;TR00000000005567351
nt122;TL;743198;N122;N-623;TR00000000005567352
nt123;TL;743199;N123;N-624;TR00000000005567353
nt124;TL;743200;N124;N-625;TR00000000005567354
nt125;TL;743201;N125;N-626;TR00000000005567355
nt126;TL;743202;N126;N-627;TR00000000005567356
nt127;TL;743203;N127;N-628;TR00000000005567357
nt128;TL;743204;N128;N-629;TR00000000005567358
nt129;TL;743205;N129;N-630;TR00000000005567359
nt130;TL;743206;N130;N-631;TR00000000005567360
nt131;TL;743207;N131;N-632;TR00000000005567361
nt132;TL;743208;N132;N-633;TR00000000005567362
nt133;TL;743209;N133;N-634;TR00000000005567363
nt134;TL;743210;N134;N-635;TR00000000005567364
nt135;TL;743211;N135;N-636;TR00000000005567365
nt136;TL;743212;N136;N-637;TR00000000005567366
nt137;TL;743213;N137;N-638;TR00000000005567367
nt138;TL;743214;N138;N-639;TR00000000005567368
nt139;TL;743215;N139;N-640;TR00000000005567369
nt140;TL;743216;N140;N-641;TR00000000005567370
nt141;TL;743217;N141;N-642;TR00000000005567371
nt142;TL;743218;N142;N-643;TR00000000005567372
nt143;TL;743219;N143;N-644;TR00000000005567373
nt144;TL;743220;N144;N-645;TR00000000005567374
nt145;TL;743221;N145;N-646;TR00000000005567375
nt146;TL;743222;N146;N-647;TR00000000005567376
nt147;TL;743223;N147;N-648;TR00000000005567377
nt148;TL;743224;N148;N-649;TR00000000005567378
nt149;TL;743225;N149;N-650;TR00000000005567379
nt150;TL;743226;N150;N-651;TR00000000005567380
nt151;TL;743227;N151;N-652;TR00000000005567381
nt152;TL;743228;N152;N-653;TR00000000005567382
nt153;TL;743229;N153;N-654;TR00000000005567383
nt154;TL;743230;N154;N-655;TR00000000005567384
nt155;TL;743231;N155;N-656;TR00000000005567385
nt156;TL;743232;N156;N-657;TR00000000005567386
nt157;TL;743233;N157;N-658;TR00000000005567387
nt158;TL;743234;N158;N-659;TR00000000005567388
nt159;TL;743235;N159;N-660;TR00000000005567389
nt160;TL;743236;N160;N-661;TR00000000005567390
nt161;TL;743237;N161;N-662;TR00000000005567391
nt162;TL;743238;N162;N-663;TR00000000005567392
nt163;TL;743239;N163;N-664;TR00000000005567393
nt164;TL;743240;N164;N-665;TR00000000005567394
nt165;TL;743241;N165;N-666;TR00000000005567395
nt166;TL;743242;N166;N-667;TR00000000005567396
nt167;TL;743243;N167;N-668;TR00000000005567397
nt168;TL;743244;N168;N-669;TR00000000005567398
nt169;TL;743245;N169;N-670;TR00000000005567399
nt170;TL;743246;N170;N-671;TR00000000005567400
nt171;TL;743247;N171;N-672;TR00000000005567401
nt172;TL;743248;N172;N-673;TR00000000005567402
nt173;TL;743249;N173;N-674;TR00000000005567403
nt174;TL;743250;N174;N-675;TR00000000005567404
nt175;TL;743251;N175;N-676;TR00000000005567405
nt176;TL;743252;N176;N-677;TR00000000005567406
nt177;TL;743253;N177;N-678;TR00000000005567407
nt178;TL;743254;N178;N-679;TR00000000005567408
nt179;TL;743255;N179;N-680;TR00000000005567409
nt180;TL;743256;N180;N-681;TR00000000005567410
nt181;TL;743257;N181;N-682;TR00000000005567411
nt182;TL;743258;N182;N-683;TR00000000005567412
nt183;TL;743259;N183;N-684;TR00000000005567413
nt184;TL;743260;N184;N-685;TR00000000005567414
nt185;TL;743261;N185;N-686;TR00000000005567415
nt186;TL;743262;N186;N-687;TR00000000005567416
nt187;TL;743263;N187;N-688;TR00000000005567417
nt188;TL;743264;N188;N-689;TR00000000005567418
nt189;TL;743265;N189;N-690;TR00000000005567419
nt190;TL;743266;N190;N-691;TR00000000005567420
nt191;TL;743267;N191;N-692;TR00000000005567421
nt192;TL;743268;N192;N-693;TR00000000005567422
nt193;TL;743269;N193;N-694;TR00000000005567423
nt194;TL;743270;N194;N-695;TR00000000005567424
nt195;TL;743271;N195;N-696;TR00000000005567425
nt196;TL;743272;N196;N-697;TR00000000005567426
nt197;TL;743273;N197;N-698;TR00000000005567427
nt198;TL;743274;N198;N-699;TR00000000005567428
nt199;TL;743275;N199;N-700;TR00000000005567429
nt200;TL;743276;N200;N-701;TR00000000005567430
nt201;TL;743277;N201;N-702;TR00000000005567431
nt202;TL;743278;N202;N-703;TR00000000005567432
nt203;TL;743279;N203;N-704;TR00000000005567433
nt204;TL;743280;N204;N-705;TR00000000005567434
nt205;TL;743281;N205;N-706;TR00000000005567435
nt206;TL;743282;N206;N-707;TR00000000005567436
nt207;TL;743283;N207;N-708;TR00000000005567437
nt208;TL;743284;N208;N-709;TR00000000005567438
nt209;TL;743285;N209;N-710;TR00000000005567439
nt210;TL;743286;N210;N-711;TR00000000005567440
nt211;TL;743287;N211;N-712;TR00000000005567441
nt212;TL;743288;N212;N-713;TR00000000005567442
nt213;TL;743289;N213;N-714;TR00000000005567443
nt214;TL;743290;N214;N-715;TR00000000005567444
nt215;TL;743291;N215;N-716;TR00000000005567445
nt216;TL;743292;N216;N-717;TR00000000005567446
nt217;TL;743293;N217;N-718;TR00000000005567447
nt218;TL;743294;N218;N-719;TR00000000005567448
nt219;TL;743295;N219;N-720;TR00000000005567449
nt220;TL;743296;N220;N-721;TR00000000005567450
nt221;TL;743297;N221;N-722;TR00000000005567451
nt222;TL;743298;N222;N-723;TR00000000005567452
nt223;TL;743299;N223;N-724;TR00000000005567453
nt224;TL;743300;N224;N-725;TR00000000005567454
nt225;TL;743301;N225;N-726;TR00000000005567455
nt226;TL;743302;N226;N-727;TR00000000005567456
nt227;TL;743303;N227;N-728;TR00000000005567457
nt228;TL;743304;N228;N-729;TR00000000005567458
nt229;TL;743305;N229;N-730;TR00000000005567459
nt230;TL;743306;N230;N-731;TR00000000005567460
nt231;TL;743307;N231;N-732;TR00000000005567461
nt232;TL;743308;N232;N-733;TR00000000005567462
nt233;TL;743309;N233;N-734;TR00000000005567463
nt234;TL;743310;N234;N-735;TR00000000005567464
nt235;TL;743311;N235;N-736;TR00000000005567465
nt236;TL;743312;N236;N-737;TR00000000005567466
nt237;TL;743313;N237;N-738;TR00000000005567467
nt238;TL;743314;N238;N-739;TR00000000005567468
nt239;TL;743315;N239;N-740;TR00000000005567469
nt240;TL;743316;N240;N-741;TR00000000005567470
nt241;TL;743317;N241;N-742;TR00000000005567471
nt242;TL;743318;N242;N-743;TR00000000005567472
nt243;TL;743319;N243;N-744;TR00000000005567473
nt244;TL;743320;N244;N-745;TR00000000005567474
nt245;TL;743321;N245;N-746;TR00000000005567475
nt246;TL;743322;N246;N-747;TR00000000005567476
nt247;TL;743323;N247;N-748;TR00000000005567477
nt248;TL;743324;N248;N-749;TR00000000005567478
nt249;TL;743325;N249;N-750;TR00000000005567479
nt250;TL;743326;N250;N-751;TR00000000005567480
nt251;TL;743327;N251;N-752;TR00000000005567481
nt252;TL;743328;N252;N-753;TR00000000005567482
nt253;TL;743329;N253;N-754;TR00000000005567483
nt254;TL;743330;N254;N-755;TR00000000005567484
nt255;TL;743331;N255;N-756;TR00000000005567485
nt256;TL;743332;N256;N-757;TR00000000005567486
nt257;TL;743333;N257;N-758;TR00000000005567487
nt258;TL;743334;N258;N-759;TR00000000005567488
nt259;TL;743335;N259;N-760;TR00000000005567489
nt260;TL;743336;N260;N-761;TR00000000005567490
nt261;TL;743337;N261;N-762;TR00000000005567491
nt262;TL;743338;N262;N-763;TR00000000005567492
nt263;TL;743339;N263;N-764;TR00000000005567493
nt264;TL;743340;N264;N-765;TR00000000005567494
nt265;TL;743341;N265;N-766;TR00000000005567495
nt266;TL;743342;N266;N-767;TR00000000005567496
nt267;TL;743343;N267;N-768;TR00000000005567497
nt268;TL;743344;N268;N-769;TR00000000005567498
nt269;TL;743345;N269;N-770;TR00000000005567499
nt270;TL;743346;N270;N-771;TR00000000005567500
nt271;TL;743347;N271;N-772;TR00000000005567501
nt272;TL;743348;N272;N-773;TR00000000005567502
nt273;TL;743349;N273;N-774;TR00000000005567503
nt274;TL;743350;N274;N-775;TR00000000005567504
nt275;TL;743351;N275;N-776;TR00000000005567505
nt276;TL;743352;N276;N-777;TR00000000005567506
nt277;TL;743353;N277;N-778;TR00000000005567507
nt278;TL;743354;N278;N-779;TR00000000005567508
nt279;TL;743355;N279;N-780;TR00000000005567509
nt280;TL;743356;N280;N-781;TR00000000005567510
nt281;TL;743357;N281;N-782;TR00000000005567511
nt282;TL;743358;N282;N-783;TR00000000005567512
nt283;TL;743359;N283;N-784;TR00000000005567513
nt284;TL;743360;N284;N-785;TR00000000005567514
nt285;TL;743361;N285;N-786;TR00000000005567515
nt286;TL;743362;N286;N-787;TR00000000005567516
nt287;TL;743363;N287;N-788;TR00000000005567517
nt288;TL;743364;N288;N-789;TR00000000005567518
nt289;TL;743365;N289;N-790;TR00000000005567519
nt290;TL;743366;N290;N-791;TR00000000005567520
nt291;TL;743367;N291;N-792;TR00000000005567521
nt292;TL;743368;N292;N-793;TR00000000005567522
nt293;TL;743369;N293;N-794;TR00000000005567523
nt294;TL;743370;N294;N-795;TR00000000005567524
nt295;TL;743371;N295;N-796;TR00000000005567525
nt296;TL;743372;N296;N-797;TR00000000005567526
nt297;TL;743373;N297;N-798;TR00000000005567527
nt298;TL;743374;N298;N-799;TR00000000005567528
nt299;TL;743375;N299;N-800;TR00000000005567529
nt300;TL;743376;N300;N-801;TR00000000005567530
nt301;TL;743377;N301;N-802;TR00000000005567531
nt302;TL;743378;N302;N-803;TR00000000005567532
nt303;TL;743379;N303;N-804;TR00000000005567533
nt304;TL;743380;N304;N-805;TR00000000005567534
nt305;TL;743381;N305;N-806;TR00000000005567535
nt306;TL;743382;N306;N-807;TR00000000005567536
nt307;TL;743383;N307;N-808;TR00000000005567537
nt308;TL;743384;N308;N-809;TR00000000005567538
nt309;TL;743385;N309;N-810;TR00000000005567539
nt310;TL;743386;N310;N-811;TR00000000005567540
nt311;TL;743387;N311;N-812;TR00000000005567541
nt312;TL;743388;N312;N-813;TR00000000005567542
nt313;TL;743389;N313;N-814;TR00000000005567543
nt314;TL;743390;N314;N-815;TR00000000005567544
nt315;TL;743391;N315;N-816;TR00000000005567545
nt316;TL;743392;N316;N-817;TR00000000005567546
nt317;TL;743393;N317;N-818;TR00000000005567547
nt318;TL;743394;N318;N-819;TR00000000005567548
nt319;TL;743395;N319;N-820;TR00000000005567549
nt320;TL;743396;N320;N-821;TR00000000005567550
nt321;TL;743397;N321;N-822;TR00000000005567551
nt322;TL;743398;N322;N-823;TR00000000005567552
nt323;TL;743399;N323;N-824;TR00000000005567553
nt324;TL;743400;N324;N-825;TR00000000005567554
nt325;TL;743401;N325;N-826;TR00000000005567555
nt326;TL;743402;N326;N-827;TR00000000005567556
nt327;TL;743403;N327;N-828;TR00000000005567557
nt328;TL;743404;N328;N-829;TR00000000005567558
nt329;TL;743405;N329;N-830;TR00000000005567559
nt330;TL;743406;N330;N-831;TR00000000005567560
nt331;TL;743407;N331;N-832;TR00000000005567561
nt332;TL;743408;N332;N-833;TR00000000005567562
nt333;TL;743409;N333;N-834;TR00000000005567563
nt334;TL;743410;N334;N-835;TR00000000005567564
nt335;TL;743411;N335;N-836;TR00000000005567565
nt336;TL;743412;N336;N-837;TR00000000005567566
nt337;TL;743413;N337;N-838;TR00000000005567567
nt338;TL;743414;N338;N-839;TR00000000005567568
nt339;TL;743415;N339;N-840;TR00000000005567569
nt340;TL;743416;N340;N-841;TR00000000005567570
nt341;TL;743417;N341;N-842;TR00000000005567571
nt342;TL;743418;N342;N-843;TR00000000005567572
nt343;TL;743419;N343;N-844;TR00000000005567573
nt344;TL;743420;N344;N-845;TR00000000005567574
nt345;TL;743421;N345;N-846;TR00000000005567575
nt346;TL;743422;N346;N-847;TR00000000005567576
nt347;TL;743423;N347;N-848;TR00000000005567577
nt348;TL;743424;N348;N-849;TR00000000005567578
nt349;TL;743425;N349;N-850;TR00000000005567579
nt350;TL;743426;N350;N-851;TR00000000005567580
nt351;TL;743427;N351;N-852;TR00000000005567581
nt352;TL;743428;N352;N-853;TR00000000005567582
nt353;TL;743429;N353;N-854;TR00000000005567583
nt354;TL;743430;N354;N-855;TR00000000005567584
nt355;TL;743431;N355;N-856;TR00000000005567585
nt356;TL;743432;N356;N-857;TR00000000005567586
nt357;TL;743433;N357;N-858;TR00000000005567587
nt358;TL;743434;N358;N-859;TR00000000005567588
nt359;TL;743435;N359;N-860;TR00000000005567589
nt360;TL;743436;N360;N-861;TR00000000005567590
nt361;TL;743437;N361;N-862;TR00000000005567591
nt362;TL;743438;N362;N-863;TR00000000005567592
nt363;TL;743439;N363;N-864;TR00000000005567593
nt364;TL;743440;N364;N-865;TR00000000005567594
nt365;TL;743441;N365;N-866;TR00000000005567595
nt366;TL;743442;N366;N-867;TR00000000005567596
nt367;TL;743443;N367;N-868;TR00000000005567597
nt368;TL;743444;N368;N-869;TR00000000005567598
nt369;TL;743445;N369;N-870;TR00000000005567599
nt370;TL;743446;N370;N-871;TR00000000005567600
nt371;TL;743447;N371;N-872;TR00000000005567601
nt372;TL;743448;N372;N-873;TR00000000005567602
nt373;TL;743449;N373;N-874;TR00000000005567603
nt374;TL;743450;N374;N-875;TR00000000005567604
nt375;TL;743451;N375;N-876;TR00000000005567605
nt376;TL;743452;N376;N-877;TR00000000005567606
nt377;TL;743453;N377;N-878;TR00000000005567607
nt378;TL;743454;N378;N-879;TR00000000005567608
nt379;TL;743455;N379;N-880;TR00000000005567609
nt380;TL;743456;N380;N-881;TR00000000005567610
nt381;TL;743457;N381;N-882;TR00000000005567611
nt382;TL;743458;N382;N-883;TR00000000005567612
nt383;TL;743459;N383;N-884;TR00000000005567613
nt384;TL;743460;N384;N-885;TR00000000005567614
nt385;TL;743461;N385;N-886;TR00000000005567615
nt386;TL;743462;N386;N-887;TR00000000005567616
nt387;TL;743463;N387;N-888;TR00000000005567617
nt388;TL;743464;N388;N-889;TR00000000005567618
nt389;TL;743465;N389;N-890;TR00000000005567619
nt390;TL;743466;N390;N-891;TR00000000005567620
nt391;TL;743467;N391;N-892;TR00000000005567621
nt392;TL;743468;N392;N-893;TR00000000005567622
nt393;TL;743469;N393;N-894;TR00000000005567623
nt394;TL;743470;N394;N-895;TR00000000005567624
nt395;TL;743471;N395;N-896;TR00000000005567625
nt396;TL;743472;N396;N-897;TR00000000005567626
nt397;TL;743473;N397;N-898;TR00000000005567627
nt398;TL;743474;N398;N-899;TR00000000005567628
nt399;TL;743475;N399;N-900;TR00000000005567629
nt400;TL;743476;N400;N-901;TR00000000005567630
nt401;TL;743477;N401;N-902;TR00000000005567631
nt402;TL;743478;N402;N-903;TR00000000005567632
nt403;TL;743479;N403;N-904;TR00000000005567633
nt404;TL;743480;N404;N-905;TR00000000005567634
nt405;TL;743481;N405;N-906;TR00000000005567635
nt406;TL;743482;N406;N-907;TR00000000005567636
nt407;TL;743483;N407;N-908;TR00000000005567637
nt408;TL;743484;N408;N-909;TR00000000005567638
nt409;TL;743485;N409;N-910;TR00000000005567639
nt410;TL;743486;N410;N-911;TR00000000005567640
nt411;TL;743487;N411;N-912;TR00000000005567641
nt412;TL;743488;N412;N-913;TR00000000005567642
nt413;TL;743489;N413;N-914;TR00000000005567643
nt414;TL;743490;N414;N-915;TR00000000005567644
nt415;TL;743491;N415;N-916;TR00000000005567645
nt416;TL;743492;N416;N-917;TR00000000005567646
nt417;TL;743493;N417;N-918;TR00000000005567647
nt418;TL;743494;N418;N-919;TR00000000005567648
nt419;TL;743495;N419;N-920;TR00000000005567649
nt420;TL;743496;N420;N-921;TR00000000005567650
nt421;TL;743497;N421;N-922;TR00000000005567651
nt422;TL;743498;N422;N-923;TR00000000005567652
nt423;TL;743499;N423;N-924;TR00000000005567653
nt424;TL;743500;N424;N-925;TR00000000005567654
nt425;TL;743501;N425;N-926;TR00000000005567655
nt426;TL;743502;N426;N-927;TR00000000005567656
nt427;TL;743503;N427;N-928;TR00000000005567657
nt428;TL;743504;N428;N-929;TR00000000005567658
nt429;TL;743505;N429;N-930;TR00000000005567659
nt430;TL;743506;N430;N-931;TR00000000005567660
nt431;TL;743507;N431;N-932;TR00000000005567661
nt432;TL;743508;N432;N-933;TR00000000005567662
nt433;TL;743509;N433;N-934;TR00000000005567663
nt434;TL;743510;N434;N-935;TR00000000005567664
nt435;TL;743511;N435;N-936;TR00000000005567665
nt436;TL;743512;N436;N-937;TR00000000005567666
nt437;TL;743513;N437;N-938;TR00000000005567667
nt438;TL;743514;N438;N-939;TR00000000005567668
nt439;TL;743515;N439;N-940;TR00000000005567669
nt440;TL;743516;N440;N-941;TR00000000005567670
nt441;TL;743517;N441;N-942;TR00000000005567671
nt442;TL;743518;N442;N-943;TR00000000005567672
nt443;TL;743519;N443;N-944;TR00000000005567673
nt444;TL;743520;N444;N-945;TR00000000005567674
nt445;TL;743521;N445;N-946;TR00000000005567675
nt446;TL;743522;N446;N-947;TR00000000005567676
nt447;TL;743523;N447;N-948;TR00000000005567677
nt448;TL;743524;N448;N-949;TR00000000005567678
nt449;TL;743525;N449;N-950;TR00000000005567679
nt450;TL;743526;N450;N-951;TR00000000005567680
nt451;TL;743527;N451;N-952;TR00000000005567681
nt452;TL;743528;N452;N-953;TR00000000005567682
nt453;TL;743529;N453;N-954;TR00000000005567683
nt454;TL;743530;N454;N-955;TR00000000005567684
nt455;TL;743531;N455;N-956;TR00000000005567685
nt456;TL;743532;N456;N-957;TR00000000005567686
nt457;TL;743533;N457;N-958;TR00000000005567687
nt458;TL;743534;N458;N-959;TR00000000005567688
nt459;TL;743535;N459;N-960;TR00000000005567689
nt460;TL;743536;N460;N-961;TR00000000005567690
nt461;TL;743537;N461;N-962;TR00000000005567691
nt462;TL;743538;N462;N-963;TR00000000005567692
nt463;TL;743539;N463;N-964;TR00000000005567693
nt464;TL;743540;N464;N-965;TR00000000005567694
nt465;TL;743541;N465;N-966;TR00000000005567695
nt466;TL;743542;N466;N-967;TR00000000005567696
nt467;TL;743543;N467;N-968;TR00000000005567697
nt468;TL;743544;N468;N-969;TR00000000005567698
nt469;TL;743545;N469;N-970;TR00000000005567699
nt470;TL;743546;N470;N-971;TR00000000005567700
nt471;TL;743547;N471;N-972;TR00000000005567701
nt472;TL;743548;N472;N-973;TR00000000005567702
nt473;TL;743549;N473;N-974;TR00000000005567703
nt474;TL;743550;N474;N-975;TR00000000005567704
nt475;TL;743551;N475;N-976;TR00000000005567705
nt476;TL;743552;N476;N-977;TR00000000005567706
nt477;TL;743553;N477;N-978;TR00000000005567707
nt478;TL;743554;N478;N-979;TR00000000005567708
nt479;TL;743555;N479;N-980;TR00000000005567709
nt480;TL;743556;N480;N-981;TR00000000005567710
nt481;TL;743557;N481;N-982;TR00000000005567711
nt482;TL;743558;N482;N-983;TR00000000005567712
nt483;TL;743559;N483;N-984;TR00000000005567713
nt484;TL;743560;N484;N-985;TR00000000005567714
nt485;TL;743561;N485;N-986;TR00000000005567715
nt486;TL;743562;N486;N-987;TR00000000005567716
nt487;TL;743563;N487;N-988;TR00000000005567717
nt488;TL;743564;N488;N-989;TR00000000005567718
nt489;TL;743565;N489;N-990;TR00000000005567719
nt490;TL;743566;N490;N-991;TR00000000005567720
nt491;TL;743567;N491;N-992;TR00000000005567721
nt492;TL;743568;N492;N-993;TR00000000005567722
nt493;TL;743569;N493;N-994;TR00000000005567723
nt494;TL;743570;N494;N-995;TR00000000005567724
nt495;TL;743571;N495;N-996;TR00000000005567725
nt496;TL;743572;N496;N-997;TR00000000005567726
nt497;TL;743573;N497;N-998;TR00000000005567727
nt498;TL;743574;N498;N-999;TR00000000005567728
nt499;TL;743575;N499;N-1000;TR00000000005567729
nt500;TL;743576;N500;N-1001;TR00000000005567730
nt501;TL;743577;N501;N-1002;TR00000000005567731
nt502;TL;743578;N502;N-1003;TR00000000005567732
nt503;TL;743579;N503;N-1004;TR00000000005567733
nt504;TL;743580;N504;N-1005;TR00000000005567734
nt505;TL;743581;N505;N-1006;TR00000000005567735
nt506;TL;743582;N506;N-1007;TR00000000005567736
nt507;TL;743583;N507;N-1008;TR00000000005567737
nt508;TL;743584;N508;N-1009;TR00000000005567738
nt509;TL;743585;N509;N-1010;TR00000000005567739
nt510;TL;743586;N510;N-1011;TR00000000005567740
nt511;TL;743587;N511;N-1012;TR00000000005567741
nt512;TL;743588;N512;N-1013;TR00000000005567742
nt513;TL;743589;N513;N-1014;TR00000000005567743
nt514;TL;743590;N514;N-1015;TR00000000005567744
nt515;TL;743591;N515;N-1016;TR00000000005567745
nt516;TL;743592;N516;N-1017;TR00000000005567746
nt517;TL;743593;N517;N-1018;TR00000000005567747
nt518;TL;743594;N518;N-1019;TR00000000005567748
nt519;TL;743595;N519;N-1020;TR00000000005567749
nt520;TL;743596;N520;N-1021;TR00000000005567750
nt521;TL;743597;N521;N-1022;TR00000000005567751
nt522;TL;743598;N522;N-1023;TR00000000005567752
nt523;TL;743599;N523;N-1024;TR00000000005567753
nt524;TL;743600;N524;N-1025;TR00000000005567754
nt525;TL;743601;N525;N-1026;TR00000000005567755
nt526;TL;743602;N526;N-1027;TR00000000005567756
nt527;TL;743603;N527;N-1028;TR00000000005567757
nt528;TL;743604;N528;N-1029;TR00000000005567758
nt529;TL;743605;N529;N-1030;TR00000000005567759
nt530;TL;743606;N530;N-1031;TR00000000005567760
nt531;TL;743607;N531;N-1032;TR00000000005567761
nt532;TL;743608;N532;N-1033;TR00000000005567762
nt533;TL;743609;N533;N-1034;TR00000000005567763
nt534;TL;743610;N534;N-1035;TR00000000005567764
nt535;TL;743611;N535;N-1036;TR00000000005567765
nt536;TL;743612;N536;N-1037;TR00000000005567766
nt537;TL;743613;N537;N-1038;TR00000000005567767
nt538;TL;743614;N538;N-1039;TR00000000005567768
nt539;TL;743615;N539;N-1040;TR00000000005567769
nt540;TL;743616;N540;N-1041;TR00000000005567770
nt541;TL;743617;N541;N-1042;TR00000000005567771
nt542;TL;743618;N542;N-1043;TR00000000005567772
nt543;TL;743619;N543;N-1044;TR00000000005567773
nt544;TL;743620;N544;N-1045;TR00000000005567774
nt545;TL;743621;N545;N-1046;TR00000000005567775
nt546;TL;743622;N546;N-1047;TR00000000005567776
nt547;TL;743623;N547;N-1048;TR00000000005567777
nt548;TL;743624;N548;N-1049;TR00000000005567778
nt549;TL;743625;N549;N-1050;TR00000000005567779
nt550;TL;743626;N550;N-1051;TR00000000005567780
nt551;TL;743627;N551;N-1052;TR00000000005567781
nt552;TL;743628;N552;N-1053;TR00000000005567782
nt553;TL;743629;N553;N-1054;TR00000000005567783
nt554;TL;743630;N554;N-1055;TR00000000005567784
nt555;TL;743631;N555;N-1056;TR00000000005567785
nt556;TL;743632;N556;N-1057;TR00000000005567786
nt557;TL;743633;N557;N-1058;TR00000000005567787
nt558;TL;743634;N558;N-1059;TR00000000005567788
nt559;TL;743635;N559;N-1060;TR00000000005567789
nt560;TL;743636;N560;N-1061;TR00000000005567790
nt561;TL;743637;N561;N-1062;TR00000000005567791
nt562;TL;743638;N562;N-1063;TR00000000005567792
nt563;TL;743639;N563;N-1064;TR00000000005567793
nt564;TL;743640;N564;N-1065;TR00000000005567794
nt565;TL;743641;N565;N-1066;TR00000000005567795
nt566;TL;743642;N566;N-1067;TR00000000005567796
nt567;TL;743643;N567;N-1068;TR00000000005567797
nt568;TL;743644;N568;N-1069;TR00000000005567798
nt569;TL;743645;N569;N-1070;TR00000000005567799
nt570;TL;743646;N570;N-1071;TR00000000005567800
nt571;TL;743647;N571;N-1072;TR00000000005567801
nt572;TL;743648;N572;N-1073;TR00000000005567802
nt573;TL;743649;N573;N-1074;TR00000000005567803
nt574;TL;743650;N574;N-1075;TR00000000005567804
nt575;TL;743651;N575;N-1076;TR00000000005567805
nt576;TL;743652;N576;N-1077;TR00000000005567806
nt577;TL;743653;N577;N-1078;TR00000000005567807
nt578;TL;743654;N578;N-1079;TR00000000005567808
nt579;TL;743655;N579;N-1080;TR00000000005567809
nt580;TL;743656;N580;N-1081;TR00000000005567810
nt581;TL;743657;N581;N-1082;TR00000000005567811
nt582;TL;743658;N582;N-1083;TR00000000005567812
nt583;TL;743659;N583;N-1084;TR00000000005567813
nt584;TL;743660;N584;N-1085;TR00000000005567814
nt585;TL;743661;N585;N-1086;TR00000000005567815
nt586;TL;743662;N586;N-1087;TR00000000005567816
nt587;TL;743663;N587;N-1088;TR00000000005567817
nt588;TL;743664;N588;N-1089;TR00000000005567818
nt589;TL;743665;N589;N-1090;TR00000000005567819
nt590;TL;743666;N590;N-1091;TR00000000005567820
nt591;TL;743667;N591;N-1092;TR00000000005567821
nt592;TL;743668;N592;N-1093;TR00000000005567822
nt593;TL;743669;N593;N-1094;TR00000000005567823
nt594;TL;743670;N594;N-1095;TR00000000005567824
nt595;TL;743671;N595;N-1096;TR00000000005567825
nt596;TL;743672;N596;N-1097;TR00000000005567826
nt597;TL;743673;N597;N-1098;TR00000000005567827
nt598;TL;743674;N598;N-1099;TR00000000005567828
nt599;TL;743675;N599;N-1100;TR00000000005567829
nt600;TL;743676;N600;N-1101;TR00000000005567830
nt601;TL;743677;N601;N-1102;TR00000000005567831
nt602;TL;743678;N602;N-1103;TR00000000005567832
nt603;TL;743679;N603;N-1104;TR00000000005567833
nt604;TL;743680;N604;N-1105;TR00000000005567834
nt605;TL;743681;N605;N-1106;TR00000000005567835
nt606;TL;743682;N606;N-1107;TR00000000005567836
nt607;TL;743683;N607;N-1108;TR00000000005567837
nt608;TL;743684;N608;N-1109;TR00000000005567838
nt609;TL;743685;N609;N-1110;TR00000000005567839
nt610;TL;743686;N610;N-1111;TR00000000005567840
nt611;TL;743687;N611;N-1112;TR00000000005567841
nt612;TL;743688;N612;N-1113;TR00000000005567842
nt613;TL;743689;N613;N-1114;TR00000000005567843
nt614;TL;743690;N614;N-1115;TR00000000005567844
nt615;TL;743691;N615;N-1116;TR00000000005567845
nt616;TL;743692;N616;N-1117;TR00000000005567846
nt617;TL;743693;N617;N-1118;TR00000000005567847
nt618;TL;743694;N618;N-1119;TR00000000005567848
nt619;TL;743695;N619;N-1120;TR00000000005567849
nt620;TL;743696;N620;N-1121;TR00000000005567850
nt621;TL;743697;N621;N-1122;TR00000000005567851
nt622;TL;743698;N622;N-1123;TR00000000005567852
nt623;TL;743699;N623;N-1124;TR00000000005567853
nt624;TL;743700;N624;N-1125;TR00000000005567854
nt625;TL;743701;N625;N-1126;TR00000000005567855
nt626;TL;743702;N626;N-1127;TR00000000005567856
nt627;TL;743703;N627;N-1128;TR00000000005567857
nt628;TL;743704;N628;N-1129;TR00000000005567858
nt629;TL;743705;N629;N-1130;TR00000000005567859
nt630;TL;743706;N630;N-1131;TR00000000005567860
nt631;TL;743707;N631;N-1132;TR00000000005567861
nt632;TL;743708;N632;N-1133;TR00000000005567862
nt633;TL;743709;N633;N-1134;TR00000000005567863
nt634;TL;743710;N634;N-1135;TR00000000005567864
nt635;TL;743711;N635;N-1136;TR00000000005567865
nt636;TL;743712;N636;N-1137;TR00000000005567866
nt637;TL;743713;N637;N-1138;TR00000000005567867
nt638;TL;743714;N638;N-1139;TR00000000005567868
nt639;TL;743715;N639;N-1140;TR00000000005567869
nt640;TL;743716;N640;N-1141;TR00000000005567870
nt641;TL;743717;N641;N-1142;TR00000000005567871
nt642;TL;743718;N642;N-1143;TR00000000005567872
nt643;TL;743719;N643;N-1144;TR00000000005567873
nt644;TL;743720;N644;N-1145;TR00000000005567874
nt645;TL;743721;N645;N-1146;TR00000000005567875
nt646;TL;743722;N646;N-1147;TR00000000005567876
nt647;TL;743723;N647;N-1148;TR00000000005567877
nt648;TL;743724;N648;N-1149;TR00000000005567878
nt649;TL;743725;N649;N-1150;TR00000000005567879
nt650;TL;743726;N650;N-1151;TR00000000005567880
nt651;TL;743727;N651;N-1152;TR00000000005567881
nt652;TL;743728;N652;N-1153;TR00000000005567882
nt653;TL;743729;N653;N-1154;TR00000000005567883
nt654;TL;743730;N654;N-1155;TR00000000005567884
nt655;TL;743731;N655;N-1156;TR00000000005567885
nt656;TL;743732;N656;N-1157;TR00000000005567886
nt657;TL;743733;N657;N-1158;TR00000000005567887
nt658;TL;743734;N658;N-1159;TR00000000005567888
nt659;TL;743735;N659;N-1160;TR00000000005567889
nt660;TL;743736;N660;N-1161;TR00000000005567890
nt661;TL;743737;N661;N-1162;TR00000000005567891
nt662;TL;743738;N662;N-1163;TR00000000005567892
nt663;TL;743739;N663;N-1164;TR00000000005567893
nt664;TL;743740;N664;N-1165;TR00000000005567894
nt665;TL;743741;N665;N-1166;TR00000000005567895
nt666;TL;743742;N666;N-1167;TR00000000005567896
nt667;TL;743743;N667;N-1168;TR00000000005567897
nt668;TL;743744;N668;N-1169;TR00000000005567898
nt669;TL;743745;N669;N-1170;TR00000000005567899
nt670;TL;743746;N670;N-1171;TR00000000005567900
nt671;TL;743747;N671;N-1172;TR00000000005567901
nt672;TL;743748;N672;N-1173;TR00000000005567902
nt673;TL;743749;N673;N-1174;TR00000000005567903
nt674;TL;743750;N674;N-1175;TR00000000005567904
nt675;TL;743751;N675;N-1176;TR00000000005567905
nt676;TL;743752;N676;N-1177;TR00000000005567906
nt677;TL;743753;N677;N-1178;TR00000000005567907
nt678;TL;743754;N678;N-1179;TR00000000005567908
nt679;TL;743755;N679;N-1180;TR00000000005567909
nt680;TL;743756;N680;N-1181;TR00000000005567910
nt681;TL;743757;N681;N-1182;TR00000000005567911
nt682;TL;743758;N682;N-1183;TR00000000005567912
nt683;TL;743759;N683;N-1184;TR00000000005567913
nt684;TL;743760;N684;N-1185;TR00000000005567914
nt685;TL;743761;N685;N-1186;TR00000000005567915
nt686;TL;743762;N686;N-1187;TR00000000005567916
nt687;TL;743763;N687;N-1188;TR00000000005567917
nt688;TL;743764;N688;N-1189;TR00000000005567918
nt689;TL;743765;N689;N-1190;TR00000000005567919
nt690;TL;743766;N690;N-1191;TR00000000005567920
nt691;TL;743767;N691;N-1192;TR00000000005567921
nt692;TL;743768;N692;N-1193;TR00000000005567922
nt693;TL;743769;N693;N-1194;TR00000000005567923
nt694;TL;743770;N694;N-1195;TR00000000005567924
nt695;TL;743771;N695;N-1196;TR00000000005567925
nt696;TL;743772;N696;N-1197;TR00000000005567926
nt697;TL;743773;N697;N-1198;TR00000000005567927
nt698;TL;743774;N698;N-1199;TR00000000005567928
nt699;TL;743775;N699;N-1200;TR00000000005567929
nt700;TL;743776;N700;N-1201;TR00000000005567930
nt701;TL;743777;N701;N-1202;TR00000000005567931
nt702;TL;743778;N702;N-1203;TR00000000005567932
nt703;TL;743779;N703;N-1204;TR00000000005567933
nt704;TL;743780;N704;N-1205;TR00000000005567934
nt705;TL;743781;N705;N-1206;TR00000000005567935
nt706;TL;743782;N706;N-1207;TR00000000005567936
nt707;TL;743783;N707;N-1208;TR00000000005567937
nt708;TL;743784;N708;N-1209;TR00000000005567938
nt709;TL;743785;N709;N-1210;TR00000000005567939
nt710;TL;743786;N710;N-1211;TR00000000005567940
nt711;TL;743787;N711;N-1212;TR00000000005567941
nt712;TL;743788;N712;N-1213;TR00000000005567942
nt713;TL;743789;N713;N-1214;TR00000000005567943
nt714;TL;743790;N714;N-1215;TR00000000005567944
nt715;TL;743791;N715;N-1216;TR00000000005567945
nt716;TL;743792;N716;N-1217;TR00000000005567946
nt717;TL;743793;N717;N-1218;TR00000000005567947
nt718;TL;743794;N718;N-1219;TR00000000005567948
nt719;TL;743795;N719;N-1220;TR00000000005567949
nt720;TL;743796;N720;N-1221;TR00000000005567950
nt721;TL;743797;N721;N-1222;TR00000000005567951
nt722;TL;743798;N722;N-1223;TR00000000005567952
nt723;TL;743799;N723;N-1224;TR00000000005567953
nt724;TL;743800;N724;N-1225;TR00000000005567954
nt725;TL;743801;N725;N-1226;TR00000000005567955
nt726;TL;743802;N726;N-1227;TR00000000005567956
nt727;TL;743803;N727;N-1228;TR00000000005567957
nt728;TL;743804;N728;N-1229;TR00000000005567958
nt729;TL;743805;N729;N-1230;TR00000000005567959
nt730;TL;743806;N730;N-1231;TR00000000005567960
nt731;TL;743807;N731;N-1232;TR00000000005567961
nt732;TL;743808;N732;N-1233;TR00000000005567962
nt733;TL;743809;N733;N-1234;TR00000000005567963
nt734;TL;743810;N734;N-1235;TR00000000005567964
nt735;TL;743811;N735;N-1236;TR00000000005567965
nt736;TL;743812;N736;N-1237;TR00000000005567966
nt737;TL;743813;N737;N-1238;TR00000000005567967
nt738;TL;743814;N738;N-1239;TR00000000005567968
nt739;TL;743815;N739;N-1240;TR00000000005567969
nt740;TL;743816;N740;N-1241;TR00000000005567970
nt741;TL;743817;N741;N-1242;TR00000000005567971
nt742;TL;743818;N742;N-1243;TR00000000005567972
nt743;TL;743819;N743;N-1244;TR00000000005567973
nt744;TL;743820;N744;N-1245;TR00000000005567974
nt745;TL;743821;N745;N-1246;TR00000000005567975
nt746;TL;743822;N746;N-1247;TR00000000005567976
nt747;TL;743823;N747;N-1248;TR00000000005567977
nt748;TL;743824;N748;N-1249;TR00000000005567978
nt749;TL;743825;N749;N-1250;TR00000000005567979
nt750;TL;743826;N750;N-1251;TR00000000005567980
nt751;TL;743827;N751;N-1252;TR00000000005567981
nt752;TL;743828;N752;N-1253;TR00000000005567982
nt753;TL;743829;N753;N-1254;TR00000000005567983
nt754;TL;743830;N754;N-1255;TR00000000005567984
nt755;TL;743831;N755;N-1256;TR00000000005567985
nt756;TL;743832;N756;N-1257;TR00000000005567986
nt757;TL;743833;N757;N-1258;TR00000000005567987
nt758;TL;743834;N758;N-1259;TR00000000005567988
nt759;TL;743835;N759;N-1260;TR00000000005567989
nt760;TL;743836;N760;N-1261;TR00000000005567990
nt761;TL;743837;N761;N-1262;TR00000000005567991
nt762;TL;743838;N762;N-1263;TR00000000005567992
nt763;TL;743839;N763;N-1264;TR00000000005567993
nt764;TL;743840;N764;N-1265;TR00000000005567994
nt765;TL;743841;N765;N-1266;TR00000000005567995
nt766;TL;743842;N766;N-1267;TR00000000005567996
nt767;TL;743843;N767;N-1268;TR00000000005567997
nt768;TL;743844;N768;N-1269;TR00000000005567998
nt769;TL;743845;N769;N-1270;TR00000000005567999
nt770;TL;743846;N770;N-1271;TR00000000005568000
nt771;TL;743847;N771;N-1272;TR00000000005568001
nt772;TL;743848;N772;N-1273;TR00000000005568002
nt773;TL;743849;N773;N-1274;TR00000000005568003
nt774;TL;743850;N774;N-1275;TR00000000005568004
nt775;TL;743851;N775;N-1276;TR00000000005568005
nt776;TL;743852;N776;N-1277;TR00000000005568006
nt777;TL;743853;N777;N-1278;TR00000000005568007
nt778;TL;743854;N778;N-1279;TR00000000005568008
nt779;TL;743855;N779;N-1280;TR00000000005568009
nt780;TL;743856;N780;N-1281;TR00000000005568010
nt781;TL;743857;N781;N-1282;TR00000000005568011
nt782;TL;743858;N782;N-1283;TR00000000005568012
nt783;TL;743859;N783;N-1284;TR00000000005568013
nt784;TL;743860;N784;N-1285;TR00000000005568014
nt785;TL;743861;N785;N-1286;TR00000000005568015
nt786;TL;743862;N786;N-1287;TR00000000005568016
nt787;TL;743863;N787;N-1288;TR00000000005568017
nt788;TL;743864;N788;N-1289;TR00000000005568018
nt789;TL;743865;N789;N-1290;TR00000000005568019
nt790;TL;743866;N790;N-1291;TR00000000005568020
nt791;TL;743867;N791;N-1292;TR00000000005568021
nt792;TL;743868;N792;N-1293;TR00000000005568022
nt793;TL;743869;N793;N-1294;TR00000000005568023
nt794;TL;743870;N794;N-1295;TR00000000005568024
nt795;TL;743871;N795;N-1296;TR00000000005568025
nt796;TL;743872;N796;N-1297;TR00000000005568026
nt797;TL;743873;N797;N-1298;TR00000000005568027
nt798;TL;743874;N798;N-1299;TR00000000005568028
nt799;TL;743875;N799;N-1300;TR00000000005568029
nt800;TL;743876;N800;N-1301;TR00000000005568030
nt801;TL;743877;N801;N-1302;TR00000000005568031
nt802;TL;743878;N802;N-1303;TR00000000005568032
nt803;TL;743879;N803;N-1304;TR00000000005568033
nt804;TL;743880;N804;N-1305;TR00000000005568034
nt805;TL;743881;N805;N-1306;TR00000000005568035
nt806;TL;743882;N806;N-1307;TR00000000005568036
nt807;TL;743883;N807;N-1308;TR00000000005568037
nt808;TL;743884;N808;N-1309;TR00000000005568038
nt809;TL;743885;N809;N-1310;TR00000000005568039
nt810;TL;743886;N810;N-1311;TR00000000005568040
nt811;TL;743887;N811;N-1312;TR00000000005568041
nt812;TL;743888;N812;N-1313;TR00000000005568042
nt813;TL;743889;N813;N-1314;TR00000000005568043
nt814;TL;743890;N814;N-1315;TR00000000005568044
nt815;TL;743891;N815;N-1316;TR00000000005568045
nt816;TL;743892;N816;N-1317;TR00000000005568046
nt817;TL;743893;N817;N-1318;TR00000000005568047
nt818;TL;743894;N818;N-1319;TR00000000005568048
nt819;TL;743895;N819;N-1320;TR00000000005568049
nt820;TL;743896;N820;N-1321;TR00000000005568050
nt821;TL;743897;N821;N-1322;TR00000000005568051
nt822;TL;743898;N822;N-1323;TR00000000005568052
nt823;TL;743899;N823;N-1324;TR00000000005568053
nt824;TL;743900;N824;N-1325;TR00000000005568054
nt825;TL;743901;N825;N-1326;TR00000000005568055
nt826;TL;743902;N826;N-1327;TR00000000005568056
nt827;TL;743903;N827;N-1328;TR00000000005568057
nt828;TL;743904;N828;N-1329;TR00000000005568058
nt829;TL;743905;N829;N-1330;TR00000000005568059
nt830;TL;743906;N830;N-1331;TR00000000005568060
nt831;TL;743907;N831;N-1332;TR00000000005568061
nt832;TL;743908;N832;N-1333;TR00000000005568062
nt833;TL;743909;N833;N-1334;TR00000000005568063
nt834;TL;743910;N834;N-1335;TR00000000005568064
nt835;TL;743911;N835;N-1336;TR00000000005568065
nt836;TL;743912;N836;N-1337;TR00000000005568066
nt837;TL;743913;N837;N-1338;TR00000000005568067
nt838;TL;743914;N838;N-1339;TR00000000005568068
nt839;TL;743915;N839;N-1340;TR00000000005568069
nt840;TL;743916;N840;N-1341;TR00000000005568070
nt841;TL;743917;N841;N-1342;TR00000000005568071
nt842;TL;743918;N842;N-1343;TR00000000005568072
nt843;TL;743919;N843;N-1344;TR00000000005568073
nt844;TL;743920;N844;N-1345;TR00000000005568074
nt845;TL;743921;N845;N-1346;TR00000000005568075
nt846;TL;743922;N846;N-1347;TR00000000005568076
nt847;TL;743923;N847;N-1348;TR00000000005568077
nt848;TL;743924;N848;N-1349;TR00000000005568078
nt849;TL;743925;N849;N-1350;TR00000000005568079
nt850;TL;743926;N850;N-1351;TR00000000005568080
nt851;TL;743927;N851;N-1352;TR00000000005568081
nt852;TL;743928;N852;N-1353;TR00000000005568082
nt853;TL;743929;N853;N-1354;TR00000000005568083
nt854;TL;743930;N854;N-1355;TR00000000005568084
nt855;TL;743931;N855;N-1356;TR00000000005568085
nt856;TL;743932;N856;N-1357;TR00000000005568086
nt857;TL;743933;N857;N-1358;TR00000000005568087
nt858;TL;743934;N858;N-1359;TR00000000005568088
nt859;TL;743935;N859;N-1360;TR00000000005568089
nt860;TL;743936;N860;N-1361;TR00000000005568090
nt861;TL;743937;N861;N-1362;TR00000000005568091
nt862;TL;743938;N862;N-1363;TR00000000005568092
nt863;TL;743939;N863;N-1364;TR00000000005568093
nt864;TL;743940;N864;N-1365;TR00000000005568094
nt865;TL;743941;N865;N-1366;TR00000000005568095
nt866;TL;743942;N866;N-1367;TR00000000005568096
nt867;TL;743943;N867;N-1368;TR00000000005568097
nt868;TL;743944;N868;N-1369;TR00000000005568098
nt869;TL;743945;N869;N-1370;TR00000000005568099
nt870;TL;743946;N870;N-1371;TR00000000005568100
nt871;TL;743947;N871;N-1372;TR00000000005568101
nt872;TL;743948;N872;N-1373;TR00000000005568102
nt873;TL;743949;N873;N-1374;TR00000000005568103
nt874;TL;743950;N874;N-1375;TR00000000005568104
nt875;TL;743951;N875;N-1376;TR00000000005568105
nt876;TL;743952;N876;N-1377;TR00000000005568106
nt877;TL;743953;N877;N-1378;TR00000000005568107
nt878;TL;743954;N878;N-1379;TR00000000005568108
nt879;TL;743955;N879;N-1380;TR00000000005568109
nt880;TL;743956;N880;N-1381;TR00000000005568110
nt881;TL;743957;N881;N-1382;TR00000000005568111
nt882;TL;743958;N882;N-1383;TR00000000005568112
nt883;TL;743959;N883;N-1384;TR00000000005568113
nt884;TL;743960;N884;N-1385;TR00000000005568114
nt885;TL;743961;N885;N-1386;TR00000000005568115
nt886;TL;743962;N886;N-1387;TR00000000005568116
nt887;TL;743963;N887;N-1388;TR00000000005568117
nt888;TL;743964;N888;N-1389;TR00000000005568118
nt889;TL;743965;N889;N-1390;TR00000000005568119
nt890;TL;743966;N890;N-1391;TR00000000005568120
nt891;TL;743967;N891;N-1392;TR00000000005568121
nt892;TL;743968;N892;N-1393;TR00000000005568122
nt893;TL;743969;N893;N-1394;TR00000000005568123
nt894;TL;743970;N894;N-1395;TR00000000005568124
nt895;TL;743971;N895;N-1396;TR00000000005568125
nt896;TL;743972;N896;N-1397;TR00000000005568126
nt897;TL;743973;N897;N-1398;TR00000000005568127
nt898;TL;743974;N898;N-1399;TR00000000005568128
nt899;TL;743975;N899;N-1400;TR00000000005568129
nt900;TL;743976;N900;N-1401;TR00000000005568130
nt901;TL;743977;N901;N-1402;TR00000000005568131
nt902;TL;743978;N902;N-1403;TR00000000005568132
nt903;TL;743979;N903;N-1404;TR00000000005568133
nt904;TL;743980;N904;N-1405;TR00000000005568134
nt905;TL;743981;N905;N-1406;TR00000000005568135
nt906;TL;743982;N906;N-1407;TR00000000005568136
nt907;TL;743983;N907;N-1408;TR00000000005568137
nt908;TL;743984;N908;N-1409;TR00000000005568138
nt909;TL;743985;N909;N-1410;TR00000000005568139
nt910;TL;743986;N910;N-1411;TR00000000005568140
nt911;TL;743987;N911;N-1412;TR00000000005568141
nt912;TL;743988;N912;N-1413;TR00000000005568142
nt913;TL;743989;N913;N-1414;TR00000000005568143
nt914;TL;743990;N914;N-1415;TR00000000005568144
nt915;TL;743991;N915;N-1416;TR00000000005568145
nt916;TL;743992;N916;N-1417;TR00000000005568146
nt917;TL;743993;N917;N-1418;TR00000000005568147
nt918;TL;743994;N918;N-1419;TR00000000005568148
nt919;TL;743995;N919;N-1420;TR00000000005568149
nt920;TL;743996;N920;N-1421;TR00000000005568150
nt921;TL;743997;N921;N-1422;TR00000000005568151
nt922;TL;743998;N922;N-1423;TR00000000005568152
nt923;TL;743999;N923;N-1424;TR00000000005568153
nt924;TL;744000;N924;N-1425;TR00000000005568154
nt925;TL;744001;N925;N-1426;TR00000000005568155
nt926;TL;744002;N926;N-1427;TR00000000005568156
nt927;TL;744003;N927;N-1428;TR00000000005568157
nt928;TL;744004;N928;N-1429;TR00000000005568158
nt929;TL;744005;N929;N-1430;TR00000000005568159
nt930;TL;744006;N930;N-1431;TR00000000005568160
nt931;TL;744007;N931;N-1432;TR00000000005568161
nt932;TL;744008;N932;N-1433;TR00000000005568162
nt933;TL;744009;N933;N-1434;TR00000000005568163
nt934;TL;744010;N934;N-1435;TR00000000005568164
nt935;TL;744011;N935;N-1436;TR00000000005568165
nt936;TL;744012;N936;N-1437;TR00000000005568166
nt937;TL;744013;N937;N-1438;TR00000000005568167
nt938;TL;744014;N938;N-1439;TR00000000005568168
nt939;TL;744015;N939;N-1440;TR00000000005568169
nt940;TL;744016;N940;N-1441;TR00000000005568170
nt941;TL;744017;N941;N-1442;TR00000000005568171
nt942;TL;744018;N942;N-1443;TR00000000005568172
nt943;TL;744019;N943;N-1444;TR00000000005568173
nt944;TL;744020;N944;N-1445;TR00000000005568174
nt945;TL;744021;N945;N-1446;TR00000000005568175
nt946;TL;744022;N946;N-1447;TR00000000005568176
nt947;TL;744023;N947;N-1448;TR00000000005568177
nt948;TL;744024;N948;N-1449;TR00000000005568178
nt949;TL;744025;N949;N-1450;TR00000000005568179
nt950;TL;744026;N950;N-1451;TR00000000005568180
nt951;TL;744027;N951;N-1452;TR00000000005568181
nt952;TL;744028;N952;N-1453;TR00000000005568182
nt953;TL;744029;N953;N-1454;TR00000000005568183
nt954;TL;744030;N954;N-1455;TR00000000005568184
nt955;TL;744031;N955;N-1456;TR00000000005568185
nt956;TL;744032;N956;N-1457;TR00000000005568186
nt957;TL;744033;N957;N-1458;TR00000000005568187
nt958;TL;744034;N958;N-1459;TR00000000005568188
nt959;TL;744035;N959;N-1460;TR00000000005568189
nt960;TL;744036;N960;N-1461;TR00000000005568190
nt961;TL;744037;N961;N-1462;TR00000000005568191
nt962;TL;744038;N962;N-1463;TR00000000005568192
nt963;TL;744039;N963;N-1464;TR00000000005568193
nt964;TL;744040;N964;N-1465;TR00000000005568194
nt965;TL;744041;N965;N-1466;TR00000000005568195
nt966;TL;744042;N966;N-1467;TR00000000005568196
nt967;TL;744043;N967;N-1468;TR00000000005568197
nt968;TL;744044;N968;N-1469;TR00000000005568198
nt969;TL;744045;N969;N-1470;TR00000000005568199
nt970;TL;744046;N970;N-1471;TR00000000005568200
nt971;TL;744047;N971;N-1472;TR00000000005568201
nt972;TL;744048;N972;N-1473;TR00000000005568202
nt973;TL;744049;N973;N-1474;TR00000000005568203
nt974;TL;744050;N974;N-1475;TR00000000005568204
nt975;TL;744051;N975;N-1476;TR00000000005568205
nt976;TL;744052;N976;N-1477;TR00000000005568206
nt977;TL;744053;N977;N-1478;TR00000000005568207
nt978;TL;744054;N978;N-1479;TR00000000005568208
nt979;TL;744055;N979;N-1480;TR00000000005568209
nt980;TL;744056;N980;N-1481;TR00000000005568210
nt981;TL;744057;N981;N-1482;TR00000000005568211
nt982;TL;744058;N982;N-1483;TR00000000005568212
nt983;TL;744059;N983;N-1484;TR00000000005568213
nt984;TL;744060;N984;N-1485;TR00000000005568214
nt985;TL;744061;N985;N-1486;TR00000000005568215
nt986;TL;744062;N986;N-1487;TR00000000005568216
nt987;TL;744063;N987;N-1488;TR00000000005568217
nt988;TL;744064;N988;N-1489;TR00000000005568218
nt989;TL;744065;N989;N-1490;TR00000000005568219
nt990;TL;744066;N990;N-1491;TR00000000005568220
nt991;TL;744067;N991;N-1492;TR00000000005568221
nt992;TL;744068;N992;N-1493;TR00000000005568222
nt993;TL;744069;N993;N-1494;TR00000000005568223
nt994;TL;744070;N994;N-1495;TR00000000005568224
nt995;TL;744071;N995;N-1496;TR00000000005568225
nt996;TL;744072;N996;N-1497;TR00000000005568226
nt997;TL;744073;N997;N-1498;TR00000000005568227
nt998;TL;744074;N998;N-1499;TR00000000005568228
nt999;TL;744075;N999;N-1500;TR00000000005568229
nt1000;TL;744076;N1000;N-1501;TR00000000005568230
nt1001;TL;744077;N1001;N-1502;TR00000000005568231
nt1002;TL;744078;N1002;N-1503;TR00000000005568232
nt1003;TL;744079;N1003;N-1504;TR00000000005568233
nt1004;TL;744080;N1004;N-1505;TR00000000005568234
nt1005;TL;744081;N1005;N-1506;TR00000000005568235
nt1006;TL;744082;N1006;N-1507;TR00000000005568236
nt1007;TL;744083;N1007;N-1508;TR00000000005568237
nt1008;TL;744084;N1008;N-1509;TR00000000005568238
nt1009;TL;744085;N1009;N-1510;TR00000000005568239
nt1010;TL;744086;N1010;N-1511;TR00000000005568240
nt1011;TL;744087;N1011;N-1512;TR00000000005568241
nt1012;TL;744088;N1012;N-1513;TR00000000005568242
nt1013;TL;744089;N1013;N-1514;TR00000000005568243
nt1014;TL;744090;N1014;N-1515;TR00000000005568244
nt1015;TL;744091;N1015;N-1516;TR00000000005568245
nt1016;TL;744092;N1016;N-1517;TR00000000005568246
nt1017;TL;744093;N1017;N-1518;TR00000000005568247
nt1018;TL;744094;N1018;N-1519;TR00000000005568248
nt1019;TL;744095;N1019;N-1520;TR00000000005568249
nt1020;TL;744096;N1020;N-1521;TR00000000005568250
nt1021;TL;744097;N1021;N-1522;TR00000000005568251
nt1022;TL;744098;N1022;N-1523;TR00000000005568252
nt1023;TL;744099;N1023;N-1524;TR00000000005568253
nt1024;TL;744100;N1024;N-1525;TR00000000005568254
nt1025;TL;744101;N1025;N-1526;TR00000000005568255
nt1026;TL;744102;N1026;N-1527;TR00000000005568256
nt1027;TL;744103;N1027;N-1528;TR00000000005568257
nt1028;TL;744104;N1028;N-1529;TR00000000005568258
nt1029;TL;744105;N1029;N-1530;TR00000000005568259
nt1030;TL;744106;N1030;N-1531;TR00000000005568260
nt1031;TL;744107;N1031;N-1532;TR00000000005568261
nt1032;TL;744108;N1032;N-1533;TR00000000005568262
nt1033;TL;744109;N1033;N-1534;TR00000000005568263
nt1034;TL;744110;N1034;N-1535;TR00000000005568264
nt1035;TL;744111;N1035;N-1536;TR00000000005568265
nt1036;TL;744112;N1036;N-1537;TR00000000005568266
nt1037;TL;744113;N1037;N-1538;TR00000000005568267
nt1038;TL;744114;N1038;N-1539;TR00000000005568268
nt1039;TL;744115;N1039;N-1540;TR00000000005568269
nt1040;TL;744116;N1040;N-1541;TR00000000005568270
nt1041;TL;744117;N1041;N-1542;TR00000000005568271
nt1042;TL;744118;N1042;N-1543;TR00000000005568272
nt1043;TL;744119;N1043;N-1544;TR00000000005568273
nt1044;TL;744120;N1044;N-1545;TR00000000005568274
nt1045;TL;744121;N1045;N-1546;TR00000000005568275
nt1046;TL;744122;N1046;N-1547;TR00000000005568276
nt1047;TL;744123;N1047;N-1548;TR00000000005568277
nt1048;TL;744124;N1048;N-1549;TR00000000005568278
nt1049;TL;744125;N1049;N-1550;TR00000000005568279
nt1050;TL;744126;N1050;N-1551;TR00000000005568280
nt1051;TL;744127;N1051;N-1552;TR00000000005568281
nt1052;TL;744128;N1052;N-1553;TR00000000005568282
nt1053;TL;744129;N1053;N-1554;TR00000000005568283
nt1054;TL;744130;N1054;N-1555;TR00000000005568284
nt1055;TL;744131;N1055;N-1556;TR00000000005568285
nt1056;TL;744132;N1056;N-1557;TR00000000005568286
nt1057;TL;744133;N1057;N-1558;TR00000000005568287
nt1058;TL;744134;N1058;N-1559;TR00000000005568288
nt1059;TL;744135;N1059;N-1560;TR00000000005568289
nt1060;TL;744136;N1060;N-1561;TR00000000005568290
nt1061;TL;744137;N1061;N-1562;TR00000000005568291
nt1062;TL;744138;N1062;N-1563;TR00000000005568292
nt1063;TL;744139;N1063;N-1564;TR00000000005568293
nt1064;TL;744140;N1064;N-1565;TR00000000005568294
nt1065;TL;744141;N1065;N-1566;TR00000000005568295
nt1066;TL;744142;N1066;N-1567;TR00000000005568296
nt1067;TL;744143;N1067;N-1568;TR00000000005568297
nt1068;TL;744144;N1068;N-1569;TR00000000005568298
nt1069;TL;744145;N1069;N-1570;TR00000000005568299
nt1070;TL;744146;N1070;N-1571;TR00000000005568300
nt1071;TL;744147;N1071;N-1572;TR00000000005568301
nt1072;TL;744148;N1072;N-1573;TR00000000005568302
nt1073;TL;744149;N1073;N-1574;TR00000000005568303
nt1074;TL;744150;N1074;N-1575;TR00000000005568304
nt1075;TL;744151;N1075;N-1576;TR00000000005568305
nt1076;TL;744152;N1076;N-1577;TR00000000005568306
nt1077;TL;744153;N1077;N-1578;TR00000000005568307
nt1078;TL;744154;N1078;N-1579;TR00000000005568308
nt1079;TL;744155;N1079;N-1580;TR00000000005568309
nt1080;TL;744156;N1080;N-1581;TR00000000005568310
nt1081;TL;744157;N1081;N-1582;TR00000000005568311
nt1082;TL;744158;N1082;N-1583;TR00000000005568312
nt1083;TL;744159;N1083;N-1584;TR00000000005568313
nt1084;TL;744160;N1084;N-1585;TR00000000005568314
nt1085;TL;744161;N1085;N-1586;TR00000000005568315
nt1086;TL;744162;N1086;N-1587;TR00000000005568316
nt1087;TL;744163;N1087;N-1588;TR00000000005568317
nt1088;TL;744164;N1088;N-1589;TR00000000005568318
nt1089;TL;744165;N1089;N-1590;TR00000000005568319
nt1090;TL;744166;N1090;N-1591;TR00000000005568320
nt1091;TL;744167;N1091;N-1592;TR00000000005568321
nt1092;TL;744168;N1092;N-1593;TR00000000005568322
nt1093;TL;744169;N1093;N-1594;TR00000000005568323
nt1094;TL;744170;N1094;N-1595;TR00000000005568324
nt1095;TL;744171;N1095;N-1596;TR00000000005568325
nt1096;TL;744172;N1096;N-1597;TR00000000005568326
nt1097;TL;744173;N1097;N-1598;TR00000000005568327
nt1098;TL;744174;N1098;N-1599;TR00000000005568328
nt1099;TL;744175;N1099;N-1600;TR00000000005568329
nt1100;TL;744176;N1100;N-1601;TR00000000005568330
nt1101;TL;744177;N1101;N-1602;TR00000000005568331
nt1102;TL;744178;N1102;N-1603;TR00000000005568332
nt1103;TL;744179;N1103;N-1604;TR00000000005568333
nt1104;TL;744180;N1104;N-1605;TR00000000005568334
nt1105;TL;744181;N1105;N-1606;TR00000000005568335
nt1106;TL;744182;N1106;N-1607;TR00000000005568336
nt1107;TL;744183;N1107;N-1608;TR00000000005568337
nt1108;TL;744184;N1108;N-1609;TR00000000005568338
nt1109;TL;744185;N1109;N-1610;TR00000000005568339
nt1110;TL;744186;N1110;N-1611;TR00000000005568340
nt1111;TL;744187;N1111;N-1612;TR00000000005568341
nt1112;TL;744188;N1112;N-1613;TR00000000005568342
nt1113;TL;744189;N1113;N-1614;TR00000000005568343
nt1114;TL;744190;N1114;N-1615;TR00000000005568344
nt1115;TL;744191;N1115;N-1616;TR00000000005568345
nt1116;TL;744192;N1116;N-1617;TR00000000005568346
nt1117;TL;744193;N1117;N-1618;TR00000000005568347
nt1118;TL;744194;N1118;N-1619;TR00000000005568348
nt1119;TL;744195;N1119;N-1620;TR00000000005568349
nt1120;TL;744196;N1120;N-1621;TR00000000005568350
nt1121;TL;744197;N1121;N-1622;TR00000000005568351
nt1122;TL;744198;N1122;N-1623;TR00000000005568352
nt1123;TL;744199;N1123;N-1624;TR00000000005568353
nt1124;TL;744200;N1124;N-1625;TR00000000005568354
nt1125;TL;744201;N1125;N-1626;TR00000000005568355
nt1126;TL;744202;N1126;N-1627;TR00000000005568356
nt1127;TL;744203;N1127;N-1628;TR00000000005568357
nt1128;TL;744204;N1128;N-1629;TR00000000005568358
nt1129;TL;744205;N1129;N-1630;TR00000000005568359
nt1130;TL;744206;N1130;N-1631;TR00000000005568360
nt1131;TL;744207;N1131;N-1632;TR00000000005568361
nt1132;TL;744208;N1132;N-1633;TR00000000005568362
nt1133;TL;744209;N1133;N-1634;TR00000000005568363
nt1134;TL;744210;N1134;N-1635;TR00000000005568364
nt1135;TL;744211;N1135;N-1636;TR00000000005568365
nt1136;TL;744212;N1136;N-1637;TR00000000005568366
nt1137;TL;744213;N1137;N-1638;TR00000000005568367
nt1138;TL;744214;N1138;N-1639;TR00000000005568368
nt1139;TL;744215;N1139;N-1640;TR00000000005568369
nt1140;TL;744216;N1140;N-1641;TR00000000005568370
nt1141;TL;744217;N1141;N-1642;TR00000000005568371
nt1142;TL;744218;N1142;N-1643;TR00000000005568372
nt1143;TL;744219;N1143;N-1644;TR00000000005568373
nt1144;TL;744220;N1144;N-1645;TR00000000005568374
nt1145;TL;744221;N1145;N-1646;TR00000000005568375
nt1146;TL;744222;N1146;N-1647;TR00000000005568376
nt1147;TL;744223;N1147;N-1648;TR00000000005568377
nt1148;TL;744224;N1148;N-1649;TR00000000005568378
nt1149;TL;744225;N1149;N-1650;TR00000000005568379
nt1150;TL;744226;N1150;N-1651;TR00000000005568380
nt1151;TL;744227;N1151;N-1652;TR00000000005568381
nt1152;TL;744228;N1152;N-1653;TR00000000005568382
nt1153;TL;744229;N1153;N-1654;TR00000000005568383
nt1154;TL;744230;N1154;N-1655;TR00000000005568384
nt1155;TL;744231;N1155;N-1656;TR00000000005568385
nt1156;TL;744232;N1156;N-1657;TR00000000005568386
nt1157;TL;744233;N1157;N-1658;TR00000000005568387
nt1158;TL;744234;N1158;N-1659;TR00000000005568388
nt1159;TL;744235;N1159;N-1660;TR00000000005568389
nt1160;TL;744236;N1160;N-1661;TR00000000005568390
nt1161;TL;744237;N1161;N-1662;TR00000000005568391
nt1162;TL;744238;N1162;N-1663;TR00000000005568392
nt1163;TL;744239;N1163;N-1664;TR00000000005568393
nt1164;TL;744240;N1164;N-1665;TR00000000005568394
nt1165;TL;744241;N1165;N-1666;TR00000000005568395
nt1166;TL;744242;N1166;N-1667;TR00000000005568396
nt1167;TL;744243;N1167;N-1668;TR00000000005568397
nt1168;TL;744244;N1168;N-1669;TR00000000005568398
nt1169;TL;744245;N1169;N-1670;TR00000000005568399
nt1170;TL;744246;N1170;N-1671;TR00000000005568400
nt1171;TL;744247;N1171;N-1672;TR00000000005568401
nt1172;TL;744248;N1172;N-1673;TR00000000005568402
nt1173;TL;744249;N1173;N-1674;TR00000000005568403
nt1174;TL;744250;N1174;N-1675;TR00000000005568404
nt1175;TL;744251;N1175;N-1676;TR00000000005568405
nt1176;TL;744252;N1176;N-1677;TR00000000005568406
nt1177;TL;744253;N1177;N-1678;TR00000000005568407
nt1178;TL;744254;N1178;N-1679;TR00000000005568408
nt1179;TL;744255;N1179;N-1680;TR00000000005568409
nt1180;TL;744256;N1180;N-1681;TR00000000005568410
nt1181;TL;744257;N1181;N-1682;TR00000000005568411
nt1182;TL;744258;N1182;N-1683;TR00000000005568412
nt1183;TL;744259;N1183;N-1684;TR00000000005568413
nt1184;TL;744260;N1184;N-1685;TR00000000005568414
nt1185;TL;744261;N1185;N-1686;TR00000000005568415
nt1186;TL;744262;N1186;N-1687;TR00000000005568416
nt1187;TL;744263;N1187;N-1688;TR00000000005568417
nt1188;TL;744264;N1188;N-1689;TR00000000005568418
nt1189;TL;744265;N1189;N-1690;TR00000000005568419
nt1190;TL;744266;N1190;N-1691;TR00000000005568420
nt1191;TL;744267;N1191;N-1692;TR00000000005568421
nt1192;TL;744268;N1192;N-1693;TR00000000005568422
nt1193;TL;744269;N1193;N-1694;TR00000000005568423
nt1194;TL;744270;N1194;N-1695;TR00000000005568424
nt1195;TL;744271;N1195;N-1696;TR00000000005568425
nt1196;TL;744272;N1196;N-1697;TR00000000005568426
nt1197;TL;744273;N1197;N-1698;TR00000000005568427
nt1198;TL;744274;N1198;N-1699;TR00000000005568428
nt1199;TL;744275;N1199;N-1700;TR00000000005568429
nt1200;TL;744276;N1200;N-1701;TR00000000005568430
nt1201;TL;744277;N1201;N-1702;TR00000000005568431
nt1202;TL;744278;N1202;N-1703;TR00000000005568432
nt1203;TL;744279;N1203;N-1704;TR00000000005568433
nt1204;TL;744280;N1204;N-1705;TR00000000005568434
nt1205;TL;744281;N1205;N-1706;TR00000000005568435
nt1206;TL;744282;N1206;N-1707;TR00000000005568436
nt1207;TL;744283;N1207;N-1708;TR00000000005568437
nt1208;TL;744284;N1208;N-1709;TR00000000005568438
nt1209;TL;744285;N1209;N-1710;TR00000000005568439
nt1210;TL;744286;N1210;N-1711;TR00000000005568440
nt1211;TL;744287;N1211;N-1712;TR00000000005568441
nt1212;TL;744288;N1212;N-1713;TR00000000005568442
nt1213;TL;744289;N1213;N-1714;TR00000000005568443
nt1214;TL;744290;N1214;N-1715;TR00000000005568444
nt1215;TL;744291;N1215;N-1716;TR00000000005568445
nt1216;TL;744292;N1216;N-1717;TR00000000005568446
nt1217;TL;744293;N1217;N-1718;TR00000000005568447
nt1218;TL;744294;N1218;N-1719;TR00000000005568448
nt1219;TL;744295;N1219;N-1720;TR00000000005568449
nt1220;TL;744296;N1220;N-1721;TR00000000005568450
nt1221;TL;744297;N1221;N-1722;TR00000000005568451
nt1222;TL;744298;N1222;N-1723;TR00000000005568452
nt1223;TL;744299;N1223;N-1724;TR00000000005568453
nt1224;TL;744300;N1224;N-1725;TR00000000005568454
nt1225;TL;744301;N1225;N-1726;TR00000000005568455
nt1226;TL;744302;N1226;N-1727;TR00000000005568456
nt1227;TL;744303;N1227;N-1728;TR00000000005568457
nt1228;TL;744304;N1228;N-1729;TR00000000005568458
nt1229;TL;744305;N1229;N-1730;TR00000000005568459
nt1230;TL;744306;N1230;N-1731;TR00000000005568460
nt1231;TL;744307;N1231;N-1732;TR00000000005568461
nt1232;TL;744308;N1232;N-1733;TR00000000005568462
nt1233;TL;744309;N1233;N-1734;TR00000000005568463
nt1234;TL;744310;N1234;N-1735;TR00000000005568464
nt1235;TL;744311;N1235;N-1736;TR00000000005568465
nt1236;TL;744312;N1236;N-1737;TR00000000005568466
nt1237;TL;744313;N1237;N-1738;TR00000000005568467
nt1238;TL;744314;N1238;N-1739;TR00000000005568468
nt1239;TL;744315;N1239;N-1740;TR00000000005568469
nt1240;TL;744316;N1240;N-1741;TR00000000005568470
nt1241;TL;744317;N1241;N-1742;TR00000000005568471
nt1242;TL;744318;N1242;N-1743;TR00000000005568472
nt1243;TL;744319;N1243;N-1744;TR00000000005568473
nt1244;TL;744320;N1244;N-1745;TR00000000005568474
nt1245;TL;744321;N1245;N-1746;TR00000000005568475
nt1246;TL;744322;N1246;N-1747;TR00000000005568476
nt1247;TL;744323;N1247;N-1748;TR00000000005568477
nt1248;TL;744324;N1248;N-1749;TR00000000005568478
nt1249;TL;744325;N1249;N-1750;TR00000000005568479
nt1250;TL;744326;N1250;N-1751;TR00000000005568480
nt1251;TL;744327;N1251;N-1752;TR00000000005568481
nt1252;TL;744328;N1252;N-1753;TR00000000005568482
nt1253;TL;744329;N1253;N-1754;TR00000000005568483
nt1254;TL;744330;N1254;N-1755;TR00000000005568484
nt1255;TL;744331;N1255;N-1756;TR00000000005568485
nt1256;TL;744332;N1256;N-1757;TR00000000005568486
nt1257;TL;744333;N1257;N-1758;TR00000000005568487
nt1258;TL;744334;N1258;N-1759;TR00000000005568488
nt1259;TL;744335;N1259;N-1760;TR00000000005568489
nt1260;TL;744336;N1260;N-1761;TR00000000005568490
nt1261;TL;744337;N1261;N-1762;TR00000000005568491
nt1262;TL;744338;N1262;N-1763;TR00000000005568492
nt1263;TL;744339;N1263;N-1764;TR00000000005568493
nt1264;TL;744340;N1264;N-1765;TR00000000005568494
nt1265;TL;744341;N1265;N-1766;TR00000000005568495
nt1266;TL;744342;N1266;N-1767;TR00000000005568496
nt1267;TL;744343;N1267;N-1768;TR00000000005568497
nt1268;TL;744344;N1268;N-1769;TR00000000005568498
nt1269;TL;744345;N1269;N-1770;TR00000000005568499
nt1270;TL;744346;N1270;N-1771;TR00000000005568500
nt1271;TL;744347;N1271;N-1772;TR00000000005568501
nt1272;TL;744348;N1272;N-1773;TR00000000005568502
nt1273;TL;744349;N1273;N-1774;TR00000000005568503
nt1274;TL;744350;N1274;N-1775;TR00000000005568504
nt1275;TL;744351;N1275;N-1776;TR00000000005568505
nt1276;TL;744352;N1276;N-1777;TR00000000005568506
nt1277;TL;744353;N1277;N-1778;TR00000000005568507
nt1278;TL;744354;N1278;N-1779;TR00000000005568508
nt1279;TL;744355;N1279;N-1780;TR00000000005568509
nt1280;TL;744356;N1280;N-1781;TR00000000005568510
nt1281;TL;744357;N1281;N-1782;TR00000000005568511
nt1282;TL;744358;N1282;N-1783;TR00000000005568512
nt1283;TL;744359;N1283;N-1784;TR00000000005568513
nt1284;TL;744360;N1284;N-1785;TR00000000005568514
nt1285;TL;744361;N1285;N-1786;TR00000000005568515
nt1286;TL;744362;N1286;N-1787;TR00000000005568516
nt1287;TL;744363;N1287;N-1788;TR00000000005568517
nt1288;TL;744364;N1288;N-1789;TR00000000005568518
nt1289;TL;744365;N1289;N-1790;TR00000000005568519
nt1290;TL;744366;N1290;N-1791;TR00000000005568520
nt1291;TL;744367;N1291;N-1792;TR00000000005568521
nt1292;TL;744368;N1292;N-1793;TR00000000005568522
nt1293;TL;744369;N1293;N-1794;TR00000000005568523
nt1294;TL;744370;N1294;N-1795;TR00000000005568524
nt1295;TL;744371;N1295;N-1796;TR00000000005568525
nt1296;TL;744372;N1296;N-1797;TR00000000005568526
nt1297;TL;744373;N1297;N-1798;TR00000000005568527
nt1298;TL;744374;N1298;N-1799;TR00000000005568528
nt1299;TL;744375;N1299;N-1800;TR00000000005568529
nt1300;TL;744376;N1300;N-1801;TR00000000005568530
nt1301;TL;744377;N1301;N-1802;TR00000000005568531
nt1302;TL;744378;N1302;N-1803;TR00000000005568532
nt1303;TL;744379;N1303;N-1804;TR00000000005568533
nt1304;TL;744380;N1304;N-1805;TR00000000005568534
nt1305;TL;744381;N1305;N-1806;TR00000000005568535
nt1306;TL;744382;N1306;N-1807;TR00000000005568536
nt1307;TL;744383;N1307;N-1808;TR00000000005568537
nt1308;TL;744384;N1308;N-1809;TR00000000005568538
nt1309;TL;744385;N1309;N-1810;TR00000000005568539
nt1310;TL;744386;N1310;N-1811;TR00000000005568540
nt1311;TL;744387;N1311;N-1812;TR00000000005568541
nt1312;TL;744388;N1312;N-1813;TR00000000005568542
nt1313;TL;744389;N1313;N-1814;TR00000000005568543
nt1314;TL;744390;N1314;N-1815;TR00000000005568544
nt1315;TL;744391;N1315;N-1816;TR00000000005568545
nt1316;TL;744392;N1316;N-1817;TR00000000005568546
nt1317;TL;744393;N1317;N-1818;TR00000000005568547
nt1318;TL;744394;N1318;N-1819;TR00000000005568548
nt1319;TL;744395;N1319;N-1820;TR00000000005568549
nt1320;TL;744396;N1320;N-1821;TR00000000005568550
nt1321;TL;744397;N1321;N-1822;TR00000000005568551
nt1322;TL;744398;N1322;N-1823;TR00000000005568552
nt1323;TL;744399;N1323;N-1824;TR00000000005568553
nt1324;TL;744400;N1324;N-1825;TR00000000005568554
nt1325;TL;744401;N1325;N-1826;TR00000000005568555
nt1326;TL;744402;N1326;N-1827;TR00000000005568556
nt1327;TL;744403;N1327;N-1828;TR00000000005568557
nt1328;TL;744404;N1328;N-1829;TR00000000005568558
nt1329;TL;744405;N1329;N-1830;TR00000000005568559
nt1330;TL;744406;N1330;N-1831;TR00000000005568560
nt1331;TL;744407;N1331;N-1832;TR00000000005568561
nt1332;TL;744408;N1332;N-1833;TR00000000005568562
nt1333;TL;744409;N1333;N-1834;TR00000000005568563
nt1334;TL;744410;N1334;N-1835;TR00000000005568564
nt1335;TL;744411;N1335;N-1836;TR00000000005568565
nt1336;TL;744412;N1336;N-1837;TR00000000005568566
nt1337;TL;744413;N1337;N-1838;TR00000000005568567
nt1338;TL;744414;N1338;N-1839;TR00000000005568568
nt1339;TL;744415;N1339;N-1840;TR00000000005568569
nt1340;TL;744416;N1340;N-1841;TR00000000005568570
nt1341;TL;744417;N1341;N-1842;TR00000000005568571
nt1342;TL;744418;N1342;N-1843;TR00000000005568572
nt1343;TL;744419;N1343;N-1844;TR00000000005568573
nt1344;TL;744420;N1344;N-1845;TR00000000005568574
nt1345;TL;744421;N1345;N-1846;TR00000000005568575
nt1346;TL;744422;N1346;N-1847;TR00000000005568576
nt1347;TL;744423;N1347;N-1848;TR00000000005568577
nt1348;TL;744424;N1348;N-1849;TR00000000005568578
nt1349;TL;744425;N1349;N-1850;TR00000000005568579
nt1350;TL;744426;N1350;N-1851;TR00000000005568580
nt1351;TL;744427;N1351;N-1852;TR00000000005568581
nt1352;TL;744428;N1352;N-1853;TR00000000005568582
nt1353;TL;744429;N1353;N-1854;TR00000000005568583
nt1354;TL;744430;N1354;N-1855;TR00000000005568584
nt1355;TL;744431;N1355;N-1856;TR00000000005568585
nt1356;TL;744432;N1356;N-1857;TR00000000005568586
nt1357;TL;744433;N1357;N-1858;TR00000000005568587
nt1358;TL;744434;N1358;N-1859;TR00000000005568588
nt1359;TL;744435;N1359;N-1860;TR00000000005568589
nt1360;TL;744436;N1360;N-1861;TR00000000005568590
nt1361;TL;744437;N1361;N-1862;TR00000000005568591
nt1362;TL;744438;N1362;N-1863;TR00000000005568592
nt1363;TL;744439;N1363;N-1864;TR00000000005568593
nt1364;TL;744440;N1364;N-1865;TR00000000005568594
nt1365;TL;744441;N1365;N-1866;TR00000000005568595
nt1366;TL;744442;N1366;N-1867;TR00000000005568596
nt1367;TL;744443;N1367;N-1868;TR00000000005568597
nt1368;TL;744444;N1368;N-1869;TR00000000005568598
nt1369;TL;744445;N1369;N-1870;TR00000000005568599
nt1370;TL;744446;N1370;N-1871;TR00000000005568600
nt1371;TL;744447;N1371;N-1872;TR00000000005568601
nt1372;TL;744448;N1372;N-1873;TR00000000005568602
nt1373;TL;744449;N1373;N-1874;TR00000000005568603
nt1374;TL;744450;N1374;N-1875;TR00000000005568604
nt1375;TL;744451;N1375;N-1876;TR00000000005568605
nt1376;TL;744452;N1376;N-1877;TR00000000005568606
nt1377;TL;744453;N1377;N-1878;TR00000000005568607
nt1378;TL;744454;N1378;N-1879;TR00000000005568608
nt1379;TL;744455;N1379;N-1880;TR00000000005568609
nt1380;TL;744456;N1380;N-1881;TR00000000005568610
nt1381;TL;744457;N1381;N-1882;TR00000000005568611
nt1382;TL;744458;N1382;N-1883;TR00000000005568612
nt1383;TL;744459;N1383;N-1884;TR00000000005568613
nt1384;TL;744460;N1384;N-1885;TR00000000005568614
nt1385;TL;744461;N1385;N-1886;TR00000000005568615
nt1386;TL;744462;N1386;N-1887;TR00000000005568616
nt1387;TL;744463;N1387;N-1888;TR00000000005568617
nt1388;TL;744464;N1388;N-1889;TR00000000005568618
nt1389;TL;744465;N1389;N-1890;TR00000000005568619
nt1390;TL;744466;N1390;N-1891;TR00000000005568620
nt1391;TL;744467;N1391;N-1892;TR00000000005568621
nt1392;TL;744468;N1392;N-1893;TR00000000005568622
nt1393;TL;744469;N1393;N-1894;TR00000000005568623
nt1394;TL;744470;N1394;N-1895;TR00000000005568624
nt1395;TL;744471;N1395;N-1896;TR00000000005568625
nt1396;TL;744472;N1396;N-1897;TR00000000005568626
nt1397;TL;744473;N1397;N-1898;TR00000000005568627
nt1398;TL;744474;N1398;N-1899;TR00000000005568628
nt1399;TL;744475;N1399;N-1900;TR00000000005568629
nt1400;TL;744476;N1400;N-1901;TR00000000005568630
nt1401;TL;744477;N1401;N-1902;TR00000000005568631
nt1402;TL;744478;N1402;N-1903;TR00000000005568632
nt1403;TL;744479;N1403;N-1904;TR00000000005568633
nt1404;TL;744480;N1404;N-1905;TR00000000005568634
nt1405;TL;744481;N1405;N-1906;TR00000000005568635
nt1406;TL;744482;N1406;N-1907;TR00000000005568636
nt1407;TL;744483;N1407;N-1908;TR00000000005568637
nt1408;TL;744484;N1408;N-1909;TR00000000005568638
nt1409;TL;744485;N1409;N-1910;TR00000000005568639
nt1410;TL;744486;N1410;N-1911;TR00000000005568640
nt1411;TL;744487;N1411;N-1912;TR00000000005568641
nt1412;TL;744488;N1412;N-1913;TR00000000005568642
nt1413;TL;744489;N1413;N-1914;TR00000000005568643
nt1414;TL;744490;N1414;N-1915;TR00000000005568644
nt1415;TL;744491;N1415;N-1916;TR00000000005568645
nt1416;TL;744492;N1416;N-1917;TR00000000005568646
nt1417;TL;744493;N1417;N-1918;TR00000000005568647
nt1418;TL;744494;N1418;N-1919;TR00000000005568648
nt1419;TL;744495;N1419;N-1920;TR00000000005568649
nt1420;TL;744496;N1420;N-1921;TR00000000005568650
nt1421;TL;744497;N1421;N-1922;TR00000000005568651
nt1422;TL;744498;N1422;N-1923;TR00000000005568652
nt1423;TL;744499;N1423;N-1924;TR00000000005568653
nt1424;TL;744500;N1424;N-1925;TR00000000005568654
nt1425;TL;744501;N1425;N-1926;TR00000000005568655
nt1426;TL;744502;N1426;N-1927;TR00000000005568656
nt1427;TL;744503;N1427;N-1928;TR00000000005568657
nt1428;TL;744504;N1428;N-1929;TR00000000005568658
nt1429;TL;744505;N1429;N-1930;TR00000000005568659
nt1430;TL;744506;N1430;N-1931;TR00000000005568660
nt1431;TL;744507;N1431;N-1932;TR00000000005568661
nt1432;TL;744508;N1432;N-1933;TR00000000005568662
nt1433;TL;744509;N1433;N-1934;TR00000000005568663
nt1434;TL;744510;N1434;N-1935;TR00000000005568664
nt1435;TL;744511;N1435;N-1936;TR00000000005568665
nt1436;TL;744512;N1436;N-1937;TR00000000005568666
nt1437;TL;744513;N1437;N-1938;TR00000000005568667
nt1438;TL;744514;N1438;N-1939;TR00000000005568668
nt1439;TL;744515;N1439;N-1940;TR00000000005568669
nt1440;TL;744516;N1440;N-1941;TR00000000005568670
nt1441;TL;744517;N1441;N-1942;TR00000000005568671
nt1442;TL;744518;N1442;N-1943;TR00000000005568672
nt1443;TL;744519;N1443;N-1944;TR00000000005568673
nt1444;TL;744520;N1444;N-1945;TR00000000005568674
nt1445;TL;744521;N1445;N-1946;TR00000000005568675
nt1446;TL;744522;N1446;N-1947;TR00000000005568676
nt1447;TL;744523;N1447;N-1948;TR00000000005568677
nt1448;TL;744524;N1448;N-1949;TR00000000005568678
nt1449;TL;744525;N1449;N-1950;TR00000000005568679
nt1450;TL;744526;N1450;N-1951;TR00000000005568680
nt1451;TL;744527;N1451;N-1952;TR00000000005568681
nt1452;TL;744528;N1452;N-1953;TR00000000005568682
nt1453;TL;744529;N1453;N-1954;TR00000000005568683
nt1454;TL;744530;N1454;N-1955;TR00000000005568684
nt1455;TL;744531;N1455;N-1956;TR00000000005568685
nt1456;TL;744532;N1456;N-1957;TR00000000005568686
nt1457;TL;744533;N1457;N-1958;TR00000000005568687
nt1458;TL;744534;N1458;N-1959;TR00000000005568688
nt1459;TL;744535;N1459;N-1960;TR00000000005568689
nt1460;TL;744536;N1460;N-1961;TR00000000005568690
nt1461;TL;744537;N1461;N-1962;TR00000000005568691
nt1462;TL;744538;N1462;N-1963;TR00000000005568692
nt1463;TL;744539;N1463;N-1964;TR00000000005568693
nt1464;TL;744540;N1464;N-1965;TR00000000005568694
nt1465;TL;744541;N1465;N-1966;TR00000000005568695
nt1466;TL;744542;N1466;N-1967;TR00000000005568696
nt1467;TL;744543;N1467;N-1968;TR00000000005568697
nt1468;TL;744544;N1468;N-1969;TR00000000005568698
nt1469;TL;744545;N1469;N-1970;TR00000000005568699
nt1470;TL;744546;N1470;N-1971;TR00000000005568700
nt1471;TL;744547;N1471;N-1972;TR00000000005568701
nt1472;TL;744548;N1472;N-1973;TR00000000005568702
nt1473;TL;744549;N1473;N-1974;TR00000000005568703
nt1474;TL;744550;N1474;N-1975;TR00000000005568704
nt1475;TL;744551;N1475;N-1976;TR00000000005568705
nt1476;TL;744552;N1476;N-1977;TR00000000005568706
nt1477;TL;744553;N1477;N-1978;TR00000000005568707
nt1478;TL;744554;N1478;N-1979;TR00000000005568708
nt1479;TL;744555;N1479;N-1980;TR00000000005568709
nt1480;TL;744556;N1480;N-1981;TR00000000005568710
nt1481;TL;744557;N1481;N-1982;TR00000000005568711
nt1482;TL;744558;N1482;N-1983;TR00000000005568712
nt1483;TL;744559;N1483;N-1984;TR00000000005568713
nt1484;TL;744560;N1484;N-1985;TR00000000005568714
nt1485;TL;744561;N1485;N-1986;TR00000000005568715
nt1486;TL;744562;N1486;N-1987;TR00000000005568716
nt1487;TL;744563;N1487;N-1988;TR00000000005568717
nt1488;TL;744564;N1488;N-1989;TR00000000005568718
nt1489;TL;744565;N1489;N-1990;TR00000000005568719
nt1490;TL;744566;N1490;N-1991;TR00000000005568720
nt1491;TL;744567;N1491;N-1992;TR00000000005568721
nt1492;TL;744568;N1492;N-1993;TR00000000005568722
nt1493;TL;744569;N1493;N-1994;TR00000000005568723
nt1494;TL;744570;N1494;N-1995;TR00000000005568724
nt1495;TL;744571;N1495;N-1996;TR00000000005568725
nt1496;TL;744572;N1496;N-1997;TR00000000005568726
nt1497;TL;744573;N1497;N-1998;TR00000000005568727
nt1498;TL;744574;N1498;N-1999;TR00000000005568728
nt1499;TL;744575;N1499;N-2000;TR00000000005568729
nt1500;TL;744576;N1500;N-2001;TR00000000005568730
nt1501;TL;744577;N1501;N-2002;TR00000000005568731
nt1502;TL;744578;N1502;N-2003;TR00000000005568732
nt1503;TL;744579;N1503;N-2004;TR00000000005568733
nt1504;TL;744580;N1504;N-2005;TR00000000005568734
nt1505;TL;744581;N1505;N-2006;TR00000000005568735
nt1506;TL;744582;N1506;N-2007;TR00000000005568736
nt1507;TL;744583;N1507;N-2008;TR00000000005568737
nt1508;TL;744584;N1508;N-2009;TR00000000005568738
nt1509;TL;744585;N1509;N-2010;TR00000000005568739
nt1510;TL;744586;N1510;N-2011;TR00000000005568740
nt1511;TL;744587;N1511;N-2012;TR00000000005568741
nt1512;TL;744588;N1512;N-2013;TR00000000005568742
nt1513;TL;744589;N1513;N-2014;TR00000000005568743
nt1514;TL;744590;N1514;N-2015;TR00000000005568744
nt1515;TL;744591;N1515;N-2016;TR00000000005568745
nt1516;TL;744592;N1516;N-2017;TR00000000005568746
nt1517;TL;744593;N1517;N-2018;TR00000000005568747
nt1518;TL;744594;N1518;N-2019;TR00000000005568748
nt1519;TL;744595;N1519;N-2020;TR00000000005568749
nt1520;TL;744596;N1520;N-2021;TR00000000005568750
nt1521;TL;744597;N1521;N-2022;TR00000000005568751
nt1522;TL;744598;N1522;N-2023;TR00000000005568752
nt1523;TL;744599;N1523;N-2024;TR00000000005568753
nt1524;TL;744600;N1524;N-2025;TR00000000005568754
nt1525;TL;744601;N1525;N-2026;TR00000000005568755
nt1526;TL;744602;N1526;N-2027;TR00000000005568756
nt1527;TL;744603;N1527;N-2028;TR00000000005568757
nt1528;TL;744604;N1528;N-2029;TR00000000005568758
nt1529;TL;744605;N1529;N-2030;TR00000000005568759
nt1530;TL;744606;N1530;N-2031;TR00000000005568760
nt1531;TL;744607;N1531;N-2032;TR00000000005568761
nt1532;TL;744608;N1532;N-2033;TR00000000005568762
nt1533;TL;744609;N1533;N-2034;TR00000000005568763
nt1534;TL;744610;N1534;N-2035;TR00000000005568764
nt1535;TL;744611;N1535;N-2036;TR00000000005568765
nt1536;TL;744612;N1536;N-2037;TR00000000005568766
nt1537;TL;744613;N1537;N-2038;TR00000000005568767
nt1538;TL;744614;N1538;N-2039;TR00000000005568768
nt1539;TL;744615;N1539;N-2040;TR00000000005568769
nt1540;TL;744616;N1540;N-2041;TR00000000005568770
nt1541;TL;744617;N1541;N-2042;TR00000000005568771
nt1542;TL;744618;N1542;N-2043;TR00000000005568772
nt1543;TL;744619;N1543;N-2044;TR00000000005568773
nt1544;TL;744620;N1544;N-2045;TR00000000005568774
nt1545;TL;744621;N1545;N-2046;TR00000000005568775
nt1546;TL;744622;N1546;N-2047;TR00000000005568776
nt1547;TL;744623;N1547;N-2048;TR00000000005568777
nt1548;TL;744624;N1548;N-2049;TR00000000005568778
nt1549;TL;744625;N1549;N-2050;TR00000000005568779
nt1550;TL;744626;N1550;N-2051;TR00000000005568780
nt1551;TL;744627;N1551;N-2052;TR00000000005568781
nt1552;TL;744628;N1552;N-2053;TR00000000005568782
nt1553;TL;744629;N1553;N-2054;TR00000000005568783
nt1554;TL;744630;N1554;N-2055;TR00000000005568784
nt1555;TL;744631;N1555;N-2056;TR00000000005568785
nt1556;TL;744632;N1556;N-2057;TR00000000005568786
nt1557;TL;744633;N1557;N-2058;TR00000000005568787
nt1558;TL;744634;N1558;N-2059;TR00000000005568788
nt1559;TL;744635;N1559;N-2060;TR00000000005568789
nt1560;TL;744636;N1560;N-2061;TR00000000005568790
nt1561;TL;744637;N1561;N-2062;TR00000000005568791
nt1562;TL;744638;N1562;N-2063;TR00000000005568792
nt1563;TL;744639;N1563;N-2064;TR00000000005568793
nt1564;TL;744640;N1564;N-2065;TR00000000005568794
nt1565;TL;744641;N1565;N-2066;TR00000000005568795
nt1566;TL;744642;N1566;N-2067;TR00000000005568796
nt1567;TL;744643;N1567;N-2068;TR00000000005568797
nt1568;TL;744644;N1568;N-2069;TR00000000005568798
nt1569;TL;744645;N1569;N-2070;TR00000000005568799
nt1570;TL;744646;N1570;N-2071;TR00000000005568800
nt1571;TL;744647;N1571;N-2072;TR00000000005568801
nt1572;TL;744648;N1572;N-2073;TR00000000005568802
nt1573;TL;744649;N1573;N-2074;TR00000000005568803
nt1574;TL;744650;N1574;N-2075;TR00000000005568804
nt1575;TL;744651;N1575;N-2076;TR00000000005568805
nt1576;TL;744652;N1576;N-2077;TR00000000005568806
nt1577;TL;744653;N1577;N-2078;TR00000000005568807
nt1578;TL;744654;N1578;N-2079;TR00000000005568808
nt1579;TL;744655;N1579;N-2080;TR00000000005568809
nt1580;TL;744656;N1580;N-2081;TR00000000005568810
nt1581;TL;744657;N1581;N-2082;TR00000000005568811
nt1582;TL;744658;N1582;N-2083;TR00000000005568812
nt1583;TL;744659;N1583;N-2084;TR00000000005568813
nt1584;TL;744660;N1584;N-2085;TR00000000005568814
nt1585;TL;744661;N1585;N-2086;TR00000000005568815
nt1586;TL;744662;N1586;N-2087;TR00000000005568816
nt1587;TL;744663;N1587;N-2088;TR00000000005568817
nt1588;TL;744664;N1588;N-2089;TR00000000005568818
nt1589;TL;744665;N1589;N-2090;TR00000000005568819
nt1590;TL;744666;N1590;N-2091;TR00000000005568820
nt1591;TL;744667;N1591;N-2092;TR00000000005568821
nt1592;TL;744668;N1592;N-2093;TR00000000005568822
nt1593;TL;744669;N1593;N-2094;TR00000000005568823
nt1594;TL;744670;N1594;N-2095;TR00000000005568824
nt1595;TL;744671;N1595;N-2096;TR00000000005568825
nt1596;TL;744672;N1596;N-2097;TR00000000005568826
nt1597;TL;744673;N1597;N-2098;TR00000000005568827
nt1598;TL;744674;N1598;N-2099;TR00000000005568828
nt1599;TL;744675;N1599;N-2100;TR00000000005568829
nt1600;TL;744676;N1600;N-2101;TR00000000005568830
nt1601;TL;744677;N1601;N-2102;TR00000000005568831
nt1602;TL;744678;N1602;N-2103;TR00000000005568832
nt1603;TL;744679;N1603;N-2104;TR00000000005568833
nt1604;TL;744680;N1604;N-2105;TR00000000005568834
nt1605;TL;744681;N1605;N-2106;TR00000000005568835
nt1606;TL;744682;N1606;N-2107;TR00000000005568836
nt1607;TL;744683;N1607;N-2108;TR00000000005568837
nt1608;TL;744684;N1608;N-2109;TR00000000005568838
nt1609;TL;744685;N1609;N-2110;TR00000000005568839
nt1610;TL;744686;N1610;N-2111;TR00000000005568840
nt1611;TL;744687;N1611;N-2112;TR00000000005568841
nt1612;TL;744688;N1612;N-2113;TR00000000005568842
nt1613;TL;744689;N1613;N-2114;TR00000000005568843
nt1614;TL;744690;N1614;N-2115;TR00000000005568844
nt1615;TL;744691;N1615;N-2116;TR00000000005568845
nt1616;TL;744692;N1616;N-2117;TR00000000005568846
nt1617;TL;744693;N1617;N-2118;TR00000000005568847
nt1618;TL;744694;N1618;N-2119;TR00000000005568848
nt1619;TL;744695;N1619;N-2120;TR00000000005568849
nt1620;TL;744696;N1620;N-2121;TR00000000005568850
nt1621;TL;744697;N1621;N-2122;TR00000000005568851
nt1622;TL;744698;N1622;N-2123;TR00000000005568852
nt1623;TL;744699;N1623;N-2124;TR00000000005568853
nt1624;TL;744700;N1624;N-2125;TR00000000005568854
nt1625;TL;744701;N1625;N-2126;TR00000000005568855
nt1626;TL;744702;N1626;N-2127;TR00000000005568856
nt1627;TL;744703;N1627;N-2128;TR00000000005568857
nt1628;TL;744704;N1628;N-2129;TR00000000005568858
nt1629;TL;744705;N1629;N-2130;TR00000000005568859
nt1630;TL;744706;N1630;N-2131;TR00000000005568860
nt1631;TL;744707;N1631;N-2132;TR00000000005568861
nt1632;TL;744708;N1632;N-2133;TR00000000005568862
nt1633;TL;744709;N1633;N-2134;TR00000000005568863
nt1634;TL;744710;N1634;N-2135;TR00000000005568864
nt1635;TL;744711;N1635;N-2136;TR00000000005568865
nt1636;TL;744712;N1636;N-2137;TR00000000005568866
nt1637;TL;744713;N1637;N-2138;TR00000000005568867
nt1638;TL;744714;N1638;N-2139;TR00000000005568868
nt1639;TL;744715;N1639;N-2140;TR00000000005568869
nt1640;TL;744716;N1640;N-2141;TR00000000005568870
nt1641;TL;744717;N1641;N-2142;TR00000000005568871
nt1642;TL;744718;N1642;N-2143;TR00000000005568872
nt1643;TL;744719;N1643;N-2144;TR00000000005568873
nt1644;TL;744720;N1644;N-2145;TR00000000005568874
nt1645;TL;744721;N1645;N-2146;TR00000000005568875
nt1646;TL;744722;N1646;N-2147;TR00000000005568876
nt1647;TL;744723;N1647;N-2148;TR00000000005568877
nt1648;TL;744724;N1648;N-2149;TR00000000005568878
nt1649;TL;744725;N1649;N-2150;TR00000000005568879
nt1650;TL;744726;N1650;N-2151;TR00000000005568880
nt1651;TL;744727;N1651;N-2152;TR00000000005568881
nt1652;TL;744728;N1652;N-2153;TR00000000005568882
nt1653;TL;744729;N1653;N-2154;TR00000000005568883
nt1654;TL;744730;N1654;N-2155;TR00000000005568884
nt1655;TL;744731;N1655;N-2156;TR00000000005568885
nt1656;TL;744732;N1656;N-2157;TR00000000005568886
nt1657;TL;744733;N1657;N-2158;TR00000000005568887
nt1658;TL;744734;N1658;N-2159;TR00000000005568888
nt1659;TL;744735;N1659;N-2160;TR00000000005568889
nt1660;TL;744736;N1660;N-2161;TR00000000005568890
nt1661;TL;744737;N1661;N-2162;TR00000000005568891
nt1662;TL;744738;N1662;N-2163;TR00000000005568892
nt1663;TL;744739;N1663;N-2164;TR00000000005568893
nt1664;TL;744740;N1664;N-2165;TR00000000005568894
nt1665;TL;744741;N1665;N-2166;TR00000000005568895
nt1666;TL;744742;N1666;N-2167;TR00000000005568896
nt1667;TL;744743;N1667;N-2168;TR00000000005568897
nt1668;TL;744744;N1668;N-2169;TR00000000005568898
nt1669;TL;744745;N1669;N-2170;TR00000000005568899
nt1670;TL;744746;N1670;N-2171;TR00000000005568900
nt1671;TL;744747;N1671;N-2172;TR00000000005568901
nt1672;TL;744748;N1672;N-2173;TR00000000005568902
nt1673;TL;744749;N1673;N-2174;TR00000000005568903
nt1674;TL;744750;N1674;N-2175;TR00000000005568904
nt1675;TL;744751;N1675;N-2176;TR00000000005568905
nt1676;TL;744752;N1676;N-2177;TR00000000005568906
nt1677;TL;744753;N1677;N-2178;TR00000000005568907
nt1678;TL;744754;N1678;N-2179;TR00000000005568908
nt1679;TL;744755;N1679;N-2180;TR00000000005568909
nt1680;TL;744756;N1680;N-2181;TR00000000005568910
nt1681;TL;744757;N1681;N-2182;TR00000000005568911
nt1682;TL;744758;N1682;N-2183;TR00000000005568912
nt1683;TL;744759;N1683;N-2184;TR00000000005568913
nt1684;TL;744760;N1684;N-2185;TR00000000005568914
nt1685;TL;744761;N1685;N-2186;TR00000000005568915
nt1686;TL;744762;N1686;N-2187;TR00000000005568916
nt1687;TL;744763;N1687;N-2188;TR00000000005568917
nt1688;TL;744764;N1688;N-2189;TR00000000005568918
nt1689;TL;744765;N1689;N-2190;TR00000000005568919
nt1690;TL;744766;N1690;N-2191;TR00000000005568920
nt1691;TL;744767;N1691;N-2192;TR00000000005568921
nt1692;TL;744768;N1692;N-2193;TR00000000005568922
nt1693;TL;744769;N1693;N-2194;TR00000000005568923
nt1694;TL;744770;N1694;N-2195;TR00000000005568924
nt1695;TL;744771;N1695;N-2196;TR00000000005568925
nt1696;TL;744772;N1696;N-2197;TR00000000005568926
nt1697;TL;744773;N1697;N-2198;TR00000000005568927
nt1698;TL;744774;N1698;N-2199;TR00000000005568928
nt1699;TL;744775;N1699;N-2200;TR00000000005568929
nt1700;TL;744776;N1700;N-2201;TR00000000005568930
nt1701;TL;744777;N1701;N-2202;TR00000000005568931
nt1702;TL;744778;N1702;N-2203;TR00000000005568932
nt1703;TL;744779;N1703;N-2204;TR00000000005568933
nt1704;TL;744780;N1704;N-2205;TR00000000005568934
nt1705;TL;744781;N1705;N-2206;TR00000000005568935
nt1706;TL;744782;N1706;N-2207;TR00000000005568936
nt1707;TL;744783;N1707;N-2208;TR00000000005568937
nt1708;TL;744784;N1708;N-2209;TR00000000005568938
nt1709;TL;744785;N1709;N-2210;TR00000000005568939
nt1710;TL;744786;N1710;N-2211;TR00000000005568940
nt1711;TL;744787;N1711;N-2212;TR00000000005568941
nt1712;TL;744788;N1712;N-2213;TR00000000005568942
nt1713;TL;744789;N1713;N-2214;TR00000000005568943
nt1714;TL;744790;N1714;N-2215;TR00000000005568944
nt1715;TL;744791;N1715;N-2216;TR00000000005568945
nt1716;TL;744792;N1716;N-2217;TR00000000005568946
nt1717;TL;744793;N1717;N-2218;TR00000000005568947
nt1718;TL;744794;N1718;N-2219;TR00000000005568948
nt1719;TL;744795;N1719;N-2220;TR00000000005568949
nt1720;TL;744796;N1720;N-2221;TR00000000005568950
nt1721;TL;744797;N1721;N-2222;TR00000000005568951
nt1722;TL;744798;N1722;N-2223;TR00000000005568952
nt1723;TL;744799;N1723;N-2224;TR00000000005568953
nt1724;TL;744800;N1724;N-2225;TR00000000005568954
nt1725;TL;744801;N1725;N-2226;TR00000000005568955
nt1726;TL;744802;N1726;N-2227;TR00000000005568956
nt1727;TL;744803;N1727;N-2228;TR00000000005568957
nt1728;TL;744804;N1728;N-2229;TR00000000005568958
nt1729;TL;744805;N1729;N-2230;TR00000000005568959
nt1730;TL;744806;N1730;N-2231;TR00000000005568960
nt1731;TL;744807;N1731;N-2232;TR00000000005568961
nt1732;TL;744808;N1732;N-2233;TR00000000005568962
nt1733;TL;744809;N1733;N-2234;TR00000000005568963
nt1734;TL;744810;N1734;N-2235;TR00000000005568964
nt1735;TL;744811;N1735;N-2236;TR00000000005568965
nt1736;TL;744812;N1736;N-2237;TR00000000005568966
nt1737;TL;744813;N1737;N-2238;TR00000000005568967
nt1738;TL;744814;N1738;N-2239;TR00000000005568968
nt1739;TL;744815;N1739;N-2240;TR00000000005568969
nt1740;TL;744816;N1740;N-2241;TR00000000005568970
nt1741;TL;744817;N1741;N-2242;TR00000000005568971
nt1742;TL;744818;N1742;N-2243;TR00000000005568972
nt1743;TL;744819;N1743;N-2244;TR00000000005568973
nt1744;TL;744820;N1744;N-2245;TR00000000005568974
nt1745;TL;744821;N1745;N-2246;TR00000000005568975
nt1746;TL;744822;N1746;N-2247;TR00000000005568976
nt1747;TL;744823;N1747;N-2248;TR00000000005568977
nt1748;TL;744824;N1748;N-2249;TR00000000005568978
nt1749;TL;744825;N1749;N-2250;TR00000000005568979
nt1750;TL;744826;N1750;N-2251;TR00000000005568980
nt1751;TL;744827;N1751;N-2252;TR00000000005568981
nt1752;TL;744828;N1752;N-2253;TR00000000005568982
nt1753;TL;744829;N1753;N-2254;TR00000000005568983
nt1754;TL;744830;N1754;N-2255;TR00000000005568984
nt1755;TL;744831;N1755;N-2256;TR00000000005568985
nt1756;TL;744832;N1756;N-2257;TR00000000005568986
nt1757;TL;744833;N1757;N-2258;TR00000000005568987
nt1758;TL;744834;N1758;N-2259;TR00000000005568988
nt1759;TL;744835;N1759;N-2260;TR00000000005568989
nt1760;TL;744836;N1760;N-2261;TR00000000005568990
nt1761;TL;744837;N1761;N-2262;TR00000000005568991
nt1762;TL;744838;N1762;N-2263;TR00000000005568992
nt1763;TL;744839;N1763;N-2264;TR00000000005568993
nt1764;TL;744840;N1764;N-2265;TR00000000005568994
nt1765;TL;744841;N1765;N-2266;TR00000000005568995
nt1766;TL;744842;N1766;N-2267;TR00000000005568996
nt1767;TL;744843;N1767;N-2268;TR00000000005568997
nt1768;TL;744844;N1768;N-2269;TR00000000005568998
nt1769;TL;744845;N1769;N-2270;TR00000000005568999
nt1770;TL;744846;N1770;N-2271;TR00000000005569000
nt1771;TL;744847;N1771;N-2272;TR00000000005569001
nt1772;TL;744848;N1772;N-2273;TR00000000005569002
nt1773;TL;744849;N1773;N-2274;TR00000000005569003
nt1774;TL;744850;N1774;N-2275;TR00000000005569004
nt1775;TL;744851;N1775;N-2276;TR00000000005569005
nt1776;TL;744852;N1776;N-2277;TR00000000005569006
nt1777;TL;744853;N1777;N-2278;TR00000000005569007
nt1778;TL;744854;N1778;N-2279;TR00000000005569008
nt1779;TL;744855;N1779;N-2280;TR00000000005569009
nt1780;TL;744856;N1780;N-2281;TR00000000005569010
nt1781;TL;744857;N1781;N-2282;TR00000000005569011
nt1782;TL;744858;N1782;N-2283;TR00000000005569012
nt1783;TL;744859;N1783;N-2284;TR00000000005569013
nt1784;TL;744860;N1784;N-2285;TR00000000005569014
nt1785;TL;744861;N1785;N-2286;TR00000000005569015
nt1786;TL;744862;N1786;N-2287;TR00000000005569016
nt1787;TL;744863;N1787;N-2288;TR00000000005569017
nt1788;TL;744864;N1788;N-2289;TR00000000005569018
nt1789;TL;744865;N1789;N-2290;TR00000000005569019
nt1790;TL;744866;N1790;N-2291;TR00000000005569020
nt1791;TL;744867;N1791;N-2292;TR00000000005569021
nt1792;TL;744868;N1792;N-2293;TR00000000005569022
nt1793;TL;744869;N1793;N-2294;TR00000000005569023
nt1794;TL;744870;N1794;N-2295;TR00000000005569024
nt1795;TL;744871;N1795;N-2296;TR00000000005569025
nt1796;TL;744872;N1796;N-2297;TR00000000005569026
nt1797;TL;744873;N1797;N-2298;TR00000000005569027
nt1798;TL;744874;N1798;N-2299;TR00000000005569028
nt1799;TL;744875;N1799;N-2300;TR00000000005569029
nt1800;TL;744876;N1800;N-2301;TR00000000005569030
nt1801;TL;744877;N1801;N-2302;TR00000000005569031
nt1802;TL;744878;N1802;N-2303;TR00000000005569032
nt1803;TL;744879;N1803;N-2304;TR00000000005569033
nt1804;TL;744880;N1804;N-2305;TR00000000005569034
nt1805;TL;744881;N1805;N-2306;TR00000000005569035
nt1806;TL;744882;N1806;N-2307;TR00000000005569036
nt1807;TL;744883;N1807;N-2308;TR00000000005569037
nt1808;TL;744884;N1808;N-2309;TR00000000005569038
nt1809;TL;744885;N1809;N-2310;TR00000000005569039
nt1810;TL;744886;N1810;N-2311;TR00000000005569040
nt1811;TL;744887;N1811;N-2312;TR00000000005569041
nt1812;TL;744888;N1812;N-2313;TR00000000005569042
nt1813;TL;744889;N1813;N-2314;TR00000000005569043
nt1814;TL;744890;N1814;N-2315;TR00000000005569044
nt1815;TL;744891;N1815;N-2316;TR00000000005569045
nt1816;TL;744892;N1816;N-2317;TR00000000005569046
nt1817;TL;744893;N1817;N-2318;TR00000000005569047
nt1818;TL;744894;N1818;N-2319;TR00000000005569048
nt1819;TL;744895;N1819;N-2320;TR00000000005569049
nt1820;TL;744896;N1820;N-2321;TR00000000005569050
nt1821;TL;744897;N1821;N-2322;TR00000000005569051
nt1822;TL;744898;N1822;N-2323;TR00000000005569052
nt1823;TL;744899;N1823;N-2324;TR00000000005569053
nt1824;TL;744900;N1824;N-2325;TR00000000005569054
nt1825;TL;744901;N1825;N-2326;TR00000000005569055
nt1826;TL;744902;N1826;N-2327;TR00000000005569056
nt1827;TL;744903;N1827;N-2328;TR00000000005569057
nt1828;TL;744904;N1828;N-2329;TR00000000005569058
nt1829;TL;744905;N1829;N-2330;TR00000000005569059
nt1830;TL;744906;N1830;N-2331;TR00000000005569060
nt1831;TL;744907;N1831;N-2332;TR00000000005569061
nt1832;TL;744908;N1832;N-2333;TR00000000005569062
nt1833;TL;744909;N1833;N-2334;TR00000000005569063
nt1834;TL;744910;N1834;N-2335;TR00000000005569064
nt1835;TL;744911;N1835;N-2336;TR00000000005569065
nt1836;TL;744912;N1836;N-2337;TR00000000005569066
nt1837;TL;744913;N1837;N-2338;TR00000000005569067
nt1838;TL;744914;N1838;N-2339;TR00000000005569068
nt1839;TL;744915;N1839;N-2340;TR00000000005569069
nt1840;TL;744916;N1840;N-2341;TR00000000005569070
nt1841;TL;744917;N1841;N-2342;TR00000000005569071
nt1842;TL;744918;N1842;N-2343;TR00000000005569072
nt1843;TL;744919;N1843;N-2344;TR00000000005569073
nt1844;TL;744920;N1844;N-2345;TR00000000005569074
nt1845;TL;744921;N1845;N-2346;TR00000000005569075
nt1846;TL;744922;N1846;N-2347;TR00000000005569076
nt1847;TL;744923;N1847;N-2348;TR00000000005569077
nt1848;TL;744924;N1848;N-2349;TR00000000005569078
nt1849;TL;744925;N1849;N-2350;TR00000000005569079
nt1850;TL;744926;N1850;N-2351;TR00000000005569080
nt1851;TL;744927;N1851;N-2352;TR00000000005569081
nt1852;TL;744928;N1852;N-2353;TR00000000005569082
nt1853;TL;744929;N1853;N-2354;TR00000000005569083
nt1854;TL;744930;N1854;N-2355;TR00000000005569084
nt1855;TL;744931;N1855;N-2356;TR00000000005569085
nt1856;TL;744932;N1856;N-2357;TR00000000005569086
nt1857;TL;744933;N1857;N-2358;TR00000000005569087
nt1858;TL;744934;N1858;N-2359;TR00000000005569088
nt1859;TL;744935;N1859;N-2360;TR00000000005569089
nt1860;TL;744936;N1860;N-2361;TR00000000005569090
nt1861;TL;744937;N1861;N-2362;TR00000000005569091
nt1862;TL;744938;N1862;N-2363;TR00000000005569092
nt1863;TL;744939;N1863;N-2364;TR00000000005569093
nt1864;TL;744940;N1864;N-2365;TR00000000005569094
nt1865;TL;744941;N1865;N-2366;TR00000000005569095
nt1866;TL;744942;N1866;N-2367;TR00000000005569096
nt1867;TL;744943;N1867;N-2368;TR00000000005569097
nt1868;TL;744944;N1868;N-2369;TR00000000005569098
nt1869;TL;744945;N1869;N-2370;TR00000000005569099
nt1870;TL;744946;N1870;N-2371;TR00000000005569100
nt1871;TL;744947;N1871;N-2372;TR00000000005569101
nt1872;TL;744948;N1872;N-2373;TR00000000005569102
nt1873;TL;744949;N1873;N-2374;TR00000000005569103
nt1874;TL;744950;N1874;N-2375;TR00000000005569104
nt1875;TL;744951;N1875;N-2376;TR00000000005569105
nt1876;TL;744952;N1876;N-2377;TR00000000005569106
nt1877;TL;744953;N1877;N-2378;TR00000000005569107
nt1878;TL;744954;N1878;N-2379;TR00000000005569108
nt1879;TL;744955;N1879;N-2380;TR00000000005569109
nt1880;TL;744956;N1880;N-2381;TR00000000005569110
nt1881;TL;744957;N1881;N-2382;TR00000000005569111
nt1882;TL;744958;N1882;N-2383;TR00000000005569112
nt1883;TL;744959;N1883;N-2384;TR00000000005569113
nt1884;TL;744960;N1884;N-2385;TR00000000005569114
nt1885;TL;744961;N1885;N-2386;TR00000000005569115
nt1886;TL;744962;N1886;N-2387;TR00000000005569116
nt1887;TL;744963;N1887;N-2388;TR00000000005569117
nt1888;TL;744964;N1888;N-2389;TR00000000005569118
nt1889;TL;744965;N1889;N-2390;TR00000000005569119
nt1890;TL;744966;N1890;N-2391;TR00000000005569120
nt1891;TL;744967;N1891;N-2392;TR00000000005569121
nt1892;TL;744968;N1892;N-2393;TR00000000005569122
nt1893;TL;744969;N1893;N-2394;TR00000000005569123
nt1894;TL;744970;N1894;N-2395;TR00000000005569124
nt1895;TL;744971;N1895;N-2396;TR00000000005569125
nt1896;TL;744972;N1896;N-2397;TR00000000005569126
nt1897;TL;744973;N1897;N-2398;TR00000000005569127
nt1898;TL;744974;N1898;N-2399;TR00000000005569128
nt1899;TL;744975;N1899;N-2400;TR00000000005569129
nt1900;TL;744976;N1900;N-2401;TR00000000005569130
nt1901;TL;744977;N1901;N-2402;TR00000000005569131
nt1902;TL;744978;N1902;N-2403;TR00000000005569132
nt1903;TL;744979;N1903;N-2404;TR00000000005569133
nt1904;TL;744980;N1904;N-2405;TR00000000005569134
nt1905;TL;744981;N1905;N-2406;TR00000000005569135
nt1906;TL;744982;N1906;N-2407;TR00000000005569136
nt1907;TL;744983;N1907;N-2408;TR00000000005569137
nt1908;TL;744984;N1908;N-2409;TR00000000005569138
nt1909;TL;744985;N1909;N-2410;TR00000000005569139
nt1910;TL;744986;N1910;N-2411;TR00000000005569140
nt1911;TL;744987;N1911;N-2412;TR00000000005569141
nt1912;TL;744988;N1912;N-2413;TR00000000005569142
nt1913;TL;744989;N1913;N-2414;TR00000000005569143
nt1914;TL;744990;N1914;N-2415;TR00000000005569144
nt1915;TL;744991;N1915;N-2416;TR00000000005569145
nt1916;TL;744992;N1916;N-2417;TR00000000005569146
nt1917;TL;744993;N1917;N-2418;TR00000000005569147
nt1918;TL;744994;N1918;N-2419;TR00000000005569148
nt1919;TL;744995;N1919;N-2420;TR00000000005569149
nt1920;TL;744996;N1920;N-2421;TR00000000005569150
nt1921;TL;744997;N1921;N-2422;TR00000000005569151
nt1922;TL;744998;N1922;N-2423;TR00000000005569152
nt1923;TL;744999;N1923;N-2424;TR00000000005569153
nt1924;TL;745000;N1924;N-2425;TR00000000005569154
nt1925;TL;745001;N1925;N-2426;TR00000000005569155
nt1926;TL;745002;N1926;N-2427;TR00000000005569156
nt1927;TL;745003;N1927;N-2428;TR00000000005569157
nt1928;TL;745004;N1928;N-2429;TR00000000005569158
nt1929;TL;745005;N1929;N-2430;TR00000000005569159
nt1930;TL;745006;N1930;N-2431;TR00000000005569160
nt1931;TL;745007;N1931;N-2432;TR00000000005569161
nt1932;TL;745008;N1932;N-2433;TR00000000005569162
nt1933;TL;745009;N1933;N-2434;TR00000000005569163
nt1934;TL;745010;N1934;N-2435;TR00000000005569164
nt1935;TL;745011;N1935;N-2436;TR00000000005569165
nt1936;TL;745012;N1936;N-2437;TR00000000005569166
nt1937;TL;745013;N1937;N-2438;TR00000000005569167
nt1938;TL;745014;N1938;N-2439;TR00000000005569168
nt1939;TL;745015;N1939;N-2440;TR00000000005569169
nt1940;TL;745016;N1940;N-2441;TR00000000005569170
nt1941;TL;745017;N1941;N-2442;TR00000000005569171
nt1942;TL;745018;N1942;N-2443;TR00000000005569172
nt1943;TL;745019;N1943;N-2444;TR00000000005569173
nt1944;TL;745020;N1944;N-2445;TR00000000005569174
nt1945;TL;745021;N1945;N-2446;TR00000000005569175
nt1946;TL;745022;N1946;N-2447;TR00000000005569176
nt1947;TL;745023;N1947;N-2448;TR00000000005569177
nt1948;TL;745024;N1948;N-2449;TR00000000005569178
nt1949;TL;745025;N1949;N-2450;TR00000000005569179
nt1950;TL;745026;N1950;N-2451;TR00000000005569180
nt1951;TL;745027;N1951;N-2452;TR00000000005569181
nt1952;TL;745028;N1952;N-2453;TR00000000005569182
nt1953;TL;745029;N1953;N-2454;TR00000000005569183
nt1954;TL;745030;N1954;N-2455;TR00000000005569184
nt1955;TL;745031;N1955;N-2456;TR00000000005569185
nt1956;TL;745032;N1956;N-2457;TR00000000005569186
nt1957;TL;745033;N1957;N-2458;TR00000000005569187
nt1958;TL;745034;N1958;N-2459;TR00000000005569188
nt1959;TL;745035;N1959;N-2460;TR00000000005569189
nt1960;TL;745036;N1960;N-2461;TR00000000005569190
nt1961;TL;745037;N1961;N-2462;TR00000000005569191
nt1962;TL;745038;N1962;N-2463;TR00000000005569192
nt1963;TL;745039;N1963;N-2464;TR00000000005569193
nt1964;TL;745040;N1964;N-2465;TR00000000005569194
nt1965;TL;745041;N1965;N-2466;TR00000000005569195
nt1966;TL;745042;N1966;N-2467;TR00000000005569196
nt1967;TL;745043;N1967;N-2468;TR00000000005569197
nt1968;TL;745044;N1968;N-2469;TR00000000005569198
nt1969;TL;745045;N1969;N-2470;TR00000000005569199
nt1970;TL;745046;N1970;N-2471;TR00000000005569200
nt1971;TL;745047;N1971;N-2472;TR00000000005569201
nt1972;TL;745048;N1972;N-2473;TR00000000005569202
nt1973;TL;745049;N1973;N-2474;TR00000000005569203
nt1974;TL;745050;N1974;N-2475;TR00000000005569204
nt1975;TL;745051;N1975;N-2476;TR00000000005569205
nt1976;TL;745052;N1976;N-2477;TR00000000005569206
nt1977;TL;745053;N1977;N-2478;TR00000000005569207
nt1978;TL;745054;N1978;N-2479;TR00000000005569208
nt1979;TL;745055;N1979;N-2480;TR00000000005569209
nt1980;TL;745056;N1980;N-2481;TR00000000005569210
nt1981;TL;745057;N1981;N-2482;TR00000000005569211
nt1982;TL;745058;N1982;N-2483;TR00000000005569212
nt1983;TL;745059;N1983;N-2484;TR00000000005569213
nt1984;TL;745060;N1984;N-2485;TR00000000005569214
nt1985;TL;745061;N1985;N-2486;TR00000000005569215
nt1986;TL;745062;N1986;N-2487;TR00000000005569216
nt1987;TL;745063;N1987;N-2488;TR00000000005569217
nt1988;TL;745064;N1988;N-2489;TR00000000005569218
nt1989;TL;745065;N1989;N-2490;TR00000000005569219
nt1990;TL;745066;N1990;N-2491;TR00000000005569220
nt1991;TL;745067;N1991;N-2492;TR00000000005569221
nt1992;TL;745068;N1992;N-2493;TR00000000005569222
nt1993;TL;745069;N1993;N-2494;TR00000000005569223
nt1994;TL;745070;N1994;N-2495;TR00000000005569224
nt1995;TL;745071;N1995;N-2496;TR00000000005569225
nt1996;TL;745072;N1996;N-2497;TR00000000005569226
nt1997;TL;745073;N1997;N-2498;TR00000000005569227
nt1998;TL;745074;N1998;N-2499;TR00000000005569228
nt1999;TL;745075;N1999;N-2500;TR00000000005569229
nt2000;TL;745076;N2000;N-2501;TR00000000005569230
nt2001;TL;745077;N2001;N-2502;TR00000000005569231
nt2002;TL;745078;N2002;N-2503;TR00000000005569232
nt2003;TL;745079;N2003;N-2504;TR00000000005569233
nt2004;TL;745080;N2004;N-2505;TR00000000005569234
nt2005;TL;745081;N2005;N-2506;TR00000000005569235
nt2006;TL;745082;N2006;N-2507;TR00000000005569236
nt2007;TL;745083;N2007;N-2508;TR00000000005569237
nt2008;TL;745084;N2008;N-2509;TR00000000005569238
nt2009;TL;745085;N2009;N-2510;TR00000000005569239
nt2010;TL;745086;N2010;N-2511;TR00000000005569240
nt2011;TL;745087;N2011;N-2512;TR00000000005569241
nt2012;TL;745088;N2012;N-2513;TR00000000005569242
nt2013;TL;745089;N2013;N-2514;TR00000000005569243
nt2014;TL;745090;N2014;N-2515;TR00000000005569244
nt2015;TL;745091;N2015;N-2516;TR00000000005569245
nt2016;TL;745092;N2016;N-2517;TR00000000005569246
nt2017;TL;745093;N2017;N-2518;TR00000000005569247
nt2018;TL;745094;N2018;N-2519;TR00000000005569248
nt2019;TL;745095;N2019;N-2520;TR00000000005569249
nt2020;TL;745096;N2020;N-2521;TR00000000005569250
nt2021;TL;745097;N2021;N-2522;TR00000000005569251
nt2022;TL;745098;N2022;N-2523;TR00000000005569252
nt2023;TL;745099;N2023;N-2524;TR00000000005569253
nt2024;TL;745100;N2024;N-2525;TR00000000005569254
nt2025;TL;745101;N2025;N-2526;TR00000000005569255
nt2026;TL;745102;N2026;N-2527;TR00000000005569256
nt2027;TL;745103;N2027;N-2528;TR00000000005569257
nt2028;TL;745104;N2028;N-2529;TR00000000005569258
nt2029;TL;745105;N2029;N-2530;TR00000000005569259
nt2030;TL;745106;N2030;N-2531;TR00000000005569260
nt2031;TL;745107;N2031;N-2532;TR00000000005569261
nt2032;TL;745108;N2032;N-2533;TR00000000005569262
nt2033;TL;745109;N2033;N-2534;TR00000000005569263
nt2034;TL;745110;N2034;N-2535;TR00000000005569264
nt2035;TL;745111;N2035;N-2536;TR00000000005569265
nt2036;TL;745112;N2036;N-2537;TR00000000005569266
nt2037;TL;745113;N2037;N-2538;TR00000000005569267
nt2038;TL;745114;N2038;N-2539;TR00000000005569268
nt2039;TL;745115;N2039;N-2540;TR00000000005569269
nt2040;TL;745116;N2040;N-2541;TR00000000005569270
nt2041;TL;745117;N2041;N-2542;TR00000000005569271
nt2042;TL;745118;N2042;N-2543;TR00000000005569272
nt2043;TL;745119;N2043;N-2544;TR00000000005569273
nt2044;TL;745120;N2044;N-2545;TR00000000005569274
nt2045;TL;745121;N2045;N-2546;TR00000000005569275
nt2046;TL;745122;N2046;N-2547;TR00000000005569276
nt2047;TL;745123;N2047;N-2548;TR00000000005569277
nt2048;TL;745124;N2048;N-2549;TR00000000005569278
nt2049;TL;745125;N2049;N-2550;TR00000000005569279
nt2050;TL;745126;N2050;N-2551;TR00000000005569280
nt2051;TL;745127;N2051;N-2552;TR00000000005569281
nt2052;TL;745128;N2052;N-2553;TR00000000005569282
nt2053;TL;745129;N2053;N-2554;TR00000000005569283
nt2054;TL;745130;N2054;N-2555;TR00000000005569284
nt2055;TL;745131;N2055;N-2556;TR00000000005569285
nt2056;TL;745132;N2056;N-2557;TR00000000005569286
nt2057;TL;745133;N2057;N-2558;TR00000000005569287
nt2058;TL;745134;N2058;N-2559;TR00000000005569288
nt2059;TL;745135;N2059;N-2560;TR00000000005569289
nt2060;TL;745136;N2060;N-2561;TR00000000005569290
nt2061;TL;745137;N2061;N-2562;TR00000000005569291
nt2062;TL;745138;N2062;N-2563;TR00000000005569292
nt2063;TL;745139;N2063;N-2564;TR00000000005569293
nt2064;TL;745140;N2064;N-2565;TR00000000005569294
nt2065;TL;745141;N2065;N-2566;TR00000000005569295
nt2066;TL;745142;N2066;N-2567;TR00000000005569296
nt2067;TL;745143;N2067;N-2568;TR00000000005569297
nt2068;TL;745144;N2068;N-2569;TR00000000005569298
nt2069;TL;745145;N2069;N-2570;TR00000000005569299
nt2070;TL;745146;N2070;N-2571;TR00000000005569300
nt2071;TL;745147;N2071;N-2572;TR00000000005569301
nt2072;TL;745148;N2072;N-2573;TR00000000005569302
nt2073;TL;745149;N2073;N-2574;TR00000000005569303
nt2074;TL;745150;N2074;N-2575;TR00000000005569304
nt2075;TL;745151;N2075;N-2576;TR00000000005569305
nt2076;TL;745152;N2076;N-2577;TR00000000005569306
nt2077;TL;745153;N2077;N-2578;TR00000000005569307
nt2078;TL;745154;N2078;N-2579;TR00000000005569308
nt2079;TL;745155;N2079;N-2580;TR00000000005569309
nt2080;TL;745156;N2080;N-2581;TR00000000005569310
nt2081;TL;745157;N2081;N-2582;TR00000000005569311
nt2082;TL;745158;N2082;N-2583;TR00000000005569312
nt2083;TL;745159;N2083;N-2584;TR00000000005569313
nt2084;TL;745160;N2084;N-2585;TR00000000005569314
nt2085;TL;745161;N2085;N-2586;TR00000000005569315
nt2086;TL;745162;N2086;N-2587;TR00000000005569316
nt2087;TL;745163;N2087;N-2588;TR00000000005569317
nt2088;TL;745164;N2088;N-2589;TR00000000005569318
nt2089;TL;745165;N2089;N-2590;TR00000000005569319
nt2090;TL;745166;N2090;N-2591;TR00000000005569320
nt2091;TL;745167;N2091;N-2592;TR00000000005569321
nt2092;TL;745168;N2092;N-2593;TR00000000005569322
nt2093;TL;745169;N2093;N-2594;TR00000000005569323
nt2094;TL;745170;N2094;N-2595;TR00000000005569324
nt2095;TL;745171;N2095;N-2596;TR00000000005569325
nt2096;TL;745172;N2096;N-2597;TR00000000005569326
nt2097;TL;745173;N2097;N-2598;TR00000000005569327
nt2098;TL;745174;N2098;N-2599;TR00000000005569328
nt2099;TL;745175;N2099;N-2600;TR00000000005569329
nt2100;TL;745176;N2100;N-2601;TR00000000005569330
nt2101;TL;745177;N2101;N-2602;TR00000000005569331
nt2102;TL;745178;N2102;N-2603;TR00000000005569332
nt2103;TL;745179;N2103;N-2604;TR00000000005569333
nt2104;TL;745180;N2104;N-2605;TR00000000005569334
nt2105;TL;745181;N2105;N-2606;TR00000000005569335
nt2106;TL;745182;N2106;N-2607;TR00000000005569336
nt2107;TL;745183;N2107;N-2608;TR00000000005569337
nt2108;TL;745184;N2108;N-2609;TR00000000005569338
nt2109;TL;745185;N2109;N-2610;TR00000000005569339
nt2110;TL;745186;N2110;N-2611;TR00000000005569340
nt2111;TL;745187;N2111;N-2612;TR00000000005569341
nt2112;TL;745188;N2112;N-2613;TR00000000005569342
nt2113;TL;745189;N2113;N-2614;TR00000000005569343
nt2114;TL;745190;N2114;N-2615;TR00000000005569344
nt2115;TL;745191;N2115;N-2616;TR00000000005569345
nt2116;TL;745192;N2116;N-2617;TR00000000005569346
nt2117;TL;745193;N2117;N-2618;TR00000000005569347
nt2118;TL;745194;N2118;N-2619;TR00000000005569348
nt2119;TL;745195;N2119;N-2620;TR00000000005569349
nt2120;TL;745196;N2120;N-2621;TR00000000005569350
nt2121;TL;745197;N2121;N-2622;TR00000000005569351
nt2122;TL;745198;N2122;N-2623;TR00000000005569352
nt2123;TL;745199;N2123;N-2624;TR00000000005569353
nt2124;TL;745200;N2124;N-2625;TR00000000005569354
nt2125;TL;745201;N2125;N-2626;TR00000000005569355
nt2126;TL;745202;N2126;N-2627;TR00000000005569356
nt2127;TL;745203;N2127;N-2628;TR00000000005569357
nt2128;TL;745204;N2128;N-2629;TR00000000005569358
nt2129;TL;745205;N2129;N-2630;TR00000000005569359
nt2130;TL;745206;N2130;N-2631;TR00000000005569360
nt2131;TL;745207;N2131;N-2632;TR00000000005569361
nt2132;TL;745208;N2132;N-2633;TR00000000005569362
nt2133;TL;745209;N2133;N-2634;TR00000000005569363
nt2134;TL;745210;N2134;N-2635;TR00000000005569364
nt2135;TL;745211;N2135;N-2636;TR00000000005569365
nt2136;TL;745212;N2136;N-2637;TR00000000005569366
nt2137;TL;745213;N2137;N-2638;TR00000000005569367
nt2138;TL;745214;N2138;N-2639;TR00000000005569368
nt2139;TL;745215;N2139;N-2640;TR00000000005569369
nt2140;TL;745216;N2140;N-2641;TR00000000005569370
nt2141;TL;745217;N2141;N-2642;TR00000000005569371
nt2142;TL;745218;N2142;N-2643;TR00000000005569372
nt2143;TL;745219;N2143;N-2644;TR00000000005569373
nt2144;TL;745220;N2144;N-2645;TR00000000005569374
nt2145;TL;745221;N2145;N-2646;TR00000000005569375
nt2146;TL;745222;N2146;N-2647;TR00000000005569376
nt2147;TL;745223;N2147;N-2648;TR00000000005569377
nt2148;TL;745224;N2148;N-2649;TR00000000005569378
nt2149;TL;745225;N2149;N-2650;TR00000000005569379
nt2150;TL;745226;N2150;N-2651;TR00000000005569380
nt2151;TL;745227;N2151;N-2652;TR00000000005569381
nt2152;TL;745228;N2152;N-2653;TR00000000005569382
nt2153;TL;745229;N2153;N-2654;TR00000000005569383
nt2154;TL;745230;N2154;N-2655;TR00000000005569384
nt2155;TL;745231;N2155;N-2656;TR00000000005569385
nt2156;TL;745232;N2156;N-2657;TR00000000005569386
nt2157;TL;745233;N2157;N-2658;TR00000000005569387
nt2158;TL;745234;N2158;N-2659;TR00000000005569388
nt2159;TL;745235;N2159;N-2660;TR00000000005569389
nt2160;TL;745236;N2160;N-2661;TR00000000005569390
nt2161;TL;745237;N2161;N-2662;TR00000000005569391
nt2162;TL;745238;N2162;N-2663;TR00000000005569392
nt2163;TL;745239;N2163;N-2664;TR00000000005569393
nt2164;TL;745240;N2164;N-2665;TR00000000005569394
nt2165;TL;745241;N2165;N-2666;TR00000000005569395
nt2166;TL;745242;N2166;N-2667;TR00000000005569396
nt2167;TL;745243;N2167;N-2668;TR00000000005569397
nt2168;TL;745244;N2168;N-2669;TR00000000005569398
nt2169;TL;745245;N2169;N-2670;TR00000000005569399
nt2170;TL;745246;N2170;N-2671;TR00000000005569400
nt2171;TL;745247;N2171;N-2672;TR00000000005569401
nt2172;TL;745248;N2172;N-2673;TR00000000005569402
nt2173;TL;745249;N2173;N-2674;TR00000000005569403
nt2174;TL;745250;N2174;N-2675;TR00000000005569404
nt2175;TL;745251;N2175;N-2676;TR00000000005569405
nt2176;TL;745252;N2176;N-2677;TR00000000005569406
nt2177;TL;745253;N2177;N-2678;TR00000000005569407
nt2178;TL;745254;N2178;N-2679;TR00000000005569408
nt2179;TL;745255;N2179;N-2680;TR00000000005569409
nt2180;TL;745256;N2180;N-2681;TR00000000005569410
nt2181;TL;745257;N2181;N-2682;TR00000000005569411
nt2182;TL;745258;N2182;N-2683;TR00000000005569412
nt2183;TL;745259;N2183;N-2684;TR00000000005569413
nt2184;TL;745260;N2184;N-2685;TR00000000005569414
nt2185;TL;745261;N2185;N-2686;TR00000000005569415
nt2186;TL;745262;N2186;N-2687;TR00000000005569416
nt2187;TL;745263;N2187;N-2688;TR00000000005569417
nt2188;TL;745264;N2188;N-2689;TR00000000005569418
nt2189;TL;745265;N2189;N-2690;TR00000000005569419
nt2190;TL;745266;N2190;N-2691;TR00000000005569420
nt2191;TL;745267;N2191;N-2692;TR00000000005569421
nt2192;TL;745268;N2192;N-2693;TR00000000005569422
nt2193;TL;745269;N2193;N-2694;TR00000000005569423
nt2194;TL;745270;N2194;N-2695;TR00000000005569424
nt2195;TL;745271;N2195;N-2696;TR00000000005569425
nt2196;TL;745272;N2196;N-2697;TR00000000005569426
nt2197;TL;745273;N2197;N-2698;TR00000000005569427
nt2198;TL;745274;N2198;N-2699;TR00000000005569428
nt2199;TL;745275;N2199;N-2700;TR00000000005569429
nt2200;TL;745276;N2200;N-2701;TR00000000005569430
nt2201;TL;745277;N2201;N-2702;TR00000000005569431
nt2202;TL;745278;N2202;N-2703;TR00000000005569432
nt2203;TL;745279;N2203;N-2704;TR00000000005569433
nt2204;TL;745280;N2204;N-2705;TR00000000005569434
nt2205;TL;745281;N2205;N-2706;TR00000000005569435
nt2206;TL;745282;N2206;N-2707;TR00000000005569436
nt2207;TL;745283;N2207;N-2708;TR00000000005569437
nt2208;TL;745284;N2208;N-2709;TR00000000005569438
nt2209;TL;745285;N2209;N-2710;TR00000000005569439
nt2210;TL;745286;N2210;N-2711;TR00000000005569440
nt2211;TL;745287;N2211;N-2712;TR00000000005569441
nt2212;TL;745288;N2212;N-2713;TR00000000005569442
nt2213;TL;745289;N2213;N-2714;TR00000000005569443
nt2214;TL;745290;N2214;N-2715;TR00000000005569444
nt2215;TL;745291;N2215;N-2716;TR00000000005569445
nt2216;TL;745292;N2216;N-2717;TR00000000005569446
nt2217;TL;745293;N2217;N-2718;TR00000000005569447
nt2218;TL;745294;N2218;N-2719;TR00000000005569448
nt2219;TL;745295;N2219;N-2720;TR00000000005569449
nt2220;TL;745296;N2220;N-2721;TR00000000005569450
nt2221;TL;745297;N2221;N-2722;TR00000000005569451
nt2222;TL;745298;N2222;N-2723;TR00000000005569452
nt2223;TL;745299;N2223;N-2724;TR00000000005569453
nt2224;TL;745300;N2224;N-2725;TR00000000005569454
nt2225;TL;745301;N2225;N-2726;TR00000000005569455
nt2226;TL;745302;N2226;N-2727;TR00000000005569456
nt2227;TL;745303;N2227;N-2728;TR00000000005569457
nt2228;TL;745304;N2228;N-2729;TR00000000005569458
nt2229;TL;745305;N2229;N-2730;TR00000000005569459
nt2230;TL;745306;N2230;N-2731;TR00000000005569460
nt2231;TL;745307;N2231;N-2732;TR00000000005569461
nt2232;TL;745308;N2232;N-2733;TR00000000005569462
nt2233;TL;745309;N2233;N-2734;TR00000000005569463
nt2234;TL;745310;N2234;N-2735;TR00000000005569464
nt2235;TL;745311;N2235;N-2736;TR00000000005569465
nt2236;TL;745312;N2236;N-2737;TR00000000005569466
nt2237;TL;745313;N2237;N-2738;TR00000000005569467
nt2238;TL;745314;N2238;N-2739;TR00000000005569468
nt2239;TL;745315;N2239;N-2740;TR00000000005569469
nt2240;TL;745316;N2240;N-2741;TR00000000005569470
nt2241;TL;745317;N2241;N-2742;TR00000000005569471
nt2242;TL;745318;N2242;N-2743;TR00000000005569472
nt2243;TL;745319;N2243;N-2744;TR00000000005569473
nt2244;TL;745320;N2244;N-2745;TR00000000005569474
nt2245;TL;745321;N2245;N-2746;TR00000000005569475
nt2246;TL;745322;N2246;N-2747;TR00000000005569476
nt2247;TL;745323;N2247;N-2748;TR00000000005569477
nt2248;TL;745324;N2248;N-2749;TR00000000005569478
nt2249;TL;745325;N2249;N-2750;TR00000000005569479
nt2250;TL;745326;N2250;N-2751;TR00000000005569480
nt2251;TL;745327;N2251;N-2752;TR00000000005569481
nt2252;TL;745328;N2252;N-2753;TR00000000005569482
nt2253;TL;745329;N2253;N-2754;TR00000000005569483
nt2254;TL;745330;N2254;N-2755;TR00000000005569484
nt2255;TL;745331;N2255;N-2756;TR00000000005569485
nt2256;TL;745332;N2256;N-2757;TR00000000005569486
nt2257;TL;745333;N2257;N-2758;TR00000000005569487
nt2258;TL;745334;N2258;N-2759;TR00000000005569488
nt2259;TL;745335;N2259;N-2760;TR00000000005569489
nt2260;TL;745336;N2260;N-2761;TR00000000005569490
nt2261;TL;745337;N2261;N-2762;TR00000000005569491
nt2262;TL;745338;N2262;N-2763;TR00000000005569492
nt2263;TL;745339;N2263;N-2764;TR00000000005569493
nt2264;TL;745340;N2264;N-2765;TR00000000005569494
nt2265;TL;745341;N2265;N-2766;TR00000000005569495
nt2266;TL;745342;N2266;N-2767;TR00000000005569496
nt2267;TL;745343;N2267;N-2768;TR00000000005569497
nt2268;TL;745344;N2268;N-2769;TR00000000005569498
nt2269;TL;745345;N2269;N-2770;TR00000000005569499
nt2270;TL;745346;N2270;N-2771;TR00000000005569500
nt2271;TL;745347;N2271;N-2772;TR00000000005569501
nt2272;TL;745348;N2272;N-2773;TR00000000005569502
nt2273;TL;745349;N2273;N-2774;TR00000000005569503
nt2274;TL;745350;N2274;N-2775;TR00000000005569504
nt2275;TL;745351;N2275;N-2776;TR00000000005569505
nt2276;TL;745352;N2276;N-2777;TR00000000005569506
nt2277;TL;745353;N2277;N-2778;TR00000000005569507
nt2278;TL;745354;N2278;N-2779;TR00000000005569508
nt2279;TL;745355;N2279;N-2780;TR00000000005569509
nt2280;TL;745356;N2280;N-2781;TR00000000005569510
nt2281;TL;745357;N2281;N-2782;TR00000000005569511
nt2282;TL;745358;N2282;N-2783;TR00000000005569512
nt2283;TL;745359;N2283;N-2784;TR00000000005569513
nt2284;TL;745360;N2284;N-2785;TR00000000005569514
nt2285;TL;745361;N2285;N-2786;TR00000000005569515
nt2286;TL;745362;N2286;N-2787;TR00000000005569516
nt2287;TL;745363;N2287;N-2788;TR00000000005569517
nt2288;TL;745364;N2288;N-2789;TR00000000005569518
nt2289;TL;745365;N2289;N-2790;TR00000000005569519
nt2290;TL;745366;N2290;N-2791;TR00000000005569520
nt2291;TL;745367;N2291;N-2792;TR00000000005569521
nt2292;TL;745368;N2292;N-2793;TR00000000005569522
nt2293;TL;745369;N2293;N-2794;TR00000000005569523
nt2294;TL;745370;N2294;N-2795;TR00000000005569524
nt2295;TL;745371;N2295;N-2796;TR00000000005569525
nt2296;TL;745372;N2296;N-2797;TR00000000005569526
nt2297;TL;745373;N2297;N-2798;TR00000000005569527
nt2298;TL;745374;N2298;N-2799;TR00000000005569528
nt2299;TL;745375;N2299;N-2800;TR00000000005569529
nt2300;TL;745376;N2300;N-2801;TR00000000005569530
nt2301;TL;745377;N2301;N-2802;TR00000000005569531
nt2302;TL;745378;N2302;N-2803;TR00000000005569532
nt2303;TL;745379;N2303;N-2804;TR00000000005569533
nt2304;TL;745380;N2304;N-2805;TR00000000005569534
nt2305;TL;745381;N2305;N-2806;TR00000000005569535
nt2306;TL;745382;N2306;N-2807;TR00000000005569536
nt2307;TL;745383;N2307;N-2808;TR00000000005569537
nt2308;TL;745384;N2308;N-2809;TR00000000005569538
nt2309;TL;745385;N2309;N-2810;TR00000000005569539
nt2310;TL;745386;N2310;N-2811;TR00000000005569540
nt2311;TL;745387;N2311;N-2812;TR00000000005569541
nt2312;TL;745388;N2312;N-2813;TR00000000005569542
nt2313;TL;745389;N2313;N-2814;TR00000000005569543
nt2314;TL;745390;N2314;N-2815;TR00000000005569544
nt2315;TL;745391;N2315;N-2816;TR00000000005569545
nt2316;TL;745392;N2316;N-2817;TR00000000005569546
nt2317;TL;745393;N2317;N-2818;TR00000000005569547
nt2318;TL;745394;N2318;N-2819;TR00000000005569548
nt2319;TL;745395;N2319;N-2820;TR00000000005569549
nt2320;TL;745396;N2320;N-2821;TR00000000005569550
nt2321;TL;745397;N2321;N-2822;TR00000000005569551
nt2322;TL;745398;N2322;N-2823;TR00000000005569552
nt2323;TL;745399;N2323;N-2824;TR00000000005569553
nt2324;TL;745400;N2324;N-2825;TR00000000005569554
nt2325;TL;745401;N2325;N-2826;TR00000000005569555
nt2326;TL;745402;N2326;N-2827;TR00000000005569556
nt2327;TL;745403;N2327;N-2828;TR00000000005569557
nt2328;TL;745404;N2328;N-2829;TR00000000005569558
nt2329;TL;745405;N2329;N-2830;TR00000000005569559
nt2330;TL;745406;N2330;N-2831;TR00000000005569560
nt2331;TL;745407;N2331;N-2832;TR00000000005569561
nt2332;TL;745408;N2332;N-2833;TR00000000005569562
nt2333;TL;745409;N2333;N-2834;TR00000000005569563
nt2334;TL;745410;N2334;N-2835;TR00000000005569564
nt2335;TL;745411;N2335;N-2836;TR00000000005569565
nt2336;TL;745412;N2336;N-2837;TR00000000005569566
nt2337;TL;745413;N2337;N-2838;TR00000000005569567
nt2338;TL;745414;N2338;N-2839;TR00000000005569568
nt2339;TL;745415;N2339;N-2840;TR00000000005569569
nt2340;TL;745416;N2340;N-2841;TR00000000005569570
nt2341;TL;745417;N2341;N-2842;TR00000000005569571
nt2342;TL;745418;N2342;N-2843;TR00000000005569572
nt2343;TL;745419;N2343;N-2844;TR00000000005569573
nt2344;TL;745420;N2344;N-2845;TR00000000005569574
nt2345;TL;745421;N2345;N-2846;TR00000000005569575
nt2346;TL;745422;N2346;N-2847;TR00000000005569576
nt2347;TL;745423;N2347;N-2848;TR00000000005569577
nt2348;TL;745424;N2348;N-2849;TR00000000005569578
nt2349;TL;745425;N2349;N-2850;TR00000000005569579
nt2350;TL;745426;N2350;N-2851;TR00000000005569580
nt2351;TL;745427;N2351;N-2852;TR00000000005569581
nt2352;TL;745428;N2352;N-2853;TR00000000005569582
nt2353;TL;745429;N2353;N-2854;TR00000000005569583
nt2354;TL;745430;N2354;N-2855;TR00000000005569584
nt2355;TL;745431;N2355;N-2856;TR00000000005569585
nt2356;TL;745432;N2356;N-2857;TR00000000005569586
nt2357;TL;745433;N2357;N-2858;TR00000000005569587
nt2358;TL;745434;N2358;N-2859;TR00000000005569588
nt2359;TL;745435;N2359;N-2860;TR00000000005569589
nt2360;TL;745436;N2360;N-2861;TR00000000005569590
nt2361;TL;745437;N2361;N-2862;TR00000000005569591
nt2362;TL;745438;N2362;N-2863;TR00000000005569592
nt2363;TL;745439;N2363;N-2864;TR00000000005569593
nt2364;TL;745440;N2364;N-2865;TR00000000005569594
nt2365;TL;745441;N2365;N-2866;TR00000000005569595
nt2366;TL;745442;N2366;N-2867;TR00000000005569596
nt2367;TL;745443;N2367;N-2868;TR00000000005569597
nt2368;TL;745444;N2368;N-2869;TR00000000005569598
nt2369;TL;745445;N2369;N-2870;TR00000000005569599
nt2370;TL;745446;N2370;N-2871;TR00000000005569600
nt2371;TL;745447;N2371;N-2872;TR00000000005569601
nt2372;TL;745448;N2372;N-2873;TR00000000005569602
nt2373;TL;745449;N2373;N-2874;TR00000000005569603
nt2374;TL;745450;N2374;N-2875;TR00000000005569604
nt2375;TL;745451;N2375;N-2876;TR00000000005569605
nt2376;TL;745452;N2376;N-2877;TR00000000005569606
nt2377;TL;745453;N2377;N-2878;TR00000000005569607
nt2378;TL;745454;N2378;N-2879;TR00000000005569608
nt2379;TL;745455;N2379;N-2880;TR00000000005569609
nt2380;TL;745456;N2380;N-2881;TR00000000005569610
nt2381;TL;745457;N2381;N-2882;TR00000000005569611
nt2382;TL;745458;N2382;N-2883;TR00000000005569612
nt2383;TL;745459;N2383;N-2884;TR00000000005569613
nt2384;TL;745460;N2384;N-2885;TR00000000005569614
nt2385;TL;745461;N2385;N-2886;TR00000000005569615
nt2386;TL;745462;N2386;N-2887;TR00000000005569616
nt2387;TL;745463;N2387;N-2888;TR00000000005569617
nt2388;TL;745464;N2388;N-2889;TR00000000005569618
nt2389;TL;745465;N2389;N-2890;TR00000000005569619
nt2390;TL;745466;N2390;N-2891;TR00000000005569620
nt2391;TL;745467;N2391;N-2892;TR00000000005569621
nt2392;TL;745468;N2392;N-2893;TR00000000005569622
nt2393;TL;745469;N2393;N-2894;TR00000000005569623
nt2394;TL;745470;N2394;N-2895;TR00000000005569624
nt2395;TL;745471;N2395;N-2896;TR00000000005569625
nt2396;TL;745472;N2396;N-2897;TR00000000005569626
nt2397;TL;745473;N2397;N-2898;TR00000000005569627
nt2398;TL;745474;N2398;N-2899;TR00000000005569628
nt2399;TL;745475;N2399;N-2900;TR00000000005569629
nt2400;TL;745476;N2400;N-2901;TR00000000005569630
nt2401;TL;745477;N2401;N-2902;TR00000000005569631
nt2402;TL;745478;N2402;N-2903;TR00000000005569632
nt2403;TL;745479;N2403;N-2904;TR00000000005569633
nt2404;TL;745480;N2404;N-2905;TR00000000005569634
nt2405;TL;745481;N2405;N-2906;TR00000000005569635
nt2406;TL;745482;N2406;N-2907;TR00000000005569636
nt2407;TL;745483;N2407;N-2908;TR00000000005569637
nt2408;TL;745484;N2408;N-2909;TR00000000005569638
nt2409;TL;745485;N2409;N-2910;TR00000000005569639
nt2410;TL;745486;N2410;N-2911;TR00000000005569640
nt2411;TL;745487;N2411;N-2912;TR00000000005569641
nt2412;TL;745488;N2412;N-2913;TR00000000005569642
nt2413;TL;745489;N2413;N-2914;TR00000000005569643
nt2414;TL;745490;N2414;N-2915;TR00000000005569644
nt2415;TL;745491;N2415;N-2916;TR00000000005569645
nt2416;TL;745492;N2416;N-2917;TR00000000005569646
nt2417;TL;745493;N2417;N-2918;TR00000000005569647
nt2418;TL;745494;N2418;N-2919;TR00000000005569648
nt2419;TL;745495;N2419;N-2920;TR00000000005569649
nt2420;TL;745496;N2420;N-2921;TR00000000005569650
nt2421;TL;745497;N2421;N-2922;TR00000000005569651
nt2422;TL;745498;N2422;N-2923;TR00000000005569652
nt2423;TL;745499;N2423;N-2924;TR00000000005569653
nt2424;TL;745500;N2424;N-2925;TR00000000005569654
nt2425;TL;745501;N2425;N-2926;TR00000000005569655
nt2426;TL;745502;N2426;N-2927;TR00000000005569656
nt2427;TL;745503;N2427;N-2928;TR00000000005569657
nt2428;TL;745504;N2428;N-2929;TR00000000005569658
nt2429;TL;745505;N2429;N-2930;TR00000000005569659
nt2430;TL;745506;N2430;N-2931;TR00000000005569660
nt2431;TL;745507;N2431;N-2932;TR00000000005569661
nt2432;TL;745508;N2432;N-2933;TR00000000005569662
nt2433;TL;745509;N2433;N-2934;TR00000000005569663
nt2434;TL;745510;N2434;N-2935;TR00000000005569664
nt2435;TL;745511;N2435;N-2936;TR00000000005569665
nt2436;TL;745512;N2436;N-2937;TR00000000005569666
nt2437;TL;745513;N2437;N-2938;TR00000000005569667
nt2438;TL;745514;N2438;N-2939;TR00000000005569668
nt2439;TL;745515;N2439;N-2940;TR00000000005569669
nt2440;TL;745516;N2440;N-2941;TR00000000005569670
nt2441;TL;745517;N2441;N-2942;TR00000000005569671
nt2442;TL;745518;N2442;N-2943;TR00000000005569672
nt2443;TL;745519;N2443;N-2944;TR00000000005569673
nt2444;TL;745520;N2444;N-2945;TR00000000005569674
nt2445;TL;745521;N2445;N-2946;TR00000000005569675
nt2446;TL;745522;N2446;N-2947;TR00000000005569676
nt2447;TL;745523;N2447;N-2948;TR00000000005569677
nt2448;TL;745524;N2448;N-2949;TR00000000005569678
nt2449;TL;745525;N2449;N-2950;TR00000000005569679
nt2450;TL;745526;N2450;N-2951;TR00000000005569680
nt2451;TL;745527;N2451;N-2952;TR00000000005569681
nt2452;TL;745528;N2452;N-2953;TR00000000005569682
nt2453;TL;745529;N2453;N-2954;TR00000000005569683
nt2454;TL;745530;N2454;N-2955;TR00000000005569684
nt2455;TL;745531;N2455;N-2956;TR00000000005569685
nt2456;TL;745532;N2456;N-2957;TR00000000005569686
nt2457;TL;745533;N2457;N-2958;TR00000000005569687
nt2458;TL;745534;N2458;N-2959;TR00000000005569688
nt2459;TL;745535;N2459;N-2960;TR00000000005569689
nt2460;TL;745536;N2460;N-2961;TR00000000005569690
nt2461;TL;745537;N2461;N-2962;TR00000000005569691
nt2462;TL;745538;N2462;N-2963;TR00000000005569692
nt2463;TL;745539;N2463;N-2964;TR00000000005569693
nt2464;TL;745540;N2464;N-2965;TR00000000005569694
nt2465;TL;745541;N2465;N-2966;TR00000000005569695
nt2466;TL;745542;N2466;N-2967;TR00000000005569696
nt2467;TL;745543;N2467;N-2968;TR00000000005569697
nt2468;TL;745544;N2468;N-2969;TR00000000005569698
nt2469;TL;745545;N2469;N-2970;TR00000000005569699
nt2470;TL;745546;N2470;N-2971;TR00000000005569700
nt2471;TL;745547;N2471;N-2972;TR00000000005569701
nt2472;TL;745548;N2472;N-2973;TR00000000005569702
nt2473;TL;745549;N2473;N-2974;TR00000000005569703
nt2474;TL;745550;N2474;N-2975;TR00000000005569704
nt2475;TL;745551;N2475;N-2976;TR00000000005569705
nt2476;TL;745552;N2476;N-2977;TR00000000005569706
nt2477;TL;745553;N2477;N-2978;TR00000000005569707
nt2478;TL;745554;N2478;N-2979;TR00000000005569708
nt2479;TL;745555;N2479;N-2980;TR00000000005569709
nt2480;TL;745556;N2480;N-2981;TR00000000005569710
nt2481;TL;745557;N2481;N-2982;TR00000000005569711
nt2482;TL;745558;N2482;N-2983;TR00000000005569712
nt2483;TL;745559;N2483;N-2984;TR00000000005569713
nt2484;TL;745560;N2484;N-2985;TR00000000005569714
nt2485;TL;745561;N2485;N-2986;TR00000000005569715
nt2486;TL;745562;N2486;N-2987;TR00000000005569716
nt2487;TL;745563;N2487;N-2988;TR00000000005569717
nt2488;TL;745564;N2488;N-2989;TR00000000005569718
nt2489;TL;745565;N2489;N-2990;TR00000000005569719
nt2490;TL;745566;N2490;N-2991;TR00000000005569720
nt2491;TL;745567;N2491;N-2992;TR00000000005569721
nt2492;TL;745568;N2492;N-2993;TR00000000005569722
nt2493;TL;745569;N2493;N-2994;TR00000000005569723
nt2494;TL;745570;N2494;N-2995;TR00000000005569724
nt2495;TL;745571;N2495;N-2996;TR00000000005569725
nt2496;TL;745572;N2496;N-2997;TR00000000005569726
nt2497;TL;745573;N2497;N-2998;TR00000000005569727
nt2498;TL;745574;N2498;N-2999;TR00000000005569728
nt2499;TL;745575;N2499;N-3000;TR00000000005569729
nt2500;TL;745576;N2500;N-3001;TR00000000005569730
nt2501;TL;745577;N2501;N-3002;TR00000000005569731
nt2502;TL;745578;N2502;N-3003;TR00000000005569732
nt2503;TL;745579;N2503;N-3004;TR00000000005569733
nt2504;TL;745580;N2504;N-3005;TR00000000005569734
nt2505;TL;745581;N2505;N-3006;TR00000000005569735
nt2506;TL;745582;N2506;N-3007;TR00000000005569736
nt2507;TL;745583;N2507;N-3008;TR00000000005569737
nt2508;TL;745584;N2508;N-3009;TR00000000005569738
nt2509;TL;745585;N2509;N-3010;TR00000000005569739
nt2510;TL;745586;N2510;N-3011;TR00000000005569740
nt2511;TL;745587;N2511;N-3012;TR00000000005569741
nt2512;TL;745588;N2512;N-3013;TR00000000005569742
nt2513;TL;745589;N2513;N-3014;TR00000000005569743
nt2514;TL;745590;N2514;N-3015;TR00000000005569744
nt2515;TL;745591;N2515;N-3016;TR00000000005569745
nt2516;TL;745592;N2516;N-3017;TR00000000005569746
nt2517;TL;745593;N2517;N-3018;TR00000000005569747
nt2518;TL;745594;N2518;N-3019;TR00000000005569748
nt2519;TL;745595;N2519;N-3020;TR00000000005569749
nt2520;TL;745596;N2520;N-3021;TR00000000005569750
nt2521;TL;745597;N2521;N-3022;TR00000000005569751
nt2522;TL;745598;N2522;N-3023;TR00000000005569752
nt2523;TL;745599;N2523;N-3024;TR00000000005569753
nt2524;TL;745600;N2524;N-3025;TR00000000005569754
nt2525;TL;745601;N2525;N-3026;TR00000000005569755
nt2526;TL;745602;N2526;N-3027;TR00000000005569756
nt2527;TL;745603;N2527;N-3028;TR00000000005569757
nt2528;TL;745604;N2528;N-3029;TR00000000005569758
nt2529;TL;745605;N2529;N-3030;TR00000000005569759
nt2530;TL;745606;N2530;N-3031;TR00000000005569760
nt2531;TL;745607;N2531;N-3032;TR00000000005569761
nt2532;TL;745608;N2532;N-3033;TR00000000005569762
nt2533;TL;745609;N2533;N-3034;TR00000000005569763
nt2534;TL;745610;N2534;N-3035;TR00000000005569764
nt2535;TL;745611;N2535;N-3036;TR00000000005569765
nt2536;TL;745612;N2536;N-3037;TR00000000005569766
nt2537;TL;745613;N2537;N-3038;TR00000000005569767
nt2538;TL;745614;N2538;N-3039;TR00000000005569768
nt2539;TL;745615;N2539;N-3040;TR00000000005569769
nt2540;TL;745616;N2540;N-3041;TR00000000005569770
nt2541;TL;745617;N2541;N-3042;TR00000000005569771
nt2542;TL;745618;N2542;N-3043;TR00000000005569772
nt2543;TL;745619;N2543;N-3044;TR00000000005569773
nt2544;TL;745620;N2544;N-3045;TR00000000005569774
nt2545;TL;745621;N2545;N-3046;TR00000000005569775
nt2546;TL;745622;N2546;N-3047;TR00000000005569776
nt2547;TL;745623;N2547;N-3048;TR00000000005569777
nt2548;TL;745624;N2548;N-3049;TR00000000005569778
nt2549;TL;745625;N2549;N-3050;TR00000000005569779
nt2550;TL;745626;N2550;N-3051;TR00000000005569780
nt2551;TL;745627;N2551;N-3052;TR00000000005569781
nt2552;TL;745628;N2552;N-3053;TR00000000005569782
nt2553;TL;745629;N2553;N-3054;TR00000000005569783
nt2554;TL;745630;N2554;N-3055;TR00000000005569784
nt2555;TL;745631;N2555;N-3056;TR00000000005569785
nt2556;TL;745632;N2556;N-3057;TR00000000005569786
nt2557;TL;745633;N2557;N-3058;TR00000000005569787
nt2558;TL;745634;N2558;N-3059;TR00000000005569788
nt2559;TL;745635;N2559;N-3060;TR00000000005569789
nt2560;TL;745636;N2560;N-3061;TR00000000005569790
nt2561;TL;745637;N2561;N-3062;TR00000000005569791
nt2562;TL;745638;N2562;N-3063;TR00000000005569792
nt2563;TL;745639;N2563;N-3064;TR00000000005569793
nt2564;TL;745640;N2564;N-3065;TR00000000005569794
nt2565;TL;745641;N2565;N-3066;TR00000000005569795
nt2566;TL;745642;N2566;N-3067;TR00000000005569796
nt2567;TL;745643;N2567;N-3068;TR00000000005569797
nt2568;TL;745644;N2568;N-3069;TR00000000005569798
nt2569;TL;745645;N2569;N-3070;TR00000000005569799
nt2570;TL;745646;N2570;N-3071;TR00000000005569800
nt2571;TL;745647;N2571;N-3072;TR00000000005569801
nt2572;TL;745648;N2572;N-3073;TR00000000005569802
nt2573;TL;745649;N2573;N-3074;TR00000000005569803
nt2574;TL;745650;N2574;N-3075;TR00000000005569804
nt2575;TL;745651;N2575;N-3076;TR00000000005569805
nt2576;TL;745652;N2576;N-3077;TR00000000005569806
nt2577;TL;745653;N2577;N-3078;TR00000000005569807
nt2578;TL;745654;N2578;N-3079;TR00000000005569808
nt2579;TL;745655;N2579;N-3080;TR00000000005569809
nt2580;TL;745656;N2580;N-3081;TR00000000005569810
nt2581;TL;745657;N2581;N-3082;TR00000000005569811
nt2582;TL;745658;N2582;N-3083;TR00000000005569812
nt2583;TL;745659;N2583;N-3084;TR00000000005569813
nt2584;TL;745660;N2584;N-3085;TR00000000005569814
nt2585;TL;745661;N2585;N-3086;TR00000000005569815
nt2586;TL;745662;N2586;N-3087;TR00000000005569816
nt2587;TL;745663;N2587;N-3088;TR00000000005569817
nt2588;TL;745664;N2588;N-3089;TR00000000005569818
nt2589;TL;745665;N2589;N-3090;TR00000000005569819
nt2590;TL;745666;N2590;N-3091;TR00000000005569820
nt2591;TL;745667;N2591;N-3092;TR00000000005569821
nt2592;TL;745668;N2592;N-3093;TR00000000005569822
nt2593;TL;745669;N2593;N-3094;TR00000000005569823
nt2594;TL;745670;N2594;N-3095;TR00000000005569824
nt2595;TL;745671;N2595;N-3096;TR00000000005569825
nt2596;TL;745672;N2596;N-3097;TR00000000005569826
nt2597;TL;745673;N2597;N-3098;TR00000000005569827
nt2598;TL;745674;N2598;N-3099;TR00000000005569828
nt2599;TL;745675;N2599;N-3100;TR00000000005569829
nt2600;TL;745676;N2600;N-3101;TR00000000005569830
nt2601;TL;745677;N2601;N-3102;TR00000000005569831
nt2602;TL;745678;N2602;N-3103;TR00000000005569832
nt2603;TL;745679;N2603;N-3104;TR00000000005569833
nt2604;TL;745680;N2604;N-3105;TR00000000005569834
nt2605;TL;745681;N2605;N-3106;TR00000000005569835
nt2606;TL;745682;N2606;N-3107;TR00000000005569836
nt2607;TL;745683;N2607;N-3108;TR00000000005569837
nt2608;TL;745684;N2608;N-3109;TR00000000005569838
nt2609;TL;745685;N2609;N-3110;TR00000000005569839
nt2610;TL;745686;N2610;N-3111;TR00000000005569840
nt2611;TL;745687;N2611;N-3112;TR00000000005569841
nt2612;TL;745688;N2612;N-3113;TR00000000005569842
nt2613;TL;745689;N2613;N-3114;TR00000000005569843
nt2614;TL;745690;N2614;N-3115;TR00000000005569844
nt2615;TL;745691;N2615;N-3116;TR00000000005569845
nt2616;TL;745692;N2616;N-3117;TR00000000005569846
nt2617;TL;745693;N2617;N-3118;TR00000000005569847
nt2618;TL;745694;N2618;N-3119;TR00000000005569848
nt2619;TL;745695;N2619;N-3120;TR00000000005569849
nt2620;TL;745696;N2620;N-3121;TR00000000005569850
nt2621;TL;745697;N2621;N-3122;TR00000000005569851
nt2622;TL;745698;N2622;N-3123;TR00000000005569852
nt2623;TL;745699;N2623;N-3124;TR00000000005569853
nt2624;TL;745700;N2624;N-3125;TR00000000005569854
nt2625;TL;745701;N2625;N-3126;TR00000000005569855
nt2626;TL;745702;N2626;N-3127;TR00000000005569856
nt2627;TL;745703;N2627;N-3128;TR00000000005569857
nt2628;TL;745704;N2628;N-3129;TR00000000005569858
nt2629;TL;745705;N2629;N-3130;TR00000000005569859
nt2630;TL;745706;N2630;N-3131;TR00000000005569860
nt2631;TL;745707;N2631;N-3132;TR00000000005569861
nt2632;TL;745708;N2632;N-3133;TR00000000005569862
nt2633;TL;745709;N2633;N-3134;TR00000000005569863
nt2634;TL;745710;N2634;N-3135;TR00000000005569864
nt2635;TL;745711;N2635;N-3136;TR00000000005569865
nt2636;TL;745712;N2636;N-3137;TR00000000005569866
nt2637;TL;745713;N2637;N-3138;TR00000000005569867
nt2638;TL;745714;N2638;N-3139;TR00000000005569868
nt2639;TL;745715;N2639;N-3140;TR00000000005569869
nt2640;TL;745716;N2640;N-3141;TR00000000005569870
nt2641;TL;745717;N2641;N-3142;TR00000000005569871
nt2642;TL;745718;N2642;N-3143;TR00000000005569872
nt2643;TL;745719;N2643;N-3144;TR00000000005569873
nt2644;TL;745720;N2644;N-3145;TR00000000005569874
nt2645;TL;745721;N2645;N-3146;TR00000000005569875
nt2646;TL;745722;N2646;N-3147;TR00000000005569876
nt2647;TL;745723;N2647;N-3148;TR00000000005569877
nt2648;TL;745724;N2648;N-3149;TR00000000005569878
nt2649;TL;745725;N2649;N-3150;TR00000000005569879
nt2650;TL;745726;N2650;N-3151;TR00000000005569880
nt2651;TL;745727;N2651;N-3152;TR00000000005569881
nt2652;TL;745728;N2652;N-3153;TR00000000005569882
nt2653;TL;745729;N2653;N-3154;TR00000000005569883
nt2654;TL;745730;N2654;N-3155;TR00000000005569884
nt2655;TL;745731;N2655;N-3156;TR00000000005569885
nt2656;TL;745732;N2656;N-3157;TR00000000005569886
nt2657;TL;745733;N2657;N-3158;TR00000000005569887
nt2658;TL;745734;N2658;N-3159;TR00000000005569888
nt2659;TL;745735;N2659;N-3160;TR00000000005569889
nt2660;TL;745736;N2660;N-3161;TR00000000005569890
nt2661;TL;745737;N2661;N-3162;TR00000000005569891
nt2662;TL;745738;N2662;N-3163;TR00000000005569892
nt2663;TL;745739;N2663;N-3164;TR00000000005569893
nt2664;TL;745740;N2664;N-3165;TR00000000005569894
nt2665;TL;745741;N2665;N-3166;TR00000000005569895
nt2666;TL;745742;N2666;N-3167;TR00000000005569896
nt2667;TL;745743;N2667;N-3168;TR00000000005569897
nt2668;TL;745744;N2668;N-3169;TR00000000005569898
nt2669;TL;745745;N2669;N-3170;TR00000000005569899
nt2670;TL;745746;N2670;N-3171;TR00000000005569900
nt2671;TL;745747;N2671;N-3172;TR00000000005569901
nt2672;TL;745748;N2672;N-3173;TR00000000005569902
nt2673;TL;745749;N2673;N-3174;TR00000000005569903
nt2674;TL;745750;N2674;N-3175;TR00000000005569904
nt2675;TL;745751;N2675;N-3176;TR00000000005569905
nt2676;TL;745752;N2676;N-3177;TR00000000005569906
nt2677;TL;745753;N2677;N-3178;TR00000000005569907
nt2678;TL;745754;N2678;N-3179;TR00000000005569908
nt2679;TL;745755;N2679;N-3180;TR00000000005569909
nt2680;TL;745756;N2680;N-3181;TR00000000005569910
nt2681;TL;745757;N2681;N-3182;TR00000000005569911
nt2682;TL;745758;N2682;N-3183;TR00000000005569912
nt2683;TL;745759;N2683;N-3184;TR00000000005569913
nt2684;TL;745760;N2684;N-3185;TR00000000005569914
nt2685;TL;745761;N2685;N-3186;TR00000000005569915
nt2686;TL;745762;N2686;N-3187;TR00000000005569916
nt2687;TL;745763;N2687;N-3188;TR00000000005569917
nt2688;TL;745764;N2688;N-3189;TR00000000005569918
nt2689;TL;745765;N2689;N-3190;TR00000000005569919
nt2690;TL;745766;N2690;N-3191;TR00000000005569920
nt2691;TL;745767;N2691;N-3192;TR00000000005569921
nt2692;TL;745768;N2692;N-3193;TR00000000005569922
nt2693;TL;745769;N2693;N-3194;TR00000000005569923
nt2694;TL;745770;N2694;N-3195;TR00000000005569924
nt2695;TL;745771;N2695;N-3196;TR00000000005569925
nt2696;TL;745772;N2696;N-3197;TR00000000005569926
nt2697;TL;745773;N2697;N-3198;TR00000000005569927
nt2698;TL;745774;N2698;N-3199;TR00000000005569928
nt2699;TL;745775;N2699;N-3200;TR00000000005569929
nt2700;TL;745776;N2700;N-3201;TR00000000005569930
nt2701;TL;745777;N2701;N-3202;TR00000000005569931
nt2702;TL;745778;N2702;N-3203;TR00000000005569932
nt2703;TL;745779;N2703;N-3204;TR00000000005569933
nt2704;TL;745780;N2704;N-3205;TR00000000005569934
nt2705;TL;745781;N2705;N-3206;TR00000000005569935
nt2706;TL;745782;N2706;N-3207;TR00000000005569936
nt2707;TL;745783;N2707;N-3208;TR00000000005569937
nt2708;TL;745784;N2708;N-3209;TR00000000005569938
nt2709;TL;745785;N2709;N-3210;TR00000000005569939
nt2710;TL;745786;N2710;N-3211;TR00000000005569940
nt2711;TL;745787;N2711;N-3212;TR00000000005569941
nt2712;TL;745788;N2712;N-3213;TR00000000005569942
nt2713;TL;745789;N2713;N-3214;TR00000000005569943
nt2714;TL;745790;N2714;N-3215;TR00000000005569944
nt2715;TL;745791;N2715;N-3216;TR00000000005569945
nt2716;TL;745792;N2716;N-3217;TR00000000005569946
nt2717;TL;745793;N2717;N-3218;TR00000000005569947
nt2718;TL;745794;N2718;N-3219;TR00000000005569948
nt2719;TL;745795;N2719;N-3220;TR00000000005569949
nt2720;TL;745796;N2720;N-3221;TR00000000005569950
nt2721;TL;745797;N2721;N-3222;TR00000000005569951
nt2722;TL;745798;N2722;N-3223;TR00000000005569952
nt2723;TL;745799;N2723;N-3224;TR00000000005569953
nt2724;TL;745800;N2724;N-3225;TR00000000005569954
nt2725;TL;745801;N2725;N-3226;TR00000000005569955
nt2726;TL;745802;N2726;N-3227;TR00000000005569956
nt2727;TL;745803;N2727;N-3228;TR00000000005569957
nt2728;TL;745804;N2728;N-3229;TR00000000005569958
nt2729;TL;745805;N2729;N-3230;TR00000000005569959
nt2730;TL;745806;N2730;N-3231;TR00000000005569960
nt2731;TL;745807;N2731;N-3232;TR00000000005569961
nt2732;TL;745808;N2732;N-3233;TR00000000005569962
nt2733;TL;745809;N2733;N-3234;TR00000000005569963
nt2734;TL;745810;N2734;N-3235;TR00000000005569964
nt2735;TL;745811;N2735;N-3236;TR00000000005569965
nt2736;TL;745812;N2736;N-3237;TR00000000005569966
nt2737;TL;745813;N2737;N-3238;TR00000000005569967
nt2738;TL;745814;N2738;N-3239;TR00000000005569968
nt2739;TL;745815;N2739;N-3240;TR00000000005569969
nt2740;TL;745816;N2740;N-3241;TR00000000005569970
nt2741;TL;745817;N2741;N-3242;TR00000000005569971
nt2742;TL;745818;N2742;N-3243;TR00000000005569972
nt2743;TL;745819;N2743;N-3244;TR00000000005569973
nt2744;TL;745820;N2744;N-3245;TR00000000005569974
nt2745;TL;745821;N2745;N-3246;TR00000000005569975
nt2746;TL;745822;N2746;N-3247;TR00000000005569976
nt2747;TL;745823;N2747;N-3248;TR00000000005569977
nt2748;TL;745824;N2748;N-3249;TR00000000005569978
nt2749;TL;745825;N2749;N-3250;TR00000000005569979
nt2750;TL;745826;N2750;N-3251;TR00000000005569980
nt2751;TL;745827;N2751;N-3252;TR00000000005569981
nt2752;TL;745828;N2752;N-3253;TR00000000005569982
nt2753;TL;745829;N2753;N-3254;TR00000000005569983
nt2754;TL;745830;N2754;N-3255;TR00000000005569984
nt2755;TL;745831;N2755;N-3256;TR00000000005569985
nt2756;TL;745832;N2756;N-3257;TR00000000005569986
nt2757;TL;745833;N2757;N-3258;TR00000000005569987
nt2758;TL;745834;N2758;N-3259;TR00000000005569988
nt2759;TL;745835;N2759;N-3260;TR00000000005569989
nt2760;TL;745836;N2760;N-3261;TR00000000005569990
nt2761;TL;745837;N2761;N-3262;TR00000000005569991
nt2762;TL;745838;N2762;N-3263;TR00000000005569992
nt2763;TL;745839;N2763;N-3264;TR00000000005569993
nt2764;TL;745840;N2764;N-3265;TR00000000005569994
nt2765;TL;745841;N2765;N-3266;TR00000000005569995
nt2766;TL;745842;N2766;N-3267;TR00000000005569996
nt2767;TL;745843;N2767;N-3268;TR00000000005569997
nt2768;TL;745844;N2768;N-3269;TR00000000005569998
nt2769;TL;745845;N2769;N-3270;TR00000000005569999
nt2770;TL;745846;N2770;N-3271;TR00000000005570000
nt2771;TL;745847;N2771;N-3272;TR00000000005570001
nt2772;TL;745848;N2772;N-3273;TR00000000005570002
nt2773;TL;745849;N2773;N-3274;TR00000000005570003
nt2774;TL;745850;N2774;N-3275;TR00000000005570004
nt2775;TL;745851;N2775;N-3276;TR00000000005570005
nt2776;TL;745852;N2776;N-3277;TR00000000005570006
nt2777;TL;745853;N2777;N-3278;TR00000000005570007
nt2778;TL;745854;N2778;N-3279;TR00000000005570008
nt2779;TL;745855;N2779;N-3280;TR00000000005570009
nt2780;TL;745856;N2780;N-3281;TR00000000005570010
nt2781;TL;745857;N2781;N-3282;TR00000000005570011
nt2782;TL;745858;N2782;N-3283;TR00000000005570012
nt2783;TL;745859;N2783;N-3284;TR00000000005570013
nt2784;TL;745860;N2784;N-3285;TR00000000005570014
nt2785;TL;745861;N2785;N-3286;TR00000000005570015
nt2786;TL;745862;N2786;N-3287;TR00000000005570016
nt2787;TL;745863;N2787;N-3288;TR00000000005570017
nt2788;TL;745864;N2788;N-3289;TR00000000005570018
nt2789;TL;745865;N2789;N-3290;TR00000000005570019
nt2790;TL;745866;N2790;N-3291;TR00000000005570020
nt2791;TL;745867;N2791;N-3292;TR00000000005570021
nt2792;TL;745868;N2792;N-3293;TR00000000005570022
nt2793;TL;745869;N2793;N-3294;TR00000000005570023
nt2794;TL;745870;N2794;N-3295;TR00000000005570024
nt2795;TL;745871;N2795;N-3296;TR00000000005570025
nt2796;TL;745872;N2796;N-3297;TR00000000005570026
nt2797;TL;745873;N2797;N-3298;TR00000000005570027
nt2798;TL;745874;N2798;N-3299;TR00000000005570028
nt2799;TL;745875;N2799;N-3300;TR00000000005570029
nt2800;TL;745876;N2800;N-3301;TR00000000005570030
nt2801;TL;745877;N2801;N-3302;TR00000000005570031
nt2802;TL;745878;N2802;N-3303;TR00000000005570032
nt2803;TL;745879;N2803;N-3304;TR00000000005570033
nt2804;TL;745880;N2804;N-3305;TR00000000005570034
nt2805;TL;745881;N2805;N-3306;TR00000000005570035
nt2806;TL;745882;N2806;N-3307;TR00000000005570036
nt2807;TL;745883;N2807;N-3308;TR00000000005570037
nt2808;TL;745884;N2808;N-3309;TR00000000005570038
nt2809;TL;745885;N2809;N-3310;TR00000000005570039
nt2810;TL;745886;N2810;N-3311;TR00000000005570040
nt2811;TL;745887;N2811;N-3312;TR00000000005570041
nt2812;TL;745888;N2812;N-3313;TR00000000005570042
nt2813;TL;745889;N2813;N-3314;TR00000000005570043
nt2814;TL;745890;N2814;N-3315;TR00000000005570044
nt2815;TL;745891;N2815;N-3316;TR00000000005570045
nt2816;TL;745892;N2816;N-3317;TR00000000005570046
nt2817;TL;745893;N2817;N-3318;TR00000000005570047
nt2818;TL;745894;N2818;N-3319;TR00000000005570048
nt2819;TL;745895;N2819;N-3320;TR00000000005570049
nt2820;TL;745896;N2820;N-3321;TR00000000005570050
nt2821;TL;745897;N2821;N-3322;TR00000000005570051
nt2822;TL;745898;N2822;N-3323;TR00000000005570052
nt2823;TL;745899;N2823;N-3324;TR00000000005570053
nt2824;TL;745900;N2824;N-3325;TR00000000005570054
nt2825;TL;745901;N2825;N-3326;TR00000000005570055
nt2826;TL;745902;N2826;N-3327;TR00000000005570056
nt2827;TL;745903;N2827;N-3328;TR00000000005570057
nt2828;TL;745904;N2828;N-3329;TR00000000005570058
nt2829;TL;745905;N2829;N-3330;TR00000000005570059
nt2830;TL;745906;N2830;N-3331;TR00000000005570060
nt2831;TL;745907;N2831;N-3332;TR00000000005570061
nt2832;TL;745908;N2832;N-3333;TR00000000005570062
nt2833;TL;745909;N2833;N-3334;TR00000000005570063
nt2834;TL;745910;N2834;N-3335;TR00000000005570064
nt2835;TL;745911;N2835;N-3336;TR00000000005570065
nt2836;TL;745912;N2836;N-3337;TR00000000005570066
nt2837;TL;745913;N2837;N-3338;TR00000000005570067
nt2838;TL;745914;N2838;N-3339;TR00000000005570068
nt2839;TL;745915;N2839;N-3340;TR00000000005570069
nt2840;TL;745916;N2840;N-3341;TR00000000005570070
nt2841;TL;745917;N2841;N-3342;TR00000000005570071
nt2842;TL;745918;N2842;N-3343;TR00000000005570072
nt2843;TL;745919;N2843;N-3344;TR00000000005570073
nt2844;TL;745920;N2844;N-3345;TR00000000005570074
nt2845;TL;745921;N2845;N-3346;TR00000000005570075
nt2846;TL;745922;N2846;N-3347;TR00000000005570076
nt2847;TL;745923;N2847;N-3348;TR00000000005570077
nt2848;TL;745924;N2848;N-3349;TR00000000005570078
nt2849;TL;745925;N2849;N-3350;TR00000000005570079
nt2850;TL;745926;N2850;N-3351;TR00000000005570080
nt2851;TL;745927;N2851;N-3352;TR00000000005570081
nt2852;TL;745928;N2852;N-3353;TR00000000005570082
nt2853;TL;745929;N2853;N-3354;TR00000000005570083
nt2854;TL;745930;N2854;N-3355;TR00000000005570084
nt2855;TL;745931;N2855;N-3356;TR00000000005570085
nt2856;TL;745932;N2856;N-3357;TR00000000005570086
nt2857;TL;745933;N2857;N-3358;TR00000000005570087
nt2858;TL;745934;N2858;N-3359;TR00000000005570088
nt2859;TL;745935;N2859;N-3360;TR00000000005570089
nt2860;TL;745936;N2860;N-3361;TR00000000005570090
nt2861;TL;745937;N2861;N-3362;TR00000000005570091
nt2862;TL;745938;N2862;N-3363;TR00000000005570092
nt2863;TL;745939;N2863;N-3364;TR00000000005570093
nt2864;TL;745940;N2864;N-3365;TR00000000005570094
nt2865;TL;745941;N2865;N-3366;TR00000000005570095
nt2866;TL;745942;N2866;N-3367;TR00000000005570096
nt2867;TL;745943;N2867;N-3368;TR00000000005570097
nt2868;TL;745944;N2868;N-3369;TR00000000005570098
nt2869;TL;745945;N2869;N-3370;TR00000000005570099
nt2870;TL;745946;N2870;N-3371;TR00000000005570100
nt2871;TL;745947;N2871;N-3372;TR00000000005570101
nt2872;TL;745948;N2872;N-3373;TR00000000005570102
nt2873;TL;745949;N2873;N-3374;TR00000000005570103
nt2874;TL;745950;N2874;N-3375;TR00000000005570104
nt2875;TL;745951;N2875;N-3376;TR00000000005570105
nt2876;TL;745952;N2876;N-3377;TR00000000005570106
nt2877;TL;745953;N2877;N-3378;TR00000000005570107
nt2878;TL;745954;N2878;N-3379;TR00000000005570108
nt2879;TL;745955;N2879;N-3380;TR00000000005570109
nt2880;TL;745956;N2880;N-3381;TR00000000005570110
nt2881;TL;745957;N2881;N-3382;TR00000000005570111
nt2882;TL;745958;N2882;N-3383;TR00000000005570112
nt2883;TL;745959;N2883;N-3384;TR00000000005570113
nt2884;TL;745960;N2884;N-3385;TR00000000005570114
nt2885;TL;745961;N2885;N-3386;TR00000000005570115
nt2886;TL;745962;N2886;N-3387;TR00000000005570116
nt2887;TL;745963;N2887;N-3388;TR00000000005570117
nt2888;TL;745964;N2888;N-3389;TR00000000005570118
nt2889;TL;745965;N2889;N-3390;TR00000000005570119
nt2890;TL;745966;N2890;N-3391;TR00000000005570120
nt2891;TL;745967;N2891;N-3392;TR00000000005570121
nt2892;TL;745968;N2892;N-3393;TR00000000005570122
nt2893;TL;745969;N2893;N-3394;TR00000000005570123
nt2894;TL;745970;N2894;N-3395;TR00000000005570124
nt2895;TL;745971;N2895;N-3396;TR00000000005570125
nt2896;TL;745972;N2896;N-3397;TR00000000005570126
nt2897;TL;745973;N2897;N-3398;TR00000000005570127
nt2898;TL;745974;N2898;N-3399;TR00000000005570128
nt2899;TL;745975;N2899;N-3400;TR00000000005570129
nt2900;TL;745976;N2900;N-3401;TR00000000005570130
nt2901;TL;745977;N2901;N-3402;TR00000000005570131
nt2902;TL;745978;N2902;N-3403;TR00000000005570132
nt2903;TL;745979;N2903;N-3404;TR00000000005570133
nt2904;TL;745980;N2904;N-3405;TR00000000005570134
nt2905;TL;745981;N2905;N-3406;TR00000000005570135
nt2906;TL;745982;N2906;N-3407;TR00000000005570136
nt2907;TL;745983;N2907;N-3408;TR00000000005570137
nt2908;TL;745984;N2908;N-3409;TR00000000005570138
nt2909;TL;745985;N2909;N-3410;TR00000000005570139
nt2910;TL;745986;N2910;N-3411;TR00000000005570140
nt2911;TL;745987;N2911;N-3412;TR00000000005570141
nt2912;TL;745988;N2912;N-3413;TR00000000005570142
nt2913;TL;745989;N2913;N-3414;TR00000000005570143
nt2914;TL;745990;N2914;N-3415;TR00000000005570144
nt2915;TL;745991;N2915;N-3416;TR00000000005570145
nt2916;TL;745992;N2916;N-3417;TR00000000005570146
nt2917;TL;745993;N2917;N-3418;TR00000000005570147
nt2918;TL;745994;N2918;N-3419;TR00000000005570148
nt2919;TL;745995;N2919;N-3420;TR00000000005570149
nt2920;TL;745996;N2920;N-3421;TR00000000005570150
nt2921;TL;745997;N2921;N-3422;TR00000000005570151
nt2922;TL;745998;N2922;N-3423;TR00000000005570152
nt2923;TL;745999;N2923;N-3424;TR00000000005570153
nt2924;TL;746000;N2924;N-3425;TR00000000005570154
nt2925;TL;746001;N2925;N-3426;TR00000000005570155
nt2926;TL;746002;N2926;N-3427;TR00000000005570156
nt2927;TL;746003;N2927;N-3428;TR00000000005570157
nt2928;TL;746004;N2928;N-3429;TR00000000005570158
nt2929;TL;746005;N2929;N-3430;TR00000000005570159
nt2930;TL;746006;N2930;N-3431;TR00000000005570160
nt2931;TL;746007;N2931;N-3432;TR00000000005570161
nt2932;TL;746008;N2932;N-3433;TR00000000005570162
nt2933;TL;746009;N2933;N-3434;TR00000000005570163
nt2934;TL;746010;N2934;N-3435;TR00000000005570164
nt2935;TL;746011;N2935;N-3436;TR00000000005570165
nt2936;TL;746012;N2936;N-3437;TR00000000005570166
nt2937;TL;746013;N2937;N-3438;TR00000000005570167
nt2938;TL;746014;N2938;N-3439;TR00000000005570168
nt2939;TL;746015;N2939;N-3440;TR00000000005570169
nt2940;TL;746016;N2940;N-3441;TR00000000005570170
nt2941;TL;746017;N2941;N-3442;TR00000000005570171
nt2942;TL;746018;N2942;N-3443;TR00000000005570172
nt2943;TL;746019;N2943;N-3444;TR00000000005570173
nt2944;TL;746020;N2944;N-3445;TR00000000005570174
nt2945;TL;746021;N2945;N-3446;TR00000000005570175
nt2946;TL;746022;N2946;N-3447;TR00000000005570176
nt2947;TL;746023;N2947;N-3448;TR00000000005570177
nt2948;TL;746024;N2948;N-3449;TR00000000005570178
nt2949;TL;746025;N2949;N-3450;TR00000000005570179
nt2950;TL;746026;N2950;N-3451;TR00000000005570180
nt2951;TL;746027;N2951;N-3452;TR00000000005570181
nt2952;TL;746028;N2952;N-3453;TR00000000005570182
nt2953;TL;746029;N2953;N-3454;TR00000000005570183
nt2954;TL;746030;N2954;N-3455;TR00000000005570184
nt2955;TL;746031;N2955;N-3456;TR00000000005570185
nt2956;TL;746032;N2956;N-3457;TR00000000005570186
nt2957;TL;746033;N2957;N-3458;TR00000000005570187
nt2958;TL;746034;N2958;N-3459;TR00000000005570188
nt2959;TL;746035;N2959;N-3460;TR00000000005570189
nt2960;TL;746036;N2960;N-3461;TR00000000005570190
nt2961;TL;746037;N2961;N-3462;TR00000000005570191
nt2962;TL;746038;N2962;N-3463;TR00000000005570192
nt2963;TL;746039;N2963;N-3464;TR00000000005570193
nt2964;TL;746040;N2964;N-3465;TR00000000005570194
nt2965;TL;746041;N2965;N-3466;TR00000000005570195
nt2966;TL;746042;N2966;N-3467;TR00000000005570196
nt2967;TL;746043;N2967;N-3468;TR00000000005570197
nt2968;TL;746044;N2968;N-3469;TR00000000005570198
nt2969;TL;746045;N2969;N-3470;TR00000000005570199
nt2970;TL;746046;N2970;N-3471;TR00000000005570200
nt2971;TL;746047;N2971;N-3472;TR00000000005570201
nt2972;TL;746048;N2972;N-3473;TR00000000005570202
nt2973;TL;746049;N2973;N-3474;TR00000000005570203
nt2974;TL;746050;N2974;N-3475;TR00000000005570204
nt2975;TL;746051;N2975;N-3476;TR00000000005570205
nt2976;TL;746052;N2976;N-3477;TR00000000005570206
nt2977;TL;746053;N2977;N-3478;TR00000000005570207
nt2978;TL;746054;N2978;N-3479;TR00000000005570208
nt2979;TL;746055;N2979;N-3480;TR00000000005570209
nt2980;TL;746056;N2980;N-3481;TR00000000005570210
nt2981;TL;746057;N2981;N-3482;TR00000000005570211
nt2982;TL;746058;N2982;N-3483;TR00000000005570212
nt2983;TL;746059;N2983;N-3484;TR00000000005570213
nt2984;TL;746060;N2984;N-3485;TR00000000005570214
nt2985;TL;746061;N2985;N-3486;TR00000000005570215
nt2986;TL;746062;N2986;N-3487;TR00000000005570216
nt2987;TL;746063;N2987;N-3488;TR00000000005570217
nt2988;TL;746064;N2988;N-3489;TR00000000005570218
nt2989;TL;746065;N2989;N-3490;TR00000000005570219
nt2990;TL;746066;N2990;N-3491;TR00000000005570220
nt2991;TL;746067;N2991;N-3492;TR00000000005570221
nt2992;TL;746068;N2992;N-3493;TR00000000005570222
nt2993;TL;746069;N2993;N-3494;TR00000000005570223
nt2994;TL;746070;N2994;N-3495;TR00000000005570224
nt2995;TL;746071;N2995;N-3496;TR00000000005570225
nt2996;TL;746072;N2996;N-3497;TR00000000005570226
nt2997;TL;746073;N2997;N-3498;TR00000000005570227
nt2998;TL;746074;N2998;N-3499;TR00000000005570228
nt2999;TL;746075;N2999;N-3500;TR00000000005570229
nt3000;TL;746076;N3000;N-3501;TR00000000005570230
nt3001;TL;746077;N3001;N-3502;TR00000000005570231
nt3002;TL;746078;N3002;N-3503;TR00000000005570232
nt3003;TL;746079;N3003;N-3504;TR00000000005570233
nt3004;TL;746080;N3004;N-3505;TR00000000005570234
nt3005;TL;746081;N3005;N-3506;TR00000000005570235
nt3006;TL;746082;N3006;N-3507;TR00000000005570236
nt3007;TL;746083;N3007;N-3508;TR00000000005570237
nt3008;TL;746084;N3008;N-3509;TR00000000005570238
nt3009;TL;746085;N3009;N-3510;TR00000000005570239
nt3010;TL;746086;N3010;N-3511;TR00000000005570240
nt3011;TL;746087;N3011;N-3512;TR00000000005570241
nt3012;TL;746088;N3012;N-3513;TR00000000005570242
nt3013;TL;746089;N3013;N-3514;TR00000000005570243
nt3014;TL;746090;N3014;N-3515;TR00000000005570244
nt3015;TL;746091;N3015;N-3516;TR00000000005570245
nt3016;TL;746092;N3016;N-3517;TR00000000005570246
nt3017;TL;746093;N3017;N-3518;TR00000000005570247
nt3018;TL;746094;N3018;N-3519;TR00000000005570248
nt3019;TL;746095;N3019;N-3520;TR00000000005570249
nt3020;TL;746096;N3020;N-3521;TR00000000005570250
nt3021;TL;746097;N3021;N-3522;TR00000000005570251
nt3022;TL;746098;N3022;N-3523;TR00000000005570252
nt3023;TL;746099;N3023;N-3524;TR00000000005570253
nt3024;TL;746100;N3024;N-3525;TR00000000005570254
nt3025;TL;746101;N3025;N-3526;TR00000000005570255
nt3026;TL;746102;N3026;N-3527;TR00000000005570256
nt3027;TL;746103;N3027;N-3528;TR00000000005570257
nt3028;TL;746104;N3028;N-3529;TR00000000005570258
nt3029;TL;746105;N3029;N-3530;TR00000000005570259
nt3030;TL;746106;N3030;N-3531;TR00000000005570260
nt3031;TL;746107;N3031;N-3532;TR00000000005570261
nt3032;TL;746108;N3032;N-3533;TR00000000005570262
nt3033;TL;746109;N3033;N-3534;TR00000000005570263
nt3034;TL;746110;N3034;N-3535;TR00000000005570264
nt3035;TL;746111;N3035;N-3536;TR00000000005570265
nt3036;TL;746112;N3036;N-3537;TR00000000005570266
nt3037;TL;746113;N3037;N-3538;TR00000000005570267
nt3038;TL;746114;N3038;N-3539;TR00000000005570268
nt3039;TL;746115;N3039;N-3540;TR00000000005570269
nt3040;TL;746116;N3040;N-3541;TR00000000005570270
nt3041;TL;746117;N3041;N-3542;TR00000000005570271
nt3042;TL;746118;N3042;N-3543;TR00000000005570272
nt3043;TL;746119;N3043;N-3544;TR00000000005570273
nt3044;TL;746120;N3044;N-3545;TR00000000005570274
nt3045;TL;746121;N3045;N-3546;TR00000000005570275
nt3046;TL;746122;N3046;N-3547;TR00000000005570276
nt3047;TL;746123;N3047;N-3548;TR00000000005570277
nt3048;TL;746124;N3048;N-3549;TR00000000005570278
nt3049;TL;746125;N3049;N-3550;TR00000000005570279
nt3050;TL;746126;N3050;N-3551;TR00000000005570280
nt3051;TL;746127;N3051;N-3552;TR00000000005570281
nt3052;TL;746128;N3052;N-3553;TR00000000005570282
nt3053;TL;746129;N3053;N-3554;TR00000000005570283
nt3054;TL;746130;N3054;N-3555;TR00000000005570284
nt3055;TL;746131;N3055;N-3556;TR00000000005570285
nt3056;TL;746132;N3056;N-3557;TR00000000005570286
nt3057;TL;746133;N3057;N-3558;TR00000000005570287
nt3058;TL;746134;N3058;N-3559;TR00000000005570288
nt3059;TL;746135;N3059;N-3560;TR00000000005570289
nt3060;TL;746136;N3060;N-3561;TR00000000005570290
nt3061;TL;746137;N3061;N-3562;TR00000000005570291
nt3062;TL;746138;N3062;N-3563;TR00000000005570292
nt3063;TL;746139;N3063;N-3564;TR00000000005570293
nt3064;TL;746140;N3064;N-3565;TR00000000005570294
nt3065;TL;746141;N3065;N-3566;TR00000000005570295
nt3066;TL;746142;N3066;N-3567;TR00000000005570296
nt3067;TL;746143;N3067;N-3568;TR00000000005570297
nt3068;TL;746144;N3068;N-3569;TR00000000005570298
nt3069;TL;746145;N3069;N-3570;TR00000000005570299
nt3070;TL;746146;N3070;N-3571;TR00000000005570300
nt3071;TL;746147;N3071;N-3572;TR00000000005570301
nt3072;TL;746148;N3072;N-3573;TR00000000005570302
nt3073;TL;746149;N3073;N-3574;TR00000000005570303
nt3074;TL;746150;N3074;N-3575;TR00000000005570304
nt3075;TL;746151;N3075;N-3576;TR00000000005570305
nt3076;TL;746152;N3076;N-3577;TR00000000005570306
nt3077;TL;746153;N3077;N-3578;TR00000000005570307
nt3078;TL;746154;N3078;N-3579;TR00000000005570308
nt3079;TL;746155;N3079;N-3580;TR00000000005570309
nt3080;TL;746156;N3080;N-3581;TR00000000005570310
nt3081;TL;746157;N3081;N-3582;TR00000000005570311
nt3082;TL;746158;N3082;N-3583;TR00000000005570312
nt3083;TL;746159;N3083;N-3584;TR00000000005570313
nt3084;TL;746160;N3084;N-3585;TR00000000005570314
nt3085;TL;746161;N3085;N-3586;TR00000000005570315
nt3086;TL;746162;N3086;N-3587;TR00000000005570316
nt3087;TL;746163;N3087;N-3588;TR00000000005570317
nt3088;TL;746164;N3088;N-3589;TR00000000005570318
nt3089;TL;746165;N3089;N-3590;TR00000000005570319
nt3090;TL;746166;N3090;N-3591;TR00000000005570320
nt3091;TL;746167;N3091;N-3592;TR00000000005570321
nt3092;TL;746168;N3092;N-3593;TR00000000005570322
nt3093;TL;746169;N3093;N-3594;TR00000000005570323
nt3094;TL;746170;N3094;N-3595;TR00000000005570324
nt3095;TL;746171;N3095;N-3596;TR00000000005570325
nt3096;TL;746172;N3096;N-3597;TR00000000005570326
nt3097;TL;746173;N3097;N-3598;TR00000000005570327
nt3098;TL;746174;N3098;N-3599;TR00000000005570328
nt3099;TL;746175;N3099;N-3600;TR00000000005570329
nt3100;TL;746176;N3100;N-3601;TR00000000005570330
nt3101;TL;746177;N3101;N-3602;TR00000000005570331
nt3102;TL;746178;N3102;N-3603;TR00000000005570332
nt3103;TL;746179;N3103;N-3604;TR00000000005570333
nt3104;TL;746180;N3104;N-3605;TR00000000005570334
nt3105;TL;746181;N3105;N-3606;TR00000000005570335
nt3106;TL;746182;N3106;N-3607;TR00000000005570336
nt3107;TL;746183;N3107;N-3608;TR00000000005570337
nt3108;TL;746184;N3108;N-3609;TR00000000005570338
nt3109;TL;746185;N3109;N-3610;TR00000000005570339
nt3110;TL;746186;N3110;N-3611;TR00000000005570340
nt3111;TL;746187;N3111;N-3612;TR00000000005570341
nt3112;TL;746188;N3112;N-3613;TR00000000005570342
nt3113;TL;746189;N3113;N-3614;TR00000000005570343
nt3114;TL;746190;N3114;N-3615;TR00000000005570344
nt3115;TL;746191;N3115;N-3616;TR00000000005570345
nt3116;TL;746192;N3116;N-3617;TR00000000005570346
nt3117;TL;746193;N3117;N-3618;TR00000000005570347
nt3118;TL;746194;N3118;N-3619;TR00000000005570348
nt3119;TL;746195;N3119;N-3620;TR00000000005570349
nt3120;TL;746196;N3120;N-3621;TR00000000005570350
nt3121;TL;746197;N3121;N-3622;TR00000000005570351
nt3122;TL;746198;N3122;N-3623;TR00000000005570352
nt3123;TL;746199;N3123;N-3624;TR00000000005570353
nt3124;TL;746200;N3124;N-3625;TR00000000005570354
nt3125;TL;746201;N3125;N-3626;TR00000000005570355
nt3126;TL;746202;N3126;N-3627;TR00000000005570356
nt3127;TL;746203;N3127;N-3628;TR00000000005570357
nt3128;TL;746204;N3128;N-3629;TR00000000005570358
nt3129;TL;746205;N3129;N-3630;TR00000000005570359
nt3130;TL;746206;N3130;N-3631;TR00000000005570360
nt3131;TL;746207;N3131;N-3632;TR00000000005570361
nt3132;TL;746208;N3132;N-3633;TR00000000005570362
nt3133;TL;746209;N3133;N-3634;TR00000000005570363
nt3134;TL;746210;N3134;N-3635;TR00000000005570364
nt3135;TL;746211;N3135;N-3636;TR00000000005570365
nt3136;TL;746212;N3136;N-3637;TR00000000005570366
nt3137;TL;746213;N3137;N-3638;TR00000000005570367
nt3138;TL;746214;N3138;N-3639;TR00000000005570368
nt3139;TL;746215;N3139;N-3640;TR00000000005570369
nt3140;TL;746216;N3140;N-3641;TR00000000005570370
nt3141;TL;746217;N3141;N-3642;TR00000000005570371
nt3142;TL;746218;N3142;N-3643;TR00000000005570372
nt3143;TL;746219;N3143;N-3644;TR00000000005570373
nt3144;TL;746220;N3144;N-3645;TR00000000005570374
nt3145;TL;746221;N3145;N-3646;TR00000000005570375
nt3146;TL;746222;N3146;N-3647;TR00000000005570376
nt3147;TL;746223;N3147;N-3648;TR00000000005570377
nt3148;TL;746224;N3148;N-3649;TR00000000005570378
nt3149;TL;746225;N3149;N-3650;TR00000000005570379
nt3150;TL;746226;N3150;N-3651;TR00000000005570380
nt3151;TL;746227;N3151;N-3652;TR00000000005570381
nt3152;TL;746228;N3152;N-3653;TR00000000005570382
nt3153;TL;746229;N3153;N-3654;TR00000000005570383
nt3154;TL;746230;N3154;N-3655;TR00000000005570384
nt3155;TL;746231;N3155;N-3656;TR00000000005570385
nt3156;TL;746232;N3156;N-3657;TR00000000005570386
nt3157;TL;746233;N3157;N-3658;TR00000000005570387
nt3158;TL;746234;N3158;N-3659;TR00000000005570388
nt3159;TL;746235;N3159;N-3660;TR00000000005570389
nt3160;TL;746236;N3160;N-3661;TR00000000005570390
nt3161;TL;746237;N3161;N-3662;TR00000000005570391
nt3162;TL;746238;N3162;N-3663;TR00000000005570392
nt3163;TL;746239;N3163;N-3664;TR00000000005570393
nt3164;TL;746240;N3164;N-3665;TR00000000005570394
nt3165;TL;746241;N3165;N-3666;TR00000000005570395
nt3166;TL;746242;N3166;N-3667;TR00000000005570396
nt3167;TL;746243;N3167;N-3668;TR00000000005570397
nt3168;TL;746244;N3168;N-3669;TR00000000005570398
nt3169;TL;746245;N3169;N-3670;TR00000000005570399
nt3170;TL;746246;N3170;N-3671;TR00000000005570400
nt3171;TL;746247;N3171;N-3672;TR00000000005570401
nt3172;TL;746248;N3172;N-3673;TR00000000005570402
nt3173;TL;746249;N3173;N-3674;TR00000000005570403
nt3174;TL;746250;N3174;N-3675;TR00000000005570404
nt3175;TL;746251;N3175;N-3676;TR00000000005570405
nt3176;TL;746252;N3176;N-3677;TR00000000005570406
nt3177;TL;746253;N3177;N-3678;TR00000000005570407
nt3178;TL;746254;N3178;N-3679;TR00000000005570408
nt3179;TL;746255;N3179;N-3680;TR00000000005570409
nt3180;TL;746256;N3180;N-3681;TR00000000005570410
nt3181;TL;746257;N3181;N-3682;TR00000000005570411
nt3182;TL;746258;N3182;N-3683;TR00000000005570412
nt3183;TL;746259;N3183;N-3684;TR00000000005570413
nt3184;TL;746260;N3184;N-3685;TR00000000005570414
nt3185;TL;746261;N3185;N-3686;TR00000000005570415
nt3186;TL;746262;N3186;N-3687;TR00000000005570416
nt3187;TL;746263;N3187;N-3688;TR00000000005570417
nt3188;TL;746264;N3188;N-3689;TR00000000005570418
nt3189;TL;746265;N3189;N-3690;TR00000000005570419
nt3190;TL;746266;N3190;N-3691;TR00000000005570420
nt3191;TL;746267;N3191;N-3692;TR00000000005570421
nt3192;TL;746268;N3192;N-3693;TR00000000005570422
nt3193;TL;746269;N3193;N-3694;TR00000000005570423
nt3194;TL;746270;N3194;N-3695;TR00000000005570424
nt3195;TL;746271;N3195;N-3696;TR00000000005570425
nt3196;TL;746272;N3196;N-3697;TR00000000005570426
nt3197;TL;746273;N3197;N-3698;TR00000000005570427
nt3198;TL;746274;N3198;N-3699;TR00000000005570428
nt3199;TL;746275;N3199;N-3700;TR00000000005570429
nt3200;TL;746276;N3200;N-3701;TR00000000005570430
nt3201;TL;746277;N3201;N-3702;TR00000000005570431
nt3202;TL;746278;N3202;N-3703;TR00000000005570432
nt3203;TL;746279;N3203;N-3704;TR00000000005570433
nt3204;TL;746280;N3204;N-3705;TR00000000005570434
nt3205;TL;746281;N3205;N-3706;TR00000000005570435
nt3206;TL;746282;N3206;N-3707;TR00000000005570436
nt3207;TL;746283;N3207;N-3708;TR00000000005570437
nt3208;TL;746284;N3208;N-3709;TR00000000005570438
nt3209;TL;746285;N3209;N-3710;TR00000000005570439
nt3210;TL;746286;N3210;N-3711;TR00000000005570440
nt3211;TL;746287;N3211;N-3712;TR00000000005570441
nt3212;TL;746288;N3212;N-3713;TR00000000005570442
nt3213;TL;746289;N3213;N-3714;TR00000000005570443
nt3214;TL;746290;N3214;N-3715;TR00000000005570444
nt3215;TL;746291;N3215;N-3716;TR00000000005570445
nt3216;TL;746292;N3216;N-3717;TR00000000005570446
nt3217;TL;746293;N3217;N-3718;TR00000000005570447
nt3218;TL;746294;N3218;N-3719;TR00000000005570448
nt3219;TL;746295;N3219;N-3720;TR00000000005570449
nt3220;TL;746296;N3220;N-3721;TR00000000005570450
nt3221;TL;746297;N3221;N-3722;TR00000000005570451
nt3222;TL;746298;N3222;N-3723;TR00000000005570452
nt3223;TL;746299;N3223;N-3724;TR00000000005570453
nt3224;TL;746300;N3224;N-3725;TR00000000005570454
nt3225;TL;746301;N3225;N-3726;TR00000000005570455
nt3226;TL;746302;N3226;N-3727;TR00000000005570456
nt3227;TL;746303;N3227;N-3728;TR00000000005570457
nt3228;TL;746304;N3228;N-3729;TR00000000005570458
nt3229;TL;746305;N3229;N-3730;TR00000000005570459
nt3230;TL;746306;N3230;N-3731;TR00000000005570460
nt3231;TL;746307;N3231;N-3732;TR00000000005570461
nt3232;TL;746308;N3232;N-3733;TR00000000005570462
nt3233;TL;746309;N3233;N-3734;TR00000000005570463
nt3234;TL;746310;N3234;N-3735;TR00000000005570464
nt3235;TL;746311;N3235;N-3736;TR00000000005570465
nt3236;TL;746312;N3236;N-3737;TR00000000005570466
nt3237;TL;746313;N3237;N-3738;TR00000000005570467
nt3238;TL;746314;N3238;N-3739;TR00000000005570468
nt3239;TL;746315;N3239;N-3740;TR00000000005570469
nt3240;TL;746316;N3240;N-3741;TR00000000005570470
nt3241;TL;746317;N3241;N-3742;TR00000000005570471
nt3242;TL;746318;N3242;N-3743;TR00000000005570472
nt3243;TL;746319;N3243;N-3744;TR00000000005570473
nt3244;TL;746320;N3244;N-3745;TR00000000005570474
nt3245;TL;746321;N3245;N-3746;TR00000000005570475
nt3246;TL;746322;N3246;N-3747;TR00000000005570476
nt3247;TL;746323;N3247;N-3748;TR00000000005570477
nt3248;TL;746324;N3248;N-3749;TR00000000005570478
nt3249;TL;746325;N3249;N-3750;TR00000000005570479
nt3250;TL;746326;N3250;N-3751;TR00000000005570480
nt3251;TL;746327;N3251;N-3752;TR00000000005570481
nt3252;TL;746328;N3252;N-3753;TR00000000005570482
nt3253;TL;746329;N3253;N-3754;TR00000000005570483
nt3254;TL;746330;N3254;N-3755;TR00000000005570484
nt3255;TL;746331;N3255;N-3756;TR00000000005570485
nt3256;TL;746332;N3256;N-3757;TR00000000005570486
nt3257;TL;746333;N3257;N-3758;TR00000000005570487
nt3258;TL;746334;N3258;N-3759;TR00000000005570488
nt3259;TL;746335;N3259;N-3760;TR00000000005570489
nt3260;TL;746336;N3260;N-3761;TR00000000005570490
nt3261;TL;746337;N3261;N-3762;TR00000000005570491
nt3262;TL;746338;N3262;N-3763;TR00000000005570492
nt3263;TL;746339;N3263;N-3764;TR00000000005570493
nt3264;TL;746340;N3264;N-3765;TR00000000005570494
nt3265;TL;746341;N3265;N-3766;TR00000000005570495
nt3266;TL;746342;N3266;N-3767;TR00000000005570496
nt3267;TL;746343;N3267;N-3768;TR00000000005570497
nt3268;TL;746344;N3268;N-3769;TR00000000005570498
nt3269;TL;746345;N3269;N-3770;TR00000000005570499
nt3270;TL;746346;N3270;N-3771;TR00000000005570500
nt3271;TL;746347;N3271;N-3772;TR00000000005570501
nt3272;TL;746348;N3272;N-3773;TR00000000005570502
nt3273;TL;746349;N3273;N-3774;TR00000000005570503
nt3274;TL;746350;N3274;N-3775;TR00000000005570504
nt3275;TL;746351;N3275;N-3776;TR00000000005570505
nt3276;TL;746352;N3276;N-3777;TR00000000005570506
nt3277;TL;746353;N3277;N-3778;TR00000000005570507
nt3278;TL;746354;N3278;N-3779;TR00000000005570508
nt3279;TL;746355;N3279;N-3780;TR00000000005570509
nt3280;TL;746356;N3280;N-3781;TR00000000005570510
nt3281;TL;746357;N3281;N-3782;TR00000000005570511
nt3282;TL;746358;N3282;N-3783;TR00000000005570512
nt3283;TL;746359;N3283;N-3784;TR00000000005570513
nt3284;TL;746360;N3284;N-3785;TR00000000005570514
nt3285;TL;746361;N3285;N-3786;TR00000000005570515
nt3286;TL;746362;N3286;N-3787;TR00000000005570516
nt3287;TL;746363;N3287;N-3788;TR00000000005570517
nt3288;TL;746364;N3288;N-3789;TR00000000005570518
nt3289;TL;746365;N3289;N-3790;TR00000000005570519
nt3290;TL;746366;N3290;N-3791;TR00000000005570520
nt3291;TL;746367;N3291;N-3792;TR00000000005570521
nt3292;TL;746368;N3292;N-3793;TR00000000005570522
nt3293;TL;746369;N3293;N-3794;TR00000000005570523
nt3294;TL;746370;N3294;N-3795;TR00000000005570524
nt3295;TL;746371;N3295;N-3796;TR00000000005570525
nt3296;TL;746372;N3296;N-3797;TR00000000005570526
nt3297;TL;746373;N3297;N-3798;TR00000000005570527
nt3298;TL;746374;N3298;N-3799;TR00000000005570528
nt3299;TL;746375;N3299;N-3800;TR00000000005570529
nt3300;TL;746376;N3300;N-3801;TR00000000005570530
nt3301;TL;746377;N3301;N-3802;TR00000000005570531
nt3302;TL;746378;N3302;N-3803;TR00000000005570532
nt3303;TL;746379;N3303;N-3804;TR00000000005570533
nt3304;TL;746380;N3304;N-3805;TR00000000005570534
nt3305;TL;746381;N3305;N-3806;TR00000000005570535
nt3306;TL;746382;N3306;N-3807;TR00000000005570536
nt3307;TL;746383;N3307;N-3808;TR00000000005570537
nt3308;TL;746384;N3308;N-3809;TR00000000005570538
nt3309;TL;746385;N3309;N-3810;TR00000000005570539
nt3310;TL;746386;N3310;N-3811;TR00000000005570540
nt3311;TL;746387;N3311;N-3812;TR00000000005570541
nt3312;TL;746388;N3312;N-3813;TR00000000005570542
nt3313;TL;746389;N3313;N-3814;TR00000000005570543
nt3314;TL;746390;N3314;N-3815;TR00000000005570544
nt3315;TL;746391;N3315;N-3816;TR00000000005570545
nt3316;TL;746392;N3316;N-3817;TR00000000005570546
nt3317;TL;746393;N3317;N-3818;TR00000000005570547
nt3318;TL;746394;N3318;N-3819;TR00000000005570548
nt3319;TL;746395;N3319;N-3820;TR00000000005570549
nt3320;TL;746396;N3320;N-3821;TR00000000005570550
nt3321;TL;746397;N3321;N-3822;TR00000000005570551
nt3322;TL;746398;N3322;N-3823;TR00000000005570552
nt3323;TL;746399;N3323;N-3824;TR00000000005570553
nt3324;TL;746400;N3324;N-3825;TR00000000005570554
nt3325;TL;746401;N3325;N-3826;TR00000000005570555
nt3326;TL;746402;N3326;N-3827;TR00000000005570556
nt3327;TL;746403;N3327;N-3828;TR00000000005570557
nt3328;TL;746404;N3328;N-3829;TR00000000005570558
nt3329;TL;746405;N3329;N-3830;TR00000000005570559
nt3330;TL;746406;N3330;N-3831;TR00000000005570560
nt3331;TL;746407;N3331;N-3832;TR00000000005570561
nt3332;TL;746408;N3332;N-3833;TR00000000005570562
nt3333;TL;746409;N3333;N-3834;TR00000000005570563
nt3334;TL;746410;N3334;N-3835;TR00000000005570564
nt3335;TL;746411;N3335;N-3836;TR00000000005570565
nt3336;TL;746412;N3336;N-3837;TR00000000005570566
nt3337;TL;746413;N3337;N-3838;TR00000000005570567
nt3338;TL;746414;N3338;N-3839;TR00000000005570568
nt3339;TL;746415;N3339;N-3840;TR00000000005570569
nt3340;TL;746416;N3340;N-3841;TR00000000005570570
nt3341;TL;746417;N3341;N-3842;TR00000000005570571
nt3342;TL;746418;N3342;N-3843;TR00000000005570572
nt3343;TL;746419;N3343;N-3844;TR00000000005570573
nt3344;TL;746420;N3344;N-3845;TR00000000005570574
nt3345;TL;746421;N3345;N-3846;TR00000000005570575
nt3346;TL;746422;N3346;N-3847;TR00000000005570576
nt3347;TL;746423;N3347;N-3848;TR00000000005570577
nt3348;TL;746424;N3348;N-3849;TR00000000005570578
nt3349;TL;746425;N3349;N-3850;TR00000000005570579
nt3350;TL;746426;N3350;N-3851;TR00000000005570580
nt3351;TL;746427;N3351;N-3852;TR00000000005570581
nt3352;TL;746428;N3352;N-3853;TR00000000005570582
nt3353;TL;746429;N3353;N-3854;TR00000000005570583
nt3354;TL;746430;N3354;N-3855;TR00000000005570584
nt3355;TL;746431;N3355;N-3856;TR00000000005570585
nt3356;TL;746432;N3356;N-3857;TR00000000005570586
nt3357;TL;746433;N3357;N-3858;TR00000000005570587
nt3358;TL;746434;N3358;N-3859;TR00000000005570588
nt3359;TL;746435;N3359;N-3860;TR00000000005570589
nt3360;TL;746436;N3360;N-3861;TR00000000005570590
nt3361;TL;746437;N3361;N-3862;TR00000000005570591
nt3362;TL;746438;N3362;N-3863;TR00000000005570592
nt3363;TL;746439;N3363;N-3864;TR00000000005570593
nt3364;TL;746440;N3364;N-3865;TR00000000005570594
nt3365;TL;746441;N3365;N-3866;TR00000000005570595
nt3366;TL;746442;N3366;N-3867;TR00000000005570596
nt3367;TL;746443;N3367;N-3868;TR00000000005570597
nt3368;TL;746444;N3368;N-3869;TR00000000005570598
nt3369;TL;746445;N3369;N-3870;TR00000000005570599
nt3370;TL;746446;N3370;N-3871;TR00000000005570600
nt3371;TL;746447;N3371;N-3872;TR00000000005570601
nt3372;TL;746448;N3372;N-3873;TR00000000005570602
nt3373;TL;746449;N3373;N-3874;TR00000000005570603
nt3374;TL;746450;N3374;N-3875;TR00000000005570604
nt3375;TL;746451;N3375;N-3876;TR00000000005570605
nt3376;TL;746452;N3376;N-3877;TR00000000005570606
nt3377;TL;746453;N3377;N-3878;TR00000000005570607
nt3378;TL;746454;N3378;N-3879;TR00000000005570608
nt3379;TL;746455;N3379;N-3880;TR00000000005570609
nt3380;TL;746456;N3380;N-3881;TR00000000005570610
nt3381;TL;746457;N3381;N-3882;TR00000000005570611
nt3382;TL;746458;N3382;N-3883;TR00000000005570612
nt3383;TL;746459;N3383;N-3884;TR00000000005570613
nt3384;TL;746460;N3384;N-3885;TR00000000005570614
nt3385;TL;746461;N3385;N-3886;TR00000000005570615
nt3386;TL;746462;N3386;N-3887;TR00000000005570616
nt3387;TL;746463;N3387;N-3888;TR00000000005570617
nt3388;TL;746464;N3388;N-3889;TR00000000005570618
nt3389;TL;746465;N3389;N-3890;TR00000000005570619
nt3390;TL;746466;N3390;N-3891;TR00000000005570620
nt3391;TL;746467;N3391;N-3892;TR00000000005570621
nt3392;TL;746468;N3392;N-3893;TR00000000005570622
nt3393;TL;746469;N3393;N-3894;TR00000000005570623
nt3394;TL;746470;N3394;N-3895;TR00000000005570624
nt3395;TL;746471;N3395;N-3896;TR00000000005570625
nt3396;TL;746472;N3396;N-3897;TR00000000005570626
nt3397;TL;746473;N3397;N-3898;TR00000000005570627
nt3398;TL;746474;N3398;N-3899;TR00000000005570628
nt3399;TL;746475;N3399;N-3900;TR00000000005570629
nt3400;TL;746476;N3400;N-3901;TR00000000005570630
nt3401;TL;746477;N3401;N-3902;TR00000000005570631
nt3402;TL;746478;N3402;N-3903;TR00000000005570632
nt3403;TL;746479;N3403;N-3904;TR00000000005570633
nt3404;TL;746480;N3404;N-3905;TR00000000005570634
nt3405;TL;746481;N3405;N-3906;TR00000000005570635
nt3406;TL;746482;N3406;N-3907;TR00000000005570636
nt3407;TL;746483;N3407;N-3908;TR00000000005570637
nt3408;TL;746484;N3408;N-3909;TR00000000005570638
nt3409;TL;746485;N3409;N-3910;TR00000000005570639
nt3410;TL;746486;N3410;N-3911;TR00000000005570640
nt3411;TL;746487;N3411;N-3912;TR00000000005570641
nt3412;TL;746488;N3412;N-3913;TR00000000005570642
nt3413;TL;746489;N3413;N-3914;TR00000000005570643
nt3414;TL;746490;N3414;N-3915;TR00000000005570644
nt3415;TL;746491;N3415;N-3916;TR00000000005570645
nt3416;TL;746492;N3416;N-3917;TR00000000005570646
nt3417;TL;746493;N3417;N-3918;TR00000000005570647
nt3418;TL;746494;N3418;N-3919;TR00000000005570648
nt3419;TL;746495;N3419;N-3920;TR00000000005570649
nt3420;TL;746496;N3420;N-3921;TR00000000005570650
nt3421;TL;746497;N3421;N-3922;TR00000000005570651
nt3422;TL;746498;N3422;N-3923;TR00000000005570652
nt3423;TL;746499;N3423;N-3924;TR00000000005570653
nt3424;TL;746500;N3424;N-3925;TR00000000005570654
nt3425;TL;746501;N3425;N-3926;TR00000000005570655
nt3426;TL;746502;N3426;N-3927;TR00000000005570656
nt3427;TL;746503;N3427;N-3928;TR00000000005570657
nt3428;TL;746504;N3428;N-3929;TR00000000005570658
nt3429;TL;746505;N3429;N-3930;TR00000000005570659
nt3430;TL;746506;N3430;N-3931;TR00000000005570660
nt3431;TL;746507;N3431;N-3932;TR00000000005570661
nt3432;TL;746508;N3432;N-3933;TR00000000005570662
nt3433;TL;746509;N3433;N-3934;TR00000000005570663
nt3434;TL;746510;N3434;N-3935;TR00000000005570664
nt3435;TL;746511;N3435;N-3936;TR00000000005570665
nt3436;TL;746512;N3436;N-3937;TR00000000005570666
nt3437;TL;746513;N3437;N-3938;TR00000000005570667
nt3438;TL;746514;N3438;N-3939;TR00000000005570668
nt3439;TL;746515;N3439;N-3940;TR00000000005570669
nt3440;TL;746516;N3440;N-3941;TR00000000005570670
nt3441;TL;746517;N3441;N-3942;TR00000000005570671
nt3442;TL;746518;N3442;N-3943;TR00000000005570672
nt3443;TL;746519;N3443;N-3944;TR00000000005570673
nt3444;TL;746520;N3444;N-3945;TR00000000005570674
nt3445;TL;746521;N3445;N-3946;TR00000000005570675
nt3446;TL;746522;N3446;N-3947;TR00000000005570676
nt3447;TL;746523;N3447;N-3948;TR00000000005570677
nt3448;TL;746524;N3448;N-3949;TR00000000005570678
nt3449;TL;746525;N3449;N-3950;TR00000000005570679
nt3450;TL;746526;N3450;N-3951;TR00000000005570680
nt3451;TL;746527;N3451;N-3952;TR00000000005570681
nt3452;TL;746528;N3452;N-3953;TR00000000005570682
nt3453;TL;746529;N3453;N-3954;TR00000000005570683
nt3454;TL;746530;N3454;N-3955;TR00000000005570684
nt3455;TL;746531;N3455;N-3956;TR00000000005570685
nt3456;TL;746532;N3456;N-3957;TR00000000005570686
nt3457;TL;746533;N3457;N-3958;TR00000000005570687
nt3458;TL;746534;N3458;N-3959;TR00000000005570688
nt3459;TL;746535;N3459;N-3960;TR00000000005570689
nt3460;TL;746536;N3460;N-3961;TR00000000005570690
nt3461;TL;746537;N3461;N-3962;TR00000000005570691
nt3462;TL;746538;N3462;N-3963;TR00000000005570692
nt3463;TL;746539;N3463;N-3964;TR00000000005570693
nt3464;TL;746540;N3464;N-3965;TR00000000005570694
nt3465;TL;746541;N3465;N-3966;TR00000000005570695
nt3466;TL;746542;N3466;N-3967;TR00000000005570696
nt3467;TL;746543;N3467;N-3968;TR00000000005570697
nt3468;TL;746544;N3468;N-3969;TR00000000005570698
nt3469;TL;746545;N3469;N-3970;TR00000000005570699
nt3470;TL;746546;N3470;N-3971;TR00000000005570700
nt3471;TL;746547;N3471;N-3972;TR00000000005570701
nt3472;TL;746548;N3472;N-3973;TR00000000005570702
nt3473;TL;746549;N3473;N-3974;TR00000000005570703
nt3474;TL;746550;N3474;N-3975;TR00000000005570704
nt3475;TL;746551;N3475;N-3976;TR00000000005570705
nt3476;TL;746552;N3476;N-3977;TR00000000005570706
nt3477;TL;746553;N3477;N-3978;TR00000000005570707
nt3478;TL;746554;N3478;N-3979;TR00000000005570708
nt3479;TL;746555;N3479;N-3980;TR00000000005570709
nt3480;TL;746556;N3480;N-3981;TR00000000005570710
nt3481;TL;746557;N3481;N-3982;TR00000000005570711
nt3482;TL;746558;N3482;N-3983;TR00000000005570712
nt3483;TL;746559;N3483;N-3984;TR00000000005570713
nt3484;TL;746560;N3484;N-3985;TR00000000005570714
nt3485;TL;746561;N3485;N-3986;TR00000000005570715
nt3486;TL;746562;N3486;N-3987;TR00000000005570716
nt3487;TL;746563;N3487;N-3988;TR00000000005570717
nt3488;TL;746564;N3488;N-3989;TR00000000005570718
nt3489;TL;746565;N3489;N-3990;TR00000000005570719
nt3490;TL;746566;N3490;N-3991;TR00000000005570720
nt3491;TL;746567;N3491;N-3992;TR00000000005570721
nt3492;TL;746568;N3492;N-3993;TR00000000005570722
nt3493;TL;746569;N3493;N-3994;TR00000000005570723
nt3494;TL;746570;N3494;N-3995;TR00000000005570724
nt3495;TL;746571;N3495;N-3996;TR00000000005570725
nt3496;TL;746572;N3496;N-3997;TR00000000005570726
nt3497;TL;746573;N3497;N-3998;TR00000000005570727
nt3498;TL;746574;N3498;N-3999;TR00000000005570728
nt3499;TL;746575;N3499;N-4000;TR00000000005570729
nt3500;TL;746576;N3500;N-4001;TR00000000005570730
nt3501;TL;746577;N3501;N-4002;TR00000000005570731
nt3502;TL;746578;N3502;N-4003;TR00000000005570732
nt3503;TL;746579;N3503;N-4004;TR00000000005570733
nt3504;TL;746580;N3504;N-4005;TR00000000005570734
nt3505;TL;746581;N3505;N-4006;TR00000000005570735
nt3506;TL;746582;N3506;N-4007;TR00000000005570736
nt3507;TL;746583;N3507;N-4008;TR00000000005570737
nt3508;TL;746584;N3508;N-4009;TR00000000005570738
nt3509;TL;746585;N3509;N-4010;TR00000000005570739
nt3510;TL;746586;N3510;N-4011;TR00000000005570740
nt3511;TL;746587;N3511;N-4012;TR00000000005570741
nt3512;TL;746588;N3512;N-4013;TR00000000005570742
nt3513;TL;746589;N3513;N-4014;TR00000000005570743
nt3514;TL;746590;N3514;N-4015;TR00000000005570744
nt3515;TL;746591;N3515;N-4016;TR00000000005570745
nt3516;TL;746592;N3516;N-4017;TR00000000005570746
nt3517;TL;746593;N3517;N-4018;TR00000000005570747
nt3518;TL;746594;N3518;N-4019;TR00000000005570748
nt3519;TL;746595;N3519;N-4020;TR00000000005570749
nt3520;TL;746596;N3520;N-4021;TR00000000005570750
nt3521;TL;746597;N3521;N-4022;TR00000000005570751
nt3522;TL;746598;N3522;N-4023;TR00000000005570752
nt3523;TL;746599;N3523;N-4024;TR00000000005570753
nt3524;TL;746600;N3524;N-4025;TR00000000005570754
nt3525;TL;746601;N3525;N-4026;TR00000000005570755
nt3526;TL;746602;N3526;N-4027;TR00000000005570756
nt3527;TL;746603;N3527;N-4028;TR00000000005570757
nt3528;TL;746604;N3528;N-4029;TR00000000005570758
nt3529;TL;746605;N3529;N-4030;TR00000000005570759
nt3530;TL;746606;N3530;N-4031;TR00000000005570760
nt3531;TL;746607;N3531;N-4032;TR00000000005570761
nt3532;TL;746608;N3532;N-4033;TR00000000005570762
nt3533;TL;746609;N3533;N-4034;TR00000000005570763
nt3534;TL;746610;N3534;N-4035;TR00000000005570764
nt3535;TL;746611;N3535;N-4036;TR00000000005570765
nt3536;TL;746612;N3536;N-4037;TR00000000005570766
nt3537;TL;746613;N3537;N-4038;TR00000000005570767
nt3538;TL;746614;N3538;N-4039;TR00000000005570768
nt3539;TL;746615;N3539;N-4040;TR00000000005570769
nt3540;TL;746616;N3540;N-4041;TR00000000005570770
nt3541;TL;746617;N3541;N-4042;TR00000000005570771
nt3542;TL;746618;N3542;N-4043;TR00000000005570772
nt3543;TL;746619;N3543;N-4044;TR00000000005570773
nt3544;TL;746620;N3544;N-4045;TR00000000005570774
nt3545;TL;746621;N3545;N-4046;TR00000000005570775
nt3546;TL;746622;N3546;N-4047;TR00000000005570776
nt3547;TL;746623;N3547;N-4048;TR00000000005570777
nt3548;TL;746624;N3548;N-4049;TR00000000005570778
nt3549;TL;746625;N3549;N-4050;TR00000000005570779
nt3550;TL;746626;N3550;N-4051;TR00000000005570780
nt3551;TL;746627;N3551;N-4052;TR00000000005570781
nt3552;TL;746628;N3552;N-4053;TR00000000005570782
nt3553;TL;746629;N3553;N-4054;TR00000000005570783
nt3554;TL;746630;N3554;N-4055;TR00000000005570784
nt3555;TL;746631;N3555;N-4056;TR00000000005570785
nt3556;TL;746632;N3556;N-4057;TR00000000005570786
nt3557;TL;746633;N3557;N-4058;TR00000000005570787
nt3558;TL;746634;N3558;N-4059;TR00000000005570788
nt3559;TL;746635;N3559;N-4060;TR00000000005570789
nt3560;TL;746636;N3560;N-4061;TR00000000005570790
nt3561;TL;746637;N3561;N-4062;TR00000000005570791
nt3562;TL;746638;N3562;N-4063;TR00000000005570792
nt3563;TL;746639;N3563;N-4064;TR00000000005570793
nt3564;TL;746640;N3564;N-4065;TR00000000005570794
nt3565;TL;746641;N3565;N-4066;TR00000000005570795
nt3566;TL;746642;N3566;N-4067;TR00000000005570796
nt3567;TL;746643;N3567;N-4068;TR00000000005570797
nt3568;TL;746644;N3568;N-4069;TR00000000005570798
nt3569;TL;746645;N3569;N-4070;TR00000000005570799
nt3570;TL;746646;N3570;N-4071;TR00000000005570800
nt3571;TL;746647;N3571;N-4072;TR00000000005570801
nt3572;TL;746648;N3572;N-4073;TR00000000005570802
nt3573;TL;746649;N3573;N-4074;TR00000000005570803
nt3574;TL;746650;N3574;N-4075;TR00000000005570804
nt3575;TL;746651;N3575;N-4076;TR00000000005570805
nt3576;TL;746652;N3576;N-4077;TR00000000005570806
nt3577;TL;746653;N3577;N-4078;TR00000000005570807
nt3578;TL;746654;N3578;N-4079;TR00000000005570808
nt3579;TL;746655;N3579;N-4080;TR00000000005570809
nt3580;TL;746656;N3580;N-4081;TR00000000005570810
nt3581;TL;746657;N3581;N-4082;TR00000000005570811
nt3582;TL;746658;N3582;N-4083;TR00000000005570812
nt3583;TL;746659;N3583;N-4084;TR00000000005570813
nt3584;TL;746660;N3584;N-4085;TR00000000005570814
nt3585;TL;746661;N3585;N-4086;TR00000000005570815
nt3586;TL;746662;N3586;N-4087;TR00000000005570816
nt3587;TL;746663;N3587;N-4088;TR00000000005570817
nt3588;TL;746664;N3588;N-4089;TR00000000005570818
nt3589;TL;746665;N3589;N-4090;TR00000000005570819
nt3590;TL;746666;N3590;N-4091;TR00000000005570820
nt3591;TL;746667;N3591;N-4092;TR00000000005570821
nt3592;TL;746668;N3592;N-4093;TR00000000005570822
nt3593;TL;746669;N3593;N-4094;TR00000000005570823
nt3594;TL;746670;N3594;N-4095;TR00000000005570824
nt3595;TL;746671;N3595;N-4096;TR00000000005570825
nt3596;TL;746672;N3596;N-4097;TR00000000005570826
nt3597;TL;746673;N3597;N-4098;TR00000000005570827
nt3598;TL;746674;N3598;N-4099;TR00000000005570828
nt3599;TL;746675;N3599;N-4100;TR00000000005570829
nt3600;TL;746676;N3600;N-4101;TR00000000005570830
nt3601;TL;746677;N3601;N-4102;TR00000000005570831
nt3602;TL;746678;N3602;N-4103;TR00000000005570832
nt3603;TL;746679;N3603;N-4104;TR00000000005570833
nt3604;TL;746680;N3604;N-4105;TR00000000005570834
nt3605;TL;746681;N3605;N-4106;TR00000000005570835
nt3606;TL;746682;N3606;N-4107;TR00000000005570836
nt3607;TL;746683;N3607;N-4108;TR00000000005570837
nt3608;TL;746684;N3608;N-4109;TR00000000005570838
nt3609;TL;746685;N3609;N-4110;TR00000000005570839
nt3610;TL;746686;N3610;N-4111;TR00000000005570840
nt3611;TL;746687;N3611;N-4112;TR00000000005570841
nt3612;TL;746688;N3612;N-4113;TR00000000005570842
nt3613;TL;746689;N3613;N-4114;TR00000000005570843
nt3614;TL;746690;N3614;N-4115;TR00000000005570844
nt3615;TL;746691;N3615;N-4116;TR00000000005570845
nt3616;TL;746692;N3616;N-4117;TR00000000005570846
nt3617;TL;746693;N3617;N-4118;TR00000000005570847
nt3618;TL;746694;N3618;N-4119;TR00000000005570848
nt3619;TL;746695;N3619;N-4120;TR00000000005570849
nt3620;TL;746696;N3620;N-4121;TR00000000005570850
nt3621;TL;746697;N3621;N-4122;TR00000000005570851
nt3622;TL;746698;N3622;N-4123;TR00000000005570852
nt3623;TL;746699;N3623;N-4124;TR00000000005570853
nt3624;TL;746700;N3624;N-4125;TR00000000005570854
nt3625;TL;746701;N3625;N-4126;TR00000000005570855
nt3626;TL;746702;N3626;N-4127;TR00000000005570856
nt3627;TL;746703;N3627;N-4128;TR00000000005570857
nt3628;TL;746704;N3628;N-4129;TR00000000005570858
nt3629;TL;746705;N3629;N-4130;TR00000000005570859
nt3630;TL;746706;N3630;N-4131;TR00000000005570860
nt3631;TL;746707;N3631;N-4132;TR00000000005570861
nt3632;TL;746708;N3632;N-4133;TR00000000005570862
nt3633;TL;746709;N3633;N-4134;TR00000000005570863
nt3634;TL;746710;N3634;N-4135;TR00000000005570864
nt3635;TL;746711;N3635;N-4136;TR00000000005570865
nt3636;TL;746712;N3636;N-4137;TR00000000005570866
nt3637;TL;746713;N3637;N-4138;TR00000000005570867
nt3638;TL;746714;N3638;N-4139;TR00000000005570868
nt3639;TL;746715;N3639;N-4140;TR00000000005570869
nt3640;TL;746716;N3640;N-4141;TR00000000005570870
nt3641;TL;746717;N3641;N-4142;TR00000000005570871
nt3642;TL;746718;N3642;N-4143;TR00000000005570872
nt3643;TL;746719;N3643;N-4144;TR00000000005570873
nt3644;TL;746720;N3644;N-4145;TR00000000005570874
nt3645;TL;746721;N3645;N-4146;TR00000000005570875
nt3646;TL;746722;N3646;N-4147;TR00000000005570876
nt3647;TL;746723;N3647;N-4148;TR00000000005570877
nt3648;TL;746724;N3648;N-4149;TR00000000005570878
nt3649;TL;746725;N3649;N-4150;TR00000000005570879
nt3650;TL;746726;N3650;N-4151;TR00000000005570880
nt3651;TL;746727;N3651;N-4152;TR00000000005570881
nt3652;TL;746728;N3652;N-4153;TR00000000005570882
nt3653;TL;746729;N3653;N-4154;TR00000000005570883
nt3654;TL;746730;N3654;N-4155;TR00000000005570884
nt3655;TL;746731;N3655;N-4156;TR00000000005570885
nt3656;TL;746732;N3656;N-4157;TR00000000005570886
nt3657;TL;746733;N3657;N-4158;TR00000000005570887
nt3658;TL;746734;N3658;N-4159;TR00000000005570888
nt3659;TL;746735;N3659;N-4160;TR00000000005570889
nt3660;TL;746736;N3660;N-4161;TR00000000005570890
nt3661;TL;746737;N3661;N-4162;TR00000000005570891
nt3662;TL;746738;N3662;N-4163;TR00000000005570892
nt3663;TL;746739;N3663;N-4164;TR00000000005570893
nt3664;TL;746740;N3664;N-4165;TR00000000005570894
nt3665;TL;746741;N3665;N-4166;TR00000000005570895
nt3666;TL;746742;N3666;N-4167;TR00000000005570896
nt3667;TL;746743;N3667;N-4168;TR00000000005570897
nt3668;TL;746744;N3668;N-4169;TR00000000005570898
nt3669;TL;746745;N3669;N-4170;TR00000000005570899
nt3670;TL;746746;N3670;N-4171;TR00000000005570900
nt3671;TL;746747;N3671;N-4172;TR00000000005570901
nt3672;TL;746748;N3672;N-4173;TR00000000005570902
nt3673;TL;746749;N3673;N-4174;TR00000000005570903
nt3674;TL;746750;N3674;N-4175;TR00000000005570904
nt3675;TL;746751;N3675;N-4176;TR00000000005570905
nt3676;TL;746752;N3676;N-4177;TR00000000005570906
nt3677;TL;746753;N3677;N-4178;TR00000000005570907
nt3678;TL;746754;N3678;N-4179;TR00000000005570908
nt3679;TL;746755;N3679;N-4180;TR00000000005570909
nt3680;TL;746756;N3680;N-4181;TR00000000005570910
nt3681;TL;746757;N3681;N-4182;TR00000000005570911
nt3682;TL;746758;N3682;N-4183;TR00000000005570912
nt3683;TL;746759;N3683;N-4184;TR00000000005570913
nt3684;TL;746760;N3684;N-4185;TR00000000005570914
nt3685;TL;746761;N3685;N-4186;TR00000000005570915
nt3686;TL;746762;N3686;N-4187;TR00000000005570916
nt3687;TL;746763;N3687;N-4188;TR00000000005570917
nt3688;TL;746764;N3688;N-4189;TR00000000005570918
nt3689;TL;746765;N3689;N-4190;TR00000000005570919
nt3690;TL;746766;N3690;N-4191;TR00000000005570920
nt3691;TL;746767;N3691;N-4192;TR00000000005570921
nt3692;TL;746768;N3692;N-4193;TR00000000005570922
nt3693;TL;746769;N3693;N-4194;TR00000000005570923
nt3694;TL;746770;N3694;N-4195;TR00000000005570924
nt3695;TL;746771;N3695;N-4196;TR00000000005570925
nt3696;TL;746772;N3696;N-4197;TR00000000005570926
nt3697;TL;746773;N3697;N-4198;TR00000000005570927
nt3698;TL;746774;N3698;N-4199;TR00000000005570928
nt3699;TL;746775;N3699;N-4200;TR00000000005570929
nt3700;TL;746776;N3700;N-4201;TR00000000005570930
nt3701;TL;746777;N3701;N-4202;TR00000000005570931
nt3702;TL;746778;N3702;N-4203;TR00000000005570932
nt3703;TL;746779;N3703;N-4204;TR00000000005570933
nt3704;TL;746780;N3704;N-4205;TR00000000005570934
nt3705;TL;746781;N3705;N-4206;TR00000000005570935
nt3706;TL;746782;N3706;N-4207;TR00000000005570936
nt3707;TL;746783;N3707;N-4208;TR00000000005570937
nt3708;TL;746784;N3708;N-4209;TR00000000005570938
nt3709;TL;746785;N3709;N-4210;TR00000000005570939
nt3710;TL;746786;N3710;N-4211;TR00000000005570940
nt3711;TL;746787;N3711;N-4212;TR00000000005570941
nt3712;TL;746788;N3712;N-4213;TR00000000005570942
nt3713;TL;746789;N3713;N-4214;TR00000000005570943
nt3714;TL;746790;N3714;N-4215;TR00000000005570944
nt3715;TL;746791;N3715;N-4216;TR00000000005570945
nt3716;TL;746792;N3716;N-4217;TR00000000005570946
nt3717;TL;746793;N3717;N-4218;TR00000000005570947
nt3718;TL;746794;N3718;N-4219;TR00000000005570948
nt3719;TL;746795;N3719;N-4220;TR00000000005570949
nt3720;TL;746796;N3720;N-4221;TR00000000005570950
nt3721;TL;746797;N3721;N-4222;TR00000000005570951
nt3722;TL;746798;N3722;N-4223;TR00000000005570952
nt3723;TL;746799;N3723;N-4224;TR00000000005570953
nt3724;TL;746800;N3724;N-4225;TR00000000005570954
nt3725;TL;746801;N3725;N-4226;TR00000000005570955
nt3726;TL;746802;N3726;N-4227;TR00000000005570956
nt3727;TL;746803;N3727;N-4228;TR00000000005570957
nt3728;TL;746804;N3728;N-4229;TR00000000005570958
nt3729;TL;746805;N3729;N-4230;TR00000000005570959
nt3730;TL;746806;N3730;N-4231;TR00000000005570960
nt3731;TL;746807;N3731;N-4232;TR00000000005570961
nt3732;TL;746808;N3732;N-4233;TR00000000005570962
nt3733;TL;746809;N3733;N-4234;TR00000000005570963
nt3734;TL;746810;N3734;N-4235;TR00000000005570964
nt3735;TL;746811;N3735;N-4236;TR00000000005570965
nt3736;TL;746812;N3736;N-4237;TR00000000005570966
nt3737;TL;746813;N3737;N-4238;TR00000000005570967
nt3738;TL;746814;N3738;N-4239;TR00000000005570968
nt3739;TL;746815;N3739;N-4240;TR00000000005570969
nt3740;TL;746816;N3740;N-4241;TR00000000005570970
nt3741;TL;746817;N3741;N-4242;TR00000000005570971
nt3742;TL;746818;N3742;N-4243;TR00000000005570972
nt3743;TL;746819;N3743;N-4244;TR00000000005570973
nt3744;TL;746820;N3744;N-4245;TR00000000005570974
nt3745;TL;746821;N3745;N-4246;TR00000000005570975
nt3746;TL;746822;N3746;N-4247;TR00000000005570976
nt3747;TL;746823;N3747;N-4248;TR00000000005570977
nt3748;TL;746824;N3748;N-4249;TR00000000005570978
nt3749;TL;746825;N3749;N-4250;TR00000000005570979
nt3750;TL;746826;N3750;N-4251;TR00000000005570980
nt3751;TL;746827;N3751;N-4252;TR00000000005570981
nt3752;TL;746828;N3752;N-4253;TR00000000005570982
nt3753;TL;746829;N3753;N-4254;TR00000000005570983
nt3754;TL;746830;N3754;N-4255;TR00000000005570984
nt3755;TL;746831;N3755;N-4256;TR00000000005570985
nt3756;TL;746832;N3756;N-4257;TR00000000005570986
nt3757;TL;746833;N3757;N-4258;TR00000000005570987
nt3758;TL;746834;N3758;N-4259;TR00000000005570988
nt3759;TL;746835;N3759;N-4260;TR00000000005570989
nt3760;TL;746836;N3760;N-4261;TR00000000005570990
nt3761;TL;746837;N3761;N-4262;TR00000000005570991
nt3762;TL;746838;N3762;N-4263;TR00000000005570992
nt3763;TL;746839;N3763;N-4264;TR00000000005570993
nt3764;TL;746840;N3764;N-4265;TR00000000005570994
nt3765;TL;746841;N3765;N-4266;TR00000000005570995
nt3766;TL;746842;N3766;N-4267;TR00000000005570996
nt3767;TL;746843;N3767;N-4268;TR00000000005570997
nt3768;TL;746844;N3768;N-4269;TR00000000005570998
nt3769;TL;746845;N3769;N-4270;TR00000000005570999
nt3770;TL;746846;N3770;N-4271;TR00000000005571000
nt3771;TL;746847;N3771;N-4272;TR00000000005571001
nt3772;TL;746848;N3772;N-4273;TR00000000005571002
nt3773;TL;746849;N3773;N-4274;TR00000000005571003
nt3774;TL;746850;N3774;N-4275;TR00000000005571004
nt3775;TL;746851;N3775;N-4276;TR00000000005571005
nt3776;TL;746852;N3776;N-4277;TR00000000005571006
nt3777;TL;746853;N3777;N-4278;TR00000000005571007
nt3778;TL;746854;N3778;N-4279;TR00000000005571008
nt3779;TL;746855;N3779;N-4280;TR00000000005571009
nt3780;TL;746856;N3780;N-4281;TR00000000005571010
nt3781;TL;746857;N3781;N-4282;TR00000000005571011
nt3782;TL;746858;N3782;N-4283;TR00000000005571012
nt3783;TL;746859;N3783;N-4284;TR00000000005571013
nt3784;TL;746860;N3784;N-4285;TR00000000005571014
nt3785;TL;746861;N3785;N-4286;TR00000000005571015
nt3786;TL;746862;N3786;N-4287;TR00000000005571016
nt3787;TL;746863;N3787;N-4288;TR00000000005571017
nt3788;TL;746864;N3788;N-4289;TR00000000005571018
nt3789;TL;746865;N3789;N-4290;TR00000000005571019
nt3790;TL;746866;N3790;N-4291;TR00000000005571020
nt3791;TL;746867;N3791;N-4292;TR00000000005571021
nt3792;TL;746868;N3792;N-4293;TR00000000005571022
nt3793;TL;746869;N3793;N-4294;TR00000000005571023
nt3794;TL;746870;N3794;N-4295;TR00000000005571024
nt3795;TL;746871;N3795;N-4296;TR00000000005571025
nt3796;TL;746872;N3796;N-4297;TR00000000005571026
nt3797;TL;746873;N3797;N-4298;TR00000000005571027
nt3798;TL;746874;N3798;N-4299;TR00000000005571028
nt3799;TL;746875;N3799;N-4300;TR00000000005571029
nt3800;TL;746876;N3800;N-4301;TR00000000005571030
nt3801;TL;746877;N3801;N-4302;TR00000000005571031
nt3802;TL;746878;N3802;N-4303;TR00000000005571032
nt3803;TL;746879;N3803;N-4304;TR00000000005571033
nt3804;TL;746880;N3804;N-4305;TR00000000005571034
nt3805;TL;746881;N3805;N-4306;TR00000000005571035
nt3806;TL;746882;N3806;N-4307;TR00000000005571036
nt3807;TL;746883;N3807;N-4308;TR00000000005571037
nt3808;TL;746884;N3808;N-4309;TR00000000005571038
nt3809;TL;746885;N3809;N-4310;TR00000000005571039
nt3810;TL;746886;N3810;N-4311;TR00000000005571040
nt3811;TL;746887;N3811;N-4312;TR00000000005571041
nt3812;TL;746888;N3812;N-4313;TR00000000005571042
nt3813;TL;746889;N3813;N-4314;TR00000000005571043
nt3814;TL;746890;N3814;N-4315;TR00000000005571044
nt3815;TL;746891;N3815;N-4316;TR00000000005571045
nt3816;TL;746892;N3816;N-4317;TR00000000005571046
nt3817;TL;746893;N3817;N-4318;TR00000000005571047
nt3818;TL;746894;N3818;N-4319;TR00000000005571048
nt3819;TL;746895;N3819;N-4320;TR00000000005571049
nt3820;TL;746896;N3820;N-4321;TR00000000005571050
nt3821;TL;746897;N3821;N-4322;TR00000000005571051
nt3822;TL;746898;N3822;N-4323;TR00000000005571052
nt3823;TL;746899;N3823;N-4324;TR00000000005571053
nt3824;TL;746900;N3824;N-4325;TR00000000005571054
nt3825;TL;746901;N3825;N-4326;TR00000000005571055
nt3826;TL;746902;N3826;N-4327;TR00000000005571056
nt3827;TL;746903;N3827;N-4328;TR00000000005571057
nt3828;TL;746904;N3828;N-4329;TR00000000005571058
nt3829;TL;746905;N3829;N-4330;TR00000000005571059
nt3830;TL;746906;N3830;N-4331;TR00000000005571060
nt3831;TL;746907;N3831;N-4332;TR00000000005571061
nt3832;TL;746908;N3832;N-4333;TR00000000005571062
nt3833;TL;746909;N3833;N-4334;TR00000000005571063
nt3834;TL;746910;N3834;N-4335;TR00000000005571064
nt3835;TL;746911;N3835;N-4336;TR00000000005571065
nt3836;TL;746912;N3836;N-4337;TR00000000005571066
nt3837;TL;746913;N3837;N-4338;TR00000000005571067
nt3838;TL;746914;N3838;N-4339;TR00000000005571068
nt3839;TL;746915;N3839;N-4340;TR00000000005571069
nt3840;TL;746916;N3840;N-4341;TR00000000005571070
nt3841;TL;746917;N3841;N-4342;TR00000000005571071
nt3842;TL;746918;N3842;N-4343;TR00000000005571072
nt3843;TL;746919;N3843;N-4344;TR00000000005571073
nt3844;TL;746920;N3844;N-4345;TR00000000005571074
nt3845;TL;746921;N3845;N-4346;TR00000000005571075
nt3846;TL;746922;N3846;N-4347;TR00000000005571076
nt3847;TL;746923;N3847;N-4348;TR00000000005571077
nt3848;TL;746924;N3848;N-4349;TR00000000005571078
nt3849;TL;746925;N3849;N-4350;TR00000000005571079
nt3850;TL;746926;N3850;N-4351;TR00000000005571080
nt3851;TL;746927;N3851;N-4352;TR00000000005571081
nt3852;TL;746928;N3852;N-4353;TR00000000005571082
nt3853;TL;746929;N3853;N-4354;TR00000000005571083
nt3854;TL;746930;N3854;N-4355;TR00000000005571084
nt3855;TL;746931;N3855;N-4356;TR00000000005571085
nt3856;TL;746932;N3856;N-4357;TR00000000005571086
nt3857;TL;746933;N3857;N-4358;TR00000000005571087
nt3858;TL;746934;N3858;N-4359;TR00000000005571088
nt3859;TL;746935;N3859;N-4360;TR00000000005571089
nt3860;TL;746936;N3860;N-4361;TR00000000005571090
nt3861;TL;746937;N3861;N-4362;TR00000000005571091
nt3862;TL;746938;N3862;N-4363;TR00000000005571092
nt3863;TL;746939;N3863;N-4364;TR00000000005571093
nt3864;TL;746940;N3864;N-4365;TR00000000005571094
nt3865;TL;746941;N3865;N-4366;TR00000000005571095
nt3866;TL;746942;N3866;N-4367;TR00000000005571096
nt3867;TL;746943;N3867;N-4368;TR00000000005571097
nt3868;TL;746944;N3868;N-4369;TR00000000005571098
nt3869;TL;746945;N3869;N-4370;TR00000000005571099
nt3870;TL;746946;N3870;N-4371;TR00000000005571100
nt3871;TL;746947;N3871;N-4372;TR00000000005571101
nt3872;TL;746948;N3872;N-4373;TR00000000005571102
nt3873;TL;746949;N3873;N-4374;TR00000000005571103
nt3874;TL;746950;N3874;N-4375;TR00000000005571104
nt3875;TL;746951;N3875;N-4376;TR00000000005571105
nt3876;TL;746952;N3876;N-4377;TR00000000005571106
nt3877;TL;746953;N3877;N-4378;TR00000000005571107
nt3878;TL;746954;N3878;N-4379;TR00000000005571108
nt3879;TL;746955;N3879;N-4380;TR00000000005571109
nt3880;TL;746956;N3880;N-4381;TR00000000005571110
nt3881;TL;746957;N3881;N-4382;TR00000000005571111
nt3882;TL;746958;N3882;N-4383;TR00000000005571112
nt3883;TL;746959;N3883;N-4384;TR00000000005571113
nt3884;TL;746960;N3884;N-4385;TR00000000005571114
nt3885;TL;746961;N3885;N-4386;TR00000000005571115
nt3886;TL;746962;N3886;N-4387;TR00000000005571116
nt3887;TL;746963;N3887;N-4388;TR00000000005571117
nt3888;TL;746964;N3888;N-4389;TR00000000005571118
nt3889;TL;746965;N3889;N-4390;TR00000000005571119
nt3890;TL;746966;N3890;N-4391;TR00000000005571120
nt3891;TL;746967;N3891;N-4392;TR00000000005571121
nt3892;TL;746968;N3892;N-4393;TR00000000005571122
nt3893;TL;746969;N3893;N-4394;TR00000000005571123
nt3894;TL;746970;N3894;N-4395;TR00000000005571124
nt3895;TL;746971;N3895;N-4396;TR00000000005571125
nt3896;TL;746972;N3896;N-4397;TR00000000005571126
nt3897;TL;746973;N3897;N-4398;TR00000000005571127
nt3898;TL;746974;N3898;N-4399;TR00000000005571128
nt3899;TL;746975;N3899;N-4400;TR00000000005571129
nt3900;TL;746976;N3900;N-4401;TR00000000005571130
nt3901;TL;746977;N3901;N-4402;TR00000000005571131
nt3902;TL;746978;N3902;N-4403;TR00000000005571132
nt3903;TL;746979;N3903;N-4404;TR00000000005571133
nt3904;TL;746980;N3904;N-4405;TR00000000005571134
nt3905;TL;746981;N3905;N-4406;TR00000000005571135
nt3906;TL;746982;N3906;N-4407;TR00000000005571136
nt3907;TL;746983;N3907;N-4408;TR00000000005571137
nt3908;TL;746984;N3908;N-4409;TR00000000005571138
nt3909;TL;746985;N3909;N-4410;TR00000000005571139
nt3910;TL;746986;N3910;N-4411;TR00000000005571140
nt3911;TL;746987;N3911;N-4412;TR00000000005571141
nt3912;TL;746988;N3912;N-4413;TR00000000005571142
nt3913;TL;746989;N3913;N-4414;TR00000000005571143
nt3914;TL;746990;N3914;N-4415;TR00000000005571144
nt3915;TL;746991;N3915;N-4416;TR00000000005571145
nt3916;TL;746992;N3916;N-4417;TR00000000005571146
nt3917;TL;746993;N3917;N-4418;TR00000000005571147
nt3918;TL;746994;N3918;N-4419;TR00000000005571148
nt3919;TL;746995;N3919;N-4420;TR00000000005571149
nt3920;TL;746996;N3920;N-4421;TR00000000005571150
nt3921;TL;746997;N3921;N-4422;TR00000000005571151
nt3922;TL;746998;N3922;N-4423;TR00000000005571152
nt3923;TL;746999;N3923;N-4424;TR00000000005571153
nt3924;TL;747000;N3924;N-4425;TR00000000005571154
nt3925;TL;747001;N3925;N-4426;TR00000000005571155
nt3926;TL;747002;N3926;N-4427;TR00000000005571156
nt3927;TL;747003;N3927;N-4428;TR00000000005571157
nt3928;TL;747004;N3928;N-4429;TR00000000005571158
nt3929;TL;747005;N3929;N-4430;TR00000000005571159
nt3930;TL;747006;N3930;N-4431;TR00000000005571160
nt3931;TL;747007;N3931;N-4432;TR00000000005571161
nt3932;TL;747008;N3932;N-4433;TR00000000005571162
nt3933;TL;747009;N3933;N-4434;TR00000000005571163
nt3934;TL;747010;N3934;N-4435;TR00000000005571164
nt3935;TL;747011;N3935;N-4436;TR00000000005571165
nt3936;TL;747012;N3936;N-4437;TR00000000005571166
nt3937;TL;747013;N3937;N-4438;TR00000000005571167
nt3938;TL;747014;N3938;N-4439;TR00000000005571168
nt3939;TL;747015;N3939;N-4440;TR00000000005571169
nt3940;TL;747016;N3940;N-4441;TR00000000005571170
nt3941;TL;747017;N3941;N-4442;TR00000000005571171
nt3942;TL;747018;N3942;N-4443;TR00000000005571172
nt3943;TL;747019;N3943;N-4444;TR00000000005571173
nt3944;TL;747020;N3944;N-4445;TR00000000005571174
nt3945;TL;747021;N3945;N-4446;TR00000000005571175
nt3946;TL;747022;N3946;N-4447;TR00000000005571176
nt3947;TL;747023;N3947;N-4448;TR00000000005571177
nt3948;TL;747024;N3948;N-4449;TR00000000005571178
nt3949;TL;747025;N3949;N-4450;TR00000000005571179
nt3950;TL;747026;N3950;N-4451;TR00000000005571180
nt3951;TL;747027;N3951;N-4452;TR00000000005571181
nt3952;TL;747028;N3952;N-4453;TR00000000005571182
nt3953;TL;747029;N3953;N-4454;TR00000000005571183
nt3954;TL;747030;N3954;N-4455;TR00000000005571184
nt3955;TL;747031;N3955;N-4456;TR00000000005571185
nt3956;TL;747032;N3956;N-4457;TR00000000005571186
nt3957;TL;747033;N3957;N-4458;TR00000000005571187
nt3958;TL;747034;N3958;N-4459;TR00000000005571188
nt3959;TL;747035;N3959;N-4460;TR00000000005571189
nt3960;TL;747036;N3960;N-4461;TR00000000005571190
nt3961;TL;747037;N3961;N-4462;TR00000000005571191
nt3962;TL;747038;N3962;N-4463;TR00000000005571192
nt3963;TL;747039;N3963;N-4464;TR00000000005571193
nt3964;TL;747040;N3964;N-4465;TR00000000005571194
nt3965;TL;747041;N3965;N-4466;TR00000000005571195
nt3966;TL;747042;N3966;N-4467;TR00000000005571196
nt3967;TL;747043;N3967;N-4468;TR00000000005571197
nt3968;TL;747044;N3968;N-4469;TR00000000005571198
nt3969;TL;747045;N3969;N-4470;TR00000000005571199
nt3970;TL;747046;N3970;N-4471;TR00000000005571200
nt3971;TL;747047;N3971;N-4472;TR00000000005571201
nt3972;TL;747048;N3972;N-4473;TR00000000005571202
nt3973;TL;747049;N3973;N-4474;TR00000000005571203
nt3974;TL;747050;N3974;N-4475;TR00000000005571204
nt3975;TL;747051;N3975;N-4476;TR00000000005571205
nt3976;TL;747052;N3976;N-4477;TR00000000005571206
nt3977;TL;747053;N3977;N-4478;TR00000000005571207
nt3978;TL;747054;N3978;N-4479;TR00000000005571208
nt3979;TL;747055;N3979;N-4480;TR00000000005571209
nt3980;TL;747056;N3980;N-4481;TR00000000005571210
nt3981;TL;747057;N3981;N-4482;TR00000000005571211
nt3982;TL;747058;N3982;N-4483;TR00000000005571212
nt3983;TL;747059;N3983;N-4484;TR00000000005571213
nt3984;TL;747060;N3984;N-4485;TR00000000005571214
nt3985;TL;747061;N3985;N-4486;TR00000000005571215
nt3986;TL;747062;N3986;N-4487;TR00000000005571216
nt3987;TL;747063;N3987;N-4488;TR00000000005571217
nt3988;TL;747064;N3988;N-4489;TR00000000005571218
nt3989;TL;747065;N3989;N-4490;TR00000000005571219
nt3990;TL;747066;N3990;N-4491;TR00000000005571220
nt3991;TL;747067;N3991;N-4492;TR00000000005571221
nt3992;TL;747068;N3992;N-4493;TR00000000005571222
nt3993;TL;747069;N3993;N-4494;TR00000000005571223
nt3994;TL;747070;N3994;N-4495;TR00000000005571224
nt3995;TL;747071;N3995;N-4496;TR00000000005571225
nt3996;TL;747072;N3996;N-4497;TR00000000005571226
nt3997;TL;747073;N3997;N-4498;TR00000000005571227
nt3998;TL;747074;N3998;N-4499;TR00000000005571228
nt3999;TL;747075;N3999;N-4500;TR00000000005571229
nt4000;TL;747076;N4000;N-4501;TR00000000005571230
nt4001;TL;747077;N4001;N-4502;TR00000000005571231
nt4002;TL;747078;N4002;N-4503;TR00000000005571232
nt4003;TL;747079;N4003;N-4504;TR00000000005571233
nt4004;TL;747080;N4004;N-4505;TR00000000005571234
nt4005;TL;747081;N4005;N-4506;TR00000000005571235
nt4006;TL;747082;N4006;N-4507;TR00000000005571236
nt4007;TL;747083;N4007;N-4508;TR00000000005571237
nt4008;TL;747084;N4008;N-4509;TR00000000005571238
nt4009;TL;747085;N4009;N-4510;TR00000000005571239
nt4010;TL;747086;N4010;N-4511;TR00000000005571240
nt4011;TL;747087;N4011;N-4512;TR00000000005571241
nt4012;TL;747088;N4012;N-4513;TR00000000005571242
nt4013;TL;747089;N4013;N-4514;TR00000000005571243
nt4014;TL;747090;N4014;N-4515;TR00000000005571244
nt4015;TL;747091;N4015;N-4516;TR00000000005571245
nt4016;TL;747092;N4016;N-4517;TR00000000005571246
nt4017;TL;747093;N4017;N-4518;TR00000000005571247
nt4018;TL;747094;N4018;N-4519;TR00000000005571248
nt4019;TL;747095;N4019;N-4520;TR00000000005571249
nt4020;TL;747096;N4020;N-4521;TR00000000005571250
nt4021;TL;747097;N4021;N-4522;TR00000000005571251
nt4022;TL;747098;N4022;N-4523;TR00000000005571252
nt4023;TL;747099;N4023;N-4524;TR00000000005571253
nt4024;TL;747100;N4024;N-4525;TR00000000005571254
nt4025;TL;747101;N4025;N-4526;TR00000000005571255
nt4026;TL;747102;N4026;N-4527;TR00000000005571256
nt4027;TL;747103;N4027;N-4528;TR00000000005571257
nt4028;TL;747104;N4028;N-4529;TR00000000005571258
nt4029;TL;747105;N4029;N-4530;TR00000000005571259
nt4030;TL;747106;N4030;N-4531;TR00000000005571260
nt4031;TL;747107;N4031;N-4532;TR00000000005571261
nt4032;TL;747108;N4032;N-4533;TR00000000005571262
nt4033;TL;747109;N4033;N-4534;TR00000000005571263
nt4034;TL;747110;N4034;N-4535;TR00000000005571264
nt4035;TL;747111;N4035;N-4536;TR00000000005571265
nt4036;TL;747112;N4036;N-4537;TR00000000005571266
nt4037;TL;747113;N4037;N-4538;TR00000000005571267
nt4038;TL;747114;N4038;N-4539;TR00000000005571268
nt4039;TL;747115;N4039;N-4540;TR00000000005571269
nt4040;TL;747116;N4040;N-4541;TR00000000005571270
nt4041;TL;747117;N4041;N-4542;TR00000000005571271
nt4042;TL;747118;N4042;N-4543;TR00000000005571272
nt4043;TL;747119;N4043;N-4544;TR00000000005571273
nt4044;TL;747120;N4044;N-4545;TR00000000005571274
nt4045;TL;747121;N4045;N-4546;TR00000000005571275
nt4046;TL;747122;N4046;N-4547;TR00000000005571276
nt4047;TL;747123;N4047;N-4548;TR00000000005571277
nt4048;TL;747124;N4048;N-4549;TR00000000005571278
nt4049;TL;747125;N4049;N-4550;TR00000000005571279
nt4050;TL;747126;N4050;N-4551;TR00000000005571280
nt4051;TL;747127;N4051;N-4552;TR00000000005571281
nt4052;TL;747128;N4052;N-4553;TR00000000005571282
nt4053;TL;747129;N4053;N-4554;TR00000000005571283
nt4054;TL;747130;N4054;N-4555;TR00000000005571284
nt4055;TL;747131;N4055;N-4556;TR00000000005571285
nt4056;TL;747132;N4056;N-4557;TR00000000005571286
nt4057;TL;747133;N4057;N-4558;TR00000000005571287
nt4058;TL;747134;N4058;N-4559;TR00000000005571288
nt4059;TL;747135;N4059;N-4560;TR00000000005571289
nt4060;TL;747136;N4060;N-4561;TR00000000005571290
nt4061;TL;747137;N4061;N-4562;TR00000000005571291
nt4062;TL;747138;N4062;N-4563;TR00000000005571292
nt4063;TL;747139;N4063;N-4564;TR00000000005571293
nt4064;TL;747140;N4064;N-4565;TR00000000005571294
nt4065;TL;747141;N4065;N-4566;TR00000000005571295
nt4066;TL;747142;N4066;N-4567;TR00000000005571296
nt4067;TL;747143;N4067;N-4568;TR00000000005571297
nt4068;TL;747144;N4068;N-4569;TR00000000005571298
nt4069;TL;747145;N4069;N-4570;TR00000000005571299
nt4070;TL;747146;N4070;N-4571;TR00000000005571300
nt4071;TL;747147;N4071;N-4572;TR00000000005571301
nt4072;TL;747148;N4072;N-4573;TR00000000005571302
nt4073;TL;747149;N4073;N-4574;TR00000000005571303
nt4074;TL;747150;N4074;N-4575;TR00000000005571304
nt4075;TL;747151;N4075;N-4576;TR00000000005571305
nt4076;TL;747152;N4076;N-4577;TR00000000005571306
nt4077;TL;747153;N4077;N-4578;TR00000000005571307
nt4078;TL;747154;N4078;N-4579;TR00000000005571308
nt4079;TL;747155;N4079;N-4580;TR00000000005571309
nt4080;TL;747156;N4080;N-4581;TR00000000005571310
nt4081;TL;747157;N4081;N-4582;TR00000000005571311
nt4082;TL;747158;N4082;N-4583;TR00000000005571312
nt4083;TL;747159;N4083;N-4584;TR00000000005571313
nt4084;TL;747160;N4084;N-4585;TR00000000005571314
nt4085;TL;747161;N4085;N-4586;TR00000000005571315
nt4086;TL;747162;N4086;N-4587;TR00000000005571316
nt4087;TL;747163;N4087;N-4588;TR00000000005571317
nt4088;TL;747164;N4088;N-4589;TR00000000005571318
nt4089;TL;747165;N4089;N-4590;TR00000000005571319
nt4090;TL;747166;N4090;N-4591;TR00000000005571320
nt4091;TL;747167;N4091;N-4592;TR00000000005571321
nt4092;TL;747168;N4092;N-4593;TR00000000005571322
nt4093;TL;747169;N4093;N-4594;TR00000000005571323
nt4094;TL;747170;N4094;N-4595;TR00000000005571324
nt4095;TL;747171;N4095;N-4596;TR00000000005571325
nt4096;TL;747172;N4096;N-4597;TR00000000005571326
nt4097;TL;747173;N4097;N-4598;TR00000000005571327
nt4098;TL;747174;N4098;N-4599;TR00000000005571328
nt4099;TL;747175;N4099;N-4600;TR00000000005571329
nt4100;TL;747176;N4100;N-4601;TR00000000005571330
nt4101;TL;747177;N4101;N-4602;TR00000000005571331
nt4102;TL;747178;N4102;N-4603;TR00000000005571332
nt4103;TL;747179;N4103;N-4604;TR00000000005571333
nt4104;TL;747180;N4104;N-4605;TR00000000005571334
nt4105;TL;747181;N4105;N-4606;TR00000000005571335
nt4106;TL;747182;N4106;N-4607;TR00000000005571336
nt4107;TL;747183;N4107;N-4608;TR00000000005571337
nt4108;TL;747184;N4108;N-4609;TR00000000005571338
nt4109;TL;747185;N4109;N-4610;TR00000000005571339
nt4110;TL;747186;N4110;N-4611;TR00000000005571340
nt4111;TL;747187;N4111;N-4612;TR00000000005571341
nt4112;TL;747188;N4112;N-4613;TR00000000005571342
nt4113;TL;747189;N4113;N-4614;TR00000000005571343
nt4114;TL;747190;N4114;N-4615;TR00000000005571344
nt4115;TL;747191;N4115;N-4616;TR00000000005571345
nt4116;TL;747192;N4116;N-4617;TR00000000005571346
nt4117;TL;747193;N4117;N-4618;TR00000000005571347
nt4118;TL;747194;N4118;N-4619;TR00000000005571348
nt4119;TL;747195;N4119;N-4620;TR00000000005571349
nt4120;TL;747196;N4120;N-4621;TR00000000005571350
nt4121;TL;747197;N4121;N-4622;TR00000000005571351
nt4122;TL;747198;N4122;N-4623;TR00000000005571352
nt4123;TL;747199;N4123;N-4624;TR00000000005571353
nt4124;TL;747200;N4124;N-4625;TR00000000005571354
nt4125;TL;747201;N4125;N-4626;TR00000000005571355
nt4126;TL;747202;N4126;N-4627;TR00000000005571356
nt4127;TL;747203;N4127;N-4628;TR00000000005571357
nt4128;TL;747204;N4128;N-4629;TR00000000005571358
nt4129;TL;747205;N4129;N-4630;TR00000000005571359
nt4130;TL;747206;N4130;N-4631;TR00000000005571360
nt4131;TL;747207;N4131;N-4632;TR00000000005571361
nt4132;TL;747208;N4132;N-4633;TR00000000005571362
nt4133;TL;747209;N4133;N-4634;TR00000000005571363
nt4134;TL;747210;N4134;N-4635;TR00000000005571364
nt4135;TL;747211;N4135;N-4636;TR00000000005571365
nt4136;TL;747212;N4136;N-4637;TR00000000005571366
nt4137;TL;747213;N4137;N-4638;TR00000000005571367
nt4138;TL;747214;N4138;N-4639;TR00000000005571368
nt4139;TL;747215;N4139;N-4640;TR00000000005571369
nt4140;TL;747216;N4140;N-4641;TR00000000005571370
nt4141;TL;747217;N4141;N-4642;TR00000000005571371
nt4142;TL;747218;N4142;N-4643;TR00000000005571372
nt4143;TL;747219;N4143;N-4644;TR00000000005571373
nt4144;TL;747220;N4144;N-4645;TR00000000005571374
nt4145;TL;747221;N4145;N-4646;TR00000000005571375
nt4146;TL;747222;N4146;N-4647;TR00000000005571376
nt4147;TL;747223;N4147;N-4648;TR00000000005571377
nt4148;TL;747224;N4148;N-4649;TR00000000005571378
nt4149;TL;747225;N4149;N-4650;TR00000000005571379
nt4150;TL;747226;N4150;N-4651;TR00000000005571380
nt4151;TL;747227;N4151;N-4652;TR00000000005571381
nt4152;TL;747228;N4152;N-4653;TR00000000005571382
nt4153;TL;747229;N4153;N-4654;TR00000000005571383
nt4154;TL;747230;N4154;N-4655;TR00000000005571384
nt4155;TL;747231;N4155;N-4656;TR00000000005571385
nt4156;TL;747232;N4156;N-4657;TR00000000005571386
nt4157;TL;747233;N4157;N-4658;TR00000000005571387
nt4158;TL;747234;N4158;N-4659;TR00000000005571388
nt4159;TL;747235;N4159;N-4660;TR00000000005571389
nt4160;TL;747236;N4160;N-4661;TR00000000005571390
nt4161;TL;747237;N4161;N-4662;TR00000000005571391
nt4162;TL;747238;N4162;N-4663;TR00000000005571392
nt4163;TL;747239;N4163;N-4664;TR00000000005571393
nt4164;TL;747240;N4164;N-4665;TR00000000005571394
nt4165;TL;747241;N4165;N-4666;TR00000000005571395
nt4166;TL;747242;N4166;N-4667;TR00000000005571396
nt4167;TL;747243;N4167;N-4668;TR00000000005571397
nt4168;TL;747244;N4168;N-4669;TR00000000005571398
nt4169;TL;747245;N4169;N-4670;TR00000000005571399
nt4170;TL;747246;N4170;N-4671;TR00000000005571400
nt4171;TL;747247;N4171;N-4672;TR00000000005571401
nt4172;TL;747248;N4172;N-4673;TR00000000005571402
nt4173;TL;747249;N4173;N-4674;TR00000000005571403
nt4174;TL;747250;N4174;N-4675;TR00000000005571404
nt4175;TL;747251;N4175;N-4676;TR00000000005571405
nt4176;TL;747252;N4176;N-4677;TR00000000005571406
nt4177;TL;747253;N4177;N-4678;TR00000000005571407
nt4178;TL;747254;N4178;N-4679;TR00000000005571408
nt4179;TL;747255;N4179;N-4680;TR00000000005571409
nt4180;TL;747256;N4180;N-4681;TR00000000005571410
nt4181;TL;747257;N4181;N-4682;TR00000000005571411
nt4182;TL;747258;N4182;N-4683;TR00000000005571412
nt4183;TL;747259;N4183;N-4684;TR00000000005571413
nt4184;TL;747260;N4184;N-4685;TR00000000005571414
nt4185;TL;747261;N4185;N-4686;TR00000000005571415
nt4186;TL;747262;N4186;N-4687;TR00000000005571416
nt4187;TL;747263;N4187;N-4688;TR00000000005571417
nt4188;TL;747264;N4188;N-4689;TR00000000005571418
nt4189;TL;747265;N4189;N-4690;TR00000000005571419
nt4190;TL;747266;N4190;N-4691;TR00000000005571420
nt4191;TL;747267;N4191;N-4692;TR00000000005571421
nt4192;TL;747268;N4192;N-4693;TR00000000005571422
nt4193;TL;747269;N4193;N-4694;TR00000000005571423
nt4194;TL;747270;N4194;N-4695;TR00000000005571424
nt4195;TL;747271;N4195;N-4696;TR00000000005571425
nt4196;TL;747272;N4196;N-4697;TR00000000005571426
nt4197;TL;747273;N4197;N-4698;TR00000000005571427
nt4198;TL;747274;N4198;N-4699;TR00000000005571428
nt4199;TL;747275;N4199;N-4700;TR00000000005571429
nt4200;TL;747276;N4200;N-4701;TR00000000005571430
nt4201;TL;747277;N4201;N-4702;TR00000000005571431
nt4202;TL;747278;N4202;N-4703;TR00000000005571432
nt4203;TL;747279;N4203;N-4704;TR00000000005571433
nt4204;TL;747280;N4204;N-4705;TR00000000005571434
nt4205;TL;747281;N4205;N-4706;TR00000000005571435
nt4206;TL;747282;N4206;N-4707;TR00000000005571436
nt4207;TL;747283;N4207;N-4708;TR00000000005571437
nt4208;TL;747284;N4208;N-4709;TR00000000005571438
nt4209;TL;747285;N4209;N-4710;TR00000000005571439
nt4210;TL;747286;N4210;N-4711;TR00000000005571440
nt4211;TL;747287;N4211;N-4712;TR00000000005571441
nt4212;TL;747288;N4212;N-4713;TR00000000005571442
nt4213;TL;747289;N4213;N-4714;TR00000000005571443
nt4214;TL;747290;N4214;N-4715;TR00000000005571444
nt4215;TL;747291;N4215;N-4716;TR00000000005571445
nt4216;TL;747292;N4216;N-4717;TR00000000005571446
nt4217;TL;747293;N4217;N-4718;TR00000000005571447
nt4218;TL;747294;N4218;N-4719;TR00000000005571448
nt4219;TL;747295;N4219;N-4720;TR00000000005571449
nt4220;TL;747296;N4220;N-4721;TR00000000005571450
nt4221;TL;747297;N4221;N-4722;TR00000000005571451
nt4222;TL;747298;N4222;N-4723;TR00000000005571452
nt4223;TL;747299;N4223;N-4724;TR00000000005571453
nt4224;TL;747300;N4224;N-4725;TR00000000005571454
nt4225;TL;747301;N4225;N-4726;TR00000000005571455
nt4226;TL;747302;N4226;N-4727;TR00000000005571456
nt4227;TL;747303;N4227;N-4728;TR00000000005571457
nt4228;TL;747304;N4228;N-4729;TR00000000005571458
nt4229;TL;747305;N4229;N-4730;TR00000000005571459
nt4230;TL;747306;N4230;N-4731;TR00000000005571460
nt4231;TL;747307;N4231;N-4732;TR00000000005571461
nt4232;TL;747308;N4232;N-4733;TR00000000005571462
nt4233;TL;747309;N4233;N-4734;TR00000000005571463
nt4234;TL;747310;N4234;N-4735;TR00000000005571464
nt4235;TL;747311;N4235;N-4736;TR00000000005571465
nt4236;TL;747312;N4236;N-4737;TR00000000005571466
nt4237;TL;747313;N4237;N-4738;TR00000000005571467
nt4238;TL;747314;N4238;N-4739;TR00000000005571468
nt4239;TL;747315;N4239;N-4740;TR00000000005571469
nt4240;TL;747316;N4240;N-4741;TR00000000005571470
nt4241;TL;747317;N4241;N-4742;TR00000000005571471
nt4242;TL;747318;N4242;N-4743;TR00000000005571472
nt4243;TL;747319;N4243;N-4744;TR00000000005571473
nt4244;TL;747320;N4244;N-4745;TR00000000005571474
nt4245;TL;747321;N4245;N-4746;TR00000000005571475
nt4246;TL;747322;N4246;N-4747;TR00000000005571476
nt4247;TL;747323;N4247;N-4748;TR00000000005571477
nt4248;TL;747324;N4248;N-4749;TR00000000005571478
nt4249;TL;747325;N4249;N-4750;TR00000000005571479
nt4250;TL;747326;N4250;N-4751;TR00000000005571480
nt4251;TL;747327;N4251;N-4752;TR00000000005571481
nt4252;TL;747328;N4252;N-4753;TR00000000005571482
nt4253;TL;747329;N4253;N-4754;TR00000000005571483
nt4254;TL;747330;N4254;N-4755;TR00000000005571484
nt4255;TL;747331;N4255;N-4756;TR00000000005571485
nt4256;TL;747332;N4256;N-4757;TR00000000005571486
nt4257;TL;747333;N4257;N-4758;TR00000000005571487
nt4258;TL;747334;N4258;N-4759;TR00000000005571488
nt4259;TL;747335;N4259;N-4760;TR00000000005571489
nt4260;TL;747336;N4260;N-4761;TR00000000005571490
nt4261;TL;747337;N4261;N-4762;TR00000000005571491
nt4262;TL;747338;N4262;N-4763;TR00000000005571492
nt4263;TL;747339;N4263;N-4764;TR00000000005571493
nt4264;TL;747340;N4264;N-4765;TR00000000005571494
nt4265;TL;747341;N4265;N-4766;TR00000000005571495
nt4266;TL;747342;N4266;N-4767;TR00000000005571496
nt4267;TL;747343;N4267;N-4768;TR00000000005571497
nt4268;TL;747344;N4268;N-4769;TR00000000005571498
nt4269;TL;747345;N4269;N-4770;TR00000000005571499
nt4270;TL;747346;N4270;N-4771;TR00000000005571500
nt4271;TL;747347;N4271;N-4772;TR00000000005571501
nt4272;TL;747348;N4272;N-4773;TR00000000005571502
nt4273;TL;747349;N4273;N-4774;TR00000000005571503
nt4274;TL;747350;N4274;N-4775;TR00000000005571504
nt4275;TL;747351;N4275;N-4776;TR00000000005571505
nt4276;TL;747352;N4276;N-4777;TR00000000005571506
nt4277;TL;747353;N4277;N-4778;TR00000000005571507
nt4278;TL;747354;N4278;N-4779;TR00000000005571508
nt4279;TL;747355;N4279;N-4780;TR00000000005571509
nt4280;TL;747356;N4280;N-4781;TR00000000005571510
nt4281;TL;747357;N4281;N-4782;TR00000000005571511
nt4282;TL;747358;N4282;N-4783;TR00000000005571512
nt4283;TL;747359;N4283;N-4784;TR00000000005571513
nt4284;TL;747360;N4284;N-4785;TR00000000005571514
nt4285;TL;747361;N4285;N-4786;TR00000000005571515
nt4286;TL;747362;N4286;N-4787;TR00000000005571516
nt4287;TL;747363;N4287;N-4788;TR00000000005571517
nt4288;TL;747364;N4288;N-4789;TR00000000005571518
nt4289;TL;747365;N4289;N-4790;TR00000000005571519
nt4290;TL;747366;N4290;N-4791;TR00000000005571520
nt4291;TL;747367;N4291;N-4792;TR00000000005571521
nt4292;TL;747368;N4292;N-4793;TR00000000005571522
nt4293;TL;747369;N4293;N-4794;TR00000000005571523
nt4294;TL;747370;N4294;N-4795;TR00000000005571524
nt4295;TL;747371;N4295;N-4796;TR00000000005571525
nt4296;TL;747372;N4296;N-4797;TR00000000005571526
nt4297;TL;747373;N4297;N-4798;TR00000000005571527
nt4298;TL;747374;N4298;N-4799;TR00000000005571528
nt4299;TL;747375;N4299;N-4800;TR00000000005571529
nt4300;TL;747376;N4300;N-4801;TR00000000005571530
nt4301;TL;747377;N4301;N-4802;TR00000000005571531
nt4302;TL;747378;N4302;N-4803;TR00000000005571532
nt4303;TL;747379;N4303;N-4804;TR00000000005571533
nt4304;TL;747380;N4304;N-4805;TR00000000005571534
nt4305;TL;747381;N4305;N-4806;TR00000000005571535
nt4306;TL;747382;N4306;N-4807;TR00000000005571536
nt4307;TL;747383;N4307;N-4808;TR00000000005571537
nt4308;TL;747384;N4308;N-4809;TR00000000005571538
nt4309;TL;747385;N4309;N-4810;TR00000000005571539
nt4310;TL;747386;N4310;N-4811;TR00000000005571540
nt4311;TL;747387;N4311;N-4812;TR00000000005571541
nt4312;TL;747388;N4312;N-4813;TR00000000005571542
nt4313;TL;747389;N4313;N-4814;TR00000000005571543
nt4314;TL;747390;N4314;N-4815;TR00000000005571544
nt4315;TL;747391;N4315;N-4816;TR00000000005571545
nt4316;TL;747392;N4316;N-4817;TR00000000005571546
nt4317;TL;747393;N4317;N-4818;TR00000000005571547
nt4318;TL;747394;N4318;N-4819;TR00000000005571548
nt4319;TL;747395;N4319;N-4820;TR00000000005571549
nt4320;TL;747396;N4320;N-4821;TR00000000005571550
nt4321;TL;747397;N4321;N-4822;TR00000000005571551
nt4322;TL;747398;N4322;N-4823;TR00000000005571552
nt4323;TL;747399;N4323;N-4824;TR00000000005571553
nt4324;TL;747400;N4324;N-4825;TR00000000005571554
nt4325;TL;747401;N4325;N-4826;TR00000000005571555
nt4326;TL;747402;N4326;N-4827;TR00000000005571556
nt4327;TL;747403;N4327;N-4828;TR00000000005571557
nt4328;TL;747404;N4328;N-4829;TR00000000005571558
nt4329;TL;747405;N4329;N-4830;TR00000000005571559
nt4330;TL;747406;N4330;N-4831;TR00000000005571560
nt4331;TL;747407;N4331;N-4832;TR00000000005571561
nt4332;TL;747408;N4332;N-4833;TR00000000005571562
nt4333;TL;747409;N4333;N-4834;TR00000000005571563
nt4334;TL;747410;N4334;N-4835;TR00000000005571564
nt4335;TL;747411;N4335;N-4836;TR00000000005571565
nt4336;TL;747412;N4336;N-4837;TR00000000005571566
nt4337;TL;747413;N4337;N-4838;TR00000000005571567
nt4338;TL;747414;N4338;N-4839;TR00000000005571568
nt4339;TL;747415;N4339;N-4840;TR00000000005571569
nt4340;TL;747416;N4340;N-4841;TR00000000005571570
nt4341;TL;747417;N4341;N-4842;TR00000000005571571
nt4342;TL;747418;N4342;N-4843;TR00000000005571572
nt4343;TL;747419;N4343;N-4844;TR00000000005571573
nt4344;TL;747420;N4344;N-4845;TR00000000005571574
nt4345;TL;747421;N4345;N-4846;TR00000000005571575
nt4346;TL;747422;N4346;N-4847;TR00000000005571576
nt4347;TL;747423;N4347;N-4848;TR00000000005571577
nt4348;TL;747424;N4348;N-4849;TR00000000005571578
nt4349;TL;747425;N4349;N-4850;TR00000000005571579
nt4350;TL;747426;N4350;N-4851;TR00000000005571580
nt4351;TL;747427;N4351;N-4852;TR00000000005571581
nt4352;TL;747428;N4352;N-4853;TR00000000005571582
nt4353;TL;747429;N4353;N-4854;TR00000000005571583
nt4354;TL;747430;N4354;N-4855;TR00000000005571584
nt4355;TL;747431;N4355;N-4856;TR00000000005571585
nt4356;TL;747432;N4356;N-4857;TR00000000005571586
nt4357;TL;747433;N4357;N-4858;TR00000000005571587
nt4358;TL;747434;N4358;N-4859;TR00000000005571588
nt4359;TL;747435;N4359;N-4860;TR00000000005571589
nt4360;TL;747436;N4360;N-4861;TR00000000005571590
nt4361;TL;747437;N4361;N-4862;TR00000000005571591
nt4362;TL;747438;N4362;N-4863;TR00000000005571592
nt4363;TL;747439;N4363;N-4864;TR00000000005571593
nt4364;TL;747440;N4364;N-4865;TR00000000005571594
nt4365;TL;747441;N4365;N-4866;TR00000000005571595
nt4366;TL;747442;N4366;N-4867;TR00000000005571596
nt4367;TL;747443;N4367;N-4868;TR00000000005571597
nt4368;TL;747444;N4368;N-4869;TR00000000005571598
nt4369;TL;747445;N4369;N-4870;TR00000000005571599
nt4370;TL;747446;N4370;N-4871;TR00000000005571600
nt4371;TL;747447;N4371;N-4872;TR00000000005571601
nt4372;TL;747448;N4372;N-4873;TR00000000005571602
nt4373;TL;747449;N4373;N-4874;TR00000000005571603
nt4374;TL;747450;N4374;N-4875;TR00000000005571604
nt4375;TL;747451;N4375;N-4876;TR00000000005571605
nt4376;TL;747452;N4376;N-4877;TR00000000005571606
nt4377;TL;747453;N4377;N-4878;TR00000000005571607
nt4378;TL;747454;N4378;N-4879;TR00000000005571608
nt4379;TL;747455;N4379;N-4880;TR00000000005571609
nt4380;TL;747456;N4380;N-4881;TR00000000005571610
nt4381;TL;747457;N4381;N-4882;TR00000000005571611
nt4382;TL;747458;N4382;N-4883;TR00000000005571612
nt4383;TL;747459;N4383;N-4884;TR00000000005571613
nt4384;TL;747460;N4384;N-4885;TR00000000005571614
nt4385;TL;747461;N4385;N-4886;TR00000000005571615
nt4386;TL;747462;N4386;N-4887;TR00000000005571616
nt4387;TL;747463;N4387;N-4888;TR00000000005571617
nt4388;TL;747464;N4388;N-4889;TR00000000005571618
nt4389;TL;747465;N4389;N-4890;TR00000000005571619
nt4390;TL;747466;N4390;N-4891;TR00000000005571620
nt4391;TL;747467;N4391;N-4892;TR00000000005571621
nt4392;TL;747468;N4392;N-4893;TR00000000005571622
nt4393;TL;747469;N4393;N-4894;TR00000000005571623
nt4394;TL;747470;N4394;N-4895;TR00000000005571624
nt4395;TL;747471;N4395;N-4896;TR00000000005571625
nt4396;TL;747472;N4396;N-4897;TR00000000005571626
nt4397;TL;747473;N4397;N-4898;TR00000000005571627
nt4398;TL;747474;N4398;N-4899;TR00000000005571628
nt4399;TL;747475;N4399;N-4900;TR00000000005571629
nt4400;TL;747476;N4400;N-4901;TR00000000005571630
nt4401;TL;747477;N4401;N-4902;TR00000000005571631
nt4402;TL;747478;N4402;N-4903;TR00000000005571632
nt4403;TL;747479;N4403;N-4904;TR00000000005571633
nt4404;TL;747480;N4404;N-4905;TR00000000005571634
nt4405;TL;747481;N4405;N-4906;TR00000000005571635
nt4406;TL;747482;N4406;N-4907;TR00000000005571636
nt4407;TL;747483;N4407;N-4908;TR00000000005571637
nt4408;TL;747484;N4408;N-4909;TR00000000005571638
nt4409;TL;747485;N4409;N-4910;TR00000000005571639
nt4410;TL;747486;N4410;N-4911;TR00000000005571640
nt4411;TL;747487;N4411;N-4912;TR00000000005571641
nt4412;TL;747488;N4412;N-4913;TR00000000005571642
nt4413;TL;747489;N4413;N-4914;TR00000000005571643
nt4414;TL;747490;N4414;N-4915;TR00000000005571644
nt4415;TL;747491;N4415;N-4916;TR00000000005571645
nt4416;TL;747492;N4416;N-4917;TR00000000005571646
nt4417;TL;747493;N4417;N-4918;TR00000000005571647
nt4418;TL;747494;N4418;N-4919;TR00000000005571648
nt4419;TL;747495;N4419;N-4920;TR00000000005571649
nt4420;TL;747496;N4420;N-4921;TR00000000005571650
nt4421;TL;747497;N4421;N-4922;TR00000000005571651
nt4422;TL;747498;N4422;N-4923;TR00000000005571652
nt4423;TL;747499;N4423;N-4924;TR00000000005571653
nt4424;TL;747500;N4424;N-4925;TR00000000005571654
nt4425;TL;747501;N4425;N-4926;TR00000000005571655
nt4426;TL;747502;N4426;N-4927;TR00000000005571656
nt4427;TL;747503;N4427;N-4928;TR00000000005571657
nt4428;TL;747504;N4428;N-4929;TR00000000005571658
nt4429;TL;747505;N4429;N-4930;TR00000000005571659
nt4430;TL;747506;N4430;N-4931;TR00000000005571660
nt4431;TL;747507;N4431;N-4932;TR00000000005571661
nt4432;TL;747508;N4432;N-4933;TR00000000005571662
nt4433;TL;747509;N4433;N-4934;TR00000000005571663
nt4434;TL;747510;N4434;N-4935;TR00000000005571664
nt4435;TL;747511;N4435;N-4936;TR00000000005571665
nt4436;TL;747512;N4436;N-4937;TR00000000005571666
nt4437;TL;747513;N4437;N-4938;TR00000000005571667
nt4438;TL;747514;N4438;N-4939;TR00000000005571668
nt4439;TL;747515;N4439;N-4940;TR00000000005571669
nt4440;TL;747516;N4440;N-4941;TR00000000005571670
nt4441;TL;747517;N4441;N-4942;TR00000000005571671
nt4442;TL;747518;N4442;N-4943;TR00000000005571672
nt4443;TL;747519;N4443;N-4944;TR00000000005571673
nt4444;TL;747520;N4444;N-4945;TR00000000005571674
nt4445;TL;747521;N4445;N-4946;TR00000000005571675
nt4446;TL;747522;N4446;N-4947;TR00000000005571676
nt4447;TL;747523;N4447;N-4948;TR00000000005571677
nt4448;TL;747524;N4448;N-4949;TR00000000005571678
nt4449;TL;747525;N4449;N-4950;TR00000000005571679
nt4450;TL;747526;N4450;N-4951;TR00000000005571680
nt4451;TL;747527;N4451;N-4952;TR00000000005571681
nt4452;TL;747528;N4452;N-4953;TR00000000005571682
nt4453;TL;747529;N4453;N-4954;TR00000000005571683
nt4454;TL;747530;N4454;N-4955;TR00000000005571684
nt4455;TL;747531;N4455;N-4956;TR00000000005571685
nt4456;TL;747532;N4456;N-4957;TR00000000005571686
nt4457;TL;747533;N4457;N-4958;TR00000000005571687
nt4458;TL;747534;N4458;N-4959;TR00000000005571688
nt4459;TL;747535;N4459;N-4960;TR00000000005571689
nt4460;TL;747536;N4460;N-4961;TR00000000005571690
nt4461;TL;747537;N4461;N-4962;TR00000000005571691
nt4462;TL;747538;N4462;N-4963;TR00000000005571692
nt4463;TL;747539;N4463;N-4964;TR00000000005571693
nt4464;TL;747540;N4464;N-4965;TR00000000005571694
nt4465;TL;747541;N4465;N-4966;TR00000000005571695
nt4466;TL;747542;N4466;N-4967;TR00000000005571696
nt4467;TL;747543;N4467;N-4968;TR00000000005571697
nt4468;TL;747544;N4468;N-4969;TR00000000005571698
nt4469;TL;747545;N4469;N-4970;TR00000000005571699
nt4470;TL;747546;N4470;N-4971;TR00000000005571700
nt4471;TL;747547;N4471;N-4972;TR00000000005571701
nt4472;TL;747548;N4472;N-4973;TR00000000005571702
nt4473;TL;747549;N4473;N-4974;TR00000000005571703
nt4474;TL;747550;N4474;N-4975;TR00000000005571704
nt4475;TL;747551;N4475;N-4976;TR00000000005571705
nt4476;TL;747552;N4476;N-4977;TR00000000005571706
nt4477;TL;747553;N4477;N-4978;TR00000000005571707
nt4478;TL;747554;N4478;N-4979;TR00000000005571708
nt4479;TL;747555;N4479;N-4980;TR00000000005571709
nt4480;TL;747556;N4480;N-4981;TR00000000005571710
nt4481;TL;747557;N4481;N-4982;TR00000000005571711
nt4482;TL;747558;N4482;N-4983;TR00000000005571712
nt4483;TL;747559;N4483;N-4984;TR00000000005571713
nt4484;TL;747560;N4484;N-4985;TR00000000005571714
nt4485;TL;747561;N4485;N-4986;TR00000000005571715
nt4486;TL;747562;N4486;N-4987;TR00000000005571716
nt4487;TL;747563;N4487;N-4988;TR00000000005571717
nt4488;TL;747564;N4488;N-4989;TR00000000005571718
nt4489;TL;747565;N4489;N-4990;TR00000000005571719
nt4490;TL;747566;N4490;N-4991;TR00000000005571720
nt4491;TL;747567;N4491;N-4992;TR00000000005571721
nt4492;TL;747568;N4492;N-4993;TR00000000005571722
nt4493;TL;747569;N4493;N-4994;TR00000000005571723
nt4494;TL;747570;N4494;N-4995;TR00000000005571724
nt4495;TL;747571;N4495;N-4996;TR00000000005571725
nt4496;TL;747572;N4496;N-4997;TR00000000005571726
nt4497;TL;747573;N4497;N-4998;TR00000000005571727
nt4498;TL;747574;N4498;N-4999;TR00000000005571728
nt4499;TL;747575;N4499;N-5000;TR00000000005571729
nt4500;TL;747576;N4500;N-5001;TR00000000005571730
nt4501;TL;747577;N4501;N-5002;TR00000000005571731
nt4502;TL;747578;N4502;N-5003;TR00000000005571732
nt4503;TL;747579;N4503;N-5004;TR00000000005571733
nt4504;TL;747580;N4504;N-5005;TR00000000005571734
nt4505;TL;747581;N4505;N-5006;TR00000000005571735
nt4506;TL;747582;N4506;N-5007;TR00000000005571736
nt4507;TL;747583;N4507;N-5008;TR00000000005571737
nt4508;TL;747584;N4508;N-5009;TR00000000005571738
nt4509;TL;747585;N4509;N-5010;TR00000000005571739
nt4510;TL;747586;N4510;N-5011;TR00000000005571740
nt4511;TL;747587;N4511;N-5012;TR00000000005571741
nt4512;TL;747588;N4512;N-5013;TR00000000005571742
nt4513;TL;747589;N4513;N-5014;TR00000000005571743
nt4514;TL;747590;N4514;N-5015;TR00000000005571744
nt4515;TL;747591;N4515;N-5016;TR00000000005571745
nt4516;TL;747592;N4516;N-5017;TR00000000005571746
nt4517;TL;747593;N4517;N-5018;TR00000000005571747
nt4518;TL;747594;N4518;N-5019;TR00000000005571748
nt4519;TL;747595;N4519;N-5020;TR00000000005571749
nt4520;TL;747596;N4520;N-5021;TR00000000005571750
nt4521;TL;747597;N4521;N-5022;TR00000000005571751
nt4522;TL;747598;N4522;N-5023;TR00000000005571752
nt4523;TL;747599;N4523;N-5024;TR00000000005571753
nt4524;TL;747600;N4524;N-5025;TR00000000005571754
nt4525;TL;747601;N4525;N-5026;TR00000000005571755
nt4526;TL;747602;N4526;N-5027;TR00000000005571756
nt4527;TL;747603;N4527;N-5028;TR00000000005571757
nt4528;TL;747604;N4528;N-5029;TR00000000005571758
nt4529;TL;747605;N4529;N-5030;TR00000000005571759
nt4530;TL;747606;N4530;N-5031;TR00000000005571760
nt4531;TL;747607;N4531;N-5032;TR00000000005571761
nt4532;TL;747608;N4532;N-5033;TR00000000005571762
nt4533;TL;747609;N4533;N-5034;TR00000000005571763
nt4534;TL;747610;N4534;N-5035;TR00000000005571764
nt4535;TL;747611;N4535;N-5036;TR00000000005571765
nt4536;TL;747612;N4536;N-5037;TR00000000005571766
nt4537;TL;747613;N4537;N-5038;TR00000000005571767
nt4538;TL;747614;N4538;N-5039;TR00000000005571768
nt4539;TL;747615;N4539;N-5040;TR00000000005571769
nt4540;TL;747616;N4540;N-5041;TR00000000005571770
nt4541;TL;747617;N4541;N-5042;TR00000000005571771
nt4542;TL;747618;N4542;N-5043;TR00000000005571772
nt4543;TL;747619;N4543;N-5044;TR00000000005571773
nt4544;TL;747620;N4544;N-5045;TR00000000005571774
nt4545;TL;747621;N4545;N-5046;TR00000000005571775
nt4546;TL;747622;N4546;N-5047;TR00000000005571776
nt4547;TL;747623;N4547;N-5048;TR00000000005571777
nt4548;TL;747624;N4548;N-5049;TR00000000005571778
nt4549;TL;747625;N4549;N-5050;TR00000000005571779
nt4550;TL;747626;N4550;N-5051;TR00000000005571780
nt4551;TL;747627;N4551;N-5052;TR00000000005571781
nt4552;TL;747628;N4552;N-5053;TR00000000005571782
nt4553;TL;747629;N4553;N-5054;TR00000000005571783
nt4554;TL;747630;N4554;N-5055;TR00000000005571784
nt4555;TL;747631;N4555;N-5056;TR00000000005571785
nt4556;TL;747632;N4556;N-5057;TR00000000005571786
nt4557;TL;747633;N4557;N-5058;TR00000000005571787
nt4558;TL;747634;N4558;N-5059;TR00000000005571788
nt4559;TL;747635;N4559;N-5060;TR00000000005571789
nt4560;TL;747636;N4560;N-5061;TR00000000005571790
nt4561;TL;747637;N4561;N-5062;TR00000000005571791
nt4562;TL;747638;N4562;N-5063;TR00000000005571792
nt4563;TL;747639;N4563;N-5064;TR00000000005571793
nt4564;TL;747640;N4564;N-5065;TR00000000005571794
nt4565;TL;747641;N4565;N-5066;TR00000000005571795
nt4566;TL;747642;N4566;N-5067;TR00000000005571796
nt4567;TL;747643;N4567;N-5068;TR00000000005571797
nt4568;TL;747644;N4568;N-5069;TR00000000005571798
nt4569;TL;747645;N4569;N-5070;TR00000000005571799
nt4570;TL;747646;N4570;N-5071;TR00000000005571800
nt4571;TL;747647;N4571;N-5072;TR00000000005571801
nt4572;TL;747648;N4572;N-5073;TR00000000005571802
nt4573;TL;747649;N4573;N-5074;TR00000000005571803
nt4574;TL;747650;N4574;N-5075;TR00000000005571804
nt4575;TL;747651;N4575;N-5076;TR00000000005571805
nt4576;TL;747652;N4576;N-5077;TR00000000005571806
nt4577;TL;747653;N4577;N-5078;TR00000000005571807
nt4578;TL;747654;N4578;N-5079;TR00000000005571808
nt4579;TL;747655;N4579;N-5080;TR00000000005571809
nt4580;TL;747656;N4580;N-5081;TR00000000005571810
nt4581;TL;747657;N4581;N-5082;TR00000000005571811
nt4582;TL;747658;N4582;N-5083;TR00000000005571812
nt4583;TL;747659;N4583;N-5084;TR00000000005571813
nt4584;TL;747660;N4584;N-5085;TR00000000005571814
nt4585;TL;747661;N4585;N-5086;TR00000000005571815
nt4586;TL;747662;N4586;N-5087;TR00000000005571816
nt4587;TL;747663;N4587;N-5088;TR00000000005571817
nt4588;TL;747664;N4588;N-5089;TR00000000005571818
nt4589;TL;747665;N4589;N-5090;TR00000000005571819
nt4590;TL;747666;N4590;N-5091;TR00000000005571820
nt4591;TL;747667;N4591;N-5092;TR00000000005571821
nt4592;TL;747668;N4592;N-5093;TR00000000005571822
nt4593;TL;747669;N4593;N-5094;TR00000000005571823
nt4594;TL;747670;N4594;N-5095;TR00000000005571824
nt4595;TL;747671;N4595;N-5096;TR00000000005571825
nt4596;TL;747672;N4596;N-5097;TR00000000005571826
nt4597;TL;747673;N4597;N-5098;TR00000000005571827
nt4598;TL;747674;N4598;N-5099;TR00000000005571828
nt4599;TL;747675;N4599;N-5100;TR00000000005571829
nt4600;TL;747676;N4600;N-5101;TR00000000005571830
nt4601;TL;747677;N4601;N-5102;TR00000000005571831
nt4602;TL;747678;N4602;N-5103;TR00000000005571832
nt4603;TL;747679;N4603;N-5104;TR00000000005571833
nt4604;TL;747680;N4604;N-5105;TR00000000005571834
nt4605;TL;747681;N4605;N-5106;TR00000000005571835
nt4606;TL;747682;N4606;N-5107;TR00000000005571836
nt4607;TL;747683;N4607;N-5108;TR00000000005571837
nt4608;TL;747684;N4608;N-5109;TR00000000005571838
nt4609;TL;747685;N4609;N-5110;TR00000000005571839
nt4610;TL;747686;N4610;N-5111;TR00000000005571840
nt4611;TL;747687;N4611;N-5112;TR00000000005571841
nt4612;TL;747688;N4612;N-5113;TR00000000005571842
nt4613;TL;747689;N4613;N-5114;TR00000000005571843
nt4614;TL;747690;N4614;N-5115;TR00000000005571844
nt4615;TL;747691;N4615;N-5116;TR00000000005571845
nt4616;TL;747692;N4616;N-5117;TR00000000005571846
nt4617;TL;747693;N4617;N-5118;TR00000000005571847
nt4618;TL;747694;N4618;N-5119;TR00000000005571848
nt4619;TL;747695;N4619;N-5120;TR00000000005571849
nt4620;TL;747696;N4620;N-5121;TR00000000005571850
nt4621;TL;747697;N4621;N-5122;TR00000000005571851
nt4622;TL;747698;N4622;N-5123;TR00000000005571852
nt4623;TL;747699;N4623;N-5124;TR00000000005571853
nt4624;TL;747700;N4624;N-5125;TR00000000005571854
nt4625;TL;747701;N4625;N-5126;TR00000000005571855
nt4626;TL;747702;N4626;N-5127;TR00000000005571856
nt4627;TL;747703;N4627;N-5128;TR00000000005571857
nt4628;TL;747704;N4628;N-5129;TR00000000005571858
nt4629;TL;747705;N4629;N-5130;TR00000000005571859
nt4630;TL;747706;N4630;N-5131;TR00000000005571860
nt4631;TL;747707;N4631;N-5132;TR00000000005571861
nt4632;TL;747708;N4632;N-5133;TR00000000005571862
nt4633;TL;747709;N4633;N-5134;TR00000000005571863
nt4634;TL;747710;N4634;N-5135;TR00000000005571864
nt4635;TL;747711;N4635;N-5136;TR00000000005571865
nt4636;TL;747712;N4636;N-5137;TR00000000005571866
nt4637;TL;747713;N4637;N-5138;TR00000000005571867
nt4638;TL;747714;N4638;N-5139;TR00000000005571868
nt4639;TL;747715;N4639;N-5140;TR00000000005571869
nt4640;TL;747716;N4640;N-5141;TR00000000005571870
nt4641;TL;747717;N4641;N-5142;TR00000000005571871
nt4642;TL;747718;N4642;N-5143;TR00000000005571872
nt4643;TL;747719;N4643;N-5144;TR00000000005571873
nt4644;TL;747720;N4644;N-5145;TR00000000005571874
nt4645;TL;747721;N4645;N-5146;TR00000000005571875
nt4646;TL;747722;N4646;N-5147;TR00000000005571876
nt4647;TL;747723;N4647;N-5148;TR00000000005571877
nt4648;TL;747724;N4648;N-5149;TR00000000005571878
nt4649;TL;747725;N4649;N-5150;TR00000000005571879
nt4650;TL;747726;N4650;N-5151;TR00000000005571880
nt4651;TL;747727;N4651;N-5152;TR00000000005571881
nt4652;TL;747728;N4652;N-5153;TR00000000005571882
nt4653;TL;747729;N4653;N-5154;TR00000000005571883
nt4654;TL;747730;N4654;N-5155;TR00000000005571884
nt4655;TL;747731;N4655;N-5156;TR00000000005571885
nt4656;TL;747732;N4656;N-5157;TR00000000005571886
nt4657;TL;747733;N4657;N-5158;TR00000000005571887
nt4658;TL;747734;N4658;N-5159;TR00000000005571888
nt4659;TL;747735;N4659;N-5160;TR00000000005571889
nt4660;TL;747736;N4660;N-5161;TR00000000005571890
nt4661;TL;747737;N4661;N-5162;TR00000000005571891
nt4662;TL;747738;N4662;N-5163;TR00000000005571892
nt4663;TL;747739;N4663;N-5164;TR00000000005571893
nt4664;TL;747740;N4664;N-5165;TR00000000005571894
nt4665;TL;747741;N4665;N-5166;TR00000000005571895
nt4666;TL;747742;N4666;N-5167;TR00000000005571896
nt4667;TL;747743;N4667;N-5168;TR00000000005571897
nt4668;TL;747744;N4668;N-5169;TR00000000005571898
nt4669;TL;747745;N4669;N-5170;TR00000000005571899
nt4670;TL;747746;N4670;N-5171;TR00000000005571900
nt4671;TL;747747;N4671;N-5172;TR00000000005571901
nt4672;TL;747748;N4672;N-5173;TR00000000005571902
nt4673;TL;747749;N4673;N-5174;TR00000000005571903
nt4674;TL;747750;N4674;N-5175;TR00000000005571904
nt4675;TL;747751;N4675;N-5176;TR00000000005571905
nt4676;TL;747752;N4676;N-5177;TR00000000005571906
nt4677;TL;747753;N4677;N-5178;TR00000000005571907
nt4678;TL;747754;N4678;N-5179;TR00000000005571908
nt4679;TL;747755;N4679;N-5180;TR00000000005571909
nt4680;TL;747756;N4680;N-5181;TR00000000005571910
nt4681;TL;747757;N4681;N-5182;TR00000000005571911
nt4682;TL;747758;N4682;N-5183;TR00000000005571912
nt4683;TL;747759;N4683;N-5184;TR00000000005571913
nt4684;TL;747760;N4684;N-5185;TR00000000005571914
nt4685;TL;747761;N4685;N-5186;TR00000000005571915
nt4686;TL;747762;N4686;N-5187;TR00000000005571916
nt4687;TL;747763;N4687;N-5188;TR00000000005571917
nt4688;TL;747764;N4688;N-5189;TR00000000005571918
nt4689;TL;747765;N4689;N-5190;TR00000000005571919
nt4690;TL;747766;N4690;N-5191;TR00000000005571920
nt4691;TL;747767;N4691;N-5192;TR00000000005571921
nt4692;TL;747768;N4692;N-5193;TR00000000005571922
nt4693;TL;747769;N4693;N-5194;TR00000000005571923
nt4694;TL;747770;N4694;N-5195;TR00000000005571924
nt4695;TL;747771;N4695;N-5196;TR00000000005571925
nt4696;TL;747772;N4696;N-5197;TR00000000005571926
nt4697;TL;747773;N4697;N-5198;TR00000000005571927
nt4698;TL;747774;N4698;N-5199;TR00000000005571928
nt4699;TL;747775;N4699;N-5200;TR00000000005571929
nt4700;TL;747776;N4700;N-5201;TR00000000005571930
nt4701;TL;747777;N4701;N-5202;TR00000000005571931
nt4702;TL;747778;N4702;N-5203;TR00000000005571932
nt4703;TL;747779;N4703;N-5204;TR00000000005571933
nt4704;TL;747780;N4704;N-5205;TR00000000005571934
nt4705;TL;747781;N4705;N-5206;TR00000000005571935
nt4706;TL;747782;N4706;N-5207;TR00000000005571936
nt4707;TL;747783;N4707;N-5208;TR00000000005571937
nt4708;TL;747784;N4708;N-5209;TR00000000005571938
nt4709;TL;747785;N4709;N-5210;TR00000000005571939
nt4710;TL;747786;N4710;N-5211;TR00000000005571940
nt4711;TL;747787;N4711;N-5212;TR00000000005571941
nt4712;TL;747788;N4712;N-5213;TR00000000005571942
nt4713;TL;747789;N4713;N-5214;TR00000000005571943
nt4714;TL;747790;N4714;N-5215;TR00000000005571944
nt4715;TL;747791;N4715;N-5216;TR00000000005571945
nt4716;TL;747792;N4716;N-5217;TR00000000005571946
nt4717;TL;747793;N4717;N-5218;TR00000000005571947
nt4718;TL;747794;N4718;N-5219;TR00000000005571948
nt4719;TL;747795;N4719;N-5220;TR00000000005571949
nt4720;TL;747796;N4720;N-5221;TR00000000005571950
nt4721;TL;747797;N4721;N-5222;TR00000000005571951
nt4722;TL;747798;N4722;N-5223;TR00000000005571952
nt4723;TL;747799;N4723;N-5224;TR00000000005571953
nt4724;TL;747800;N4724;N-5225;TR00000000005571954
nt4725;TL;747801;N4725;N-5226;TR00000000005571955
nt4726;TL;747802;N4726;N-5227;TR00000000005571956
nt4727;TL;747803;N4727;N-5228;TR00000000005571957
nt4728;TL;747804;N4728;N-5229;TR00000000005571958
nt4729;TL;747805;N4729;N-5230;TR00000000005571959
nt4730;TL;747806;N4730;N-5231;TR00000000005571960
nt4731;TL;747807;N4731;N-5232;TR00000000005571961
nt4732;TL;747808;N4732;N-5233;TR00000000005571962
nt4733;TL;747809;N4733;N-5234;TR00000000005571963
nt4734;TL;747810;N4734;N-5235;TR00000000005571964
nt4735;TL;747811;N4735;N-5236;TR00000000005571965
nt4736;TL;747812;N4736;N-5237;TR00000000005571966
nt4737;TL;747813;N4737;N-5238;TR00000000005571967
nt4738;TL;747814;N4738;N-5239;TR00000000005571968
nt4739;TL;747815;N4739;N-5240;TR00000000005571969
nt4740;TL;747816;N4740;N-5241;TR00000000005571970
nt4741;TL;747817;N4741;N-5242;TR00000000005571971
nt4742;TL;747818;N4742;N-5243;TR00000000005571972
nt4743;TL;747819;N4743;N-5244;TR00000000005571973
nt4744;TL;747820;N4744;N-5245;TR00000000005571974
nt4745;TL;747821;N4745;N-5246;TR00000000005571975
nt4746;TL;747822;N4746;N-5247;TR00000000005571976
nt4747;TL;747823;N4747;N-5248;TR00000000005571977
nt4748;TL;747824;N4748;N-5249;TR00000000005571978
nt4749;TL;747825;N4749;N-5250;TR00000000005571979
nt4750;TL;747826;N4750;N-5251;TR00000000005571980
nt4751;TL;747827;N4751;N-5252;TR00000000005571981
nt4752;TL;747828;N4752;N-5253;TR00000000005571982
nt4753;TL;747829;N4753;N-5254;TR00000000005571983
nt4754;TL;747830;N4754;N-5255;TR00000000005571984
nt4755;TL;747831;N4755;N-5256;TR00000000005571985
nt4756;TL;747832;N4756;N-5257;TR00000000005571986
nt4757;TL;747833;N4757;N-5258;TR00000000005571987
nt4758;TL;747834;N4758;N-5259;TR00000000005571988
nt4759;TL;747835;N4759;N-5260;TR00000000005571989
nt4760;TL;747836;N4760;N-5261;TR00000000005571990
nt4761;TL;747837;N4761;N-5262;TR00000000005571991
nt4762;TL;747838;N4762;N-5263;TR00000000005571992
nt4763;TL;747839;N4763;N-5264;TR00000000005571993
nt4764;TL;747840;N4764;N-5265;TR00000000005571994
nt4765;TL;747841;N4765;N-5266;TR00000000005571995
nt4766;TL;747842;N4766;N-5267;TR00000000005571996
nt4767;TL;747843;N4767;N-5268;TR00000000005571997
nt4768;TL;747844;N4768;N-5269;TR00000000005571998
nt4769;TL;747845;N4769;N-5270;TR00000000005571999
nt4770;TL;747846;N4770;N-5271;TR00000000005572000
nt4771;TL;747847;N4771;N-5272;TR00000000005572001
nt4772;TL;747848;N4772;N-5273;TR00000000005572002
nt4773;TL;747849;N4773;N-5274;TR00000000005572003
nt4774;TL;747850;N4774;N-5275;TR00000000005572004
nt4775;TL;747851;N4775;N-5276;TR00000000005572005
nt4776;TL;747852;N4776;N-5277;TR00000000005572006
nt4777;TL;747853;N4777;N-5278;TR00000000005572007
nt4778;TL;747854;N4778;N-5279;TR00000000005572008
nt4779;TL;747855;N4779;N-5280;TR00000000005572009
nt4780;TL;747856;N4780;N-5281;TR00000000005572010
nt4781;TL;747857;N4781;N-5282;TR00000000005572011
nt4782;TL;747858;N4782;N-5283;TR00000000005572012
nt4783;TL;747859;N4783;N-5284;TR00000000005572013
nt4784;TL;747860;N4784;N-5285;TR00000000005572014
nt4785;TL;747861;N4785;N-5286;TR00000000005572015
nt4786;TL;747862;N4786;N-5287;TR00000000005572016
nt4787;TL;747863;N4787;N-5288;TR00000000005572017
nt4788;TL;747864;N4788;N-5289;TR00000000005572018
nt4789;TL;747865;N4789;N-5290;TR00000000005572019
nt4790;TL;747866;N4790;N-5291;TR00000000005572020
nt4791;TL;747867;N4791;N-5292;TR00000000005572021
nt4792;TL;747868;N4792;N-5293;TR00000000005572022
nt4793;TL;747869;N4793;N-5294;TR00000000005572023
nt4794;TL;747870;N4794;N-5295;TR00000000005572024
nt4795;TL;747871;N4795;N-5296;TR00000000005572025
nt4796;TL;747872;N4796;N-5297;TR00000000005572026
nt4797;TL;747873;N4797;N-5298;TR00000000005572027
nt4798;TL;747874;N4798;N-5299;TR00000000005572028
nt4799;TL;747875;N4799;N-5300;TR00000000005572029
nt4800;TL;747876;N4800;N-5301;TR00000000005572030
nt4801;TL;747877;N4801;N-5302;TR00000000005572031
nt4802;TL;747878;N4802;N-5303;TR00000000005572032
nt4803;TL;747879;N4803;N-5304;TR00000000005572033
nt4804;TL;747880;N4804;N-5305;TR00000000005572034
nt4805;TL;747881;N4805;N-5306;TR00000000005572035
nt4806;TL;747882;N4806;N-5307;TR00000000005572036
nt4807;TL;747883;N4807;N-5308;TR00000000005572037
nt4808;TL;747884;N4808;N-5309;TR00000000005572038
nt4809;TL;747885;N4809;N-5310;TR00000000005572039
nt4810;TL;747886;N4810;N-5311;TR00000000005572040
nt4811;TL;747887;N4811;N-5312;TR00000000005572041
nt4812;TL;747888;N4812;N-5313;TR00000000005572042
nt4813;TL;747889;N4813;N-5314;TR00000000005572043
nt4814;TL;747890;N4814;N-5315;TR00000000005572044
nt4815;TL;747891;N4815;N-5316;TR00000000005572045
nt4816;TL;747892;N4816;N-5317;TR00000000005572046
nt4817;TL;747893;N4817;N-5318;TR00000000005572047
nt4818;TL;747894;N4818;N-5319;TR00000000005572048
nt4819;TL;747895;N4819;N-5320;TR00000000005572049
nt4820;TL;747896;N4820;N-5321;TR00000000005572050
nt4821;TL;747897;N4821;N-5322;TR00000000005572051
nt4822;TL;747898;N4822;N-5323;TR00000000005572052
nt4823;TL;747899;N4823;N-5324;TR00000000005572053
nt4824;TL;747900;N4824;N-5325;TR00000000005572054
nt4825;TL;747901;N4825;N-5326;TR00000000005572055
nt4826;TL;747902;N4826;N-5327;TR00000000005572056
nt4827;TL;747903;N4827;N-5328;TR00000000005572057
nt4828;TL;747904;N4828;N-5329;TR00000000005572058
nt4829;TL;747905;N4829;N-5330;TR00000000005572059
nt4830;TL;747906;N4830;N-5331;TR00000000005572060
nt4831;TL;747907;N4831;N-5332;TR00000000005572061
nt4832;TL;747908;N4832;N-5333;TR00000000005572062
nt4833;TL;747909;N4833;N-5334;TR00000000005572063
nt4834;TL;747910;N4834;N-5335;TR00000000005572064
nt4835;TL;747911;N4835;N-5336;TR00000000005572065
nt4836;TL;747912;N4836;N-5337;TR00000000005572066
nt4837;TL;747913;N4837;N-5338;TR00000000005572067
nt4838;TL;747914;N4838;N-5339;TR00000000005572068
nt4839;TL;747915;N4839;N-5340;TR00000000005572069
nt4840;TL;747916;N4840;N-5341;TR00000000005572070
nt4841;TL;747917;N4841;N-5342;TR00000000005572071
nt4842;TL;747918;N4842;N-5343;TR00000000005572072
nt4843;TL;747919;N4843;N-5344;TR00000000005572073
nt4844;TL;747920;N4844;N-5345;TR00000000005572074
nt4845;TL;747921;N4845;N-5346;TR00000000005572075
nt4846;TL;747922;N4846;N-5347;TR00000000005572076
nt4847;TL;747923;N4847;N-5348;TR00000000005572077
nt4848;TL;747924;N4848;N-5349;TR00000000005572078
nt4849;TL;747925;N4849;N-5350;TR00000000005572079
nt4850;TL;747926;N4850;N-5351;TR00000000005572080
nt4851;TL;747927;N4851;N-5352;TR00000000005572081
nt4852;TL;747928;N4852;N-5353;TR00000000005572082
nt4853;TL;747929;N4853;N-5354;TR00000000005572083
nt4854;TL;747930;N4854;N-5355;TR00000000005572084
nt4855;TL;747931;N4855;N-5356;TR00000000005572085
nt4856;TL;747932;N4856;N-5357;TR00000000005572086
nt4857;TL;747933;N4857;N-5358;TR00000000005572087
nt4858;TL;747934;N4858;N-5359;TR00000000005572088
nt4859;TL;747935;N4859;N-5360;TR00000000005572089
nt4860;TL;747936;N4860;N-5361;TR00000000005572090
nt4861;TL;747937;N4861;N-5362;TR00000000005572091
nt4862;TL;747938;N4862;N-5363;TR00000000005572092
nt4863;TL;747939;N4863;N-5364;TR00000000005572093
nt4864;TL;747940;N4864;N-5365;TR00000000005572094
nt4865;TL;747941;N4865;N-5366;TR00000000005572095
nt4866;TL;747942;N4866;N-5367;TR00000000005572096
nt4867;TL;747943;N4867;N-5368;TR00000000005572097
nt4868;TL;747944;N4868;N-5369;TR00000000005572098
nt4869;TL;747945;N4869;N-5370;TR00000000005572099
nt4870;TL;747946;N4870;N-5371;TR00000000005572100
nt4871;TL;747947;N4871;N-5372;TR00000000005572101
nt4872;TL;747948;N4872;N-5373;TR00000000005572102
nt4873;TL;747949;N4873;N-5374;TR00000000005572103
nt4874;TL;747950;N4874;N-5375;TR00000000005572104
nt4875;TL;747951;N4875;N-5376;TR00000000005572105
nt4876;TL;747952;N4876;N-5377;TR00000000005572106
nt4877;TL;747953;N4877;N-5378;TR00000000005572107
nt4878;TL;747954;N4878;N-5379;TR00000000005572108
nt4879;TL;747955;N4879;N-5380;TR00000000005572109
nt4880;TL;747956;N4880;N-5381;TR00000000005572110
nt4881;TL;747957;N4881;N-5382;TR00000000005572111
nt4882;TL;747958;N4882;N-5383;TR00000000005572112
nt4883;TL;747959;N4883;N-5384;TR00000000005572113
nt4884;TL;747960;N4884;N-5385;TR00000000005572114
nt4885;TL;747961;N4885;N-5386;TR00000000005572115
nt4886;TL;747962;N4886;N-5387;TR00000000005572116
nt4887;TL;747963;N4887;N-5388;TR00000000005572117
nt4888;TL;747964;N4888;N-5389;TR00000000005572118
nt4889;TL;747965;N4889;N-5390;TR00000000005572119
nt4890;TL;747966;N4890;N-5391;TR00000000005572120
nt4891;TL;747967;N4891;N-5392;TR00000000005572121
nt4892;TL;747968;N4892;N-5393;TR00000000005572122
nt4893;TL;747969;N4893;N-5394;TR00000000005572123
nt4894;TL;747970;N4894;N-5395;TR00000000005572124
nt4895;TL;747971;N4895;N-5396;TR00000000005572125
nt4896;TL;747972;N4896;N-5397;TR00000000005572126
nt4897;TL;747973;N4897;N-5398;TR00000000005572127
nt4898;TL;747974;N4898;N-5399;TR00000000005572128
nt4899;TL;747975;N4899;N-5400;TR00000000005572129
nt4900;TL;747976;N4900;N-5401;TR00000000005572130
nt4901;TL;747977;N4901;N-5402;TR00000000005572131
nt4902;TL;747978;N4902;N-5403;TR00000000005572132
nt4903;TL;747979;N4903;N-5404;TR00000000005572133
nt4904;TL;747980;N4904;N-5405;TR00000000005572134
nt4905;TL;747981;N4905;N-5406;TR00000000005572135
nt4906;TL;747982;N4906;N-5407;TR00000000005572136
nt4907;TL;747983;N4907;N-5408;TR00000000005572137
nt4908;TL;747984;N4908;N-5409;TR00000000005572138
nt4909;TL;747985;N4909;N-5410;TR00000000005572139
nt4910;TL;747986;N4910;N-5411;TR00000000005572140
nt4911;TL;747987;N4911;N-5412;TR00000000005572141
nt4912;TL;747988;N4912;N-5413;TR00000000005572142
nt4913;TL;747989;N4913;N-5414;TR00000000005572143
nt4914;TL;747990;N4914;N-5415;TR00000000005572144
nt4915;TL;747991;N4915;N-5416;TR00000000005572145
nt4916;TL;747992;N4916;N-5417;TR00000000005572146
nt4917;TL;747993;N4917;N-5418;TR00000000005572147
nt4918;TL;747994;N4918;N-5419;TR00000000005572148
nt4919;TL;747995;N4919;N-5420;TR00000000005572149
nt4920;TL;747996;N4920;N-5421;TR00000000005572150
nt4921;TL;747997;N4921;N-5422;TR00000000005572151
nt4922;TL;747998;N4922;N-5423;TR00000000005572152
nt4923;TL;747999;N4923;N-5424;TR00000000005572153
nt4924;TL;748000;N4924;N-5425;TR00000000005572154
nt4925;TL;748001;N4925;N-5426;TR00000000005572155
nt4926;TL;748002;N4926;N-5427;TR00000000005572156
nt4927;TL;748003;N4927;N-5428;TR00000000005572157
nt4928;TL;748004;N4928;N-5429;TR00000000005572158
nt4929;TL;748005;N4929;N-5430;TR00000000005572159
nt4930;TL;748006;N4930;N-5431;TR00000000005572160
nt4931;TL;748007;N4931;N-5432;TR00000000005572161
nt4932;TL;748008;N4932;N-5433;TR00000000005572162
nt4933;TL;748009;N4933;N-5434;TR00000000005572163
nt4934;TL;748010;N4934;N-5435;TR00000000005572164
nt4935;TL;748011;N4935;N-5436;TR00000000005572165
nt4936;TL;748012;N4936;N-5437;TR00000000005572166
nt4937;TL;748013;N4937;N-5438;TR00000000005572167
nt4938;TL;748014;N4938;N-5439;TR00000000005572168
nt4939;TL;748015;N4939;N-5440;TR00000000005572169
nt4940;TL;748016;N4940;N-5441;TR00000000005572170
nt4941;TL;748017;N4941;N-5442;TR00000000005572171
nt4942;TL;748018;N4942;N-5443;TR00000000005572172
nt4943;TL;748019;N4943;N-5444;TR00000000005572173
nt4944;TL;748020;N4944;N-5445;TR00000000005572174
nt4945;TL;748021;N4945;N-5446;TR00000000005572175
nt4946;TL;748022;N4946;N-5447;TR00000000005572176
nt4947;TL;748023;N4947;N-5448;TR00000000005572177
nt4948;TL;748024;N4948;N-5449;TR00000000005572178
nt4949;TL;748025;N4949;N-5450;TR00000000005572179
nt4950;TL;748026;N4950;N-5451;TR00000000005572180
nt4951;TL;748027;N4951;N-5452;TR00000000005572181
nt4952;TL;748028;N4952;N-5453;TR00000000005572182
nt4953;TL;748029;N4953;N-5454;TR00000000005572183
nt4954;TL;748030;N4954;N-5455;TR00000000005572184
nt4955;TL;748031;N4955;N-5456;TR00000000005572185
nt4956;TL;748032;N4956;N-5457;TR00000000005572186
nt4957;TL;748033;N4957;N-5458;TR00000000005572187
nt4958;TL;748034;N4958;N-5459;TR00000000005572188
nt4959;TL;748035;N4959;N-5460;TR00000000005572189
nt4960;TL;748036;N4960;N-5461;TR00000000005572190
nt4961;TL;748037;N4961;N-5462;TR00000000005572191
nt4962;TL;748038;N4962;N-5463;TR00000000005572192
nt4963;TL;748039;N4963;N-5464;TR00000000005572193
nt4964;TL;748040;N4964;N-5465;TR00000000005572194
nt4965;TL;748041;N4965;N-5466;TR00000000005572195
nt4966;TL;748042;N4966;N-5467;TR00000000005572196
nt4967;TL;748043;N4967;N-5468;TR00000000005572197
nt4968;TL;748044;N4968;N-5469;TR00000000005572198
nt4969;TL;748045;N4969;N-5470;TR00000000005572199
nt4970;TL;748046;N4970;N-5471;TR00000000005572200
nt4971;TL;748047;N4971;N-5472;TR00000000005572201
nt4972;TL;748048;N4972;N-5473;TR00000000005572202
nt4973;TL;748049;N4973;N-5474;TR00000000005572203
nt4974;TL;748050;N4974;N-5475;TR00000000005572204
nt4975;TL;748051;N4975;N-5476;TR00000000005572205
nt4976;TL;748052;N4976;N-5477;TR00000000005572206
nt4977;TL;748053;N4977;N-5478;TR00000000005572207
nt4978;TL;748054;N4978;N-5479;TR00000000005572208
nt4979;TL;748055;N4979;N-5480;TR00000000005572209
nt4980;TL;748056;N4980;N-5481;TR00000000005572210
nt4981;TL;748057;N4981;N-5482;TR00000000005572211
nt4982;TL;748058;N4982;N-5483;TR00000000005572212
nt4983;TL;748059;N4983;N-5484;TR00000000005572213
nt4984;TL;748060;N4984;N-5485;TR00000000005572214
nt4985;TL;748061;N4985;N-5486;TR00000000005572215
nt4986;TL;748062;N4986;N-5487;TR00000000005572216
nt4987;TL;748063;N4987;N-5488;TR00000000005572217
nt4988;TL;748064;N4988;N-5489;TR00000000005572218
nt4989;TL;748065;N4989;N-5490;TR00000000005572219
nt4990;TL;748066;N4990;N-5491;TR00000000005572220
nt4991;TL;748067;N4991;N-5492;TR00000000005572221
nt4992;TL;748068;N4992;N-5493;TR00000000005572222
nt4993;TL;748069;N4993;N-5494;TR00000000005572223
nt4994;TL;748070;N4994;N-5495;TR00000000005572224
nt4995;TL;748071;N4995;N-5496;TR00000000005572225
nt4996;TL;748072;N4996;N-5497;TR00000000005572226
nt4997;TL;748073;N4997;N-5498;TR00000000005572227
nt4998;TL;748074;N4998;N-5499;TR00000000005572228
nt4999;TL;748075;N4999;N-5500;TR00000000005572229
nt5000;TL;748076;N5000;N-5501;TR00000000005572230
nt5001;TL;748077;N5001;N-5502;TR00000000005572231
nt5002;TL;748078;N5002;N-5503;TR00000000005572232
nt5003;TL;748079;N5003;N-5504;TR00000000005572233
nt5004;TL;748080;N5004;N-5505;TR00000000005572234
nt5005;TL;748081;N5005;N-5506;TR00000000005572235
nt5006;TL;748082;N5006;N-5507;TR00000000005572236
nt5007;TL;748083;N5007;N-5508;TR00000000005572237
nt5008;TL;748084;N5008;N-5509;TR00000000005572238
nt5009;TL;748085;N5009;N-5510;TR00000000005572239
nt5010;TL;748086;N5010;N-5511;TR00000000005572240
nt5011;TL;748087;N5011;N-5512;TR00000000005572241
nt5012;TL;748088;N5012;N-5513;TR00000000005572242
nt5013;TL;748089;N5013;N-5514;TR00000000005572243
nt5014;TL;748090;N5014;N-5515;TR00000000005572244
nt5015;TL;748091;N5015;N-5516;TR00000000005572245
nt5016;TL;748092;N5016;N-5517;TR00000000005572246
nt5017;TL;748093;N5017;N-5518;TR00000000005572247
nt5018;TL;748094;N5018;N-5519;TR00000000005572248
nt5019;TL;748095;N5019;N-5520;TR00000000005572249
nt5020;TL;748096;N5020;N-5521;TR00000000005572250
nt5021;TL;748097;N5021;N-5522;TR00000000005572251
nt5022;TL;748098;N5022;N-5523;TR00000000005572252
nt5023;TL;748099;N5023;N-5524;TR00000000005572253
nt5024;TL;748100;N5024;N-5525;TR00000000005572254
nt5025;TL;748101;N5025;N-5526;TR00000000005572255
nt5026;TL;748102;N5026;N-5527;TR00000000005572256
nt5027;TL;748103;N5027;N-5528;TR00000000005572257
nt5028;TL;748104;N5028;N-5529;TR00000000005572258
nt5029;TL;748105;N5029;N-5530;TR00000000005572259
nt5030;TL;748106;N5030;N-5531;TR00000000005572260
nt5031;TL;748107;N5031;N-5532;TR00000000005572261
nt5032;TL;748108;N5032;N-5533;TR00000000005572262
nt5033;TL;748109;N5033;N-5534;TR00000000005572263
nt5034;TL;748110;N5034;N-5535;TR00000000005572264
nt5035;TL;748111;N5035;N-5536;TR00000000005572265
nt5036;TL;748112;N5036;N-5537;TR00000000005572266
nt5037;TL;748113;N5037;N-5538;TR00000000005572267
nt5038;TL;748114;N5038;N-5539;TR00000000005572268
nt5039;TL;748115;N5039;N-5540;TR00000000005572269
nt5040;TL;748116;N5040;N-5541;TR00000000005572270
nt5041;TL;748117;N5041;N-5542;TR00000000005572271
nt5042;TL;748118;N5042;N-5543;TR00000000005572272
nt5043;TL;748119;N5043;N-5544;TR00000000005572273
nt5044;TL;748120;N5044;N-5545;TR00000000005572274
nt5045;TL;748121;N5045;N-5546;TR00000000005572275
nt5046;TL;748122;N5046;N-5547;TR00000000005572276
nt5047;TL;748123;N5047;N-5548;TR00000000005572277
nt5048;TL;748124;N5048;N-5549;TR00000000005572278
nt5049;TL;748125;N5049;N-5550;TR00000000005572279
nt5050;TL;748126;N5050;N-5551;TR00000000005572280
nt5051;TL;748127;N5051;N-5552;TR00000000005572281
nt5052;TL;748128;N5052;N-5553;TR00000000005572282
nt5053;TL;748129;N5053;N-5554;TR00000000005572283
nt5054;TL;748130;N5054;N-5555;TR00000000005572284
nt5055;TL;748131;N5055;N-5556;TR00000000005572285
nt5056;TL;748132;N5056;N-5557;TR00000000005572286
nt5057;TL;748133;N5057;N-5558;TR00000000005572287
nt5058;TL;748134;N5058;N-5559;TR00000000005572288
nt5059;TL;748135;N5059;N-5560;TR00000000005572289
nt5060;TL;748136;N5060;N-5561;TR00000000005572290
nt5061;TL;748137;N5061;N-5562;TR00000000005572291
nt5062;TL;748138;N5062;N-5563;TR00000000005572292
nt5063;TL;748139;N5063;N-5564;TR00000000005572293
nt5064;TL;748140;N5064;N-5565;TR00000000005572294
nt5065;TL;748141;N5065;N-5566;TR00000000005572295
nt5066;TL;748142;N5066;N-5567;TR00000000005572296
nt5067;TL;748143;N5067;N-5568;TR00000000005572297
nt5068;TL;748144;N5068;N-5569;TR00000000005572298
nt5069;TL;748145;N5069;N-5570;TR00000000005572299
nt5070;TL;748146;N5070;N-5571;TR00000000005572300
nt5071;TL;748147;N5071;N-5572;TR00000000005572301
nt5072;TL;748148;N5072;N-5573;TR00000000005572302
nt5073;TL;748149;N5073;N-5574;TR00000000005572303
nt5074;TL;748150;N5074;N-5575;TR00000000005572304
nt5075;TL;748151;N5075;N-5576;TR00000000005572305
nt5076;TL;748152;N5076;N-5577;TR00000000005572306
nt5077;TL;748153;N5077;N-5578;TR00000000005572307
nt5078;TL;748154;N5078;N-5579;TR00000000005572308
nt5079;TL;748155;N5079;N-5580;TR00000000005572309
nt5080;TL;748156;N5080;N-5581;TR00000000005572310
nt5081;TL;748157;N5081;N-5582;TR00000000005572311
nt5082;TL;748158;N5082;N-5583;TR00000000005572312
nt5083;TL;748159;N5083;N-5584;TR00000000005572313
nt5084;TL;748160;N5084;N-5585;TR00000000005572314
nt5085;TL;748161;N5085;N-5586;TR00000000005572315
nt5086;TL;748162;N5086;N-5587;TR00000000005572316
nt5087;TL;748163;N5087;N-5588;TR00000000005572317
nt5088;TL;748164;N5088;N-5589;TR00000000005572318
nt5089;TL;748165;N5089;N-5590;TR00000000005572319
nt5090;TL;748166;N5090;N-5591;TR00000000005572320
nt5091;TL;748167;N5091;N-5592;TR00000000005572321
nt5092;TL;748168;N5092;N-5593;TR00000000005572322
nt5093;TL;748169;N5093;N-5594;TR00000000005572323
nt5094;TL;748170;N5094;N-5595;TR00000000005572324
nt5095;TL;748171;N5095;N-5596;TR00000000005572325
nt5096;TL;748172;N5096;N-5597;TR00000000005572326
nt5097;TL;748173;N5097;N-5598;TR00000000005572327
nt5098;TL;748174;N5098;N-5599;TR00000000005572328
nt5099;TL;748175;N5099;N-5600;TR00000000005572329
nt5100;TL;748176;N5100;N-5601;TR00000000005572330
nt5101;TL;748177;N5101;N-5602;TR00000000005572331
nt5102;TL;748178;N5102;N-5603;TR00000000005572332
nt5103;TL;748179;N5103;N-5604;TR00000000005572333
nt5104;TL;748180;N5104;N-5605;TR00000000005572334
nt5105;TL;748181;N5105;N-5606;TR00000000005572335
nt5106;TL;748182;N5106;N-5607;TR00000000005572336
nt5107;TL;748183;N5107;N-5608;TR00000000005572337
nt5108;TL;748184;N5108;N-5609;TR00000000005572338
nt5109;TL;748185;N5109;N-5610;TR00000000005572339
nt5110;TL;748186;N5110;N-5611;TR00000000005572340
nt5111;TL;748187;N5111;N-5612;TR00000000005572341
nt5112;TL;748188;N5112;N-5613;TR00000000005572342
nt5113;TL;748189;N5113;N-5614;TR00000000005572343
nt5114;TL;748190;N5114;N-5615;TR00000000005572344
nt5115;TL;748191;N5115;N-5616;TR00000000005572345
nt5116;TL;748192;N5116;N-5617;TR00000000005572346
nt5117;TL;748193;N5117;N-5618;TR00000000005572347
nt5118;TL;748194;N5118;N-5619;TR00000000005572348
nt5119;TL;748195;N5119;N-5620;TR00000000005572349
nt5120;TL;748196;N5120;N-5621;TR00000000005572350
nt5121;TL;748197;N5121;N-5622;TR00000000005572351
nt5122;TL;748198;N5122;N-5623;TR00000000005572352
nt5123;TL;748199;N5123;N-5624;TR00000000005572353
nt5124;TL;748200;N5124;N-5625;TR00000000005572354
nt5125;TL;748201;N5125;N-5626;TR00000000005572355
nt5126;TL;748202;N5126;N-5627;TR00000000005572356
nt5127;TL;748203;N5127;N-5628;TR00000000005572357
nt5128;TL;748204;N5128;N-5629;TR00000000005572358
nt5129;TL;748205;N5129;N-5630;TR00000000005572359
nt5130;TL;748206;N5130;N-5631;TR00000000005572360
nt5131;TL;748207;N5131;N-5632;TR00000000005572361
nt5132;TL;748208;N5132;N-5633;TR00000000005572362
nt5133;TL;748209;N5133;N-5634;TR00000000005572363
nt5134;TL;748210;N5134;N-5635;TR00000000005572364
nt5135;TL;748211;N5135;N-5636;TR00000000005572365
nt5136;TL;748212;N5136;N-5637;TR00000000005572366
nt5137;TL;748213;N5137;N-5638;TR00000000005572367
nt5138;TL;748214;N5138;N-5639;TR00000000005572368
nt5139;TL;748215;N5139;N-5640;TR00000000005572369
nt5140;TL;748216;N5140;N-5641;TR00000000005572370
nt5141;TL;748217;N5141;N-5642;TR00000000005572371
nt5142;TL;748218;N5142;N-5643;TR00000000005572372
nt5143;TL;748219;N5143;N-5644;TR00000000005572373
nt5144;TL;748220;N5144;N-5645;TR00000000005572374
nt5145;TL;748221;N5145;N-5646;TR00000000005572375
nt5146;TL;748222;N5146;N-5647;TR00000000005572376
nt5147;TL;748223;N5147;N-5648;TR00000000005572377
nt5148;TL;748224;N5148;N-5649;TR00000000005572378
nt5149;TL;748225;N5149;N-5650;TR00000000005572379
nt5150;TL;748226;N5150;N-5651;TR00000000005572380
nt5151;TL;748227;N5151;N-5652;TR00000000005572381
nt5152;TL;748228;N5152;N-5653;TR00000000005572382
nt5153;TL;748229;N5153;N-5654;TR00000000005572383
nt5154;TL;748230;N5154;N-5655;TR00000000005572384
nt5155;TL;748231;N5155;N-5656;TR00000000005572385
nt5156;TL;748232;N5156;N-5657;TR00000000005572386
nt5157;TL;748233;N5157;N-5658;TR00000000005572387
nt5158;TL;748234;N5158;N-5659;TR00000000005572388
nt5159;TL;748235;N5159;N-5660;TR00000000005572389
nt5160;TL;748236;N5160;N-5661;TR00000000005572390
nt5161;TL;748237;N5161;N-5662;TR00000000005572391
nt5162;TL;748238;N5162;N-5663;TR00000000005572392
nt5163;TL;748239;N5163;N-5664;TR00000000005572393
nt5164;TL;748240;N5164;N-5665;TR00000000005572394
nt5165;TL;748241;N5165;N-5666;TR00000000005572395
nt5166;TL;748242;N5166;N-5667;TR00000000005572396
nt5167;TL;748243;N5167;N-5668;TR00000000005572397
nt5168;TL;748244;N5168;N-5669;TR00000000005572398
nt5169;TL;748245;N5169;N-5670;TR00000000005572399
nt5170;TL;748246;N5170;N-5671;TR00000000005572400
nt5171;TL;748247;N5171;N-5672;TR00000000005572401
nt5172;TL;748248;N5172;N-5673;TR00000000005572402
nt5173;TL;748249;N5173;N-5674;TR00000000005572403
nt5174;TL;748250;N5174;N-5675;TR00000000005572404
nt5175;TL;748251;N5175;N-5676;TR00000000005572405
nt5176;TL;748252;N5176;N-5677;TR00000000005572406
nt5177;TL;748253;N5177;N-5678;TR00000000005572407
nt5178;TL;748254;N5178;N-5679;TR00000000005572408
nt5179;TL;748255;N5179;N-5680;TR00000000005572409
nt5180;TL;748256;N5180;N-5681;TR00000000005572410
nt5181;TL;748257;N5181;N-5682;TR00000000005572411
nt5182;TL;748258;N5182;N-5683;TR00000000005572412
nt5183;TL;748259;N5183;N-5684;TR00000000005572413
nt5184;TL;748260;N5184;N-5685;TR00000000005572414
nt5185;TL;748261;N5185;N-5686;TR00000000005572415
nt5186;TL;748262;N5186;N-5687;TR00000000005572416
nt5187;TL;748263;N5187;N-5688;TR00000000005572417
nt5188;TL;748264;N5188;N-5689;TR00000000005572418
nt5189;TL;748265;N5189;N-5690;TR00000000005572419
nt5190;TL;748266;N5190;N-5691;TR00000000005572420
nt5191;TL;748267;N5191;N-5692;TR00000000005572421
nt5192;TL;748268;N5192;N-5693;TR00000000005572422
nt5193;TL;748269;N5193;N-5694;TR00000000005572423
nt5194;TL;748270;N5194;N-5695;TR00000000005572424
nt5195;TL;748271;N5195;N-5696;TR00000000005572425
nt5196;TL;748272;N5196;N-5697;TR00000000005572426
nt5197;TL;748273;N5197;N-5698;TR00000000005572427
nt5198;TL;748274;N5198;N-5699;TR00000000005572428
nt5199;TL;748275;N5199;N-5700;TR00000000005572429
nt5200;TL;748276;N5200;N-5701;TR00000000005572430
nt5201;TL;748277;N5201;N-5702;TR00000000005572431
nt5202;TL;748278;N5202;N-5703;TR00000000005572432
nt5203;TL;748279;N5203;N-5704;TR00000000005572433
nt5204;TL;748280;N5204;N-5705;TR00000000005572434
nt5205;TL;748281;N5205;N-5706;TR00000000005572435
nt5206;TL;748282;N5206;N-5707;TR00000000005572436
nt5207;TL;748283;N5207;N-5708;TR00000000005572437
nt5208;TL;748284;N5208;N-5709;TR00000000005572438
nt5209;TL;748285;N5209;N-5710;TR00000000005572439
nt5210;TL;748286;N5210;N-5711;TR00000000005572440
nt5211;TL;748287;N5211;N-5712;TR00000000005572441
nt5212;TL;748288;N5212;N-5713;TR00000000005572442
nt5213;TL;748289;N5213;N-5714;TR00000000005572443
nt5214;TL;748290;N5214;N-5715;TR00000000005572444
nt5215;TL;748291;N5215;N-5716;TR00000000005572445
nt5216;TL;748292;N5216;N-5717;TR00000000005572446
nt5217;TL;748293;N5217;N-5718;TR00000000005572447
nt5218;TL;748294;N5218;N-5719;TR00000000005572448
nt5219;TL;748295;N5219;N-5720;TR00000000005572449
nt5220;TL;748296;N5220;N-5721;TR00000000005572450
nt5221;TL;748297;N5221;N-5722;TR00000000005572451
nt5222;TL;748298;N5222;N-5723;TR00000000005572452
nt5223;TL;748299;N5223;N-5724;TR00000000005572453
nt5224;TL;748300;N5224;N-5725;TR00000000005572454
nt5225;TL;748301;N5225;N-5726;TR00000000005572455
nt5226;TL;748302;N5226;N-5727;TR00000000005572456
nt5227;TL;748303;N5227;N-5728;TR00000000005572457
nt5228;TL;748304;N5228;N-5729;TR00000000005572458
nt5229;TL;748305;N5229;N-5730;TR00000000005572459
nt5230;TL;748306;N5230;N-5731;TR00000000005572460
nt5231;TL;748307;N5231;N-5732;TR00000000005572461
nt5232;TL;748308;N5232;N-5733;TR00000000005572462
nt5233;TL;748309;N5233;N-5734;TR00000000005572463
nt5234;TL;748310;N5234;N-5735;TR00000000005572464
nt5235;TL;748311;N5235;N-5736;TR00000000005572465
nt5236;TL;748312;N5236;N-5737;TR00000000005572466
nt5237;TL;748313;N5237;N-5738;TR00000000005572467
nt5238;TL;748314;N5238;N-5739;TR00000000005572468
nt5239;TL;748315;N5239;N-5740;TR00000000005572469
nt5240;TL;748316;N5240;N-5741;TR00000000005572470
nt5241;TL;748317;N5241;N-5742;TR00000000005572471
nt5242;TL;748318;N5242;N-5743;TR00000000005572472
nt5243;TL;748319;N5243;N-5744;TR00000000005572473
nt5244;TL;748320;N5244;N-5745;TR00000000005572474
nt5245;TL;748321;N5245;N-5746;TR00000000005572475
nt5246;TL;748322;N5246;N-5747;TR00000000005572476
nt5247;TL;748323;N5247;N-5748;TR00000000005572477
nt5248;TL;748324;N5248;N-5749;TR00000000005572478
nt5249;TL;748325;N5249;N-5750;TR00000000005572479
nt5250;TL;748326;N5250;N-5751;TR00000000005572480
nt5251;TL;748327;N5251;N-5752;TR00000000005572481
nt5252;TL;748328;N5252;N-5753;TR00000000005572482
nt5253;TL;748329;N5253;N-5754;TR00000000005572483
nt5254;TL;748330;N5254;N-5755;TR00000000005572484
nt5255;TL;748331;N5255;N-5756;TR00000000005572485
nt5256;TL;748332;N5256;N-5757;TR00000000005572486
nt5257;TL;748333;N5257;N-5758;TR00000000005572487
nt5258;TL;748334;N5258;N-5759;TR00000000005572488
nt5259;TL;748335;N5259;N-5760;TR00000000005572489
nt5260;TL;748336;N5260;N-5761;TR00000000005572490
nt5261;TL;748337;N5261;N-5762;TR00000000005572491
nt5262;TL;748338;N5262;N-5763;TR00000000005572492
nt5263;TL;748339;N5263;N-5764;TR00000000005572493
nt5264;TL;748340;N5264;N-5765;TR00000000005572494
nt5265;TL;748341;N5265;N-5766;TR00000000005572495
nt5266;TL;748342;N5266;N-5767;TR00000000005572496
nt5267;TL;748343;N5267;N-5768;TR00000000005572497
nt5268;TL;748344;N5268;N-5769;TR00000000005572498
nt5269;TL;748345;N5269;N-5770;TR00000000005572499
nt5270;TL;748346;N5270;N-5771;TR00000000005572500
nt5271;TL;748347;N5271;N-5772;TR00000000005572501
nt5272;TL;748348;N5272;N-5773;TR00000000005572502
nt5273;TL;748349;N5273;N-5774;TR00000000005572503
nt5274;TL;748350;N5274;N-5775;TR00000000005572504
nt5275;TL;748351;N5275;N-5776;TR00000000005572505
nt5276;TL;748352;N5276;N-5777;TR00000000005572506
nt5277;TL;748353;N5277;N-5778;TR00000000005572507
nt5278;TL;748354;N5278;N-5779;TR00000000005572508
nt5279;TL;748355;N5279;N-5780;TR00000000005572509
nt5280;TL;748356;N5280;N-5781;TR00000000005572510
nt5281;TL;748357;N5281;N-5782;TR00000000005572511
nt5282;TL;748358;N5282;N-5783;TR00000000005572512
nt5283;TL;748359;N5283;N-5784;TR00000000005572513
nt5284;TL;748360;N5284;N-5785;TR00000000005572514
nt5285;TL;748361;N5285;N-5786;TR00000000005572515
nt5286;TL;748362;N5286;N-5787;TR00000000005572516
nt5287;TL;748363;N5287;N-5788;TR00000000005572517
nt5288;TL;748364;N5288;N-5789;TR00000000005572518
nt5289;TL;748365;N5289;N-5790;TR00000000005572519
nt5290;TL;748366;N5290;N-5791;TR00000000005572520
nt5291;TL;748367;N5291;N-5792;TR00000000005572521
nt5292;TL;748368;N5292;N-5793;TR00000000005572522
nt5293;TL;748369;N5293;N-5794;TR00000000005572523
nt5294;TL;748370;N5294;N-5795;TR00000000005572524
nt5295;TL;748371;N5295;N-5796;TR00000000005572525
nt5296;TL;748372;N5296;N-5797;TR00000000005572526
nt5297;TL;748373;N5297;N-5798;TR00000000005572527
nt5298;TL;748374;N5298;N-5799;TR00000000005572528
nt5299;TL;748375;N5299;N-5800;TR00000000005572529
nt5300;TL;748376;N5300;N-5801;TR00000000005572530
nt5301;TL;748377;N5301;N-5802;TR00000000005572531
nt5302;TL;748378;N5302;N-5803;TR00000000005572532
nt5303;TL;748379;N5303;N-5804;TR00000000005572533
nt5304;TL;748380;N5304;N-5805;TR00000000005572534
nt5305;TL;748381;N5305;N-5806;TR00000000005572535
nt5306;TL;748382;N5306;N-5807;TR00000000005572536
nt5307;TL;748383;N5307;N-5808;TR00000000005572537
nt5308;TL;748384;N5308;N-5809;TR00000000005572538
nt5309;TL;748385;N5309;N-5810;TR00000000005572539
nt5310;TL;748386;N5310;N-5811;TR00000000005572540
nt5311;TL;748387;N5311;N-5812;TR00000000005572541
nt5312;TL;748388;N5312;N-5813;TR00000000005572542
nt5313;TL;748389;N5313;N-5814;TR00000000005572543
nt5314;TL;748390;N5314;N-5815;TR00000000005572544
nt5315;TL;748391;N5315;N-5816;TR00000000005572545
nt5316;TL;748392;N5316;N-5817;TR00000000005572546
nt5317;TL;748393;N5317;N-5818;TR00000000005572547
nt5318;TL;748394;N5318;N-5819;TR00000000005572548
nt5319;TL;748395;N5319;N-5820;TR00000000005572549
nt5320;TL;748396;N5320;N-5821;TR00000000005572550
nt5321;TL;748397;N5321;N-5822;TR00000000005572551
nt5322;TL;748398;N5322;N-5823;TR00000000005572552
nt5323;TL;748399;N5323;N-5824;TR00000000005572553
nt5324;TL;748400;N5324;N-5825;TR00000000005572554
nt5325;TL;748401;N5325;N-5826;TR00000000005572555
nt5326;TL;748402;N5326;N-5827;TR00000000005572556
nt5327;TL;748403;N5327;N-5828;TR00000000005572557
nt5328;TL;748404;N5328;N-5829;TR00000000005572558
nt5329;TL;748405;N5329;N-5830;TR00000000005572559
nt5330;TL;748406;N5330;N-5831;TR00000000005572560
nt5331;TL;748407;N5331;N-5832;TR00000000005572561
nt5332;TL;748408;N5332;N-5833;TR00000000005572562
nt5333;TL;748409;N5333;N-5834;TR00000000005572563
nt5334;TL;748410;N5334;N-5835;TR00000000005572564
nt5335;TL;748411;N5335;N-5836;TR00000000005572565
nt5336;TL;748412;N5336;N-5837;TR00000000005572566
nt5337;TL;748413;N5337;N-5838;TR00000000005572567
nt5338;TL;748414;N5338;N-5839;TR00000000005572568
nt5339;TL;748415;N5339;N-5840;TR00000000005572569
nt5340;TL;748416;N5340;N-5841;TR00000000005572570
nt5341;TL;748417;N5341;N-5842;TR00000000005572571
nt5342;TL;748418;N5342;N-5843;TR00000000005572572
nt5343;TL;748419;N5343;N-5844;TR00000000005572573
nt5344;TL;748420;N5344;N-5845;TR00000000005572574
nt5345;TL;748421;N5345;N-5846;TR00000000005572575
nt5346;TL;748422;N5346;N-5847;TR00000000005572576
nt5347;TL;748423;N5347;N-5848;TR00000000005572577
nt5348;TL;748424;N5348;N-5849;TR00000000005572578
nt5349;TL;748425;N5349;N-5850;TR00000000005572579
nt5350;TL;748426;N5350;N-5851;TR00000000005572580
nt5351;TL;748427;N5351;N-5852;TR00000000005572581
nt5352;TL;748428;N5352;N-5853;TR00000000005572582
nt5353;TL;748429;N5353;N-5854;TR00000000005572583
nt5354;TL;748430;N5354;N-5855;TR00000000005572584
nt5355;TL;748431;N5355;N-5856;TR00000000005572585
nt5356;TL;748432;N5356;N-5857;TR00000000005572586
nt5357;TL;748433;N5357;N-5858;TR00000000005572587
nt5358;TL;748434;N5358;N-5859;TR00000000005572588
nt5359;TL;748435;N5359;N-5860;TR00000000005572589
nt5360;TL;748436;N5360;N-5861;TR00000000005572590
nt5361;TL;748437;N5361;N-5862;TR00000000005572591
nt5362;TL;748438;N5362;N-5863;TR00000000005572592
nt5363;TL;748439;N5363;N-5864;TR00000000005572593
nt5364;TL;748440;N5364;N-5865;TR00000000005572594
nt5365;TL;748441;N5365;N-5866;TR00000000005572595
nt5366;TL;748442;N5366;N-5867;TR00000000005572596
nt5367;TL;748443;N5367;N-5868;TR00000000005572597
nt5368;TL;748444;N5368;N-5869;TR00000000005572598
nt5369;TL;748445;N5369;N-5870;TR00000000005572599
nt5370;TL;748446;N5370;N-5871;TR00000000005572600
nt5371;TL;748447;N5371;N-5872;TR00000000005572601
nt5372;TL;748448;N5372;N-5873;TR00000000005572602
nt5373;TL;748449;N5373;N-5874;TR00000000005572603
nt5374;TL;748450;N5374;N-5875;TR00000000005572604
nt5375;TL;748451;N5375;N-5876;TR00000000005572605
nt5376;TL;748452;N5376;N-5877;TR00000000005572606
nt5377;TL;748453;N5377;N-5878;TR00000000005572607
nt5378;TL;748454;N5378;N-5879;TR00000000005572608
nt5379;TL;748455;N5379;N-5880;TR00000000005572609
nt5380;TL;748456;N5380;N-5881;TR00000000005572610
nt5381;TL;748457;N5381;N-5882;TR00000000005572611
nt5382;TL;748458;N5382;N-5883;TR00000000005572612
nt5383;TL;748459;N5383;N-5884;TR00000000005572613
nt5384;TL;748460;N5384;N-5885;TR00000000005572614
nt5385;TL;748461;N5385;N-5886;TR00000000005572615
nt5386;TL;748462;N5386;N-5887;TR00000000005572616
nt5387;TL;748463;N5387;N-5888;TR00000000005572617
nt5388;TL;748464;N5388;N-5889;TR00000000005572618
nt5389;TL;748465;N5389;N-5890;TR00000000005572619
nt5390;TL;748466;N5390;N-5891;TR00000000005572620
nt5391;TL;748467;N5391;N-5892;TR00000000005572621
nt5392;TL;748468;N5392;N-5893;TR00000000005572622
nt5393;TL;748469;N5393;N-5894;TR00000000005572623
nt5394;TL;748470;N5394;N-5895;TR00000000005572624
nt5395;TL;748471;N5395;N-5896;TR00000000005572625
nt5396;TL;748472;N5396;N-5897;TR00000000005572626
nt5397;TL;748473;N5397;N-5898;TR00000000005572627
nt5398;TL;748474;N5398;N-5899;TR00000000005572628
nt5399;TL;748475;N5399;N-5900;TR00000000005572629
nt5400;TL;748476;N5400;N-5901;TR00000000005572630
nt5401;TL;748477;N5401;N-5902;TR00000000005572631
nt5402;TL;748478;N5402;N-5903;TR00000000005572632
nt5403;TL;748479;N5403;N-5904;TR00000000005572633
nt5404;TL;748480;N5404;N-5905;TR00000000005572634
nt5405;TL;748481;N5405;N-5906;TR00000000005572635
nt5406;TL;748482;N5406;N-5907;TR00000000005572636
nt5407;TL;748483;N5407;N-5908;TR00000000005572637
nt5408;TL;748484;N5408;N-5909;TR00000000005572638
nt5409;TL;748485;N5409;N-5910;TR00000000005572639
nt5410;TL;748486;N5410;N-5911;TR00000000005572640
nt5411;TL;748487;N5411;N-5912;TR00000000005572641
nt5412;TL;748488;N5412;N-5913;TR00000000005572642
nt5413;TL;748489;N5413;N-5914;TR00000000005572643
nt5414;TL;748490;N5414;N-5915;TR00000000005572644
nt5415;TL;748491;N5415;N-5916;TR00000000005572645
nt5416;TL;748492;N5416;N-5917;TR00000000005572646
nt5417;TL;748493;N5417;N-5918;TR00000000005572647
nt5418;TL;748494;N5418;N-5919;TR00000000005572648
nt5419;TL;748495;N5419;N-5920;TR00000000005572649
nt5420;TL;748496;N5420;N-5921;TR00000000005572650
nt5421;TL;748497;N5421;N-5922;TR00000000005572651
nt5422;TL;748498;N5422;N-5923;TR00000000005572652
nt5423;TL;748499;N5423;N-5924;TR00000000005572653
nt5424;TL;748500;N5424;N-5925;TR00000000005572654
nt5425;TL;748501;N5425;N-5926;TR00000000005572655
nt5426;TL;748502;N5426;N-5927;TR00000000005572656
nt5427;TL;748503;N5427;N-5928;TR00000000005572657
nt5428;TL;748504;N5428;N-5929;TR00000000005572658
nt5429;TL;748505;N5429;N-5930;TR00000000005572659
nt5430;TL;748506;N5430;N-5931;TR00000000005572660
nt5431;TL;748507;N5431;N-5932;TR00000000005572661
nt5432;TL;748508;N5432;N-5933;TR00000000005572662
nt5433;TL;748509;N5433;N-5934;TR00000000005572663
nt5434;TL;748510;N5434;N-5935;TR00000000005572664
nt5435;TL;748511;N5435;N-5936;TR00000000005572665
nt5436;TL;748512;N5436;N-5937;TR00000000005572666
nt5437;TL;748513;N5437;N-5938;TR00000000005572667
nt5438;TL;748514;N5438;N-5939;TR00000000005572668
nt5439;TL;748515;N5439;N-5940;TR00000000005572669
nt5440;TL;748516;N5440;N-5941;TR00000000005572670
nt5441;TL;748517;N5441;N-5942;TR00000000005572671
nt5442;TL;748518;N5442;N-5943;TR00000000005572672
nt5443;TL;748519;N5443;N-5944;TR00000000005572673
nt5444;TL;748520;N5444;N-5945;TR00000000005572674
nt5445;TL;748521;N5445;N-5946;TR00000000005572675
nt5446;TL;748522;N5446;N-5947;TR00000000005572676
nt5447;TL;748523;N5447;N-5948;TR00000000005572677
nt5448;TL;748524;N5448;N-5949;TR00000000005572678
nt5449;TL;748525;N5449;N-5950;TR00000000005572679
nt5450;TL;748526;N5450;N-5951;TR00000000005572680
nt5451;TL;748527;N5451;N-5952;TR00000000005572681
nt5452;TL;748528;N5452;N-5953;TR00000000005572682
nt5453;TL;748529;N5453;N-5954;TR00000000005572683
nt5454;TL;748530;N5454;N-5955;TR00000000005572684
nt5455;TL;748531;N5455;N-5956;TR00000000005572685
nt5456;TL;748532;N5456;N-5957;TR00000000005572686
nt5457;TL;748533;N5457;N-5958;TR00000000005572687
nt5458;TL;748534;N5458;N-5959;TR00000000005572688
nt5459;TL;748535;N5459;N-5960;TR00000000005572689
nt5460;TL;748536;N5460;N-5961;TR00000000005572690
nt5461;TL;748537;N5461;N-5962;TR00000000005572691
nt5462;TL;748538;N5462;N-5963;TR00000000005572692
nt5463;TL;748539;N5463;N-5964;TR00000000005572693
nt5464;TL;748540;N5464;N-5965;TR00000000005572694
nt5465;TL;748541;N5465;N-5966;TR00000000005572695
nt5466;TL;748542;N5466;N-5967;TR00000000005572696
nt5467;TL;748543;N5467;N-5968;TR00000000005572697
nt5468;TL;748544;N5468;N-5969;TR00000000005572698
nt5469;TL;748545;N5469;N-5970;TR00000000005572699
nt5470;TL;748546;N5470;N-5971;TR00000000005572700
nt5471;TL;748547;N5471;N-5972;TR00000000005572701
nt5472;TL;748548;N5472;N-5973;TR00000000005572702
nt5473;TL;748549;N5473;N-5974;TR00000000005572703
nt5474;TL;748550;N5474;N-5975;TR00000000005572704
nt5475;TL;748551;N5475;N-5976;TR00000000005572705
nt5476;TL;748552;N5476;N-5977;TR00000000005572706
nt5477;TL;748553;N5477;N-5978;TR00000000005572707
nt5478;TL;748554;N5478;N-5979;TR00000000005572708
nt5479;TL;748555;N5479;N-5980;TR00000000005572709
nt5480;TL;748556;N5480;N-5981;TR00000000005572710
nt5481;TL;748557;N5481;N-5982;TR00000000005572711
nt5482;TL;748558;N5482;N-5983;TR00000000005572712
nt5483;TL;748559;N5483;N-5984;TR00000000005572713
nt5484;TL;748560;N5484;N-5985;TR00000000005572714
nt5485;TL;748561;N5485;N-5986;TR00000000005572715
nt5486;TL;748562;N5486;N-5987;TR00000000005572716
nt5487;TL;748563;N5487;N-5988;TR00000000005572717
nt5488;TL;748564;N5488;N-5989;TR00000000005572718
nt5489;TL;748565;N5489;N-5990;TR00000000005572719
nt5490;TL;748566;N5490;N-5991;TR00000000005572720
nt5491;TL;748567;N5491;N-5992;TR00000000005572721
nt5492;TL;748568;N5492;N-5993;TR00000000005572722
nt5493;TL;748569;N5493;N-5994;TR00000000005572723
nt5494;TL;748570;N5494;N-5995;TR00000000005572724
nt5495;TL;748571;N5495;N-5996;TR00000000005572725
nt5496;TL;748572;N5496;N-5997;TR00000000005572726
nt5497;TL;748573;N5497;N-5998;TR00000000005572727
nt5498;TL;748574;N5498;N-5999;TR00000000005572728
nt5499;TL;748575;N5499;N-6000;TR00000000005572729
nt5500;TL;748576;N5500;N-6001;TR00000000005572730
nt5501;TL;748577;N5501;N-6002;TR00000000005572731
nt5502;TL;748578;N5502;N-6003;TR00000000005572732
nt5503;TL;748579;N5503;N-6004;TR00000000005572733
nt5504;TL;748580;N5504;N-6005;TR00000000005572734
nt5505;TL;748581;N5505;N-6006;TR00000000005572735
nt5506;TL;748582;N5506;N-6007;TR00000000005572736
nt5507;TL;748583;N5507;N-6008;TR00000000005572737
nt5508;TL;748584;N5508;N-6009;TR00000000005572738
nt5509;TL;748585;N5509;N-6010;TR00000000005572739
nt5510;TL;748586;N5510;N-6011;TR00000000005572740
nt5511;TL;748587;N5511;N-6012;TR00000000005572741
nt5512;TL;748588;N5512;N-6013;TR00000000005572742
nt5513;TL;748589;N5513;N-6014;TR00000000005572743
nt5514;TL;748590;N5514;N-6015;TR00000000005572744
nt5515;TL;748591;N5515;N-6016;TR00000000005572745
nt5516;TL;748592;N5516;N-6017;TR00000000005572746
nt5517;TL;748593;N5517;N-6018;TR00000000005572747
nt5518;TL;748594;N5518;N-6019;TR00000000005572748
nt5519;TL;748595;N5519;N-6020;TR00000000005572749
nt5520;TL;748596;N5520;N-6021;TR00000000005572750
nt5521;TL;748597;N5521;N-6022;TR00000000005572751
nt5522;TL;748598;N5522;N-6023;TR00000000005572752
nt5523;TL;748599;N5523;N-6024;TR00000000005572753
nt5524;TL;748600;N5524;N-6025;TR00000000005572754
nt5525;TL;748601;N5525;N-6026;TR00000000005572755
nt5526;TL;748602;N5526;N-6027;TR00000000005572756
nt5527;TL;748603;N5527;N-6028;TR00000000005572757
nt5528;TL;748604;N5528;N-6029;TR00000000005572758
nt5529;TL;748605;N5529;N-6030;TR00000000005572759
nt5530;TL;748606;N5530;N-6031;TR00000000005572760
nt5531;TL;748607;N5531;N-6032;TR00000000005572761
nt5532;TL;748608;N5532;N-6033;TR00000000005572762
nt5533;TL;748609;N5533;N-6034;TR00000000005572763
nt5534;TL;748610;N5534;N-6035;TR00000000005572764
nt5535;TL;748611;N5535;N-6036;TR00000000005572765
nt5536;TL;748612;N5536;N-6037;TR00000000005572766
nt5537;TL;748613;N5537;N-6038;TR00000000005572767
nt5538;TL;748614;N5538;N-6039;TR00000000005572768
nt5539;TL;748615;N5539;N-6040;TR00000000005572769
nt5540;TL;748616;N5540;N-6041;TR00000000005572770
nt5541;TL;748617;N5541;N-6042;TR00000000005572771
nt5542;TL;748618;N5542;N-6043;TR00000000005572772
nt5543;TL;748619;N5543;N-6044;TR00000000005572773
nt5544;TL;748620;N5544;N-6045;TR00000000005572774
nt5545;TL;748621;N5545;N-6046;TR00000000005572775
nt5546;TL;748622;N5546;N-6047;TR00000000005572776
nt5547;TL;748623;N5547;N-6048;TR00000000005572777
nt5548;TL;748624;N5548;N-6049;TR00000000005572778
nt5549;TL;748625;N5549;N-6050;TR00000000005572779
nt5550;TL;748626;N5550;N-6051;TR00000000005572780
nt5551;TL;748627;N5551;N-6052;TR00000000005572781
nt5552;TL;748628;N5552;N-6053;TR00000000005572782
nt5553;TL;748629;N5553;N-6054;TR00000000005572783
nt5554;TL;748630;N5554;N-6055;TR00000000005572784
nt5555;TL;748631;N5555;N-6056;TR00000000005572785
nt5556;TL;748632;N5556;N-6057;TR00000000005572786
nt5557;TL;748633;N5557;N-6058;TR00000000005572787
nt5558;TL;748634;N5558;N-6059;TR00000000005572788
nt5559;TL;748635;N5559;N-6060;TR00000000005572789
nt5560;TL;748636;N5560;N-6061;TR00000000005572790
nt5561;TL;748637;N5561;N-6062;TR00000000005572791
nt5562;TL;748638;N5562;N-6063;TR00000000005572792
nt5563;TL;748639;N5563;N-6064;TR00000000005572793
nt5564;TL;748640;N5564;N-6065;TR00000000005572794
nt5565;TL;748641;N5565;N-6066;TR00000000005572795
nt5566;TL;748642;N5566;N-6067;TR00000000005572796
nt5567;TL;748643;N5567;N-6068;TR00000000005572797
nt5568;TL;748644;N5568;N-6069;TR00000000005572798
nt5569;TL;748645;N5569;N-6070;TR00000000005572799
nt5570;TL;748646;N5570;N-6071;TR00000000005572800
nt5571;TL;748647;N5571;N-6072;TR00000000005572801
nt5572;TL;748648;N5572;N-6073;TR00000000005572802
nt5573;TL;748649;N5573;N-6074;TR00000000005572803
nt5574;TL;748650;N5574;N-6075;TR00000000005572804
nt5575;TL;748651;N5575;N-6076;TR00000000005572805
nt5576;TL;748652;N5576;N-6077;TR00000000005572806
nt5577;TL;748653;N5577;N-6078;TR00000000005572807
nt5578;TL;748654;N5578;N-6079;TR00000000005572808
nt5579;TL;748655;N5579;N-6080;TR00000000005572809
nt5580;TL;748656;N5580;N-6081;TR00000000005572810
nt5581;TL;748657;N5581;N-6082;TR00000000005572811
nt5582;TL;748658;N5582;N-6083;TR00000000005572812
nt5583;TL;748659;N5583;N-6084;TR00000000005572813
nt5584;TL;748660;N5584;N-6085;TR00000000005572814
nt5585;TL;748661;N5585;N-6086;TR00000000005572815
nt5586;TL;748662;N5586;N-6087;TR00000000005572816
nt5587;TL;748663;N5587;N-6088;TR00000000005572817
nt5588;TL;748664;N5588;N-6089;TR00000000005572818
nt5589;TL;748665;N5589;N-6090;TR00000000005572819
nt5590;TL;748666;N5590;N-6091;TR00000000005572820
nt5591;TL;748667;N5591;N-6092;TR00000000005572821
nt5592;TL;748668;N5592;N-6093;TR00000000005572822
nt5593;TL;748669;N5593;N-6094;TR00000000005572823
nt5594;TL;748670;N5594;N-6095;TR00000000005572824
nt5595;TL;748671;N5595;N-6096;TR00000000005572825
nt5596;TL;748672;N5596;N-6097;TR00000000005572826
nt5597;TL;748673;N5597;N-6098;TR00000000005572827
nt5598;TL;748674;N5598;N-6099;TR00000000005572828
nt5599;TL;748675;N5599;N-6100;TR00000000005572829
nt5600;TL;748676;N5600;N-6101;TR00000000005572830
nt5601;TL;748677;N5601;N-6102;TR00000000005572831
nt5602;TL;748678;N5602;N-6103;TR00000000005572832
nt5603;TL;748679;N5603;N-6104;TR00000000005572833
nt5604;TL;748680;N5604;N-6105;TR00000000005572834
nt5605;TL;748681;N5605;N-6106;TR00000000005572835
nt5606;TL;748682;N5606;N-6107;TR00000000005572836
nt5607;TL;748683;N5607;N-6108;TR00000000005572837
nt5608;TL;748684;N5608;N-6109;TR00000000005572838
nt5609;TL;748685;N5609;N-6110;TR00000000005572839
nt5610;TL;748686;N5610;N-6111;TR00000000005572840
nt5611;TL;748687;N5611;N-6112;TR00000000005572841
nt5612;TL;748688;N5612;N-6113;TR00000000005572842
nt5613;TL;748689;N5613;N-6114;TR00000000005572843
nt5614;TL;748690;N5614;N-6115;TR00000000005572844
nt5615;TL;748691;N5615;N-6116;TR00000000005572845
nt5616;TL;748692;N5616;N-6117;TR00000000005572846
nt5617;TL;748693;N5617;N-6118;TR00000000005572847
nt5618;TL;748694;N5618;N-6119;TR00000000005572848
nt5619;TL;748695;N5619;N-6120;TR00000000005572849
nt5620;TL;748696;N5620;N-6121;TR00000000005572850
nt5621;TL;748697;N5621;N-6122;TR00000000005572851
nt5622;TL;748698;N5622;N-6123;TR00000000005572852
nt5623;TL;748699;N5623;N-6124;TR00000000005572853
nt5624;TL;748700;N5624;N-6125;TR00000000005572854
nt5625;TL;748701;N5625;N-6126;TR00000000005572855
nt5626;TL;748702;N5626;N-6127;TR00000000005572856
nt5627;TL;748703;N5627;N-6128;TR00000000005572857
nt5628;TL;748704;N5628;N-6129;TR00000000005572858
nt5629;TL;748705;N5629;N-6130;TR00000000005572859
nt5630;TL;748706;N5630;N-6131;TR00000000005572860
nt5631;TL;748707;N5631;N-6132;TR00000000005572861
nt5632;TL;748708;N5632;N-6133;TR00000000005572862
nt5633;TL;748709;N5633;N-6134;TR00000000005572863
nt5634;TL;748710;N5634;N-6135;TR00000000005572864
nt5635;TL;748711;N5635;N-6136;TR00000000005572865
nt5636;TL;748712;N5636;N-6137;TR00000000005572866
nt5637;TL;748713;N5637;N-6138;TR00000000005572867
nt5638;TL;748714;N5638;N-6139;TR00000000005572868
nt5639;TL;748715;N5639;N-6140;TR00000000005572869
nt5640;TL;748716;N5640;N-6141;TR00000000005572870
nt5641;TL;748717;N5641;N-6142;TR00000000005572871
nt5642;TL;748718;N5642;N-6143;TR00000000005572872
nt5643;TL;748719;N5643;N-6144;TR00000000005572873
nt5644;TL;748720;N5644;N-6145;TR00000000005572874
nt5645;TL;748721;N5645;N-6146;TR00000000005572875
nt5646;TL;748722;N5646;N-6147;TR00000000005572876
nt5647;TL;748723;N5647;N-6148;TR00000000005572877
nt5648;TL;748724;N5648;N-6149;TR00000000005572878
nt5649;TL;748725;N5649;N-6150;TR00000000005572879
nt5650;TL;748726;N5650;N-6151;TR00000000005572880
nt5651;TL;748727;N5651;N-6152;TR00000000005572881
nt5652;TL;748728;N5652;N-6153;TR00000000005572882
nt5653;TL;748729;N5653;N-6154;TR00000000005572883
nt5654;TL;748730;N5654;N-6155;TR00000000005572884
nt5655;TL;748731;N5655;N-6156;TR00000000005572885
nt5656;TL;748732;N5656;N-6157;TR00000000005572886
nt5657;TL;748733;N5657;N-6158;TR00000000005572887
nt5658;TL;748734;N5658;N-6159;TR00000000005572888
nt5659;TL;748735;N5659;N-6160;TR00000000005572889
nt5660;TL;748736;N5660;N-6161;TR00000000005572890
nt5661;TL;748737;N5661;N-6162;TR00000000005572891
nt5662;TL;748738;N5662;N-6163;TR00000000005572892
nt5663;TL;748739;N5663;N-6164;TR00000000005572893
nt5664;TL;748740;N5664;N-6165;TR00000000005572894
nt5665;TL;748741;N5665;N-6166;TR00000000005572895
nt5666;TL;748742;N5666;N-6167;TR00000000005572896
nt5667;TL;748743;N5667;N-6168;TR00000000005572897
nt5668;TL;748744;N5668;N-6169;TR00000000005572898
nt5669;TL;748745;N5669;N-6170;TR00000000005572899
nt5670;TL;748746;N5670;N-6171;TR00000000005572900
nt5671;TL;748747;N5671;N-6172;TR00000000005572901
nt5672;TL;748748;N5672;N-6173;TR00000000005572902
nt5673;TL;748749;N5673;N-6174;TR00000000005572903
nt5674;TL;748750;N5674;N-6175;TR00000000005572904
nt5675;TL;748751;N5675;N-6176;TR00000000005572905
nt5676;TL;748752;N5676;N-6177;TR00000000005572906
nt5677;TL;748753;N5677;N-6178;TR00000000005572907
nt5678;TL;748754;N5678;N-6179;TR00000000005572908
nt5679;TL;748755;N5679;N-6180;TR00000000005572909
nt5680;TL;748756;N5680;N-6181;TR00000000005572910
nt5681;TL;748757;N5681;N-6182;TR00000000005572911
nt5682;TL;748758;N5682;N-6183;TR00000000005572912
nt5683;TL;748759;N5683;N-6184;TR00000000005572913
nt5684;TL;748760;N5684;N-6185;TR00000000005572914
nt5685;TL;748761;N5685;N-6186;TR00000000005572915
nt5686;TL;748762;N5686;N-6187;TR00000000005572916
nt5687;TL;748763;N5687;N-6188;TR00000000005572917
nt5688;TL;748764;N5688;N-6189;TR00000000005572918
nt5689;TL;748765;N5689;N-6190;TR00000000005572919
nt5690;TL;748766;N5690;N-6191;TR00000000005572920
nt5691;TL;748767;N5691;N-6192;TR00000000005572921
nt5692;TL;748768;N5692;N-6193;TR00000000005572922
nt5693;TL;748769;N5693;N-6194;TR00000000005572923
nt5694;TL;748770;N5694;N-6195;TR00000000005572924
nt5695;TL;748771;N5695;N-6196;TR00000000005572925
nt5696;TL;748772;N5696;N-6197;TR00000000005572926
nt5697;TL;748773;N5697;N-6198;TR00000000005572927
nt5698;TL;748774;N5698;N-6199;TR00000000005572928
nt5699;TL;748775;N5699;N-6200;TR00000000005572929
nt5700;TL;748776;N5700;N-6201;TR00000000005572930
nt5701;TL;748777;N5701;N-6202;TR00000000005572931
nt5702;TL;748778;N5702;N-6203;TR00000000005572932
nt5703;TL;748779;N5703;N-6204;TR00000000005572933
nt5704;TL;748780;N5704;N-6205;TR00000000005572934
nt5705;TL;748781;N5705;N-6206;TR00000000005572935
nt5706;TL;748782;N5706;N-6207;TR00000000005572936
nt5707;TL;748783;N5707;N-6208;TR00000000005572937
nt5708;TL;748784;N5708;N-6209;TR00000000005572938
nt5709;TL;748785;N5709;N-6210;TR00000000005572939
nt5710;TL;748786;N5710;N-6211;TR00000000005572940
nt5711;TL;748787;N5711;N-6212;TR00000000005572941
nt5712;TL;748788;N5712;N-6213;TR00000000005572942
nt5713;TL;748789;N5713;N-6214;TR00000000005572943
nt5714;TL;748790;N5714;N-6215;TR00000000005572944
nt5715;TL;748791;N5715;N-6216;TR00000000005572945
nt5716;TL;748792;N5716;N-6217;TR00000000005572946
nt5717;TL;748793;N5717;N-6218;TR00000000005572947
nt5718;TL;748794;N5718;N-6219;TR00000000005572948
nt5719;TL;748795;N5719;N-6220;TR00000000005572949
nt5720;TL;748796;N5720;N-6221;TR00000000005572950
nt5721;TL;748797;N5721;N-6222;TR00000000005572951
nt5722;TL;748798;N5722;N-6223;TR00000000005572952
nt5723;TL;748799;N5723;N-6224;TR00000000005572953
nt5724;TL;748800;N5724;N-6225;TR00000000005572954
nt5725;TL;748801;N5725;N-6226;TR00000000005572955
nt5726;TL;748802;N5726;N-6227;TR00000000005572956
nt5727;TL;748803;N5727;N-6228;TR00000000005572957
nt5728;TL;748804;N5728;N-6229;TR00000000005572958
nt5729;TL;748805;N5729;N-6230;TR00000000005572959
nt5730;TL;748806;N5730;N-6231;TR00000000005572960
nt5731;TL;748807;N5731;N-6232;TR00000000005572961
nt5732;TL;748808;N5732;N-6233;TR00000000005572962
nt5733;TL;748809;N5733;N-6234;TR00000000005572963
nt5734;TL;748810;N5734;N-6235;TR00000000005572964
nt5735;TL;748811;N5735;N-6236;TR00000000005572965
nt5736;TL;748812;N5736;N-6237;TR00000000005572966
nt5737;TL;748813;N5737;N-6238;TR00000000005572967
nt5738;TL;748814;N5738;N-6239;TR00000000005572968
nt5739;TL;748815;N5739;N-6240;TR00000000005572969
nt5740;TL;748816;N5740;N-6241;TR00000000005572970
nt5741;TL;748817;N5741;N-6242;TR00000000005572971
nt5742;TL;748818;N5742;N-6243;TR00000000005572972
nt5743;TL;748819;N5743;N-6244;TR00000000005572973
nt5744;TL;748820;N5744;N-6245;TR00000000005572974
nt5745;TL;748821;N5745;N-6246;TR00000000005572975
nt5746;TL;748822;N5746;N-6247;TR00000000005572976
nt5747;TL;748823;N5747;N-6248;TR00000000005572977
nt5748;TL;748824;N5748;N-6249;TR00000000005572978
nt5749;TL;748825;N5749;N-6250;TR00000000005572979
nt5750;TL;748826;N5750;N-6251;TR00000000005572980
nt5751;TL;748827;N5751;N-6252;TR00000000005572981
nt5752;TL;748828;N5752;N-6253;TR00000000005572982
nt5753;TL;748829;N5753;N-6254;TR00000000005572983
nt5754;TL;748830;N5754;N-6255;TR00000000005572984
nt5755;TL;748831;N5755;N-6256;TR00000000005572985
nt5756;TL;748832;N5756;N-6257;TR00000000005572986
nt5757;TL;748833;N5757;N-6258;TR00000000005572987
nt5758;TL;748834;N5758;N-6259;TR00000000005572988
nt5759;TL;748835;N5759;N-6260;TR00000000005572989
nt5760;TL;748836;N5760;N-6261;TR00000000005572990
nt5761;TL;748837;N5761;N-6262;TR00000000005572991
nt5762;TL;748838;N5762;N-6263;TR00000000005572992
nt5763;TL;748839;N5763;N-6264;TR00000000005572993
nt5764;TL;748840;N5764;N-6265;TR00000000005572994
nt5765;TL;748841;N5765;N-6266;TR00000000005572995
nt5766;TL;748842;N5766;N-6267;TR00000000005572996
nt5767;TL;748843;N5767;N-6268;TR00000000005572997
nt5768;TL;748844;N5768;N-6269;TR00000000005572998
nt5769;TL;748845;N5769;N-6270;TR00000000005572999
nt5770;TL;748846;N5770;N-6271;TR00000000005573000
nt5771;TL;748847;N5771;N-6272;TR00000000005573001
nt5772;TL;748848;N5772;N-6273;TR00000000005573002
nt5773;TL;748849;N5773;N-6274;TR00000000005573003
nt5774;TL;748850;N5774;N-6275;TR00000000005573004
nt5775;TL;748851;N5775;N-6276;TR00000000005573005
nt5776;TL;748852;N5776;N-6277;TR00000000005573006
nt5777;TL;748853;N5777;N-6278;TR00000000005573007
nt5778;TL;748854;N5778;N-6279;TR00000000005573008
nt5779;TL;748855;N5779;N-6280;TR00000000005573009
nt5780;TL;748856;N5780;N-6281;TR00000000005573010
nt5781;TL;748857;N5781;N-6282;TR00000000005573011
nt5782;TL;748858;N5782;N-6283;TR00000000005573012
nt5783;TL;748859;N5783;N-6284;TR00000000005573013
nt5784;TL;748860;N5784;N-6285;TR00000000005573014
nt5785;TL;748861;N5785;N-6286;TR00000000005573015
nt5786;TL;748862;N5786;N-6287;TR00000000005573016
nt5787;TL;748863;N5787;N-6288;TR00000000005573017
nt5788;TL;748864;N5788;N-6289;TR00000000005573018
nt5789;TL;748865;N5789;N-6290;TR00000000005573019
nt5790;TL;748866;N5790;N-6291;TR00000000005573020
nt5791;TL;748867;N5791;N-6292;TR00000000005573021
nt5792;TL;748868;N5792;N-6293;TR00000000005573022
nt5793;TL;748869;N5793;N-6294;TR00000000005573023
nt5794;TL;748870;N5794;N-6295;TR00000000005573024
nt5795;TL;748871;N5795;N-6296;TR00000000005573025
nt5796;TL;748872;N5796;N-6297;TR00000000005573026
nt5797;TL;748873;N5797;N-6298;TR00000000005573027
nt5798;TL;748874;N5798;N-6299;TR00000000005573028
nt5799;TL;748875;N5799;N-6300;TR00000000005573029
nt5800;TL;748876;N5800;N-6301;TR00000000005573030
nt5801;TL;748877;N5801;N-6302;TR00000000005573031
nt5802;TL;748878;N5802;N-6303;TR00000000005573032
nt5803;TL;748879;N5803;N-6304;TR00000000005573033
nt5804;TL;748880;N5804;N-6305;TR00000000005573034
nt5805;TL;748881;N5805;N-6306;TR00000000005573035
nt5806;TL;748882;N5806;N-6307;TR00000000005573036
nt5807;TL;748883;N5807;N-6308;TR00000000005573037
nt5808;TL;748884;N5808;N-6309;TR00000000005573038
nt5809;TL;748885;N5809;N-6310;TR00000000005573039
nt5810;TL;748886;N5810;N-6311;TR00000000005573040
nt5811;TL;748887;N5811;N-6312;TR00000000005573041
nt5812;TL;748888;N5812;N-6313;TR00000000005573042
nt5813;TL;748889;N5813;N-6314;TR00000000005573043
nt5814;TL;748890;N5814;N-6315;TR00000000005573044
nt5815;TL;748891;N5815;N-6316;TR00000000005573045
nt5816;TL;748892;N5816;N-6317;TR00000000005573046
nt5817;TL;748893;N5817;N-6318;TR00000000005573047
nt5818;TL;748894;N5818;N-6319;TR00000000005573048
nt5819;TL;748895;N5819;N-6320;TR00000000005573049
nt5820;TL;748896;N5820;N-6321;TR00000000005573050
nt5821;TL;748897;N5821;N-6322;TR00000000005573051
nt5822;TL;748898;N5822;N-6323;TR00000000005573052
nt5823;TL;748899;N5823;N-6324;TR00000000005573053
nt5824;TL;748900;N5824;N-6325;TR00000000005573054
nt5825;TL;748901;N5825;N-6326;TR00000000005573055
nt5826;TL;748902;N5826;N-6327;TR00000000005573056
nt5827;TL;748903;N5827;N-6328;TR00000000005573057
nt5828;TL;748904;N5828;N-6329;TR00000000005573058
nt5829;TL;748905;N5829;N-6330;TR00000000005573059
nt5830;TL;748906;N5830;N-6331;TR00000000005573060
nt5831;TL;748907;N5831;N-6332;TR00000000005573061
nt5832;TL;748908;N5832;N-6333;TR00000000005573062
nt5833;TL;748909;N5833;N-6334;TR00000000005573063
nt5834;TL;748910;N5834;N-6335;TR00000000005573064
nt5835;TL;748911;N5835;N-6336;TR00000000005573065
nt5836;TL;748912;N5836;N-6337;TR00000000005573066
nt5837;TL;748913;N5837;N-6338;TR00000000005573067
nt5838;TL;748914;N5838;N-6339;TR00000000005573068
nt5839;TL;748915;N5839;N-6340;TR00000000005573069
nt5840;TL;748916;N5840;N-6341;TR00000000005573070
nt5841;TL;748917;N5841;N-6342;TR00000000005573071
nt5842;TL;748918;N5842;N-6343;TR00000000005573072
nt5843;TL;748919;N5843;N-6344;TR00000000005573073
nt5844;TL;748920;N5844;N-6345;TR00000000005573074
nt5845;TL;748921;N5845;N-6346;TR00000000005573075
nt5846;TL;748922;N5846;N-6347;TR00000000005573076
nt5847;TL;748923;N5847;N-6348;TR00000000005573077
nt5848;TL;748924;N5848;N-6349;TR00000000005573078
nt5849;TL;748925;N5849;N-6350;TR00000000005573079
nt5850;TL;748926;N5850;N-6351;TR00000000005573080
nt5851;TL;748927;N5851;N-6352;TR00000000005573081
nt5852;TL;748928;N5852;N-6353;TR00000000005573082
nt5853;TL;748929;N5853;N-6354;TR00000000005573083
nt5854;TL;748930;N5854;N-6355;TR00000000005573084
nt5855;TL;748931;N5855;N-6356;TR00000000005573085
nt5856;TL;748932;N5856;N-6357;TR00000000005573086
nt5857;TL;748933;N5857;N-6358;TR00000000005573087
nt5858;TL;748934;N5858;N-6359;TR00000000005573088
nt5859;TL;748935;N5859;N-6360;TR00000000005573089
nt5860;TL;748936;N5860;N-6361;TR00000000005573090
nt5861;TL;748937;N5861;N-6362;TR00000000005573091
nt5862;TL;748938;N5862;N-6363;TR00000000005573092
nt5863;TL;748939;N5863;N-6364;TR00000000005573093
nt5864;TL;748940;N5864;N-6365;TR00000000005573094
nt5865;TL;748941;N5865;N-6366;TR00000000005573095
nt5866;TL;748942;N5866;N-6367;TR00000000005573096
nt5867;TL;748943;N5867;N-6368;TR00000000005573097
nt5868;TL;748944;N5868;N-6369;TR00000000005573098
nt5869;TL;748945;N5869;N-6370;TR00000000005573099
nt5870;TL;748946;N5870;N-6371;TR00000000005573100
nt5871;TL;748947;N5871;N-6372;TR00000000005573101
nt5872;TL;748948;N5872;N-6373;TR00000000005573102
nt5873;TL;748949;N5873;N-6374;TR00000000005573103
nt5874;TL;748950;N5874;N-6375;TR00000000005573104
nt5875;TL;748951;N5875;N-6376;TR00000000005573105
nt5876;TL;748952;N5876;N-6377;TR00000000005573106
nt5877;TL;748953;N5877;N-6378;TR00000000005573107
nt5878;TL;748954;N5878;N-6379;TR00000000005573108
nt5879;TL;748955;N5879;N-6380;TR00000000005573109
nt5880;TL;748956;N5880;N-6381;TR00000000005573110
nt5881;TL;748957;N5881;N-6382;TR00000000005573111
nt5882;TL;748958;N5882;N-6383;TR00000000005573112
nt5883;TL;748959;N5883;N-6384;TR00000000005573113
nt5884;TL;748960;N5884;N-6385;TR00000000005573114
nt5885;TL;748961;N5885;N-6386;TR00000000005573115
nt5886;TL;748962;N5886;N-6387;TR00000000005573116
nt5887;TL;748963;N5887;N-6388;TR00000000005573117
nt5888;TL;748964;N5888;N-6389;TR00000000005573118
nt5889;TL;748965;N5889;N-6390;TR00000000005573119
nt5890;TL;748966;N5890;N-6391;TR00000000005573120
nt5891;TL;748967;N5891;N-6392;TR00000000005573121
nt5892;TL;748968;N5892;N-6393;TR00000000005573122
nt5893;TL;748969;N5893;N-6394;TR00000000005573123
nt5894;TL;748970;N5894;N-6395;TR00000000005573124
nt5895;TL;748971;N5895;N-6396;TR00000000005573125
nt5896;TL;748972;N5896;N-6397;TR00000000005573126
nt5897;TL;748973;N5897;N-6398;TR00000000005573127
nt5898;TL;748974;N5898;N-6399;TR00000000005573128
nt5899;TL;748975;N5899;N-6400;TR00000000005573129
nt5900;TL;748976;N5900;N-6401;TR00000000005573130
nt5901;TL;748977;N5901;N-6402;TR00000000005573131
nt5902;TL;748978;N5902;N-6403;TR00000000005573132
nt5903;TL;748979;N5903;N-6404;TR00000000005573133
nt5904;TL;748980;N5904;N-6405;TR00000000005573134
nt5905;TL;748981;N5905;N-6406;TR00000000005573135
nt5906;TL;748982;N5906;N-6407;TR00000000005573136
nt5907;TL;748983;N5907;N-6408;TR00000000005573137
nt5908;TL;748984;N5908;N-6409;TR00000000005573138
nt5909;TL;748985;N5909;N-6410;TR00000000005573139
nt5910;TL;748986;N5910;N-6411;TR00000000005573140
nt5911;TL;748987;N5911;N-6412;TR00000000005573141
nt5912;TL;748988;N5912;N-6413;TR00000000005573142
nt5913;TL;748989;N5913;N-6414;TR00000000005573143
nt5914;TL;748990;N5914;N-6415;TR00000000005573144
nt5915;TL;748991;N5915;N-6416;TR00000000005573145
nt5916;TL;748992;N5916;N-6417;TR00000000005573146
nt5917;TL;748993;N5917;N-6418;TR00000000005573147
nt5918;TL;748994;N5918;N-6419;TR00000000005573148
nt5919;TL;748995;N5919;N-6420;TR00000000005573149
nt5920;TL;748996;N5920;N-6421;TR00000000005573150
nt5921;TL;748997;N5921;N-6422;TR00000000005573151
nt5922;TL;748998;N5922;N-6423;TR00000000005573152
nt5923;TL;748999;N5923;N-6424;TR00000000005573153
nt5924;TL;749000;N5924;N-6425;TR00000000005573154
nt5925;TL;749001;N5925;N-6426;TR00000000005573155
nt5926;TL;749002;N5926;N-6427;TR00000000005573156
nt5927;TL;749003;N5927;N-6428;TR00000000005573157
nt5928;TL;749004;N5928;N-6429;TR00000000005573158
nt5929;TL;749005;N5929;N-6430;TR00000000005573159
nt5930;TL;749006;N5930;N-6431;TR00000000005573160
nt5931;TL;749007;N5931;N-6432;TR00000000005573161
nt5932;TL;749008;N5932;N-6433;TR00000000005573162
nt5933;TL;749009;N5933;N-6434;TR00000000005573163
nt5934;TL;749010;N5934;N-6435;TR00000000005573164
nt5935;TL;749011;N5935;N-6436;TR00000000005573165
nt5936;TL;749012;N5936;N-6437;TR00000000005573166
nt5937;TL;749013;N5937;N-6438;TR00000000005573167
nt5938;TL;749014;N5938;N-6439;TR00000000005573168
nt5939;TL;749015;N5939;N-6440;TR00000000005573169
nt5940;TL;749016;N5940;N-6441;TR00000000005573170
nt5941;TL;749017;N5941;N-6442;TR00000000005573171
nt5942;TL;749018;N5942;N-6443;TR00000000005573172
nt5943;TL;749019;N5943;N-6444;TR00000000005573173
nt5944;TL;749020;N5944;N-6445;TR00000000005573174
nt5945;TL;749021;N5945;N-6446;TR00000000005573175
nt5946;TL;749022;N5946;N-6447;TR00000000005573176
nt5947;TL;749023;N5947;N-6448;TR00000000005573177
nt5948;TL;749024;N5948;N-6449;TR00000000005573178
nt5949;TL;749025;N5949;N-6450;TR00000000005573179
nt5950;TL;749026;N5950;N-6451;TR00000000005573180
nt5951;TL;749027;N5951;N-6452;TR00000000005573181
nt5952;TL;749028;N5952;N-6453;TR00000000005573182
nt5953;TL;749029;N5953;N-6454;TR00000000005573183
nt5954;TL;749030;N5954;N-6455;TR00000000005573184
nt5955;TL;749031;N5955;N-6456;TR00000000005573185
nt5956;TL;749032;N5956;N-6457;TR00000000005573186
nt5957;TL;749033;N5957;N-6458;TR00000000005573187
nt5958;TL;749034;N5958;N-6459;TR00000000005573188
nt5959;TL;749035;N5959;N-6460;TR00000000005573189
nt5960;TL;749036;N5960;N-6461;TR00000000005573190
nt5961;TL;749037;N5961;N-6462;TR00000000005573191
nt5962;TL;749038;N5962;N-6463;TR00000000005573192
nt5963;TL;749039;N5963;N-6464;TR00000000005573193
nt5964;TL;749040;N5964;N-6465;TR00000000005573194
nt5965;TL;749041;N5965;N-6466;TR00000000005573195
nt5966;TL;749042;N5966;N-6467;TR00000000005573196
nt5967;TL;749043;N5967;N-6468;TR00000000005573197
nt5968;TL;749044;N5968;N-6469;TR00000000005573198
nt5969;TL;749045;N5969;N-6470;TR00000000005573199
nt5970;TL;749046;N5970;N-6471;TR00000000005573200
nt5971;TL;749047;N5971;N-6472;TR00000000005573201
nt5972;TL;749048;N5972;N-6473;TR00000000005573202
nt5973;TL;749049;N5973;N-6474;TR00000000005573203
nt5974;TL;749050;N5974;N-6475;TR00000000005573204
nt5975;TL;749051;N5975;N-6476;TR00000000005573205
nt5976;TL;749052;N5976;N-6477;TR00000000005573206
nt5977;TL;749053;N5977;N-6478;TR00000000005573207
nt5978;TL;749054;N5978;N-6479;TR00000000005573208
nt5979;TL;749055;N5979;N-6480;TR00000000005573209
nt5980;TL;749056;N5980;N-6481;TR00000000005573210
nt5981;TL;749057;N5981;N-6482;TR00000000005573211
nt5982;TL;749058;N5982;N-6483;TR00000000005573212
nt5983;TL;749059;N5983;N-6484;TR00000000005573213
nt5984;TL;749060;N5984;N-6485;TR00000000005573214
nt5985;TL;749061;N5985;N-6486;TR00000000005573215
nt5986;TL;749062;N5986;N-6487;TR00000000005573216
nt5987;TL;749063;N5987;N-6488;TR00000000005573217
nt5988;TL;749064;N5988;N-6489;TR00000000005573218
nt5989;TL;749065;N5989;N-6490;TR00000000005573219
nt5990;TL;749066;N5990;N-6491;TR00000000005573220
nt5991;TL;749067;N5991;N-6492;TR00000000005573221
nt5992;TL;749068;N5992;N-6493;TR00000000005573222
nt5993;TL;749069;N5993;N-6494;TR00000000005573223
nt5994;TL;749070;N5994;N-6495;TR00000000005573224
nt5995;TL;749071;N5995;N-6496;TR00000000005573225
nt5996;TL;749072;N5996;N-6497;TR00000000005573226
nt5997;TL;749073;N5997;N-6498;TR00000000005573227
nt5998;TL;749074;N5998;N-6499;TR00000000005573228
nt5999;TL;749075;N5999;N-6500;TR00000000005573229
nt6000;TL;749076;N6000;N-6501;TR00000000005573230
nt6001;TL;749077;N6001;N-6502;TR00000000005573231
nt6002;TL;749078;N6002;N-6503;TR00000000005573232
nt6003;TL;749079;N6003;N-6504;TR00000000005573233
nt6004;TL;749080;N6004;N-6505;TR00000000005573234
nt6005;TL;749081;N6005;N-6506;TR00000000005573235
nt6006;TL;749082;N6006;N-6507;TR00000000005573236
nt6007;TL;749083;N6007;N-6508;TR00000000005573237
nt6008;TL;749084;N6008;N-6509;TR00000000005573238
nt6009;TL;749085;N6009;N-6510;TR00000000005573239
nt6010;TL;749086;N6010;N-6511;TR00000000005573240
nt6011;TL;749087;N6011;N-6512;TR00000000005573241
nt6012;TL;749088;N6012;N-6513;TR00000000005573242
nt6013;TL;749089;N6013;N-6514;TR00000000005573243
nt6014;TL;749090;N6014;N-6515;TR00000000005573244
nt6015;TL;749091;N6015;N-6516;TR00000000005573245
nt6016;TL;749092;N6016;N-6517;TR00000000005573246
nt6017;TL;749093;N6017;N-6518;TR00000000005573247
nt6018;TL;749094;N6018;N-6519;TR00000000005573248
nt6019;TL;749095;N6019;N-6520;TR00000000005573249
nt6020;TL;749096;N6020;N-6521;TR00000000005573250
nt6021;TL;749097;N6021;N-6522;TR00000000005573251
nt6022;TL;749098;N6022;N-6523;TR00000000005573252
nt6023;TL;749099;N6023;N-6524;TR00000000005573253
nt6024;TL;749100;N6024;N-6525;TR00000000005573254
nt6025;TL;749101;N6025;N-6526;TR00000000005573255
nt6026;TL;749102;N6026;N-6527;TR00000000005573256
nt6027;TL;749103;N6027;N-6528;TR00000000005573257
nt6028;TL;749104;N6028;N-6529;TR00000000005573258
nt6029;TL;749105;N6029;N-6530;TR00000000005573259
nt6030;TL;749106;N6030;N-6531;TR00000000005573260
nt6031;TL;749107;N6031;N-6532;TR00000000005573261
nt6032;TL;749108;N6032;N-6533;TR00000000005573262
nt6033;TL;749109;N6033;N-6534;TR00000000005573263
nt6034;TL;749110;N6034;N-6535;TR00000000005573264
nt6035;TL;749111;N6035;N-6536;TR00000000005573265
nt6036;TL;749112;N6036;N-6537;TR00000000005573266
nt6037;TL;749113;N6037;N-6538;TR00000000005573267
nt6038;TL;749114;N6038;N-6539;TR00000000005573268
nt6039;TL;749115;N6039;N-6540;TR00000000005573269
nt6040;TL;749116;N6040;N-6541;TR00000000005573270
nt6041;TL;749117;N6041;N-6542;TR00000000005573271
nt6042;TL;749118;N6042;N-6543;TR00000000005573272
nt6043;TL;749119;N6043;N-6544;TR00000000005573273
nt6044;TL;749120;N6044;N-6545;TR00000000005573274
nt6045;TL;749121;N6045;N-6546;TR00000000005573275
nt6046;TL;749122;N6046;N-6547;TR00000000005573276
nt6047;TL;749123;N6047;N-6548;TR00000000005573277
nt6048;TL;749124;N6048;N-6549;TR00000000005573278
nt6049;TL;749125;N6049;N-6550;TR00000000005573279
nt6050;TL;749126;N6050;N-6551;TR00000000005573280
nt6051;TL;749127;N6051;N-6552;TR00000000005573281
nt6052;TL;749128;N6052;N-6553;TR00000000005573282
nt6053;TL;749129;N6053;N-6554;TR00000000005573283
nt6054;TL;749130;N6054;N-6555;TR00000000005573284
nt6055;TL;749131;N6055;N-6556;TR00000000005573285
nt6056;TL;749132;N6056;N-6557;TR00000000005573286
nt6057;TL;749133;N6057;N-6558;TR00000000005573287
nt6058;TL;749134;N6058;N-6559;TR00000000005573288
nt6059;TL;749135;N6059;N-6560;TR00000000005573289
nt6060;TL;749136;N6060;N-6561;TR00000000005573290
nt6061;TL;749137;N6061;N-6562;TR00000000005573291
nt6062;TL;749138;N6062;N-6563;TR00000000005573292
nt6063;TL;749139;N6063;N-6564;TR00000000005573293
nt6064;TL;749140;N6064;N-6565;TR00000000005573294
nt6065;TL;749141;N6065;N-6566;TR00000000005573295
nt6066;TL;749142;N6066;N-6567;TR00000000005573296
nt6067;TL;749143;N6067;N-6568;TR00000000005573297
nt6068;TL;749144;N6068;N-6569;TR00000000005573298
nt6069;TL;749145;N6069;N-6570;TR00000000005573299
nt6070;TL;749146;N6070;N-6571;TR00000000005573300
nt6071;TL;749147;N6071;N-6572;TR00000000005573301
nt6072;TL;749148;N6072;N-6573;TR00000000005573302
nt6073;TL;749149;N6073;N-6574;TR00000000005573303
nt6074;TL;749150;N6074;N-6575;TR00000000005573304
nt6075;TL;749151;N6075;N-6576;TR00000000005573305
nt6076;TL;749152;N6076;N-6577;TR00000000005573306
nt6077;TL;749153;N6077;N-6578;TR00000000005573307
nt6078;TL;749154;N6078;N-6579;TR00000000005573308
nt6079;TL;749155;N6079;N-6580;TR00000000005573309
nt6080;TL;749156;N6080;N-6581;TR00000000005573310
nt6081;TL;749157;N6081;N-6582;TR00000000005573311
nt6082;TL;749158;N6082;N-6583;TR00000000005573312
nt6083;TL;749159;N6083;N-6584;TR00000000005573313
nt6084;TL;749160;N6084;N-6585;TR00000000005573314
nt6085;TL;749161;N6085;N-6586;TR00000000005573315
nt6086;TL;749162;N6086;N-6587;TR00000000005573316
nt6087;TL;749163;N6087;N-6588;TR00000000005573317
nt6088;TL;749164;N6088;N-6589;TR00000000005573318
nt6089;TL;749165;N6089;N-6590;TR00000000005573319
nt6090;TL;749166;N6090;N-6591;TR00000000005573320
nt6091;TL;749167;N6091;N-6592;TR00000000005573321
nt6092;TL;749168;N6092;N-6593;TR00000000005573322
nt6093;TL;749169;N6093;N-6594;TR00000000005573323
nt6094;TL;749170;N6094;N-6595;TR00000000005573324
nt6095;TL;749171;N6095;N-6596;TR00000000005573325
nt6096;TL;749172;N6096;N-6597;TR00000000005573326
nt6097;TL;749173;N6097;N-6598;TR00000000005573327
nt6098;TL;749174;N6098;N-6599;TR00000000005573328
nt6099;TL;749175;N6099;N-6600;TR00000000005573329
nt6100;TL;749176;N6100;N-6601;TR00000000005573330
nt6101;TL;749177;N6101;N-6602;TR00000000005573331
nt6102;TL;749178;N6102;N-6603;TR00000000005573332
nt6103;TL;749179;N6103;N-6604;TR00000000005573333
nt6104;TL;749180;N6104;N-6605;TR00000000005573334
nt6105;TL;749181;N6105;N-6606;TR00000000005573335
nt6106;TL;749182;N6106;N-6607;TR00000000005573336
nt6107;TL;749183;N6107;N-6608;TR00000000005573337
nt6108;TL;749184;N6108;N-6609;TR00000000005573338
nt6109;TL;749185;N6109;N-6610;TR00000000005573339
nt6110;TL;749186;N6110;N-6611;TR00000000005573340
nt6111;TL;749187;N6111;N-6612;TR00000000005573341
nt6112;TL;749188;N6112;N-6613;TR00000000005573342
nt6113;TL;749189;N6113;N-6614;TR00000000005573343
nt6114;TL;749190;N6114;N-6615;TR00000000005573344
nt6115;TL;749191;N6115;N-6616;TR00000000005573345
nt6116;TL;749192;N6116;N-6617;TR00000000005573346
nt6117;TL;749193;N6117;N-6618;TR00000000005573347
nt6118;TL;749194;N6118;N-6619;TR00000000005573348
nt6119;TL;749195;N6119;N-6620;TR00000000005573349
nt6120;TL;749196;N6120;N-6621;TR00000000005573350
nt6121;TL;749197;N6121;N-6622;TR00000000005573351
nt6122;TL;749198;N6122;N-6623;TR00000000005573352
nt6123;TL;749199;N6123;N-6624;TR00000000005573353
nt6124;TL;749200;N6124;N-6625;TR00000000005573354
nt6125;TL;749201;N6125;N-6626;TR00000000005573355
nt6126;TL;749202;N6126;N-6627;TR00000000005573356
nt6127;TL;749203;N6127;N-6628;TR00000000005573357
nt6128;TL;749204;N6128;N-6629;TR00000000005573358
nt6129;TL;749205;N6129;N-6630;TR00000000005573359
nt6130;TL;749206;N6130;N-6631;TR00000000005573360
nt6131;TL;749207;N6131;N-6632;TR00000000005573361
nt6132;TL;749208;N6132;N-6633;TR00000000005573362
nt6133;TL;749209;N6133;N-6634;TR00000000005573363
nt6134;TL;749210;N6134;N-6635;TR00000000005573364
nt6135;TL;749211;N6135;N-6636;TR00000000005573365
nt6136;TL;749212;N6136;N-6637;TR00000000005573366
nt6137;TL;749213;N6137;N-6638;TR00000000005573367
nt6138;TL;749214;N6138;N-6639;TR00000000005573368
nt6139;TL;749215;N6139;N-6640;TR00000000005573369
nt6140;TL;749216;N6140;N-6641;TR00000000005573370
nt6141;TL;749217;N6141;N-6642;TR00000000005573371
nt6142;TL;749218;N6142;N-6643;TR00000000005573372
nt6143;TL;749219;N6143;N-6644;TR00000000005573373
nt6144;TL;749220;N6144;N-6645;TR00000000005573374
nt6145;TL;749221;N6145;N-6646;TR00000000005573375
nt6146;TL;749222;N6146;N-6647;TR00000000005573376
nt6147;TL;749223;N6147;N-6648;TR00000000005573377
nt6148;TL;749224;N6148;N-6649;TR00000000005573378
nt6149;TL;749225;N6149;N-6650;TR00000000005573379
nt6150;TL;749226;N6150;N-6651;TR00000000005573380
nt6151;TL;749227;N6151;N-6652;TR00000000005573381
nt6152;TL;749228;N6152;N-6653;TR00000000005573382
nt6153;TL;749229;N6153;N-6654;TR00000000005573383
nt6154;TL;749230;N6154;N-6655;TR00000000005573384
nt6155;TL;749231;N6155;N-6656;TR00000000005573385
nt6156;TL;749232;N6156;N-6657;TR00000000005573386
nt6157;TL;749233;N6157;N-6658;TR00000000005573387
nt6158;TL;749234;N6158;N-6659;TR00000000005573388
nt6159;TL;749235;N6159;N-6660;TR00000000005573389
nt6160;TL;749236;N6160;N-6661;TR00000000005573390
nt6161;TL;749237;N6161;N-6662;TR00000000005573391
nt6162;TL;749238;N6162;N-6663;TR00000000005573392
nt6163;TL;749239;N6163;N-6664;TR00000000005573393
nt6164;TL;749240;N6164;N-6665;TR00000000005573394
nt6165;TL;749241;N6165;N-6666;TR00000000005573395
nt6166;TL;749242;N6166;N-6667;TR00000000005573396
nt6167;TL;749243;N6167;N-6668;TR00000000005573397
nt6168;TL;749244;N6168;N-6669;TR00000000005573398
nt6169;TL;749245;N6169;N-6670;TR00000000005573399
nt6170;TL;749246;N6170;N-6671;TR00000000005573400
nt6171;TL;749247;N6171;N-6672;TR00000000005573401
nt6172;TL;749248;N6172;N-6673;TR00000000005573402
nt6173;TL;749249;N6173;N-6674;TR00000000005573403
nt6174;TL;749250;N6174;N-6675;TR00000000005573404
nt6175;TL;749251;N6175;N-6676;TR00000000005573405
nt6176;TL;749252;N6176;N-6677;TR00000000005573406
nt6177;TL;749253;N6177;N-6678;TR00000000005573407
nt6178;TL;749254;N6178;N-6679;TR00000000005573408
nt6179;TL;749255;N6179;N-6680;TR00000000005573409
nt6180;TL;749256;N6180;N-6681;TR00000000005573410
nt6181;TL;749257;N6181;N-6682;TR00000000005573411
nt6182;TL;749258;N6182;N-6683;TR00000000005573412
nt6183;TL;749259;N6183;N-6684;TR00000000005573413
nt6184;TL;749260;N6184;N-6685;TR00000000005573414
nt6185;TL;749261;N6185;N-6686;TR00000000005573415
nt6186;TL;749262;N6186;N-6687;TR00000000005573416
nt6187;TL;749263;N6187;N-6688;TR00000000005573417
nt6188;TL;749264;N6188;N-6689;TR00000000005573418
nt6189;TL;749265;N6189;N-6690;TR00000000005573419
nt6190;TL;749266;N6190;N-6691;TR00000000005573420
nt6191;TL;749267;N6191;N-6692;TR00000000005573421
nt6192;TL;749268;N6192;N-6693;TR00000000005573422
nt6193;TL;749269;N6193;N-6694;TR00000000005573423
nt6194;TL;749270;N6194;N-6695;TR00000000005573424
nt6195;TL;749271;N6195;N-6696;TR00000000005573425
nt6196;TL;749272;N6196;N-6697;TR00000000005573426
nt6197;TL;749273;N6197;N-6698;TR00000000005573427
nt6198;TL;749274;N6198;N-6699;TR00000000005573428
nt6199;TL;749275;N6199;N-6700;TR00000000005573429
nt6200;TL;749276;N6200;N-6701;TR00000000005573430
nt6201;TL;749277;N6201;N-6702;TR00000000005573431
nt6202;TL;749278;N6202;N-6703;TR00000000005573432
nt6203;TL;749279;N6203;N-6704;TR00000000005573433
nt6204;TL;749280;N6204;N-6705;TR00000000005573434
nt6205;TL;749281;N6205;N-6706;TR00000000005573435
nt6206;TL;749282;N6206;N-6707;TR00000000005573436
nt6207;TL;749283;N6207;N-6708;TR00000000005573437
nt6208;TL;749284;N6208;N-6709;TR00000000005573438
nt6209;TL;749285;N6209;N-6710;TR00000000005573439
nt6210;TL;749286;N6210;N-6711;TR00000000005573440
nt6211;TL;749287;N6211;N-6712;TR00000000005573441
nt6212;TL;749288;N6212;N-6713;TR00000000005573442
nt6213;TL;749289;N6213;N-6714;TR00000000005573443
nt6214;TL;749290;N6214;N-6715;TR00000000005573444
nt6215;TL;749291;N6215;N-6716;TR00000000005573445
nt6216;TL;749292;N6216;N-6717;TR00000000005573446
nt6217;TL;749293;N6217;N-6718;TR00000000005573447
nt6218;TL;749294;N6218;N-6719;TR00000000005573448
nt6219;TL;749295;N6219;N-6720;TR00000000005573449
nt6220;TL;749296;N6220;N-6721;TR00000000005573450
nt6221;TL;749297;N6221;N-6722;TR00000000005573451
nt6222;TL;749298;N6222;N-6723;TR00000000005573452
nt6223;TL;749299;N6223;N-6724;TR00000000005573453
nt6224;TL;749300;N6224;N-6725;TR00000000005573454
nt6225;TL;749301;N6225;N-6726;TR00000000005573455
nt6226;TL;749302;N6226;N-6727;TR00000000005573456
nt6227;TL;749303;N6227;N-6728;TR00000000005573457
nt6228;TL;749304;N6228;N-6729;TR00000000005573458
nt6229;TL;749305;N6229;N-6730;TR00000000005573459
nt6230;TL;749306;N6230;N-6731;TR00000000005573460
nt6231;TL;749307;N6231;N-6732;TR00000000005573461
nt6232;TL;749308;N6232;N-6733;TR00000000005573462
nt6233;TL;749309;N6233;N-6734;TR00000000005573463
nt6234;TL;749310;N6234;N-6735;TR00000000005573464
nt6235;TL;749311;N6235;N-6736;TR00000000005573465
nt6236;TL;749312;N6236;N-6737;TR00000000005573466
nt6237;TL;749313;N6237;N-6738;TR00000000005573467
nt6238;TL;749314;N6238;N-6739;TR00000000005573468
nt6239;TL;749315;N6239;N-6740;TR00000000005573469
nt6240;TL;749316;N6240;N-6741;TR00000000005573470
nt6241;TL;749317;N6241;N-6742;TR00000000005573471
nt6242;TL;749318;N6242;N-6743;TR00000000005573472
nt6243;TL;749319;N6243;N-6744;TR00000000005573473
nt6244;TL;749320;N6244;N-6745;TR00000000005573474
nt6245;TL;749321;N6245;N-6746;TR00000000005573475
nt6246;TL;749322;N6246;N-6747;TR00000000005573476
nt6247;TL;749323;N6247;N-6748;TR00000000005573477
nt6248;TL;749324;N6248;N-6749;TR00000000005573478
nt6249;TL;749325;N6249;N-6750;TR00000000005573479
nt6250;TL;749326;N6250;N-6751;TR00000000005573480
nt6251;TL;749327;N6251;N-6752;TR00000000005573481
nt6252;TL;749328;N6252;N-6753;TR00000000005573482
nt6253;TL;749329;N6253;N-6754;TR00000000005573483
nt6254;TL;749330;N6254;N-6755;TR00000000005573484
nt6255;TL;749331;N6255;N-6756;TR00000000005573485
nt6256;TL;749332;N6256;N-6757;TR00000000005573486
nt6257;TL;749333;N6257;N-6758;TR00000000005573487
nt6258;TL;749334;N6258;N-6759;TR00000000005573488
nt6259;TL;749335;N6259;N-6760;TR00000000005573489
nt6260;TL;749336;N6260;N-6761;TR00000000005573490
nt6261;TL;749337;N6261;N-6762;TR00000000005573491
nt6262;TL;749338;N6262;N-6763;TR00000000005573492
nt6263;TL;749339;N6263;N-6764;TR00000000005573493
nt6264;TL;749340;N6264;N-6765;TR00000000005573494
nt6265;TL;749341;N6265;N-6766;TR00000000005573495
nt6266;TL;749342;N6266;N-6767;TR00000000005573496
nt6267;TL;749343;N6267;N-6768;TR00000000005573497
nt6268;TL;749344;N6268;N-6769;TR00000000005573498
nt6269;TL;749345;N6269;N-6770;TR00000000005573499
nt6270;TL;749346;N6270;N-6771;TR00000000005573500
nt6271;TL;749347;N6271;N-6772;TR00000000005573501
nt6272;TL;749348;N6272;N-6773;TR00000000005573502
nt6273;TL;749349;N6273;N-6774;TR00000000005573503
nt6274;TL;749350;N6274;N-6775;TR00000000005573504
nt6275;TL;749351;N6275;N-6776;TR00000000005573505
nt6276;TL;749352;N6276;N-6777;TR00000000005573506
nt6277;TL;749353;N6277;N-6778;TR00000000005573507
nt6278;TL;749354;N6278;N-6779;TR00000000005573508
nt6279;TL;749355;N6279;N-6780;TR00000000005573509
nt6280;TL;749356;N6280;N-6781;TR00000000005573510
nt6281;TL;749357;N6281;N-6782;TR00000000005573511
nt6282;TL;749358;N6282;N-6783;TR00000000005573512
nt6283;TL;749359;N6283;N-6784;TR00000000005573513
nt6284;TL;749360;N6284;N-6785;TR00000000005573514
nt6285;TL;749361;N6285;N-6786;TR00000000005573515
nt6286;TL;749362;N6286;N-6787;TR00000000005573516
nt6287;TL;749363;N6287;N-6788;TR00000000005573517
nt6288;TL;749364;N6288;N-6789;TR00000000005573518
nt6289;TL;749365;N6289;N-6790;TR00000000005573519
nt6290;TL;749366;N6290;N-6791;TR00000000005573520
nt6291;TL;749367;N6291;N-6792;TR00000000005573521
nt6292;TL;749368;N6292;N-6793;TR00000000005573522
nt6293;TL;749369;N6293;N-6794;TR00000000005573523
nt6294;TL;749370;N6294;N-6795;TR00000000005573524
nt6295;TL;749371;N6295;N-6796;TR00000000005573525
nt6296;TL;749372;N6296;N-6797;TR00000000005573526
nt6297;TL;749373;N6297;N-6798;TR00000000005573527
nt6298;TL;749374;N6298;N-6799;TR00000000005573528
nt6299;TL;749375;N6299;N-6800;TR00000000005573529
nt6300;TL;749376;N6300;N-6801;TR00000000005573530
nt6301;TL;749377;N6301;N-6802;TR00000000005573531
nt6302;TL;749378;N6302;N-6803;TR00000000005573532
nt6303;TL;749379;N6303;N-6804;TR00000000005573533
nt6304;TL;749380;N6304;N-6805;TR00000000005573534
nt6305;TL;749381;N6305;N-6806;TR00000000005573535
nt6306;TL;749382;N6306;N-6807;TR00000000005573536
nt6307;TL;749383;N6307;N-6808;TR00000000005573537
nt6308;TL;749384;N6308;N-6809;TR00000000005573538
nt6309;TL;749385;N6309;N-6810;TR00000000005573539
nt6310;TL;749386;N6310;N-6811;TR00000000005573540
nt6311;TL;749387;N6311;N-6812;TR00000000005573541
nt6312;TL;749388;N6312;N-6813;TR00000000005573542
nt6313;TL;749389;N6313;N-6814;TR00000000005573543
nt6314;TL;749390;N6314;N-6815;TR00000000005573544
nt6315;TL;749391;N6315;N-6816;TR00000000005573545
nt6316;TL;749392;N6316;N-6817;TR00000000005573546
nt6317;TL;749393;N6317;N-6818;TR00000000005573547
nt6318;TL;749394;N6318;N-6819;TR00000000005573548
nt6319;TL;749395;N6319;N-6820;TR00000000005573549
nt6320;TL;749396;N6320;N-6821;TR00000000005573550
nt6321;TL;749397;N6321;N-6822;TR00000000005573551
nt6322;TL;749398;N6322;N-6823;TR00000000005573552
nt6323;TL;749399;N6323;N-6824;TR00000000005573553
nt6324;TL;749400;N6324;N-6825;TR00000000005573554
nt6325;TL;749401;N6325;N-6826;TR00000000005573555
nt6326;TL;749402;N6326;N-6827;TR00000000005573556
nt6327;TL;749403;N6327;N-6828;TR00000000005573557
nt6328;TL;749404;N6328;N-6829;TR00000000005573558
nt6329;TL;749405;N6329;N-6830;TR00000000005573559
nt6330;TL;749406;N6330;N-6831;TR00000000005573560
nt6331;TL;749407;N6331;N-6832;TR00000000005573561
nt6332;TL;749408;N6332;N-6833;TR00000000005573562
nt6333;TL;749409;N6333;N-6834;TR00000000005573563
nt6334;TL;749410;N6334;N-6835;TR00000000005573564
nt6335;TL;749411;N6335;N-6836;TR00000000005573565
nt6336;TL;749412;N6336;N-6837;TR00000000005573566
nt6337;TL;749413;N6337;N-6838;TR00000000005573567
nt6338;TL;749414;N6338;N-6839;TR00000000005573568
nt6339;TL;749415;N6339;N-6840;TR00000000005573569
nt6340;TL;749416;N6340;N-6841;TR00000000005573570
nt6341;TL;749417;N6341;N-6842;TR00000000005573571
nt6342;TL;749418;N6342;N-6843;TR00000000005573572
nt6343;TL;749419;N6343;N-6844;TR00000000005573573
nt6344;TL;749420;N6344;N-6845;TR00000000005573574
nt6345;TL;749421;N6345;N-6846;TR00000000005573575
nt6346;TL;749422;N6346;N-6847;TR00000000005573576
nt6347;TL;749423;N6347;N-6848;TR00000000005573577
nt6348;TL;749424;N6348;N-6849;TR00000000005573578
nt6349;TL;749425;N6349;N-6850;TR00000000005573579
nt6350;TL;749426;N6350;N-6851;TR00000000005573580
nt6351;TL;749427;N6351;N-6852;TR00000000005573581
nt6352;TL;749428;N6352;N-6853;TR00000000005573582
nt6353;TL;749429;N6353;N-6854;TR00000000005573583
nt6354;TL;749430;N6354;N-6855;TR00000000005573584
nt6355;TL;749431;N6355;N-6856;TR00000000005573585
nt6356;TL;749432;N6356;N-6857;TR00000000005573586
nt6357;TL;749433;N6357;N-6858;TR00000000005573587
nt6358;TL;749434;N6358;N-6859;TR00000000005573588
nt6359;TL;749435;N6359;N-6860;TR00000000005573589
nt6360;TL;749436;N6360;N-6861;TR00000000005573590
nt6361;TL;749437;N6361;N-6862;TR00000000005573591
nt6362;TL;749438;N6362;N-6863;TR00000000005573592
nt6363;TL;749439;N6363;N-6864;TR00000000005573593
nt6364;TL;749440;N6364;N-6865;TR00000000005573594
nt6365;TL;749441;N6365;N-6866;TR00000000005573595
nt6366;TL;749442;N6366;N-6867;TR00000000005573596
nt6367;TL;749443;N6367;N-6868;TR00000000005573597
nt6368;TL;749444;N6368;N-6869;TR00000000005573598
nt6369;TL;749445;N6369;N-6870;TR00000000005573599
nt6370;TL;749446;N6370;N-6871;TR00000000005573600
nt6371;TL;749447;N6371;N-6872;TR00000000005573601
nt6372;TL;749448;N6372;N-6873;TR00000000005573602
nt6373;TL;749449;N6373;N-6874;TR00000000005573603
nt6374;TL;749450;N6374;N-6875;TR00000000005573604
nt6375;TL;749451;N6375;N-6876;TR00000000005573605
nt6376;TL;749452;N6376;N-6877;TR00000000005573606
nt6377;TL;749453;N6377;N-6878;TR00000000005573607
nt6378;TL;749454;N6378;N-6879;TR00000000005573608
nt6379;TL;749455;N6379;N-6880;TR00000000005573609
nt6380;TL;749456;N6380;N-6881;TR00000000005573610
nt6381;TL;749457;N6381;N-6882;TR00000000005573611
nt6382;TL;749458;N6382;N-6883;TR00000000005573612
nt6383;TL;749459;N6383;N-6884;TR00000000005573613
nt6384;TL;749460;N6384;N-6885;TR00000000005573614
nt6385;TL;749461;N6385;N-6886;TR00000000005573615
nt6386;TL;749462;N6386;N-6887;TR00000000005573616
nt6387;TL;749463;N6387;N-6888;TR00000000005573617
nt6388;TL;749464;N6388;N-6889;TR00000000005573618
nt6389;TL;749465;N6389;N-6890;TR00000000005573619
nt6390;TL;749466;N6390;N-6891;TR00000000005573620
nt6391;TL;749467;N6391;N-6892;TR00000000005573621
nt6392;TL;749468;N6392;N-6893;TR00000000005573622
nt6393;TL;749469;N6393;N-6894;TR00000000005573623
nt6394;TL;749470;N6394;N-6895;TR00000000005573624
nt6395;TL;749471;N6395;N-6896;TR00000000005573625
nt6396;TL;749472;N6396;N-6897;TR00000000005573626
nt6397;TL;749473;N6397;N-6898;TR00000000005573627
nt6398;TL;749474;N6398;N-6899;TR00000000005573628
nt6399;TL;749475;N6399;N-6900;TR00000000005573629
nt6400;TL;749476;N6400;N-6901;TR00000000005573630
nt6401;TL;749477;N6401;N-6902;TR00000000005573631
nt6402;TL;749478;N6402;N-6903;TR00000000005573632
nt6403;TL;749479;N6403;N-6904;TR00000000005573633
nt6404;TL;749480;N6404;N-6905;TR00000000005573634
nt6405;TL;749481;N6405;N-6906;TR00000000005573635
nt6406;TL;749482;N6406;N-6907;TR00000000005573636
nt6407;TL;749483;N6407;N-6908;TR00000000005573637
nt6408;TL;749484;N6408;N-6909;TR00000000005573638
nt6409;TL;749485;N6409;N-6910;TR00000000005573639
nt6410;TL;749486;N6410;N-6911;TR00000000005573640
nt6411;TL;749487;N6411;N-6912;TR00000000005573641
nt6412;TL;749488;N6412;N-6913;TR00000000005573642
nt6413;TL;749489;N6413;N-6914;TR00000000005573643
nt6414;TL;749490;N6414;N-6915;TR00000000005573644
nt6415;TL;749491;N6415;N-6916;TR00000000005573645
nt6416;TL;749492;N6416;N-6917;TR00000000005573646
nt6417;TL;749493;N6417;N-6918;TR00000000005573647
nt6418;TL;749494;N6418;N-6919;TR00000000005573648
nt6419;TL;749495;N6419;N-6920;TR00000000005573649
nt6420;TL;749496;N6420;N-6921;TR00000000005573650
nt6421;TL;749497;N6421;N-6922;TR00000000005573651
nt6422;TL;749498;N6422;N-6923;TR00000000005573652
nt6423;TL;749499;N6423;N-6924;TR00000000005573653
nt6424;TL;749500;N6424;N-6925;TR00000000005573654
nt6425;TL;749501;N6425;N-6926;TR00000000005573655
nt6426;TL;749502;N6426;N-6927;TR00000000005573656
nt6427;TL;749503;N6427;N-6928;TR00000000005573657
nt6428;TL;749504;N6428;N-6929;TR00000000005573658
nt6429;TL;749505;N6429;N-6930;TR00000000005573659
nt6430;TL;749506;N6430;N-6931;TR00000000005573660
nt6431;TL;749507;N6431;N-6932;TR00000000005573661
nt6432;TL;749508;N6432;N-6933;TR00000000005573662
nt6433;TL;749509;N6433;N-6934;TR00000000005573663
nt6434;TL;749510;N6434;N-6935;TR00000000005573664
nt6435;TL;749511;N6435;N-6936;TR00000000005573665
nt6436;TL;749512;N6436;N-6937;TR00000000005573666
nt6437;TL;749513;N6437;N-6938;TR00000000005573667
nt6438;TL;749514;N6438;N-6939;TR00000000005573668
nt6439;TL;749515;N6439;N-6940;TR00000000005573669
nt6440;TL;749516;N6440;N-6941;TR00000000005573670
nt6441;TL;749517;N6441;N-6942;TR00000000005573671
nt6442;TL;749518;N6442;N-6943;TR00000000005573672
nt6443;TL;749519;N6443;N-6944;TR00000000005573673
nt6444;TL;749520;N6444;N-6945;TR00000000005573674
nt6445;TL;749521;N6445;N-6946;TR00000000005573675
nt6446;TL;749522;N6446;N-6947;TR00000000005573676
nt6447;TL;749523;N6447;N-6948;TR00000000005573677
nt6448;TL;749524;N6448;N-6949;TR00000000005573678
nt6449;TL;749525;N6449;N-6950;TR00000000005573679
nt6450;TL;749526;N6450;N-6951;TR00000000005573680
nt6451;TL;749527;N6451;N-6952;TR00000000005573681
nt6452;TL;749528;N6452;N-6953;TR00000000005573682
nt6453;TL;749529;N6453;N-6954;TR00000000005573683
nt6454;TL;749530;N6454;N-6955;TR00000000005573684
nt6455;TL;749531;N6455;N-6956;TR00000000005573685
nt6456;TL;749532;N6456;N-6957;TR00000000005573686
nt6457;TL;749533;N6457;N-6958;TR00000000005573687
nt6458;TL;749534;N6458;N-6959;TR00000000005573688
nt6459;TL;749535;N6459;N-6960;TR00000000005573689
nt6460;TL;749536;N6460;N-6961;TR00000000005573690
nt6461;TL;749537;N6461;N-6962;TR00000000005573691
nt6462;TL;749538;N6462;N-6963;TR00000000005573692
nt6463;TL;749539;N6463;N-6964;TR00000000005573693
nt6464;TL;749540;N6464;N-6965;TR00000000005573694
nt6465;TL;749541;N6465;N-6966;TR00000000005573695
nt6466;TL;749542;N6466;N-6967;TR00000000005573696
nt6467;TL;749543;N6467;N-6968;TR00000000005573697
nt6468;TL;749544;N6468;N-6969;TR00000000005573698
nt6469;TL;749545;N6469;N-6970;TR00000000005573699
nt6470;TL;749546;N6470;N-6971;TR00000000005573700
nt6471;TL;749547;N6471;N-6972;TR00000000005573701
nt6472;TL;749548;N6472;N-6973;TR00000000005573702
nt6473;TL;749549;N6473;N-6974;TR00000000005573703
nt6474;TL;749550;N6474;N-6975;TR00000000005573704
nt6475;TL;749551;N6475;N-6976;TR00000000005573705
nt6476;TL;749552;N6476;N-6977;TR00000000005573706
nt6477;TL;749553;N6477;N-6978;TR00000000005573707
nt6478;TL;749554;N6478;N-6979;TR00000000005573708
nt6479;TL;749555;N6479;N-6980;TR00000000005573709
nt6480;TL;749556;N6480;N-6981;TR00000000005573710
nt6481;TL;749557;N6481;N-6982;TR00000000005573711
nt6482;TL;749558;N6482;N-6983;TR00000000005573712
nt6483;TL;749559;N6483;N-6984;TR00000000005573713
nt6484;TL;749560;N6484;N-6985;TR00000000005573714
nt6485;TL;749561;N6485;N-6986;TR00000000005573715
nt6486;TL;749562;N6486;N-6987;TR00000000005573716
nt6487;TL;749563;N6487;N-6988;TR00000000005573717
nt6488;TL;749564;N6488;N-6989;TR00000000005573718
nt6489;TL;749565;N6489;N-6990;TR00000000005573719
nt6490;TL;749566;N6490;N-6991;TR00000000005573720
nt6491;TL;749567;N6491;N-6992;TR00000000005573721
nt6492;TL;749568;N6492;N-6993;TR00000000005573722
nt6493;TL;749569;N6493;N-6994;TR00000000005573723
nt6494;TL;749570;N6494;N-6995;TR00000000005573724
nt6495;TL;749571;N6495;N-6996;TR00000000005573725
nt6496;TL;749572;N6496;N-6997;TR00000000005573726
nt6497;TL;749573;N6497;N-6998;TR00000000005573727
nt6498;TL;749574;N6498;N-6999;TR00000000005573728
nt6499;TL;749575;N6499;N-7000;TR00000000005573729
nt6500;TL;749576;N6500;N-7001;TR00000000005573730
nt6501;TL;749577;N6501;N-7002;TR00000000005573731
nt6502;TL;749578;N6502;N-7003;TR00000000005573732
nt6503;TL;749579;N6503;N-7004;TR00000000005573733
nt6504;TL;749580;N6504;N-7005;TR00000000005573734
nt6505;TL;749581;N6505;N-7006;TR00000000005573735
nt6506;TL;749582;N6506;N-7007;TR00000000005573736
nt6507;TL;749583;N6507;N-7008;TR00000000005573737
nt6508;TL;749584;N6508;N-7009;TR00000000005573738
nt6509;TL;749585;N6509;N-7010;TR00000000005573739
nt6510;TL;749586;N6510;N-7011;TR00000000005573740
nt6511;TL;749587;N6511;N-7012;TR00000000005573741
nt6512;TL;749588;N6512;N-7013;TR00000000005573742
nt6513;TL;749589;N6513;N-7014;TR00000000005573743
nt6514;TL;749590;N6514;N-7015;TR00000000005573744
nt6515;TL;749591;N6515;N-7016;TR00000000005573745
nt6516;TL;749592;N6516;N-7017;TR00000000005573746
nt6517;TL;749593;N6517;N-7018;TR00000000005573747
nt6518;TL;749594;N6518;N-7019;TR00000000005573748
nt6519;TL;749595;N6519;N-7020;TR00000000005573749
nt6520;TL;749596;N6520;N-7021;TR00000000005573750
nt6521;TL;749597;N6521;N-7022;TR00000000005573751
nt6522;TL;749598;N6522;N-7023;TR00000000005573752
nt6523;TL;749599;N6523;N-7024;TR00000000005573753
nt6524;TL;749600;N6524;N-7025;TR00000000005573754
nt6525;TL;749601;N6525;N-7026;TR00000000005573755
nt6526;TL;749602;N6526;N-7027;TR00000000005573756
nt6527;TL;749603;N6527;N-7028;TR00000000005573757
nt6528;TL;749604;N6528;N-7029;TR00000000005573758
nt6529;TL;749605;N6529;N-7030;TR00000000005573759
nt6530;TL;749606;N6530;N-7031;TR00000000005573760
nt6531;TL;749607;N6531;N-7032;TR00000000005573761
nt6532;TL;749608;N6532;N-7033;TR00000000005573762
nt6533;TL;749609;N6533;N-7034;TR00000000005573763
nt6534;TL;749610;N6534;N-7035;TR00000000005573764
nt6535;TL;749611;N6535;N-7036;TR00000000005573765
nt6536;TL;749612;N6536;N-7037;TR00000000005573766
nt6537;TL;749613;N6537;N-7038;TR00000000005573767
nt6538;TL;749614;N6538;N-7039;TR00000000005573768
nt6539;TL;749615;N6539;N-7040;TR00000000005573769
nt6540;TL;749616;N6540;N-7041;TR00000000005573770
nt6541;TL;749617;N6541;N-7042;TR00000000005573771
nt6542;TL;749618;N6542;N-7043;TR00000000005573772
nt6543;TL;749619;N6543;N-7044;TR00000000005573773
nt6544;TL;749620;N6544;N-7045;TR00000000005573774
nt6545;TL;749621;N6545;N-7046;TR00000000005573775
nt6546;TL;749622;N6546;N-7047;TR00000000005573776
nt6547;TL;749623;N6547;N-7048;TR00000000005573777
nt6548;TL;749624;N6548;N-7049;TR00000000005573778
nt6549;TL;749625;N6549;N-7050;TR00000000005573779
nt6550;TL;749626;N6550;N-7051;TR00000000005573780
nt6551;TL;749627;N6551;N-7052;TR00000000005573781
nt6552;TL;749628;N6552;N-7053;TR00000000005573782
nt6553;TL;749629;N6553;N-7054;TR00000000005573783
nt6554;TL;749630;N6554;N-7055;TR00000000005573784
nt6555;TL;749631;N6555;N-7056;TR00000000005573785
nt6556;TL;749632;N6556;N-7057;TR00000000005573786
nt6557;TL;749633;N6557;N-7058;TR00000000005573787
nt6558;TL;749634;N6558;N-7059;TR00000000005573788
nt6559;TL;749635;N6559;N-7060;TR00000000005573789
nt6560;TL;749636;N6560;N-7061;TR00000000005573790
nt6561;TL;749637;N6561;N-7062;TR00000000005573791
nt6562;TL;749638;N6562;N-7063;TR00000000005573792
nt6563;TL;749639;N6563;N-7064;TR00000000005573793
nt6564;TL;749640;N6564;N-7065;TR00000000005573794
nt6565;TL;749641;N6565;N-7066;TR00000000005573795
nt6566;TL;749642;N6566;N-7067;TR00000000005573796
nt6567;TL;749643;N6567;N-7068;TR00000000005573797
nt6568;TL;749644;N6568;N-7069;TR00000000005573798
nt6569;TL;749645;N6569;N-7070;TR00000000005573799
nt6570;TL;749646;N6570;N-7071;TR00000000005573800
nt6571;TL;749647;N6571;N-7072;TR00000000005573801
nt6572;TL;749648;N6572;N-7073;TR00000000005573802
nt6573;TL;749649;N6573;N-7074;TR00000000005573803
nt6574;TL;749650;N6574;N-7075;TR00000000005573804
nt6575;TL;749651;N6575;N-7076;TR00000000005573805
nt6576;TL;749652;N6576;N-7077;TR00000000005573806
nt6577;TL;749653;N6577;N-7078;TR00000000005573807
nt6578;TL;749654;N6578;N-7079;TR00000000005573808
nt6579;TL;749655;N6579;N-7080;TR00000000005573809
nt6580;TL;749656;N6580;N-7081;TR00000000005573810
nt6581;TL;749657;N6581;N-7082;TR00000000005573811
nt6582;TL;749658;N6582;N-7083;TR00000000005573812
nt6583;TL;749659;N6583;N-7084;TR00000000005573813
nt6584;TL;749660;N6584;N-7085;TR00000000005573814
nt6585;TL;749661;N6585;N-7086;TR00000000005573815
nt6586;TL;749662;N6586;N-7087;TR00000000005573816
nt6587;TL;749663;N6587;N-7088;TR00000000005573817
nt6588;TL;749664;N6588;N-7089;TR00000000005573818
nt6589;TL;749665;N6589;N-7090;TR00000000005573819
nt6590;TL;749666;N6590;N-7091;TR00000000005573820
nt6591;TL;749667;N6591;N-7092;TR00000000005573821
nt6592;TL;749668;N6592;N-7093;TR00000000005573822
nt6593;TL;749669;N6593;N-7094;TR00000000005573823
nt6594;TL;749670;N6594;N-7095;TR00000000005573824
nt6595;TL;749671;N6595;N-7096;TR00000000005573825
nt6596;TL;749672;N6596;N-7097;TR00000000005573826
nt6597;TL;749673;N6597;N-7098;TR00000000005573827
nt6598;TL;749674;N6598;N-7099;TR00000000005573828
nt6599;TL;749675;N6599;N-7100;TR00000000005573829
nt6600;TL;749676;N6600;N-7101;TR00000000005573830
nt6601;TL;749677;N6601;N-7102;TR00000000005573831
nt6602;TL;749678;N6602;N-7103;TR00000000005573832
nt6603;TL;749679;N6603;N-7104;TR00000000005573833
nt6604;TL;749680;N6604;N-7105;TR00000000005573834
nt6605;TL;749681;N6605;N-7106;TR00000000005573835
nt6606;TL;749682;N6606;N-7107;TR00000000005573836
nt6607;TL;749683;N6607;N-7108;TR00000000005573837
nt6608;TL;749684;N6608;N-7109;TR00000000005573838
nt6609;TL;749685;N6609;N-7110;TR00000000005573839
nt6610;TL;749686;N6610;N-7111;TR00000000005573840
nt6611;TL;749687;N6611;N-7112;TR00000000005573841
nt6612;TL;749688;N6612;N-7113;TR00000000005573842
nt6613;TL;749689;N6613;N-7114;TR00000000005573843
nt6614;TL;749690;N6614;N-7115;TR00000000005573844
nt6615;TL;749691;N6615;N-7116;TR00000000005573845
nt6616;TL;749692;N6616;N-7117;TR00000000005573846
nt6617;TL;749693;N6617;N-7118;TR00000000005573847
nt6618;TL;749694;N6618;N-7119;TR00000000005573848
nt6619;TL;749695;N6619;N-7120;TR00000000005573849
nt6620;TL;749696;N6620;N-7121;TR00000000005573850
nt6621;TL;749697;N6621;N-7122;TR00000000005573851
nt6622;TL;749698;N6622;N-7123;TR00000000005573852
nt6623;TL;749699;N6623;N-7124;TR00000000005573853
nt6624;TL;749700;N6624;N-7125;TR00000000005573854
nt6625;TL;749701;N6625;N-7126;TR00000000005573855
nt6626;TL;749702;N6626;N-7127;TR00000000005573856
nt6627;TL;749703;N6627;N-7128;TR00000000005573857
nt6628;TL;749704;N6628;N-7129;TR00000000005573858
nt6629;TL;749705;N6629;N-7130;TR00000000005573859
nt6630;TL;749706;N6630;N-7131;TR00000000005573860
nt6631;TL;749707;N6631;N-7132;TR00000000005573861
nt6632;TL;749708;N6632;N-7133;TR00000000005573862
nt6633;TL;749709;N6633;N-7134;TR00000000005573863
nt6634;TL;749710;N6634;N-7135;TR00000000005573864
nt6635;TL;749711;N6635;N-7136;TR00000000005573865
nt6636;TL;749712;N6636;N-7137;TR00000000005573866
nt6637;TL;749713;N6637;N-7138;TR00000000005573867
nt6638;TL;749714;N6638;N-7139;TR00000000005573868
nt6639;TL;749715;N6639;N-7140;TR00000000005573869
nt6640;TL;749716;N6640;N-7141;TR00000000005573870
nt6641;TL;749717;N6641;N-7142;TR00000000005573871
nt6642;TL;749718;N6642;N-7143;TR00000000005573872
nt6643;TL;749719;N6643;N-7144;TR00000000005573873
nt6644;TL;749720;N6644;N-7145;TR00000000005573874
nt6645;TL;749721;N6645;N-7146;TR00000000005573875
nt6646;TL;749722;N6646;N-7147;TR00000000005573876
nt6647;TL;749723;N6647;N-7148;TR00000000005573877
nt6648;TL;749724;N6648;N-7149;TR00000000005573878
nt6649;TL;749725;N6649;N-7150;TR00000000005573879
nt6650;TL;749726;N6650;N-7151;TR00000000005573880
nt6651;TL;749727;N6651;N-7152;TR00000000005573881
nt6652;TL;749728;N6652;N-7153;TR00000000005573882
nt6653;TL;749729;N6653;N-7154;TR00000000005573883
nt6654;TL;749730;N6654;N-7155;TR00000000005573884
nt6655;TL;749731;N6655;N-7156;TR00000000005573885
nt6656;TL;749732;N6656;N-7157;TR00000000005573886
nt6657;TL;749733;N6657;N-7158;TR00000000005573887
nt6658;TL;749734;N6658;N-7159;TR00000000005573888
nt6659;TL;749735;N6659;N-7160;TR00000000005573889
nt6660;TL;749736;N6660;N-7161;TR00000000005573890
nt6661;TL;749737;N6661;N-7162;TR00000000005573891
nt6662;TL;749738;N6662;N-7163;TR00000000005573892
nt6663;TL;749739;N6663;N-7164;TR00000000005573893
nt6664;TL;749740;N6664;N-7165;TR00000000005573894
nt6665;TL;749741;N6665;N-7166;TR00000000005573895
nt6666;TL;749742;N6666;N-7167;TR00000000005573896
nt6667;TL;749743;N6667;N-7168;TR00000000005573897
nt6668;TL;749744;N6668;N-7169;TR00000000005573898
nt6669;TL;749745;N6669;N-7170;TR00000000005573899
nt6670;TL;749746;N6670;N-7171;TR00000000005573900
nt6671;TL;749747;N6671;N-7172;TR00000000005573901
nt6672;TL;749748;N6672;N-7173;TR00000000005573902
nt6673;TL;749749;N6673;N-7174;TR00000000005573903
nt6674;TL;749750;N6674;N-7175;TR00000000005573904
nt6675;TL;749751;N6675;N-7176;TR00000000005573905
nt6676;TL;749752;N6676;N-7177;TR00000000005573906
nt6677;TL;749753;N6677;N-7178;TR00000000005573907
nt6678;TL;749754;N6678;N-7179;TR00000000005573908
nt6679;TL;749755;N6679;N-7180;TR00000000005573909
nt6680;TL;749756;N6680;N-7181;TR00000000005573910
nt6681;TL;749757;N6681;N-7182;TR00000000005573911
nt6682;TL;749758;N6682;N-7183;TR00000000005573912
nt6683;TL;749759;N6683;N-7184;TR00000000005573913
nt6684;TL;749760;N6684;N-7185;TR00000000005573914
nt6685;TL;749761;N6685;N-7186;TR00000000005573915
nt6686;TL;749762;N6686;N-7187;TR00000000005573916
nt6687;TL;749763;N6687;N-7188;TR00000000005573917
nt6688;TL;749764;N6688;N-7189;TR00000000005573918
nt6689;TL;749765;N6689;N-7190;TR00000000005573919
nt6690;TL;749766;N6690;N-7191;TR00000000005573920
nt6691;TL;749767;N6691;N-7192;TR00000000005573921
nt6692;TL;749768;N6692;N-7193;TR00000000005573922
nt6693;TL;749769;N6693;N-7194;TR00000000005573923
nt6694;TL;749770;N6694;N-7195;TR00000000005573924
nt6695;TL;749771;N6695;N-7196;TR00000000005573925
nt6696;TL;749772;N6696;N-7197;TR00000000005573926
nt6697;TL;749773;N6697;N-7198;TR00000000005573927
nt6698;TL;749774;N6698;N-7199;TR00000000005573928
nt6699;TL;749775;N6699;N-7200;TR00000000005573929
nt6700;TL;749776;N6700;N-7201;TR00000000005573930
nt6701;TL;749777;N6701;N-7202;TR00000000005573931
nt6702;TL;749778;N6702;N-7203;TR00000000005573932
nt6703;TL;749779;N6703;N-7204;TR00000000005573933
nt6704;TL;749780;N6704;N-7205;TR00000000005573934
nt6705;TL;749781;N6705;N-7206;TR00000000005573935
nt6706;TL;749782;N6706;N-7207;TR00000000005573936
nt6707;TL;749783;N6707;N-7208;TR00000000005573937
nt6708;TL;749784;N6708;N-7209;TR00000000005573938
nt6709;TL;749785;N6709;N-7210;TR00000000005573939
nt6710;TL;749786;N6710;N-7211;TR00000000005573940
nt6711;TL;749787;N6711;N-7212;TR00000000005573941
nt6712;TL;749788;N6712;N-7213;TR00000000005573942
nt6713;TL;749789;N6713;N-7214;TR00000000005573943
nt6714;TL;749790;N6714;N-7215;TR00000000005573944
nt6715;TL;749791;N6715;N-7216;TR00000000005573945
nt6716;TL;749792;N6716;N-7217;TR00000000005573946
nt6717;TL;749793;N6717;N-7218;TR00000000005573947
nt6718;TL;749794;N6718;N-7219;TR00000000005573948
nt6719;TL;749795;N6719;N-7220;TR00000000005573949
nt6720;TL;749796;N6720;N-7221;TR00000000005573950
nt6721;TL;749797;N6721;N-7222;TR00000000005573951
nt6722;TL;749798;N6722;N-7223;TR00000000005573952
nt6723;TL;749799;N6723;N-7224;TR00000000005573953
nt6724;TL;749800;N6724;N-7225;TR00000000005573954
nt6725;TL;749801;N6725;N-7226;TR00000000005573955
nt6726;TL;749802;N6726;N-7227;TR00000000005573956
nt6727;TL;749803;N6727;N-7228;TR00000000005573957
nt6728;TL;749804;N6728;N-7229;TR00000000005573958
nt6729;TL;749805;N6729;N-7230;TR00000000005573959
nt6730;TL;749806;N6730;N-7231;TR00000000005573960
nt6731;TL;749807;N6731;N-7232;TR00000000005573961
nt6732;TL;749808;N6732;N-7233;TR00000000005573962
nt6733;TL;749809;N6733;N-7234;TR00000000005573963
nt6734;TL;749810;N6734;N-7235;TR00000000005573964
nt6735;TL;749811;N6735;N-7236;TR00000000005573965
nt6736;TL;749812;N6736;N-7237;TR00000000005573966
nt6737;TL;749813;N6737;N-7238;TR00000000005573967
nt6738;TL;749814;N6738;N-7239;TR00000000005573968
nt6739;TL;749815;N6739;N-7240;TR00000000005573969
nt6740;TL;749816;N6740;N-7241;TR00000000005573970
nt6741;TL;749817;N6741;N-7242;TR00000000005573971
nt6742;TL;749818;N6742;N-7243;TR00000000005573972
nt6743;TL;749819;N6743;N-7244;TR00000000005573973
nt6744;TL;749820;N6744;N-7245;TR00000000005573974
nt6745;TL;749821;N6745;N-7246;TR00000000005573975
nt6746;TL;749822;N6746;N-7247;TR00000000005573976
nt6747;TL;749823;N6747;N-7248;TR00000000005573977
nt6748;TL;749824;N6748;N-7249;TR00000000005573978
nt6749;TL;749825;N6749;N-7250;TR00000000005573979
nt6750;TL;749826;N6750;N-7251;TR00000000005573980
nt6751;TL;749827;N6751;N-7252;TR00000000005573981
nt6752;TL;749828;N6752;N-7253;TR00000000005573982
nt6753;TL;749829;N6753;N-7254;TR00000000005573983
nt6754;TL;749830;N6754;N-7255;TR00000000005573984
nt6755;TL;749831;N6755;N-7256;TR00000000005573985
nt6756;TL;749832;N6756;N-7257;TR00000000005573986
nt6757;TL;749833;N6757;N-7258;TR00000000005573987
nt6758;TL;749834;N6758;N-7259;TR00000000005573988
nt6759;TL;749835;N6759;N-7260;TR00000000005573989
nt6760;TL;749836;N6760;N-7261;TR00000000005573990
nt6761;TL;749837;N6761;N-7262;TR00000000005573991
nt6762;TL;749838;N6762;N-7263;TR00000000005573992
nt6763;TL;749839;N6763;N-7264;TR00000000005573993
nt6764;TL;749840;N6764;N-7265;TR00000000005573994
nt6765;TL;749841;N6765;N-7266;TR00000000005573995
nt6766;TL;749842;N6766;N-7267;TR00000000005573996
nt6767;TL;749843;N6767;N-7268;TR00000000005573997
nt6768;TL;749844;N6768;N-7269;TR00000000005573998
nt6769;TL;749845;N6769;N-7270;TR00000000005573999
nt6770;TL;749846;N6770;N-7271;TR00000000005574000
nt6771;TL;749847;N6771;N-7272;TR00000000005574001
nt6772;TL;749848;N6772;N-7273;TR00000000005574002
nt6773;TL;749849;N6773;N-7274;TR00000000005574003
nt6774;TL;749850;N6774;N-7275;TR00000000005574004
nt6775;TL;749851;N6775;N-7276;TR00000000005574005
nt6776;TL;749852;N6776;N-7277;TR00000000005574006
nt6777;TL;749853;N6777;N-7278;TR00000000005574007
nt6778;TL;749854;N6778;N-7279;TR00000000005574008
nt6779;TL;749855;N6779;N-7280;TR00000000005574009
nt6780;TL;749856;N6780;N-7281;TR00000000005574010
nt6781;TL;749857;N6781;N-7282;TR00000000005574011
nt6782;TL;749858;N6782;N-7283;TR00000000005574012
nt6783;TL;749859;N6783;N-7284;TR00000000005574013
nt6784;TL;749860;N6784;N-7285;TR00000000005574014
nt6785;TL;749861;N6785;N-7286;TR00000000005574015
nt6786;TL;749862;N6786;N-7287;TR00000000005574016
nt6787;TL;749863;N6787;N-7288;TR00000000005574017
nt6788;TL;749864;N6788;N-7289;TR00000000005574018
nt6789;TL;749865;N6789;N-7290;TR00000000005574019
nt6790;TL;749866;N6790;N-7291;TR00000000005574020
nt6791;TL;749867;N6791;N-7292;TR00000000005574021
nt6792;TL;749868;N6792;N-7293;TR00000000005574022
nt6793;TL;749869;N6793;N-7294;TR00000000005574023
nt6794;TL;749870;N6794;N-7295;TR00000000005574024
nt6795;TL;749871;N6795;N-7296;TR00000000005574025
nt6796;TL;749872;N6796;N-7297;TR00000000005574026
nt6797;TL;749873;N6797;N-7298;TR00000000005574027
nt6798;TL;749874;N6798;N-7299;TR00000000005574028
nt6799;TL;749875;N6799;N-7300;TR00000000005574029
nt6800;TL;749876;N6800;N-7301;TR00000000005574030
nt6801;TL;749877;N6801;N-7302;TR00000000005574031
nt6802;TL;749878;N6802;N-7303;TR00000000005574032
nt6803;TL;749879;N6803;N-7304;TR00000000005574033
nt6804;TL;749880;N6804;N-7305;TR00000000005574034
nt6805;TL;749881;N6805;N-7306;TR00000000005574035
nt6806;TL;749882;N6806;N-7307;TR00000000005574036
nt6807;TL;749883;N6807;N-7308;TR00000000005574037
nt6808;TL;749884;N6808;N-7309;TR00000000005574038
nt6809;TL;749885;N6809;N-7310;TR00000000005574039
nt6810;TL;749886;N6810;N-7311;TR00000000005574040
nt6811;TL;749887;N6811;N-7312;TR00000000005574041
nt6812;TL;749888;N6812;N-7313;TR00000000005574042
nt6813;TL;749889;N6813;N-7314;TR00000000005574043
nt6814;TL;749890;N6814;N-7315;TR00000000005574044
nt6815;TL;749891;N6815;N-7316;TR00000000005574045
nt6816;TL;749892;N6816;N-7317;TR00000000005574046
nt6817;TL;749893;N6817;N-7318;TR00000000005574047
nt6818;TL;749894;N6818;N-7319;TR00000000005574048
nt6819;TL;749895;N6819;N-7320;TR00000000005574049
nt6820;TL;749896;N6820;N-7321;TR00000000005574050
nt6821;TL;749897;N6821;N-7322;TR00000000005574051
nt6822;TL;749898;N6822;N-7323;TR00000000005574052
nt6823;TL;749899;N6823;N-7324;TR00000000005574053
nt6824;TL;749900;N6824;N-7325;TR00000000005574054
nt6825;TL;749901;N6825;N-7326;TR00000000005574055
nt6826;TL;749902;N6826;N-7327;TR00000000005574056
nt6827;TL;749903;N6827;N-7328;TR00000000005574057
nt6828;TL;749904;N6828;N-7329;TR00000000005574058
nt6829;TL;749905;N6829;N-7330;TR00000000005574059
nt6830;TL;749906;N6830;N-7331;TR00000000005574060
nt6831;TL;749907;N6831;N-7332;TR00000000005574061
nt6832;TL;749908;N6832;N-7333;TR00000000005574062
nt6833;TL;749909;N6833;N-7334;TR00000000005574063
nt6834;TL;749910;N6834;N-7335;TR00000000005574064
nt6835;TL;749911;N6835;N-7336;TR00000000005574065
nt6836;TL;749912;N6836;N-7337;TR00000000005574066
nt6837;TL;749913;N6837;N-7338;TR00000000005574067
nt6838;TL;749914;N6838;N-7339;TR00000000005574068
nt6839;TL;749915;N6839;N-7340;TR00000000005574069
nt6840;TL;749916;N6840;N-7341;TR00000000005574070
nt6841;TL;749917;N6841;N-7342;TR00000000005574071
nt6842;TL;749918;N6842;N-7343;TR00000000005574072
nt6843;TL;749919;N6843;N-7344;TR00000000005574073
nt6844;TL;749920;N6844;N-7345;TR00000000005574074
nt6845;TL;749921;N6845;N-7346;TR00000000005574075
nt6846;TL;749922;N6846;N-7347;TR00000000005574076
nt6847;TL;749923;N6847;N-7348;TR00000000005574077
nt6848;TL;749924;N6848;N-7349;TR00000000005574078
nt6849;TL;749925;N6849;N-7350;TR00000000005574079
nt6850;TL;749926;N6850;N-7351;TR00000000005574080
nt6851;TL;749927;N6851;N-7352;TR00000000005574081
nt6852;TL;749928;N6852;N-7353;TR00000000005574082
nt6853;TL;749929;N6853;N-7354;TR00000000005574083
nt6854;TL;749930;N6854;N-7355;TR00000000005574084
nt6855;TL;749931;N6855;N-7356;TR00000000005574085
nt6856;TL;749932;N6856;N-7357;TR00000000005574086
nt6857;TL;749933;N6857;N-7358;TR00000000005574087
nt6858;TL;749934;N6858;N-7359;TR00000000005574088
nt6859;TL;749935;N6859;N-7360;TR00000000005574089
nt6860;TL;749936;N6860;N-7361;TR00000000005574090
nt6861;TL;749937;N6861;N-7362;TR00000000005574091
nt6862;TL;749938;N6862;N-7363;TR00000000005574092
nt6863;TL;749939;N6863;N-7364;TR00000000005574093
nt6864;TL;749940;N6864;N-7365;TR00000000005574094
nt6865;TL;749941;N6865;N-7366;TR00000000005574095
nt6866;TL;749942;N6866;N-7367;TR00000000005574096
nt6867;TL;749943;N6867;N-7368;TR00000000005574097
nt6868;TL;749944;N6868;N-7369;TR00000000005574098
nt6869;TL;749945;N6869;N-7370;TR00000000005574099
nt6870;TL;749946;N6870;N-7371;TR00000000005574100
nt6871;TL;749947;N6871;N-7372;TR00000000005574101
nt6872;TL;749948;N6872;N-7373;TR00000000005574102
nt6873;TL;749949;N6873;N-7374;TR00000000005574103
nt6874;TL;749950;N6874;N-7375;TR00000000005574104
nt6875;TL;749951;N6875;N-7376;TR00000000005574105
nt6876;TL;749952;N6876;N-7377;TR00000000005574106
nt6877;TL;749953;N6877;N-7378;TR00000000005574107
nt6878;TL;749954;N6878;N-7379;TR00000000005574108
nt6879;TL;749955;N6879;N-7380;TR00000000005574109
nt6880;TL;749956;N6880;N-7381;TR00000000005574110
nt6881;TL;749957;N6881;N-7382;TR00000000005574111
nt6882;TL;749958;N6882;N-7383;TR00000000005574112
nt6883;TL;749959;N6883;N-7384;TR00000000005574113
nt6884;TL;749960;N6884;N-7385;TR00000000005574114
nt6885;TL;749961;N6885;N-7386;TR00000000005574115
nt6886;TL;749962;N6886;N-7387;TR00000000005574116
nt6887;TL;749963;N6887;N-7388;TR00000000005574117
nt6888;TL;749964;N6888;N-7389;TR00000000005574118
nt6889;TL;749965;N6889;N-7390;TR00000000005574119
nt6890;TL;749966;N6890;N-7391;TR00000000005574120
nt6891;TL;749967;N6891;N-7392;TR00000000005574121
nt6892;TL;749968;N6892;N-7393;TR00000000005574122
nt6893;TL;749969;N6893;N-7394;TR00000000005574123
nt6894;TL;749970;N6894;N-7395;TR00000000005574124
nt6895;TL;749971;N6895;N-7396;TR00000000005574125
nt6896;TL;749972;N6896;N-7397;TR00000000005574126
nt6897;TL;749973;N6897;N-7398;TR00000000005574127
nt6898;TL;749974;N6898;N-7399;TR00000000005574128
nt6899;TL;749975;N6899;N-7400;TR00000000005574129
nt6900;TL;749976;N6900;N-7401;TR00000000005574130
nt6901;TL;749977;N6901;N-7402;TR00000000005574131
nt6902;TL;749978;N6902;N-7403;TR00000000005574132
nt6903;TL;749979;N6903;N-7404;TR00000000005574133
nt6904;TL;749980;N6904;N-7405;TR00000000005574134
nt6905;TL;749981;N6905;N-7406;TR00000000005574135
nt6906;TL;749982;N6906;N-7407;TR00000000005574136
nt6907;TL;749983;N6907;N-7408;TR00000000005574137
nt6908;TL;749984;N6908;N-7409;TR00000000005574138
nt6909;TL;749985;N6909;N-7410;TR00000000005574139
nt6910;TL;749986;N6910;N-7411;TR00000000005574140
nt6911;TL;749987;N6911;N-7412;TR00000000005574141
nt6912;TL;749988;N6912;N-7413;TR00000000005574142
nt6913;TL;749989;N6913;N-7414;TR00000000005574143
nt6914;TL;749990;N6914;N-7415;TR00000000005574144
nt6915;TL;749991;N6915;N-7416;TR00000000005574145
nt6916;TL;749992;N6916;N-7417;TR00000000005574146
nt6917;TL;749993;N6917;N-7418;TR00000000005574147
nt6918;TL;749994;N6918;N-7419;TR00000000005574148
nt6919;TL;749995;N6919;N-7420;TR00000000005574149
nt6920;TL;749996;N6920;N-7421;TR00000000005574150
nt6921;TL;749997;N6921;N-7422;TR00000000005574151
nt6922;TL;749998;N6922;N-7423;TR00000000005574152
nt6923;TL;749999;N6923;N-7424;TR00000000005574153
nt6924;TL;750000;N6924;N-7425;TR00000000005574154
nt6925;TL;750001;N6925;N-7426;TR00000000005574155
nt6926;TL;750002;N6926;N-7427;TR00000000005574156
nt6927;TL;750003;N6927;N-7428;TR00000000005574157
nt6928;TL;750004;N6928;N-7429;TR00000000005574158
nt6929;TL;750005;N6929;N-7430;TR00000000005574159
nt6930;TL;750006;N6930;N-7431;TR00000000005574160
nt6931;TL;750007;N6931;N-7432;TR00000000005574161
nt6932;TL;750008;N6932;N-7433;TR00000000005574162
nt6933;TL;750009;N6933;N-7434;TR00000000005574163
nt6934;TL;750010;N6934;N-7435;TR00000000005574164
nt6935;TL;750011;N6935;N-7436;TR00000000005574165
nt6936;TL;750012;N6936;N-7437;TR00000000005574166
nt6937;TL;750013;N6937;N-7438;TR00000000005574167
nt6938;TL;750014;N6938;N-7439;TR00000000005574168
nt6939;TL;750015;N6939;N-7440;TR00000000005574169
nt6940;TL;750016;N6940;N-7441;TR00000000005574170
nt6941;TL;750017;N6941;N-7442;TR00000000005574171
nt6942;TL;750018;N6942;N-7443;TR00000000005574172
nt6943;TL;750019;N6943;N-7444;TR00000000005574173
nt6944;TL;750020;N6944;N-7445;TR00000000005574174
nt6945;TL;750021;N6945;N-7446;TR00000000005574175
nt6946;TL;750022;N6946;N-7447;TR00000000005574176
nt6947;TL;750023;N6947;N-7448;TR00000000005574177
nt6948;TL;750024;N6948;N-7449;TR00000000005574178
nt6949;TL;750025;N6949;N-7450;TR00000000005574179
nt6950;TL;750026;N6950;N-7451;TR00000000005574180
nt6951;TL;750027;N6951;N-7452;TR00000000005574181
nt6952;TL;750028;N6952;N-7453;TR00000000005574182
nt6953;TL;750029;N6953;N-7454;TR00000000005574183
nt6954;TL;750030;N6954;N-7455;TR00000000005574184
nt6955;TL;750031;N6955;N-7456;TR00000000005574185
nt6956;TL;750032;N6956;N-7457;TR00000000005574186
nt6957;TL;750033;N6957;N-7458;TR00000000005574187
nt6958;TL;750034;N6958;N-7459;TR00000000005574188
nt6959;TL;750035;N6959;N-7460;TR00000000005574189
nt6960;TL;750036;N6960;N-7461;TR00000000005574190
nt6961;TL;750037;N6961;N-7462;TR00000000005574191
nt6962;TL;750038;N6962;N-7463;TR00000000005574192
nt6963;TL;750039;N6963;N-7464;TR00000000005574193
nt6964;TL;750040;N6964;N-7465;TR00000000005574194
nt6965;TL;750041;N6965;N-7466;TR00000000005574195
nt6966;TL;750042;N6966;N-7467;TR00000000005574196
nt6967;TL;750043;N6967;N-7468;TR00000000005574197
nt6968;TL;750044;N6968;N-7469;TR00000000005574198
nt6969;TL;750045;N6969;N-7470;TR00000000005574199
nt6970;TL;750046;N6970;N-7471;TR00000000005574200
nt6971;TL;750047;N6971;N-7472;TR00000000005574201
nt6972;TL;750048;N6972;N-7473;TR00000000005574202
nt6973;TL;750049;N6973;N-7474;TR00000000005574203
nt6974;TL;750050;N6974;N-7475;TR00000000005574204
nt6975;TL;750051;N6975;N-7476;TR00000000005574205
nt6976;TL;750052;N6976;N-7477;TR00000000005574206
nt6977;TL;750053;N6977;N-7478;TR00000000005574207
nt6978;TL;750054;N6978;N-7479;TR00000000005574208
nt6979;TL;750055;N6979;N-7480;TR00000000005574209
nt6980;TL;750056;N6980;N-7481;TR00000000005574210
nt6981;TL;750057;N6981;N-7482;TR00000000005574211
nt6982;TL;750058;N6982;N-7483;TR00000000005574212
nt6983;TL;750059;N6983;N-7484;TR00000000005574213
nt6984;TL;750060;N6984;N-7485;TR00000000005574214
nt6985;TL;750061;N6985;N-7486;TR00000000005574215
nt6986;TL;750062;N6986;N-7487;TR00000000005574216
nt6987;TL;750063;N6987;N-7488;TR00000000005574217
nt6988;TL;750064;N6988;N-7489;TR00000000005574218
nt6989;TL;750065;N6989;N-7490;TR00000000005574219
nt6990;TL;750066;N6990;N-7491;TR00000000005574220
nt6991;TL;750067;N6991;N-7492;TR00000000005574221
nt6992;TL;750068;N6992;N-7493;TR00000000005574222
nt6993;TL;750069;N6993;N-7494;TR00000000005574223
nt6994;TL;750070;N6994;N-7495;TR00000000005574224
nt6995;TL;750071;N6995;N-7496;TR00000000005574225
nt6996;TL;750072;N6996;N-7497;TR00000000005574226
nt6997;TL;750073;N6997;N-7498;TR00000000005574227
nt6998;TL;750074;N6998;N-7499;TR00000000005574228
nt6999;TL;750075;N6999;N-7500;TR00000000005574229
nt7000;TL;750076;N7000;N-7501;TR00000000005574230
nt7001;TL;750077;N7001;N-7502;TR00000000005574231
nt7002;TL;750078;N7002;N-7503;TR00000000005574232
nt7003;TL;750079;N7003;N-7504;TR00000000005574233
nt7004;TL;750080;N7004;N-7505;TR00000000005574234
nt7005;TL;750081;N7005;N-7506;TR00000000005574235
nt7006;TL;750082;N7006;N-7507;TR00000000005574236
nt7007;TL;750083;N7007;N-7508;TR00000000005574237
nt7008;TL;750084;N7008;N-7509;TR00000000005574238
nt7009;TL;750085;N7009;N-7510;TR00000000005574239
nt7010;TL;750086;N7010;N-7511;TR00000000005574240
nt7011;TL;750087;N7011;N-7512;TR00000000005574241
nt7012;TL;750088;N7012;N-7513;TR00000000005574242
nt7013;TL;750089;N7013;N-7514;TR00000000005574243
nt7014;TL;750090;N7014;N-7515;TR00000000005574244
nt7015;TL;750091;N7015;N-7516;TR00000000005574245
nt7016;TL;750092;N7016;N-7517;TR00000000005574246
nt7017;TL;750093;N7017;N-7518;TR00000000005574247
nt7018;TL;750094;N7018;N-7519;TR00000000005574248
nt7019;TL;750095;N7019;N-7520;TR00000000005574249
nt7020;TL;750096;N7020;N-7521;TR00000000005574250
nt7021;TL;750097;N7021;N-7522;TR00000000005574251
nt7022;TL;750098;N7022;N-7523;TR00000000005574252
nt7023;TL;750099;N7023;N-7524;TR00000000005574253
nt7024;TL;750100;N7024;N-7525;TR00000000005574254
nt7025;TL;750101;N7025;N-7526;TR00000000005574255
nt7026;TL;750102;N7026;N-7527;TR00000000005574256
nt7027;TL;750103;N7027;N-7528;TR00000000005574257
nt7028;TL;750104;N7028;N-7529;TR00000000005574258
nt7029;TL;750105;N7029;N-7530;TR00000000005574259
nt7030;TL;750106;N7030;N-7531;TR00000000005574260
nt7031;TL;750107;N7031;N-7532;TR00000000005574261
nt7032;TL;750108;N7032;N-7533;TR00000000005574262
nt7033;TL;750109;N7033;N-7534;TR00000000005574263
nt7034;TL;750110;N7034;N-7535;TR00000000005574264
nt7035;TL;750111;N7035;N-7536;TR00000000005574265
nt7036;TL;750112;N7036;N-7537;TR00000000005574266
nt7037;TL;750113;N7037;N-7538;TR00000000005574267
nt7038;TL;750114;N7038;N-7539;TR00000000005574268
nt7039;TL;750115;N7039;N-7540;TR00000000005574269
nt7040;TL;750116;N7040;N-7541;TR00000000005574270
nt7041;TL;750117;N7041;N-7542;TR00000000005574271
nt7042;TL;750118;N7042;N-7543;TR00000000005574272
nt7043;TL;750119;N7043;N-7544;TR00000000005574273
nt7044;TL;750120;N7044;N-7545;TR00000000005574274
nt7045;TL;750121;N7045;N-7546;TR00000000005574275
nt7046;TL;750122;N7046;N-7547;TR00000000005574276
nt7047;TL;750123;N7047;N-7548;TR00000000005574277
nt7048;TL;750124;N7048;N-7549;TR00000000005574278
nt7049;TL;750125;N7049;N-7550;TR00000000005574279
nt7050;TL;750126;N7050;N-7551;TR00000000005574280
nt7051;TL;750127;N7051;N-7552;TR00000000005574281
nt7052;TL;750128;N7052;N-7553;TR00000000005574282
nt7053;TL;750129;N7053;N-7554;TR00000000005574283
nt7054;TL;750130;N7054;N-7555;TR00000000005574284
nt7055;TL;750131;N7055;N-7556;TR00000000005574285
nt7056;TL;750132;N7056;N-7557;TR00000000005574286
nt7057;TL;750133;N7057;N-7558;TR00000000005574287
nt7058;TL;750134;N7058;N-7559;TR00000000005574288
nt7059;TL;750135;N7059;N-7560;TR00000000005574289
nt7060;TL;750136;N7060;N-7561;TR00000000005574290
nt7061;TL;750137;N7061;N-7562;TR00000000005574291
nt7062;TL;750138;N7062;N-7563;TR00000000005574292
nt7063;TL;750139;N7063;N-7564;TR00000000005574293
nt7064;TL;750140;N7064;N-7565;TR00000000005574294
nt7065;TL;750141;N7065;N-7566;TR00000000005574295
nt7066;TL;750142;N7066;N-7567;TR00000000005574296
nt7067;TL;750143;N7067;N-7568;TR00000000005574297
nt7068;TL;750144;N7068;N-7569;TR00000000005574298
nt7069;TL;750145;N7069;N-7570;TR00000000005574299
nt7070;TL;750146;N7070;N-7571;TR00000000005574300
nt7071;TL;750147;N7071;N-7572;TR00000000005574301
nt7072;TL;750148;N7072;N-7573;TR00000000005574302
nt7073;TL;750149;N7073;N-7574;TR00000000005574303
nt7074;TL;750150;N7074;N-7575;TR00000000005574304
nt7075;TL;750151;N7075;N-7576;TR00000000005574305
nt7076;TL;750152;N7076;N-7577;TR00000000005574306
nt7077;TL;750153;N7077;N-7578;TR00000000005574307
nt7078;TL;750154;N7078;N-7579;TR00000000005574308
nt7079;TL;750155;N7079;N-7580;TR00000000005574309
nt7080;TL;750156;N7080;N-7581;TR00000000005574310
nt7081;TL;750157;N7081;N-7582;TR00000000005574311
nt7082;TL;750158;N7082;N-7583;TR00000000005574312
nt7083;TL;750159;N7083;N-7584;TR00000000005574313
nt7084;TL;750160;N7084;N-7585;TR00000000005574314
nt7085;TL;750161;N7085;N-7586;TR00000000005574315
nt7086;TL;750162;N7086;N-7587;TR00000000005574316
nt7087;TL;750163;N7087;N-7588;TR00000000005574317
nt7088;TL;750164;N7088;N-7589;TR00000000005574318
nt7089;TL;750165;N7089;N-7590;TR00000000005574319
nt7090;TL;750166;N7090;N-7591;TR00000000005574320
nt7091;TL;750167;N7091;N-7592;TR00000000005574321
nt7092;TL;750168;N7092;N-7593;TR00000000005574322
nt7093;TL;750169;N7093;N-7594;TR00000000005574323
nt7094;TL;750170;N7094;N-7595;TR00000000005574324
nt7095;TL;750171;N7095;N-7596;TR00000000005574325
nt7096;TL;750172;N7096;N-7597;TR00000000005574326
nt7097;TL;750173;N7097;N-7598;TR00000000005574327
nt7098;TL;750174;N7098;N-7599;TR00000000005574328
nt7099;TL;750175;N7099;N-7600;TR00000000005574329
nt7100;TL;750176;N7100;N-7601;TR00000000005574330
nt7101;TL;750177;N7101;N-7602;TR00000000005574331
nt7102;TL;750178;N7102;N-7603;TR00000000005574332
nt7103;TL;750179;N7103;N-7604;TR00000000005574333
nt7104;TL;750180;N7104;N-7605;TR00000000005574334
nt7105;TL;750181;N7105;N-7606;TR00000000005574335
nt7106;TL;750182;N7106;N-7607;TR00000000005574336
nt7107;TL;750183;N7107;N-7608;TR00000000005574337
nt7108;TL;750184;N7108;N-7609;TR00000000005574338
nt7109;TL;750185;N7109;N-7610;TR00000000005574339
nt7110;TL;750186;N7110;N-7611;TR00000000005574340
nt7111;TL;750187;N7111;N-7612;TR00000000005574341
nt7112;TL;750188;N7112;N-7613;TR00000000005574342
nt7113;TL;750189;N7113;N-7614;TR00000000005574343
nt7114;TL;750190;N7114;N-7615;TR00000000005574344
nt7115;TL;750191;N7115;N-7616;TR00000000005574345
nt7116;TL;750192;N7116;N-7617;TR00000000005574346
nt7117;TL;750193;N7117;N-7618;TR00000000005574347
nt7118;TL;750194;N7118;N-7619;TR00000000005574348
nt7119;TL;750195;N7119;N-7620;TR00000000005574349
nt7120;TL;750196;N7120;N-7621;TR00000000005574350
nt7121;TL;750197;N7121;N-7622;TR00000000005574351
nt7122;TL;750198;N7122;N-7623;TR00000000005574352
nt7123;TL;750199;N7123;N-7624;TR00000000005574353
nt7124;TL;750200;N7124;N-7625;TR00000000005574354
nt7125;TL;750201;N7125;N-7626;TR00000000005574355
nt7126;TL;750202;N7126;N-7627;TR00000000005574356
nt7127;TL;750203;N7127;N-7628;TR00000000005574357
nt7128;TL;750204;N7128;N-7629;TR00000000005574358
nt7129;TL;750205;N7129;N-7630;TR00000000005574359
nt7130;TL;750206;N7130;N-7631;TR00000000005574360
nt7131;TL;750207;N7131;N-7632;TR00000000005574361
nt7132;TL;750208;N7132;N-7633;TR00000000005574362
nt7133;TL;750209;N7133;N-7634;TR00000000005574363
nt7134;TL;750210;N7134;N-7635;TR00000000005574364
nt7135;TL;750211;N7135;N-7636;TR00000000005574365
nt7136;TL;750212;N7136;N-7637;TR00000000005574366
nt7137;TL;750213;N7137;N-7638;TR00000000005574367
nt7138;TL;750214;N7138;N-7639;TR00000000005574368
nt7139;TL;750215;N7139;N-7640;TR00000000005574369
nt7140;TL;750216;N7140;N-7641;TR00000000005574370
nt7141;TL;750217;N7141;N-7642;TR00000000005574371
nt7142;TL;750218;N7142;N-7643;TR00000000005574372
nt7143;TL;750219;N7143;N-7644;TR00000000005574373
nt7144;TL;750220;N7144;N-7645;TR00000000005574374
nt7145;TL;750221;N7145;N-7646;TR00000000005574375
nt7146;TL;750222;N7146;N-7647;TR00000000005574376
nt7147;TL;750223;N7147;N-7648;TR00000000005574377
nt7148;TL;750224;N7148;N-7649;TR00000000005574378
nt7149;TL;750225;N7149;N-7650;TR00000000005574379
nt7150;TL;750226;N7150;N-7651;TR00000000005574380
nt7151;TL;750227;N7151;N-7652;TR00000000005574381
nt7152;TL;750228;N7152;N-7653;TR00000000005574382
nt7153;TL;750229;N7153;N-7654;TR00000000005574383
nt7154;TL;750230;N7154;N-7655;TR00000000005574384
nt7155;TL;750231;N7155;N-7656;TR00000000005574385
nt7156;TL;750232;N7156;N-7657;TR00000000005574386
nt7157;TL;750233;N7157;N-7658;TR00000000005574387
nt7158;TL;750234;N7158;N-7659;TR00000000005574388
nt7159;TL;750235;N7159;N-7660;TR00000000005574389
nt7160;TL;750236;N7160;N-7661;TR00000000005574390
nt7161;TL;750237;N7161;N-7662;TR00000000005574391
nt7162;TL;750238;N7162;N-7663;TR00000000005574392
nt7163;TL;750239;N7163;N-7664;TR00000000005574393
nt7164;TL;750240;N7164;N-7665;TR00000000005574394
nt7165;TL;750241;N7165;N-7666;TR00000000005574395
nt7166;TL;750242;N7166;N-7667;TR00000000005574396
nt7167;TL;750243;N7167;N-7668;TR00000000005574397
nt7168;TL;750244;N7168;N-7669;TR00000000005574398
nt7169;TL;750245;N7169;N-7670;TR00000000005574399
nt7170;TL;750246;N7170;N-7671;TR00000000005574400
nt7171;TL;750247;N7171;N-7672;TR00000000005574401
nt7172;TL;750248;N7172;N-7673;TR00000000005574402
nt7173;TL;750249;N7173;N-7674;TR00000000005574403
nt7174;TL;750250;N7174;N-7675;TR00000000005574404
nt7175;TL;750251;N7175;N-7676;TR00000000005574405
nt7176;TL;750252;N7176;N-7677;TR00000000005574406
nt7177;TL;750253;N7177;N-7678;TR00000000005574407
nt7178;TL;750254;N7178;N-7679;TR00000000005574408
nt7179;TL;750255;N7179;N-7680;TR00000000005574409
nt7180;TL;750256;N7180;N-7681;TR00000000005574410
nt7181;TL;750257;N7181;N-7682;TR00000000005574411
nt7182;TL;750258;N7182;N-7683;TR00000000005574412
nt7183;TL;750259;N7183;N-7684;TR00000000005574413
nt7184;TL;750260;N7184;N-7685;TR00000000005574414
nt7185;TL;750261;N7185;N-7686;TR00000000005574415
nt7186;TL;750262;N7186;N-7687;TR00000000005574416
nt7187;TL;750263;N7187;N-7688;TR00000000005574417
nt7188;TL;750264;N7188;N-7689;TR00000000005574418
nt7189;TL;750265;N7189;N-7690;TR00000000005574419
nt7190;TL;750266;N7190;N-7691;TR00000000005574420
nt7191;TL;750267;N7191;N-7692;TR00000000005574421
nt7192;TL;750268;N7192;N-7693;TR00000000005574422
nt7193;TL;750269;N7193;N-7694;TR00000000005574423
nt7194;TL;750270;N7194;N-7695;TR00000000005574424
nt7195;TL;750271;N7195;N-7696;TR00000000005574425
nt7196;TL;750272;N7196;N-7697;TR00000000005574426
nt7197;TL;750273;N7197;N-7698;TR00000000005574427
nt7198;TL;750274;N7198;N-7699;TR00000000005574428
nt7199;TL;750275;N7199;N-7700;TR00000000005574429
nt7200;TL;750276;N7200;N-7701;TR00000000005574430
nt7201;TL;750277;N7201;N-7702;TR00000000005574431
nt7202;TL;750278;N7202;N-7703;TR00000000005574432
nt7203;TL;750279;N7203;N-7704;TR00000000005574433
nt7204;TL;750280;N7204;N-7705;TR00000000005574434
nt7205;TL;750281;N7205;N-7706;TR00000000005574435
nt7206;TL;750282;N7206;N-7707;TR00000000005574436
nt7207;TL;750283;N7207;N-7708;TR00000000005574437
nt7208;TL;750284;N7208;N-7709;TR00000000005574438
nt7209;TL;750285;N7209;N-7710;TR00000000005574439
nt7210;TL;750286;N7210;N-7711;TR00000000005574440
nt7211;TL;750287;N7211;N-7712;TR00000000005574441
nt7212;TL;750288;N7212;N-7713;TR00000000005574442
nt7213;TL;750289;N7213;N-7714;TR00000000005574443
nt7214;TL;750290;N7214;N-7715;TR00000000005574444
nt7215;TL;750291;N7215;N-7716;TR00000000005574445
nt7216;TL;750292;N7216;N-7717;TR00000000005574446
nt7217;TL;750293;N7217;N-7718;TR00000000005574447
nt7218;TL;750294;N7218;N-7719;TR00000000005574448
nt7219;TL;750295;N7219;N-7720;TR00000000005574449
nt7220;TL;750296;N7220;N-7721;TR00000000005574450
nt7221;TL;750297;N7221;N-7722;TR00000000005574451
nt7222;TL;750298;N7222;N-7723;TR00000000005574452
nt7223;TL;750299;N7223;N-7724;TR00000000005574453
nt7224;TL;750300;N7224;N-7725;TR00000000005574454
nt7225;TL;750301;N7225;N-7726;TR00000000005574455
nt7226;TL;750302;N7226;N-7727;TR00000000005574456
nt7227;TL;750303;N7227;N-7728;TR00000000005574457
nt7228;TL;750304;N7228;N-7729;TR00000000005574458
nt7229;TL;750305;N7229;N-7730;TR00000000005574459
nt7230;TL;750306;N7230;N-7731;TR00000000005574460
nt7231;TL;750307;N7231;N-7732;TR00000000005574461
nt7232;TL;750308;N7232;N-7733;TR00000000005574462
nt7233;TL;750309;N7233;N-7734;TR00000000005574463
nt7234;TL;750310;N7234;N-7735;TR00000000005574464
nt7235;TL;750311;N7235;N-7736;TR00000000005574465
nt7236;TL;750312;N7236;N-7737;TR00000000005574466
nt7237;TL;750313;N7237;N-7738;TR00000000005574467
nt7238;TL;750314;N7238;N-7739;TR00000000005574468
nt7239;TL;750315;N7239;N-7740;TR00000000005574469
nt7240;TL;750316;N7240;N-7741;TR00000000005574470
nt7241;TL;750317;N7241;N-7742;TR00000000005574471
nt7242;TL;750318;N7242;N-7743;TR00000000005574472
nt7243;TL;750319;N7243;N-7744;TR00000000005574473
nt7244;TL;750320;N7244;N-7745;TR00000000005574474
nt7245;TL;750321;N7245;N-7746;TR00000000005574475
nt7246;TL;750322;N7246;N-7747;TR00000000005574476
nt7247;TL;750323;N7247;N-7748;TR00000000005574477
nt7248;TL;750324;N7248;N-7749;TR00000000005574478
nt7249;TL;750325;N7249;N-7750;TR00000000005574479
nt7250;TL;750326;N7250;N-7751;TR00000000005574480
nt7251;TL;750327;N7251;N-7752;TR00000000005574481
nt7252;TL;750328;N7252;N-7753;TR00000000005574482
nt7253;TL;750329;N7253;N-7754;TR00000000005574483
nt7254;TL;750330;N7254;N-7755;TR00000000005574484
nt7255;TL;750331;N7255;N-7756;TR00000000005574485
nt7256;TL;750332;N7256;N-7757;TR00000000005574486
nt7257;TL;750333;N7257;N-7758;TR00000000005574487
nt7258;TL;750334;N7258;N-7759;TR00000000005574488
nt7259;TL;750335;N7259;N-7760;TR00000000005574489
nt7260;TL;750336;N7260;N-7761;TR00000000005574490
nt7261;TL;750337;N7261;N-7762;TR00000000005574491
nt7262;TL;750338;N7262;N-7763;TR00000000005574492
nt7263;TL;750339;N7263;N-7764;TR00000000005574493
nt7264;TL;750340;N7264;N-7765;TR00000000005574494
nt7265;TL;750341;N7265;N-7766;TR00000000005574495
nt7266;TL;750342;N7266;N-7767;TR00000000005574496
nt7267;TL;750343;N7267;N-7768;TR00000000005574497
nt7268;TL;750344;N7268;N-7769;TR00000000005574498
nt7269;TL;750345;N7269;N-7770;TR00000000005574499
nt7270;TL;750346;N7270;N-7771;TR00000000005574500
nt7271;TL;750347;N7271;N-7772;TR00000000005574501
nt7272;TL;750348;N7272;N-7773;TR00000000005574502
nt7273;TL;750349;N7273;N-7774;TR00000000005574503
nt7274;TL;750350;N7274;N-7775;TR00000000005574504
nt7275;TL;750351;N7275;N-7776;TR00000000005574505
nt7276;TL;750352;N7276;N-7777;TR00000000005574506
nt7277;TL;750353;N7277;N-7778;TR00000000005574507
nt7278;TL;750354;N7278;N-7779;TR00000000005574508
nt7279;TL;750355;N7279;N-7780;TR00000000005574509
nt7280;TL;750356;N7280;N-7781;TR00000000005574510
nt7281;TL;750357;N7281;N-7782;TR00000000005574511
nt7282;TL;750358;N7282;N-7783;TR00000000005574512
nt7283;TL;750359;N7283;N-7784;TR00000000005574513
nt7284;TL;750360;N7284;N-7785;TR00000000005574514
nt7285;TL;750361;N7285;N-7786;TR00000000005574515
nt7286;TL;750362;N7286;N-7787;TR00000000005574516
nt7287;TL;750363;N7287;N-7788;TR00000000005574517
nt7288;TL;750364;N7288;N-7789;TR00000000005574518
nt7289;TL;750365;N7289;N-7790;TR00000000005574519
nt7290;TL;750366;N7290;N-7791;TR00000000005574520
nt7291;TL;750367;N7291;N-7792;TR00000000005574521
nt7292;TL;750368;N7292;N-7793;TR00000000005574522
nt7293;TL;750369;N7293;N-7794;TR00000000005574523
nt7294;TL;750370;N7294;N-7795;TR00000000005574524
nt7295;TL;750371;N7295;N-7796;TR00000000005574525
nt7296;TL;750372;N7296;N-7797;TR00000000005574526
nt7297;TL;750373;N7297;N-7798;TR00000000005574527
nt7298;TL;750374;N7298;N-7799;TR00000000005574528
nt7299;TL;750375;N7299;N-7800;TR00000000005574529
nt7300;TL;750376;N7300;N-7801;TR00000000005574530
nt7301;TL;750377;N7301;N-7802;TR00000000005574531
nt7302;TL;750378;N7302;N-7803;TR00000000005574532
nt7303;TL;750379;N7303;N-7804;TR00000000005574533
nt7304;TL;750380;N7304;N-7805;TR00000000005574534
nt7305;TL;750381;N7305;N-7806;TR00000000005574535
nt7306;TL;750382;N7306;N-7807;TR00000000005574536
nt7307;TL;750383;N7307;N-7808;TR00000000005574537
nt7308;TL;750384;N7308;N-7809;TR00000000005574538
nt7309;TL;750385;N7309;N-7810;TR00000000005574539
nt7310;TL;750386;N7310;N-7811;TR00000000005574540
nt7311;TL;750387;N7311;N-7812;TR00000000005574541
nt7312;TL;750388;N7312;N-7813;TR00000000005574542
nt7313;TL;750389;N7313;N-7814;TR00000000005574543
nt7314;TL;750390;N7314;N-7815;TR00000000005574544
nt7315;TL;750391;N7315;N-7816;TR00000000005574545
nt7316;TL;750392;N7316;N-7817;TR00000000005574546
nt7317;TL;750393;N7317;N-7818;TR00000000005574547
nt7318;TL;750394;N7318;N-7819;TR00000000005574548
nt7319;TL;750395;N7319;N-7820;TR00000000005574549
nt7320;TL;750396;N7320;N-7821;TR00000000005574550
nt7321;TL;750397;N7321;N-7822;TR00000000005574551
nt7322;TL;750398;N7322;N-7823;TR00000000005574552
nt7323;TL;750399;N7323;N-7824;TR00000000005574553
nt7324;TL;750400;N7324;N-7825;TR00000000005574554
nt7325;TL;750401;N7325;N-7826;TR00000000005574555
nt7326;TL;750402;N7326;N-7827;TR00000000005574556
nt7327;TL;750403;N7327;N-7828;TR00000000005574557
nt7328;TL;750404;N7328;N-7829;TR00000000005574558
nt7329;TL;750405;N7329;N-7830;TR00000000005574559
nt7330;TL;750406;N7330;N-7831;TR00000000005574560
nt7331;TL;750407;N7331;N-7832;TR00000000005574561
nt7332;TL;750408;N7332;N-7833;TR00000000005574562
nt7333;TL;750409;N7333;N-7834;TR00000000005574563
nt7334;TL;750410;N7334;N-7835;TR00000000005574564
nt7335;TL;750411;N7335;N-7836;TR00000000005574565
nt7336;TL;750412;N7336;N-7837;TR00000000005574566
nt7337;TL;750413;N7337;N-7838;TR00000000005574567
nt7338;TL;750414;N7338;N-7839;TR00000000005574568
nt7339;TL;750415;N7339;N-7840;TR00000000005574569
nt7340;TL;750416;N7340;N-7841;TR00000000005574570
nt7341;TL;750417;N7341;N-7842;TR00000000005574571
nt7342;TL;750418;N7342;N-7843;TR00000000005574572
nt7343;TL;750419;N7343;N-7844;TR00000000005574573
nt7344;TL;750420;N7344;N-7845;TR00000000005574574
nt7345;TL;750421;N7345;N-7846;TR00000000005574575
nt7346;TL;750422;N7346;N-7847;TR00000000005574576
nt7347;TL;750423;N7347;N-7848;TR00000000005574577
nt7348;TL;750424;N7348;N-7849;TR00000000005574578
nt7349;TL;750425;N7349;N-7850;TR00000000005574579
nt7350;TL;750426;N7350;N-7851;TR00000000005574580
nt7351;TL;750427;N7351;N-7852;TR00000000005574581
nt7352;TL;750428;N7352;N-7853;TR00000000005574582
nt7353;TL;750429;N7353;N-7854;TR00000000005574583
nt7354;TL;750430;N7354;N-7855;TR00000000005574584
nt7355;TL;750431;N7355;N-7856;TR00000000005574585
nt7356;TL;750432;N7356;N-7857;TR00000000005574586
nt7357;TL;750433;N7357;N-7858;TR00000000005574587
nt7358;TL;750434;N7358;N-7859;TR00000000005574588
nt7359;TL;750435;N7359;N-7860;TR00000000005574589
nt7360;TL;750436;N7360;N-7861;TR00000000005574590
nt7361;TL;750437;N7361;N-7862;TR00000000005574591
nt7362;TL;750438;N7362;N-7863;TR00000000005574592
nt7363;TL;750439;N7363;N-7864;TR00000000005574593
nt7364;TL;750440;N7364;N-7865;TR00000000005574594
nt7365;TL;750441;N7365;N-7866;TR00000000005574595
nt7366;TL;750442;N7366;N-7867;TR00000000005574596
nt7367;TL;750443;N7367;N-7868;TR00000000005574597
nt7368;TL;750444;N7368;N-7869;TR00000000005574598
nt7369;TL;750445;N7369;N-7870;TR00000000005574599
nt7370;TL;750446;N7370;N-7871;TR00000000005574600
nt7371;TL;750447;N7371;N-7872;TR00000000005574601
nt7372;TL;750448;N7372;N-7873;TR00000000005574602
nt7373;TL;750449;N7373;N-7874;TR00000000005574603
nt7374;TL;750450;N7374;N-7875;TR00000000005574604
nt7375;TL;750451;N7375;N-7876;TR00000000005574605
nt7376;TL;750452;N7376;N-7877;TR00000000005574606
nt7377;TL;750453;N7377;N-7878;TR00000000005574607
nt7378;TL;750454;N7378;N-7879;TR00000000005574608
nt7379;TL;750455;N7379;N-7880;TR00000000005574609
nt7380;TL;750456;N7380;N-7881;TR00000000005574610
nt7381;TL;750457;N7381;N-7882;TR00000000005574611
nt7382;TL;750458;N7382;N-7883;TR00000000005574612
nt7383;TL;750459;N7383;N-7884;TR00000000005574613
nt7384;TL;750460;N7384;N-7885;TR00000000005574614
nt7385;TL;750461;N7385;N-7886;TR00000000005574615
nt7386;TL;750462;N7386;N-7887;TR00000000005574616
nt7387;TL;750463;N7387;N-7888;TR00000000005574617
nt7388;TL;750464;N7388;N-7889;TR00000000005574618
nt7389;TL;750465;N7389;N-7890;TR00000000005574619
nt7390;TL;750466;N7390;N-7891;TR00000000005574620
nt7391;TL;750467;N7391;N-7892;TR00000000005574621
nt7392;TL;750468;N7392;N-7893;TR00000000005574622
nt7393;TL;750469;N7393;N-7894;TR00000000005574623
nt7394;TL;750470;N7394;N-7895;TR00000000005574624
nt7395;TL;750471;N7395;N-7896;TR00000000005574625
nt7396;TL;750472;N7396;N-7897;TR00000000005574626
nt7397;TL;750473;N7397;N-7898;TR00000000005574627
nt7398;TL;750474;N7398;N-7899;TR00000000005574628
nt7399;TL;750475;N7399;N-7900;TR00000000005574629
nt7400;TL;750476;N7400;N-7901;TR00000000005574630
nt7401;TL;750477;N7401;N-7902;TR00000000005574631
nt7402;TL;750478;N7402;N-7903;TR00000000005574632
nt7403;TL;750479;N7403;N-7904;TR00000000005574633
nt7404;TL;750480;N7404;N-7905;TR00000000005574634
nt7405;TL;750481;N7405;N-7906;TR00000000005574635
nt7406;TL;750482;N7406;N-7907;TR00000000005574636
nt7407;TL;750483;N7407;N-7908;TR00000000005574637
nt7408;TL;750484;N7408;N-7909;TR00000000005574638
nt7409;TL;750485;N7409;N-7910;TR00000000005574639
nt7410;TL;750486;N7410;N-7911;TR00000000005574640
nt7411;TL;750487;N7411;N-7912;TR00000000005574641
nt7412;TL;750488;N7412;N-7913;TR00000000005574642
nt7413;TL;750489;N7413;N-7914;TR00000000005574643
nt7414;TL;750490;N7414;N-7915;TR00000000005574644
nt7415;TL;750491;N7415;N-7916;TR00000000005574645
nt7416;TL;750492;N7416;N-7917;TR00000000005574646
nt7417;TL;750493;N7417;N-7918;TR00000000005574647
nt7418;TL;750494;N7418;N-7919;TR00000000005574648
nt7419;TL;750495;N7419;N-7920;TR00000000005574649
nt7420;TL;750496;N7420;N-7921;TR00000000005574650
nt7421;TL;750497;N7421;N-7922;TR00000000005574651
nt7422;TL;750498;N7422;N-7923;TR00000000005574652
nt7423;TL;750499;N7423;N-7924;TR00000000005574653
nt7424;TL;750500;N7424;N-7925;TR00000000005574654
nt7425;TL;750501;N7425;N-7926;TR00000000005574655
nt7426;TL;750502;N7426;N-7927;TR00000000005574656
nt7427;TL;750503;N7427;N-7928;TR00000000005574657
nt7428;TL;750504;N7428;N-7929;TR00000000005574658
nt7429;TL;750505;N7429;N-7930;TR00000000005574659
nt7430;TL;750506;N7430;N-7931;TR00000000005574660
nt7431;TL;750507;N7431;N-7932;TR00000000005574661
nt7432;TL;750508;N7432;N-7933;TR00000000005574662
nt7433;TL;750509;N7433;N-7934;TR00000000005574663
nt7434;TL;750510;N7434;N-7935;TR00000000005574664
nt7435;TL;750511;N7435;N-7936;TR00000000005574665
nt7436;TL;750512;N7436;N-7937;TR00000000005574666
nt7437;TL;750513;N7437;N-7938;TR00000000005574667
nt7438;TL;750514;N7438;N-7939;TR00000000005574668
nt7439;TL;750515;N7439;N-7940;TR00000000005574669
nt7440;TL;750516;N7440;N-7941;TR00000000005574670
nt7441;TL;750517;N7441;N-7942;TR00000000005574671
nt7442;TL;750518;N7442;N-7943;TR00000000005574672
nt7443;TL;750519;N7443;N-7944;TR00000000005574673
nt7444;TL;750520;N7444;N-7945;TR00000000005574674
nt7445;TL;750521;N7445;N-7946;TR00000000005574675
nt7446;TL;750522;N7446;N-7947;TR00000000005574676
nt7447;TL;750523;N7447;N-7948;TR00000000005574677
nt7448;TL;750524;N7448;N-7949;TR00000000005574678
nt7449;TL;750525;N7449;N-7950;TR00000000005574679
nt7450;TL;750526;N7450;N-7951;TR00000000005574680
nt7451;TL;750527;N7451;N-7952;TR00000000005574681
nt7452;TL;750528;N7452;N-7953;TR00000000005574682
nt7453;TL;750529;N7453;N-7954;TR00000000005574683
nt7454;TL;750530;N7454;N-7955;TR00000000005574684
nt7455;TL;750531;N7455;N-7956;TR00000000005574685
nt7456;TL;750532;N7456;N-7957;TR00000000005574686
nt7457;TL;750533;N7457;N-7958;TR00000000005574687
nt7458;TL;750534;N7458;N-7959;TR00000000005574688
nt7459;TL;750535;N7459;N-7960;TR00000000005574689
nt7460;TL;750536;N7460;N-7961;TR00000000005574690
nt7461;TL;750537;N7461;N-7962;TR00000000005574691
nt7462;TL;750538;N7462;N-7963;TR00000000005574692
nt7463;TL;750539;N7463;N-7964;TR00000000005574693
nt7464;TL;750540;N7464;N-7965;TR00000000005574694
nt7465;TL;750541;N7465;N-7966;TR00000000005574695
nt7466;TL;750542;N7466;N-7967;TR00000000005574696
nt7467;TL;750543;N7467;N-7968;TR00000000005574697
nt7468;TL;750544;N7468;N-7969;TR00000000005574698
nt7469;TL;750545;N7469;N-7970;TR00000000005574699
nt7470;TL;750546;N7470;N-7971;TR00000000005574700
nt7471;TL;750547;N7471;N-7972;TR00000000005574701
nt7472;TL;750548;N7472;N-7973;TR00000000005574702
nt7473;TL;750549;N7473;N-7974;TR00000000005574703
nt7474;TL;750550;N7474;N-7975;TR00000000005574704
nt7475;TL;750551;N7475;N-7976;TR00000000005574705
nt7476;TL;750552;N7476;N-7977;TR00000000005574706
nt7477;TL;750553;N7477;N-7978;TR00000000005574707
nt7478;TL;750554;N7478;N-7979;TR00000000005574708
nt7479;TL;750555;N7479;N-7980;TR00000000005574709
nt7480;TL;750556;N7480;N-7981;TR00000000005574710
nt7481;TL;750557;N7481;N-7982;TR00000000005574711
nt7482;TL;750558;N7482;N-7983;TR00000000005574712
nt7483;TL;750559;N7483;N-7984;TR00000000005574713
nt7484;TL;750560;N7484;N-7985;TR00000000005574714
nt7485;TL;750561;N7485;N-7986;TR00000000005574715
nt7486;TL;750562;N7486;N-7987;TR00000000005574716
nt7487;TL;750563;N7487;N-7988;TR00000000005574717
nt7488;TL;750564;N7488;N-7989;TR00000000005574718
nt7489;TL;750565;N7489;N-7990;TR00000000005574719
nt7490;TL;750566;N7490;N-7991;TR00000000005574720
nt7491;TL;750567;N7491;N-7992;TR00000000005574721
nt7492;TL;750568;N7492;N-7993;TR00000000005574722
nt7493;TL;750569;N7493;N-7994;TR00000000005574723
nt7494;TL;750570;N7494;N-7995;TR00000000005574724
nt7495;TL;750571;N7495;N-7996;TR00000000005574725
nt7496;TL;750572;N7496;N-7997;TR00000000005574726
nt7497;TL;750573;N7497;N-7998;TR00000000005574727
nt7498;TL;750574;N7498;N-7999;TR00000000005574728
nt7499;TL;750575;N7499;N-8000;TR00000000005574729
nt7500;TL;750576;N7500;N-8001;TR00000000005574730
nt7501;TL;750577;N7501;N-8002;TR00000000005574731
nt7502;TL;750578;N7502;N-8003;TR00000000005574732
nt7503;TL;750579;N7503;N-8004;TR00000000005574733
nt7504;TL;750580;N7504;N-8005;TR00000000005574734
nt7505;TL;750581;N7505;N-8006;TR00000000005574735
nt7506;TL;750582;N7506;N-8007;TR00000000005574736
nt7507;TL;750583;N7507;N-8008;TR00000000005574737
nt7508;TL;750584;N7508;N-8009;TR00000000005574738
nt7509;TL;750585;N7509;N-8010;TR00000000005574739
nt7510;TL;750586;N7510;N-8011;TR00000000005574740
nt7511;TL;750587;N7511;N-8012;TR00000000005574741
nt7512;TL;750588;N7512;N-8013;TR00000000005574742
nt7513;TL;750589;N7513;N-8014;TR00000000005574743
nt7514;TL;750590;N7514;N-8015;TR00000000005574744
nt7515;TL;750591;N7515;N-8016;TR00000000005574745
nt7516;TL;750592;N7516;N-8017;TR00000000005574746
nt7517;TL;750593;N7517;N-8018;TR00000000005574747
nt7518;TL;750594;N7518;N-8019;TR00000000005574748
nt7519;TL;750595;N7519;N-8020;TR00000000005574749
nt7520;TL;750596;N7520;N-8021;TR00000000005574750
nt7521;TL;750597;N7521;N-8022;TR00000000005574751
nt7522;TL;750598;N7522;N-8023;TR00000000005574752
nt7523;TL;750599;N7523;N-8024;TR00000000005574753
nt7524;TL;750600;N7524;N-8025;TR00000000005574754
nt7525;TL;750601;N7525;N-8026;TR00000000005574755
nt7526;TL;750602;N7526;N-8027;TR00000000005574756
nt7527;TL;750603;N7527;N-8028;TR00000000005574757
nt7528;TL;750604;N7528;N-8029;TR00000000005574758
nt7529;TL;750605;N7529;N-8030;TR00000000005574759
nt7530;TL;750606;N7530;N-8031;TR00000000005574760
nt7531;TL;750607;N7531;N-8032;TR00000000005574761
nt7532;TL;750608;N7532;N-8033;TR00000000005574762
nt7533;TL;750609;N7533;N-8034;TR00000000005574763
nt7534;TL;750610;N7534;N-8035;TR00000000005574764
nt7535;TL;750611;N7535;N-8036;TR00000000005574765
nt7536;TL;750612;N7536;N-8037;TR00000000005574766
nt7537;TL;750613;N7537;N-8038;TR00000000005574767
nt7538;TL;750614;N7538;N-8039;TR00000000005574768
nt7539;TL;750615;N7539;N-8040;TR00000000005574769
nt7540;TL;750616;N7540;N-8041;TR00000000005574770
nt7541;TL;750617;N7541;N-8042;TR00000000005574771
nt7542;TL;750618;N7542;N-8043;TR00000000005574772
nt7543;TL;750619;N7543;N-8044;TR00000000005574773
nt7544;TL;750620;N7544;N-8045;TR00000000005574774
nt7545;TL;750621;N7545;N-8046;TR00000000005574775
nt7546;TL;750622;N7546;N-8047;TR00000000005574776
nt7547;TL;750623;N7547;N-8048;TR00000000005574777
nt7548;TL;750624;N7548;N-8049;TR00000000005574778
nt7549;TL;750625;N7549;N-8050;TR00000000005574779
nt7550;TL;750626;N7550;N-8051;TR00000000005574780
nt7551;TL;750627;N7551;N-8052;TR00000000005574781
nt7552;TL;750628;N7552;N-8053;TR00000000005574782
nt7553;TL;750629;N7553;N-8054;TR00000000005574783
nt7554;TL;750630;N7554;N-8055;TR00000000005574784
nt7555;TL;750631;N7555;N-8056;TR00000000005574785
nt7556;TL;750632;N7556;N-8057;TR00000000005574786
nt7557;TL;750633;N7557;N-8058;TR00000000005574787
nt7558;TL;750634;N7558;N-8059;TR00000000005574788
nt7559;TL;750635;N7559;N-8060;TR00000000005574789
nt7560;TL;750636;N7560;N-8061;TR00000000005574790
nt7561;TL;750637;N7561;N-8062;TR00000000005574791
nt7562;TL;750638;N7562;N-8063;TR00000000005574792
nt7563;TL;750639;N7563;N-8064;TR00000000005574793
nt7564;TL;750640;N7564;N-8065;TR00000000005574794
nt7565;TL;750641;N7565;N-8066;TR00000000005574795
nt7566;TL;750642;N7566;N-8067;TR00000000005574796
nt7567;TL;750643;N7567;N-8068;TR00000000005574797
nt7568;TL;750644;N7568;N-8069;TR00000000005574798
nt7569;TL;750645;N7569;N-8070;TR00000000005574799
nt7570;TL;750646;N7570;N-8071;TR00000000005574800
nt7571;TL;750647;N7571;N-8072;TR00000000005574801
nt7572;TL;750648;N7572;N-8073;TR00000000005574802
nt7573;TL;750649;N7573;N-8074;TR00000000005574803
nt7574;TL;750650;N7574;N-8075;TR00000000005574804
nt7575;TL;750651;N7575;N-8076;TR00000000005574805
nt7576;TL;750652;N7576;N-8077;TR00000000005574806
nt7577;TL;750653;N7577;N-8078;TR00000000005574807
nt7578;TL;750654;N7578;N-8079;TR00000000005574808
nt7579;TL;750655;N7579;N-8080;TR00000000005574809
nt7580;TL;750656;N7580;N-8081;TR00000000005574810
nt7581;TL;750657;N7581;N-8082;TR00000000005574811
nt7582;TL;750658;N7582;N-8083;TR00000000005574812
nt7583;TL;750659;N7583;N-8084;TR00000000005574813
nt7584;TL;750660;N7584;N-8085;TR00000000005574814
nt7585;TL;750661;N7585;N-8086;TR00000000005574815
nt7586;TL;750662;N7586;N-8087;TR00000000005574816
nt7587;TL;750663;N7587;N-8088;TR00000000005574817
nt7588;TL;750664;N7588;N-8089;TR00000000005574818
nt7589;TL;750665;N7589;N-8090;TR00000000005574819
nt7590;TL;750666;N7590;N-8091;TR00000000005574820
nt7591;TL;750667;N7591;N-8092;TR00000000005574821
nt7592;TL;750668;N7592;N-8093;TR00000000005574822
nt7593;TL;750669;N7593;N-8094;TR00000000005574823
nt7594;TL;750670;N7594;N-8095;TR00000000005574824
nt7595;TL;750671;N7595;N-8096;TR00000000005574825
nt7596;TL;750672;N7596;N-8097;TR00000000005574826
nt7597;TL;750673;N7597;N-8098;TR00000000005574827
nt7598;TL;750674;N7598;N-8099;TR00000000005574828
nt7599;TL;750675;N7599;N-8100;TR00000000005574829
nt7600;TL;750676;N7600;N-8101;TR00000000005574830
nt7601;TL;750677;N7601;N-8102;TR00000000005574831
nt7602;TL;750678;N7602;N-8103;TR00000000005574832
nt7603;TL;750679;N7603;N-8104;TR00000000005574833
nt7604;TL;750680;N7604;N-8105;TR00000000005574834
nt7605;TL;750681;N7605;N-8106;TR00000000005574835
nt7606;TL;750682;N7606;N-8107;TR00000000005574836
nt7607;TL;750683;N7607;N-8108;TR00000000005574837
nt7608;TL;750684;N7608;N-8109;TR00000000005574838
nt7609;TL;750685;N7609;N-8110;TR00000000005574839
nt7610;TL;750686;N7610;N-8111;TR00000000005574840
nt7611;TL;750687;N7611;N-8112;TR00000000005574841
nt7612;TL;750688;N7612;N-8113;TR00000000005574842
nt7613;TL;750689;N7613;N-8114;TR00000000005574843
nt7614;TL;750690;N7614;N-8115;TR00000000005574844
nt7615;TL;750691;N7615;N-8116;TR00000000005574845
nt7616;TL;750692;N7616;N-8117;TR00000000005574846
nt7617;TL;750693;N7617;N-8118;TR00000000005574847
nt7618;TL;750694;N7618;N-8119;TR00000000005574848
nt7619;TL;750695;N7619;N-8120;TR00000000005574849
nt7620;TL;750696;N7620;N-8121;TR00000000005574850
nt7621;TL;750697;N7621;N-8122;TR00000000005574851
nt7622;TL;750698;N7622;N-8123;TR00000000005574852
nt7623;TL;750699;N7623;N-8124;TR00000000005574853
nt7624;TL;750700;N7624;N-8125;TR00000000005574854
nt7625;TL;750701;N7625;N-8126;TR00000000005574855
nt7626;TL;750702;N7626;N-8127;TR00000000005574856
nt7627;TL;750703;N7627;N-8128;TR00000000005574857
nt7628;TL;750704;N7628;N-8129;TR00000000005574858
nt7629;TL;750705;N7629;N-8130;TR00000000005574859
nt7630;TL;750706;N7630;N-8131;TR00000000005574860
nt7631;TL;750707;N7631;N-8132;TR00000000005574861
nt7632;TL;750708;N7632;N-8133;TR00000000005574862
nt7633;TL;750709;N7633;N-8134;TR00000000005574863
nt7634;TL;750710;N7634;N-8135;TR00000000005574864
nt7635;TL;750711;N7635;N-8136;TR00000000005574865
nt7636;TL;750712;N7636;N-8137;TR00000000005574866
nt7637;TL;750713;N7637;N-8138;TR00000000005574867
nt7638;TL;750714;N7638;N-8139;TR00000000005574868
nt7639;TL;750715;N7639;N-8140;TR00000000005574869
nt7640;TL;750716;N7640;N-8141;TR00000000005574870
nt7641;TL;750717;N7641;N-8142;TR00000000005574871
nt7642;TL;750718;N7642;N-8143;TR00000000005574872
nt7643;TL;750719;N7643;N-8144;TR00000000005574873
nt7644;TL;750720;N7644;N-8145;TR00000000005574874
nt7645;TL;750721;N7645;N-8146;TR00000000005574875
nt7646;TL;750722;N7646;N-8147;TR00000000005574876
nt7647;TL;750723;N7647;N-8148;TR00000000005574877
nt7648;TL;750724;N7648;N-8149;TR00000000005574878
nt7649;TL;750725;N7649;N-8150;TR00000000005574879
nt7650;TL;750726;N7650;N-8151;TR00000000005574880
nt7651;TL;750727;N7651;N-8152;TR00000000005574881
nt7652;TL;750728;N7652;N-8153;TR00000000005574882
nt7653;TL;750729;N7653;N-8154;TR00000000005574883
nt7654;TL;750730;N7654;N-8155;TR00000000005574884
nt7655;TL;750731;N7655;N-8156;TR00000000005574885
nt7656;TL;750732;N7656;N-8157;TR00000000005574886
nt7657;TL;750733;N7657;N-8158;TR00000000005574887
nt7658;TL;750734;N7658;N-8159;TR00000000005574888
nt7659;TL;750735;N7659;N-8160;TR00000000005574889
nt7660;TL;750736;N7660;N-8161;TR00000000005574890
nt7661;TL;750737;N7661;N-8162;TR00000000005574891
nt7662;TL;750738;N7662;N-8163;TR00000000005574892
nt7663;TL;750739;N7663;N-8164;TR00000000005574893
nt7664;TL;750740;N7664;N-8165;TR00000000005574894
nt7665;TL;750741;N7665;N-8166;TR00000000005574895
nt7666;TL;750742;N7666;N-8167;TR00000000005574896
nt7667;TL;750743;N7667;N-8168;TR00000000005574897
nt7668;TL;750744;N7668;N-8169;TR00000000005574898
nt7669;TL;750745;N7669;N-8170;TR00000000005574899
nt7670;TL;750746;N7670;N-8171;TR00000000005574900
nt7671;TL;750747;N7671;N-8172;TR00000000005574901
nt7672;TL;750748;N7672;N-8173;TR00000000005574902
nt7673;TL;750749;N7673;N-8174;TR00000000005574903
nt7674;TL;750750;N7674;N-8175;TR00000000005574904
nt7675;TL;750751;N7675;N-8176;TR00000000005574905
nt7676;TL;750752;N7676;N-8177;TR00000000005574906
nt7677;TL;750753;N7677;N-8178;TR00000000005574907
nt7678;TL;750754;N7678;N-8179;TR00000000005574908
nt7679;TL;750755;N7679;N-8180;TR00000000005574909
nt7680;TL;750756;N7680;N-8181;TR00000000005574910
nt7681;TL;750757;N7681;N-8182;TR00000000005574911
nt7682;TL;750758;N7682;N-8183;TR00000000005574912
nt7683;TL;750759;N7683;N-8184;TR00000000005574913
nt7684;TL;750760;N7684;N-8185;TR00000000005574914
nt7685;TL;750761;N7685;N-8186;TR00000000005574915
nt7686;TL;750762;N7686;N-8187;TR00000000005574916
nt7687;TL;750763;N7687;N-8188;TR00000000005574917
nt7688;TL;750764;N7688;N-8189;TR00000000005574918
nt7689;TL;750765;N7689;N-8190;TR00000000005574919
nt7690;TL;750766;N7690;N-8191;TR00000000005574920
nt7691;TL;750767;N7691;N-8192;TR00000000005574921
nt7692;TL;750768;N7692;N-8193;TR00000000005574922
nt7693;TL;750769;N7693;N-8194;TR00000000005574923
nt7694;TL;750770;N7694;N-8195;TR00000000005574924
nt7695;TL;750771;N7695;N-8196;TR00000000005574925
nt7696;TL;750772;N7696;N-8197;TR00000000005574926
nt7697;TL;750773;N7697;N-8198;TR00000000005574927
nt7698;TL;750774;N7698;N-8199;TR00000000005574928
nt7699;TL;750775;N7699;N-8200;TR00000000005574929
nt7700;TL;750776;N7700;N-8201;TR00000000005574930
nt7701;TL;750777;N7701;N-8202;TR00000000005574931
nt7702;TL;750778;N7702;N-8203;TR00000000005574932
nt7703;TL;750779;N7703;N-8204;TR00000000005574933
nt7704;TL;750780;N7704;N-8205;TR00000000005574934
nt7705;TL;750781;N7705;N-8206;TR00000000005574935
nt7706;TL;750782;N7706;N-8207;TR00000000005574936
nt7707;TL;750783;N7707;N-8208;TR00000000005574937
nt7708;TL;750784;N7708;N-8209;TR00000000005574938
nt7709;TL;750785;N7709;N-8210;TR00000000005574939
nt7710;TL;750786;N7710;N-8211;TR00000000005574940
nt7711;TL;750787;N7711;N-8212;TR00000000005574941
nt7712;TL;750788;N7712;N-8213;TR00000000005574942
nt7713;TL;750789;N7713;N-8214;TR00000000005574943
nt7714;TL;750790;N7714;N-8215;TR00000000005574944
nt7715;TL;750791;N7715;N-8216;TR00000000005574945
nt7716;TL;750792;N7716;N-8217;TR00000000005574946
nt7717;TL;750793;N7717;N-8218;TR00000000005574947
nt7718;TL;750794;N7718;N-8219;TR00000000005574948
nt7719;TL;750795;N7719;N-8220;TR00000000005574949
nt7720;TL;750796;N7720;N-8221;TR00000000005574950
nt7721;TL;750797;N7721;N-8222;TR00000000005574951
nt7722;TL;750798;N7722;N-8223;TR00000000005574952
nt7723;TL;750799;N7723;N-8224;TR00000000005574953
nt7724;TL;750800;N7724;N-8225;TR00000000005574954
nt7725;TL;750801;N7725;N-8226;TR00000000005574955
nt7726;TL;750802;N7726;N-8227;TR00000000005574956
nt7727;TL;750803;N7727;N-8228;TR00000000005574957
nt7728;TL;750804;N7728;N-8229;TR00000000005574958
nt7729;TL;750805;N7729;N-8230;TR00000000005574959
nt7730;TL;750806;N7730;N-8231;TR00000000005574960
nt7731;TL;750807;N7731;N-8232;TR00000000005574961
nt7732;TL;750808;N7732;N-8233;TR00000000005574962
nt7733;TL;750809;N7733;N-8234;TR00000000005574963
nt7734;TL;750810;N7734;N-8235;TR00000000005574964
nt7735;TL;750811;N7735;N-8236;TR00000000005574965
nt7736;TL;750812;N7736;N-8237;TR00000000005574966
nt7737;TL;750813;N7737;N-8238;TR00000000005574967
nt7738;TL;750814;N7738;N-8239;TR00000000005574968
nt7739;TL;750815;N7739;N-8240;TR00000000005574969
nt7740;TL;750816;N7740;N-8241;TR00000000005574970
nt7741;TL;750817;N7741;N-8242;TR00000000005574971
nt7742;TL;750818;N7742;N-8243;TR00000000005574972
nt7743;TL;750819;N7743;N-8244;TR00000000005574973
nt7744;TL;750820;N7744;N-8245;TR00000000005574974
nt7745;TL;750821;N7745;N-8246;TR00000000005574975
nt7746;TL;750822;N7746;N-8247;TR00000000005574976
nt7747;TL;750823;N7747;N-8248;TR00000000005574977
nt7748;TL;750824;N7748;N-8249;TR00000000005574978
nt7749;TL;750825;N7749;N-8250;TR00000000005574979
nt7750;TL;750826;N7750;N-8251;TR00000000005574980
nt7751;TL;750827;N7751;N-8252;TR00000000005574981
nt7752;TL;750828;N7752;N-8253;TR00000000005574982
nt7753;TL;750829;N7753;N-8254;TR00000000005574983
nt7754;TL;750830;N7754;N-8255;TR00000000005574984
nt7755;TL;750831;N7755;N-8256;TR00000000005574985
nt7756;TL;750832;N7756;N-8257;TR00000000005574986
nt7757;TL;750833;N7757;N-8258;TR00000000005574987
nt7758;TL;750834;N7758;N-8259;TR00000000005574988
nt7759;TL;750835;N7759;N-8260;TR00000000005574989
nt7760;TL;750836;N7760;N-8261;TR00000000005574990
nt7761;TL;750837;N7761;N-8262;TR00000000005574991
nt7762;TL;750838;N7762;N-8263;TR00000000005574992
nt7763;TL;750839;N7763;N-8264;TR00000000005574993
nt7764;TL;750840;N7764;N-8265;TR00000000005574994
nt7765;TL;750841;N7765;N-8266;TR00000000005574995
nt7766;TL;750842;N7766;N-8267;TR00000000005574996
nt7767;TL;750843;N7767;N-8268;TR00000000005574997
nt7768;TL;750844;N7768;N-8269;TR00000000005574998
nt7769;TL;750845;N7769;N-8270;TR00000000005574999
nt7770;TL;750846;N7770;N-8271;TR00000000005575000
nt7771;TL;750847;N7771;N-8272;TR00000000005575001
nt7772;TL;750848;N7772;N-8273;TR00000000005575002
nt7773;TL;750849;N7773;N-8274;TR00000000005575003
nt7774;TL;750850;N7774;N-8275;TR00000000005575004
nt7775;TL;750851;N7775;N-8276;TR00000000005575005
nt7776;TL;750852;N7776;N-8277;TR00000000005575006
nt7777;TL;750853;N7777;N-8278;TR00000000005575007
nt7778;TL;750854;N7778;N-8279;TR00000000005575008
nt7779;TL;750855;N7779;N-8280;TR00000000005575009
nt7780;TL;750856;N7780;N-8281;TR00000000005575010
nt7781;TL;750857;N7781;N-8282;TR00000000005575011
nt7782;TL;750858;N7782;N-8283;TR00000000005575012
nt7783;TL;750859;N7783;N-8284;TR00000000005575013
nt7784;TL;750860;N7784;N-8285;TR00000000005575014
nt7785;TL;750861;N7785;N-8286;TR00000000005575015
nt7786;TL;750862;N7786;N-8287;TR00000000005575016
nt7787;TL;750863;N7787;N-8288;TR00000000005575017
nt7788;TL;750864;N7788;N-8289;TR00000000005575018
nt7789;TL;750865;N7789;N-8290;TR00000000005575019
nt7790;TL;750866;N7790;N-8291;TR00000000005575020
nt7791;TL;750867;N7791;N-8292;TR00000000005575021
nt7792;TL;750868;N7792;N-8293;TR00000000005575022
nt7793;TL;750869;N7793;N-8294;TR00000000005575023
nt7794;TL;750870;N7794;N-8295;TR00000000005575024
nt7795;TL;750871;N7795;N-8296;TR00000000005575025
nt7796;TL;750872;N7796;N-8297;TR00000000005575026
nt7797;TL;750873;N7797;N-8298;TR00000000005575027
nt7798;TL;750874;N7798;N-8299;TR00000000005575028
nt7799;TL;750875;N7799;N-8300;TR00000000005575029
nt7800;TL;750876;N7800;N-8301;TR00000000005575030
nt7801;TL;750877;N7801;N-8302;TR00000000005575031
nt7802;TL;750878;N7802;N-8303;TR00000000005575032
nt7803;TL;750879;N7803;N-8304;TR00000000005575033
nt7804;TL;750880;N7804;N-8305;TR00000000005575034
nt7805;TL;750881;N7805;N-8306;TR00000000005575035
nt7806;TL;750882;N7806;N-8307;TR00000000005575036
nt7807;TL;750883;N7807;N-8308;TR00000000005575037
nt7808;TL;750884;N7808;N-8309;TR00000000005575038
nt7809;TL;750885;N7809;N-8310;TR00000000005575039
nt7810;TL;750886;N7810;N-8311;TR00000000005575040
nt7811;TL;750887;N7811;N-8312;TR00000000005575041
nt7812;TL;750888;N7812;N-8313;TR00000000005575042
nt7813;TL;750889;N7813;N-8314;TR00000000005575043
nt7814;TL;750890;N7814;N-8315;TR00000000005575044
nt7815;TL;750891;N7815;N-8316;TR00000000005575045
nt7816;TL;750892;N7816;N-8317;TR00000000005575046
nt7817;TL;750893;N7817;N-8318;TR00000000005575047
nt7818;TL;750894;N7818;N-8319;TR00000000005575048
nt7819;TL;750895;N7819;N-8320;TR00000000005575049
nt7820;TL;750896;N7820;N-8321;TR00000000005575050
nt7821;TL;750897;N7821;N-8322;TR00000000005575051
nt7822;TL;750898;N7822;N-8323;TR00000000005575052
nt7823;TL;750899;N7823;N-8324;TR00000000005575053
nt7824;TL;750900;N7824;N-8325;TR00000000005575054
nt7825;TL;750901;N7825;N-8326;TR00000000005575055
nt7826;TL;750902;N7826;N-8327;TR00000000005575056
nt7827;TL;750903;N7827;N-8328;TR00000000005575057
nt7828;TL;750904;N7828;N-8329;TR00000000005575058
nt7829;TL;750905;N7829;N-8330;TR00000000005575059
nt7830;TL;750906;N7830;N-8331;TR00000000005575060
nt7831;TL;750907;N7831;N-8332;TR00000000005575061
nt7832;TL;750908;N7832;N-8333;TR00000000005575062
nt7833;TL;750909;N7833;N-8334;TR00000000005575063
nt7834;TL;750910;N7834;N-8335;TR00000000005575064
nt7835;TL;750911;N7835;N-8336;TR00000000005575065
nt7836;TL;750912;N7836;N-8337;TR00000000005575066
nt7837;TL;750913;N7837;N-8338;TR00000000005575067
nt7838;TL;750914;N7838;N-8339;TR00000000005575068
nt7839;TL;750915;N7839;N-8340;TR00000000005575069
nt7840;TL;750916;N7840;N-8341;TR00000000005575070
nt7841;TL;750917;N7841;N-8342;TR00000000005575071
nt7842;TL;750918;N7842;N-8343;TR00000000005575072
nt7843;TL;750919;N7843;N-8344;TR00000000005575073
nt7844;TL;750920;N7844;N-8345;TR00000000005575074
nt7845;TL;750921;N7845;N-8346;TR00000000005575075
nt7846;TL;750922;N7846;N-8347;TR00000000005575076
nt7847;TL;750923;N7847;N-8348;TR00000000005575077
nt7848;TL;750924;N7848;N-8349;TR00000000005575078
nt7849;TL;750925;N7849;N-8350;TR00000000005575079
nt7850;TL;750926;N7850;N-8351;TR00000000005575080
nt7851;TL;750927;N7851;N-8352;TR00000000005575081
nt7852;TL;750928;N7852;N-8353;TR00000000005575082
nt7853;TL;750929;N7853;N-8354;TR00000000005575083
nt7854;TL;750930;N7854;N-8355;TR00000000005575084
nt7855;TL;750931;N7855;N-8356;TR00000000005575085
nt7856;TL;750932;N7856;N-8357;TR00000000005575086
nt7857;TL;750933;N7857;N-8358;TR00000000005575087
nt7858;TL;750934;N7858;N-8359;TR00000000005575088
nt7859;TL;750935;N7859;N-8360;TR00000000005575089
nt7860;TL;750936;N7860;N-8361;TR00000000005575090
nt7861;TL;750937;N7861;N-8362;TR00000000005575091
nt7862;TL;750938;N7862;N-8363;TR00000000005575092
nt7863;TL;750939;N7863;N-8364;TR00000000005575093
nt7864;TL;750940;N7864;N-8365;TR00000000005575094
nt7865;TL;750941;N7865;N-8366;TR00000000005575095
nt7866;TL;750942;N7866;N-8367;TR00000000005575096
nt7867;TL;750943;N7867;N-8368;TR00000000005575097
nt7868;TL;750944;N7868;N-8369;TR00000000005575098
nt7869;TL;750945;N7869;N-8370;TR00000000005575099
nt7870;TL;750946;N7870;N-8371;TR00000000005575100
nt7871;TL;750947;N7871;N-8372;TR00000000005575101
nt7872;TL;750948;N7872;N-8373;TR00000000005575102
nt7873;TL;750949;N7873;N-8374;TR00000000005575103
nt7874;TL;750950;N7874;N-8375;TR00000000005575104
nt7875;TL;750951;N7875;N-8376;TR00000000005575105
nt7876;TL;750952;N7876;N-8377;TR00000000005575106
nt7877;TL;750953;N7877;N-8378;TR00000000005575107
nt7878;TL;750954;N7878;N-8379;TR00000000005575108
nt7879;TL;750955;N7879;N-8380;TR00000000005575109
nt7880;TL;750956;N7880;N-8381;TR00000000005575110
nt7881;TL;750957;N7881;N-8382;TR00000000005575111
nt7882;TL;750958;N7882;N-8383;TR00000000005575112
nt7883;TL;750959;N7883;N-8384;TR00000000005575113
nt7884;TL;750960;N7884;N-8385;TR00000000005575114
nt7885;TL;750961;N7885;N-8386;TR00000000005575115
nt7886;TL;750962;N7886;N-8387;TR00000000005575116
nt7887;TL;750963;N7887;N-8388;TR00000000005575117
nt7888;TL;750964;N7888;N-8389;TR00000000005575118
nt7889;TL;750965;N7889;N-8390;TR00000000005575119
nt7890;TL;750966;N7890;N-8391;TR00000000005575120
nt7891;TL;750967;N7891;N-8392;TR00000000005575121
nt7892;TL;750968;N7892;N-8393;TR00000000005575122
nt7893;TL;750969;N7893;N-8394;TR00000000005575123
nt7894;TL;750970;N7894;N-8395;TR00000000005575124
nt7895;TL;750971;N7895;N-8396;TR00000000005575125
nt7896;TL;750972;N7896;N-8397;TR00000000005575126
nt7897;TL;750973;N7897;N-8398;TR00000000005575127
nt7898;TL;750974;N7898;N-8399;TR00000000005575128
nt7899;TL;750975;N7899;N-8400;TR00000000005575129
nt7900;TL;750976;N7900;N-8401;TR00000000005575130
nt7901;TL;750977;N7901;N-8402;TR00000000005575131
nt7902;TL;750978;N7902;N-8403;TR00000000005575132
nt7903;TL;750979;N7903;N-8404;TR00000000005575133
nt7904;TL;750980;N7904;N-8405;TR00000000005575134
nt7905;TL;750981;N7905;N-8406;TR00000000005575135
nt7906;TL;750982;N7906;N-8407;TR00000000005575136
nt7907;TL;750983;N7907;N-8408;TR00000000005575137
nt7908;TL;750984;N7908;N-8409;TR00000000005575138
nt7909;TL;750985;N7909;N-8410;TR00000000005575139
nt7910;TL;750986;N7910;N-8411;TR00000000005575140
nt7911;TL;750987;N7911;N-8412;TR00000000005575141
nt7912;TL;750988;N7912;N-8413;TR00000000005575142
nt7913;TL;750989;N7913;N-8414;TR00000000005575143
nt7914;TL;750990;N7914;N-8415;TR00000000005575144
nt7915;TL;750991;N7915;N-8416;TR00000000005575145
nt7916;TL;750992;N7916;N-8417;TR00000000005575146
nt7917;TL;750993;N7917;N-8418;TR00000000005575147
nt7918;TL;750994;N7918;N-8419;TR00000000005575148
nt7919;TL;750995;N7919;N-8420;TR00000000005575149
nt7920;TL;750996;N7920;N-8421;TR00000000005575150
nt7921;TL;750997;N7921;N-8422;TR00000000005575151
nt7922;TL;750998;N7922;N-8423;TR00000000005575152
nt7923;TL;750999;N7923;N-8424;TR00000000005575153
nt7924;TL;751000;N7924;N-8425;TR00000000005575154
nt7925;TL;751001;N7925;N-8426;TR00000000005575155
nt7926;TL;751002;N7926;N-8427;TR00000000005575156
nt7927;TL;751003;N7927;N-8428;TR00000000005575157
nt7928;TL;751004;N7928;N-8429;TR00000000005575158
nt7929;TL;751005;N7929;N-8430;TR00000000005575159
nt7930;TL;751006;N7930;N-8431;TR00000000005575160
nt7931;TL;751007;N7931;N-8432;TR00000000005575161
nt7932;TL;751008;N7932;N-8433;TR00000000005575162
nt7933;TL;751009;N7933;N-8434;TR00000000005575163
nt7934;TL;751010;N7934;N-8435;TR00000000005575164
nt7935;TL;751011;N7935;N-8436;TR00000000005575165
nt7936;TL;751012;N7936;N-8437;TR00000000005575166
nt7937;TL;751013;N7937;N-8438;TR00000000005575167
nt7938;TL;751014;N7938;N-8439;TR00000000005575168
nt7939;TL;751015;N7939;N-8440;TR00000000005575169
nt7940;TL;751016;N7940;N-8441;TR00000000005575170
nt7941;TL;751017;N7941;N-8442;TR00000000005575171
nt7942;TL;751018;N7942;N-8443;TR00000000005575172
nt7943;TL;751019;N7943;N-8444;TR00000000005575173
nt7944;TL;751020;N7944;N-8445;TR00000000005575174
nt7945;TL;751021;N7945;N-8446;TR00000000005575175
nt7946;TL;751022;N7946;N-8447;TR00000000005575176
nt7947;TL;751023;N7947;N-8448;TR00000000005575177
nt7948;TL;751024;N7948;N-8449;TR00000000005575178
nt7949;TL;751025;N7949;N-8450;TR00000000005575179
nt7950;TL;751026;N7950;N-8451;TR00000000005575180
nt7951;TL;751027;N7951;N-8452;TR00000000005575181
nt7952;TL;751028;N7952;N-8453;TR00000000005575182
nt7953;TL;751029;N7953;N-8454;TR00000000005575183
nt7954;TL;751030;N7954;N-8455;TR00000000005575184
nt7955;TL;751031;N7955;N-8456;TR00000000005575185
nt7956;TL;751032;N7956;N-8457;TR00000000005575186
nt7957;TL;751033;N7957;N-8458;TR00000000005575187
nt7958;TL;751034;N7958;N-8459;TR00000000005575188
nt7959;TL;751035;N7959;N-8460;TR00000000005575189
nt7960;TL;751036;N7960;N-8461;TR00000000005575190
nt7961;TL;751037;N7961;N-8462;TR00000000005575191
nt7962;TL;751038;N7962;N-8463;TR00000000005575192
nt7963;TL;751039;N7963;N-8464;TR00000000005575193
nt7964;TL;751040;N7964;N-8465;TR00000000005575194
nt7965;TL;751041;N7965;N-8466;TR00000000005575195
nt7966;TL;751042;N7966;N-8467;TR00000000005575196
nt7967;TL;751043;N7967;N-8468;TR00000000005575197
nt7968;TL;751044;N7968;N-8469;TR00000000005575198
nt7969;TL;751045;N7969;N-8470;TR00000000005575199
nt7970;TL;751046;N7970;N-8471;TR00000000005575200
nt7971;TL;751047;N7971;N-8472;TR00000000005575201
nt7972;TL;751048;N7972;N-8473;TR00000000005575202
nt7973;TL;751049;N7973;N-8474;TR00000000005575203
nt7974;TL;751050;N7974;N-8475;TR00000000005575204
nt7975;TL;751051;N7975;N-8476;TR00000000005575205
nt7976;TL;751052;N7976;N-8477;TR00000000005575206
nt7977;TL;751053;N7977;N-8478;TR00000000005575207
nt7978;TL;751054;N7978;N-8479;TR00000000005575208
nt7979;TL;751055;N7979;N-8480;TR00000000005575209
nt7980;TL;751056;N7980;N-8481;TR00000000005575210
nt7981;TL;751057;N7981;N-8482;TR00000000005575211
nt7982;TL;751058;N7982;N-8483;TR00000000005575212
nt7983;TL;751059;N7983;N-8484;TR00000000005575213
nt7984;TL;751060;N7984;N-8485;TR00000000005575214
nt7985;TL;751061;N7985;N-8486;TR00000000005575215
nt7986;TL;751062;N7986;N-8487;TR00000000005575216
nt7987;TL;751063;N7987;N-8488;TR00000000005575217
nt7988;TL;751064;N7988;N-8489;TR00000000005575218
nt7989;TL;751065;N7989;N-8490;TR00000000005575219
nt7990;TL;751066;N7990;N-8491;TR00000000005575220
nt7991;TL;751067;N7991;N-8492;TR00000000005575221
nt7992;TL;751068;N7992;N-8493;TR00000000005575222
nt7993;TL;751069;N7993;N-8494;TR00000000005575223
nt7994;TL;751070;N7994;N-8495;TR00000000005575224
nt7995;TL;751071;N7995;N-8496;TR00000000005575225
nt7996;TL;751072;N7996;N-8497;TR00000000005575226
nt7997;TL;751073;N7997;N-8498;TR00000000005575227
nt7998;TL;751074;N7998;N-8499;TR00000000005575228
nt7999;TL;751075;N7999;N-8500;TR00000000005575229
nt8000;TL;751076;N8000;N-8501;TR00000000005575230
nt8001;TL;751077;N8001;N-8502;TR00000000005575231
nt8002;TL;751078;N8002;N-8503;TR00000000005575232
nt8003;TL;751079;N8003;N-8504;TR00000000005575233
nt8004;TL;751080;N8004;N-8505;TR00000000005575234
nt8005;TL;751081;N8005;N-8506;TR00000000005575235
nt8006;TL;751082;N8006;N-8507;TR00000000005575236
nt8007;TL;751083;N8007;N-8508;TR00000000005575237
nt8008;TL;751084;N8008;N-8509;TR00000000005575238
nt8009;TL;751085;N8009;N-8510;TR00000000005575239
nt8010;TL;751086;N8010;N-8511;TR00000000005575240
nt8011;TL;751087;N8011;N-8512;TR00000000005575241
nt8012;TL;751088;N8012;N-8513;TR00000000005575242
nt8013;TL;751089;N8013;N-8514;TR00000000005575243
nt8014;TL;751090;N8014;N-8515;TR00000000005575244
nt8015;TL;751091;N8015;N-8516;TR00000000005575245
nt8016;TL;751092;N8016;N-8517;TR00000000005575246
nt8017;TL;751093;N8017;N-8518;TR00000000005575247
nt8018;TL;751094;N8018;N-8519;TR00000000005575248
nt8019;TL;751095;N8019;N-8520;TR00000000005575249
nt8020;TL;751096;N8020;N-8521;TR00000000005575250
nt8021;TL;751097;N8021;N-8522;TR00000000005575251
nt8022;TL;751098;N8022;N-8523;TR00000000005575252
nt8023;TL;751099;N8023;N-8524;TR00000000005575253
nt8024;TL;751100;N8024;N-8525;TR00000000005575254
nt8025;TL;751101;N8025;N-8526;TR00000000005575255
nt8026;TL;751102;N8026;N-8527;TR00000000005575256
nt8027;TL;751103;N8027;N-8528;TR00000000005575257
nt8028;TL;751104;N8028;N-8529;TR00000000005575258
nt8029;TL;751105;N8029;N-8530;TR00000000005575259
nt8030;TL;751106;N8030;N-8531;TR00000000005575260
nt8031;TL;751107;N8031;N-8532;TR00000000005575261
nt8032;TL;751108;N8032;N-8533;TR00000000005575262
nt8033;TL;751109;N8033;N-8534;TR00000000005575263
nt8034;TL;751110;N8034;N-8535;TR00000000005575264
nt8035;TL;751111;N8035;N-8536;TR00000000005575265
nt8036;TL;751112;N8036;N-8537;TR00000000005575266
nt8037;TL;751113;N8037;N-8538;TR00000000005575267
nt8038;TL;751114;N8038;N-8539;TR00000000005575268
nt8039;TL;751115;N8039;N-8540;TR00000000005575269
nt8040;TL;751116;N8040;N-8541;TR00000000005575270
nt8041;TL;751117;N8041;N-8542;TR00000000005575271
nt8042;TL;751118;N8042;N-8543;TR00000000005575272
nt8043;TL;751119;N8043;N-8544;TR00000000005575273
nt8044;TL;751120;N8044;N-8545;TR00000000005575274
nt8045;TL;751121;N8045;N-8546;TR00000000005575275
nt8046;TL;751122;N8046;N-8547;TR00000000005575276
nt8047;TL;751123;N8047;N-8548;TR00000000005575277
nt8048;TL;751124;N8048;N-8549;TR00000000005575278
nt8049;TL;751125;N8049;N-8550;TR00000000005575279
nt8050;TL;751126;N8050;N-8551;TR00000000005575280
nt8051;TL;751127;N8051;N-8552;TR00000000005575281
nt8052;TL;751128;N8052;N-8553;TR00000000005575282
nt8053;TL;751129;N8053;N-8554;TR00000000005575283
nt8054;TL;751130;N8054;N-8555;TR00000000005575284
nt8055;TL;751131;N8055;N-8556;TR00000000005575285
nt8056;TL;751132;N8056;N-8557;TR00000000005575286
nt8057;TL;751133;N8057;N-8558;TR00000000005575287
nt8058;TL;751134;N8058;N-8559;TR00000000005575288
nt8059;TL;751135;N8059;N-8560;TR00000000005575289
nt8060;TL;751136;N8060;N-8561;TR00000000005575290
nt8061;TL;751137;N8061;N-8562;TR00000000005575291
nt8062;TL;751138;N8062;N-8563;TR00000000005575292
nt8063;TL;751139;N8063;N-8564;TR00000000005575293
nt8064;TL;751140;N8064;N-8565;TR00000000005575294
nt8065;TL;751141;N8065;N-8566;TR00000000005575295
nt8066;TL;751142;N8066;N-8567;TR00000000005575296
nt8067;TL;751143;N8067;N-8568;TR00000000005575297
nt8068;TL;751144;N8068;N-8569;TR00000000005575298
nt8069;TL;751145;N8069;N-8570;TR00000000005575299
nt8070;TL;751146;N8070;N-8571;TR00000000005575300
nt8071;TL;751147;N8071;N-8572;TR00000000005575301
nt8072;TL;751148;N8072;N-8573;TR00000000005575302
nt8073;TL;751149;N8073;N-8574;TR00000000005575303
nt8074;TL;751150;N8074;N-8575;TR00000000005575304
nt8075;TL;751151;N8075;N-8576;TR00000000005575305
nt8076;TL;751152;N8076;N-8577;TR00000000005575306
nt8077;TL;751153;N8077;N-8578;TR00000000005575307
nt8078;TL;751154;N8078;N-8579;TR00000000005575308
nt8079;TL;751155;N8079;N-8580;TR00000000005575309
nt8080;TL;751156;N8080;N-8581;TR00000000005575310
nt8081;TL;751157;N8081;N-8582;TR00000000005575311
nt8082;TL;751158;N8082;N-8583;TR00000000005575312
nt8083;TL;751159;N8083;N-8584;TR00000000005575313
nt8084;TL;751160;N8084;N-8585;TR00000000005575314
nt8085;TL;751161;N8085;N-8586;TR00000000005575315
nt8086;TL;751162;N8086;N-8587;TR00000000005575316
nt8087;TL;751163;N8087;N-8588;TR00000000005575317
nt8088;TL;751164;N8088;N-8589;TR00000000005575318
nt8089;TL;751165;N8089;N-8590;TR00000000005575319
nt8090;TL;751166;N8090;N-8591;TR00000000005575320
nt8091;TL;751167;N8091;N-8592;TR00000000005575321
nt8092;TL;751168;N8092;N-8593;TR00000000005575322
nt8093;TL;751169;N8093;N-8594;TR00000000005575323
nt8094;TL;751170;N8094;N-8595;TR00000000005575324
nt8095;TL;751171;N8095;N-8596;TR00000000005575325
nt8096;TL;751172;N8096;N-8597;TR00000000005575326
nt8097;TL;751173;N8097;N-8598;TR00000000005575327
nt8098;TL;751174;N8098;N-8599;TR00000000005575328
nt8099;TL;751175;N8099;N-8600;TR00000000005575329
nt8100;TL;751176;N8100;N-8601;TR00000000005575330
nt8101;TL;751177;N8101;N-8602;TR00000000005575331
nt8102;TL;751178;N8102;N-8603;TR00000000005575332
nt8103;TL;751179;N8103;N-8604;TR00000000005575333
nt8104;TL;751180;N8104;N-8605;TR00000000005575334
nt8105;TL;751181;N8105;N-8606;TR00000000005575335
nt8106;TL;751182;N8106;N-8607;TR00000000005575336
nt8107;TL;751183;N8107;N-8608;TR00000000005575337
nt8108;TL;751184;N8108;N-8609;TR00000000005575338
nt8109;TL;751185;N8109;N-8610;TR00000000005575339
nt8110;TL;751186;N8110;N-8611;TR00000000005575340
nt8111;TL;751187;N8111;N-8612;TR00000000005575341
nt8112;TL;751188;N8112;N-8613;TR00000000005575342
nt8113;TL;751189;N8113;N-8614;TR00000000005575343
nt8114;TL;751190;N8114;N-8615;TR00000000005575344
nt8115;TL;751191;N8115;N-8616;TR00000000005575345
nt8116;TL;751192;N8116;N-8617;TR00000000005575346
nt8117;TL;751193;N8117;N-8618;TR00000000005575347
nt8118;TL;751194;N8118;N-8619;TR00000000005575348
nt8119;TL;751195;N8119;N-8620;TR00000000005575349
nt8120;TL;751196;N8120;N-8621;TR00000000005575350
nt8121;TL;751197;N8121;N-8622;TR00000000005575351
nt8122;TL;751198;N8122;N-8623;TR00000000005575352
nt8123;TL;751199;N8123;N-8624;TR00000000005575353
nt8124;TL;751200;N8124;N-8625;TR00000000005575354
nt8125;TL;751201;N8125;N-8626;TR00000000005575355
nt8126;TL;751202;N8126;N-8627;TR00000000005575356
nt8127;TL;751203;N8127;N-8628;TR00000000005575357
nt8128;TL;751204;N8128;N-8629;TR00000000005575358
nt8129;TL;751205;N8129;N-8630;TR00000000005575359
nt8130;TL;751206;N8130;N-8631;TR00000000005575360
nt8131;TL;751207;N8131;N-8632;TR00000000005575361
nt8132;TL;751208;N8132;N-8633;TR00000000005575362
nt8133;TL;751209;N8133;N-8634;TR00000000005575363
nt8134;TL;751210;N8134;N-8635;TR00000000005575364
nt8135;TL;751211;N8135;N-8636;TR00000000005575365
nt8136;TL;751212;N8136;N-8637;TR00000000005575366
nt8137;TL;751213;N8137;N-8638;TR00000000005575367
nt8138;TL;751214;N8138;N-8639;TR00000000005575368
nt8139;TL;751215;N8139;N-8640;TR00000000005575369
nt8140;TL;751216;N8140;N-8641;TR00000000005575370
nt8141;TL;751217;N8141;N-8642;TR00000000005575371
nt8142;TL;751218;N8142;N-8643;TR00000000005575372
nt8143;TL;751219;N8143;N-8644;TR00000000005575373
nt8144;TL;751220;N8144;N-8645;TR00000000005575374
nt8145;TL;751221;N8145;N-8646;TR00000000005575375
nt8146;TL;751222;N8146;N-8647;TR00000000005575376
nt8147;TL;751223;N8147;N-8648;TR00000000005575377
nt8148;TL;751224;N8148;N-8649;TR00000000005575378
nt8149;TL;751225;N8149;N-8650;TR00000000005575379
nt8150;TL;751226;N8150;N-8651;TR00000000005575380
nt8151;TL;751227;N8151;N-8652;TR00000000005575381
nt8152;TL;751228;N8152;N-8653;TR00000000005575382
nt8153;TL;751229;N8153;N-8654;TR00000000005575383
nt8154;TL;751230;N8154;N-8655;TR00000000005575384
nt8155;TL;751231;N8155;N-8656;TR00000000005575385
nt8156;TL;751232;N8156;N-8657;TR00000000005575386
nt8157;TL;751233;N8157;N-8658;TR00000000005575387
nt8158;TL;751234;N8158;N-8659;TR00000000005575388
nt8159;TL;751235;N8159;N-8660;TR00000000005575389
nt8160;TL;751236;N8160;N-8661;TR00000000005575390
nt8161;TL;751237;N8161;N-8662;TR00000000005575391
nt8162;TL;751238;N8162;N-8663;TR00000000005575392
nt8163;TL;751239;N8163;N-8664;TR00000000005575393
nt8164;TL;751240;N8164;N-8665;TR00000000005575394
nt8165;TL;751241;N8165;N-8666;TR00000000005575395
nt8166;TL;751242;N8166;N-8667;TR00000000005575396
nt8167;TL;751243;N8167;N-8668;TR00000000005575397
nt8168;TL;751244;N8168;N-8669;TR00000000005575398
nt8169;TL;751245;N8169;N-8670;TR00000000005575399
nt8170;TL;751246;N8170;N-8671;TR00000000005575400
nt8171;TL;751247;N8171;N-8672;TR00000000005575401
nt8172;TL;751248;N8172;N-8673;TR00000000005575402
nt8173;TL;751249;N8173;N-8674;TR00000000005575403
nt8174;TL;751250;N8174;N-8675;TR00000000005575404
nt8175;TL;751251;N8175;N-8676;TR00000000005575405
nt8176;TL;751252;N8176;N-8677;TR00000000005575406
nt8177;TL;751253;N8177;N-8678;TR00000000005575407
nt8178;TL;751254;N8178;N-8679;TR00000000005575408
nt8179;TL;751255;N8179;N-8680;TR00000000005575409
nt8180;TL;751256;N8180;N-8681;TR00000000005575410
nt8181;TL;751257;N8181;N-8682;TR00000000005575411
nt8182;TL;751258;N8182;N-8683;TR00000000005575412
nt8183;TL;751259;N8183;N-8684;TR00000000005575413
nt8184;TL;751260;N8184;N-8685;TR00000000005575414
nt8185;TL;751261;N8185;N-8686;TR00000000005575415
nt8186;TL;751262;N8186;N-8687;TR00000000005575416
nt8187;TL;751263;N8187;N-8688;TR00000000005575417
nt8188;TL;751264;N8188;N-8689;TR00000000005575418
nt8189;TL;751265;N8189;N-8690;TR00000000005575419
nt8190;TL;751266;N8190;N-8691;TR00000000005575420
nt8191;TL;751267;N8191;N-8692;TR00000000005575421
nt8192;TL;751268;N8192;N-8693;TR00000000005575422
nt8193;TL;751269;N8193;N-8694;TR00000000005575423
nt8194;TL;751270;N8194;N-8695;TR00000000005575424
nt8195;TL;751271;N8195;N-8696;TR00000000005575425
nt8196;TL;751272;N8196;N-8697;TR00000000005575426
nt8197;TL;751273;N8197;N-8698;TR00000000005575427
nt8198;TL;751274;N8198;N-8699;TR00000000005575428
nt8199;TL;751275;N8199;N-8700;TR00000000005575429
nt8200;TL;751276;N8200;N-8701;TR00000000005575430
nt8201;TL;751277;N8201;N-8702;TR00000000005575431
nt8202;TL;751278;N8202;N-8703;TR00000000005575432
nt8203;TL;751279;N8203;N-8704;TR00000000005575433
nt8204;TL;751280;N8204;N-8705;TR00000000005575434
nt8205;TL;751281;N8205;N-8706;TR00000000005575435
nt8206;TL;751282;N8206;N-8707;TR00000000005575436
nt8207;TL;751283;N8207;N-8708;TR00000000005575437
nt8208;TL;751284;N8208;N-8709;TR00000000005575438
nt8209;TL;751285;N8209;N-8710;TR00000000005575439
nt8210;TL;751286;N8210;N-8711;TR00000000005575440
nt8211;TL;751287;N8211;N-8712;TR00000000005575441
nt8212;TL;751288;N8212;N-8713;TR00000000005575442
nt8213;TL;751289;N8213;N-8714;TR00000000005575443
nt8214;TL;751290;N8214;N-8715;TR00000000005575444
nt8215;TL;751291;N8215;N-8716;TR00000000005575445
nt8216;TL;751292;N8216;N-8717;TR00000000005575446
nt8217;TL;751293;N8217;N-8718;TR00000000005575447
nt8218;TL;751294;N8218;N-8719;TR00000000005575448
nt8219;TL;751295;N8219;N-8720;TR00000000005575449
nt8220;TL;751296;N8220;N-8721;TR00000000005575450
nt8221;TL;751297;N8221;N-8722;TR00000000005575451
nt8222;TL;751298;N8222;N-8723;TR00000000005575452
nt8223;TL;751299;N8223;N-8724;TR00000000005575453
nt8224;TL;751300;N8224;N-8725;TR00000000005575454
nt8225;TL;751301;N8225;N-8726;TR00000000005575455
nt8226;TL;751302;N8226;N-8727;TR00000000005575456
nt8227;TL;751303;N8227;N-8728;TR00000000005575457
nt8228;TL;751304;N8228;N-8729;TR00000000005575458
nt8229;TL;751305;N8229;N-8730;TR00000000005575459
nt8230;TL;751306;N8230;N-8731;TR00000000005575460
nt8231;TL;751307;N8231;N-8732;TR00000000005575461
nt8232;TL;751308;N8232;N-8733;TR00000000005575462
nt8233;TL;751309;N8233;N-8734;TR00000000005575463
nt8234;TL;751310;N8234;N-8735;TR00000000005575464
nt8235;TL;751311;N8235;N-8736;TR00000000005575465
nt8236;TL;751312;N8236;N-8737;TR00000000005575466
nt8237;TL;751313;N8237;N-8738;TR00000000005575467
nt8238;TL;751314;N8238;N-8739;TR00000000005575468
nt8239;TL;751315;N8239;N-8740;TR00000000005575469
nt8240;TL;751316;N8240;N-8741;TR00000000005575470
nt8241;TL;751317;N8241;N-8742;TR00000000005575471
nt8242;TL;751318;N8242;N-8743;TR00000000005575472
nt8243;TL;751319;N8243;N-8744;TR00000000005575473
nt8244;TL;751320;N8244;N-8745;TR00000000005575474
nt8245;TL;751321;N8245;N-8746;TR00000000005575475
nt8246;TL;751322;N8246;N-8747;TR00000000005575476
nt8247;TL;751323;N8247;N-8748;TR00000000005575477
nt8248;TL;751324;N8248;N-8749;TR00000000005575478
nt8249;TL;751325;N8249;N-8750;TR00000000005575479
nt8250;TL;751326;N8250;N-8751;TR00000000005575480
nt8251;TL;751327;N8251;N-8752;TR00000000005575481
nt8252;TL;751328;N8252;N-8753;TR00000000005575482
nt8253;TL;751329;N8253;N-8754;TR00000000005575483
nt8254;TL;751330;N8254;N-8755;TR00000000005575484
nt8255;TL;751331;N8255;N-8756;TR00000000005575485
nt8256;TL;751332;N8256;N-8757;TR00000000005575486
nt8257;TL;751333;N8257;N-8758;TR00000000005575487
nt8258;TL;751334;N8258;N-8759;TR00000000005575488
nt8259;TL;751335;N8259;N-8760;TR00000000005575489
nt8260;TL;751336;N8260;N-8761;TR00000000005575490
nt8261;TL;751337;N8261;N-8762;TR00000000005575491
nt8262;TL;751338;N8262;N-8763;TR00000000005575492
nt8263;TL;751339;N8263;N-8764;TR00000000005575493
nt8264;TL;751340;N8264;N-8765;TR00000000005575494
nt8265;TL;751341;N8265;N-8766;TR00000000005575495
nt8266;TL;751342;N8266;N-8767;TR00000000005575496
nt8267;TL;751343;N8267;N-8768;TR00000000005575497
nt8268;TL;751344;N8268;N-8769;TR00000000005575498
nt8269;TL;751345;N8269;N-8770;TR00000000005575499
nt8270;TL;751346;N8270;N-8771;TR00000000005575500
nt8271;TL;751347;N8271;N-8772;TR00000000005575501
nt8272;TL;751348;N8272;N-8773;TR00000000005575502
nt8273;TL;751349;N8273;N-8774;TR00000000005575503
nt8274;TL;751350;N8274;N-8775;TR00000000005575504
nt8275;TL;751351;N8275;N-8776;TR00000000005575505
nt8276;TL;751352;N8276;N-8777;TR00000000005575506
nt8277;TL;751353;N8277;N-8778;TR00000000005575507
nt8278;TL;751354;N8278;N-8779;TR00000000005575508
nt8279;TL;751355;N8279;N-8780;TR00000000005575509
nt8280;TL;751356;N8280;N-8781;TR00000000005575510
nt8281;TL;751357;N8281;N-8782;TR00000000005575511
nt8282;TL;751358;N8282;N-8783;TR00000000005575512
nt8283;TL;751359;N8283;N-8784;TR00000000005575513
nt8284;TL;751360;N8284;N-8785;TR00000000005575514
nt8285;TL;751361;N8285;N-8786;TR00000000005575515
nt8286;TL;751362;N8286;N-8787;TR00000000005575516
nt8287;TL;751363;N8287;N-8788;TR00000000005575517
nt8288;TL;751364;N8288;N-8789;TR00000000005575518
nt8289;TL;751365;N8289;N-8790;TR00000000005575519
nt8290;TL;751366;N8290;N-8791;TR00000000005575520
nt8291;TL;751367;N8291;N-8792;TR00000000005575521
nt8292;TL;751368;N8292;N-8793;TR00000000005575522
nt8293;TL;751369;N8293;N-8794;TR00000000005575523
nt8294;TL;751370;N8294;N-8795;TR00000000005575524
nt8295;TL;751371;N8295;N-8796;TR00000000005575525
nt8296;TL;751372;N8296;N-8797;TR00000000005575526
nt8297;TL;751373;N8297;N-8798;TR00000000005575527
nt8298;TL;751374;N8298;N-8799;TR00000000005575528
nt8299;TL;751375;N8299;N-8800;TR00000000005575529
nt8300;TL;751376;N8300;N-8801;TR00000000005575530
nt8301;TL;751377;N8301;N-8802;TR00000000005575531
nt8302;TL;751378;N8302;N-8803;TR00000000005575532
nt8303;TL;751379;N8303;N-8804;TR00000000005575533
nt8304;TL;751380;N8304;N-8805;TR00000000005575534
nt8305;TL;751381;N8305;N-8806;TR00000000005575535
nt8306;TL;751382;N8306;N-8807;TR00000000005575536
nt8307;TL;751383;N8307;N-8808;TR00000000005575537
nt8308;TL;751384;N8308;N-8809;TR00000000005575538
nt8309;TL;751385;N8309;N-8810;TR00000000005575539
nt8310;TL;751386;N8310;N-8811;TR00000000005575540
nt8311;TL;751387;N8311;N-8812;TR00000000005575541
nt8312;TL;751388;N8312;N-8813;TR00000000005575542
nt8313;TL;751389;N8313;N-8814;TR00000000005575543
nt8314;TL;751390;N8314;N-8815;TR00000000005575544
nt8315;TL;751391;N8315;N-8816;TR00000000005575545
nt8316;TL;751392;N8316;N-8817;TR00000000005575546
nt8317;TL;751393;N8317;N-8818;TR00000000005575547
nt8318;TL;751394;N8318;N-8819;TR00000000005575548
nt8319;TL;751395;N8319;N-8820;TR00000000005575549
nt8320;TL;751396;N8320;N-8821;TR00000000005575550
nt8321;TL;751397;N8321;N-8822;TR00000000005575551
nt8322;TL;751398;N8322;N-8823;TR00000000005575552
nt8323;TL;751399;N8323;N-8824;TR00000000005575553
nt8324;TL;751400;N8324;N-8825;TR00000000005575554
nt8325;TL;751401;N8325;N-8826;TR00000000005575555
nt8326;TL;751402;N8326;N-8827;TR00000000005575556
nt8327;TL;751403;N8327;N-8828;TR00000000005575557
nt8328;TL;751404;N8328;N-8829;TR00000000005575558
nt8329;TL;751405;N8329;N-8830;TR00000000005575559
nt8330;TL;751406;N8330;N-8831;TR00000000005575560
nt8331;TL;751407;N8331;N-8832;TR00000000005575561
nt8332;TL;751408;N8332;N-8833;TR00000000005575562
nt8333;TL;751409;N8333;N-8834;TR00000000005575563
nt8334;TL;751410;N8334;N-8835;TR00000000005575564
nt8335;TL;751411;N8335;N-8836;TR00000000005575565
nt8336;TL;751412;N8336;N-8837;TR00000000005575566
nt8337;TL;751413;N8337;N-8838;TR00000000005575567
nt8338;TL;751414;N8338;N-8839;TR00000000005575568
nt8339;TL;751415;N8339;N-8840;TR00000000005575569
nt8340;TL;751416;N8340;N-8841;TR00000000005575570
nt8341;TL;751417;N8341;N-8842;TR00000000005575571
nt8342;TL;751418;N8342;N-8843;TR00000000005575572
nt8343;TL;751419;N8343;N-8844;TR00000000005575573
nt8344;TL;751420;N8344;N-8845;TR00000000005575574
nt8345;TL;751421;N8345;N-8846;TR00000000005575575
nt8346;TL;751422;N8346;N-8847;TR00000000005575576
nt8347;TL;751423;N8347;N-8848;TR00000000005575577
nt8348;TL;751424;N8348;N-8849;TR00000000005575578
nt8349;TL;751425;N8349;N-8850;TR00000000005575579
nt8350;TL;751426;N8350;N-8851;TR00000000005575580
nt8351;TL;751427;N8351;N-8852;TR00000000005575581
nt8352;TL;751428;N8352;N-8853;TR00000000005575582
nt8353;TL;751429;N8353;N-8854;TR00000000005575583
nt8354;TL;751430;N8354;N-8855;TR00000000005575584
nt8355;TL;751431;N8355;N-8856;TR00000000005575585
nt8356;TL;751432;N8356;N-8857;TR00000000005575586
nt8357;TL;751433;N8357;N-8858;TR00000000005575587
nt8358;TL;751434;N8358;N-8859;TR00000000005575588
nt8359;TL;751435;N8359;N-8860;TR00000000005575589
nt8360;TL;751436;N8360;N-8861;TR00000000005575590
nt8361;TL;751437;N8361;N-8862;TR00000000005575591
nt8362;TL;751438;N8362;N-8863;TR00000000005575592
nt8363;TL;751439;N8363;N-8864;TR00000000005575593
nt8364;TL;751440;N8364;N-8865;TR00000000005575594
nt8365;TL;751441;N8365;N-8866;TR00000000005575595
nt8366;TL;751442;N8366;N-8867;TR00000000005575596
nt8367;TL;751443;N8367;N-8868;TR00000000005575597
nt8368;TL;751444;N8368;N-8869;TR00000000005575598
nt8369;TL;751445;N8369;N-8870;TR00000000005575599
nt8370;TL;751446;N8370;N-8871;TR00000000005575600
nt8371;TL;751447;N8371;N-8872;TR00000000005575601
nt8372;TL;751448;N8372;N-8873;TR00000000005575602
nt8373;TL;751449;N8373;N-8874;TR00000000005575603
nt8374;TL;751450;N8374;N-8875;TR00000000005575604
nt8375;TL;751451;N8375;N-8876;TR00000000005575605
nt8376;TL;751452;N8376;N-8877;TR00000000005575606
nt8377;TL;751453;N8377;N-8878;TR00000000005575607
nt8378;TL;751454;N8378;N-8879;TR00000000005575608
nt8379;TL;751455;N8379;N-8880;TR00000000005575609
nt8380;TL;751456;N8380;N-8881;TR00000000005575610
nt8381;TL;751457;N8381;N-8882;TR00000000005575611
nt8382;TL;751458;N8382;N-8883;TR00000000005575612
nt8383;TL;751459;N8383;N-8884;TR00000000005575613
nt8384;TL;751460;N8384;N-8885;TR00000000005575614
nt8385;TL;751461;N8385;N-8886;TR00000000005575615
nt8386;TL;751462;N8386;N-8887;TR00000000005575616
nt8387;TL;751463;N8387;N-8888;TR00000000005575617
nt8388;TL;751464;N8388;N-8889;TR00000000005575618
nt8389;TL;751465;N8389;N-8890;TR00000000005575619
nt8390;TL;751466;N8390;N-8891;TR00000000005575620
nt8391;TL;751467;N8391;N-8892;TR00000000005575621
nt8392;TL;751468;N8392;N-8893;TR00000000005575622
nt8393;TL;751469;N8393;N-8894;TR00000000005575623
nt8394;TL;751470;N8394;N-8895;TR00000000005575624
nt8395;TL;751471;N8395;N-8896;TR00000000005575625
nt8396;TL;751472;N8396;N-8897;TR00000000005575626
nt8397;TL;751473;N8397;N-8898;TR00000000005575627
nt8398;TL;751474;N8398;N-8899;TR00000000005575628
nt8399;TL;751475;N8399;N-8900;TR00000000005575629
nt8400;TL;751476;N8400;N-8901;TR00000000005575630
nt8401;TL;751477;N8401;N-8902;TR00000000005575631
nt8402;TL;751478;N8402;N-8903;TR00000000005575632
nt8403;TL;751479;N8403;N-8904;TR00000000005575633
nt8404;TL;751480;N8404;N-8905;TR00000000005575634
nt8405;TL;751481;N8405;N-8906;TR00000000005575635
nt8406;TL;751482;N8406;N-8907;TR00000000005575636
nt8407;TL;751483;N8407;N-8908;TR00000000005575637
nt8408;TL;751484;N8408;N-8909;TR00000000005575638
nt8409;TL;751485;N8409;N-8910;TR00000000005575639
nt8410;TL;751486;N8410;N-8911;TR00000000005575640
nt8411;TL;751487;N8411;N-8912;TR00000000005575641
nt8412;TL;751488;N8412;N-8913;TR00000000005575642
nt8413;TL;751489;N8413;N-8914;TR00000000005575643
nt8414;TL;751490;N8414;N-8915;TR00000000005575644
nt8415;TL;751491;N8415;N-8916;TR00000000005575645
nt8416;TL;751492;N8416;N-8917;TR00000000005575646
nt8417;TL;751493;N8417;N-8918;TR00000000005575647
nt8418;TL;751494;N8418;N-8919;TR00000000005575648
nt8419;TL;751495;N8419;N-8920;TR00000000005575649
nt8420;TL;751496;N8420;N-8921;TR00000000005575650
nt8421;TL;751497;N8421;N-8922;TR00000000005575651
nt8422;TL;751498;N8422;N-8923;TR00000000005575652
nt8423;TL;751499;N8423;N-8924;TR00000000005575653
nt8424;TL;751500;N8424;N-8925;TR00000000005575654
nt8425;TL;751501;N8425;N-8926;TR00000000005575655
nt8426;TL;751502;N8426;N-8927;TR00000000005575656
nt8427;TL;751503;N8427;N-8928;TR00000000005575657
nt8428;TL;751504;N8428;N-8929;TR00000000005575658
nt8429;TL;751505;N8429;N-8930;TR00000000005575659
nt8430;TL;751506;N8430;N-8931;TR00000000005575660
nt8431;TL;751507;N8431;N-8932;TR00000000005575661
nt8432;TL;751508;N8432;N-8933;TR00000000005575662
nt8433;TL;751509;N8433;N-8934;TR00000000005575663
nt8434;TL;751510;N8434;N-8935;TR00000000005575664
nt8435;TL;751511;N8435;N-8936;TR00000000005575665
nt8436;TL;751512;N8436;N-8937;TR00000000005575666
nt8437;TL;751513;N8437;N-8938;TR00000000005575667
nt8438;TL;751514;N8438;N-8939;TR00000000005575668
nt8439;TL;751515;N8439;N-8940;TR00000000005575669
nt8440;TL;751516;N8440;N-8941;TR00000000005575670
nt8441;TL;751517;N8441;N-8942;TR00000000005575671
nt8442;TL;751518;N8442;N-8943;TR00000000005575672
nt8443;TL;751519;N8443;N-8944;TR00000000005575673
nt8444;TL;751520;N8444;N-8945;TR00000000005575674
nt8445;TL;751521;N8445;N-8946;TR00000000005575675
nt8446;TL;751522;N8446;N-8947;TR00000000005575676
nt8447;TL;751523;N8447;N-8948;TR00000000005575677
nt8448;TL;751524;N8448;N-8949;TR00000000005575678
nt8449;TL;751525;N8449;N-8950;TR00000000005575679
nt8450;TL;751526;N8450;N-8951;TR00000000005575680
nt8451;TL;751527;N8451;N-8952;TR00000000005575681
nt8452;TL;751528;N8452;N-8953;TR00000000005575682
nt8453;TL;751529;N8453;N-8954;TR00000000005575683
nt8454;TL;751530;N8454;N-8955;TR00000000005575684
nt8455;TL;751531;N8455;N-8956;TR00000000005575685
nt8456;TL;751532;N8456;N-8957;TR00000000005575686
nt8457;TL;751533;N8457;N-8958;TR00000000005575687
nt8458;TL;751534;N8458;N-8959;TR00000000005575688
nt8459;TL;751535;N8459;N-8960;TR00000000005575689
nt8460;TL;751536;N8460;N-8961;TR00000000005575690
nt8461;TL;751537;N8461;N-8962;TR00000000005575691
nt8462;TL;751538;N8462;N-8963;TR00000000005575692
nt8463;TL;751539;N8463;N-8964;TR00000000005575693
nt8464;TL;751540;N8464;N-8965;TR00000000005575694
nt8465;TL;751541;N8465;N-8966;TR00000000005575695
nt8466;TL;751542;N8466;N-8967;TR00000000005575696
nt8467;TL;751543;N8467;N-8968;TR00000000005575697
nt8468;TL;751544;N8468;N-8969;TR00000000005575698
nt8469;TL;751545;N8469;N-8970;TR00000000005575699
nt8470;TL;751546;N8470;N-8971;TR00000000005575700
nt8471;TL;751547;N8471;N-8972;TR00000000005575701
nt8472;TL;751548;N8472;N-8973;TR00000000005575702
nt8473;TL;751549;N8473;N-8974;TR00000000005575703
nt8474;TL;751550;N8474;N-8975;TR00000000005575704
nt8475;TL;751551;N8475;N-8976;TR00000000005575705
nt8476;TL;751552;N8476;N-8977;TR00000000005575706
nt8477;TL;751553;N8477;N-8978;TR00000000005575707
nt8478;TL;751554;N8478;N-8979;TR00000000005575708
nt8479;TL;751555;N8479;N-8980;TR00000000005575709
nt8480;TL;751556;N8480;N-8981;TR00000000005575710
nt8481;TL;751557;N8481;N-8982;TR00000000005575711
nt8482;TL;751558;N8482;N-8983;TR00000000005575712
nt8483;TL;751559;N8483;N-8984;TR00000000005575713
nt8484;TL;751560;N8484;N-8985;TR00000000005575714
nt8485;TL;751561;N8485;N-8986;TR00000000005575715
nt8486;TL;751562;N8486;N-8987;TR00000000005575716
nt8487;TL;751563;N8487;N-8988;TR00000000005575717
nt8488;TL;751564;N8488;N-8989;TR00000000005575718
nt8489;TL;751565;N8489;N-8990;TR00000000005575719
nt8490;TL;751566;N8490;N-8991;TR00000000005575720
nt8491;TL;751567;N8491;N-8992;TR00000000005575721
nt8492;TL;751568;N8492;N-8993;TR00000000005575722
nt8493;TL;751569;N8493;N-8994;TR00000000005575723
nt8494;TL;751570;N8494;N-8995;TR00000000005575724
nt8495;TL;751571;N8495;N-8996;TR00000000005575725
nt8496;TL;751572;N8496;N-8997;TR00000000005575726
nt8497;TL;751573;N8497;N-8998;TR00000000005575727
nt8498;TL;751574;N8498;N-8999;TR00000000005575728
nt8499;TL;751575;N8499;N-9000;TR00000000005575729
nt8500;TL;751576;N8500;N-9001;TR00000000005575730
nt8501;TL;751577;N8501;N-9002;TR00000000005575731
nt8502;TL;751578;N8502;N-9003;TR00000000005575732
nt8503;TL;751579;N8503;N-9004;TR00000000005575733
nt8504;TL;751580;N8504;N-9005;TR00000000005575734
nt8505;TL;751581;N8505;N-9006;TR00000000005575735
nt8506;TL;751582;N8506;N-9007;TR00000000005575736
nt8507;TL;751583;N8507;N-9008;TR00000000005575737
nt8508;TL;751584;N8508;N-9009;TR00000000005575738
nt8509;TL;751585;N8509;N-9010;TR00000000005575739
nt8510;TL;751586;N8510;N-9011;TR00000000005575740
nt8511;TL;751587;N8511;N-9012;TR00000000005575741
nt8512;TL;751588;N8512;N-9013;TR00000000005575742
nt8513;TL;751589;N8513;N-9014;TR00000000005575743
nt8514;TL;751590;N8514;N-9015;TR00000000005575744
nt8515;TL;751591;N8515;N-9016;TR00000000005575745
nt8516;TL;751592;N8516;N-9017;TR00000000005575746
nt8517;TL;751593;N8517;N-9018;TR00000000005575747
nt8518;TL;751594;N8518;N-9019;TR00000000005575748
nt8519;TL;751595;N8519;N-9020;TR00000000005575749
nt8520;TL;751596;N8520;N-9021;TR00000000005575750
nt8521;TL;751597;N8521;N-9022;TR00000000005575751
nt8522;TL;751598;N8522;N-9023;TR00000000005575752
nt8523;TL;751599;N8523;N-9024;TR00000000005575753
nt8524;TL;751600;N8524;N-9025;TR00000000005575754
nt8525;TL;751601;N8525;N-9026;TR00000000005575755
nt8526;TL;751602;N8526;N-9027;TR00000000005575756
nt8527;TL;751603;N8527;N-9028;TR00000000005575757
nt8528;TL;751604;N8528;N-9029;TR00000000005575758
nt8529;TL;751605;N8529;N-9030;TR00000000005575759
nt8530;TL;751606;N8530;N-9031;TR00000000005575760
nt8531;TL;751607;N8531;N-9032;TR00000000005575761
nt8532;TL;751608;N8532;N-9033;TR00000000005575762
nt8533;TL;751609;N8533;N-9034;TR00000000005575763
nt8534;TL;751610;N8534;N-9035;TR00000000005575764
nt8535;TL;751611;N8535;N-9036;TR00000000005575765
nt8536;TL;751612;N8536;N-9037;TR00000000005575766
nt8537;TL;751613;N8537;N-9038;TR00000000005575767
nt8538;TL;751614;N8538;N-9039;TR00000000005575768
nt8539;TL;751615;N8539;N-9040;TR00000000005575769
nt8540;TL;751616;N8540;N-9041;TR00000000005575770
nt8541;TL;751617;N8541;N-9042;TR00000000005575771
nt8542;TL;751618;N8542;N-9043;TR00000000005575772
nt8543;TL;751619;N8543;N-9044;TR00000000005575773
nt8544;TL;751620;N8544;N-9045;TR00000000005575774
nt8545;TL;751621;N8545;N-9046;TR00000000005575775
nt8546;TL;751622;N8546;N-9047;TR00000000005575776
nt8547;TL;751623;N8547;N-9048;TR00000000005575777
nt8548;TL;751624;N8548;N-9049;TR00000000005575778
nt8549;TL;751625;N8549;N-9050;TR00000000005575779
nt8550;TL;751626;N8550;N-9051;TR00000000005575780
nt8551;TL;751627;N8551;N-9052;TR00000000005575781
nt8552;TL;751628;N8552;N-9053;TR00000000005575782
nt8553;TL;751629;N8553;N-9054;TR00000000005575783
nt8554;TL;751630;N8554;N-9055;TR00000000005575784
nt8555;TL;751631;N8555;N-9056;TR00000000005575785
nt8556;TL;751632;N8556;N-9057;TR00000000005575786
nt8557;TL;751633;N8557;N-9058;TR00000000005575787
nt8558;TL;751634;N8558;N-9059;TR00000000005575788
nt8559;TL;751635;N8559;N-9060;TR00000000005575789
nt8560;TL;751636;N8560;N-9061;TR00000000005575790
nt8561;TL;751637;N8561;N-9062;TR00000000005575791
nt8562;TL;751638;N8562;N-9063;TR00000000005575792
nt8563;TL;751639;N8563;N-9064;TR00000000005575793
nt8564;TL;751640;N8564;N-9065;TR00000000005575794
nt8565;TL;751641;N8565;N-9066;TR00000000005575795
nt8566;TL;751642;N8566;N-9067;TR00000000005575796
nt8567;TL;751643;N8567;N-9068;TR00000000005575797
nt8568;TL;751644;N8568;N-9069;TR00000000005575798
nt8569;TL;751645;N8569;N-9070;TR00000000005575799
nt8570;TL;751646;N8570;N-9071;TR00000000005575800
nt8571;TL;751647;N8571;N-9072;TR00000000005575801
nt8572;TL;751648;N8572;N-9073;TR00000000005575802
nt8573;TL;751649;N8573;N-9074;TR00000000005575803
nt8574;TL;751650;N8574;N-9075;TR00000000005575804
nt8575;TL;751651;N8575;N-9076;TR00000000005575805
nt8576;TL;751652;N8576;N-9077;TR00000000005575806
nt8577;TL;751653;N8577;N-9078;TR00000000005575807
nt8578;TL;751654;N8578;N-9079;TR00000000005575808
nt8579;TL;751655;N8579;N-9080;TR00000000005575809
nt8580;TL;751656;N8580;N-9081;TR00000000005575810
nt8581;TL;751657;N8581;N-9082;TR00000000005575811
nt8582;TL;751658;N8582;N-9083;TR00000000005575812
nt8583;TL;751659;N8583;N-9084;TR00000000005575813
nt8584;TL;751660;N8584;N-9085;TR00000000005575814
nt8585;TL;751661;N8585;N-9086;TR00000000005575815
nt8586;TL;751662;N8586;N-9087;TR00000000005575816
nt8587;TL;751663;N8587;N-9088;TR00000000005575817
nt8588;TL;751664;N8588;N-9089;TR00000000005575818
nt8589;TL;751665;N8589;N-9090;TR00000000005575819
nt8590;TL;751666;N8590;N-9091;TR00000000005575820
nt8591;TL;751667;N8591;N-9092;TR00000000005575821
nt8592;TL;751668;N8592;N-9093;TR00000000005575822
nt8593;TL;751669;N8593;N-9094;TR00000000005575823
nt8594;TL;751670;N8594;N-9095;TR00000000005575824
nt8595;TL;751671;N8595;N-9096;TR00000000005575825
nt8596;TL;751672;N8596;N-9097;TR00000000005575826
nt8597;TL;751673;N8597;N-9098;TR00000000005575827
nt8598;TL;751674;N8598;N-9099;TR00000000005575828
nt8599;TL;751675;N8599;N-9100;TR00000000005575829
nt8600;TL;751676;N8600;N-9101;TR00000000005575830
nt8601;TL;751677;N8601;N-9102;TR00000000005575831
nt8602;TL;751678;N8602;N-9103;TR00000000005575832
nt8603;TL;751679;N8603;N-9104;TR00000000005575833
nt8604;TL;751680;N8604;N-9105;TR00000000005575834
nt8605;TL;751681;N8605;N-9106;TR00000000005575835
nt8606;TL;751682;N8606;N-9107;TR00000000005575836
nt8607;TL;751683;N8607;N-9108;TR00000000005575837
nt8608;TL;751684;N8608;N-9109;TR00000000005575838
nt8609;TL;751685;N8609;N-9110;TR00000000005575839
nt8610;TL;751686;N8610;N-9111;TR00000000005575840
nt8611;TL;751687;N8611;N-9112;TR00000000005575841
nt8612;TL;751688;N8612;N-9113;TR00000000005575842
nt8613;TL;751689;N8613;N-9114;TR00000000005575843
nt8614;TL;751690;N8614;N-9115;TR00000000005575844
nt8615;TL;751691;N8615;N-9116;TR00000000005575845
nt8616;TL;751692;N8616;N-9117;TR00000000005575846
nt8617;TL;751693;N8617;N-9118;TR00000000005575847
nt8618;TL;751694;N8618;N-9119;TR00000000005575848
nt8619;TL;751695;N8619;N-9120;TR00000000005575849
nt8620;TL;751696;N8620;N-9121;TR00000000005575850
nt8621;TL;751697;N8621;N-9122;TR00000000005575851
nt8622;TL;751698;N8622;N-9123;TR00000000005575852
nt8623;TL;751699;N8623;N-9124;TR00000000005575853
nt8624;TL;751700;N8624;N-9125;TR00000000005575854
nt8625;TL;751701;N8625;N-9126;TR00000000005575855
nt8626;TL;751702;N8626;N-9127;TR00000000005575856
nt8627;TL;751703;N8627;N-9128;TR00000000005575857
nt8628;TL;751704;N8628;N-9129;TR00000000005575858
nt8629;TL;751705;N8629;N-9130;TR00000000005575859
nt8630;TL;751706;N8630;N-9131;TR00000000005575860
nt8631;TL;751707;N8631;N-9132;TR00000000005575861
nt8632;TL;751708;N8632;N-9133;TR00000000005575862
nt8633;TL;751709;N8633;N-9134;TR00000000005575863
nt8634;TL;751710;N8634;N-9135;TR00000000005575864
nt8635;TL;751711;N8635;N-9136;TR00000000005575865
nt8636;TL;751712;N8636;N-9137;TR00000000005575866
nt8637;TL;751713;N8637;N-9138;TR00000000005575867
nt8638;TL;751714;N8638;N-9139;TR00000000005575868
nt8639;TL;751715;N8639;N-9140;TR00000000005575869
nt8640;TL;751716;N8640;N-9141;TR00000000005575870
nt8641;TL;751717;N8641;N-9142;TR00000000005575871
nt8642;TL;751718;N8642;N-9143;TR00000000005575872
nt8643;TL;751719;N8643;N-9144;TR00000000005575873
nt8644;TL;751720;N8644;N-9145;TR00000000005575874
nt8645;TL;751721;N8645;N-9146;TR00000000005575875
nt8646;TL;751722;N8646;N-9147;TR00000000005575876
nt8647;TL;751723;N8647;N-9148;TR00000000005575877
nt8648;TL;751724;N8648;N-9149;TR00000000005575878
nt8649;TL;751725;N8649;N-9150;TR00000000005575879
nt8650;TL;751726;N8650;N-9151;TR00000000005575880
nt8651;TL;751727;N8651;N-9152;TR00000000005575881
nt8652;TL;751728;N8652;N-9153;TR00000000005575882
nt8653;TL;751729;N8653;N-9154;TR00000000005575883
nt8654;TL;751730;N8654;N-9155;TR00000000005575884
nt8655;TL;751731;N8655;N-9156;TR00000000005575885
nt8656;TL;751732;N8656;N-9157;TR00000000005575886
nt8657;TL;751733;N8657;N-9158;TR00000000005575887
nt8658;TL;751734;N8658;N-9159;TR00000000005575888
nt8659;TL;751735;N8659;N-9160;TR00000000005575889
nt8660;TL;751736;N8660;N-9161;TR00000000005575890
nt8661;TL;751737;N8661;N-9162;TR00000000005575891
nt8662;TL;751738;N8662;N-9163;TR00000000005575892
nt8663;TL;751739;N8663;N-9164;TR00000000005575893
nt8664;TL;751740;N8664;N-9165;TR00000000005575894
nt8665;TL;751741;N8665;N-9166;TR00000000005575895
nt8666;TL;751742;N8666;N-9167;TR00000000005575896
nt8667;TL;751743;N8667;N-9168;TR00000000005575897
nt8668;TL;751744;N8668;N-9169;TR00000000005575898
nt8669;TL;751745;N8669;N-9170;TR00000000005575899
nt8670;TL;751746;N8670;N-9171;TR00000000005575900
nt8671;TL;751747;N8671;N-9172;TR00000000005575901
nt8672;TL;751748;N8672;N-9173;TR00000000005575902
nt8673;TL;751749;N8673;N-9174;TR00000000005575903
nt8674;TL;751750;N8674;N-9175;TR00000000005575904
nt8675;TL;751751;N8675;N-9176;TR00000000005575905
nt8676;TL;751752;N8676;N-9177;TR00000000005575906
nt8677;TL;751753;N8677;N-9178;TR00000000005575907
nt8678;TL;751754;N8678;N-9179;TR00000000005575908
nt8679;TL;751755;N8679;N-9180;TR00000000005575909
nt8680;TL;751756;N8680;N-9181;TR00000000005575910
nt8681;TL;751757;N8681;N-9182;TR00000000005575911
nt8682;TL;751758;N8682;N-9183;TR00000000005575912
nt8683;TL;751759;N8683;N-9184;TR00000000005575913
nt8684;TL;751760;N8684;N-9185;TR00000000005575914
nt8685;TL;751761;N8685;N-9186;TR00000000005575915
nt8686;TL;751762;N8686;N-9187;TR00000000005575916
nt8687;TL;751763;N8687;N-9188;TR00000000005575917
nt8688;TL;751764;N8688;N-9189;TR00000000005575918
nt8689;TL;751765;N8689;N-9190;TR00000000005575919
nt8690;TL;751766;N8690;N-9191;TR00000000005575920
nt8691;TL;751767;N8691;N-9192;TR00000000005575921
nt8692;TL;751768;N8692;N-9193;TR00000000005575922
nt8693;TL;751769;N8693;N-9194;TR00000000005575923
nt8694;TL;751770;N8694;N-9195;TR00000000005575924
nt8695;TL;751771;N8695;N-9196;TR00000000005575925
nt8696;TL;751772;N8696;N-9197;TR00000000005575926
nt8697;TL;751773;N8697;N-9198;TR00000000005575927
nt8698;TL;751774;N8698;N-9199;TR00000000005575928
nt8699;TL;751775;N8699;N-9200;TR00000000005575929
nt8700;TL;751776;N8700;N-9201;TR00000000005575930
nt8701;TL;751777;N8701;N-9202;TR00000000005575931
nt8702;TL;751778;N8702;N-9203;TR00000000005575932
nt8703;TL;751779;N8703;N-9204;TR00000000005575933
nt8704;TL;751780;N8704;N-9205;TR00000000005575934
nt8705;TL;751781;N8705;N-9206;TR00000000005575935
nt8706;TL;751782;N8706;N-9207;TR00000000005575936
nt8707;TL;751783;N8707;N-9208;TR00000000005575937
nt8708;TL;751784;N8708;N-9209;TR00000000005575938
nt8709;TL;751785;N8709;N-9210;TR00000000005575939
nt8710;TL;751786;N8710;N-9211;TR00000000005575940
nt8711;TL;751787;N8711;N-9212;TR00000000005575941
nt8712;TL;751788;N8712;N-9213;TR00000000005575942
nt8713;TL;751789;N8713;N-9214;TR00000000005575943
nt8714;TL;751790;N8714;N-9215;TR00000000005575944
nt8715;TL;751791;N8715;N-9216;TR00000000005575945
nt8716;TL;751792;N8716;N-9217;TR00000000005575946
nt8717;TL;751793;N8717;N-9218;TR00000000005575947
nt8718;TL;751794;N8718;N-9219;TR00000000005575948
nt8719;TL;751795;N8719;N-9220;TR00000000005575949
nt8720;TL;751796;N8720;N-9221;TR00000000005575950
nt8721;TL;751797;N8721;N-9222;TR00000000005575951
nt8722;TL;751798;N8722;N-9223;TR00000000005575952
nt8723;TL;751799;N8723;N-9224;TR00000000005575953
nt8724;TL;751800;N8724;N-9225;TR00000000005575954
nt8725;TL;751801;N8725;N-9226;TR00000000005575955
nt8726;TL;751802;N8726;N-9227;TR00000000005575956
nt8727;TL;751803;N8727;N-9228;TR00000000005575957
nt8728;TL;751804;N8728;N-9229;TR00000000005575958
nt8729;TL;751805;N8729;N-9230;TR00000000005575959
nt8730;TL;751806;N8730;N-9231;TR00000000005575960
nt8731;TL;751807;N8731;N-9232;TR00000000005575961
nt8732;TL;751808;N8732;N-9233;TR00000000005575962
nt8733;TL;751809;N8733;N-9234;TR00000000005575963
nt8734;TL;751810;N8734;N-9235;TR00000000005575964
nt8735;TL;751811;N8735;N-9236;TR00000000005575965
nt8736;TL;751812;N8736;N-9237;TR00000000005575966
nt8737;TL;751813;N8737;N-9238;TR00000000005575967
nt8738;TL;751814;N8738;N-9239;TR00000000005575968
nt8739;TL;751815;N8739;N-9240;TR00000000005575969
nt8740;TL;751816;N8740;N-9241;TR00000000005575970
nt8741;TL;751817;N8741;N-9242;TR00000000005575971
nt8742;TL;751818;N8742;N-9243;TR00000000005575972
nt8743;TL;751819;N8743;N-9244;TR00000000005575973
nt8744;TL;751820;N8744;N-9245;TR00000000005575974
nt8745;TL;751821;N8745;N-9246;TR00000000005575975
nt8746;TL;751822;N8746;N-9247;TR00000000005575976
nt8747;TL;751823;N8747;N-9248;TR00000000005575977
nt8748;TL;751824;N8748;N-9249;TR00000000005575978
nt8749;TL;751825;N8749;N-9250;TR00000000005575979
nt8750;TL;751826;N8750;N-9251;TR00000000005575980
nt8751;TL;751827;N8751;N-9252;TR00000000005575981
nt8752;TL;751828;N8752;N-9253;TR00000000005575982
nt8753;TL;751829;N8753;N-9254;TR00000000005575983
nt8754;TL;751830;N8754;N-9255;TR00000000005575984
nt8755;TL;751831;N8755;N-9256;TR00000000005575985
nt8756;TL;751832;N8756;N-9257;TR00000000005575986
nt8757;TL;751833;N8757;N-9258;TR00000000005575987
nt8758;TL;751834;N8758;N-9259;TR00000000005575988
nt8759;TL;751835;N8759;N-9260;TR00000000005575989
nt8760;TL;751836;N8760;N-9261;TR00000000005575990
nt8761;TL;751837;N8761;N-9262;TR00000000005575991
nt8762;TL;751838;N8762;N-9263;TR00000000005575992
nt8763;TL;751839;N8763;N-9264;TR00000000005575993
nt8764;TL;751840;N8764;N-9265;TR00000000005575994
nt8765;TL;751841;N8765;N-9266;TR00000000005575995
nt8766;TL;751842;N8766;N-9267;TR00000000005575996
nt8767;TL;751843;N8767;N-9268;TR00000000005575997
nt8768;TL;751844;N8768;N-9269;TR00000000005575998
nt8769;TL;751845;N8769;N-9270;TR00000000005575999
nt8770;TL;751846;N8770;N-9271;TR00000000005576000
nt8771;TL;751847;N8771;N-9272;TR00000000005576001
nt8772;TL;751848;N8772;N-9273;TR00000000005576002
nt8773;TL;751849;N8773;N-9274;TR00000000005576003
nt8774;TL;751850;N8774;N-9275;TR00000000005576004
nt8775;TL;751851;N8775;N-9276;TR00000000005576005
nt8776;TL;751852;N8776;N-9277;TR00000000005576006
nt8777;TL;751853;N8777;N-9278;TR00000000005576007
nt8778;TL;751854;N8778;N-9279;TR00000000005576008
nt8779;TL;751855;N8779;N-9280;TR00000000005576009
nt8780;TL;751856;N8780;N-9281;TR00000000005576010
nt8781;TL;751857;N8781;N-9282;TR00000000005576011
nt8782;TL;751858;N8782;N-9283;TR00000000005576012
nt8783;TL;751859;N8783;N-9284;TR00000000005576013
nt8784;TL;751860;N8784;N-9285;TR00000000005576014
nt8785;TL;751861;N8785;N-9286;TR00000000005576015
nt8786;TL;751862;N8786;N-9287;TR00000000005576016
nt8787;TL;751863;N8787;N-9288;TR00000000005576017
nt8788;TL;751864;N8788;N-9289;TR00000000005576018
nt8789;TL;751865;N8789;N-9290;TR00000000005576019
nt8790;TL;751866;N8790;N-9291;TR00000000005576020
nt8791;TL;751867;N8791;N-9292;TR00000000005576021
nt8792;TL;751868;N8792;N-9293;TR00000000005576022
nt8793;TL;751869;N8793;N-9294;TR00000000005576023
nt8794;TL;751870;N8794;N-9295;TR00000000005576024
nt8795;TL;751871;N8795;N-9296;TR00000000005576025
nt8796;TL;751872;N8796;N-9297;TR00000000005576026
nt8797;TL;751873;N8797;N-9298;TR00000000005576027
nt8798;TL;751874;N8798;N-9299;TR00000000005576028
nt8799;TL;751875;N8799;N-9300;TR00000000005576029
nt8800;TL;751876;N8800;N-9301;TR00000000005576030
nt8801;TL;751877;N8801;N-9302;TR00000000005576031
nt8802;TL;751878;N8802;N-9303;TR00000000005576032
nt8803;TL;751879;N8803;N-9304;TR00000000005576033
nt8804;TL;751880;N8804;N-9305;TR00000000005576034
nt8805;TL;751881;N8805;N-9306;TR00000000005576035
nt8806;TL;751882;N8806;N-9307;TR00000000005576036
nt8807;TL;751883;N8807;N-9308;TR00000000005576037
nt8808;TL;751884;N8808;N-9309;TR00000000005576038
nt8809;TL;751885;N8809;N-9310;TR00000000005576039
nt8810;TL;751886;N8810;N-9311;TR00000000005576040
nt8811;TL;751887;N8811;N-9312;TR00000000005576041
nt8812;TL;751888;N8812;N-9313;TR00000000005576042
nt8813;TL;751889;N8813;N-9314;TR00000000005576043
nt8814;TL;751890;N8814;N-9315;TR00000000005576044
nt8815;TL;751891;N8815;N-9316;TR00000000005576045
nt8816;TL;751892;N8816;N-9317;TR00000000005576046
nt8817;TL;751893;N8817;N-9318;TR00000000005576047
nt8818;TL;751894;N8818;N-9319;TR00000000005576048
nt8819;TL;751895;N8819;N-9320;TR00000000005576049
nt8820;TL;751896;N8820;N-9321;TR00000000005576050
nt8821;TL;751897;N8821;N-9322;TR00000000005576051
nt8822;TL;751898;N8822;N-9323;TR00000000005576052
nt8823;TL;751899;N8823;N-9324;TR00000000005576053
nt8824;TL;751900;N8824;N-9325;TR00000000005576054
nt8825;TL;751901;N8825;N-9326;TR00000000005576055
nt8826;TL;751902;N8826;N-9327;TR00000000005576056
nt8827;TL;751903;N8827;N-9328;TR00000000005576057
nt8828;TL;751904;N8828;N-9329;TR00000000005576058
nt8829;TL;751905;N8829;N-9330;TR00000000005576059
nt8830;TL;751906;N8830;N-9331;TR00000000005576060
nt8831;TL;751907;N8831;N-9332;TR00000000005576061
nt8832;TL;751908;N8832;N-9333;TR00000000005576062
nt8833;TL;751909;N8833;N-9334;TR00000000005576063
nt8834;TL;751910;N8834;N-9335;TR00000000005576064
nt8835;TL;751911;N8835;N-9336;TR00000000005576065
nt8836;TL;751912;N8836;N-9337;TR00000000005576066
nt8837;TL;751913;N8837;N-9338;TR00000000005576067
nt8838;TL;751914;N8838;N-9339;TR00000000005576068
nt8839;TL;751915;N8839;N-9340;TR00000000005576069
nt8840;TL;751916;N8840;N-9341;TR00000000005576070
nt8841;TL;751917;N8841;N-9342;TR00000000005576071
nt8842;TL;751918;N8842;N-9343;TR00000000005576072
nt8843;TL;751919;N8843;N-9344;TR00000000005576073
nt8844;TL;751920;N8844;N-9345;TR00000000005576074
nt8845;TL;751921;N8845;N-9346;TR00000000005576075
nt8846;TL;751922;N8846;N-9347;TR00000000005576076
nt8847;TL;751923;N8847;N-9348;TR00000000005576077
nt8848;TL;751924;N8848;N-9349;TR00000000005576078
nt8849;TL;751925;N8849;N-9350;TR00000000005576079
nt8850;TL;751926;N8850;N-9351;TR00000000005576080
nt8851;TL;751927;N8851;N-9352;TR00000000005576081
nt8852;TL;751928;N8852;N-9353;TR00000000005576082
nt8853;TL;751929;N8853;N-9354;TR00000000005576083
nt8854;TL;751930;N8854;N-9355;TR00000000005576084
nt8855;TL;751931;N8855;N-9356;TR00000000005576085
nt8856;TL;751932;N8856;N-9357;TR00000000005576086
nt8857;TL;751933;N8857;N-9358;TR00000000005576087
nt8858;TL;751934;N8858;N-9359;TR00000000005576088
nt8859;TL;751935;N8859;N-9360;TR00000000005576089
nt8860;TL;751936;N8860;N-9361;TR00000000005576090
nt8861;TL;751937;N8861;N-9362;TR00000000005576091
nt8862;TL;751938;N8862;N-9363;TR00000000005576092
nt8863;TL;751939;N8863;N-9364;TR00000000005576093
nt8864;TL;751940;N8864;N-9365;TR00000000005576094
nt8865;TL;751941;N8865;N-9366;TR00000000005576095
nt8866;TL;751942;N8866;N-9367;TR00000000005576096
nt8867;TL;751943;N8867;N-9368;TR00000000005576097
nt8868;TL;751944;N8868;N-9369;TR00000000005576098
nt8869;TL;751945;N8869;N-9370;TR00000000005576099
nt8870;TL;751946;N8870;N-9371;TR00000000005576100
nt8871;TL;751947;N8871;N-9372;TR00000000005576101
nt8872;TL;751948;N8872;N-9373;TR00000000005576102
nt8873;TL;751949;N8873;N-9374;TR00000000005576103
nt8874;TL;751950;N8874;N-9375;TR00000000005576104
nt8875;TL;751951;N8875;N-9376;TR00000000005576105
nt8876;TL;751952;N8876;N-9377;TR00000000005576106
nt8877;TL;751953;N8877;N-9378;TR00000000005576107
nt8878;TL;751954;N8878;N-9379;TR00000000005576108
nt8879;TL;751955;N8879;N-9380;TR00000000005576109
nt8880;TL;751956;N8880;N-9381;TR00000000005576110
nt8881;TL;751957;N8881;N-9382;TR00000000005576111
nt8882;TL;751958;N8882;N-9383;TR00000000005576112
nt8883;TL;751959;N8883;N-9384;TR00000000005576113
nt8884;TL;751960;N8884;N-9385;TR00000000005576114
nt8885;TL;751961;N8885;N-9386;TR00000000005576115
nt8886;TL;751962;N8886;N-9387;TR00000000005576116
nt8887;TL;751963;N8887;N-9388;TR00000000005576117
nt8888;TL;751964;N8888;N-9389;TR00000000005576118
nt8889;TL;751965;N8889;N-9390;TR00000000005576119
nt8890;TL;751966;N8890;N-9391;TR00000000005576120
nt8891;TL;751967;N8891;N-9392;TR00000000005576121
nt8892;TL;751968;N8892;N-9393;TR00000000005576122
nt8893;TL;751969;N8893;N-9394;TR00000000005576123
nt8894;TL;751970;N8894;N-9395;TR00000000005576124
nt8895;TL;751971;N8895;N-9396;TR00000000005576125
nt8896;TL;751972;N8896;N-9397;TR00000000005576126
nt8897;TL;751973;N8897;N-9398;TR00000000005576127
nt8898;TL;751974;N8898;N-9399;TR00000000005576128
nt8899;TL;751975;N8899;N-9400;TR00000000005576129
nt8900;TL;751976;N8900;N-9401;TR00000000005576130
nt8901;TL;751977;N8901;N-9402;TR00000000005576131
nt8902;TL;751978;N8902;N-9403;TR00000000005576132
nt8903;TL;751979;N8903;N-9404;TR00000000005576133
nt8904;TL;751980;N8904;N-9405;TR00000000005576134
nt8905;TL;751981;N8905;N-9406;TR00000000005576135
nt8906;TL;751982;N8906;N-9407;TR00000000005576136
nt8907;TL;751983;N8907;N-9408;TR00000000005576137
nt8908;TL;751984;N8908;N-9409;TR00000000005576138
nt8909;TL;751985;N8909;N-9410;TR00000000005576139
nt8910;TL;751986;N8910;N-9411;TR00000000005576140
nt8911;TL;751987;N8911;N-9412;TR00000000005576141
nt8912;TL;751988;N8912;N-9413;TR00000000005576142
nt8913;TL;751989;N8913;N-9414;TR00000000005576143
nt8914;TL;751990;N8914;N-9415;TR00000000005576144
nt8915;TL;751991;N8915;N-9416;TR00000000005576145
nt8916;TL;751992;N8916;N-9417;TR00000000005576146
nt8917;TL;751993;N8917;N-9418;TR00000000005576147
nt8918;TL;751994;N8918;N-9419;TR00000000005576148
nt8919;TL;751995;N8919;N-9420;TR00000000005576149
nt8920;TL;751996;N8920;N-9421;TR00000000005576150
nt8921;TL;751997;N8921;N-9422;TR00000000005576151
nt8922;TL;751998;N8922;N-9423;TR00000000005576152
nt8923;TL;751999;N8923;N-9424;TR00000000005576153
nt8924;TL;752000;N8924;N-9425;TR00000000005576154
nt8925;TL;752001;N8925;N-9426;TR00000000005576155
nt8926;TL;752002;N8926;N-9427;TR00000000005576156
nt8927;TL;752003;N8927;N-9428;TR00000000005576157
nt8928;TL;752004;N8928;N-9429;TR00000000005576158
nt8929;TL;752005;N8929;N-9430;TR00000000005576159
nt8930;TL;752006;N8930;N-9431;TR00000000005576160
nt8931;TL;752007;N8931;N-9432;TR00000000005576161
nt8932;TL;752008;N8932;N-9433;TR00000000005576162
nt8933;TL;752009;N8933;N-9434;TR00000000005576163
nt8934;TL;752010;N8934;N-9435;TR00000000005576164
nt8935;TL;752011;N8935;N-9436;TR00000000005576165
nt8936;TL;752012;N8936;N-9437;TR00000000005576166
nt8937;TL;752013;N8937;N-9438;TR00000000005576167
nt8938;TL;752014;N8938;N-9439;TR00000000005576168
nt8939;TL;752015;N8939;N-9440;TR00000000005576169
nt8940;TL;752016;N8940;N-9441;TR00000000005576170
nt8941;TL;752017;N8941;N-9442;TR00000000005576171
nt8942;TL;752018;N8942;N-9443;TR00000000005576172
nt8943;TL;752019;N8943;N-9444;TR00000000005576173
nt8944;TL;752020;N8944;N-9445;TR00000000005576174
nt8945;TL;752021;N8945;N-9446;TR00000000005576175
nt8946;TL;752022;N8946;N-9447;TR00000000005576176
nt8947;TL;752023;N8947;N-9448;TR00000000005576177
nt8948;TL;752024;N8948;N-9449;TR00000000005576178
nt8949;TL;752025;N8949;N-9450;TR00000000005576179
nt8950;TL;752026;N8950;N-9451;TR00000000005576180
nt8951;TL;752027;N8951;N-9452;TR00000000005576181
nt8952;TL;752028;N8952;N-9453;TR00000000005576182
nt8953;TL;752029;N8953;N-9454;TR00000000005576183
nt8954;TL;752030;N8954;N-9455;TR00000000005576184
nt8955;TL;752031;N8955;N-9456;TR00000000005576185
nt8956;TL;752032;N8956;N-9457;TR00000000005576186
nt8957;TL;752033;N8957;N-9458;TR00000000005576187
nt8958;TL;752034;N8958;N-9459;TR00000000005576188
nt8959;TL;752035;N8959;N-9460;TR00000000005576189
nt8960;TL;752036;N8960;N-9461;TR00000000005576190
nt8961;TL;752037;N8961;N-9462;TR00000000005576191
nt8962;TL;752038;N8962;N-9463;TR00000000005576192
nt8963;TL;752039;N8963;N-9464;TR00000000005576193
nt8964;TL;752040;N8964;N-9465;TR00000000005576194
nt8965;TL;752041;N8965;N-9466;TR00000000005576195
nt8966;TL;752042;N8966;N-9467;TR00000000005576196
nt8967;TL;752043;N8967;N-9468;TR00000000005576197
nt8968;TL;752044;N8968;N-9469;TR00000000005576198
nt8969;TL;752045;N8969;N-9470;TR00000000005576199
nt8970;TL;752046;N8970;N-9471;TR00000000005576200
nt8971;TL;752047;N8971;N-9472;TR00000000005576201
nt8972;TL;752048;N8972;N-9473;TR00000000005576202
nt8973;TL;752049;N8973;N-9474;TR00000000005576203
nt8974;TL;752050;N8974;N-9475;TR00000000005576204
nt8975;TL;752051;N8975;N-9476;TR00000000005576205
nt8976;TL;752052;N8976;N-9477;TR00000000005576206
nt8977;TL;752053;N8977;N-9478;TR00000000005576207
nt8978;TL;752054;N8978;N-9479;TR00000000005576208
nt8979;TL;752055;N8979;N-9480;TR00000000005576209
nt8980;TL;752056;N8980;N-9481;TR00000000005576210
nt8981;TL;752057;N8981;N-9482;TR00000000005576211
nt8982;TL;752058;N8982;N-9483;TR00000000005576212
nt8983;TL;752059;N8983;N-9484;TR00000000005576213
nt8984;TL;752060;N8984;N-9485;TR00000000005576214
nt8985;TL;752061;N8985;N-9486;TR00000000005576215
nt8986;TL;752062;N8986;N-9487;TR00000000005576216
nt8987;TL;752063;N8987;N-9488;TR00000000005576217
nt8988;TL;752064;N8988;N-9489;TR00000000005576218
nt8989;TL;752065;N8989;N-9490;TR00000000005576219
nt8990;TL;752066;N8990;N-9491;TR00000000005576220
nt8991;TL;752067;N8991;N-9492;TR00000000005576221
nt8992;TL;752068;N8992;N-9493;TR00000000005576222
nt8993;TL;752069;N8993;N-9494;TR00000000005576223
nt8994;TL;752070;N8994;N-9495;TR00000000005576224
nt8995;TL;752071;N8995;N-9496;TR00000000005576225
nt8996;TL;752072;N8996;N-9497;TR00000000005576226
nt8997;TL;752073;N8997;N-9498;TR00000000005576227
nt8998;TL;752074;N8998;N-9499;TR00000000005576228
nt8999;TL;752075;N8999;N-9500;TR00000000005576229
nt9000;TL;752076;N9000;N-9501;TR00000000005576230
nt9001;TL;752077;N9001;N-9502;TR00000000005576231
nt9002;TL;752078;N9002;N-9503;TR00000000005576232
nt9003;TL;752079;N9003;N-9504;TR00000000005576233
nt9004;TL;752080;N9004;N-9505;TR00000000005576234
nt9005;TL;752081;N9005;N-9506;TR00000000005576235
nt9006;TL;752082;N9006;N-9507;TR00000000005576236
nt9007;TL;752083;N9007;N-9508;TR00000000005576237
nt9008;TL;752084;N9008;N-9509;TR00000000005576238
nt9009;TL;752085;N9009;N-9510;TR00000000005576239
nt9010;TL;752086;N9010;N-9511;TR00000000005576240
nt9011;TL;752087;N9011;N-9512;TR00000000005576241
nt9012;TL;752088;N9012;N-9513;TR00000000005576242
nt9013;TL;752089;N9013;N-9514;TR00000000005576243
nt9014;TL;752090;N9014;N-9515;TR00000000005576244
nt9015;TL;752091;N9015;N-9516;TR00000000005576245
nt9016;TL;752092;N9016;N-9517;TR00000000005576246
nt9017;TL;752093;N9017;N-9518;TR00000000005576247
nt9018;TL;752094;N9018;N-9519;TR00000000005576248
nt9019;TL;752095;N9019;N-9520;TR00000000005576249
nt9020;TL;752096;N9020;N-9521;TR00000000005576250
nt9021;TL;752097;N9021;N-9522;TR00000000005576251
nt9022;TL;752098;N9022;N-9523;TR00000000005576252
nt9023;TL;752099;N9023;N-9524;TR00000000005576253
nt9024;TL;752100;N9024;N-9525;TR00000000005576254
nt9025;TL;752101;N9025;N-9526;TR00000000005576255
nt9026;TL;752102;N9026;N-9527;TR00000000005576256
nt9027;TL;752103;N9027;N-9528;TR00000000005576257
nt9028;TL;752104;N9028;N-9529;TR00000000005576258
nt9029;TL;752105;N9029;N-9530;TR00000000005576259
nt9030;TL;752106;N9030;N-9531;TR00000000005576260
nt9031;TL;752107;N9031;N-9532;TR00000000005576261
nt9032;TL;752108;N9032;N-9533;TR00000000005576262
nt9033;TL;752109;N9033;N-9534;TR00000000005576263
nt9034;TL;752110;N9034;N-9535;TR00000000005576264
nt9035;TL;752111;N9035;N-9536;TR00000000005576265
nt9036;TL;752112;N9036;N-9537;TR00000000005576266
nt9037;TL;752113;N9037;N-9538;TR00000000005576267
nt9038;TL;752114;N9038;N-9539;TR00000000005576268
nt9039;TL;752115;N9039;N-9540;TR00000000005576269
nt9040;TL;752116;N9040;N-9541;TR00000000005576270
nt9041;TL;752117;N9041;N-9542;TR00000000005576271
nt9042;TL;752118;N9042;N-9543;TR00000000005576272
nt9043;TL;752119;N9043;N-9544;TR00000000005576273
nt9044;TL;752120;N9044;N-9545;TR00000000005576274
nt9045;TL;752121;N9045;N-9546;TR00000000005576275
nt9046;TL;752122;N9046;N-9547;TR00000000005576276
nt9047;TL;752123;N9047;N-9548;TR00000000005576277
nt9048;TL;752124;N9048;N-9549;TR00000000005576278
nt9049;TL;752125;N9049;N-9550;TR00000000005576279
nt9050;TL;752126;N9050;N-9551;TR00000000005576280
nt9051;TL;752127;N9051;N-9552;TR00000000005576281
nt9052;TL;752128;N9052;N-9553;TR00000000005576282
nt9053;TL;752129;N9053;N-9554;TR00000000005576283
nt9054;TL;752130;N9054;N-9555;TR00000000005576284
nt9055;TL;752131;N9055;N-9556;TR00000000005576285
nt9056;TL;752132;N9056;N-9557;TR00000000005576286
nt9057;TL;752133;N9057;N-9558;TR00000000005576287
nt9058;TL;752134;N9058;N-9559;TR00000000005576288
nt9059;TL;752135;N9059;N-9560;TR00000000005576289
nt9060;TL;752136;N9060;N-9561;TR00000000005576290
nt9061;TL;752137;N9061;N-9562;TR00000000005576291
nt9062;TL;752138;N9062;N-9563;TR00000000005576292
nt9063;TL;752139;N9063;N-9564;TR00000000005576293
nt9064;TL;752140;N9064;N-9565;TR00000000005576294
nt9065;TL;752141;N9065;N-9566;TR00000000005576295
nt9066;TL;752142;N9066;N-9567;TR00000000005576296
nt9067;TL;752143;N9067;N-9568;TR00000000005576297
nt9068;TL;752144;N9068;N-9569;TR00000000005576298
nt9069;TL;752145;N9069;N-9570;TR00000000005576299
nt9070;TL;752146;N9070;N-9571;TR00000000005576300
nt9071;TL;752147;N9071;N-9572;TR00000000005576301
nt9072;TL;752148;N9072;N-9573;TR00000000005576302
nt9073;TL;752149;N9073;N-9574;TR00000000005576303
nt9074;TL;752150;N9074;N-9575;TR00000000005576304
nt9075;TL;752151;N9075;N-9576;TR00000000005576305
nt9076;TL;752152;N9076;N-9577;TR00000000005576306
nt9077;TL;752153;N9077;N-9578;TR00000000005576307
nt9078;TL;752154;N9078;N-9579;TR00000000005576308
nt9079;TL;752155;N9079;N-9580;TR00000000005576309
nt9080;TL;752156;N9080;N-9581;TR00000000005576310
nt9081;TL;752157;N9081;N-9582;TR00000000005576311
nt9082;TL;752158;N9082;N-9583;TR00000000005576312
nt9083;TL;752159;N9083;N-9584;TR00000000005576313
nt9084;TL;752160;N9084;N-9585;TR00000000005576314
nt9085;TL;752161;N9085;N-9586;TR00000000005576315
nt9086;TL;752162;N9086;N-9587;TR00000000005576316
nt9087;TL;752163;N9087;N-9588;TR00000000005576317
nt9088;TL;752164;N9088;N-9589;TR00000000005576318
nt9089;TL;752165;N9089;N-9590;TR00000000005576319
nt9090;TL;752166;N9090;N-9591;TR00000000005576320
nt9091;TL;752167;N9091;N-9592;TR00000000005576321
nt9092;TL;752168;N9092;N-9593;TR00000000005576322
nt9093;TL;752169;N9093;N-9594;TR00000000005576323
nt9094;TL;752170;N9094;N-9595;TR00000000005576324
nt9095;TL;752171;N9095;N-9596;TR00000000005576325
nt9096;TL;752172;N9096;N-9597;TR00000000005576326
nt9097;TL;752173;N9097;N-9598;TR00000000005576327
nt9098;TL;752174;N9098;N-9599;TR00000000005576328
nt9099;TL;752175;N9099;N-9600;TR00000000005576329
nt9100;TL;752176;N9100;N-9601;TR00000000005576330
nt9101;TL;752177;N9101;N-9602;TR00000000005576331
nt9102;TL;752178;N9102;N-9603;TR00000000005576332
nt9103;TL;752179;N9103;N-9604;TR00000000005576333
nt9104;TL;752180;N9104;N-9605;TR00000000005576334
nt9105;TL;752181;N9105;N-9606;TR00000000005576335
nt9106;TL;752182;N9106;N-9607;TR00000000005576336
nt9107;TL;752183;N9107;N-9608;TR00000000005576337
nt9108;TL;752184;N9108;N-9609;TR00000000005576338
nt9109;TL;752185;N9109;N-9610;TR00000000005576339
nt9110;TL;752186;N9110;N-9611;TR00000000005576340
nt9111;TL;752187;N9111;N-9612;TR00000000005576341
nt9112;TL;752188;N9112;N-9613;TR00000000005576342
nt9113;TL;752189;N9113;N-9614;TR00000000005576343
nt9114;TL;752190;N9114;N-9615;TR00000000005576344
nt9115;TL;752191;N9115;N-9616;TR00000000005576345
nt9116;TL;752192;N9116;N-9617;TR00000000005576346
nt9117;TL;752193;N9117;N-9618;TR00000000005576347
nt9118;TL;752194;N9118;N-9619;TR00000000005576348
nt9119;TL;752195;N9119;N-9620;TR00000000005576349
nt9120;TL;752196;N9120;N-9621;TR00000000005576350
nt9121;TL;752197;N9121;N-9622;TR00000000005576351
nt9122;TL;752198;N9122;N-9623;TR00000000005576352
nt9123;TL;752199;N9123;N-9624;TR00000000005576353
nt9124;TL;752200;N9124;N-9625;TR00000000005576354
nt9125;TL;752201;N9125;N-9626;TR00000000005576355
nt9126;TL;752202;N9126;N-9627;TR00000000005576356
nt9127;TL;752203;N9127;N-9628;TR00000000005576357
nt9128;TL;752204;N9128;N-9629;TR00000000005576358
nt9129;TL;752205;N9129;N-9630;TR00000000005576359
nt9130;TL;752206;N9130;N-9631;TR00000000005576360
nt9131;TL;752207;N9131;N-9632;TR00000000005576361
nt9132;TL;752208;N9132;N-9633;TR00000000005576362
nt9133;TL;752209;N9133;N-9634;TR00000000005576363
nt9134;TL;752210;N9134;N-9635;TR00000000005576364
nt9135;TL;752211;N9135;N-9636;TR00000000005576365
nt9136;TL;752212;N9136;N-9637;TR00000000005576366
nt9137;TL;752213;N9137;N-9638;TR00000000005576367
nt9138;TL;752214;N9138;N-9639;TR00000000005576368
nt9139;TL;752215;N9139;N-9640;TR00000000005576369
nt9140;TL;752216;N9140;N-9641;TR00000000005576370
nt9141;TL;752217;N9141;N-9642;TR00000000005576371
nt9142;TL;752218;N9142;N-9643;TR00000000005576372
nt9143;TL;752219;N9143;N-9644;TR00000000005576373
nt9144;TL;752220;N9144;N-9645;TR00000000005576374
nt9145;TL;752221;N9145;N-9646;TR00000000005576375
nt9146;TL;752222;N9146;N-9647;TR00000000005576376
nt9147;TL;752223;N9147;N-9648;TR00000000005576377
nt9148;TL;752224;N9148;N-9649;TR00000000005576378
nt9149;TL;752225;N9149;N-9650;TR00000000005576379
nt9150;TL;752226;N9150;N-9651;TR00000000005576380
nt9151;TL;752227;N9151;N-9652;TR00000000005576381
nt9152;TL;752228;N9152;N-9653;TR00000000005576382
nt9153;TL;752229;N9153;N-9654;TR00000000005576383
nt9154;TL;752230;N9154;N-9655;TR00000000005576384
nt9155;TL;752231;N9155;N-9656;TR00000000005576385
nt9156;TL;752232;N9156;N-9657;TR00000000005576386
nt9157;TL;752233;N9157;N-9658;TR00000000005576387
nt9158;TL;752234;N9158;N-9659;TR00000000005576388
nt9159;TL;752235;N9159;N-9660;TR00000000005576389
nt9160;TL;752236;N9160;N-9661;TR00000000005576390
nt9161;TL;752237;N9161;N-9662;TR00000000005576391
nt9162;TL;752238;N9162;N-9663;TR00000000005576392
nt9163;TL;752239;N9163;N-9664;TR00000000005576393
nt9164;TL;752240;N9164;N-9665;TR00000000005576394
nt9165;TL;752241;N9165;N-9666;TR00000000005576395
nt9166;TL;752242;N9166;N-9667;TR00000000005576396
nt9167;TL;752243;N9167;N-9668;TR00000000005576397
nt9168;TL;752244;N9168;N-9669;TR00000000005576398
nt9169;TL;752245;N9169;N-9670;TR00000000005576399
nt9170;TL;752246;N9170;N-9671;TR00000000005576400
nt9171;TL;752247;N9171;N-9672;TR00000000005576401
nt9172;TL;752248;N9172;N-9673;TR00000000005576402
nt9173;TL;752249;N9173;N-9674;TR00000000005576403
nt9174;TL;752250;N9174;N-9675;TR00000000005576404
nt9175;TL;752251;N9175;N-9676;TR00000000005576405
nt9176;TL;752252;N9176;N-9677;TR00000000005576406
nt9177;TL;752253;N9177;N-9678;TR00000000005576407
nt9178;TL;752254;N9178;N-9679;TR00000000005576408
nt9179;TL;752255;N9179;N-9680;TR00000000005576409
nt9180;TL;752256;N9180;N-9681;TR00000000005576410
nt9181;TL;752257;N9181;N-9682;TR00000000005576411
nt9182;TL;752258;N9182;N-9683;TR00000000005576412
nt9183;TL;752259;N9183;N-9684;TR00000000005576413
nt9184;TL;752260;N9184;N-9685;TR00000000005576414
nt9185;TL;752261;N9185;N-9686;TR00000000005576415
nt9186;TL;752262;N9186;N-9687;TR00000000005576416
nt9187;TL;752263;N9187;N-9688;TR00000000005576417
nt9188;TL;752264;N9188;N-9689;TR00000000005576418
nt9189;TL;752265;N9189;N-9690;TR00000000005576419
nt9190;TL;752266;N9190;N-9691;TR00000000005576420
nt9191;TL;752267;N9191;N-9692;TR00000000005576421
nt9192;TL;752268;N9192;N-9693;TR00000000005576422
nt9193;TL;752269;N9193;N-9694;TR00000000005576423
nt9194;TL;752270;N9194;N-9695;TR00000000005576424
nt9195;TL;752271;N9195;N-9696;TR00000000005576425
nt9196;TL;752272;N9196;N-9697;TR00000000005576426
nt9197;TL;752273;N9197;N-9698;TR00000000005576427
nt9198;TL;752274;N9198;N-9699;TR00000000005576428
nt9199;TL;752275;N9199;N-9700;TR00000000005576429
nt9200;TL;752276;N9200;N-9701;TR00000000005576430
nt9201;TL;752277;N9201;N-9702;TR00000000005576431
nt9202;TL;752278;N9202;N-9703;TR00000000005576432
nt9203;TL;752279;N9203;N-9704;TR00000000005576433
nt9204;TL;752280;N9204;N-9705;TR00000000005576434
nt9205;TL;752281;N9205;N-9706;TR00000000005576435
nt9206;TL;752282;N9206;N-9707;TR00000000005576436
nt9207;TL;752283;N9207;N-9708;TR00000000005576437
nt9208;TL;752284;N9208;N-9709;TR00000000005576438
nt9209;TL;752285;N9209;N-9710;TR00000000005576439
nt9210;TL;752286;N9210;N-9711;TR00000000005576440
nt9211;TL;752287;N9211;N-9712;TR00000000005576441
nt9212;TL;752288;N9212;N-9713;TR00000000005576442
nt9213;TL;752289;N9213;N-9714;TR00000000005576443
nt9214;TL;752290;N9214;N-9715;TR00000000005576444
nt9215;TL;752291;N9215;N-9716;TR00000000005576445
nt9216;TL;752292;N9216;N-9717;TR00000000005576446
nt9217;TL;752293;N9217;N-9718;TR00000000005576447
nt9218;TL;752294;N9218;N-9719;TR00000000005576448
nt9219;TL;752295;N9219;N-9720;TR00000000005576449
nt9220;TL;752296;N9220;N-9721;TR00000000005576450
nt9221;TL;752297;N9221;N-9722;TR00000000005576451
nt9222;TL;752298;N9222;N-9723;TR00000000005576452
nt9223;TL;752299;N9223;N-9724;TR00000000005576453
nt9224;TL;752300;N9224;N-9725;TR00000000005576454
nt9225;TL;752301;N9225;N-9726;TR00000000005576455
nt9226;TL;752302;N9226;N-9727;TR00000000005576456
nt9227;TL;752303;N9227;N-9728;TR00000000005576457
nt9228;TL;752304;N9228;N-9729;TR00000000005576458
nt9229;TL;752305;N9229;N-9730;TR00000000005576459
nt9230;TL;752306;N9230;N-9731;TR00000000005576460
nt9231;TL;752307;N9231;N-9732;TR00000000005576461
nt9232;TL;752308;N9232;N-9733;TR00000000005576462
nt9233;TL;752309;N9233;N-9734;TR00000000005576463
nt9234;TL;752310;N9234;N-9735;TR00000000005576464
nt9235;TL;752311;N9235;N-9736;TR00000000005576465
nt9236;TL;752312;N9236;N-9737;TR00000000005576466
nt9237;TL;752313;N9237;N-9738;TR00000000005576467
nt9238;TL;752314;N9238;N-9739;TR00000000005576468
nt9239;TL;752315;N9239;N-9740;TR00000000005576469
nt9240;TL;752316;N9240;N-9741;TR00000000005576470
nt9241;TL;752317;N9241;N-9742;TR00000000005576471
nt9242;TL;752318;N9242;N-9743;TR00000000005576472
nt9243;TL;752319;N9243;N-9744;TR00000000005576473
nt9244;TL;752320;N9244;N-9745;TR00000000005576474
nt9245;TL;752321;N9245;N-9746;TR00000000005576475
nt9246;TL;752322;N9246;N-9747;TR00000000005576476
nt9247;TL;752323;N9247;N-9748;TR00000000005576477
nt9248;TL;752324;N9248;N-9749;TR00000000005576478
nt9249;TL;752325;N9249;N-9750;TR00000000005576479
nt9250;TL;752326;N9250;N-9751;TR00000000005576480
nt9251;TL;752327;N9251;N-9752;TR00000000005576481
nt9252;TL;752328;N9252;N-9753;TR00000000005576482
nt9253;TL;752329;N9253;N-9754;TR00000000005576483
nt9254;TL;752330;N9254;N-9755;TR00000000005576484
nt9255;TL;752331;N9255;N-9756;TR00000000005576485
nt9256;TL;752332;N9256;N-9757;TR00000000005576486
nt9257;TL;752333;N9257;N-9758;TR00000000005576487
nt9258;TL;752334;N9258;N-9759;TR00000000005576488
nt9259;TL;752335;N9259;N-9760;TR00000000005576489
nt9260;TL;752336;N9260;N-9761;TR00000000005576490
nt9261;TL;752337;N9261;N-9762;TR00000000005576491
nt9262;TL;752338;N9262;N-9763;TR00000000005576492
nt9263;TL;752339;N9263;N-9764;TR00000000005576493
nt9264;TL;752340;N9264;N-9765;TR00000000005576494
nt9265;TL;752341;N9265;N-9766;TR00000000005576495
nt9266;TL;752342;N9266;N-9767;TR00000000005576496
nt9267;TL;752343;N9267;N-9768;TR00000000005576497
nt9268;TL;752344;N9268;N-9769;TR00000000005576498
nt9269;TL;752345;N9269;N-9770;TR00000000005576499
nt9270;TL;752346;N9270;N-9771;TR00000000005576500
nt9271;TL;752347;N9271;N-9772;TR00000000005576501
nt9272;TL;752348;N9272;N-9773;TR00000000005576502
nt9273;TL;752349;N9273;N-9774;TR00000000005576503
nt9274;TL;752350;N9274;N-9775;TR00000000005576504
nt9275;TL;752351;N9275;N-9776;TR00000000005576505
nt9276;TL;752352;N9276;N-9777;TR00000000005576506
nt9277;TL;752353;N9277;N-9778;TR00000000005576507
nt9278;TL;752354;N9278;N-9779;TR00000000005576508
nt9279;TL;752355;N9279;N-9780;TR00000000005576509
nt9280;TL;752356;N9280;N-9781;TR00000000005576510
nt9281;TL;752357;N9281;N-9782;TR00000000005576511
nt9282;TL;752358;N9282;N-9783;TR00000000005576512
nt9283;TL;752359;N9283;N-9784;TR00000000005576513
nt9284;TL;752360;N9284;N-9785;TR00000000005576514
nt9285;TL;752361;N9285;N-9786;TR00000000005576515
nt9286;TL;752362;N9286;N-9787;TR00000000005576516
nt9287;TL;752363;N9287;N-9788;TR00000000005576517
nt9288;TL;752364;N9288;N-9789;TR00000000005576518
nt9289;TL;752365;N9289;N-9790;TR00000000005576519
nt9290;TL;752366;N9290;N-9791;TR00000000005576520
nt9291;TL;752367;N9291;N-9792;TR00000000005576521
nt9292;TL;752368;N9292;N-9793;TR00000000005576522
nt9293;TL;752369;N9293;N-9794;TR00000000005576523
nt9294;TL;752370;N9294;N-9795;TR00000000005576524
nt9295;TL;752371;N9295;N-9796;TR00000000005576525
nt9296;TL;752372;N9296;N-9797;TR00000000005576526
nt9297;TL;752373;N9297;N-9798;TR00000000005576527
nt9298;TL;752374;N9298;N-9799;TR00000000005576528
nt9299;TL;752375;N9299;N-9800;TR00000000005576529
nt9300;TL;752376;N9300;N-9801;TR00000000005576530
nt9301;TL;752377;N9301;N-9802;TR00000000005576531
nt9302;TL;752378;N9302;N-9803;TR00000000005576532
nt9303;TL;752379;N9303;N-9804;TR00000000005576533
nt9304;TL;752380;N9304;N-9805;TR00000000005576534
nt9305;TL;752381;N9305;N-9806;TR00000000005576535
nt9306;TL;752382;N9306;N-9807;TR00000000005576536
nt9307;TL;752383;N9307;N-9808;TR00000000005576537
nt9308;TL;752384;N9308;N-9809;TR00000000005576538
nt9309;TL;752385;N9309;N-9810;TR00000000005576539
nt9310;TL;752386;N9310;N-9811;TR00000000005576540
nt9311;TL;752387;N9311;N-9812;TR00000000005576541
nt9312;TL;752388;N9312;N-9813;TR00000000005576542
nt9313;TL;752389;N9313;N-9814;TR00000000005576543
nt9314;TL;752390;N9314;N-9815;TR00000000005576544
nt9315;TL;752391;N9315;N-9816;TR00000000005576545
nt9316;TL;752392;N9316;N-9817;TR00000000005576546
nt9317;TL;752393;N9317;N-9818;TR00000000005576547
nt9318;TL;752394;N9318;N-9819;TR00000000005576548
nt9319;TL;752395;N9319;N-9820;TR00000000005576549
nt9320;TL;752396;N9320;N-9821;TR00000000005576550
nt9321;TL;752397;N9321;N-9822;TR00000000005576551
nt9322;TL;752398;N9322;N-9823;TR00000000005576552
nt9323;TL;752399;N9323;N-9824;TR00000000005576553
nt9324;TL;752400;N9324;N-9825;TR00000000005576554
nt9325;TL;752401;N9325;N-9826;TR00000000005576555
nt9326;TL;752402;N9326;N-9827;TR00000000005576556
nt9327;TL;752403;N9327;N-9828;TR00000000005576557
nt9328;TL;752404;N9328;N-9829;TR00000000005576558
nt9329;TL;752405;N9329;N-9830;TR00000000005576559
nt9330;TL;752406;N9330;N-9831;TR00000000005576560
nt9331;TL;752407;N9331;N-9832;TR00000000005576561
nt9332;TL;752408;N9332;N-9833;TR00000000005576562
nt9333;TL;752409;N9333;N-9834;TR00000000005576563
nt9334;TL;752410;N9334;N-9835;TR00000000005576564
nt9335;TL;752411;N9335;N-9836;TR00000000005576565
nt9336;TL;752412;N9336;N-9837;TR00000000005576566
nt9337;TL;752413;N9337;N-9838;TR00000000005576567
nt9338;TL;752414;N9338;N-9839;TR00000000005576568
nt9339;TL;752415;N9339;N-9840;TR00000000005576569
nt9340;TL;752416;N9340;N-9841;TR00000000005576570
nt9341;TL;752417;N9341;N-9842;TR00000000005576571
nt9342;TL;752418;N9342;N-9843;TR00000000005576572
nt9343;TL;752419;N9343;N-9844;TR00000000005576573
nt9344;TL;752420;N9344;N-9845;TR00000000005576574
nt9345;TL;752421;N9345;N-9846;TR00000000005576575
nt9346;TL;752422;N9346;N-9847;TR00000000005576576
nt9347;TL;752423;N9347;N-9848;TR00000000005576577
nt9348;TL;752424;N9348;N-9849;TR00000000005576578
nt9349;TL;752425;N9349;N-9850;TR00000000005576579
nt9350;TL;752426;N9350;N-9851;TR00000000005576580
nt9351;TL;752427;N9351;N-9852;TR00000000005576581
nt9352;TL;752428;N9352;N-9853;TR00000000005576582
nt9353;TL;752429;N9353;N-9854;TR00000000005576583
nt9354;TL;752430;N9354;N-9855;TR00000000005576584
nt9355;TL;752431;N9355;N-9856;TR00000000005576585
nt9356;TL;752432;N9356;N-9857;TR00000000005576586
nt9357;TL;752433;N9357;N-9858;TR00000000005576587
nt9358;TL;752434;N9358;N-9859;TR00000000005576588
nt9359;TL;752435;N9359;N-9860;TR00000000005576589
nt9360;TL;752436;N9360;N-9861;TR00000000005576590
nt9361;TL;752437;N9361;N-9862;TR00000000005576591
nt9362;TL;752438;N9362;N-9863;TR00000000005576592
nt9363;TL;752439;N9363;N-9864;TR00000000005576593
nt9364;TL;752440;N9364;N-9865;TR00000000005576594
nt9365;TL;752441;N9365;N-9866;TR00000000005576595
nt9366;TL;752442;N9366;N-9867;TR00000000005576596
nt9367;TL;752443;N9367;N-9868;TR00000000005576597
nt9368;TL;752444;N9368;N-9869;TR00000000005576598
nt9369;TL;752445;N9369;N-9870;TR00000000005576599
nt9370;TL;752446;N9370;N-9871;TR00000000005576600
nt9371;TL;752447;N9371;N-9872;TR00000000005576601
nt9372;TL;752448;N9372;N-9873;TR00000000005576602
nt9373;TL;752449;N9373;N-9874;TR00000000005576603
nt9374;TL;752450;N9374;N-9875;TR00000000005576604
nt9375;TL;752451;N9375;N-9876;TR00000000005576605
nt9376;TL;752452;N9376;N-9877;TR00000000005576606
nt9377;TL;752453;N9377;N-9878;TR00000000005576607
nt9378;TL;752454;N9378;N-9879;TR00000000005576608
nt9379;TL;752455;N9379;N-9880;TR00000000005576609
nt9380;TL;752456;N9380;N-9881;TR00000000005576610
nt9381;TL;752457;N9381;N-9882;TR00000000005576611
nt9382;TL;752458;N9382;N-9883;TR00000000005576612
nt9383;TL;752459;N9383;N-9884;TR00000000005576613
nt9384;TL;752460;N9384;N-9885;TR00000000005576614
nt9385;TL;752461;N9385;N-9886;TR00000000005576615
nt9386;TL;752462;N9386;N-9887;TR00000000005576616
nt9387;TL;752463;N9387;N-9888;TR00000000005576617
nt9388;TL;752464;N9388;N-9889;TR00000000005576618
nt9389;TL;752465;N9389;N-9890;TR00000000005576619
nt9390;TL;752466;N9390;N-9891;TR00000000005576620
nt9391;TL;752467;N9391;N-9892;TR00000000005576621
nt9392;TL;752468;N9392;N-9893;TR00000000005576622
nt9393;TL;752469;N9393;N-9894;TR00000000005576623
nt9394;TL;752470;N9394;N-9895;TR00000000005576624
nt9395;TL;752471;N9395;N-9896;TR00000000005576625
nt9396;TL;752472;N9396;N-9897;TR00000000005576626
nt9397;TL;752473;N9397;N-9898;TR00000000005576627
nt9398;TL;752474;N9398;N-9899;TR00000000005576628
nt9399;TL;752475;N9399;N-9900;TR00000000005576629
nt9400;TL;752476;N9400;N-9901;TR00000000005576630
nt9401;TL;752477;N9401;N-9902;TR00000000005576631
nt9402;TL;752478;N9402;N-9903;TR00000000005576632
nt9403;TL;752479;N9403;N-9904;TR00000000005576633
nt9404;TL;752480;N9404;N-9905;TR00000000005576634
nt9405;TL;752481;N9405;N-9906;TR00000000005576635
nt9406;TL;752482;N9406;N-9907;TR00000000005576636
nt9407;TL;752483;N9407;N-9908;TR00000000005576637
nt9408;TL;752484;N9408;N-9909;TR00000000005576638
nt9409;TL;752485;N9409;N-9910;TR00000000005576639
nt9410;TL;752486;N9410;N-9911;TR00000000005576640
nt9411;TL;752487;N9411;N-9912;TR00000000005576641
nt9412;TL;752488;N9412;N-9913;TR00000000005576642
nt9413;TL;752489;N9413;N-9914;TR00000000005576643
nt9414;TL;752490;N9414;N-9915;TR00000000005576644
nt9415;TL;752491;N9415;N-9916;TR00000000005576645
nt9416;TL;752492;N9416;N-9917;TR00000000005576646
nt9417;TL;752493;N9417;N-9918;TR00000000005576647
nt9418;TL;752494;N9418;N-9919;TR00000000005576648
nt9419;TL;752495;N9419;N-9920;TR00000000005576649
nt9420;TL;752496;N9420;N-9921;TR00000000005576650
nt9421;TL;752497;N9421;N-9922;TR00000000005576651
nt9422;TL;752498;N9422;N-9923;TR00000000005576652
nt9423;TL;752499;N9423;N-9924;TR00000000005576653
nt9424;TL;752500;N9424;N-9925;TR00000000005576654
nt9425;TL;752501;N9425;N-9926;TR00000000005576655
nt9426;TL;752502;N9426;N-9927;TR00000000005576656
nt9427;TL;752503;N9427;N-9928;TR00000000005576657
nt9428;TL;752504;N9428;N-9929;TR00000000005576658
nt9429;TL;752505;N9429;N-9930;TR00000000005576659
nt9430;TL;752506;N9430;N-9931;TR00000000005576660
nt9431;TL;752507;N9431;N-9932;TR00000000005576661
nt9432;TL;752508;N9432;N-9933;TR00000000005576662
nt9433;TL;752509;N9433;N-9934;TR00000000005576663
nt9434;TL;752510;N9434;N-9935;TR00000000005576664
nt9435;TL;752511;N9435;N-9936;TR00000000005576665
nt9436;TL;752512;N9436;N-9937;TR00000000005576666
nt9437;TL;752513;N9437;N-9938;TR00000000005576667
nt9438;TL;752514;N9438;N-9939;TR00000000005576668
nt9439;TL;752515;N9439;N-9940;TR00000000005576669
nt9440;TL;752516;N9440;N-9941;TR00000000005576670
nt9441;TL;752517;N9441;N-9942;TR00000000005576671
nt9442;TL;752518;N9442;N-9943;TR00000000005576672
nt9443;TL;752519;N9443;N-9944;TR00000000005576673
nt9444;TL;752520;N9444;N-9945;TR00000000005576674
nt9445;TL;752521;N9445;N-9946;TR00000000005576675
nt9446;TL;752522;N9446;N-9947;TR00000000005576676
nt9447;TL;752523;N9447;N-9948;TR00000000005576677
nt9448;TL;752524;N9448;N-9949;TR00000000005576678
nt9449;TL;752525;N9449;N-9950;TR00000000005576679
nt9450;TL;752526;N9450;N-9951;TR00000000005576680
nt9451;TL;752527;N9451;N-9952;TR00000000005576681
nt9452;TL;752528;N9452;N-9953;TR00000000005576682
nt9453;TL;752529;N9453;N-9954;TR00000000005576683
nt9454;TL;752530;N9454;N-9955;TR00000000005576684
nt9455;TL;752531;N9455;N-9956;TR00000000005576685
nt9456;TL;752532;N9456;N-9957;TR00000000005576686
nt9457;TL;752533;N9457;N-9958;TR00000000005576687
nt9458;TL;752534;N9458;N-9959;TR00000000005576688
nt9459;TL;752535;N9459;N-9960;TR00000000005576689
nt9460;TL;752536;N9460;N-9961;TR00000000005576690
nt9461;TL;752537;N9461;N-9962;TR00000000005576691
nt9462;TL;752538;N9462;N-9963;TR00000000005576692
nt9463;TL;752539;N9463;N-9964;TR00000000005576693
nt9464;TL;752540;N9464;N-9965;TR00000000005576694
nt9465;TL;752541;N9465;N-9966;TR00000000005576695
nt9466;TL;752542;N9466;N-9967;TR00000000005576696
nt9467;TL;752543;N9467;N-9968;TR00000000005576697
nt9468;TL;752544;N9468;N-9969;TR00000000005576698
nt9469;TL;752545;N9469;N-9970;TR00000000005576699
nt9470;TL;752546;N9470;N-9971;TR00000000005576700
nt9471;TL;752547;N9471;N-9972;TR00000000005576701
nt9472;TL;752548;N9472;N-9973;TR00000000005576702
nt9473;TL;752549;N9473;N-9974;TR00000000005576703
nt9474;TL;752550;N9474;N-9975;TR00000000005576704
nt9475;TL;752551;N9475;N-9976;TR00000000005576705
nt9476;TL;752552;N9476;N-9977;TR00000000005576706
nt9477;TL;752553;N9477;N-9978;TR00000000005576707
nt9478;TL;752554;N9478;N-9979;TR00000000005576708
nt9479;TL;752555;N9479;N-9980;TR00000000005576709
nt9480;TL;752556;N9480;N-9981;TR00000000005576710
nt9481;TL;752557;N9481;N-9982;TR00000000005576711
nt9482;TL;752558;N9482;N-9983;TR00000000005576712
nt9483;TL;752559;N9483;N-9984;TR00000000005576713
nt9484;TL;752560;N9484;N-9985;TR00000000005576714
nt9485;TL;752561;N9485;N-9986;TR00000000005576715
nt9486;TL;752562;N9486;N-9987;TR00000000005576716
nt9487;TL;752563;N9487;N-9988;TR00000000005576717
nt9488;TL;752564;N9488;N-9989;TR00000000005576718
nt9489;TL;752565;N9489;N-9990;TR00000000005576719
nt9490;TL;752566;N9490;N-9991;TR00000000005576720
nt9491;TL;752567;N9491;N-9992;TR00000000005576721
nt9492;TL;752568;N9492;N-9993;TR00000000005576722
nt9493;TL;752569;N9493;N-9994;TR00000000005576723
nt9494;TL;752570;N9494;N-9995;TR00000000005576724
nt9495;TL;752571;N9495;N-9996;TR00000000005576725
nt9496;TL;752572;N9496;N-9997;TR00000000005576726
nt9497;TL;752573;N9497;N-9998;TR00000000005576727
nt9498;TL;752574;N9498;N-9999;TR00000000005576728
nt9499;TL;752575;N9499;N-10000;TR00000000005576729
nt9500;TL;752576;N9500;N-10001;TR00000000005576730
nt9501;TL;752577;N9501;N-10002;TR00000000005576731
nt9502;TL;752578;N9502;N-10003;TR00000000005576732
nt9503;TL;752579;N9503;N-10004;TR00000000005576733
nt9504;TL;752580;N9504;N-10005;TR00000000005576734
nt9505;TL;752581;N9505;N-10006;TR00000000005576735
nt9506;TL;752582;N9506;N-10007;TR00000000005576736
nt9507;TL;752583;N9507;N-10008;TR00000000005576737
nt9508;TL;752584;N9508;N-10009;TR00000000005576738
nt9509;TL;752585;N9509;N-10010;TR00000000005576739
nt9510;TL;752586;N9510;N-10011;TR00000000005576740
nt9511;TL;752587;N9511;N-10012;TR00000000005576741
nt9512;TL;752588;N9512;N-10013;TR00000000005576742
nt9513;TL;752589;N9513;N-10014;TR00000000005576743
nt9514;TL;752590;N9514;N-10015;TR00000000005576744
nt9515;TL;752591;N9515;N-10016;TR00000000005576745
nt9516;TL;752592;N9516;N-10017;TR00000000005576746
nt9517;TL;752593;N9517;N-10018;TR00000000005576747
nt9518;TL;752594;N9518;N-10019;TR00000000005576748
nt9519;TL;752595;N9519;N-10020;TR00000000005576749
nt9520;TL;752596;N9520;N-10021;TR00000000005576750
nt9521;TL;752597;N9521;N-10022;TR00000000005576751
nt9522;TL;752598;N9522;N-10023;TR00000000005576752
nt9523;TL;752599;N9523;N-10024;TR00000000005576753
nt9524;TL;752600;N9524;N-10025;TR00000000005576754
nt9525;TL;752601;N9525;N-10026;TR00000000005576755
nt9526;TL;752602;N9526;N-10027;TR00000000005576756
nt9527;TL;752603;N9527;N-10028;TR00000000005576757
nt9528;TL;752604;N9528;N-10029;TR00000000005576758
nt9529;TL;752605;N9529;N-10030;TR00000000005576759
nt9530;TL;752606;N9530;N-10031;TR00000000005576760
nt9531;TL;752607;N9531;N-10032;TR00000000005576761
nt9532;TL;752608;N9532;N-10033;TR00000000005576762
nt9533;TL;752609;N9533;N-10034;TR00000000005576763
nt9534;TL;752610;N9534;N-10035;TR00000000005576764
nt9535;TL;752611;N9535;N-10036;TR00000000005576765
nt9536;TL;752612;N9536;N-10037;TR00000000005576766
nt9537;TL;752613;N9537;N-10038;TR00000000005576767
nt9538;TL;752614;N9538;N-10039;TR00000000005576768
nt9539;TL;752615;N9539;N-10040;TR00000000005576769
nt9540;TL;752616;N9540;N-10041;TR00000000005576770
nt9541;TL;752617;N9541;N-10042;TR00000000005576771
nt9542;TL;752618;N9542;N-10043;TR00000000005576772
nt9543;TL;752619;N9543;N-10044;TR00000000005576773
nt9544;TL;752620;N9544;N-10045;TR00000000005576774
nt9545;TL;752621;N9545;N-10046;TR00000000005576775
nt9546;TL;752622;N9546;N-10047;TR00000000005576776
nt9547;TL;752623;N9547;N-10048;TR00000000005576777
nt9548;TL;752624;N9548;N-10049;TR00000000005576778
nt9549;TL;752625;N9549;N-10050;TR00000000005576779
nt9550;TL;752626;N9550;N-10051;TR00000000005576780
nt9551;TL;752627;N9551;N-10052;TR00000000005576781
nt9552;TL;752628;N9552;N-10053;TR00000000005576782
nt9553;TL;752629;N9553;N-10054;TR00000000005576783
nt9554;TL;752630;N9554;N-10055;TR00000000005576784
nt9555;TL;752631;N9555;N-10056;TR00000000005576785
nt9556;TL;752632;N9556;N-10057;TR00000000005576786
nt9557;TL;752633;N9557;N-10058;TR00000000005576787
nt9558;TL;752634;N9558;N-10059;TR00000000005576788
nt9559;TL;752635;N9559;N-10060;TR00000000005576789
nt9560;TL;752636;N9560;N-10061;TR00000000005576790
nt9561;TL;752637;N9561;N-10062;TR00000000005576791
nt9562;TL;752638;N9562;N-10063;TR00000000005576792
nt9563;TL;752639;N9563;N-10064;TR00000000005576793
nt9564;TL;752640;N9564;N-10065;TR00000000005576794
nt9565;TL;752641;N9565;N-10066;TR00000000005576795
nt9566;TL;752642;N9566;N-10067;TR00000000005576796
nt9567;TL;752643;N9567;N-10068;TR00000000005576797
nt9568;TL;752644;N9568;N-10069;TR00000000005576798
nt9569;TL;752645;N9569;N-10070;TR00000000005576799
nt9570;TL;752646;N9570;N-10071;TR00000000005576800
nt9571;TL;752647;N9571;N-10072;TR00000000005576801
nt9572;TL;752648;N9572;N-10073;TR00000000005576802
nt9573;TL;752649;N9573;N-10074;TR00000000005576803
nt9574;TL;752650;N9574;N-10075;TR00000000005576804
nt9575;TL;752651;N9575;N-10076;TR00000000005576805
nt9576;TL;752652;N9576;N-10077;TR00000000005576806
nt9577;TL;752653;N9577;N-10078;TR00000000005576807
nt9578;TL;752654;N9578;N-10079;TR00000000005576808
nt9579;TL;752655;N9579;N-10080;TR00000000005576809
nt9580;TL;752656;N9580;N-10081;TR00000000005576810
nt9581;TL;752657;N9581;N-10082;TR00000000005576811
nt9582;TL;752658;N9582;N-10083;TR00000000005576812
nt9583;TL;752659;N9583;N-10084;TR00000000005576813
nt9584;TL;752660;N9584;N-10085;TR00000000005576814
nt9585;TL;752661;N9585;N-10086;TR00000000005576815
nt9586;TL;752662;N9586;N-10087;TR00000000005576816
nt9587;TL;752663;N9587;N-10088;TR00000000005576817
nt9588;TL;752664;N9588;N-10089;TR00000000005576818
nt9589;TL;752665;N9589;N-10090;TR00000000005576819
nt9590;TL;752666;N9590;N-10091;TR00000000005576820
nt9591;TL;752667;N9591;N-10092;TR00000000005576821
nt9592;TL;752668;N9592;N-10093;TR00000000005576822
nt9593;TL;752669;N9593;N-10094;TR00000000005576823
nt9594;TL;752670;N9594;N-10095;TR00000000005576824
nt9595;TL;752671;N9595;N-10096;TR00000000005576825
nt9596;TL;752672;N9596;N-10097;TR00000000005576826
nt9597;TL;752673;N9597;N-10098;TR00000000005576827
nt9598;TL;752674;N9598;N-10099;TR00000000005576828
nt9599;TL;752675;N9599;N-10100;TR00000000005576829
nt9600;TL;752676;N9600;N-10101;TR00000000005576830
nt9601;TL;752677;N9601;N-10102;TR00000000005576831
nt9602;TL;752678;N9602;N-10103;TR00000000005576832
nt9603;TL;752679;N9603;N-10104;TR00000000005576833
nt9604;TL;752680;N9604;N-10105;TR00000000005576834
nt9605;TL;752681;N9605;N-10106;TR00000000005576835
nt9606;TL;752682;N9606;N-10107;TR00000000005576836
nt9607;TL;752683;N9607;N-10108;TR00000000005576837
nt9608;TL;752684;N9608;N-10109;TR00000000005576838
nt9609;TL;752685;N9609;N-10110;TR00000000005576839
nt9610;TL;752686;N9610;N-10111;TR00000000005576840
nt9611;TL;752687;N9611;N-10112;TR00000000005576841
nt9612;TL;752688;N9612;N-10113;TR00000000005576842
nt9613;TL;752689;N9613;N-10114;TR00000000005576843
nt9614;TL;752690;N9614;N-10115;TR00000000005576844
nt9615;TL;752691;N9615;N-10116;TR00000000005576845
nt9616;TL;752692;N9616;N-10117;TR00000000005576846
nt9617;TL;752693;N9617;N-10118;TR00000000005576847
nt9618;TL;752694;N9618;N-10119;TR00000000005576848
nt9619;TL;752695;N9619;N-10120;TR00000000005576849
nt9620;TL;752696;N9620;N-10121;TR00000000005576850
nt9621;TL;752697;N9621;N-10122;TR00000000005576851
nt9622;TL;752698;N9622;N-10123;TR00000000005576852
nt9623;TL;752699;N9623;N-10124;TR00000000005576853
nt9624;TL;752700;N9624;N-10125;TR00000000005576854
nt9625;TL;752701;N9625;N-10126;TR00000000005576855
nt9626;TL;752702;N9626;N-10127;TR00000000005576856
nt9627;TL;752703;N9627;N-10128;TR00000000005576857
nt9628;TL;752704;N9628;N-10129;TR00000000005576858
nt9629;TL;752705;N9629;N-10130;TR00000000005576859
nt9630;TL;752706;N9630;N-10131;TR00000000005576860
nt9631;TL;752707;N9631;N-10132;TR00000000005576861
nt9632;TL;752708;N9632;N-10133;TR00000000005576862
nt9633;TL;752709;N9633;N-10134;TR00000000005576863
nt9634;TL;752710;N9634;N-10135;TR00000000005576864
nt9635;TL;752711;N9635;N-10136;TR00000000005576865
nt9636;TL;752712;N9636;N-10137;TR00000000005576866
nt9637;TL;752713;N9637;N-10138;TR00000000005576867
nt9638;TL;752714;N9638;N-10139;TR00000000005576868
nt9639;TL;752715;N9639;N-10140;TR00000000005576869
nt9640;TL;752716;N9640;N-10141;TR00000000005576870
nt9641;TL;752717;N9641;N-10142;TR00000000005576871
nt9642;TL;752718;N9642;N-10143;TR00000000005576872
nt9643;TL;752719;N9643;N-10144;TR00000000005576873
nt9644;TL;752720;N9644;N-10145;TR00000000005576874
nt9645;TL;752721;N9645;N-10146;TR00000000005576875
nt9646;TL;752722;N9646;N-10147;TR00000000005576876
nt9647;TL;752723;N9647;N-10148;TR00000000005576877
nt9648;TL;752724;N9648;N-10149;TR00000000005576878
nt9649;TL;752725;N9649;N-10150;TR00000000005576879
nt9650;TL;752726;N9650;N-10151;TR00000000005576880
nt9651;TL;752727;N9651;N-10152;TR00000000005576881
nt9652;TL;752728;N9652;N-10153;TR00000000005576882
nt9653;TL;752729;N9653;N-10154;TR00000000005576883
nt9654;TL;752730;N9654;N-10155;TR00000000005576884
nt9655;TL;752731;N9655;N-10156;TR00000000005576885
nt9656;TL;752732;N9656;N-10157;TR00000000005576886
nt9657;TL;752733;N9657;N-10158;TR00000000005576887
nt9658;TL;752734;N9658;N-10159;TR00000000005576888
nt9659;TL;752735;N9659;N-10160;TR00000000005576889
nt9660;TL;752736;N9660;N-10161;TR00000000005576890
nt9661;TL;752737;N9661;N-10162;TR00000000005576891
nt9662;TL;752738;N9662;N-10163;TR00000000005576892
nt9663;TL;752739;N9663;N-10164;TR00000000005576893
nt9664;TL;752740;N9664;N-10165;TR00000000005576894
nt9665;TL;752741;N9665;N-10166;TR00000000005576895
nt9666;TL;752742;N9666;N-10167;TR00000000005576896
nt9667;TL;752743;N9667;N-10168;TR00000000005576897
nt9668;TL;752744;N9668;N-10169;TR00000000005576898
nt9669;TL;752745;N9669;N-10170;TR00000000005576899
nt9670;TL;752746;N9670;N-10171;TR00000000005576900
nt9671;TL;752747;N9671;N-10172;TR00000000005576901
nt9672;TL;752748;N9672;N-10173;TR00000000005576902
nt9673;TL;752749;N9673;N-10174;TR00000000005576903
nt9674;TL;752750;N9674;N-10175;TR00000000005576904
nt9675;TL;752751;N9675;N-10176;TR00000000005576905
nt9676;TL;752752;N9676;N-10177;TR00000000005576906
nt9677;TL;752753;N9677;N-10178;TR00000000005576907
nt9678;TL;752754;N9678;N-10179;TR00000000005576908
nt9679;TL;752755;N9679;N-10180;TR00000000005576909
nt9680;TL;752756;N9680;N-10181;TR00000000005576910
nt9681;TL;752757;N9681;N-10182;TR00000000005576911
nt9682;TL;752758;N9682;N-10183;TR00000000005576912
nt9683;TL;752759;N9683;N-10184;TR00000000005576913
nt9684;TL;752760;N9684;N-10185;TR00000000005576914
nt9685;TL;752761;N9685;N-10186;TR00000000005576915
nt9686;TL;752762;N9686;N-10187;TR00000000005576916
nt9687;TL;752763;N9687;N-10188;TR00000000005576917
nt9688;TL;752764;N9688;N-10189;TR00000000005576918
nt9689;TL;752765;N9689;N-10190;TR00000000005576919
nt9690;TL;752766;N9690;N-10191;TR00000000005576920
nt9691;TL;752767;N9691;N-10192;TR00000000005576921
nt9692;TL;752768;N9692;N-10193;TR00000000005576922
nt9693;TL;752769;N9693;N-10194;TR00000000005576923
nt9694;TL;752770;N9694;N-10195;TR00000000005576924
nt9695;TL;752771;N9695;N-10196;TR00000000005576925
nt9696;TL;752772;N9696;N-10197;TR00000000005576926
nt9697;TL;752773;N9697;N-10198;TR00000000005576927
nt9698;TL;752774;N9698;N-10199;TR00000000005576928
nt9699;TL;752775;N9699;N-10200;TR00000000005576929
nt9700;TL;752776;N9700;N-10201;TR00000000005576930
nt9701;TL;752777;N9701;N-10202;TR00000000005576931
nt9702;TL;752778;N9702;N-10203;TR00000000005576932
nt9703;TL;752779;N9703;N-10204;TR00000000005576933
nt9704;TL;752780;N9704;N-10205;TR00000000005576934
nt9705;TL;752781;N9705;N-10206;TR00000000005576935
nt9706;TL;752782;N9706;N-10207;TR00000000005576936
nt9707;TL;752783;N9707;N-10208;TR00000000005576937
nt9708;TL;752784;N9708;N-10209;TR00000000005576938
nt9709;TL;752785;N9709;N-10210;TR00000000005576939
nt9710;TL;752786;N9710;N-10211;TR00000000005576940
nt9711;TL;752787;N9711;N-10212;TR00000000005576941
nt9712;TL;752788;N9712;N-10213;TR00000000005576942
nt9713;TL;752789;N9713;N-10214;TR00000000005576943
nt9714;TL;752790;N9714;N-10215;TR00000000005576944
nt9715;TL;752791;N9715;N-10216;TR00000000005576945
nt9716;TL;752792;N9716;N-10217;TR00000000005576946
nt9717;TL;752793;N9717;N-10218;TR00000000005576947
nt9718;TL;752794;N9718;N-10219;TR00000000005576948
nt9719;TL;752795;N9719;N-10220;TR00000000005576949
nt9720;TL;752796;N9720;N-10221;TR00000000005576950
nt9721;TL;752797;N9721;N-10222;TR00000000005576951
nt9722;TL;752798;N9722;N-10223;TR00000000005576952
nt9723;TL;752799;N9723;N-10224;TR00000000005576953
nt9724;TL;752800;N9724;N-10225;TR00000000005576954
nt9725;TL;752801;N9725;N-10226;TR00000000005576955
nt9726;TL;752802;N9726;N-10227;TR00000000005576956
nt9727;TL;752803;N9727;N-10228;TR00000000005576957
nt9728;TL;752804;N9728;N-10229;TR00000000005576958
nt9729;TL;752805;N9729;N-10230;TR00000000005576959
nt9730;TL;752806;N9730;N-10231;TR00000000005576960
nt9731;TL;752807;N9731;N-10232;TR00000000005576961
nt9732;TL;752808;N9732;N-10233;TR00000000005576962
nt9733;TL;752809;N9733;N-10234;TR00000000005576963
nt9734;TL;752810;N9734;N-10235;TR00000000005576964
nt9735;TL;752811;N9735;N-10236;TR00000000005576965
nt9736;TL;752812;N9736;N-10237;TR00000000005576966
nt9737;TL;752813;N9737;N-10238;TR00000000005576967
nt9738;TL;752814;N9738;N-10239;TR00000000005576968
nt9739;TL;752815;N9739;N-10240;TR00000000005576969
nt9740;TL;752816;N9740;N-10241;TR00000000005576970
nt9741;TL;752817;N9741;N-10242;TR00000000005576971
nt9742;TL;752818;N9742;N-10243;TR00000000005576972
nt9743;TL;752819;N9743;N-10244;TR00000000005576973
nt9744;TL;752820;N9744;N-10245;TR00000000005576974
nt9745;TL;752821;N9745;N-10246;TR00000000005576975
nt9746;TL;752822;N9746;N-10247;TR00000000005576976
nt9747;TL;752823;N9747;N-10248;TR00000000005576977
nt9748;TL;752824;N9748;N-10249;TR00000000005576978
nt9749;TL;752825;N9749;N-10250;TR00000000005576979
nt9750;TL;752826;N9750;N-10251;TR00000000005576980
nt9751;TL;752827;N9751;N-10252;TR00000000005576981
nt9752;TL;752828;N9752;N-10253;TR00000000005576982
nt9753;TL;752829;N9753;N-10254;TR00000000005576983
nt9754;TL;752830;N9754;N-10255;TR00000000005576984
nt9755;TL;752831;N9755;N-10256;TR00000000005576985
nt9756;TL;752832;N9756;N-10257;TR00000000005576986
nt9757;TL;752833;N9757;N-10258;TR00000000005576987
nt9758;TL;752834;N9758;N-10259;TR00000000005576988
nt9759;TL;752835;N9759;N-10260;TR00000000005576989
nt9760;TL;752836;N9760;N-10261;TR00000000005576990
nt9761;TL;752837;N9761;N-10262;TR00000000005576991
nt9762;TL;752838;N9762;N-10263;TR00000000005576992
nt9763;TL;752839;N9763;N-10264;TR00000000005576993
nt9764;TL;752840;N9764;N-10265;TR00000000005576994
nt9765;TL;752841;N9765;N-10266;TR00000000005576995
nt9766;TL;752842;N9766;N-10267;TR00000000005576996
nt9767;TL;752843;N9767;N-10268;TR00000000005576997
nt9768;TL;752844;N9768;N-10269;TR00000000005576998
nt9769;TL;752845;N9769;N-10270;TR00000000005576999
nt9770;TL;752846;N9770;N-10271;TR00000000005577000
nt9771;TL;752847;N9771;N-10272;TR00000000005577001
nt9772;TL;752848;N9772;N-10273;TR00000000005577002
nt9773;TL;752849;N9773;N-10274;TR00000000005577003
nt9774;TL;752850;N9774;N-10275;TR00000000005577004
nt9775;TL;752851;N9775;N-10276;TR00000000005577005
nt9776;TL;752852;N9776;N-10277;TR00000000005577006
nt9777;TL;752853;N9777;N-10278;TR00000000005577007
nt9778;TL;752854;N9778;N-10279;TR00000000005577008
nt9779;TL;752855;N9779;N-10280;TR00000000005577009
nt9780;TL;752856;N9780;N-10281;TR00000000005577010
nt9781;TL;752857;N9781;N-10282;TR00000000005577011
nt9782;TL;752858;N9782;N-10283;TR00000000005577012
nt9783;TL;752859;N9783;N-10284;TR00000000005577013
nt9784;TL;752860;N9784;N-10285;TR00000000005577014
nt9785;TL;752861;N9785;N-10286;TR00000000005577015
nt9786;TL;752862;N9786;N-10287;TR00000000005577016
nt9787;TL;752863;N9787;N-10288;TR00000000005577017
nt9788;TL;752864;N9788;N-10289;TR00000000005577018
nt9789;TL;752865;N9789;N-10290;TR00000000005577019
nt9790;TL;752866;N9790;N-10291;TR00000000005577020
nt9791;TL;752867;N9791;N-10292;TR00000000005577021
nt9792;TL;752868;N9792;N-10293;TR00000000005577022
nt9793;TL;752869;N9793;N-10294;TR00000000005577023
nt9794;TL;752870;N9794;N-10295;TR00000000005577024
nt9795;TL;752871;N9795;N-10296;TR00000000005577025
nt9796;TL;752872;N9796;N-10297;TR00000000005577026
nt9797;TL;752873;N9797;N-10298;TR00000000005577027
nt9798;TL;752874;N9798;N-10299;TR00000000005577028
nt9799;TL;752875;N9799;N-10300;TR00000000005577029
nt9800;TL;752876;N9800;N-10301;TR00000000005577030
nt9801;TL;752877;N9801;N-10302;TR00000000005577031
nt9802;TL;752878;N9802;N-10303;TR00000000005577032
nt9803;TL;752879;N9803;N-10304;TR00000000005577033
nt9804;TL;752880;N9804;N-10305;TR00000000005577034
nt9805;TL;752881;N9805;N-10306;TR00000000005577035
nt9806;TL;752882;N9806;N-10307;TR00000000005577036
nt9807;TL;752883;N9807;N-10308;TR00000000005577037
nt9808;TL;752884;N9808;N-10309;TR00000000005577038
nt9809;TL;752885;N9809;N-10310;TR00000000005577039
nt9810;TL;752886;N9810;N-10311;TR00000000005577040
nt9811;TL;752887;N9811;N-10312;TR00000000005577041
nt9812;TL;752888;N9812;N-10313;TR00000000005577042
nt9813;TL;752889;N9813;N-10314;TR00000000005577043
nt9814;TL;752890;N9814;N-10315;TR00000000005577044
nt9815;TL;752891;N9815;N-10316;TR00000000005577045
nt9816;TL;752892;N9816;N-10317;TR00000000005577046
nt9817;TL;752893;N9817;N-10318;TR00000000005577047
nt9818;TL;752894;N9818;N-10319;TR00000000005577048
nt9819;TL;752895;N9819;N-10320;TR00000000005577049
nt9820;TL;752896;N9820;N-10321;TR00000000005577050
nt9821;TL;752897;N9821;N-10322;TR00000000005577051
nt9822;TL;752898;N9822;N-10323;TR00000000005577052
nt9823;TL;752899;N9823;N-10324;TR00000000005577053
nt9824;TL;752900;N9824;N-10325;TR00000000005577054
nt9825;TL;752901;N9825;N-10326;TR00000000005577055
nt9826;TL;752902;N9826;N-10327;TR00000000005577056
nt9827;TL;752903;N9827;N-10328;TR00000000005577057
nt9828;TL;752904;N9828;N-10329;TR00000000005577058
nt9829;TL;752905;N9829;N-10330;TR00000000005577059
nt9830;TL;752906;N9830;N-10331;TR00000000005577060
nt9831;TL;752907;N9831;N-10332;TR00000000005577061
nt9832;TL;752908;N9832;N-10333;TR00000000005577062
nt9833;TL;752909;N9833;N-10334;TR00000000005577063
nt9834;TL;752910;N9834;N-10335;TR00000000005577064
nt9835;TL;752911;N9835;N-10336;TR00000000005577065
nt9836;TL;752912;N9836;N-10337;TR00000000005577066
nt9837;TL;752913;N9837;N-10338;TR00000000005577067
nt9838;TL;752914;N9838;N-10339;TR00000000005577068
nt9839;TL;752915;N9839;N-10340;TR00000000005577069
nt9840;TL;752916;N9840;N-10341;TR00000000005577070
nt9841;TL;752917;N9841;N-10342;TR00000000005577071
nt9842;TL;752918;N9842;N-10343;TR00000000005577072
nt9843;TL;752919;N9843;N-10344;TR00000000005577073
nt9844;TL;752920;N9844;N-10345;TR00000000005577074
nt9845;TL;752921;N9845;N-10346;TR00000000005577075
nt9846;TL;752922;N9846;N-10347;TR00000000005577076
nt9847;TL;752923;N9847;N-10348;TR00000000005577077
nt9848;TL;752924;N9848;N-10349;TR00000000005577078
nt9849;TL;752925;N9849;N-10350;TR00000000005577079
nt9850;TL;752926;N9850;N-10351;TR00000000005577080
nt9851;TL;752927;N9851;N-10352;TR00000000005577081
nt9852;TL;752928;N9852;N-10353;TR00000000005577082
nt9853;TL;752929;N9853;N-10354;TR00000000005577083
nt9854;TL;752930;N9854;N-10355;TR00000000005577084
nt9855;TL;752931;N9855;N-10356;TR00000000005577085
nt9856;TL;752932;N9856;N-10357;TR00000000005577086
nt9857;TL;752933;N9857;N-10358;TR00000000005577087
nt9858;TL;752934;N9858;N-10359;TR00000000005577088
nt9859;TL;752935;N9859;N-10360;TR00000000005577089
nt9860;TL;752936;N9860;N-10361;TR00000000005577090
nt9861;TL;752937;N9861;N-10362;TR00000000005577091
nt9862;TL;752938;N9862;N-10363;TR00000000005577092
nt9863;TL;752939;N9863;N-10364;TR00000000005577093
nt9864;TL;752940;N9864;N-10365;TR00000000005577094
nt9865;TL;752941;N9865;N-10366;TR00000000005577095
nt9866;TL;752942;N9866;N-10367;TR00000000005577096
nt9867;TL;752943;N9867;N-10368;TR00000000005577097
nt9868;TL;752944;N9868;N-10369;TR00000000005577098
nt9869;TL;752945;N9869;N-10370;TR00000000005577099
nt9870;TL;752946;N9870;N-10371;TR00000000005577100
nt9871;TL;752947;N9871;N-10372;TR00000000005577101
nt9872;TL;752948;N9872;N-10373;TR00000000005577102
nt9873;TL;752949;N9873;N-10374;TR00000000005577103
nt9874;TL;752950;N9874;N-10375;TR00000000005577104
nt9875;TL;752951;N9875;N-10376;TR00000000005577105
nt9876;TL;752952;N9876;N-10377;TR00000000005577106
nt9877;TL;752953;N9877;N-10378;TR00000000005577107
nt9878;TL;752954;N9878;N-10379;TR00000000005577108
nt9879;TL;752955;N9879;N-10380;TR00000000005577109
nt9880;TL;752956;N9880;N-10381;TR00000000005577110
nt9881;TL;752957;N9881;N-10382;TR00000000005577111
nt9882;TL;752958;N9882;N-10383;TR00000000005577112
nt9883;TL;752959;N9883;N-10384;TR00000000005577113
nt9884;TL;752960;N9884;N-10385;TR00000000005577114
nt9885;TL;752961;N9885;N-10386;TR00000000005577115
nt9886;TL;752962;N9886;N-10387;TR00000000005577116
nt9887;TL;752963;N9887;N-10388;TR00000000005577117
nt9888;TL;752964;N9888;N-10389;TR00000000005577118
nt9889;TL;752965;N9889;N-10390;TR00000000005577119
nt9890;TL;752966;N9890;N-10391;TR00000000005577120
nt9891;TL;752967;N9891;N-10392;TR00000000005577121
nt9892;TL;752968;N9892;N-10393;TR00000000005577122
nt9893;TL;752969;N9893;N-10394;TR00000000005577123
nt9894;TL;752970;N9894;N-10395;TR00000000005577124
nt9895;TL;752971;N9895;N-10396;TR00000000005577125
nt9896;TL;752972;N9896;N-10397;TR00000000005577126
nt9897;TL;752973;N9897;N-10398;TR00000000005577127
nt9898;TL;752974;N9898;N-10399;TR00000000005577128
nt9899;TL;752975;N9899;N-10400;TR00000000005577129
nt9900;TL;752976;N9900;N-10401;TR00000000005577130
nt9901;TL;752977;N9901;N-10402;TR00000000005577131
nt9902;TL;752978;N9902;N-10403;TR00000000005577132
nt9903;TL;752979;N9903;N-10404;TR00000000005577133
nt9904;TL;752980;N9904;N-10405;TR00000000005577134
nt9905;TL;752981;N9905;N-10406;TR00000000005577135
nt9906;TL;752982;N9906;N-10407;TR00000000005577136
nt9907;TL;752983;N9907;N-10408;TR00000000005577137
nt9908;TL;752984;N9908;N-10409;TR00000000005577138
nt9909;TL;752985;N9909;N-10410;TR00000000005577139
nt9910;TL;752986;N9910;N-10411;TR00000000005577140
nt9911;TL;752987;N9911;N-10412;TR00000000005577141
nt9912;TL;752988;N9912;N-10413;TR00000000005577142
nt9913;TL;752989;N9913;N-10414;TR00000000005577143
nt9914;TL;752990;N9914;N-10415;TR00000000005577144
nt9915;TL;752991;N9915;N-10416;TR00000000005577145
nt9916;TL;752992;N9916;N-10417;TR00000000005577146
nt9917;TL;752993;N9917;N-10418;TR00000000005577147
nt9918;TL;752994;N9918;N-10419;TR00000000005577148
nt9919;TL;752995;N9919;N-10420;TR00000000005577149
nt9920;TL;752996;N9920;N-10421;TR00000000005577150
nt9921;TL;752997;N9921;N-10422;TR00000000005577151
nt9922;TL;752998;N9922;N-10423;TR00000000005577152
nt9923;TL;752999;N9923;N-10424;TR00000000005577153
nt9924;TL;753000;N9924;N-10425;TR00000000005577154
nt9925;TL;753001;N9925;N-10426;TR00000000005577155
nt9926;TL;753002;N9926;N-10427;TR00000000005577156
nt9927;TL;753003;N9927;N-10428;TR00000000005577157
nt9928;TL;753004;N9928;N-10429;TR00000000005577158
nt9929;TL;753005;N9929;N-10430;TR00000000005577159
nt9930;TL;753006;N9930;N-10431;TR00000000005577160
nt9931;TL;753007;N9931;N-10432;TR00000000005577161
nt9932;TL;753008;N9932;N-10433;TR00000000005577162
nt9933;TL;753009;N9933;N-10434;TR00000000005577163
nt9934;TL;753010;N9934;N-10435;TR00000000005577164
nt9935;TL;753011;N9935;N-10436;TR00000000005577165
nt9936;TL;753012;N9936;N-10437;TR00000000005577166
nt9937;TL;753013;N9937;N-10438;TR00000000005577167
nt9938;TL;753014;N9938;N-10439;TR00000000005577168
nt9939;TL;753015;N9939;N-10440;TR00000000005577169
nt9940;TL;753016;N9940;N-10441;TR00000000005577170
nt9941;TL;753017;N9941;N-10442;TR00000000005577171
nt9942;TL;753018;N9942;N-10443;TR00000000005577172
nt9943;TL;753019;N9943;N-10444;TR00000000005577173
nt9944;TL;753020;N9944;N-10445;TR00000000005577174
nt9945;TL;753021;N9945;N-10446;TR00000000005577175
nt9946;TL;753022;N9946;N-10447;TR00000000005577176
nt9947;TL;753023;N9947;N-10448;TR00000000005577177
nt9948;TL;753024;N9948;N-10449;TR00000000005577178
nt9949;TL;753025;N9949;N-10450;TR00000000005577179
nt9950;TL;753026;N9950;N-10451;TR00000000005577180
nt9951;TL;753027;N9951;N-10452;TR00000000005577181
nt9952;TL;753028;N9952;N-10453;TR00000000005577182
nt9953;TL;753029;N9953;N-10454;TR00000000005577183
nt9954;TL;753030;N9954;N-10455;TR00000000005577184
nt9955;TL;753031;N9955;N-10456;TR00000000005577185
nt9956;TL;753032;N9956;N-10457;TR00000000005577186
nt9957;TL;753033;N9957;N-10458;TR00000000005577187
nt9958;TL;753034;N9958;N-10459;TR00000000005577188
nt9959;TL;753035;N9959;N-10460;TR00000000005577189
nt9960;TL;753036;N9960;N-10461;TR00000000005577190
nt9961;TL;753037;N9961;N-10462;TR00000000005577191
nt9962;TL;753038;N9962;N-10463;TR00000000005577192
nt9963;TL;753039;N9963;N-10464;TR00000000005577193
nt9964;TL;753040;N9964;N-10465;TR00000000005577194
nt9965;TL;753041;N9965;N-10466;TR00000000005577195
nt9966;TL;753042;N9966;N-10467;TR00000000005577196
nt9967;TL;753043;N9967;N-10468;TR00000000005577197
nt9968;TL;753044;N9968;N-10469;TR00000000005577198
nt9969;TL;753045;N9969;N-10470;TR00000000005577199
nt9970;TL;753046;N9970;N-10471;TR00000000005577200
nt9971;TL;753047;N9971;N-10472;TR00000000005577201
nt9972;TL;753048;N9972;N-10473;TR00000000005577202
nt9973;TL;753049;N9973;N-10474;TR00000000005577203
nt9974;TL;753050;N9974;N-10475;TR00000000005577204
nt9975;TL;753051;N9975;N-10476;TR00000000005577205
nt9976;TL;753052;N9976;N-10477;TR00000000005577206
nt9977;TL;753053;N9977;N-10478;TR00000000005577207
nt9978;TL;753054;N9978;N-10479;TR00000000005577208
nt9979;TL;753055;N9979;N-10480;TR00000000005577209
nt9980;TL;753056;N9980;N-10481;TR00000000005577210
nt9981;TL;753057;N9981;N-10482;TR00000000005577211
nt9982;TL;753058;N9982;N-10483;TR00000000005577212
nt9983;TL;753059;N9983;N-10484;TR00000000005577213
nt9984;TL;753060;N9984;N-10485;TR00000000005577214
nt9985;TL;753061;N9985;N-10486;TR00000000005577215
nt9986;TL;753062;N9986;N-10487;TR00000000005577216
nt9987;TL;753063;N9987;N-10488;TR00000000005577217
nt9988;TL;753064;N9988;N-10489;TR00000000005577218
nt9989;TL;753065;N9989;N-10490;TR00000000005577219
nt9990;TL;753066;N9990;N-10491;TR00000000005577220
nt9991;TL;753067;N9991;N-10492;TR00000000005577221
nt9992;TL;753068;N9992;N-10493;TR00000000005577222
nt9993;TL;753069;N9993;N-10494;TR00000000005577223
nt9994;TL;753070;N9994;N-10495;TR00000000005577224
nt9995;TL;753071;N9995;N-10496;TR00000000005577225
nt9996;TL;753072;N9996;N-10497;TR00000000005577226
nt9997;TL;753073;N9997;N-10498;TR00000000005577227
nt9998;TL;753074;N9998;N-10499;TR00000000005577228
nt9999;TL;753075;N9999;N-10500;TR00000000005577229
nt10000;TL;753076;N10000;N-10501;TR00000000005577230
nt10001;TL;753077;N10001;N-10502;
nt10002;TL;753078;N10002;N-10503;
nt10003;TL;753079;N10003;N-10504;
nt10004;TL;753080;N10004;N-10505;
nt10005;TL;753081;N10005;N-10506;
nt10006;TL;753082;N10006;N-10507;
nt10007;TL;753083;N10007;N-10508;
nt10008;TL;753084;N10008;N-10509;
nt10009;TL;753085;N10009;N-10510;
nt10010;TL;753086;N10010;N-10511;
nt10011;TL;753087;N10011;N-10512;
nt10012;TL;753088;N10012;N-10513;
nt10013;TL;753089;N10013;N-10514;
nt10014;TL;753090;N10014;N-10515;
nt10015;TL;753091;N10015;N-10516;
nt10016;TL;753092;N10016;N-10517;
nt10017;TL;753093;N10017;N-10518;
nt10018;TL;753094;N10018;N-10519;
nt10019;TL;753095;N10019;N-10520;
nt10020;TL;753096;N10020;N-10521;
nt10021;TL;753097;N10021;N-10522;
nt10022;TL;753098;N10022;N-10523;
nt10023;TL;753099;N10023;N-10524;
nt10024;TL;753100;N10024;N-10525;
nt10025;TL;753101;N10025;N-10526;
nt10026;TL;753102;N10026;N-10527;
nt10027;TL;753103;N10027;N-10528;
nt10028;TL;753104;N10028;N-10529;
nt10029;TL;753105;N10029;N-10530;
nt10030;TL;753106;N10030;N-10531;
nt10031;TL;753107;N10031;N-10532;
nt10032;TL;753108;N10032;N-10533;
nt10033;TL;753109;N10033;N-10534;
nt10034;TL;753110;N10034;N-10535;
nt10035;TL;753111;N10035;N-10536;
nt10036;TL;753112;N10036;N-10537;
nt10037;TL;753113;N10037;N-10538;
nt10038;TL;753114;N10038;N-10539;
nt10039;TL;753115;N10039;N-10540;
nt10040;TL;753116;N10040;N-10541;
nt10041;TL;753117;N10041;N-10542;
nt10042;TL;753118;N10042;N-10543;
nt10043;TL;753119;N10043;N-10544;
nt10044;TL;753120;N10044;N-10545;
nt10045;TL;753121;N10045;N-10546;
nt10046;TL;753122;N10046;N-10547;
nt10047;TL;753123;N10047;N-10548;
nt10048;TL;753124;N10048;N-10549;
nt10049;TL;753125;N10049;N-10550;
nt10050;TL;753126;N10050;N-10551;
nt10051;TL;753127;N10051;N-10552;
nt10052;TL;753128;N10052;N-10553;
nt10053;TL;753129;N10053;N-10554;
nt10054;TL;753130;N10054;N-10555;
nt10055;TL;753131;N10055;N-10556;
nt10056;TL;753132;N10056;N-10557;
nt10057;TL;753133;N10057;N-10558;
nt10058;TL;753134;N10058;N-10559;
nt10059;TL;753135;N10059;N-10560;
nt10060;TL;753136;N10060;N-10561;
nt10061;TL;753137;N10061;N-10562;
nt10062;TL;753138;N10062;N-10563;
nt10063;TL;753139;N10063;N-10564;
nt10064;TL;753140;N10064;N-10565;
nt10065;TL;753141;N10065;N-10566;
nt10066;TL;753142;N10066;N-10567;
nt10067;TL;753143;N10067;N-10568;
nt10068;TL;753144;N10068;N-10569;
nt10069;TL;753145;N10069;N-10570;
nt10070;TL;753146;N10070;N-10571;
nt10071;TL;753147;N10071;N-10572;
nt10072;TL;753148;N10072;N-10573;
nt10073;TL;753149;N10073;N-10574;
nt10074;TL;753150;N10074;N-10575;
nt10075;TL;753151;N10075;N-10576;
nt10076;TL;753152;N10076;N-10577;
nt10077;TL;753153;N10077;N-10578;
nt10078;TL;753154;N10078;N-10579;
nt10079;TL;753155;N10079;N-10580;
nt10080;TL;753156;N10080;N-10581;
nt10081;TL;753157;N10081;N-10582;
nt10082;TL;753158;N10082;N-10583;
nt10083;TL;753159;N10083;N-10584;
nt10084;TL;753160;N10084;N-10585;
nt10085;TL;753161;N10085;N-10586;
nt10086;TL;753162;N10086;N-10587;
nt10087;TL;753163;N10087;N-10588;
nt10088;TL;753164;N10088;N-10589;
nt10089;TL;753165;N10089;N-10590;
nt10090;TL;753166;N10090;N-10591;
nt10091;TL;753167;N10091;N-10592;
nt10092;TL;753168;N10092;N-10593;
nt10093;TL;753169;N10093;N-10594;
nt10094;TL;753170;N10094;N-10595;
nt10095;TL;753171;N10095;N-10596;
nt10096;TL;753172;N10096;N-10597;
nt10097;TL;753173;N10097;N-10598;
nt10098;TL;753174;N10098;N-10599;
nt10099;TL;753175;N10099;N-10600;
nt10100;TL;753176;N10100;N-10601;
nt10101;TL;753177;N10101;N-10602;
nt10102;TL;753178;N10102;N-10603;
nt10103;TL;753179;N10103;N-10604;
nt10104;TL;753180;N10104;N-10605;
nt10105;TL;753181;N10105;N-10606;
nt10106;TL;753182;N10106;N-10607;
nt10107;TL;753183;N10107;N-10608;
nt10108;TL;753184;N10108;N-10609;
nt10109;TL;753185;N10109;N-10610;
nt10110;TL;753186;N10110;N-10611;
nt10111;TL;753187;N10111;N-10612;
nt10112;TL;753188;N10112;N-10613;
nt10113;TL;753189;N10113;N-10614;
nt10114;TL;753190;N10114;N-10615;
nt10115;TL;753191;N10115;N-10616;
nt10116;TL;753192;N10116;N-10617;
nt10117;TL;753193;N10117;N-10618;
nt10118;TL;753194;N10118;N-10619;
nt10119;TL;753195;N10119;N-10620;
nt10120;TL;753196;N10120;N-10621;
nt10121;TL;753197;N10121;N-10622;
nt10122;TL;753198;N10122;N-10623;
nt10123;TL;753199;N10123;N-10624;
nt10124;TL;753200;N10124;N-10625;
nt10125;TL;753201;N10125;N-10626;
nt10126;TL;753202;N10126;N-10627;
nt10127;TL;753203;N10127;N-10628;
nt10128;TL;753204;N10128;N-10629;
nt10129;TL;753205;N10129;N-10630;
nt10130;TL;753206;N10130;N-10631;
nt10131;TL;753207;N10131;N-10632;
nt10132;TL;753208;N10132;N-10633;
nt10133;TL;753209;N10133;N-10634;
nt10134;TL;753210;N10134;N-10635;
nt10135;TL;753211;N10135;N-10636;
nt10136;TL;753212;N10136;N-10637;
nt10137;TL;753213;N10137;N-10638;
nt10138;TL;753214;N10138;N-10639;
nt10139;TL;753215;N10139;N-10640;
nt10140;TL;753216;N10140;N-10641;
nt10141;TL;753217;N10141;N-10642;
nt10142;TL;753218;N10142;N-10643;
nt10143;TL;753219;N10143;N-10644;
nt10144;TL;753220;N10144;N-10645;
nt10145;TL;753221;N10145;N-10646;
nt10146;TL;753222;N10146;N-10647;
nt10147;TL;753223;N10147;N-10648;
nt10148;TL;753224;N10148;N-10649;
nt10149;TL;753225;N10149;N-10650;
nt10150;TL;753226;N10150;N-10651;
nt10151;TL;753227;N10151;N-10652;
nt10152;TL;753228;N10152;N-10653;
nt10153;TL;753229;N10153;N-10654;
nt10154;TL;753230;N10154;N-10655;
nt10155;TL;753231;N10155;N-10656;
nt10156;TL;753232;N10156;N-10657;
nt10157;TL;753233;N10157;N-10658;
nt10158;TL;753234;N10158;N-10659;
nt10159;TL;753235;N10159;N-10660;
nt10160;TL;753236;N10160;N-10661;
nt10161;TL;753237;N10161;N-10662;
nt10162;TL;753238;N10162;N-10663;
nt10163;TL;753239;N10163;N-10664;
nt10164;TL;753240;N10164;N-10665;
nt10165;TL;753241;N10165;N-10666;
nt10166;TL;753242;N10166;N-10667;
nt10167;TL;753243;N10167;N-10668;
nt10168;TL;753244;N10168;N-10669;
nt10169;TL;753245;N10169;N-10670;
nt10170;TL;753246;N10170;N-10671;
nt10171;TL;753247;N10171;N-10672;
nt10172;TL;753248;N10172;N-10673;
nt10173;TL;753249;N10173;N-10674;
nt10174;TL;753250;N10174;N-10675;
nt10175;TL;753251;N10175;N-10676;
nt10176;TL;753252;N10176;N-10677;
nt10177;TL;753253;N10177;N-10678;
nt10178;TL;753254;N10178;N-10679;
nt10179;TL;753255;N10179;N-10680;
nt10180;TL;753256;N10180;N-10681;
nt10181;TL;753257;N10181;N-10682;
nt10182;TL;753258;N10182;N-10683;
nt10183;TL;753259;N10183;N-10684;
nt10184;TL;753260;N10184;N-10685;
nt10185;TL;753261;N10185;N-10686;
nt10186;TL;753262;N10186;N-10687;
nt10187;TL;753263;N10187;N-10688;
nt10188;TL;753264;N10188;N-10689;
nt10189;TL;753265;N10189;N-10690;
nt10190;TL;753266;N10190;N-10691;
nt10191;TL;753267;N10191;N-10692;
nt10192;TL;753268;N10192;N-10693;
nt10193;TL;753269;N10193;N-10694;
nt10194;TL;753270;N10194;N-10695;
nt10195;TL;753271;N10195;N-10696;
nt10196;TL;753272;N10196;N-10697;
nt10197;TL;753273;N10197;N-10698;
nt10198;TL;753274;N10198;N-10699;
nt10199;TL;753275;N10199;N-10700;
nt10200;TL;753276;N10200;N-10701;
nt10201;TL;753277;N10201;N-10702;
nt10202;TL;753278;N10202;N-10703;
nt10203;TL;753279;N10203;N-10704;
nt10204;TL;753280;N10204;N-10705;
nt10205;TL;753281;N10205;N-10706;
nt10206;TL;753282;N10206;N-10707;
nt10207;TL;753283;N10207;N-10708;
nt10208;TL;753284;N10208;N-10709;
nt10209;TL;753285;N10209;N-10710;
nt10210;TL;753286;N10210;N-10711;
nt10211;TL;753287;N10211;N-10712;
nt10212;TL;753288;N10212;N-10713;
nt10213;TL;753289;N10213;N-10714;
nt10214;TL;753290;N10214;N-10715;
nt10215;TL;753291;N10215;N-10716;
nt10216;TL;753292;N10216;N-10717;
nt10217;TL;753293;N10217;N-10718;
nt10218;TL;753294;N10218;N-10719;
nt10219;TL;753295;N10219;N-10720;
nt10220;TL;753296;N10220;N-10721;
nt10221;TL;753297;N10221;N-10722;
nt10222;TL;753298;N10222;N-10723;
nt10223;TL;753299;N10223;N-10724;
nt10224;TL;753300;N10224;N-10725;
nt10225;TL;753301;N10225;N-10726;
nt10226;TL;753302;N10226;N-10727;
nt10227;TL;753303;N10227;N-10728;
nt10228;TL;753304;N10228;N-10729;
nt10229;TL;753305;N10229;N-10730;
nt10230;TL;753306;N10230;N-10731;
nt10231;TL;753307;N10231;N-10732;
nt10232;TL;753308;N10232;N-10733;
nt10233;TL;753309;N10233;N-10734;
nt10234;TL;753310;N10234;N-10735;
nt10235;TL;753311;N10235;N-10736;
nt10236;TL;753312;N10236;N-10737;
nt10237;TL;753313;N10237;N-10738;
nt10238;TL;753314;N10238;N-10739;
nt10239;TL;753315;N10239;N-10740;
nt10240;TL;753316;N10240;N-10741;
nt10241;TL;753317;N10241;N-10742;
nt10242;TL;753318;N10242;N-10743;
nt10243;TL;753319;N10243;N-10744;
nt10244;TL;753320;N10244;N-10745;
nt10245;TL;753321;N10245;N-10746;
nt10246;TL;753322;N10246;N-10747;
nt10247;TL;753323;N10247;N-10748;
nt10248;TL;753324;N10248;N-10749;
nt10249;TL;753325;N10249;N-10750;
nt10250;TL;753326;N10250;N-10751;
nt10251;TL;753327;N10251;N-10752;
nt10252;TL;753328;N10252;N-10753;
nt10253;TL;753329;N10253;N-10754;
nt10254;TL;753330;N10254;N-10755;
nt10255;TL;753331;N10255;N-10756;
nt10256;TL;753332;N10256;N-10757;
nt10257;TL;753333;N10257;N-10758;
nt10258;TL;753334;N10258;N-10759;
nt10259;TL;753335;N10259;N-10760;
nt10260;TL;753336;N10260;N-10761;
nt10261;TL;753337;N10261;N-10762;
nt10262;TL;753338;N10262;N-10763;
nt10263;TL;753339;N10263;N-10764;
nt10264;TL;753340;N10264;N-10765;
nt10265;TL;753341;N10265;N-10766;
nt10266;TL;753342;N10266;N-10767;
nt10267;TL;753343;N10267;N-10768;
nt10268;TL;753344;N10268;N-10769;
nt10269;TL;753345;N10269;N-10770;
nt10270;TL;753346;N10270;N-10771;
nt10271;TL;753347;N10271;N-10772;
nt10272;TL;753348;N10272;N-10773;
nt10273;TL;753349;N10273;N-10774;
nt10274;TL;753350;N10274;N-10775;
nt10275;TL;753351;N10275;N-10776;
nt10276;TL;753352;N10276;N-10777;
nt10277;TL;753353;N10277;N-10778;
nt10278;TL;753354;N10278;N-10779;
nt10279;TL;753355;N10279;N-10780;
nt10280;TL;753356;N10280;N-10781;
nt10281;TL;753357;N10281;N-10782;
nt10282;TL;753358;N10282;N-10783;
nt10283;TL;753359;N10283;N-10784;
nt10284;TL;753360;N10284;N-10785;
nt10285;TL;753361;N10285;N-10786;
nt10286;TL;753362;N10286;N-10787;
nt10287;TL;753363;N10287;N-10788;
nt10288;TL;753364;N10288;N-10789;
nt10289;TL;753365;N10289;N-10790;
nt10290;TL;753366;N10290;N-10791;
nt10291;TL;753367;N10291;N-10792;
nt10292;TL;753368;N10292;N-10793;
nt10293;TL;753369;N10293;N-10794;
nt10294;TL;753370;N10294;N-10795;
nt10295;TL;753371;N10295;N-10796;
nt10296;TL;753372;N10296;N-10797;
nt10297;TL;753373;N10297;N-10798;
nt10298;TL;753374;N10298;N-10799;
nt10299;TL;753375;N10299;N-10800;
nt10300;TL;753376;N10300;N-10801;
nt10301;TL;753377;N10301;N-10802;
nt10302;TL;753378;N10302;N-10803;
nt10303;TL;753379;N10303;N-10804;
nt10304;TL;753380;N10304;N-10805;
nt10305;TL;753381;N10305;N-10806;
nt10306;TL;753382;N10306;N-10807;
nt10307;TL;753383;N10307;N-10808;
nt10308;TL;753384;N10308;N-10809;
nt10309;TL;753385;N10309;N-10810;
nt10310;TL;753386;N10310;N-10811;
nt10311;TL;753387;N10311;N-10812;
nt10312;TL;753388;N10312;N-10813;
nt10313;TL;753389;N10313;N-10814;
nt10314;TL;753390;N10314;N-10815;
nt10315;TL;753391;N10315;N-10816;
nt10316;TL;753392;N10316;N-10817;
nt10317;TL;753393;N10317;N-10818;
nt10318;TL;753394;N10318;N-10819;
nt10319;TL;753395;N10319;N-10820;
nt10320;TL;753396;N10320;N-10821;
nt10321;TL;753397;N10321;N-10822;
nt10322;TL;753398;N10322;N-10823;
nt10323;TL;753399;N10323;N-10824;
nt10324;TL;753400;N10324;N-10825;
nt10325;TL;753401;N10325;N-10826;
nt10326;TL;753402;N10326;N-10827;
nt10327;TL;753403;N10327;N-10828;
nt10328;TL;753404;N10328;N-10829;
nt10329;TL;753405;N10329;N-10830;
nt10330;TL;753406;N10330;N-10831;
nt10331;TL;753407;N10331;N-10832;
nt10332;TL;753408;N10332;N-10833;
nt10333;TL;753409;N10333;N-10834;
nt10334;TL;753410;N10334;N-10835;
nt10335;TL;753411;N10335;N-10836;
nt10336;TL;753412;N10336;N-10837;
nt10337;TL;753413;N10337;N-10838;
nt10338;TL;753414;N10338;N-10839;
nt10339;TL;753415;N10339;N-10840;
nt10340;TL;753416;N10340;N-10841;
nt10341;TL;753417;N10341;N-10842;
nt10342;TL;753418;N10342;N-10843;
nt10343;TL;753419;N10343;N-10844;
nt10344;TL;753420;N10344;N-10845;
nt10345;TL;753421;N10345;N-10846;
nt10346;TL;753422;N10346;N-10847;
nt10347;TL;753423;N10347;N-10848;
nt10348;TL;753424;N10348;N-10849;
nt10349;TL;753425;N10349;N-10850;
nt10350;TL;753426;N10350;N-10851;
nt10351;TL;753427;N10351;N-10852;
nt10352;TL;753428;N10352;N-10853;
nt10353;TL;753429;N10353;N-10854;
nt10354;TL;753430;N10354;N-10855;
nt10355;TL;753431;N10355;N-10856;
nt10356;TL;753432;N10356;N-10857;
nt10357;TL;753433;N10357;N-10858;
nt10358;TL;753434;N10358;N-10859;
nt10359;TL;753435;N10359;N-10860;
nt10360;TL;753436;N10360;N-10861;
nt10361;TL;753437;N10361;N-10862;
nt10362;TL;753438;N10362;N-10863;
nt10363;TL;753439;N10363;N-10864;
nt10364;TL;753440;N10364;N-10865;
nt10365;TL;753441;N10365;N-10866;
nt10366;TL;753442;N10366;N-10867;
nt10367;TL;753443;N10367;N-10868;
nt10368;TL;753444;N10368;N-10869;
nt10369;TL;753445;N10369;N-10870;
nt10370;TL;753446;N10370;N-10871;
nt10371;TL;753447;N10371;N-10872;
nt10372;TL;753448;N10372;N-10873;
nt10373;TL;753449;N10373;N-10874;
nt10374;TL;753450;N10374;N-10875;
nt10375;TL;753451;N10375;N-10876;
nt10376;TL;753452;N10376;N-10877;
nt10377;TL;753453;N10377;N-10878;
nt10378;TL;753454;N10378;N-10879;
nt10379;TL;753455;N10379;N-10880;
nt10380;TL;753456;N10380;N-10881;
nt10381;TL;753457;N10381;N-10882;
nt10382;TL;753458;N10382;N-10883;
nt10383;TL;753459;N10383;N-10884;
nt10384;TL;753460;N10384;N-10885;
nt10385;TL;753461;N10385;N-10886;
nt10386;TL;753462;N10386;N-10887;
nt10387;TL;753463;N10387;N-10888;
nt10388;TL;753464;N10388;N-10889;
nt10389;TL;753465;N10389;N-10890;
nt10390;TL;753466;N10390;N-10891;
nt10391;TL;753467;N10391;N-10892;
nt10392;TL;753468;N10392;N-10893;
nt10393;TL;753469;N10393;N-10894;
nt10394;TL;753470;N10394;N-10895;
nt10395;TL;753471;N10395;N-10896;
nt10396;TL;753472;N10396;N-10897;
nt10397;TL;753473;N10397;N-10898;
nt10398;TL;753474;N10398;N-10899;
nt10399;TL;753475;N10399;N-10900;
nt10400;TL;753476;N10400;N-10901;
nt10401;TL;753477;N10401;N-10902;
nt10402;TL;753478;N10402;N-10903;
nt10403;TL;753479;N10403;N-10904;
nt10404;TL;753480;N10404;N-10905;
nt10405;TL;753481;N10405;N-10906;
nt10406;TL;753482;N10406;N-10907;
nt10407;TL;753483;N10407;N-10908;
nt10408;TL;753484;N10408;N-10909;
nt10409;TL;753485;N10409;N-10910;
nt10410;TL;753486;N10410;N-10911;
nt10411;TL;753487;N10411;N-10912;
nt10412;TL;753488;N10412;N-10913;
nt10413;TL;753489;N10413;N-10914;
nt10414;TL;753490;N10414;N-10915;
nt10415;TL;753491;N10415;N-10916;
nt10416;TL;753492;N10416;N-10917;
nt10417;TL;753493;N10417;N-10918;
nt10418;TL;753494;N10418;N-10919;
nt10419;TL;753495;N10419;N-10920;
nt10420;TL;753496;N10420;N-10921;
nt10421;TL;753497;N10421;N-10922;
nt10422;TL;753498;N10422;N-10923;
nt10423;TL;753499;N10423;N-10924;
nt10424;TL;753500;N10424;N-10925;
nt10425;TL;753501;N10425;N-10926;
nt10426;TL;753502;N10426;N-10927;
nt10427;TL;753503;N10427;N-10928;
nt10428;TL;753504;N10428;N-10929;
nt10429;TL;753505;N10429;N-10930;
nt10430;TL;753506;N10430;N-10931;
nt10431;TL;753507;N10431;N-10932;
nt10432;TL;753508;N10432;N-10933;
nt10433;TL;753509;N10433;N-10934;
nt10434;TL;753510;N10434;N-10935;
nt10435;TL;753511;N10435;N-10936;
nt10436;TL;753512;N10436;N-10937;
nt10437;TL;753513;N10437;N-10938;
nt10438;TL;753514;N10438;N-10939;
nt10439;TL;753515;N10439;N-10940;
nt10440;TL;753516;N10440;N-10941;
nt10441;TL;753517;N10441;N-10942;
nt10442;TL;753518;N10442;N-10943;
nt10443;TL;753519;N10443;N-10944;
nt10444;TL;753520;N10444;N-10945;
nt10445;TL;753521;N10445;N-10946;
nt10446;TL;753522;N10446;N-10947;
nt10447;TL;753523;N10447;N-10948;
nt10448;TL;753524;N10448;N-10949;
nt10449;TL;753525;N10449;N-10950;
nt10450;TL;753526;N10450;N-10951;
nt10451;TL;753527;N10451;N-10952;
nt10452;TL;753528;N10452;N-10953;
nt10453;TL;753529;N10453;N-10954;
nt10454;TL;753530;N10454;N-10955;
nt10455;TL;753531;N10455;N-10956;
nt10456;TL;753532;N10456;N-10957;
nt10457;TL;753533;N10457;N-10958;
nt10458;TL;753534;N10458;N-10959;
nt10459;TL;753535;N10459;N-10960;
nt10460;TL;753536;N10460;N-10961;
nt10461;TL;753537;N10461;N-10962;
nt10462;TL;753538;N10462;N-10963;
nt10463;TL;753539;N10463;N-10964;
nt10464;TL;753540;N10464;N-10965;
nt10465;TL;753541;N10465;N-10966;
nt10466;TL;753542;N10466;N-10967;
nt10467;TL;753543;N10467;N-10968;
nt10468;TL;753544;N10468;N-10969;
nt10469;TL;753545;N10469;N-10970;
nt10470;TL;753546;N10470;N-10971;
nt10471;TL;753547;N10471;N-10972;
nt10472;TL;753548;N10472;N-10973;
nt10473;TL;753549;N10473;N-10974;
nt10474;TL;753550;N10474;N-10975;
nt10475;TL;753551;N10475;N-10976;
nt10476;TL;753552;N10476;N-10977;
nt10477;TL;753553;N10477;N-10978;
nt10478;TL;753554;N10478;N-10979;
nt10479;TL;753555;N10479;N-10980;
nt10480;TL;753556;N10480;N-10981;
nt10481;TL;753557;N10481;N-10982;
nt10482;TL;753558;N10482;N-10983;
nt10483;TL;753559;N10483;N-10984;
nt10484;TL;753560;N10484;N-10985;
nt10485;TL;753561;N10485;N-10986;
nt10486;TL;753562;N10486;N-10987;
nt10487;TL;753563;N10487;N-10988;
nt10488;TL;753564;N10488;N-10989;
nt10489;TL;753565;N10489;N-10990;
nt10490;TL;753566;N10490;N-10991;
nt10491;TL;753567;N10491;N-10992;
nt10492;TL;753568;N10492;N-10993;
nt10493;TL;753569;N10493;N-10994;
nt10494;TL;753570;N10494;N-10995;
nt10495;TL;753571;N10495;N-10996;
nt10496;TL;753572;N10496;N-10997;
nt10497;TL;753573;N10497;N-10998;
nt10498;TL;753574;N10498;N-10999;
nt10499;TL;753575;N10499;N-11000;
nt10500;TL;753576;N10500;N-11001;
nt10501;TL;753577;N10501;N-11002;
nt10502;TL;753578;N10502;N-11003;
nt10503;TL;753579;N10503;N-11004;
nt10504;TL;753580;N10504;N-11005;
nt10505;TL;753581;N10505;N-11006;
nt10506;TL;753582;N10506;N-11007;
nt10507;TL;753583;N10507;N-11008;
nt10508;TL;753584;N10508;N-11009;
nt10509;TL;753585;N10509;N-11010;
nt10510;TL;753586;N10510;N-11011;
nt10511;TL;753587;N10511;N-11012;
nt10512;TL;753588;N10512;N-11013;
nt10513;TL;753589;N10513;N-11014;
nt10514;TL;753590;N10514;N-11015;
nt10515;TL;753591;N10515;N-11016;
nt10516;TL;753592;N10516;N-11017;
nt10517;TL;753593;N10517;N-11018;
nt10518;TL;753594;N10518;N-11019;
nt10519;TL;753595;N10519;N-11020;
nt10520;TL;753596;N10520;N-11021;
nt10521;TL;753597;N10521;N-11022;
nt10522;TL;753598;N10522;N-11023;
nt10523;TL;753599;N10523;N-11024;
nt10524;TL;753600;N10524;N-11025;
nt10525;TL;753601;N10525;N-11026;
nt10526;TL;753602;N10526;N-11027;
nt10527;TL;753603;N10527;N-11028;
nt10528;TL;753604;N10528;N-11029;
nt10529;TL;753605;N10529;N-11030;
nt10530;TL;753606;N10530;N-11031;
nt10531;TL;753607;N10531;N-11032;
nt10532;TL;753608;N10532;N-11033;
nt10533;TL;753609;N10533;N-11034;
nt10534;TL;753610;N10534;N-11035;
nt10535;TL;753611;N10535;N-11036;
nt10536;TL;753612;N10536;N-11037;
nt10537;TL;753613;N10537;N-11038;
nt10538;TL;753614;N10538;N-11039;
nt10539;TL;753615;N10539;N-11040;
nt10540;TL;753616;N10540;N-11041;
nt10541;TL;753617;N10541;N-11042;
nt10542;TL;753618;N10542;N-11043;
nt10543;TL;753619;N10543;N-11044;
nt10544;TL;753620;N10544;N-11045;
nt10545;TL;753621;N10545;N-11046;
nt10546;TL;753622;N10546;N-11047;
nt10547;TL;753623;N10547;N-11048;
nt10548;TL;753624;N10548;N-11049;
nt10549;TL;753625;N10549;N-11050;
nt10550;TL;753626;N10550;N-11051;
nt10551;TL;753627;N10551;N-11052;
nt10552;TL;753628;N10552;N-11053;
nt10553;TL;753629;N10553;N-11054;
nt10554;TL;753630;N10554;N-11055;
nt10555;TL;753631;N10555;N-11056;
nt10556;TL;753632;N10556;N-11057;
nt10557;TL;753633;N10557;N-11058;
nt10558;TL;753634;N10558;N-11059;
nt10559;TL;753635;N10559;N-11060;
nt10560;TL;753636;N10560;N-11061;
nt10561;TL;753637;N10561;N-11062;
nt10562;TL;753638;N10562;N-11063;
nt10563;TL;753639;N10563;N-11064;
nt10564;TL;753640;N10564;N-11065;
nt10565;TL;753641;N10565;N-11066;
nt10566;TL;753642;N10566;N-11067;
nt10567;TL;753643;N10567;N-11068;
nt10568;TL;753644;N10568;N-11069;
nt10569;TL;753645;N10569;N-11070;
nt10570;TL;753646;N10570;N-11071;
nt10571;TL;753647;N10571;N-11072;
nt10572;TL;753648;N10572;N-11073;
nt10573;TL;753649;N10573;N-11074;
nt10574;TL;753650;N10574;N-11075;
nt10575;TL;753651;N10575;N-11076;
nt10576;TL;753652;N10576;N-11077;
nt10577;TL;753653;N10577;N-11078;
nt10578;TL;753654;N10578;N-11079;
nt10579;TL;753655;N10579;N-11080;
nt10580;TL;753656;N10580;N-11081;
nt10581;TL;753657;N10581;N-11082;
nt10582;TL;753658;N10582;N-11083;
nt10583;TL;753659;N10583;N-11084;
nt10584;TL;753660;N10584;N-11085;
nt10585;TL;753661;N10585;N-11086;
nt10586;TL;753662;N10586;N-11087;
nt10587;TL;753663;N10587;N-11088;
nt10588;TL;753664;N10588;N-11089;
nt10589;TL;753665;N10589;N-11090;
nt10590;TL;753666;N10590;N-11091;
nt10591;TL;753667;N10591;N-11092;
nt10592;TL;753668;N10592;N-11093;
nt10593;TL;753669;N10593;N-11094;
nt10594;TL;753670;N10594;N-11095;
nt10595;TL;753671;N10595;N-11096;
nt10596;TL;753672;N10596;N-11097;
nt10597;TL;753673;N10597;N-11098;
nt10598;TL;753674;N10598;N-11099;
nt10599;TL;753675;N10599;N-11100;
nt10600;TL;753676;N10600;N-11101;
nt10601;TL;753677;N10601;N-11102;
nt10602;TL;753678;N10602;N-11103;
nt10603;TL;753679;N10603;N-11104;
nt10604;TL;753680;N10604;N-11105;
nt10605;TL;753681;N10605;N-11106;
nt10606;TL;753682;N10606;N-11107;
nt10607;TL;753683;N10607;N-11108;
nt10608;TL;753684;N10608;N-11109;
nt10609;TL;753685;N10609;N-11110;
nt10610;TL;753686;N10610;N-11111;
nt10611;TL;753687;N10611;N-11112;
nt10612;TL;753688;N10612;N-11113;
nt10613;TL;753689;N10613;N-11114;
nt10614;TL;753690;N10614;N-11115;
nt10615;TL;753691;N10615;N-11116;
nt10616;TL;753692;N10616;N-11117;
nt10617;TL;753693;N10617;N-11118;
nt10618;TL;753694;N10618;N-11119;
nt10619;TL;753695;N10619;N-11120;
nt10620;TL;753696;N10620;N-11121;
nt10621;TL;753697;N10621;N-11122;
nt10622;TL;753698;N10622;N-11123;
nt10623;TL;753699;N10623;N-11124;
nt10624;TL;753700;N10624;N-11125;
nt10625;TL;753701;N10625;N-11126;
nt10626;TL;753702;N10626;N-11127;
nt10627;TL;753703;N10627;N-11128;
nt10628;TL;753704;N10628;N-11129;
nt10629;TL;753705;N10629;N-11130;
nt10630;TL;753706;N10630;N-11131;
nt10631;TL;753707;N10631;N-11132;
nt10632;TL;753708;N10632;N-11133;
nt10633;TL;753709;N10633;N-11134;
nt10634;TL;753710;N10634;N-11135;
nt10635;TL;753711;N10635;N-11136;
nt10636;TL;753712;N10636;N-11137;
nt10637;TL;753713;N10637;N-11138;
nt10638;TL;753714;N10638;N-11139;
nt10639;TL;753715;N10639;N-11140;
nt10640;TL;753716;N10640;N-11141;
nt10641;TL;753717;N10641;N-11142;
nt10642;TL;753718;N10642;N-11143;
nt10643;TL;753719;N10643;N-11144;
nt10644;TL;753720;N10644;N-11145;
nt10645;TL;753721;N10645;N-11146;
nt10646;TL;753722;N10646;N-11147;
nt10647;TL;753723;N10647;N-11148;
nt10648;TL;753724;N10648;N-11149;
nt10649;TL;753725;N10649;N-11150;
nt10650;TL;753726;N10650;N-11151;
nt10651;TL;753727;N10651;N-11152;
nt10652;TL;753728;N10652;N-11153;
nt10653;TL;753729;N10653;N-11154;
nt10654;TL;753730;N10654;N-11155;
nt10655;TL;753731;N10655;N-11156;
nt10656;TL;753732;N10656;N-11157;
nt10657;TL;753733;N10657;N-11158;
nt10658;TL;753734;N10658;N-11159;
nt10659;TL;753735;N10659;N-11160;
nt10660;TL;753736;N10660;N-11161;
nt10661;TL;753737;N10661;N-11162;
nt10662;TL;753738;N10662;N-11163;
nt10663;TL;753739;N10663;N-11164;
nt10664;TL;753740;N10664;N-11165;
nt10665;TL;753741;N10665;N-11166;
nt10666;TL;753742;N10666;N-11167;
nt10667;TL;753743;N10667;N-11168;
nt10668;TL;753744;N10668;N-11169;
nt10669;TL;753745;N10669;N-11170;
nt10670;TL;753746;N10670;N-11171;
nt10671;TL;753747;N10671;N-11172;
nt10672;TL;753748;N10672;N-11173;
nt10673;TL;753749;N10673;N-11174;
nt10674;TL;753750;N10674;N-11175;
nt10675;TL;753751;N10675;N-11176;
nt10676;TL;753752;N10676;N-11177;
nt10677;TL;753753;N10677;N-11178;
nt10678;TL;753754;N10678;N-11179;
nt10679;TL;753755;N10679;N-11180;
nt10680;TL;753756;N10680;N-11181;
nt10681;TL;753757;N10681;N-11182;
nt10682;TL;753758;N10682;N-11183;
nt10683;TL;753759;N10683;N-11184;
nt10684;TL;753760;N10684;N-11185;
nt10685;TL;753761;N10685;N-11186;
nt10686;TL;753762;N10686;N-11187;
nt10687;TL;753763;N10687;N-11188;
nt10688;TL;753764;N10688;N-11189;
nt10689;TL;753765;N10689;N-11190;
nt10690;TL;753766;N10690;N-11191;
nt10691;TL;753767;N10691;N-11192;
nt10692;TL;753768;N10692;N-11193;
nt10693;TL;753769;N10693;N-11194;
nt10694;TL;753770;N10694;N-11195;
nt10695;TL;753771;N10695;N-11196;
nt10696;TL;753772;N10696;N-11197;
nt10697;TL;753773;N10697;N-11198;
nt10698;TL;753774;N10698;N-11199;
nt10699;TL;753775;N10699;N-11200;
nt10700;TL;753776;N10700;N-11201;
nt10701;TL;753777;N10701;N-11202;
nt10702;TL;753778;N10702;N-11203;
nt10703;TL;753779;N10703;N-11204;
nt10704;TL;753780;N10704;N-11205;
nt10705;TL;753781;N10705;N-11206;
nt10706;TL;753782;N10706;N-11207;
nt10707;TL;753783;N10707;N-11208;
nt10708;TL;753784;N10708;N-11209;
nt10709;TL;753785;N10709;N-11210;
nt10710;TL;753786;N10710;N-11211;
nt10711;TL;753787;N10711;N-11212;
nt10712;TL;753788;N10712;N-11213;
nt10713;TL;753789;N10713;N-11214;
nt10714;TL;753790;N10714;N-11215;
nt10715;TL;753791;N10715;N-11216;
nt10716;TL;753792;N10716;N-11217;
nt10717;TL;753793;N10717;N-11218;
nt10718;TL;753794;N10718;N-11219;
nt10719;TL;753795;N10719;N-11220;
nt10720;TL;753796;N10720;N-11221;
nt10721;TL;753797;N10721;N-11222;
nt10722;TL;753798;N10722;N-11223;
nt10723;TL;753799;N10723;N-11224;
nt10724;TL;753800;N10724;N-11225;
nt10725;TL;753801;N10725;N-11226;
nt10726;TL;753802;N10726;N-11227;
nt10727;TL;753803;N10727;N-11228;
nt10728;TL;753804;N10728;N-11229;
nt10729;TL;753805;N10729;N-11230;
nt10730;TL;753806;N10730;N-11231;
nt10731;TL;753807;N10731;N-11232;
nt10732;TL;753808;N10732;N-11233;
nt10733;TL;753809;N10733;N-11234;
nt10734;TL;753810;N10734;N-11235;
nt10735;TL;753811;N10735;N-11236;
nt10736;TL;753812;N10736;N-11237;
nt10737;TL;753813;N10737;N-11238;
nt10738;TL;753814;N10738;N-11239;
nt10739;TL;753815;N10739;N-11240;
nt10740;TL;753816;N10740;N-11241;
nt10741;TL;753817;N10741;N-11242;
nt10742;TL;753818;N10742;N-11243;
nt10743;TL;753819;N10743;N-11244;
nt10744;TL;753820;N10744;N-11245;
nt10745;TL;753821;N10745;N-11246;
nt10746;TL;753822;N10746;N-11247;
nt10747;TL;753823;N10747;N-11248;
nt10748;TL;753824;N10748;N-11249;
nt10749;TL;753825;N10749;N-11250;
nt10750;TL;753826;N10750;N-11251;
nt10751;TL;753827;N10751;N-11252;
nt10752;TL;753828;N10752;N-11253;
nt10753;TL;753829;N10753;N-11254;
nt10754;TL;753830;N10754;N-11255;
nt10755;TL;753831;N10755;N-11256;
nt10756;TL;753832;N10756;N-11257;
nt10757;TL;753833;N10757;N-11258;
nt10758;TL;753834;N10758;N-11259;
nt10759;TL;753835;N10759;N-11260;
nt10760;TL;753836;N10760;N-11261;
nt10761;TL;753837;N10761;N-11262;
nt10762;TL;753838;N10762;N-11263;
nt10763;TL;753839;N10763;N-11264;
nt10764;TL;753840;N10764;N-11265;
nt10765;TL;753841;N10765;N-11266;
nt10766;TL;753842;N10766;N-11267;
nt10767;TL;753843;N10767;N-11268;
nt10768;TL;753844;N10768;N-11269;
nt10769;TL;753845;N10769;N-11270;
nt10770;TL;753846;N10770;N-11271;
nt10771;TL;753847;N10771;N-11272;
nt10772;TL;753848;N10772;N-11273;
nt10773;TL;753849;N10773;N-11274;
nt10774;TL;753850;N10774;N-11275;
nt10775;TL;753851;N10775;N-11276;
nt10776;TL;753852;N10776;N-11277;
nt10777;TL;753853;N10777;N-11278;
nt10778;TL;753854;N10778;N-11279;
nt10779;TL;753855;N10779;N-11280;
nt10780;TL;753856;N10780;N-11281;
nt10781;TL;753857;N10781;N-11282;
nt10782;TL;753858;N10782;N-11283;
nt10783;TL;753859;N10783;N-11284;
nt10784;TL;753860;N10784;N-11285;
nt10785;TL;753861;N10785;N-11286;
nt10786;TL;753862;N10786;N-11287;
nt10787;TL;753863;N10787;N-11288;
nt10788;TL;753864;N10788;N-11289;
nt10789;TL;753865;N10789;N-11290;
nt10790;TL;753866;N10790;N-11291;
nt10791;TL;753867;N10791;N-11292;
nt10792;TL;753868;N10792;N-11293;
nt10793;TL;753869;N10793;N-11294;
nt10794;TL;753870;N10794;N-11295;
nt10795;TL;753871;N10795;N-11296;
nt10796;TL;753872;N10796;N-11297;
nt10797;TL;753873;N10797;N-11298;
nt10798;TL;753874;N10798;N-11299;
nt10799;TL;753875;N10799;N-11300;
nt10800;TL;753876;N10800;N-11301;
nt10801;TL;753877;N10801;N-11302;
nt10802;TL;753878;N10802;N-11303;
nt10803;TL;753879;N10803;N-11304;
nt10804;TL;753880;N10804;N-11305;
nt10805;TL;753881;N10805;N-11306;
nt10806;TL;753882;N10806;N-11307;
nt10807;TL;753883;N10807;N-11308;
nt10808;TL;753884;N10808;N-11309;
nt10809;TL;753885;N10809;N-11310;
nt10810;TL;753886;N10810;N-11311;
nt10811;TL;753887;N10811;N-11312;
nt10812;TL;753888;N10812;N-11313;
nt10813;TL;753889;N10813;N-11314;
nt10814;TL;753890;N10814;N-11315;
nt10815;TL;753891;N10815;N-11316;
nt10816;TL;753892;N10816;N-11317;
nt10817;TL;753893;N10817;N-11318;
nt10818;TL;753894;N10818;N-11319;
nt10819;TL;753895;N10819;N-11320;
nt10820;TL;753896;N10820;N-11321;
nt10821;TL;753897;N10821;N-11322;
nt10822;TL;753898;N10822;N-11323;
nt10823;TL;753899;N10823;N-11324;
nt10824;TL;753900;N10824;N-11325;
nt10825;TL;753901;N10825;N-11326;
nt10826;TL;753902;N10826;N-11327;
nt10827;TL;753903;N10827;N-11328;
nt10828;TL;753904;N10828;N-11329;
nt10829;TL;753905;N10829;N-11330;
nt10830;TL;753906;N10830;N-11331;
nt10831;TL;753907;N10831;N-11332;
nt10832;TL;753908;N10832;N-11333;
nt10833;TL;753909;N10833;N-11334;
nt10834;TL;753910;N10834;N-11335;
nt10835;TL;753911;N10835;N-11336;
nt10836;TL;753912;N10836;N-11337;
nt10837;TL;753913;N10837;N-11338;
nt10838;TL;753914;N10838;N-11339;
nt10839;TL;753915;N10839;N-11340;
nt10840;TL;753916;N10840;N-11341;
nt10841;TL;753917;N10841;N-11342;
nt10842;TL;753918;N10842;N-11343;
nt10843;TL;753919;N10843;N-11344;
nt10844;TL;753920;N10844;N-11345;
nt10845;TL;753921;N10845;N-11346;
nt10846;TL;753922;N10846;N-11347;
nt10847;TL;753923;N10847;N-11348;
nt10848;TL;753924;N10848;N-11349;
nt10849;TL;753925;N10849;N-11350;
nt10850;TL;753926;N10850;N-11351;
nt10851;TL;753927;N10851;N-11352;
nt10852;TL;753928;N10852;N-11353;
nt10853;TL;753929;N10853;N-11354;
nt10854;TL;753930;N10854;N-11355;
nt10855;TL;753931;N10855;N-11356;
nt10856;TL;753932;N10856;N-11357;
nt10857;TL;753933;N10857;N-11358;
nt10858;TL;753934;N10858;N-11359;
nt10859;TL;753935;N10859;N-11360;
nt10860;TL;753936;N10860;N-11361;
nt10861;TL;753937;N10861;N-11362;
nt10862;TL;753938;N10862;N-11363;
nt10863;TL;753939;N10863;N-11364;
nt10864;TL;753940;N10864;N-11365;
nt10865;TL;753941;N10865;N-11366;
nt10866;TL;753942;N10866;N-11367;
nt10867;TL;753943;N10867;N-11368;
nt10868;TL;753944;N10868;N-11369;
nt10869;TL;753945;N10869;N-11370;
nt10870;TL;753946;N10870;N-11371;
nt10871;TL;753947;N10871;N-11372;
nt10872;TL;753948;N10872;N-11373;
nt10873;TL;753949;N10873;N-11374;
nt10874;TL;753950;N10874;N-11375;
nt10875;TL;753951;N10875;N-11376;
nt10876;TL;753952;N10876;N-11377;
nt10877;TL;753953;N10877;N-11378;
nt10878;TL;753954;N10878;N-11379;
nt10879;TL;753955;N10879;N-11380;
nt10880;TL;753956;N10880;N-11381;
nt10881;TL;753957;N10881;N-11382;
nt10882;TL;753958;N10882;N-11383;
nt10883;TL;753959;N10883;N-11384;
nt10884;TL;753960;N10884;N-11385;
nt10885;TL;753961;N10885;N-11386;
nt10886;TL;753962;N10886;N-11387;
nt10887;TL;753963;N10887;N-11388;
nt10888;TL;753964;N10888;N-11389;
nt10889;TL;753965;N10889;N-11390;
nt10890;TL;753966;N10890;N-11391;
nt10891;TL;753967;N10891;N-11392;
nt10892;TL;753968;N10892;N-11393;
nt10893;TL;753969;N10893;N-11394;
nt10894;TL;753970;N10894;N-11395;
nt10895;TL;753971;N10895;N-11396;
nt10896;TL;753972;N10896;N-11397;
nt10897;TL;753973;N10897;N-11398;
nt10898;TL;753974;N10898;N-11399;
nt10899;TL;753975;N10899;N-11400;
nt10900;TL;753976;N10900;N-11401;
nt10901;TL;753977;N10901;N-11402;
nt10902;TL;753978;N10902;N-11403;
nt10903;TL;753979;N10903;N-11404;
nt10904;TL;753980;N10904;N-11405;
nt10905;TL;753981;N10905;N-11406;
nt10906;TL;753982;N10906;N-11407;
nt10907;TL;753983;N10907;N-11408;
nt10908;TL;753984;N10908;N-11409;
nt10909;TL;753985;N10909;N-11410;
nt10910;TL;753986;N10910;N-11411;
nt10911;TL;753987;N10911;N-11412;
nt10912;TL;753988;N10912;N-11413;
nt10913;TL;753989;N10913;N-11414;
nt10914;TL;753990;N10914;N-11415;
nt10915;TL;753991;N10915;N-11416;
nt10916;TL;753992;N10916;N-11417;
nt10917;TL;753993;N10917;N-11418;
nt10918;TL;753994;N10918;N-11419;
nt10919;TL;753995;N10919;N-11420;
nt10920;TL;753996;N10920;N-11421;
nt10921;TL;753997;N10921;N-11422;
nt10922;TL;753998;N10922;N-11423;
nt10923;TL;753999;N10923;N-11424;
nt10924;TL;754000;N10924;N-11425;
nt10925;TL;754001;N10925;N-11426;
nt10926;TL;754002;N10926;N-11427;
nt10927;TL;754003;N10927;N-11428;
nt10928;TL;754004;N10928;N-11429;
nt10929;TL;754005;N10929;N-11430;
nt10930;TL;754006;N10930;N-11431;
nt10931;TL;754007;N10931;N-11432;
nt10932;TL;754008;N10932;N-11433;
nt10933;TL;754009;N10933;N-11434;
nt10934;TL;754010;N10934;N-11435;
nt10935;TL;754011;N10935;N-11436;
nt10936;TL;754012;N10936;N-11437;
nt10937;TL;754013;N10937;N-11438;
nt10938;TL;754014;N10938;N-11439;
nt10939;TL;754015;N10939;N-11440;
nt10940;TL;754016;N10940;N-11441;
nt10941;TL;754017;N10941;N-11442;
nt10942;TL;754018;N10942;N-11443;
nt10943;TL;754019;N10943;N-11444;
nt10944;TL;754020;N10944;N-11445;
nt10945;TL;754021;N10945;N-11446;
nt10946;TL;754022;N10946;N-11447;
nt10947;TL;754023;N10947;N-11448;
nt10948;TL;754024;N10948;N-11449;
nt10949;TL;754025;N10949;N-11450;
nt10950;TL;754026;N10950;N-11451;
nt10951;TL;754027;N10951;N-11452;
nt10952;TL;754028;N10952;N-11453;
nt10953;TL;754029;N10953;N-11454;
nt10954;TL;754030;N10954;N-11455;
nt10955;TL;754031;N10955;N-11456;
nt10956;TL;754032;N10956;N-11457;
nt10957;TL;754033;N10957;N-11458;
nt10958;TL;754034;N10958;N-11459;
nt10959;TL;754035;N10959;N-11460;
nt10960;TL;754036;N10960;N-11461;
nt10961;TL;754037;N10961;N-11462;
nt10962;TL;754038;N10962;N-11463;
nt10963;TL;754039;N10963;N-11464;
nt10964;TL;754040;N10964;N-11465;
nt10965;TL;754041;N10965;N-11466;
nt10966;TL;754042;N10966;N-11467;
nt10967;TL;754043;N10967;N-11468;
nt10968;TL;754044;N10968;N-11469;
nt10969;TL;754045;N10969;N-11470;
nt10970;TL;754046;N10970;N-11471;
nt10971;TL;754047;N10971;N-11472;
nt10972;TL;754048;N10972;N-11473;
nt10973;TL;754049;N10973;N-11474;
nt10974;TL;754050;N10974;N-11475;
nt10975;TL;754051;N10975;N-11476;
nt10976;TL;754052;N10976;N-11477;
nt10977;TL;754053;N10977;N-11478;
nt10978;TL;754054;N10978;N-11479;
nt10979;TL;754055;N10979;N-11480;
nt10980;TL;754056;N10980;N-11481;
nt10981;TL;754057;N10981;N-11482;
nt10982;TL;754058;N10982;N-11483;
nt10983;TL;754059;N10983;N-11484;
nt10984;TL;754060;N10984;N-11485;
nt10985;TL;754061;N10985;N-11486;
nt10986;TL;754062;N10986;N-11487;
nt10987;TL;754063;N10987;N-11488;
nt10988;TL;754064;N10988;N-11489;
nt10989;TL;754065;N10989;N-11490;
nt10990;TL;754066;N10990;N-11491;
nt10991;TL;754067;N10991;N-11492;
nt10992;TL;754068;N10992;N-11493;
nt10993;TL;754069;N10993;N-11494;
nt10994;TL;754070;N10994;N-11495;
nt10995;TL;754071;N10995;N-11496;
nt10996;TL;754072;N10996;N-11497;
nt10997;TL;754073;N10997;N-11498;
nt10998;TL;754074;N10998;N-11499;
nt10999;TL;754075;N10999;N-11500;
nt11000;TL;754076;N11000;N-11501;
nt11001;TL;754077;N11001;N-11502;
nt11002;TL;754078;N11002;N-11503;
nt11003;TL;754079;N11003;N-11504;
nt11004;TL;754080;N11004;N-11505;
nt11005;TL;754081;N11005;N-11506;
nt11006;TL;754082;N11006;N-11507;
nt11007;TL;754083;N11007;N-11508;
nt11008;TL;754084;N11008;N-11509;
nt11009;TL;754085;N11009;N-11510;
nt11010;TL;754086;N11010;N-11511;
nt11011;TL;754087;N11011;N-11512;
nt11012;TL;754088;N11012;N-11513;
nt11013;TL;754089;N11013;N-11514;
nt11014;TL;754090;N11014;N-11515;
nt11015;TL;754091;N11015;N-11516;
nt11016;TL;754092;N11016;N-11517;
nt11017;TL;754093;N11017;N-11518;
nt11018;TL;754094;N11018;N-11519;
nt11019;TL;754095;N11019;N-11520;
nt11020;TL;754096;N11020;N-11521;
nt11021;TL;754097;N11021;N-11522;
nt11022;TL;754098;N11022;N-11523;
nt11023;TL;754099;N11023;N-11524;
nt11024;TL;754100;N11024;N-11525;
nt11025;TL;754101;N11025;N-11526;
nt11026;TL;754102;N11026;N-11527;
nt11027;TL;754103;N11027;N-11528;
nt11028;TL;754104;N11028;N-11529;
nt11029;TL;754105;N11029;N-11530;
nt11030;TL;754106;N11030;N-11531;
nt11031;TL;754107;N11031;N-11532;
nt11032;TL;754108;N11032;N-11533;
nt11033;TL;754109;N11033;N-11534;
nt11034;TL;754110;N11034;N-11535;
nt11035;TL;754111;N11035;N-11536;
nt11036;TL;754112;N11036;N-11537;
nt11037;TL;754113;N11037;N-11538;
nt11038;TL;754114;N11038;N-11539;
nt11039;TL;754115;N11039;N-11540;
nt11040;TL;754116;N11040;N-11541;
nt11041;TL;754117;N11041;N-11542;
nt11042;TL;754118;N11042;N-11543;
nt11043;TL;754119;N11043;N-11544;
nt11044;TL;754120;N11044;N-11545;
nt11045;TL;754121;N11045;N-11546;
nt11046;TL;754122;N11046;N-11547;
nt11047;TL;754123;N11047;N-11548;
nt11048;TL;754124;N11048;N-11549;
nt11049;TL;754125;N11049;N-11550;
nt11050;TL;754126;N11050;N-11551;
nt11051;TL;754127;N11051;N-11552;
nt11052;TL;754128;N11052;N-11553;
nt11053;TL;754129;N11053;N-11554;
nt11054;TL;754130;N11054;N-11555;
nt11055;TL;754131;N11055;N-11556;
nt11056;TL;754132;N11056;N-11557;
nt11057;TL;754133;N11057;N-11558;
nt11058;TL;754134;N11058;N-11559;
nt11059;TL;754135;N11059;N-11560;
nt11060;TL;754136;N11060;N-11561;
nt11061;TL;754137;N11061;N-11562;
nt11062;TL;754138;N11062;N-11563;
nt11063;TL;754139;N11063;N-11564;
nt11064;TL;754140;N11064;N-11565;
nt11065;TL;754141;N11065;N-11566;
nt11066;TL;754142;N11066;N-11567;
nt11067;TL;754143;N11067;N-11568;
nt11068;TL;754144;N11068;N-11569;
nt11069;TL;754145;N11069;N-11570;
nt11070;TL;754146;N11070;N-11571;
nt11071;TL;754147;N11071;N-11572;
nt11072;TL;754148;N11072;N-11573;
nt11073;TL;754149;N11073;N-11574;
nt11074;TL;754150;N11074;N-11575;
nt11075;TL;754151;N11075;N-11576;
nt11076;TL;754152;N11076;N-11577;
nt11077;TL;754153;N11077;N-11578;
nt11078;TL;754154;N11078;N-11579;
nt11079;TL;754155;N11079;N-11580;
nt11080;TL;754156;N11080;N-11581;
nt11081;TL;754157;N11081;N-11582;
nt11082;TL;754158;N11082;N-11583;
nt11083;TL;754159;N11083;N-11584;
nt11084;TL;754160;N11084;N-11585;
nt11085;TL;754161;N11085;N-11586;
nt11086;TL;754162;N11086;N-11587;
nt11087;TL;754163;N11087;N-11588;
nt11088;TL;754164;N11088;N-11589;
nt11089;TL;754165;N11089;N-11590;
nt11090;TL;754166;N11090;N-11591;
nt11091;TL;754167;N11091;N-11592;
nt11092;TL;754168;N11092;N-11593;
nt11093;TL;754169;N11093;N-11594;
nt11094;TL;754170;N11094;N-11595;
nt11095;TL;754171;N11095;N-11596;
nt11096;TL;754172;N11096;N-11597;
nt11097;TL;754173;N11097;N-11598;
nt11098;TL;754174;N11098;N-11599;
nt11099;TL;754175;N11099;N-11600;
nt11100;TL;754176;N11100;N-11601;
nt11101;TL;754177;N11101;N-11602;
nt11102;TL;754178;N11102;N-11603;
nt11103;TL;754179;N11103;N-11604;
nt11104;TL;754180;N11104;N-11605;
nt11105;TL;754181;N11105;N-11606;
nt11106;TL;754182;N11106;N-11607;
nt11107;TL;754183;N11107;N-11608;
nt11108;TL;754184;N11108;N-11609;
nt11109;TL;754185;N11109;N-11610;
nt11110;TL;754186;N11110;N-11611;
nt11111;TL;754187;N11111;N-11612;
nt11112;TL;754188;N11112;N-11613;
nt11113;TL;754189;N11113;N-11614;
nt11114;TL;754190;N11114;N-11615;
nt11115;TL;754191;N11115;N-11616;
nt11116;TL;754192;N11116;N-11617;
nt11117;TL;754193;N11117;N-11618;
nt11118;TL;754194;N11118;N-11619;
nt11119;TL;754195;N11119;N-11620;
nt11120;TL;754196;N11120;N-11621;
nt11121;TL;754197;N11121;N-11622;
nt11122;TL;754198;N11122;N-11623;
nt11123;TL;754199;N11123;N-11624;
nt11124;TL;754200;N11124;N-11625;
nt11125;TL;754201;N11125;N-11626;
nt11126;TL;754202;N11126;N-11627;
nt11127;TL;754203;N11127;N-11628;
nt11128;TL;754204;N11128;N-11629;
nt11129;TL;754205;N11129;N-11630;
nt11130;TL;754206;N11130;N-11631;
nt11131;TL;754207;N11131;N-11632;
nt11132;TL;754208;N11132;N-11633;
nt11133;TL;754209;N11133;N-11634;
nt11134;TL;754210;N11134;N-11635;
nt11135;TL;754211;N11135;N-11636;
nt11136;TL;754212;N11136;N-11637;
nt11137;TL;754213;N11137;N-11638;
nt11138;TL;754214;N11138;N-11639;
nt11139;TL;754215;N11139;N-11640;
nt11140;TL;754216;N11140;N-11641;
nt11141;TL;754217;N11141;N-11642;
nt11142;TL;754218;N11142;N-11643;
nt11143;TL;754219;N11143;N-11644;
nt11144;TL;754220;N11144;N-11645;
nt11145;TL;754221;N11145;N-11646;
nt11146;TL;754222;N11146;N-11647;
nt11147;TL;754223;N11147;N-11648;
nt11148;TL;754224;N11148;N-11649;
nt11149;TL;754225;N11149;N-11650;
nt11150;TL;754226;N11150;N-11651;
nt11151;TL;754227;N11151;N-11652;
nt11152;TL;754228;N11152;N-11653;
nt11153;TL;754229;N11153;N-11654;
nt11154;TL;754230;N11154;N-11655;
nt11155;TL;754231;N11155;N-11656;
nt11156;TL;754232;N11156;N-11657;
nt11157;TL;754233;N11157;N-11658;
nt11158;TL;754234;N11158;N-11659;
nt11159;TL;754235;N11159;N-11660;
nt11160;TL;754236;N11160;N-11661;
nt11161;TL;754237;N11161;N-11662;
nt11162;TL;754238;N11162;N-11663;
nt11163;TL;754239;N11163;N-11664;
nt11164;TL;754240;N11164;N-11665;
nt11165;TL;754241;N11165;N-11666;
nt11166;TL;754242;N11166;N-11667;
nt11167;TL;754243;N11167;N-11668;
nt11168;TL;754244;N11168;N-11669;
nt11169;TL;754245;N11169;N-11670;
nt11170;TL;754246;N11170;N-11671;
nt11171;TL;754247;N11171;N-11672;
nt11172;TL;754248;N11172;N-11673;
nt11173;TL;754249;N11173;N-11674;
nt11174;TL;754250;N11174;N-11675;
nt11175;TL;754251;N11175;N-11676;
nt11176;TL;754252;N11176;N-11677;
nt11177;TL;754253;N11177;N-11678;
nt11178;TL;754254;N11178;N-11679;
nt11179;TL;754255;N11179;N-11680;
nt11180;TL;754256;N11180;N-11681;
nt11181;TL;754257;N11181;N-11682;
nt11182;TL;754258;N11182;N-11683;
nt11183;TL;754259;N11183;N-11684;
nt11184;TL;754260;N11184;N-11685;
nt11185;TL;754261;N11185;N-11686;
nt11186;TL;754262;N11186;N-11687;
nt11187;TL;754263;N11187;N-11688;
nt11188;TL;754264;N11188;N-11689;
nt11189;TL;754265;N11189;N-11690;
nt11190;TL;754266;N11190;N-11691;
nt11191;TL;754267;N11191;N-11692;
nt11192;TL;754268;N11192;N-11693;
nt11193;TL;754269;N11193;N-11694;
nt11194;TL;754270;N11194;N-11695;
nt11195;TL;754271;N11195;N-11696;
nt11196;TL;754272;N11196;N-11697;
nt11197;TL;754273;N11197;N-11698;
nt11198;TL;754274;N11198;N-11699;
nt11199;TL;754275;N11199;N-11700;
nt11200;TL;754276;N11200;N-11701;
nt11201;TL;754277;N11201;N-11702;
nt11202;TL;754278;N11202;N-11703;
nt11203;TL;754279;N11203;N-11704;
nt11204;TL;754280;N11204;N-11705;
nt11205;TL;754281;N11205;N-11706;
nt11206;TL;754282;N11206;N-11707;
nt11207;TL;754283;N11207;N-11708;
nt11208;TL;754284;N11208;N-11709;
nt11209;TL;754285;N11209;N-11710;
nt11210;TL;754286;N11210;N-11711;
nt11211;TL;754287;N11211;N-11712;
nt11212;TL;754288;N11212;N-11713;
nt11213;TL;754289;N11213;N-11714;
nt11214;TL;754290;N11214;N-11715;
nt11215;TL;754291;N11215;N-11716;
nt11216;TL;754292;N11216;N-11717;
nt11217;TL;754293;N11217;N-11718;
nt11218;TL;754294;N11218;N-11719;
nt11219;TL;754295;N11219;N-11720;
nt11220;TL;754296;N11220;N-11721;
nt11221;TL;754297;N11221;N-11722;
nt11222;TL;754298;N11222;N-11723;
nt11223;TL;754299;N11223;N-11724;
nt11224;TL;754300;N11224;N-11725;
nt11225;TL;754301;N11225;N-11726;
nt11226;TL;754302;N11226;N-11727;
nt11227;TL;754303;N11227;N-11728;
nt11228;TL;754304;N11228;N-11729;
nt11229;TL;754305;N11229;N-11730;
nt11230;TL;754306;N11230;N-11731;
nt11231;TL;754307;N11231;N-11732;
nt11232;TL;754308;N11232;N-11733;
nt11233;TL;754309;N11233;N-11734;
nt11234;TL;754310;N11234;N-11735;
nt11235;TL;754311;N11235;N-11736;
nt11236;TL;754312;N11236;N-11737;
nt11237;TL;754313;N11237;N-11738;
nt11238;TL;754314;N11238;N-11739;
nt11239;TL;754315;N11239;N-11740;
nt11240;TL;754316;N11240;N-11741;
nt11241;TL;754317;N11241;N-11742;
nt11242;TL;754318;N11242;N-11743;
nt11243;TL;754319;N11243;N-11744;
nt11244;TL;754320;N11244;N-11745;
nt11245;TL;754321;N11245;N-11746;
nt11246;TL;754322;N11246;N-11747;
nt11247;TL;754323;N11247;N-11748;
nt11248;TL;754324;N11248;N-11749;
nt11249;TL;754325;N11249;N-11750;
nt11250;TL;754326;N11250;N-11751;
nt11251;TL;754327;N11251;N-11752;
nt11252;TL;754328;N11252;N-11753;
nt11253;TL;754329;N11253;N-11754;
nt11254;TL;754330;N11254;N-11755;
nt11255;TL;754331;N11255;N-11756;
nt11256;TL;754332;N11256;N-11757;
nt11257;TL;754333;N11257;N-11758;
nt11258;TL;754334;N11258;N-11759;
nt11259;TL;754335;N11259;N-11760;
nt11260;TL;754336;N11260;N-11761;
nt11261;TL;754337;N11261;N-11762;
nt11262;TL;754338;N11262;N-11763;
nt11263;TL;754339;N11263;N-11764;
nt11264;TL;754340;N11264;N-11765;
nt11265;TL;754341;N11265;N-11766;
nt11266;TL;754342;N11266;N-11767;
nt11267;TL;754343;N11267;N-11768;
nt11268;TL;754344;N11268;N-11769;
nt11269;TL;754345;N11269;N-11770;
nt11270;TL;754346;N11270;N-11771;
nt11271;TL;754347;N11271;N-11772;
nt11272;TL;754348;N11272;N-11773;
nt11273;TL;754349;N11273;N-11774;
nt11274;TL;754350;N11274;N-11775;
nt11275;TL;754351;N11275;N-11776;
nt11276;TL;754352;N11276;N-11777;
nt11277;TL;754353;N11277;N-11778;
nt11278;TL;754354;N11278;N-11779;
nt11279;TL;754355;N11279;N-11780;
nt11280;TL;754356;N11280;N-11781;
nt11281;TL;754357;N11281;N-11782;
nt11282;TL;754358;N11282;N-11783;
nt11283;TL;754359;N11283;N-11784;
nt11284;TL;754360;N11284;N-11785;
nt11285;TL;754361;N11285;N-11786;
nt11286;TL;754362;N11286;N-11787;
nt11287;TL;754363;N11287;N-11788;
nt11288;TL;754364;N11288;N-11789;
nt11289;TL;754365;N11289;N-11790;
nt11290;TL;754366;N11290;N-11791;
nt11291;TL;754367;N11291;N-11792;
nt11292;TL;754368;N11292;N-11793;
nt11293;TL;754369;N11293;N-11794;
nt11294;TL;754370;N11294;N-11795;
nt11295;TL;754371;N11295;N-11796;
nt11296;TL;754372;N11296;N-11797;
nt11297;TL;754373;N11297;N-11798;
nt11298;TL;754374;N11298;N-11799;
nt11299;TL;754375;N11299;N-11800;
nt11300;TL;754376;N11300;N-11801;
nt11301;TL;754377;N11301;N-11802;
nt11302;TL;754378;N11302;N-11803;
nt11303;TL;754379;N11303;N-11804;
nt11304;TL;754380;N11304;N-11805;
nt11305;TL;754381;N11305;N-11806;
nt11306;TL;754382;N11306;N-11807;
nt11307;TL;754383;N11307;N-11808;
nt11308;TL;754384;N11308;N-11809;
nt11309;TL;754385;N11309;N-11810;
nt11310;TL;754386;N11310;N-11811;
nt11311;TL;754387;N11311;N-11812;
nt11312;TL;754388;N11312;N-11813;
nt11313;TL;754389;N11313;N-11814;
nt11314;TL;754390;N11314;N-11815;
nt11315;TL;754391;N11315;N-11816;
nt11316;TL;754392;N11316;N-11817;
nt11317;TL;754393;N11317;N-11818;
nt11318;TL;754394;N11318;N-11819;
nt11319;TL;754395;N11319;N-11820;
nt11320;TL;754396;N11320;N-11821;
nt11321;TL;754397;N11321;N-11822;
nt11322;TL;754398;N11322;N-11823;
nt11323;TL;754399;N11323;N-11824;
nt11324;TL;754400;N11324;N-11825;
nt11325;TL;754401;N11325;N-11826;
nt11326;TL;754402;N11326;N-11827;
nt11327;TL;754403;N11327;N-11828;
nt11328;TL;754404;N11328;N-11829;
nt11329;TL;754405;N11329;N-11830;
nt11330;TL;754406;N11330;N-11831;
nt11331;TL;754407;N11331;N-11832;
nt11332;TL;754408;N11332;N-11833;
nt11333;TL;754409;N11333;N-11834;
nt11334;TL;754410;N11334;N-11835;
nt11335;TL;754411;N11335;N-11836;
nt11336;TL;754412;N11336;N-11837;
nt11337;TL;754413;N11337;N-11838;
nt11338;TL;754414;N11338;N-11839;
nt11339;TL;754415;N11339;N-11840;
nt11340;TL;754416;N11340;N-11841;
nt11341;TL;754417;N11341;N-11842;
nt11342;TL;754418;N11342;N-11843;
nt11343;TL;754419;N11343;N-11844;
nt11344;TL;754420;N11344;N-11845;
nt11345;TL;754421;N11345;N-11846;
nt11346;TL;754422;N11346;N-11847;
nt11347;TL;754423;N11347;N-11848;
nt11348;TL;754424;N11348;N-11849;
nt11349;TL;754425;N11349;N-11850;
nt11350;TL;754426;N11350;N-11851;
nt11351;TL;754427;N11351;N-11852;
nt11352;TL;754428;N11352;N-11853;
nt11353;TL;754429;N11353;N-11854;
nt11354;TL;754430;N11354;N-11855;
nt11355;TL;754431;N11355;N-11856;
nt11356;TL;754432;N11356;N-11857;
nt11357;TL;754433;N11357;N-11858;
nt11358;TL;754434;N11358;N-11859;
nt11359;TL;754435;N11359;N-11860;
nt11360;TL;754436;N11360;N-11861;
nt11361;TL;754437;N11361;N-11862;
nt11362;TL;754438;N11362;N-11863;
nt11363;TL;754439;N11363;N-11864;
nt11364;TL;754440;N11364;N-11865;
nt11365;TL;754441;N11365;N-11866;
nt11366;TL;754442;N11366;N-11867;
nt11367;TL;754443;N11367;N-11868;
nt11368;TL;754444;N11368;N-11869;
nt11369;TL;754445;N11369;N-11870;
nt11370;TL;754446;N11370;N-11871;
nt11371;TL;754447;N11371;N-11872;
nt11372;TL;754448;N11372;N-11873;
nt11373;TL;754449;N11373;N-11874;
nt11374;TL;754450;N11374;N-11875;
nt11375;TL;754451;N11375;N-11876;
nt11376;TL;754452;N11376;N-11877;
nt11377;TL;754453;N11377;N-11878;
nt11378;TL;754454;N11378;N-11879;
nt11379;TL;754455;N11379;N-11880;
nt11380;TL;754456;N11380;N-11881;
nt11381;TL;754457;N11381;N-11882;
nt11382;TL;754458;N11382;N-11883;
nt11383;TL;754459;N11383;N-11884;
nt11384;TL;754460;N11384;N-11885;
nt11385;TL;754461;N11385;N-11886;
nt11386;TL;754462;N11386;N-11887;
nt11387;TL;754463;N11387;N-11888;
nt11388;TL;754464;N11388;N-11889;
nt11389;TL;754465;N11389;N-11890;
nt11390;TL;754466;N11390;N-11891;
nt11391;TL;754467;N11391;N-11892;
nt11392;TL;754468;N11392;N-11893;
nt11393;TL;754469;N11393;N-11894;
nt11394;TL;754470;N11394;N-11895;
nt11395;TL;754471;N11395;N-11896;
nt11396;TL;754472;N11396;N-11897;
nt11397;TL;754473;N11397;N-11898;
nt11398;TL;754474;N11398;N-11899;
nt11399;TL;754475;N11399;N-11900;
nt11400;TL;754476;N11400;N-11901;
nt11401;TL;754477;N11401;N-11902;
nt11402;TL;754478;N11402;N-11903;
nt11403;TL;754479;N11403;N-11904;
nt11404;TL;754480;N11404;N-11905;
nt11405;TL;754481;N11405;N-11906;
nt11406;TL;754482;N11406;N-11907;
nt11407;TL;754483;N11407;N-11908;
nt11408;TL;754484;N11408;N-11909;
nt11409;TL;754485;N11409;N-11910;
nt11410;TL;754486;N11410;N-11911;
nt11411;TL;754487;N11411;N-11912;
nt11412;TL;754488;N11412;N-11913;
nt11413;TL;754489;N11413;N-11914;
nt11414;TL;754490;N11414;N-11915;
nt11415;TL;754491;N11415;N-11916;
nt11416;TL;754492;N11416;N-11917;
nt11417;TL;754493;N11417;N-11918;
nt11418;TL;754494;N11418;N-11919;
nt11419;TL;754495;N11419;N-11920;
nt11420;TL;754496;N11420;N-11921;
nt11421;TL;754497;N11421;N-11922;
nt11422;TL;754498;N11422;N-11923;
nt11423;TL;754499;N11423;N-11924;
nt11424;TL;754500;N11424;N-11925;
nt11425;TL;754501;N11425;N-11926;
nt11426;TL;754502;N11426;N-11927;
nt11427;TL;754503;N11427;N-11928;
nt11428;TL;754504;N11428;N-11929;
nt11429;TL;754505;N11429;N-11930;
nt11430;TL;754506;N11430;N-11931;
nt11431;TL;754507;N11431;N-11932;
nt11432;TL;754508;N11432;N-11933;
nt11433;TL;754509;N11433;N-11934;
nt11434;TL;754510;N11434;N-11935;
nt11435;TL;754511;N11435;N-11936;
nt11436;TL;754512;N11436;N-11937;
nt11437;TL;754513;N11437;N-11938;
nt11438;TL;754514;N11438;N-11939;
nt11439;TL;754515;N11439;N-11940;
nt11440;TL;754516;N11440;N-11941;
nt11441;TL;754517;N11441;N-11942;
nt11442;TL;754518;N11442;N-11943;
nt11443;TL;754519;N11443;N-11944;
nt11444;TL;754520;N11444;N-11945;
nt11445;TL;754521;N11445;N-11946;
nt11446;TL;754522;N11446;N-11947;
nt11447;TL;754523;N11447;N-11948;
nt11448;TL;754524;N11448;N-11949;
nt11449;TL;754525;N11449;N-11950;
nt11450;TL;754526;N11450;N-11951;
nt11451;TL;754527;N11451;N-11952;
nt11452;TL;754528;N11452;N-11953;
nt11453;TL;754529;N11453;N-11954;
nt11454;TL;754530;N11454;N-11955;
nt11455;TL;754531;N11455;N-11956;
nt11456;TL;754532;N11456;N-11957;
nt11457;TL;754533;N11457;N-11958;
nt11458;TL;754534;N11458;N-11959;
nt11459;TL;754535;N11459;N-11960;
nt11460;TL;754536;N11460;N-11961;
nt11461;TL;754537;N11461;N-11962;
nt11462;TL;754538;N11462;N-11963;
nt11463;TL;754539;N11463;N-11964;
nt11464;TL;754540;N11464;N-11965;
nt11465;TL;754541;N11465;N-11966;
nt11466;TL;754542;N11466;N-11967;
nt11467;TL;754543;N11467;N-11968;
nt11468;TL;754544;N11468;N-11969;
nt11469;TL;754545;N11469;N-11970;
nt11470;TL;754546;N11470;N-11971;
nt11471;TL;754547;N11471;N-11972;
nt11472;TL;754548;N11472;N-11973;
nt11473;TL;754549;N11473;N-11974;
nt11474;TL;754550;N11474;N-11975;
nt11475;TL;754551;N11475;N-11976;
nt11476;TL;754552;N11476;N-11977;
nt11477;TL;754553;N11477;N-11978;
nt11478;TL;754554;N11478;N-11979;
nt11479;TL;754555;N11479;N-11980;
nt11480;TL;754556;N11480;N-11981;
nt11481;TL;754557;N11481;N-11982;
nt11482;TL;754558;N11482;N-11983;
nt11483;TL;754559;N11483;N-11984;
nt11484;TL;754560;N11484;N-11985;
nt11485;TL;754561;N11485;N-11986;
nt11486;TL;754562;N11486;N-11987;
nt11487;TL;754563;N11487;N-11988;
nt11488;TL;754564;N11488;N-11989;
nt11489;TL;754565;N11489;N-11990;
nt11490;TL;754566;N11490;N-11991;
nt11491;TL;754567;N11491;N-11992;
nt11492;TL;754568;N11492;N-11993;
nt11493;TL;754569;N11493;N-11994;
nt11494;TL;754570;N11494;N-11995;
nt11495;TL;754571;N11495;N-11996;
nt11496;TL;754572;N11496;N-11997;
nt11497;TL;754573;N11497;N-11998;
nt11498;TL;754574;N11498;N-11999;
nt11499;TL;754575;N11499;N-12000;
nt11500;TL;754576;N11500;N-12001;
nt11501;TL;754577;N11501;N-12002;
nt11502;TL;754578;N11502;N-12003;
nt11503;TL;754579;N11503;N-12004;
nt11504;TL;754580;N11504;N-12005;
nt11505;TL;754581;N11505;N-12006;
nt11506;TL;754582;N11506;N-12007;
nt11507;TL;754583;N11507;N-12008;
nt11508;TL;754584;N11508;N-12009;
nt11509;TL;754585;N11509;N-12010;
nt11510;TL;754586;N11510;N-12011;
nt11511;TL;754587;N11511;N-12012;
nt11512;TL;754588;N11512;N-12013;
nt11513;TL;754589;N11513;N-12014;
nt11514;TL;754590;N11514;N-12015;
nt11515;TL;754591;N11515;N-12016;
nt11516;TL;754592;N11516;N-12017;
nt11517;TL;754593;N11517;N-12018;
nt11518;TL;754594;N11518;N-12019;
nt11519;TL;754595;N11519;N-12020;
nt11520;TL;754596;N11520;N-12021;
nt11521;TL;754597;N11521;N-12022;
nt11522;TL;754598;N11522;N-12023;
nt11523;TL;754599;N11523;N-12024;
nt11524;TL;754600;N11524;N-12025;
nt11525;TL;754601;N11525;N-12026;
nt11526;TL;754602;N11526;N-12027;
nt11527;TL;754603;N11527;N-12028;
nt11528;TL;754604;N11528;N-12029;
nt11529;TL;754605;N11529;N-12030;
nt11530;TL;754606;N11530;N-12031;
nt11531;TL;754607;N11531;N-12032;
nt11532;TL;754608;N11532;N-12033;
nt11533;TL;754609;N11533;N-12034;
nt11534;TL;754610;N11534;N-12035;
nt11535;TL;754611;N11535;N-12036;
nt11536;TL;754612;N11536;N-12037;
nt11537;TL;754613;N11537;N-12038;
nt11538;TL;754614;N11538;N-12039;
nt11539;TL;754615;N11539;N-12040;
nt11540;TL;754616;N11540;N-12041;
nt11541;TL;754617;N11541;N-12042;
nt11542;TL;754618;N11542;N-12043;
nt11543;TL;754619;N11543;N-12044;
nt11544;TL;754620;N11544;N-12045;
nt11545;TL;754621;N11545;N-12046;
nt11546;TL;754622;N11546;N-12047;
nt11547;TL;754623;N11547;N-12048;
nt11548;TL;754624;N11548;N-12049;
nt11549;TL;754625;N11549;N-12050;
nt11550;TL;754626;N11550;N-12051;
nt11551;TL;754627;N11551;N-12052;
nt11552;TL;754628;N11552;N-12053;
nt11553;TL;754629;N11553;N-12054;
nt11554;TL;754630;N11554;N-12055;
nt11555;TL;754631;N11555;N-12056;
nt11556;TL;754632;N11556;N-12057;
nt11557;TL;754633;N11557;N-12058;
nt11558;TL;754634;N11558;N-12059;
nt11559;TL;754635;N11559;N-12060;
nt11560;TL;754636;N11560;N-12061;
nt11561;TL;754637;N11561;N-12062;
nt11562;TL;754638;N11562;N-12063;
nt11563;TL;754639;N11563;N-12064;
nt11564;TL;754640;N11564;N-12065;
nt11565;TL;754641;N11565;N-12066;
nt11566;TL;754642;N11566;N-12067;
nt11567;TL;754643;N11567;N-12068;
nt11568;TL;754644;N11568;N-12069;
nt11569;TL;754645;N11569;N-12070;
nt11570;TL;754646;N11570;N-12071;
nt11571;TL;754647;N11571;N-12072;
nt11572;TL;754648;N11572;N-12073;
nt11573;TL;754649;N11573;N-12074;
nt11574;TL;754650;N11574;N-12075;
nt11575;TL;754651;N11575;N-12076;
nt11576;TL;754652;N11576;N-12077;
nt11577;TL;754653;N11577;N-12078;
nt11578;TL;754654;N11578;N-12079;
nt11579;TL;754655;N11579;N-12080;
nt11580;TL;754656;N11580;N-12081;
nt11581;TL;754657;N11581;N-12082;
nt11582;TL;754658;N11582;N-12083;
nt11583;TL;754659;N11583;N-12084;
nt11584;TL;754660;N11584;N-12085;
nt11585;TL;754661;N11585;N-12086;
nt11586;TL;754662;N11586;N-12087;
nt11587;TL;754663;N11587;N-12088;
nt11588;TL;754664;N11588;N-12089;
nt11589;TL;754665;N11589;N-12090;
nt11590;TL;754666;N11590;N-12091;
nt11591;TL;754667;N11591;N-12092;
nt11592;TL;754668;N11592;N-12093;
nt11593;TL;754669;N11593;N-12094;
nt11594;TL;754670;N11594;N-12095;
nt11595;TL;754671;N11595;N-12096;
nt11596;TL;754672;N11596;N-12097;
nt11597;TL;754673;N11597;N-12098;
nt11598;TL;754674;N11598;N-12099;
nt11599;TL;754675;N11599;N-12100;
nt11600;TL;754676;N11600;N-12101;
nt11601;TL;754677;N11601;N-12102;
nt11602;TL;754678;N11602;N-12103;
nt11603;TL;754679;N11603;N-12104;
nt11604;TL;754680;N11604;N-12105;
nt11605;TL;754681;N11605;N-12106;
nt11606;TL;754682;N11606;N-12107;
nt11607;TL;754683;N11607;N-12108;
nt11608;TL;754684;N11608;N-12109;
nt11609;TL;754685;N11609;N-12110;
nt11610;TL;754686;N11610;N-12111;
nt11611;TL;754687;N11611;N-12112;
nt11612;TL;754688;N11612;N-12113;
nt11613;TL;754689;N11613;N-12114;
nt11614;TL;754690;N11614;N-12115;
nt11615;TL;754691;N11615;N-12116;
nt11616;TL;754692;N11616;N-12117;
nt11617;TL;754693;N11617;N-12118;
nt11618;TL;754694;N11618;N-12119;
nt11619;TL;754695;N11619;N-12120;
nt11620;TL;754696;N11620;N-12121;
nt11621;TL;754697;N11621;N-12122;
nt11622;TL;754698;N11622;N-12123;
nt11623;TL;754699;N11623;N-12124;
nt11624;TL;754700;N11624;N-12125;
nt11625;TL;754701;N11625;N-12126;
nt11626;TL;754702;N11626;N-12127;
nt11627;TL;754703;N11627;N-12128;
nt11628;TL;754704;N11628;N-12129;
nt11629;TL;754705;N11629;N-12130;
nt11630;TL;754706;N11630;N-12131;
nt11631;TL;754707;N11631;N-12132;
nt11632;TL;754708;N11632;N-12133;
nt11633;TL;754709;N11633;N-12134;
nt11634;TL;754710;N11634;N-12135;
nt11635;TL;754711;N11635;N-12136;
nt11636;TL;754712;N11636;N-12137;
nt11637;TL;754713;N11637;N-12138;
nt11638;TL;754714;N11638;N-12139;
nt11639;TL;754715;N11639;N-12140;
nt11640;TL;754716;N11640;N-12141;
nt11641;TL;754717;N11641;N-12142;
nt11642;TL;754718;N11642;N-12143;
nt11643;TL;754719;N11643;N-12144;
nt11644;TL;754720;N11644;N-12145;
nt11645;TL;754721;N11645;N-12146;
nt11646;TL;754722;N11646;N-12147;
nt11647;TL;754723;N11647;N-12148;
nt11648;TL;754724;N11648;N-12149;
nt11649;TL;754725;N11649;N-12150;
nt11650;TL;754726;N11650;N-12151;
nt11651;TL;754727;N11651;N-12152;
nt11652;TL;754728;N11652;N-12153;
nt11653;TL;754729;N11653;N-12154;
nt11654;TL;754730;N11654;N-12155;
nt11655;TL;754731;N11655;N-12156;
nt11656;TL;754732;N11656;N-12157;
nt11657;TL;754733;N11657;N-12158;
nt11658;TL;754734;N11658;N-12159;
nt11659;TL;754735;N11659;N-12160;
nt11660;TL;754736;N11660;N-12161;
nt11661;TL;754737;N11661;N-12162;
nt11662;TL;754738;N11662;N-12163;
nt11663;TL;754739;N11663;N-12164;
nt11664;TL;754740;N11664;N-12165;
nt11665;TL;754741;N11665;N-12166;
nt11666;TL;754742;N11666;N-12167;
nt11667;TL;754743;N11667;N-12168;
nt11668;TL;754744;N11668;N-12169;
nt11669;TL;754745;N11669;N-12170;
nt11670;TL;754746;N11670;N-12171;
nt11671;TL;754747;N11671;N-12172;
nt11672;TL;754748;N11672;N-12173;
nt11673;TL;754749;N11673;N-12174;
nt11674;TL;754750;N11674;N-12175;
nt11675;TL;754751;N11675;N-12176;
nt11676;TL;754752;N11676;N-12177;
nt11677;TL;754753;N11677;N-12178;
nt11678;TL;754754;N11678;N-12179;
nt11679;TL;754755;N11679;N-12180;
nt11680;TL;754756;N11680;N-12181;
nt11681;TL;754757;N11681;N-12182;
nt11682;TL;754758;N11682;N-12183;
nt11683;TL;754759;N11683;N-12184;
nt11684;TL;754760;N11684;N-12185;
nt11685;TL;754761;N11685;N-12186;
nt11686;TL;754762;N11686;N-12187;
nt11687;TL;754763;N11687;N-12188;
nt11688;TL;754764;N11688;N-12189;
nt11689;TL;754765;N11689;N-12190;
nt11690;TL;754766;N11690;N-12191;
nt11691;TL;754767;N11691;N-12192;
nt11692;TL;754768;N11692;N-12193;
nt11693;TL;754769;N11693;N-12194;
nt11694;TL;754770;N11694;N-12195;
nt11695;TL;754771;N11695;N-12196;
nt11696;TL;754772;N11696;N-12197;
nt11697;TL;754773;N11697;N-12198;
nt11698;TL;754774;N11698;N-12199;
nt11699;TL;754775;N11699;N-12200;
nt11700;TL;754776;N11700;N-12201;
nt11701;TL;754777;N11701;N-12202;
nt11702;TL;754778;N11702;N-12203;
nt11703;TL;754779;N11703;N-12204;
nt11704;TL;754780;N11704;N-12205;
nt11705;TL;754781;N11705;N-12206;
nt11706;TL;754782;N11706;N-12207;
nt11707;TL;754783;N11707;N-12208;
nt11708;TL;754784;N11708;N-12209;
nt11709;TL;754785;N11709;N-12210;
nt11710;TL;754786;N11710;N-12211;
nt11711;TL;754787;N11711;N-12212;
nt11712;TL;754788;N11712;N-12213;
nt11713;TL;754789;N11713;N-12214;
nt11714;TL;754790;N11714;N-12215;
nt11715;TL;754791;N11715;N-12216;
nt11716;TL;754792;N11716;N-12217;
nt11717;TL;754793;N11717;N-12218;
nt11718;TL;754794;N11718;N-12219;
nt11719;TL;754795;N11719;N-12220;
nt11720;TL;754796;N11720;N-12221;
nt11721;TL;754797;N11721;N-12222;
nt11722;TL;754798;N11722;N-12223;
nt11723;TL;754799;N11723;N-12224;
nt11724;TL;754800;N11724;N-12225;
nt11725;TL;754801;N11725;N-12226;
nt11726;TL;754802;N11726;N-12227;
nt11727;TL;754803;N11727;N-12228;
nt11728;TL;754804;N11728;N-12229;
nt11729;TL;754805;N11729;N-12230;
nt11730;TL;754806;N11730;N-12231;
nt11731;TL;754807;N11731;N-12232;
nt11732;TL;754808;N11732;N-12233;
nt11733;TL;754809;N11733;N-12234;
nt11734;TL;754810;N11734;N-12235;
nt11735;TL;754811;N11735;N-12236;
nt11736;TL;754812;N11736;N-12237;
nt11737;TL;754813;N11737;N-12238;
nt11738;TL;754814;N11738;N-12239;
nt11739;TL;754815;N11739;N-12240;
nt11740;TL;754816;N11740;N-12241;
nt11741;TL;754817;N11741;N-12242;
nt11742;TL;754818;N11742;N-12243;
nt11743;TL;754819;N11743;N-12244;
nt11744;TL;754820;N11744;N-12245;
nt11745;TL;754821;N11745;N-12246;
nt11746;TL;754822;N11746;N-12247;
nt11747;TL;754823;N11747;N-12248;
nt11748;TL;754824;N11748;N-12249;
nt11749;TL;754825;N11749;N-12250;
nt11750;TL;754826;N11750;N-12251;
nt11751;TL;754827;N11751;N-12252;
nt11752;TL;754828;N11752;N-12253;
nt11753;TL;754829;N11753;N-12254;
nt11754;TL;754830;N11754;N-12255;
nt11755;TL;754831;N11755;N-12256;
nt11756;TL;754832;N11756;N-12257;
nt11757;TL;754833;N11757;N-12258;
nt11758;TL;754834;N11758;N-12259;
nt11759;TL;754835;N11759;N-12260;
nt11760;TL;754836;N11760;N-12261;
nt11761;TL;754837;N11761;N-12262;
nt11762;TL;754838;N11762;N-12263;
nt11763;TL;754839;N11763;N-12264;
nt11764;TL;754840;N11764;N-12265;
nt11765;TL;754841;N11765;N-12266;
nt11766;TL;754842;N11766;N-12267;
nt11767;TL;754843;N11767;N-12268;
nt11768;TL;754844;N11768;N-12269;
nt11769;TL;754845;N11769;N-12270;
nt11770;TL;754846;N11770;N-12271;
nt11771;TL;754847;N11771;N-12272;
nt11772;TL;754848;N11772;N-12273;
nt11773;TL;754849;N11773;N-12274;
nt11774;TL;754850;N11774;N-12275;
nt11775;TL;754851;N11775;N-12276;
nt11776;TL;754852;N11776;N-12277;
nt11777;TL;754853;N11777;N-12278;
nt11778;TL;754854;N11778;N-12279;
nt11779;TL;754855;N11779;N-12280;
nt11780;TL;754856;N11780;N-12281;
nt11781;TL;754857;N11781;N-12282;
nt11782;TL;754858;N11782;N-12283;
nt11783;TL;754859;N11783;N-12284;
nt11784;TL;754860;N11784;N-12285;
nt11785;TL;754861;N11785;N-12286;
nt11786;TL;754862;N11786;N-12287;
nt11787;TL;754863;N11787;N-12288;
nt11788;TL;754864;N11788;N-12289;
nt11789;TL;754865;N11789;N-12290;
nt11790;TL;754866;N11790;N-12291;
nt11791;TL;754867;N11791;N-12292;
nt11792;TL;754868;N11792;N-12293;
nt11793;TL;754869;N11793;N-12294;
nt11794;TL;754870;N11794;N-12295;
nt11795;TL;754871;N11795;N-12296;
nt11796;TL;754872;N11796;N-12297;
nt11797;TL;754873;N11797;N-12298;
nt11798;TL;754874;N11798;N-12299;
nt11799;TL;754875;N11799;N-12300;
nt11800;TL;754876;N11800;N-12301;
nt11801;TL;754877;N11801;N-12302;
nt11802;TL;754878;N11802;N-12303;
nt11803;TL;754879;N11803;N-12304;
nt11804;TL;754880;N11804;N-12305;
nt11805;TL;754881;N11805;N-12306;
nt11806;TL;754882;N11806;N-12307;
nt11807;TL;754883;N11807;N-12308;
nt11808;TL;754884;N11808;N-12309;
nt11809;TL;754885;N11809;N-12310;
nt11810;TL;754886;N11810;N-12311;
nt11811;TL;754887;N11811;N-12312;
nt11812;TL;754888;N11812;N-12313;
nt11813;TL;754889;N11813;N-12314;
nt11814;TL;754890;N11814;N-12315;
nt11815;TL;754891;N11815;N-12316;
nt11816;TL;754892;N11816;N-12317;
nt11817;TL;754893;N11817;N-12318;
nt11818;TL;754894;N11818;N-12319;
nt11819;TL;754895;N11819;N-12320;
nt11820;TL;754896;N11820;N-12321;
nt11821;TL;754897;N11821;N-12322;
nt11822;TL;754898;N11822;N-12323;
nt11823;TL;754899;N11823;N-12324;
nt11824;TL;754900;N11824;N-12325;
nt11825;TL;754901;N11825;N-12326;
nt11826;TL;754902;N11826;N-12327;
nt11827;TL;754903;N11827;N-12328;
nt11828;TL;754904;N11828;N-12329;
nt11829;TL;754905;N11829;N-12330;
nt11830;TL;754906;N11830;N-12331;
nt11831;TL;754907;N11831;N-12332;
nt11832;TL;754908;N11832;N-12333;
nt11833;TL;754909;N11833;N-12334;
nt11834;TL;754910;N11834;N-12335;
nt11835;TL;754911;N11835;N-12336;
nt11836;TL;754912;N11836;N-12337;
nt11837;TL;754913;N11837;N-12338;
nt11838;TL;754914;N11838;N-12339;
nt11839;TL;754915;N11839;N-12340;
nt11840;TL;754916;N11840;N-12341;
nt11841;TL;754917;N11841;N-12342;
nt11842;TL;754918;N11842;N-12343;
nt11843;TL;754919;N11843;N-12344;
nt11844;TL;754920;N11844;N-12345;
nt11845;TL;754921;N11845;N-12346;
nt11846;TL;754922;N11846;N-12347;
nt11847;TL;754923;N11847;N-12348;
nt11848;TL;754924;N11848;N-12349;
nt11849;TL;754925;N11849;N-12350;
nt11850;TL;754926;N11850;N-12351;
nt11851;TL;754927;N11851;N-12352;
nt11852;TL;754928;N11852;N-12353;
nt11853;TL;754929;N11853;N-12354;
nt11854;TL;754930;N11854;N-12355;
nt11855;TL;754931;N11855;N-12356;
nt11856;TL;754932;N11856;N-12357;
nt11857;TL;754933;N11857;N-12358;
nt11858;TL;754934;N11858;N-12359;
nt11859;TL;754935;N11859;N-12360;
nt11860;TL;754936;N11860;N-12361;
nt11861;TL;754937;N11861;N-12362;
nt11862;TL;754938;N11862;N-12363;
nt11863;TL;754939;N11863;N-12364;
nt11864;TL;754940;N11864;N-12365;
nt11865;TL;754941;N11865;N-12366;
nt11866;TL;754942;N11866;N-12367;
nt11867;TL;754943;N11867;N-12368;
nt11868;TL;754944;N11868;N-12369;
nt11869;TL;754945;N11869;N-12370;
nt11870;TL;754946;N11870;N-12371;
nt11871;TL;754947;N11871;N-12372;
nt11872;TL;754948;N11872;N-12373;
nt11873;TL;754949;N11873;N-12374;
nt11874;TL;754950;N11874;N-12375;
nt11875;TL;754951;N11875;N-12376;
nt11876;TL;754952;N11876;N-12377;
nt11877;TL;754953;N11877;N-12378;
nt11878;TL;754954;N11878;N-12379;
nt11879;TL;754955;N11879;N-12380;
nt11880;TL;754956;N11880;N-12381;
nt11881;TL;754957;N11881;N-12382;
nt11882;TL;754958;N11882;N-12383;
nt11883;TL;754959;N11883;N-12384;
nt11884;TL;754960;N11884;N-12385;
nt11885;TL;754961;N11885;N-12386;
nt11886;TL;754962;N11886;N-12387;
nt11887;TL;754963;N11887;N-12388;
nt11888;TL;754964;N11888;N-12389;
nt11889;TL;754965;N11889;N-12390;
nt11890;TL;754966;N11890;N-12391;
nt11891;TL;754967;N11891;N-12392;
nt11892;TL;754968;N11892;N-12393;
nt11893;TL;754969;N11893;N-12394;
nt11894;TL;754970;N11894;N-12395;
nt11895;TL;754971;N11895;N-12396;
nt11896;TL;754972;N11896;N-12397;
nt11897;TL;754973;N11897;N-12398;
nt11898;TL;754974;N11898;N-12399;
nt11899;TL;754975;N11899;N-12400;
nt11900;TL;754976;N11900;N-12401;
nt11901;TL;754977;N11901;N-12402;
nt11902;TL;754978;N11902;N-12403;
nt11903;TL;754979;N11903;N-12404;
nt11904;TL;754980;N11904;N-12405;
nt11905;TL;754981;N11905;N-12406;
nt11906;TL;754982;N11906;N-12407;
nt11907;TL;754983;N11907;N-12408;
nt11908;TL;754984;N11908;N-12409;
nt11909;TL;754985;N11909;N-12410;
nt11910;TL;754986;N11910;N-12411;
nt11911;TL;754987;N11911;N-12412;
nt11912;TL;754988;N11912;N-12413;
nt11913;TL;754989;N11913;N-12414;
nt11914;TL;754990;N11914;N-12415;
nt11915;TL;754991;N11915;N-12416;
nt11916;TL;754992;N11916;N-12417;
nt11917;TL;754993;N11917;N-12418;
nt11918;TL;754994;N11918;N-12419;
nt11919;TL;754995;N11919;N-12420;
nt11920;TL;754996;N11920;N-12421;
nt11921;TL;754997;N11921;N-12422;
nt11922;TL;754998;N11922;N-12423;
nt11923;TL;754999;N11923;N-12424;
nt11924;TL;755000;N11924;N-12425;
nt11925;TL;755001;N11925;N-12426;
nt11926;TL;755002;N11926;N-12427;
nt11927;TL;755003;N11927;N-12428;
nt11928;TL;755004;N11928;N-12429;
nt11929;TL;755005;N11929;N-12430;
nt11930;TL;755006;N11930;N-12431;
nt11931;TL;755007;N11931;N-12432;
nt11932;TL;755008;N11932;N-12433;
nt11933;TL;755009;N11933;N-12434;
nt11934;TL;755010;N11934;N-12435;
nt11935;TL;755011;N11935;N-12436;
nt11936;TL;755012;N11936;N-12437;
nt11937;TL;755013;N11937;N-12438;
nt11938;TL;755014;N11938;N-12439;
nt11939;TL;755015;N11939;N-12440;
nt11940;TL;755016;N11940;N-12441;
nt11941;TL;755017;N11941;N-12442;
nt11942;TL;755018;N11942;N-12443;
nt11943;TL;755019;N11943;N-12444;
nt11944;TL;755020;N11944;N-12445;
nt11945;TL;755021;N11945;N-12446;
nt11946;TL;755022;N11946;N-12447;
nt11947;TL;755023;N11947;N-12448;
nt11948;TL;755024;N11948;N-12449;
nt11949;TL;755025;N11949;N-12450;
nt11950;TL;755026;N11950;N-12451;
nt11951;TL;755027;N11951;N-12452;
nt11952;TL;755028;N11952;N-12453;
nt11953;TL;755029;N11953;N-12454;
nt11954;TL;755030;N11954;N-12455;
nt11955;TL;755031;N11955;N-12456;
nt11956;TL;755032;N11956;N-12457;
nt11957;TL;755033;N11957;N-12458;
nt11958;TL;755034;N11958;N-12459;
nt11959;TL;755035;N11959;N-12460;
nt11960;TL;755036;N11960;N-12461;
nt11961;TL;755037;N11961;N-12462;
nt11962;TL;755038;N11962;N-12463;
nt11963;TL;755039;N11963;N-12464;
nt11964;TL;755040;N11964;N-12465;
nt11965;TL;755041;N11965;N-12466;
nt11966;TL;755042;N11966;N-12467;
nt11967;TL;755043;N11967;N-12468;
nt11968;TL;755044;N11968;N-12469;
nt11969;TL;755045;N11969;N-12470;
nt11970;TL;755046;N11970;N-12471;
nt11971;TL;755047;N11971;N-12472;
nt11972;TL;755048;N11972;N-12473;
nt11973;TL;755049;N11973;N-12474;
nt11974;TL;755050;N11974;N-12475;
nt11975;TL;755051;N11975;N-12476;
nt11976;TL;755052;N11976;N-12477;
nt11977;TL;755053;N11977;N-12478;
nt11978;TL;755054;N11978;N-12479;
nt11979;TL;755055;N11979;N-12480;
nt11980;TL;755056;N11980;N-12481;
nt11981;TL;755057;N11981;N-12482;
nt11982;TL;755058;N11982;N-12483;
nt11983;TL;755059;N11983;N-12484;
nt11984;TL;755060;N11984;N-12485;
nt11985;TL;755061;N11985;N-12486;
nt11986;TL;755062;N11986;N-12487;
nt11987;TL;755063;N11987;N-12488;
nt11988;TL;755064;N11988;N-12489;
nt11989;TL;755065;N11989;N-12490;
nt11990;TL;755066;N11990;N-12491;
nt11991;TL;755067;N11991;N-12492;
nt11992;TL;755068;N11992;N-12493;
nt11993;TL;755069;N11993;N-12494;
nt11994;TL;755070;N11994;N-12495;
nt11995;TL;755071;N11995;N-12496;
nt11996;TL;755072;N11996;N-12497;
nt11997;TL;755073;N11997;N-12498;
nt11998;TL;755074;N11998;N-12499;
nt11999;TL;755075;N11999;N-12500;
nt12000;TL;755076;N12000;N-12501;
nt12001;TL;755077;N12001;N-12502;
nt12002;TL;755078;N12002;N-12503;
nt12003;TL;755079;N12003;N-12504;
nt12004;TL;755080;N12004;N-12505;
nt12005;TL;755081;N12005;N-12506;
nt12006;TL;755082;N12006;N-12507;
nt12007;TL;755083;N12007;N-12508;
nt12008;TL;755084;N12008;N-12509;
nt12009;TL;755085;N12009;N-12510;
nt12010;TL;755086;N12010;N-12511;
nt12011;TL;755087;N12011;N-12512;
nt12012;TL;755088;N12012;N-12513;
nt12013;TL;755089;N12013;N-12514;
nt12014;TL;755090;N12014;N-12515;
nt12015;TL;755091;N12015;N-12516;
nt12016;TL;755092;N12016;N-12517;
nt12017;TL;755093;N12017;N-12518;
nt12018;TL;755094;N12018;N-12519;
nt12019;TL;755095;N12019;N-12520;
nt12020;TL;755096;N12020;N-12521;
nt12021;TL;755097;N12021;N-12522;
nt12022;TL;755098;N12022;N-12523;
nt12023;TL;755099;N12023;N-12524;
nt12024;TL;755100;N12024;N-12525;
nt12025;TL;755101;N12025;N-12526;
nt12026;TL;755102;N12026;N-12527;
nt12027;TL;755103;N12027;N-12528;
nt12028;TL;755104;N12028;N-12529;
nt12029;TL;755105;N12029;N-12530;
nt12030;TL;755106;N12030;N-12531;
nt12031;TL;755107;N12031;N-12532;
nt12032;TL;755108;N12032;N-12533;
nt12033;TL;755109;N12033;N-12534;
nt12034;TL;755110;N12034;N-12535;
nt12035;TL;755111;N12035;N-12536;
nt12036;TL;755112;N12036;N-12537;
nt12037;TL;755113;N12037;N-12538;
nt12038;TL;755114;N12038;N-12539;
nt12039;TL;755115;N12039;N-12540;
nt12040;TL;755116;N12040;N-12541;
nt12041;TL;755117;N12041;N-12542;
nt12042;TL;755118;N12042;N-12543;
nt12043;TL;755119;N12043;N-12544;
nt12044;TL;755120;N12044;N-12545;
nt12045;TL;755121;N12045;N-12546;
nt12046;TL;755122;N12046;N-12547;
nt12047;TL;755123;N12047;N-12548;
nt12048;TL;755124;N12048;N-12549;
nt12049;TL;755125;N12049;N-12550;
nt12050;TL;755126;N12050;N-12551;
nt12051;TL;755127;N12051;N-12552;
nt12052;TL;755128;N12052;N-12553;
nt12053;TL;755129;N12053;N-12554;
nt12054;TL;755130;N12054;N-12555;
nt12055;TL;755131;N12055;N-12556;
nt12056;TL;755132;N12056;N-12557;
nt12057;TL;755133;N12057;N-12558;
nt12058;TL;755134;N12058;N-12559;
nt12059;TL;755135;N12059;N-12560;
nt12060;TL;755136;N12060;N-12561;
nt12061;TL;755137;N12061;N-12562;
nt12062;TL;755138;N12062;N-12563;
nt12063;TL;755139;N12063;N-12564;
nt12064;TL;755140;N12064;N-12565;
nt12065;TL;755141;N12065;N-12566;
nt12066;TL;755142;N12066;N-12567;
nt12067;TL;755143;N12067;N-12568;
nt12068;TL;755144;N12068;N-12569;
nt12069;TL;755145;N12069;N-12570;
nt12070;TL;755146;N12070;N-12571;
nt12071;TL;755147;N12071;N-12572;
nt12072;TL;755148;N12072;N-12573;
nt12073;TL;755149;N12073;N-12574;
nt12074;TL;755150;N12074;N-12575;
nt12075;TL;755151;N12075;N-12576;
nt12076;TL;755152;N12076;N-12577;
nt12077;TL;755153;N12077;N-12578;
nt12078;TL;;;;
nt12079;TL;;;;
nt12080;TL;;;;
nt12081;TL;;;;
nt12082;TL;;;;
nt12083;TL;;;;
nt12084;TL;;;;
nt12085;TL;;;;
nt12086;TL;;;;
nt12087;TL;;;;
nt12088;TL;;;;
nt12089;TL;;;;
nt12090;TL;;;;
nt12091;TL;;;;
nt12092;TL;;;;
nt12093;TL;;;;
nt12094;TL;;;;
nt12095;TL;;;;
nt12096;TL;;;;
nt12097;TL;;;;
nt12098;TL;;;;
nt12099;TL;;;;
nt12100;TL;;;;
nt12101;TL;;;;
nt12102;TL;;;;
nt12103;TL;;;;
nt12104;TL;;;;
nt12105;TL;;;;
nt12106;TL;;;;
nt12107;TL;;;;
nt12108;TL;;;;
nt12109;TL;;;;
nt12110;TL;;;;
nt12111;TL;;;;
nt12112;TL;;;;
nt12113;TL;;;;
nt12114;TL;;;;
nt12115;TL;;;;
nt12116;TL;;;;
nt12117;TL;;;;
nt12118;TL;;;;
nt12119;TL;;;;
nt12120;TL;;;;
nt12121;TL;;;;
nt12122;TL;;;;
nt12123;TL;;;;
nt12124;TL;;;;
nt12125;TL;;;;
nt12126;TL;;;;
nt12127;TL;;;;
nt12128;TL;;;;
nt12129;TL;;;;
nt12130;TL;;;;
nt12131;TL;;;;
nt12132;TL;;;;
nt12133;TL;;;;
nt12134;TL;;;;
nt12135;TL;;;;
nt12136;TL;;;;
nt12137;TL;;;;
nt12138;TL;;;;
nt12139;TL;;;;
nt12140;TL;;;;
nt12141;TL;;;;
nt12142;TL;;;;
nt12143;TL;;;;
nt12144;TL;;;;
nt12145;TL;;;;
nt12146;TL;;;;
nt12147;TL;;;;
nt12148;TL;;;;
nt12149;TL;;;;
nt12150;TL;;;;
nt12151;TL;;;;
nt12152;TL;;;;
nt12153;TL;;;;
nt12154;TL;;;;
nt12155;TL;;;;
nt12156;TL;;;;
nt12157;TL;;;;
nt12158;TL;;;;
nt12159;TL;;;;
nt12160;TL;;;;
nt12161;TL;;;;
nt12162;TL;;;;
nt12163;TL;;;;
nt12164;TL;;;;
nt12165;TL;;;;
nt12166;TL;;;;
nt12167;TL;;;;
nt12168;TL;;;;
nt12169;TL;;;;
nt12170;TL;;;;
nt12171;TL;;;;
nt12172;TL;;;;
nt12173;TL;;;;
nt12174;TL;;;;
nt12175;TL;;;;
nt12176;TL;;;;
nt12177;TL;;;;
nt12178;TL;;;;
nt12179;TL;;;;
nt12180;TL;;;;
nt12181;TL;;;;
nt12182;TL;;;;
nt12183;TL;;;;
nt12184;TL;;;;
nt12185;TL;;;;
nt12186;TL;;;;
nt12187;TL;;;;
nt12188;TL;;;;
nt12189;TL;;;;
nt12190;TL;;;;
nt12191;TL;;;;
nt12192;TL;;;;
nt12193;TL;;;;
nt12194;TL;;;;
nt12195;TL;;;;
nt12196;TL;;;;
nt12197;TL;;;;
nt12198;TL;;;;
nt12199;TL;;;;
nt12200;TL;;;;
nt12201;TL;;;;
nt12202;TL;;;;
nt12203;TL;;;;
nt12204;TL;;;;
nt12205;TL;;;;
nt12206;TL;;;;
nt12207;TL;;;;
nt12208;TL;;;;
nt12209;TL;;;;
nt12210;TL;;;;
nt12211;TL;;;;
nt12212;TL;;;;
nt12213;TL;;;;
nt12214;TL;;;;
nt12215;TL;;;;
nt12216;TL;;;;
nt12217;TL;;;;
nt12218;TL;;;;
nt12219;TL;;;;
nt12220;TL;;;;
nt12221;TL;;;;
nt12222;TL;;;;
nt12223;TL;;;;
nt12224;TL;;;;
nt12225;TL;;;;
nt12226;TL;;;;
nt12227;TL;;;;
nt12228;TL;;;;
nt12229;TL;;;;
nt12230;TL;;;;
nt12231;TL;;;;
nt12232;TL;;;;
nt12233;TL;;;;
nt12234;TL;;;;
nt12235;TL;;;;
nt12236;TL;;;;
nt12237;TL;;;;
nt12238;TL;;;;
nt12239;TL;;;;
nt12240;TL;;;;
nt12241;TL;;;;
nt12242;TL;;;;
nt12243;TL;;;;
nt12244;TL;;;;
nt12245;TL;;;;
nt12246;TL;;;;
nt12247;TL;;;;
nt12248;TL;;;;
nt12249;TL;;;;
nt12250;TL;;;;
nt12251;TL;;;;
nt12252;TL;;;;
nt12253;TL;;;;
nt12254;TL;;;;
nt12255;TL;;;;
nt12256;TL;;;;
nt12257;TL;;;;
nt12258;TL;;;;
nt12259;TL;;;;
nt12260;TL;;;;
nt12261;TL;;;;
nt12262;TL;;;;
nt12263;TL;;;;
nt12264;TL;;;;
nt12265;TL;;;;
nt12266;TL;;;;
nt12267;TL;;;;
nt12268;TL;;;;
nt12269;TL;;;;
nt12270;TL;;;;
nt12271;TL;;;;
nt12272;TL;;;;
nt12273;TL;;;;
nt12274;TL;;;;
nt12275;TL;;;;
nt12276;TL;;;;
nt12277;TL;;;;
nt12278;TL;;;;
nt12279;TL;;;;
nt12280;TL;;;;
nt12281;TL;;;;
nt12282;TL;;;;
nt12283;TL;;;;
nt12284;TL;;;;
nt12285;TL;;;;
nt12286;TL;;;;
nt12287;TL;;;;
nt12288;TL;;;;
nt12289;TL;;;;
nt12290;TL;;;;
nt12291;TL;;;;
nt12292;TL;;;;
nt12293;TL;;;;
nt12294;TL;;;;
nt12295;TL;;;;
nt12296;TL;;;;
nt12297;TL;;;;
nt12298;TL;;;;
nt12299;TL;;;;
nt12300;TL;;;;
nt12301;TL;;;;
nt12302;TL;;;;
nt12303;TL;;;;
nt12304;TL;;;;
nt12305;TL;;;;
nt12306;TL;;;;
nt12307;TL;;;;
nt12308;TL;;;;
nt12309;TL;;;;
nt12310;TL;;;;
nt12311;TL;;;;
nt12312;TL;;;;
nt12313;TL;;;;
nt12314;TL;;;;
nt12315;TL;;;;
nt12316;TL;;;;
nt12317;TL;;;;
nt12318;TL;;;;
nt12319;TL;;;;
nt12320;TL;;;;
nt12321;TL;;;;
nt12322;TL;;;;
nt12323;TL;;;;
nt12324;TL;;;;
nt12325;TL;;;;
nt12326;TL;;;;
nt12327;TL;;;;
nt12328;TL;;;;
nt12329;TL;;;;
nt12330;TL;;;;
nt12331;TL;;;;
nt12332;TL;;;;
nt12333;TL;;;;
nt12334;TL;;;;
nt12335;TL;;;;
nt12336;TL;;;;
nt12337;TL;;;;
nt12338;TL;;;;
nt12339;TL;;;;
nt12340;TL;;;;
nt12341;TL;;;;
nt12342;TL;;;;
nt12343;TL;;;;
nt12344;TL;;;;
nt12345;TL;;;;
nt12346;TL;;;;
nt12347;TL;;;;
nt12348;TL;;;;
nt12349;TL;;;;
nt12350;TL;;;;
nt12351;TL;;;;
nt12352;TL;;;;
nt12353;TL;;;;
nt12354;TL;;;;
nt12355;TL;;;;
nt12356;TL;;;;
nt12357;TL;;;;
nt12358;TL;;;;
nt12359;TL;;;;
nt12360;TL;;;;
nt12361;TL;;;;
nt12362;TL;;;;
nt12363;TL;;;;
nt12364;TL;;;;
nt12365;TL;;;;
nt12366;TL;;;;
nt12367;TL;;;;
nt12368;TL;;;;
nt12369;TL;;;;
nt12370;TL;;;;
nt12371;TL;;;;
nt12372;TL;;;;
nt12373;TL;;;;
nt12374;TL;;;;
nt12375;TL;;;;
nt12376;TL;;;;
nt12377;TL;;;;
nt12378;TL;;;;
nt12379;TL;;;;
nt12380;TL;;;;
nt12381;TL;;;;
nt12382;TL;;;;
nt12383;TL;;;;
nt12384;TL;;;;
nt12385;TL;;;;
nt12386;TL;;;;
nt12387;TL;;;;
nt12388;TL;;;;
nt12389;TL;;;;
nt12390;TL;;;;
nt12391;TL;;;;
nt12392;TL;;;;
nt12393;TL;;;;
nt12394;TL;;;;
nt12395;TL;;;;
nt12396;TL;;;;
nt12397;TL;;;;
nt12398;TL;;;;
nt12399;TL;;;;
nt12400;TL;;;;
nt12401;TL;;;;
nt12402;TL;;;;
nt12403;TL;;;;
nt12404;TL;;;;
nt12405;TL;;;;
nt12406;TL;;;;
nt12407;TL;;;;
nt12408;TL;;;;
nt12409;TL;;;;
nt12410;TL;;;;
nt12411;TL;;;;
nt12412;TL;;;;
nt12413;TL;;;;
nt12414;TL;;;;
nt12415;TL;;;;
nt12416;TL;;;;
nt12417;TL;;;;
nt12418;TL;;;;
nt12419;TL;;;;
nt12420;TL;;;;
nt12421;TL;;;;
nt12422;TL;;;;
nt12423;TL;;;;
nt12424;TL;;;;
nt12425;TL;;;;
nt12426;TL;;;;
nt12427;TL;;;;
nt12428;TL;;;;
nt12429;TL;;;;
nt12430;TL;;;;
nt12431;TL;;;;
nt12432;TL;;;;
nt12433;TL;;;;
nt12434;TL;;;;
nt12435;TL;;;;
nt12436;TL;;;;
nt12437;TL;;;;
nt12438;TL;;;;
nt12439;TL;;;;
nt12440;TL;;;;
nt12441;TL;;;;
nt12442;TL;;;;
nt12443;TL;;;;
nt12444;TL;;;;
nt12445;TL;;;;
nt12446;TL;;;;
nt12447;TL;;;;
nt12448;TL;;;;
nt12449;TL;;;;
nt12450;TL;;;;
nt12451;TL;;;;
nt12452;TL;;;;
nt12453;TL;;;;
nt12454;TL;;;;
nt12455;TL;;;;
nt12456;TL;;;;
nt12457;TL;;;;
nt12458;TL;;;;
nt12459;TL;;;;
nt12460;TL;;;;
nt12461;TL;;;;
nt12462;TL;;;;
nt12463;TL;;;;
nt12464;TL;;;;
nt12465;TL;;;;
nt12466;TL;;;;
nt12467;TL;;;;
nt12468;TL;;;;
nt12469;TL;;;;
nt12470;TL;;;;
nt12471;TL;;;;
nt12472;TL;;;;
nt12473;TL;;;;
nt12474;TL;;;;
nt12475;TL;;;;
nt12476;TL;;;;
nt12477;TL;;;;
nt12478;TL;;;;
nt12479;TL;;;;
nt12480;TL;;;;
nt12481;TL;;;;
nt12482;TL;;;;
nt12483;TL;;;;
nt12484;TL;;;;
nt12485;TL;;;;
nt12486;TL;;;;
nt12487;TL;;;;
nt12488;TL;;;;
nt12489;TL;;;;
nt12490;TL;;;;
nt12491;TL;;;;
nt12492;TL;;;;
nt12493;TL;;;;
nt12494;TL;;;;
nt12495;TL;;;;
nt12496;TL;;;;
nt12497;TL;;;;
nt12498;TL;;;;
nt12499;TL;;;;
nt12500;TL;;;;
nt12501;TL;;;;
nt12502;TL;;;;
nt12503;TL;;;;
nt12504;TL;;;;
nt12505;TL;;;;
nt12506;TL;;;;
nt12507;TL;;;;
nt12508;TL;;;;
nt12509;TL;;;;
nt12510;TL;;;;
nt12511;TL;;;;
nt12512;TL;;;;
nt12513;TL;;;;
nt12514;TL;;;;
nt12515;TL;;;;
nt12516;TL;;;;
nt12517;TL;;;;
nt12518;TL;;;;
nt12519;TL;;;;
nt12520;TL;;;;
nt12521;TL;;;;
nt12522;TL;;;;
nt12523;TL;;;;
nt12524;TL;;;;
nt12525;TL;;;;
nt12526;TL;;;;
nt12527;TL;;;;
nt12528;TL;;;;
nt12529;TL;;;;
nt12530;TL;;;;
nt12531;TL;;;;
nt12532;TL;;;;
nt12533;TL;;;;
nt12534;TL;;;;
nt12535;TL;;;;
nt12536;TL;;;;
nt12537;TL;;;;
nt12538;TL;;;;
nt12539;TL;;;;
nt12540;TL;;;;
nt12541;TL;;;;
nt12542;TL;;;;
nt12543;TL;;;;
nt12544;TL;;;;
nt12545;TL;;;;
nt12546;TL;;;;
nt12547;TL;;;;
nt12548;TL;;;;
nt12549;TL;;;;
nt12550;TL;;;;
nt12551;TL;;;;
nt12552;TL;;;;
nt12553;TL;;;;
nt12554;TL;;;;
nt12555;TL;;;;
nt12556;TL;;;;
nt12557;TL;;;;
nt12558;TL;;;;
nt12559;TL;;;;
nt12560;TL;;;;
nt12561;TL;;;;
nt12562;TL;;;;
nt12563;TL;;;;
nt12564;TL;;;;
nt12565;TL;;;;
nt12566;TL;;;;
nt12567;TL;;;;
nt12568;TL;;;;
nt12569;TL;;;;
nt12570;TL;;;;
nt12571;TL;;;;
nt12572;TL;;;;
nt12573;TL;;;;
nt12574;TL;;;;
nt12575;TL;;;;
nt12576;TL;;;;
nt12577;TL;;;;
nt12578;TL;;;;
nt12579;TL;;;;
nt12580;TL;;;;
nt12581;TL;;;;
nt12582;TL;;;;
nt12583;TL;;;;
nt12584;TL;;;;
nt12585;TL;;;;
nt12586;TL;;;;
nt12587;TL;;;;
nt12588;TL;;;;
nt12589;TL;;;;
nt12590;TL;;;;
nt12591;TL;;;;
nt12592;TL;;;;
nt12593;TL;;;;
nt12594;TL;;;;
nt12595;TL;;;;
nt12596;TL;;;;
nt12597;TL;;;;
nt12598;TL;;;;
nt12599;TL;;;;
nt12600;TL;;;;
nt12601;TL;;;;
nt12602;TL;;;;
nt12603;TL;;;;
nt12604;TL;;;;
nt12605;TL;;;;
nt12606;TL;;;;
nt12607;TL;;;;
nt12608;TL;;;;
nt12609;TL;;;;
nt12610;TL;;;;
nt12611;TL;;;;
nt12612;TL;;;;
nt12613;TL;;;;
nt12614;TL;;;;
nt12615;TL;;;;
nt12616;TL;;;;
nt12617;TL;;;;
nt12618;TL;;;;
nt12619;TL;;;;
nt12620;TL;;;;
nt12621;TL;;;;
nt12622;TL;;;;
nt12623;TL;;;;
nt12624;TL;;;;
nt12625;TL;;;;
nt12626;TL;;;;
nt12627;TL;;;;
nt12628;TL;;;;
nt12629;TL;;;;
nt12630;TL;;;;
nt12631;TL;;;;
nt12632;TL;;;;
nt12633;TL;;;;
nt12634;TL;;;;
nt12635;TL;;;;
nt12636;TL;;;;
nt12637;TL;;;;
nt12638;TL;;;;
nt12639;TL;;;;
nt12640;TL;;;;
nt12641;TL;;;;
nt12642;TL;;;;
nt12643;TL;;;;
nt12644;TL;;;;
nt12645;TL;;;;
nt12646;TL;;;;
nt12647;TL;;;;
nt12648;TL;;;;
nt12649;TL;;;;
nt12650;TL;;;;
nt12651;TL;;;;
nt12652;TL;;;;
nt12653;TL;;;;
nt12654;TL;;;;
nt12655;TL;;;;
nt12656;TL;;;;
nt12657;TL;;;;
nt12658;TL;;;;
nt12659;TL;;;;
nt12660;TL;;;;
nt12661;TL;;;;
nt12662;TL;;;;
nt12663;TL;;;;
nt12664;TL;;;;
nt12665;TL;;;;
nt12666;TL;;;;
nt12667;TL;;;;
nt12668;TL;;;;
nt12669;TL;;;;
nt12670;TL;;;;
nt12671;TL;;;;
nt12672;TL;;;;
nt12673;TL;;;;
nt12674;TL;;;;
nt12675;TL;;;;
nt12676;TL;;;;
nt12677;TL;;;;
nt12678;TL;;;;
nt12679;TL;;;;
nt12680;TL;;;;
nt12681;TL;;;;
nt12682;TL;;;;
nt12683;TL;;;;
nt12684;TL;;;;
nt12685;TL;;;;
nt12686;TL;;;;
nt12687;TL;;;;
nt12688;TL;;;;
nt12689;TL;;;;
nt12690;TL;;;;
nt12691;TL;;;;
nt12692;TL;;;;
nt12693;TL;;;;
nt12694;TL;;;;
nt12695;TL;;;;
nt12696;TL;;;;
nt12697;TL;;;;
nt12698;TL;;;;
nt12699;TL;;;;
nt12700;TL;;;;
nt12701;TL;;;;
nt12702;TL;;;;
nt12703;TL;;;;
nt12704;TL;;;;
nt12705;TL;;;;
nt12706;TL;;;;
nt12707;TL;;;;
nt12708;TL;;;;
nt12709;TL;;;;
nt12710;TL;;;;
nt12711;TL;;;;
nt12712;TL;;;;
nt12713;TL;;;;
nt12714;TL;;;;
nt12715;TL;;;;
nt12716;TL;;;;
nt12717;TL;;;;
nt12718;TL;;;;
nt12719;TL;;;;
nt12720;TL;;;;
nt12721;TL;;;;
nt12722;TL;;;;
nt12723;TL;;;;
nt12724;TL;;;;
nt12725;TL;;;;
nt12726;TL;;;;
nt12727;TL;;;;
nt12728;TL;;;;
nt12729;TL;;;;
nt12730;TL;;;;
nt12731;TL;;;;
nt12732;TL;;;;
nt12733;TL;;;;
nt12734;TL;;;;
nt12735;TL;;;;
nt12736;TL;;;;
nt12737;TL;;;;
nt12738;TL;;;;
nt12739;TL;;;;
nt12740;TL;;;;
nt12741;TL;;;;
nt12742;TL;;;;
nt12743;TL;;;;
nt12744;TL;;;;
nt12745;TL;;;;
nt12746;TL;;;;
nt12747;TL;;;;
nt12748;TL;;;;
nt12749;TL;;;;
nt12750;TL;;;;
nt12751;TL;;;;
nt12752;TL;;;;
nt12753;TL;;;;
nt12754;TL;;;;
nt12755;TL;;;;
nt12756;TL;;;;
nt12757;TL;;;;
nt12758;TL;;;;
nt12759;TL;;;;
nt12760;TL;;;;
nt12761;TL;;;;
nt12762;TL;;;;
nt12763;TL;;;;
nt12764;TL;;;;
nt12765;TL;;;;
nt12766;TL;;;;
nt12767;TL;;;;
nt12768;TL;;;;
nt12769;TL;;;;
nt12770;TL;;;;
nt12771;TL;;;;
nt12772;TL;;;;
nt12773;TL;;;;
nt12774;TL;;;;
nt12775;TL;;;;
nt12776;TL;;;;
nt12777;TL;;;;
nt12778;TL;;;;
nt12779;TL;;;;
nt12780;TL;;;;
nt12781;TL;;;;
nt12782;TL;;;;
nt12783;TL;;;;
nt12784;TL;;;;
nt12785;TL;;;;
nt12786;TL;;;;
nt12787;TL;;;;
nt12788;TL;;;;
nt12789;TL;;;;
nt12790;TL;;;;
nt12791;TL;;;;
nt12792;TL;;;;
nt12793;TL;;;;
nt12794;TL;;;;
nt12795;TL;;;;
nt12796;TL;;;;
nt12797;TL;;;;
nt12798;TL;;;;
nt12799;TL;;;;
nt12800;TL;;;;
nt12801;TL;;;;
nt12802;TL;;;;
nt12803;TL;;;;
nt12804;TL;;;;
nt12805;TL;;;;
nt12806;TL;;;;
nt12807;TL;;;;
nt12808;TL;;;;
nt12809;TL;;;;
nt12810;TL;;;;
nt12811;TL;;;;
nt12812;TL;;;;
nt12813;TL;;;;
nt12814;TL;;;;
nt12815;TL;;;;
nt12816;TL;;;;
nt12817;TL;;;;
nt12818;TL;;;;
nt12819;TL;;;;
nt12820;TL;;;;
nt12821;TL;;;;
nt12822;TL;;;;
nt12823;TL;;;;
nt12824;TL;;;;
nt12825;TL;;;;
nt12826;TL;;;;
nt12827;TL;;;;
nt12828;TL;;;;
nt12829;TL;;;;
nt12830;TL;;;;
nt12831;TL;;;;
nt12832;TL;;;;
nt12833;TL;;;;
nt12834;TL;;;;
nt12835;TL;;;;
nt12836;TL;;;;
nt12837;TL;;;;
nt12838;TL;;;;
nt12839;TL;;;;
nt12840;TL;;;;
nt12841;TL;;;;
nt12842;TL;;;;
nt12843;TL;;;;
nt12844;TL;;;;
nt12845;TL;;;;
nt12846;TL;;;;
nt12847;TL;;;;
nt12848;TL;;;;
nt12849;TL;;;;
nt12850;TL;;;;
nt12851;TL;;;;
nt12852;TL;;;;
nt12853;TL;;;;
nt12854;TL;;;;
nt12855;TL;;;;
nt12856;TL;;;;
nt12857;TL;;;;
nt12858;TL;;;;
nt12859;TL;;;;
nt12860;TL;;;;
nt12861;TL;;;;
nt12862;TL;;;;
nt12863;TL;;;;
nt12864;TL;;;;
nt12865;TL;;;;
nt12866;TL;;;;
nt12867;TL;;;;
nt12868;TL;;;;
nt12869;TL;;;;
nt12870;TL;;;;
nt12871;TL;;;;
nt12872;TL;;;;
nt12873;TL;;;;
nt12874;TL;;;;
nt12875;TL;;;;
nt12876;TL;;;;
nt12877;TL;;;;
nt12878;TL;;;;
nt12879;TL;;;;
nt12880;TL;;;;
nt12881;TL;;;;
nt12882;TL;;;;
nt12883;TL;;;;
nt12884;TL;;;;
nt12885;TL;;;;
nt12886;TL;;;;
nt12887;TL;;;;
nt12888;TL;;;;
nt12889;TL;;;;
nt12890;TL;;;;
nt12891;TL;;;;
nt12892;TL;;;;
nt12893;TL;;;;
nt12894;TL;;;;
nt12895;TL;;;;
nt12896;TL;;;;
nt12897;TL;;;;
nt12898;TL;;;;
nt12899;TL;;;;
nt12900;TL;;;;
nt12901;TL;;;;
nt12902;TL;;;;
nt12903;TL;;;;
nt12904;TL;;;;
nt12905;TL;;;;
nt12906;TL;;;;
nt12907;TL;;;;
nt12908;TL;;;;
nt12909;TL;;;;
nt12910;TL;;;;
nt12911;TL;;;;
nt12912;TL;;;;
nt12913;TL;;;;
nt12914;TL;;;;
nt12915;TL;;;;
nt12916;TL;;;;
nt12917;TL;;;;
nt12918;TL;;;;
nt12919;TL;;;;
nt12920;TL;;;;
nt12921;TL;;;;
nt12922;TL;;;;
nt12923;TL;;;;
nt12924;TL;;;;
nt12925;TL;;;;
nt12926;TL;;;;
nt12927;TL;;;;
nt12928;TL;;;;
nt12929;TL;;;;
nt12930;TL;;;;
nt12931;TL;;;;
nt12932;TL;;;;
nt12933;TL;;;;
nt12934;TL;;;;
nt12935;TL;;;;
nt12936;TL;;;;
nt12937;TL;;;;
nt12938;TL;;;;
nt12939;TL;;;;
nt12940;TL;;;;
nt12941;TL;;;;
nt12942;TL;;;;
nt12943;TL;;;;
nt12944;TL;;;;
nt12945;TL;;;;
nt12946;TL;;;;
nt12947;TL;;;;
nt12948;TL;;;;
nt12949;TL;;;;
nt12950;TL;;;;
nt12951;TL;;;;
nt12952;TL;;;;
nt12953;TL;;;;
nt12954;TL;;;;
nt12955;TL;;;;
nt12956;TL;;;;
nt12957;TL;;;;
nt12958;TL;;;;
nt12959;TL;;;;
nt12960;TL;;;;
nt12961;TL;;;;
nt12962;TL;;;;
nt12963;TL;;;;
nt12964;TL;;;;
nt12965;TL;;;;
nt12966;TL;;;;
nt12967;TL;;;;
nt12968;TL;;;;
nt12969;TL;;;;
nt12970;TL;;;;
nt12971;TL;;;;
nt12972;TL;;;;
nt12973;TL;;;;
nt12974;TL;;;;
nt12975;TL;;;;
nt12976;TL;;;;
nt12977;TL;;;;
nt12978;TL;;;;
nt12979;TL;;;;
nt12980;TL;;;;
nt12981;TL;;;;
nt12982;TL;;;;
nt12983;TL;;;;
nt12984;TL;;;;
nt12985;TL;;;;
nt12986;TL;;;;
nt12987;TL;;;;
nt12988;TL;;;;
nt12989;TL;;;;
nt12990;TL;;;;
nt12991;TL;;;;
nt12992;TL;;;;
nt12993;TL;;;;
nt12994;TL;;;;
nt12995;TL;;;;
nt12996;TL;;;;
nt12997;TL;;;;
nt12998;TL;;;;
nt12999;TL;;;;
nt13000;TL;;;;
nt13001;TL;;;;
nt13002;TL;;;;
nt13003;TL;;;;
nt13004;TL;;;;
nt13005;TL;;;;
nt13006;TL;;;;
nt13007;TL;;;;
nt13008;TL;;;;
nt13009;TL;;;;
nt13010;TL;;;;
nt13011;TL;;;;
nt13012;TL;;;;
nt13013;TL;;;;
nt13014;TL;;;;
nt13015;TL;;;;
nt13016;TL;;;;
nt13017;TL;;;;
nt13018;TL;;;;
nt13019;TL;;;;
nt13020;TL;;;;
nt13021;TL;;;;
nt13022;TL;;;;
nt13023;TL;;;;
nt13024;TL;;;;
nt13025;TL;;;;
nt13026;TL;;;;
nt13027;TL;;;;
nt13028;TL;;;;
nt13029;TL;;;;
nt13030;TL;;;;
nt13031;TL;;;;
nt13032;TL;;;;
nt13033;TL;;;;
nt13034;TL;;;;
nt13035;TL;;;;
nt13036;TL;;;;
nt13037;TL;;;;
nt13038;TL;;;;
nt13039;TL;;;;
nt13040;TL;;;;
nt13041;TL;;;;
nt13042;TL;;;;
nt13043;TL;;;;
nt13044;TL;;;;
nt13045;TL;;;;
nt13046;TL;;;;
nt13047;TL;;;;
nt13048;TL;;;;
nt13049;TL;;;;
nt13050;TL;;;;
nt13051;TL;;;;
nt13052;TL;;;;
nt13053;TL;;;;
nt13054;TL;;;;
nt13055;TL;;;;
nt13056;TL;;;;
nt13057;TL;;;;
nt13058;TL;;;;
nt13059;TL;;;;
nt13060;TL;;;;
nt13061;TL;;;;
nt13062;TL;;;;
nt13063;TL;;;;
nt13064;TL;;;;
nt13065;TL;;;;
nt13066;TL;;;;
nt13067;TL;;;;
nt13068;TL;;;;
nt13069;TL;;;;
nt13070;TL;;;;
nt13071;TL;;;;
nt13072;TL;;;;
nt13073;TL;;;;
nt13074;TL;;;;
nt13075;TL;;;;
nt13076;TL;;;;
nt13077;TL;;;;
nt13078;TL;;;;
nt13079;TL;;;;
nt13080;TL;;;;
nt13081;TL;;;;
nt13082;TL;;;;
nt13083;TL;;;;
nt13084;TL;;;;
nt13085;TL;;;;
nt13086;TL;;;;
nt13087;TL;;;;
nt13088;TL;;;;
nt13089;TL;;;;
nt13090;TL;;;;
nt13091;TL;;;;
nt13092;TL;;;;
nt13093;TL;;;;
nt13094;TL;;;;
nt13095;TL;;;;
nt13096;TL;;;;
nt13097;TL;;;;
nt13098;TL;;;;
nt13099;TL;;;;
nt13100;TL;;;;
nt13101;TL;;;;
nt13102;TL;;;;
nt13103;TL;;;;
nt13104;TL;;;;
nt13105;TL;;;;
nt13106;TL;;;;
nt13107;TL;;;;
nt13108;TL;;;;
nt13109;TL;;;;
nt13110;TL;;;;
nt13111;TL;;;;
nt13112;TL;;;;
nt13113;TL;;;;
nt13114;TL;;;;
nt13115;TL;;;;
nt13116;TL;;;;
nt13117;TL;;;;
nt13118;TL;;;;
nt13119;TL;;;;
nt13120;TL;;;;
nt13121;TL;;;;
nt13122;TL;;;;
nt13123;TL;;;;
nt13124;TL;;;;
nt13125;TL;;;;
nt13126;TL;;;;
nt13127;TL;;;;
nt13128;TL;;;;
nt13129;TL;;;;
nt13130;TL;;;;
nt13131;TL;;;;
nt13132;TL;;;;
nt13133;TL;;;;
nt13134;TL;;;;
nt13135;TL;;;;
nt13136;TL;;;;
nt13137;TL;;;;
nt13138;TL;;;;
nt13139;TL;;;;
nt13140;TL;;;;
nt13141;TL;;;;
nt13142;TL;;;;
nt13143;TL;;;;
nt13144;TL;;;;
nt13145;TL;;;;
nt13146;TL;;;;
nt13147;TL;;;;
nt13148;TL;;;;
nt13149;TL;;;;
nt13150;TL;;;;
nt13151;TL;;;;
nt13152;TL;;;;
nt13153;TL;;;;
nt13154;TL;;;;
nt13155;TL;;;;
nt13156;TL;;;;
nt13157;TL;;;;
nt13158;TL;;;;
nt13159;TL;;;;
nt13160;TL;;;;
nt13161;TL;;;;
nt13162;TL;;;;
nt13163;TL;;;;
nt13164;TL;;;;
nt13165;TL;;;;
nt13166;TL;;;;
nt13167;TL;;;;
nt13168;TL;;;;
nt13169;TL;;;;
nt13170;TL;;;;
nt13171;TL;;;;
nt13172;TL;;;;
nt13173;TL;;;;
nt13174;TL;;;;
nt13175;TL;;;;
nt13176;TL;;;;
nt13177;TL;;;;
nt13178;TL;;;;
nt13179;TL;;;;
nt13180;TL;;;;
nt13181;TL;;;;
nt13182;TL;;;;
nt13183;TL;;;;
nt13184;TL;;;;
nt13185;TL;;;;
nt13186;TL;;;;
nt13187;TL;;;;
nt13188;TL;;;;
nt13189;TL;;;;
nt13190;TL;;;;
nt13191;TL;;;;
nt13192;TL;;;;
nt13193;TL;;;;
nt13194;TL;;;;
nt13195;TL;;;;
nt13196;TL;;;;
nt13197;TL;;;;
nt13198;TL;;;;
nt13199;TL;;;;
nt13200;TL;;;;
nt13201;TL;;;;
nt13202;TL;;;;
nt13203;TL;;;;
nt13204;TL;;;;
nt13205;TL;;;;
nt13206;TL;;;;
nt13207;TL;;;;
nt13208;TL;;;;
nt13209;TL;;;;
nt13210;TL;;;;
nt13211;TL;;;;
nt13212;TL;;;;
nt13213;TL;;;;
nt13214;TL;;;;
nt13215;TL;;;;
nt13216;TL;;;;
nt13217;TL;;;;
nt13218;TL;;;;
nt13219;TL;;;;
nt13220;TL;;;;
nt13221;TL;;;;
nt13222;TL;;;;
nt13223;TL;;;;
nt13224;TL;;;;
nt13225;TL;;;;
nt13226;TL;;;;
nt13227;TL;;;;
nt13228;TL;;;;
nt13229;TL;;;;
nt13230;TL;;;;
nt13231;TL;;;;
nt13232;TL;;;;
nt13233;TL;;;;
nt13234;TL;;;;
nt13235;TL;;;;
nt13236;TL;;;;
nt13237;TL;;;;
nt13238;TL;;;;
nt13239;TL;;;;
nt13240;TL;;;;
nt13241;TL;;;;
nt13242;TL;;;;
nt13243;TL;;;;
nt13244;TL;;;;
nt13245;TL;;;;
nt13246;TL;;;;
nt13247;TL;;;;
nt13248;TL;;;;
nt13249;TL;;;;
nt13250;TL;;;;
nt13251;TL;;;;
nt13252;TL;;;;
nt13253;TL;;;;
nt13254;TL;;;;
nt13255;TL;;;;
nt13256;TL;;;;
nt13257;TL;;;;
nt13258;TL;;;;
nt13259;TL;;;;
nt13260;TL;;;;
nt13261;TL;;;;
nt13262;TL;;;;
nt13263;TL;;;;
nt13264;TL;;;;
nt13265;TL;;;;
nt13266;TL;;;;
nt13267;TL;;;;
nt13268;TL;;;;
nt13269;TL;;;;
nt13270;TL;;;;
nt13271;TL;;;;
nt13272;TL;;;;
nt13273;TL;;;;
nt13274;TL;;;;
nt13275;TL;;;;
nt13276;TL;;;;
nt13277;TL;;;;
nt13278;TL;;;;
nt13279;TL;;;;
nt13280;TL;;;;
nt13281;TL;;;;
nt13282;TL;;;;
nt13283;TL;;;;
nt13284;TL;;;;
nt13285;TL;;;;
nt13286;TL;;;;
nt13287;TL;;;;
nt13288;TL;;;;
nt13289;TL;;;;
nt13290;TL;;;;
nt13291;TL;;;;
nt13292;TL;;;;
nt13293;TL;;;;
nt13294;TL;;;;
nt13295;TL;;;;
nt13296;TL;;;;
nt13297;TL;;;;
nt13298;TL;;;;
nt13299;TL;;;;
nt13300;TL;;;;
nt13301;TL;;;;
nt13302;TL;;;;
nt13303;TL;;;;
nt13304;TL;;;;
nt13305;TL;;;;
nt13306;TL;;;;
nt13307;TL;;;;
nt13308;TL;;;;
nt13309;TL;;;;
nt13310;TL;;;;
nt13311;TL;;;;
nt13312;TL;;;;
nt13313;TL;;;;
nt13314;TL;;;;
nt13315;TL;;;;
nt13316;TL;;;;
nt13317;TL;;;;
nt13318;TL;;;;
nt13319;TL;;;;
nt13320;TL;;;;
nt13321;TL;;;;
nt13322;TL;;;;
nt13323;TL;;;;
nt13324;TL;;;;
nt13325;TL;;;;
nt13326;TL;;;;
nt13327;TL;;;;
nt13328;TL;;;;
nt13329;TL;;;;
nt13330;TL;;;;
nt13331;TL;;;;
nt13332;TL;;;;
nt13333;TL;;;;
nt13334;TL;;;;
nt13335;TL;;;;
nt13336;TL;;;;
nt13337;TL;;;;
nt13338;TL;;;;
nt13339;TL;;;;
nt13340;TL;;;;
nt13341;TL;;;;
nt13342;TL;;;;
nt13343;TL;;;;
nt13344;TL;;;;
nt13345;TL;;;;
nt13346;TL;;;;
nt13347;TL;;;;
nt13348;TL;;;;
nt13349;TL;;;;
nt13350;TL;;;;
nt13351;TL;;;;
nt13352;TL;;;;
nt13353;TL;;;;
nt13354;TL;;;;
nt13355;TL;;;;
nt13356;TL;;;;
nt13357;TL;;;;
nt13358;TL;;;;
nt13359;TL;;;;
nt13360;TL;;;;
nt13361;TL;;;;
nt13362;TL;;;;
nt13363;TL;;;;
nt13364;TL;;;;
nt13365;TL;;;;
nt13366;TL;;;;
nt13367;TL;;;;
nt13368;TL;;;;
nt13369;TL;;;;
nt13370;TL;;;;
nt13371;TL;;;;
nt13372;TL;;;;
nt13373;TL;;;;
nt13374;TL;;;;
nt13375;TL;;;;
nt13376;TL;;;;
nt13377;TL;;;;
nt13378;TL;;;;
nt13379;TL;;;;
nt13380;TL;;;;
nt13381;TL;;;;
nt13382;TL;;;;
nt13383;TL;;;;
nt13384;TL;;;;
nt13385;TL;;;;
nt13386;TL;;;;
nt13387;TL;;;;
nt13388;TL;;;;
nt13389;TL;;;;
nt13390;TL;;;;
nt13391;TL;;;;
nt13392;TL;;;;
nt13393;TL;;;;
nt13394;TL;;;;
nt13395;TL;;;;
nt13396;TL;;;;
nt13397;TL;;;;
nt13398;TL;;;;
nt13399;TL;;;;
nt13400;TL;;;;
nt13401;TL;;;;
nt13402;TL;;;;
nt13403;TL;;;;
nt13404;TL;;;;
nt13405;TL;;;;
nt13406;TL;;;;
nt13407;TL;;;;
nt13408;TL;;;;
nt13409;TL;;;;
nt13410;TL;;;;
nt13411;TL;;;;
nt13412;TL;;;;
nt13413;TL;;;;
nt13414;TL;;;;
nt13415;TL;;;;
nt13416;TL;;;;
nt13417;TL;;;;
nt13418;TL;;;;
nt13419;TL;;;;
nt13420;TL;;;;
nt13421;TL;;;;
nt13422;TL;;;;
nt13423;TL;;;;
nt13424;TL;;;;
nt13425;TL;;;;
nt13426;TL;;;;
nt13427;TL;;;;
nt13428;TL;;;;
nt13429;TL;;;;
nt13430;TL;;;;
nt13431;TL;;;;
nt13432;TL;;;;
nt13433;TL;;;;
nt13434;TL;;;;
nt13435;TL;;;;
nt13436;TL;;;;
nt13437;TL;;;;
nt13438;TL;;;;
nt13439;TL;;;;
nt13440;TL;;;;
nt13441;TL;;;;
nt13442;TL;;;;
nt13443;TL;;;;
nt13444;TL;;;;
nt13445;TL;;;;
nt13446;TL;;;;
nt13447;TL;;;;
nt13448;TL;;;;
nt13449;TL;;;;
nt13450;TL;;;;
nt13451;TL;;;;
nt13452;TL;;;;
nt13453;TL;;;;
nt13454;TL;;;;
nt13455;TL;;;;
nt13456;TL;;;;
nt13457;TL;;;;
nt13458;TL;;;;
nt13459;TL;;;;
nt13460;TL;;;;
nt13461;TL;;;;
nt13462;TL;;;;
nt13463;TL;;;;
nt13464;TL;;;;
nt13465;TL;;;;
nt13466;TL;;;;
nt13467;TL;;;;
nt13468;TL;;;;
nt13469;TL;;;;
nt13470;TL;;;;
nt13471;TL;;;;
nt13472;TL;;;;
nt13473;TL;;;;
nt13474;TL;;;;
nt13475;TL;;;;
nt13476;TL;;;;
nt13477;TL;;;;
nt13478;TL;;;;
nt13479;TL;;;;
nt13480;TL;;;;
nt13481;TL;;;;
nt13482;TL;;;;
nt13483;TL;;;;
nt13484;TL;;;;
nt13485;TL;;;;
nt13486;TL;;;;
nt13487;TL;;;;
nt13488;TL;;;;
nt13489;TL;;;;
nt13490;TL;;;;
nt13491;TL;;;;
nt13492;TL;;;;
nt13493;TL;;;;
nt13494;TL;;;;
nt13495;TL;;;;
nt13496;TL;;;;
nt13497;TL;;;;
nt13498;TL;;;;
nt13499;TL;;;;
nt13500;TL;;;;
nt13501;TL;;;;
nt13502;TL;;;;
nt13503;TL;;;;
nt13504;TL;;;;
nt13505;TL;;;;
nt13506;TL;;;;
nt13507;TL;;;;
nt13508;TL;;;;
nt13509;TL;;;;
nt13510;TL;;;;
nt13511;TL;;;;
nt13512;TL;;;;
nt13513;TL;;;;
nt13514;TL;;;;
nt13515;TL;;;;
nt13516;TL;;;;
nt13517;TL;;;;
nt13518;TL;;;;
nt13519;TL;;;;
nt13520;TL;;;;
nt13521;TL;;;;
nt13522;TL;;;;
nt13523;TL;;;;
nt13524;TL;;;;
nt13525;TL;;;;
nt13526;TL;;;;
nt13527;TL;;;;
nt13528;TL;;;;
nt13529;TL;;;;
nt13530;TL;;;;
nt13531;TL;;;;
nt13532;TL;;;;
nt13533;TL;;;;
nt13534;TL;;;;
nt13535;TL;;;;
nt13536;TL;;;;
nt13537;TL;;;;
nt13538;TL;;;;
nt13539;TL;;;;
nt13540;TL;;;;
nt13541;TL;;;;
nt13542;TL;;;;
nt13543;TL;;;;
nt13544;TL;;;;
nt13545;TL;;;;
nt13546;TL;;;;
nt13547;TL;;;;
nt13548;TL;;;;
nt13549;TL;;;;
nt13550;TL;;;;
nt13551;TL;;;;
nt13552;TL;;;;
nt13553;TL;;;;
nt13554;TL;;;;
nt13555;TL;;;;
nt13556;TL;;;;
nt13557;TL;;;;
nt13558;TL;;;;
nt13559;TL;;;;
nt13560;TL;;;;
nt13561;TL;;;;
nt13562;TL;;;;
nt13563;TL;;;;
nt13564;TL;;;;
nt13565;TL;;;;
nt13566;TL;;;;
nt13567;TL;;;;
nt13568;TL;;;;
nt13569;TL;;;;
nt13570;TL;;;;
nt13571;TL;;;;
nt13572;TL;;;;
nt13573;TL;;;;
nt13574;TL;;;;
nt13575;TL;;;;
nt13576;TL;;;;
nt13577;TL;;;;
nt13578;TL;;;;
nt13579;TL;;;;
nt13580;TL;;;;
nt13581;TL;;;;
nt13582;TL;;;;
nt13583;TL;;;;
nt13584;TL;;;;
nt13585;TL;;;;
nt13586;TL;;;;
nt13587;TL;;;;
nt13588;TL;;;;
nt13589;TL;;;;
nt13590;TL;;;;
nt13591;TL;;;;
nt13592;TL;;;;
nt13593;TL;;;;
nt13594;TL;;;;
nt13595;TL;;;;
nt13596;TL;;;;
nt13597;TL;;;;
nt13598;TL;;;;
nt13599;TL;;;;
nt13600;TL;;;;
nt13601;TL;;;;
nt13602;TL;;;;
nt13603;TL;;;;
nt13604;TL;;;;
nt13605;TL;;;;
nt13606;TL;;;;
nt13607;TL;;;;
nt13608;TL;;;;
nt13609;TL;;;;
nt13610;TL;;;;
nt13611;TL;;;;
nt13612;TL;;;;
nt13613;TL;;;;
nt13614;TL;;;;
nt13615;TL;;;;
nt13616;TL;;;;
nt13617;TL;;;;
nt13618;TL;;;;
nt13619;TL;;;;
nt13620;TL;;;;
nt13621;TL;;;;
nt13622;TL;;;;
nt13623;TL;;;;
nt13624;TL;;;;
nt13625;TL;;;;
nt13626;TL;;;;
nt13627;TL;;;;
nt13628;TL;;;;
nt13629;TL;;;;
nt13630;TL;;;;
nt13631;TL;;;;
nt13632;TL;;;;
nt13633;TL;;;;
nt13634;TL;;;;
nt13635;TL;;;;
nt13636;TL;;;;
nt13637;TL;;;;
nt13638;TL;;;;
nt13639;TL;;;;
nt13640;TL;;;;
nt13641;TL;;;;
nt13642;TL;;;;
nt13643;TL;;;;
nt13644;TL;;;;
nt13645;TL;;;;
nt13646;TL;;;;
nt13647;TL;;;;
nt13648;TL;;;;
nt13649;TL;;;;
nt13650;TL;;;;
nt13651;TL;;;;
nt13652;TL;;;;
nt13653;TL;;;;
nt13654;TL;;;;
nt13655;TL;;;;
nt13656;TL;;;;
nt13657;TL;;;;
nt13658;TL;;;;
nt13659;TL;;;;
nt13660;TL;;;;
nt13661;TL;;;;
nt13662;TL;;;;
nt13663;TL;;;;
nt13664;TL;;;;
nt13665;TL;;;;
nt13666;TL;;;;
nt13667;TL;;;;
nt13668;TL;;;;
nt13669;TL;;;;
nt13670;TL;;;;
nt13671;TL;;;;
nt13672;TL;;;;
nt13673;TL;;;;
nt13674;TL;;;;
nt13675;TL;;;;
nt13676;TL;;;;
nt13677;TL;;;;
nt13678;TL;;;;
nt13679;TL;;;;
nt13680;TL;;;;
nt13681;TL;;;;
nt13682;TL;;;;
nt13683;TL;;;;
nt13684;TL;;;;
nt13685;TL;;;;
nt13686;TL;;;;
nt13687;TL;;;;
nt13688;TL;;;;
nt13689;TL;;;;
nt13690;TL;;;;
nt13691;TL;;;;
nt13692;TL;;;;
nt13693;TL;;;;
nt13694;TL;;;;
nt13695;TL;;;;
nt13696;TL;;;;
nt13697;TL;;;;
nt13698;TL;;;;
nt13699;TL;;;;
nt13700;TL;;;;
nt13701;TL;;;;
nt13702;TL;;;;
nt13703;TL;;;;
nt13704;TL;;;;
nt13705;TL;;;;
nt13706;TL;;;;
nt13707;TL;;;;
nt13708;TL;;;;
nt13709;TL;;;;
nt13710;TL;;;;
nt13711;TL;;;;
nt13712;TL;;;;
nt13713;TL;;;;
nt13714;TL;;;;
nt13715;TL;;;;
nt13716;TL;;;;
nt13717;TL;;;;
nt13718;TL;;;;
nt13719;TL;;;;
nt13720;TL;;;;
nt13721;TL;;;;
nt13722;TL;;;;
nt13723;TL;;;;
nt13724;TL;;;;
nt13725;TL;;;;
nt13726;TL;;;;
nt13727;TL;;;;
nt13728;TL;;;;
nt13729;TL;;;;
nt13730;TL;;;;
nt13731;TL;;;;
nt13732;TL;;;;
nt13733;TL;;;;
nt13734;TL;;;;
nt13735;TL;;;;
nt13736;TL;;;;
nt13737;TL;;;;
nt13738;TL;;;;
nt13739;TL;;;;
nt13740;TL;;;;
nt13741;TL;;;;
nt13742;TL;;;;
nt13743;TL;;;;
nt13744;TL;;;;
nt13745;TL;;;;
nt13746;TL;;;;
nt13747;TL;;;;
nt13748;TL;;;;
nt13749;TL;;;;
nt13750;TL;;;;
nt13751;TL;;;;
nt13752;TL;;;;
nt13753;TL;;;;
nt13754;TL;;;;
nt13755;TL;;;;
nt13756;TL;;;;
nt13757;TL;;;;
nt13758;TL;;;;
nt13759;TL;;;;
nt13760;TL;;;;
nt13761;TL;;;;
nt13762;TL;;;;
nt13763;TL;;;;
nt13764;TL;;;;
nt13765;TL;;;;
nt13766;TL;;;;
nt13767;TL;;;;
nt13768;TL;;;;
nt13769;TL;;;;
nt13770;TL;;;;
nt13771;TL;;;;
nt13772;TL;;;;
nt13773;TL;;;;
nt13774;TL;;;;
nt13775;TL;;;;
nt13776;TL;;;;
nt13777;TL;;;;
nt13778;TL;;;;
nt13779;TL;;;;
nt13780;TL;;;;
nt13781;TL;;;;
nt13782;TL;;;;
nt13783;TL;;;;
nt13784;TL;;;;
nt13785;TL;;;;
nt13786;TL;;;;
nt13787;TL;;;;
nt13788;TL;;;;
nt13789;TL;;;;
nt13790;TL;;;;
nt13791;TL;;;;
nt13792;TL;;;;
nt13793;TL;;;;
nt13794;TL;;;;
nt13795;TL;;;;
nt13796;TL;;;;
nt13797;TL;;;;
nt13798;TL;;;;
nt13799;TL;;;;
nt13800;TL;;;;
nt13801;TL;;;;
nt13802;TL;;;;
nt13803;TL;;;;
nt13804;TL;;;;
nt13805;TL;;;;
nt13806;TL;;;;
nt13807;TL;;;;
nt13808;TL;;;;
nt13809;TL;;;;
nt13810;TL;;;;
nt13811;TL;;;;
nt13812;TL;;;;
nt13813;TL;;;;
nt13814;TL;;;;
nt13815;TL;;;;
nt13816;TL;;;;
nt13817;TL;;;;
nt13818;TL;;;;
nt13819;TL;;;;
nt13820;TL;;;;
nt13821;TL;;;;
nt13822;TL;;;;
nt13823;TL;;;;
nt13824;TL;;;;
nt13825;TL;;;;
nt13826;TL;;;;
nt13827;TL;;;;
nt13828;TL;;;;
nt13829;TL;;;;
nt13830;TL;;;;
nt13831;TL;;;;
nt13832;TL;;;;
nt13833;TL;;;;
nt13834;TL;;;;
nt13835;TL;;;;
nt13836;TL;;;;
nt13837;TL;;;;
nt13838;TL;;;;
nt13839;TL;;;;
nt13840;TL;;;;
nt13841;TL;;;;
nt13842;TL;;;;
nt13843;TL;;;;
nt13844;TL;;;;
nt13845;TL;;;;
nt13846;TL;;;;
nt13847;TL;;;;
nt13848;TL;;;;
nt13849;TL;;;;
nt13850;TL;;;;
nt13851;TL;;;;
nt13852;TL;;;;
nt13853;TL;;;;
nt13854;TL;;;;
nt13855;TL;;;;
nt13856;TL;;;;
nt13857;TL;;;;
nt13858;TL;;;;
nt13859;TL;;;;
nt13860;TL;;;;
nt13861;TL;;;;
nt13862;TL;;;;
nt13863;TL;;;;
nt13864;TL;;;;
nt13865;TL;;;;
nt13866;TL;;;;
nt13867;TL;;;;
nt13868;TL;;;;
nt13869;TL;;;;
nt13870;TL;;;;
nt13871;TL;;;;
nt13872;TL;;;;
nt13873;TL;;;;
nt13874;TL;;;;
nt13875;TL;;;;
nt13876;TL;;;;
nt13877;TL;;;;
nt13878;TL;;;;
nt13879;TL;;;;
nt13880;TL;;;;
nt13881;TL;;;;
nt13882;TL;;;;
nt13883;TL;;;;
nt13884;TL;;;;
nt13885;TL;;;;
nt13886;TL;;;;
nt13887;TL;;;;
nt13888;TL;;;;
nt13889;TL;;;;
nt13890;TL;;;;
nt13891;TL;;;;
nt13892;TL;;;;
nt13893;TL;;;;
nt13894;TL;;;;
nt13895;TL;;;;
nt13896;TL;;;;
nt13897;TL;;;;
nt13898;TL;;;;
nt13899;TL;;;;
nt13900;TL;;;;
nt13901;TL;;;;
nt13902;TL;;;;
nt13903;TL;;;;
nt13904;TL;;;;
nt13905;TL;;;;
nt13906;TL;;;;
nt13907;TL;;;;
nt13908;TL;;;;
nt13909;TL;;;;
nt13910;TL;;;;
nt13911;TL;;;;
nt13912;TL;;;;
nt13913;TL;;;;
nt13914;TL;;;;
nt13915;TL;;;;
nt13916;TL;;;;
nt13917;TL;;;;
nt13918;TL;;;;
nt13919;TL;;;;
nt13920;TL;;;;
nt13921;TL;;;;
nt13922;TL;;;;
nt13923;TL;;;;
nt13924;TL;;;;
nt13925;TL;;;;
nt13926;TL;;;;
nt13927;TL;;;;
nt13928;TL;;;;
nt13929;TL;;;;
nt13930;TL;;;;
nt13931;TL;;;;
nt13932;TL;;;;
nt13933;TL;;;;
nt13934;TL;;;;
nt13935;TL;;;;
nt13936;TL;;;;
nt13937;TL;;;;
nt13938;TL;;;;
nt13939;TL;;;;
nt13940;TL;;;;
nt13941;TL;;;;
nt13942;TL;;;;
nt13943;TL;;;;
nt13944;TL;;;;
nt13945;TL;;;;
nt13946;TL;;;;
nt13947;TL;;;;
nt13948;TL;;;;
nt13949;TL;;;;
nt13950;TL;;;;
nt13951;TL;;;;
nt13952;TL;;;;
nt13953;TL;;;;
nt13954;TL;;;;
nt13955;TL;;;;
nt13956;TL;;;;
nt13957;TL;;;;
nt13958;TL;;;;
nt13959;TL;;;;
nt13960;TL;;;;
nt13961;TL;;;;
nt13962;TL;;;;
nt13963;TL;;;;
nt13964;TL;;;;
nt13965;TL;;;;
nt13966;TL;;;;
nt13967;TL;;;;
nt13968;TL;;;;
nt13969;TL;;;;
nt13970;TL;;;;
nt13971;TL;;;;
nt13972;TL;;;;
nt13973;TL;;;;
nt13974;TL;;;;
nt13975;TL;;;;
nt13976;TL;;;;
nt13977;TL;;;;
nt13978;TL;;;;
nt13979;TL;;;;
nt13980;TL;;;;
nt13981;TL;;;;
nt13982;TL;;;;
nt13983;TL;;;;
nt13984;TL;;;;
nt13985;TL;;;;
nt13986;TL;;;;
nt13987;TL;;;;
nt13988;TL;;;;
nt13989;TL;;;;
nt13990;TL;;;;
nt13991;TL;;;;
nt13992;TL;;;;
nt13993;TL;;;;
nt13994;TL;;;;
nt13995;TL;;;;
nt13996;TL;;;;
nt13997;TL;;;;
nt13998;TL;;;;
nt13999;TL;;;;
nt14000;TL;;;;
nt14001;TL;;;;
nt14002;TL;;;;
nt14003;TL;;;;
nt14004;TL;;;;
nt14005;TL;;;;
nt14006;TL;;;;
nt14007;TL;;;;
nt14008;TL;;;;
nt14009;TL;;;;
nt14010;TL;;;;
nt14011;TL;;;;
nt14012;TL;;;;
nt14013;TL;;;;
nt14014;TL;;;;
nt14015;TL;;;;
nt14016;TL;;;;
nt14017;TL;;;;
nt14018;TL;;;;
nt14019;TL;;;;
nt14020;TL;;;;
nt14021;TL;;;;
nt14022;TL;;;;
nt14023;TL;;;;
nt14024;TL;;;;
nt14025;TL;;;;
nt14026;TL;;;;
nt14027;TL;;;;
nt14028;TL;;;;
nt14029;TL;;;;
nt14030;TL;;;;
nt14031;TL;;;;
nt14032;TL;;;;
nt14033;TL;;;;
nt14034;TL;;;;
nt14035;TL;;;;
nt14036;TL;;;;
nt14037;TL;;;;
nt14038;TL;;;;
nt14039;TL;;;;
nt14040;TL;;;;
nt14041;TL;;;;
nt14042;TL;;;;
nt14043;TL;;;;
nt14044;TL;;;;
nt14045;TL;;;;
nt14046;TL;;;;
nt14047;TL;;;;
nt14048;TL;;;;
nt14049;TL;;;;
nt14050;TL;;;;
nt14051;TL;;;;
nt14052;TL;;;;
nt14053;TL;;;;
nt14054;TL;;;;
nt14055;TL;;;;
nt14056;TL;;;;
nt14057;TL;;;;
nt14058;TL;;;;
nt14059;TL;;;;
nt14060;TL;;;;
nt14061;TL;;;;
nt14062;TL;;;;
nt14063;TL;;;;
nt14064;TL;;;;
nt14065;TL;;;;
nt14066;TL;;;;
nt14067;TL;;;;
nt14068;TL;;;;
nt14069;TL;;;;
nt14070;TL;;;;
nt14071;TL;;;;
nt14072;TL;;;;
nt14073;TL;;;;
nt14074;TL;;;;
nt14075;TL;;;;
nt14076;TL;;;;
nt14077;TL;;;;
nt14078;TL;;;;
nt14079;TL;;;;
nt14080;TL;;;;
nt14081;TL;;;;
nt14082;TL;;;;
nt14083;TL;;;;
nt14084;TL;;;;
nt14085;TL;;;;
nt14086;TL;;;;
nt14087;TL;;;;
nt14088;TL;;;;
nt14089;TL;;;;
nt14090;TL;;;;
nt14091;TL;;;;
nt14092;TL;;;;
nt14093;TL;;;;
nt14094;TL;;;;
nt14095;TL;;;;
nt14096;TL;;;;
nt14097;TL;;;;
nt14098;TL;;;;
nt14099;TL;;;;
nt14100;TL;;;;
nt14101;TL;;;;
nt14102;TL;;;;
nt14103;TL;;;;
nt14104;TL;;;;
nt14105;TL;;;;
nt14106;TL;;;;
nt14107;TL;;;;
nt14108;TL;;;;
nt14109;TL;;;;
nt14110;TL;;;;
nt14111;TL;;;;
nt14112;TL;;;;
nt14113;TL;;;;
nt14114;TL;;;;
nt14115;TL;;;;
nt14116;TL;;;;
nt14117;TL;;;;
nt14118;TL;;;;
nt14119;TL;;;;
nt14120;TL;;;;
nt14121;TL;;;;
nt14122;TL;;;;
nt14123;TL;;;;
nt14124;TL;;;;
nt14125;TL;;;;
nt14126;TL;;;;
nt14127;TL;;;;
nt14128;TL;;;;
nt14129;TL;;;;
nt14130;TL;;;;
nt14131;TL;;;;
nt14132;TL;;;;
nt14133;TL;;;;
nt14134;TL;;;;
nt14135;TL;;;;
nt14136;TL;;;;
nt14137;TL;;;;
nt14138;TL;;;;
nt14139;TL;;;;
nt14140;TL;;;;
nt14141;TL;;;;
nt14142;TL;;;;
nt14143;TL;;;;
nt14144;TL;;;;
nt14145;TL;;;;
nt14146;TL;;;;
nt14147;TL;;;;
nt14148;TL;;;;
nt14149;TL;;;;
nt14150;TL;;;;
nt14151;TL;;;;
nt14152;TL;;;;
nt14153;TL;;;;
nt14154;TL;;;;
nt14155;TL;;;;
nt14156;TL;;;;
nt14157;TL;;;;
nt14158;TL;;;;
nt14159;TL;;;;
nt14160;TL;;;;
nt14161;TL;;;;
nt14162;TL;;;;
nt14163;TL;;;;
nt14164;TL;;;;
nt14165;TL;;;;
nt14166;TL;;;;
nt14167;TL;;;;
nt14168;TL;;;;
nt14169;TL;;;;
nt14170;TL;;;;
nt14171;TL;;;;
nt14172;TL;;;;
nt14173;TL;;;;
nt14174;TL;;;;
nt14175;TL;;;;
nt14176;TL;;;;
nt14177;TL;;;;
nt14178;TL;;;;
nt14179;TL;;;;
nt14180;TL;;;;
nt14181;TL;;;;
nt14182;TL;;;;
nt14183;TL;;;;
nt14184;TL;;;;
nt14185;TL;;;;
nt14186;TL;;;;
nt14187;TL;;;;
nt14188;TL;;;;
nt14189;TL;;;;
nt14190;TL;;;;
nt14191;TL;;;;
nt14192;TL;;;;
nt14193;TL;;;;
nt14194;TL;;;;
nt14195;TL;;;;
nt14196;TL;;;;
nt14197;TL;;;;
nt14198;TL;;;;
nt14199;TL;;;;
nt14200;TL;;;;
nt14201;TL;;;;
nt14202;TL;;;;
nt14203;TL;;;;
nt14204;TL;;;;
nt14205;TL;;;;
nt14206;TL;;;;
nt14207;TL;;;;
nt14208;TL;;;;
nt14209;TL;;;;
nt14210;TL;;;;
nt14211;TL;;;;
nt14212;TL;;;;
nt14213;TL;;;;
nt14214;TL;;;;
nt14215;TL;;;;
nt14216;TL;;;;
nt14217;TL;;;;
nt14218;TL;;;;
nt14219;TL;;;;
nt14220;TL;;;;
nt14221;TL;;;;
nt14222;TL;;;;
nt14223;TL;;;;
nt14224;TL;;;;
nt14225;TL;;;;
nt14226;TL;;;;
nt14227;TL;;;;
nt14228;TL;;;;
nt14229;TL;;;;
nt14230;TL;;;;
nt14231;TL;;;;
nt14232;TL;;;;
nt14233;TL;;;;
nt14234;TL;;;;
nt14235;TL;;;;
nt14236;TL;;;;
nt14237;TL;;;;
nt14238;TL;;;;
nt14239;TL;;;;
nt14240;TL;;;;
nt14241;TL;;;;
nt14242;TL;;;;
nt14243;TL;;;;
nt14244;TL;;;;
nt14245;TL;;;;
nt14246;TL;;;;
nt14247;TL;;;;
nt14248;TL;;;;
nt14249;TL;;;;
nt14250;TL;;;;
nt14251;TL;;;;
nt14252;TL;;;;
nt14253;TL;;;;
nt14254;TL;;;;
nt14255;TL;;;;
nt14256;TL;;;;
nt14257;TL;;;;
nt14258;TL;;;;
nt14259;TL;;;;
nt14260;TL;;;;
nt14261;TL;;;;
nt14262;TL;;;;
nt14263;TL;;;;
nt14264;TL;;;;
nt14265;TL;;;;
nt14266;TL;;;;
nt14267;TL;;;;
nt14268;TL;;;;
nt14269;TL;;;;
nt14270;TL;;;;
nt14271;TL;;;;
nt14272;TL;;;;
nt14273;TL;;;;
nt14274;TL;;;;
nt14275;TL;;;;
nt14276;TL;;;;
nt14277;TL;;;;
nt14278;TL;;;;
nt14279;TL;;;;
nt14280;TL;;;;
nt14281;TL;;;;
nt14282;TL;;;;
nt14283;TL;;;;
nt14284;TL;;;;
nt14285;TL;;;;
nt14286;TL;;;;
nt14287;TL;;;;
nt14288;TL;;;;
nt14289;TL;;;;
nt14290;TL;;;;
nt14291;TL;;;;
nt14292;TL;;;;
nt14293;TL;;;;
nt14294;TL;;;;
nt14295;TL;;;;
nt14296;TL;;;;
nt14297;TL;;;;
nt14298;TL;;;;
nt14299;TL;;;;
nt14300;TL;;;;
nt14301;TL;;;;
nt14302;TL;;;;
nt14303;TL;;;;
nt14304;TL;;;;
nt14305;TL;;;;
nt14306;TL;;;;
nt14307;TL;;;;
nt14308;TL;;;;
nt14309;TL;;;;
nt14310;TL;;;;
nt14311;TL;;;;
nt14312;TL;;;;
nt14313;TL;;;;
nt14314;TL;;;;
nt14315;TL;;;;
nt14316;TL;;;;
nt14317;TL;;;;
nt14318;TL;;;;
nt14319;TL;;;;
nt14320;TL;;;;
nt14321;TL;;;;
nt14322;TL;;;;
nt14323;TL;;;;
nt14324;TL;;;;
nt14325;TL;;;;
nt14326;TL;;;;
nt14327;TL;;;;
nt14328;TL;;;;
nt14329;TL;;;;
nt14330;TL;;;;
nt14331;TL;;;;
nt14332;TL;;;;
nt14333;TL;;;;
nt14334;TL;;;;
nt14335;TL;;;;
nt14336;TL;;;;
nt14337;TL;;;;
nt14338;TL;;;;
nt14339;TL;;;;
nt14340;TL;;;;
nt14341;TL;;;;
nt14342;TL;;;;
nt14343;TL;;;;
nt14344;TL;;;;
nt14345;TL;;;;
nt14346;TL;;;;
nt14347;TL;;;;
nt14348;TL;;;;
nt14349;TL;;;;
nt14350;TL;;;;
nt14351;TL;;;;
nt14352;TL;;;;
nt14353;TL;;;;
nt14354;TL;;;;
nt14355;TL;;;;
nt14356;TL;;;;
nt14357;TL;;;;
nt14358;TL;;;;
nt14359;TL;;;;
nt14360;TL;;;;
nt14361;TL;;;;
nt14362;TL;;;;
nt14363;TL;;;;
nt14364;TL;;;;
nt14365;TL;;;;
nt14366;TL;;;;
nt14367;TL;;;;
nt14368;TL;;;;
nt14369;TL;;;;
nt14370;TL;;;;
nt14371;TL;;;;
nt14372;TL;;;;
nt14373;TL;;;;
nt14374;TL;;;;
nt14375;TL;;;;
nt14376;TL;;;;
nt14377;TL;;;;
nt14378;TL;;;;
nt14379;TL;;;;
nt14380;TL;;;;
nt14381;TL;;;;
nt14382;TL;;;;
nt14383;TL;;;;
nt14384;TL;;;;
nt14385;TL;;;;
nt14386;TL;;;;
nt14387;TL;;;;
nt14388;TL;;;;
nt14389;TL;;;;
nt14390;TL;;;;
nt14391;TL;;;;
nt14392;TL;;;;
nt14393;TL;;;;
nt14394;TL;;;;
nt14395;TL;;;;
nt14396;TL;;;;
nt14397;TL;;;;
nt14398;TL;;;;
nt14399;TL;;;;
nt14400;TL;;;;
nt14401;TL;;;;
nt14402;TL;;;;
nt14403;TL;;;;
nt14404;TL;;;;
nt14405;TL;;;;
nt14406;TL;;;;
nt14407;TL;;;;
nt14408;TL;;;;
nt14409;TL;;;;
nt14410;TL;;;;
nt14411;TL;;;;
nt14412;TL;;;;
nt14413;TL;;;;
nt14414;TL;;;;
nt14415;TL;;;;
nt14416;TL;;;;
nt14417;TL;;;;
nt14418;TL;;;;
nt14419;TL;;;;
nt14420;TL;;;;
nt14421;TL;;;;
nt14422;TL;;;;
nt14423;TL;;;;
nt14424;TL;;;;
nt14425;TL;;;;
nt14426;TL;;;;
nt14427;TL;;;;
nt14428;TL;;;;
nt14429;TL;;;;
nt14430;TL;;;;
nt14431;TL;;;;
nt14432;TL;;;;
nt14433;TL;;;;
nt14434;TL;;;;
nt14435;TL;;;;
nt14436;TL;;;;
nt14437;TL;;;;
nt14438;TL;;;;
nt14439;TL;;;;
nt14440;TL;;;;
nt14441;TL;;;;
nt14442;TL;;;;
nt14443;TL;;;;
nt14444;TL;;;;
nt14445;TL;;;;
nt14446;TL;;;;
nt14447;TL;;;;
nt14448;TL;;;;
nt14449;TL;;;;
nt14450;TL;;;;
nt14451;TL;;;;
nt14452;TL;;;;
nt14453;TL;;;;
nt14454;TL;;;;
nt14455;TL;;;;
nt14456;TL;;;;
nt14457;TL;;;;
nt14458;TL;;;;
nt14459;TL;;;;
nt14460;TL;;;;
nt14461;TL;;;;
nt14462;TL;;;;
nt14463;TL;;;;
nt14464;TL;;;;
nt14465;TL;;;;
nt14466;TL;;;;
nt14467;TL;;;;
nt14468;TL;;;;
nt14469;TL;;;;
nt14470;TL;;;;
nt14471;TL;;;;
nt14472;TL;;;;
nt14473;TL;;;;
nt14474;TL;;;;
nt14475;TL;;;;
nt14476;TL;;;;
nt14477;TL;;;;
nt14478;TL;;;;
nt14479;TL;;;;
nt14480;TL;;;;
nt14481;TL;;;;
nt14482;TL;;;;
nt14483;TL;;;;
nt14484;TL;;;;
nt14485;TL;;;;
nt14486;TL;;;;
nt14487;TL;;;;
nt14488;TL;;;;
nt14489;TL;;;;
nt14490;TL;;;;
nt14491;TL;;;;
nt14492;TL;;;;
nt14493;TL;;;;
nt14494;TL;;;;
nt14495;TL;;;;
nt14496;TL;;;;
nt14497;TL;;;;
nt14498;TL;;;;
nt14499;TL;;;;
nt14500;TL;;;;
nt14501;TL;;;;
nt14502;TL;;;;
nt14503;TL;;;;
nt14504;TL;;;;
nt14505;TL;;;;
nt14506;TL;;;;
nt14507;TL;;;;
nt14508;TL;;;;
nt14509;TL;;;;
nt14510;TL;;;;
nt14511;TL;;;;
nt14512;TL;;;;
nt14513;TL;;;;
nt14514;TL;;;;
nt14515;TL;;;;
nt14516;TL;;;;
nt14517;TL;;;;
nt14518;TL;;;;
nt14519;TL;;;;
nt14520;TL;;;;
nt14521;TL;;;;
nt14522;TL;;;;
nt14523;TL;;;;
nt14524;TL;;;;
nt14525;TL;;;;
nt14526;TL;;;;
nt14527;TL;;;;
nt14528;TL;;;;
nt14529;TL;;;;
nt14530;TL;;;;
nt14531;TL;;;;
nt14532;TL;;;;
nt14533;TL;;;;
nt14534;TL;;;;
nt14535;TL;;;;
nt14536;TL;;;;
nt14537;TL;;;;
nt14538;TL;;;;
nt14539;TL;;;;
nt14540;TL;;;;
nt14541;TL;;;;
nt14542;TL;;;;
nt14543;TL;;;;
nt14544;TL;;;;
nt14545;TL;;;;
nt14546;TL;;;;
nt14547;TL;;;;
nt14548;TL;;;;
nt14549;TL;;;;
nt14550;TL;;;;
nt14551;TL;;;;
nt14552;TL;;;;
nt14553;TL;;;;
nt14554;TL;;;;
nt14555;TL;;;;
nt14556;TL;;;;
nt14557;TL;;;;
nt14558;TL;;;;
nt14559;TL;;;;
nt14560;TL;;;;
nt14561;TL;;;;
nt14562;TL;;;;
nt14563;TL;;;;
nt14564;TL;;;;
nt14565;TL;;;;
nt14566;TL;;;;
nt14567;TL;;;;
nt14568;TL;;;;
nt14569;TL;;;;
nt14570;TL;;;;
nt14571;TL;;;;
nt14572;TL;;;;
nt14573;TL;;;;
nt14574;TL;;;;
nt14575;TL;;;;
nt14576;TL;;;;
nt14577;TL;;;;
nt14578;TL;;;;
nt14579;TL;;;;
nt14580;TL;;;;
nt14581;TL;;;;
nt14582;TL;;;;
nt14583;TL;;;;
nt14584;TL;;;;
nt14585;TL;;;;
nt14586;TL;;;;
nt14587;TL;;;;
nt14588;TL;;;;
nt14589;TL;;;;
nt14590;TL;;;;
nt14591;TL;;;;
nt14592;TL;;;;
nt14593;TL;;;;
nt14594;TL;;;;
nt14595;TL;;;;
nt14596;TL;;;;
nt14597;TL;;;;
nt14598;TL;;;;
nt14599;TL;;;;
nt14600;TL;;;;
nt14601;TL;;;;
nt14602;TL;;;;
nt14603;TL;;;;
nt14604;TL;;;;
nt14605;TL;;;;
nt14606;TL;;;;
nt14607;TL;;;;
nt14608;TL;;;;
nt14609;TL;;;;
nt14610;TL;;;;
nt14611;TL;;;;
nt14612;TL;;;;
nt14613;TL;;;;
nt14614;TL;;;;
nt14615;TL;;;;
nt14616;TL;;;;
nt14617;TL;;;;
nt14618;TL;;;;
nt14619;TL;;;;
nt14620;TL;;;;
nt14621;TL;;;;
nt14622;TL;;;;
nt14623;TL;;;;
nt14624;TL;;;;
nt14625;TL;;;;
nt14626;TL;;;;
nt14627;TL;;;;
nt14628;TL;;;;
nt14629;TL;;;;
nt14630;TL;;;;
nt14631;TL;;;;
nt14632;TL;;;;
nt14633;TL;;;;
nt14634;TL;;;;
nt14635;TL;;;;
nt14636;TL;;;;
nt14637;TL;;;;
nt14638;TL;;;;
nt14639;TL;;;;
nt14640;TL;;;;
nt14641;TL;;;;
nt14642;TL;;;;
nt14643;TL;;;;
nt14644;TL;;;;
nt14645;TL;;;;
nt14646;TL;;;;
nt14647;TL;;;;
nt14648;TL;;;;
nt14649;TL;;;;
nt14650;TL;;;;
nt14651;TL;;;;
nt14652;TL;;;;
nt14653;TL;;;;
nt14654;TL;;;;
nt14655;TL;;;;
nt14656;TL;;;;
nt14657;TL;;;;
nt14658;TL;;;;
nt14659;TL;;;;
nt14660;TL;;;;
nt14661;TL;;;;
nt14662;TL;;;;
nt14663;TL;;;;
nt14664;TL;;;;
nt14665;TL;;;;
nt14666;TL;;;;
nt14667;TL;;;;
nt14668;TL;;;;
nt14669;TL;;;;
nt14670;TL;;;;
nt14671;TL;;;;
nt14672;TL;;;;
nt14673;TL;;;;
nt14674;TL;;;;
nt14675;TL;;;;
nt14676;TL;;;;
nt14677;TL;;;;
nt14678;TL;;;;
nt14679;TL;;;;
nt14680;TL;;;;
nt14681;TL;;;;
nt14682;TL;;;;
nt14683;TL;;;;
nt14684;TL;;;;
nt14685;TL;;;;
nt14686;TL;;;;
nt14687;TL;;;;
nt14688;TL;;;;
nt14689;TL;;;;
nt14690;TL;;;;
nt14691;TL;;;;
nt14692;TL;;;;
nt14693;TL;;;;
nt14694;TL;;;;
nt14695;TL;;;;
nt14696;TL;;;;
nt14697;TL;;;;
nt14698;TL;;;;
nt14699;TL;;;;
nt14700;TL;;;;
nt14701;TL;;;;
nt14702;TL;;;;
nt14703;TL;;;;
nt14704;TL;;;;
nt14705;TL;;;;
nt14706;TL;;;;
nt14707;TL;;;;
nt14708;TL;;;;
nt14709;TL;;;;
nt14710;TL;;;;
nt14711;TL;;;;
nt14712;TL;;;;
nt14713;TL;;;;
nt14714;TL;;;;
nt14715;TL;;;;
nt14716;TL;;;;
nt14717;TL;;;;
nt14718;TL;;;;
nt14719;TL;;;;
nt14720;TL;;;;
nt14721;TL;;;;
nt14722;TL;;;;
nt14723;TL;;;;
nt14724;TL;;;;
nt14725;TL;;;;
nt14726;TL;;;;
nt14727;TL;;;;
nt14728;TL;;;;
nt14729;TL;;;;
nt14730;TL;;;;
nt14731;TL;;;;
nt14732;TL;;;;
nt14733;TL;;;;
nt14734;TL;;;;
nt14735;TL;;;;
nt14736;TL;;;;
nt14737;TL;;;;
nt14738;TL;;;;
nt14739;TL;;;;
nt14740;TL;;;;
nt14741;TL;;;;
nt14742;TL;;;;
nt14743;TL;;;;
nt14744;TL;;;;
nt14745;TL;;;;
nt14746;TL;;;;
nt14747;TL;;;;
nt14748;TL;;;;
nt14749;TL;;;;
nt14750;TL;;;;
nt14751;TL;;;;
nt14752;TL;;;;
nt14753;TL;;;;
nt14754;TL;;;;
nt14755;TL;;;;
nt14756;TL;;;;
nt14757;TL;;;;
nt14758;TL;;;;
nt14759;TL;;;;
nt14760;TL;;;;
nt14761;TL;;;;
nt14762;TL;;;;
nt14763;TL;;;;
nt14764;TL;;;;
nt14765;TL;;;;
nt14766;TL;;;;
nt14767;TL;;;;
nt14768;TL;;;;
nt14769;TL;;;;
nt14770;TL;;;;
nt14771;TL;;;;
nt14772;TL;;;;
nt14773;TL;;;;
nt14774;TL;;;;
nt14775;TL;;;;
nt14776;TL;;;;
nt14777;TL;;;;
nt14778;TL;;;;
nt14779;TL;;;;
nt14780;TL;;;;
nt14781;TL;;;;
nt14782;TL;;;;
nt14783;TL;;;;
nt14784;TL;;;;
nt14785;TL;;;;
nt14786;TL;;;;
nt14787;TL;;;;
nt14788;TL;;;;
nt14789;TL;;;;
nt14790;TL;;;;
nt14791;TL;;;;
nt14792;TL;;;;
nt14793;TL;;;;
nt14794;TL;;;;
nt14795;TL;;;;
nt14796;TL;;;;
nt14797;TL;;;;
nt14798;TL;;;;
nt14799;TL;;;;
nt14800;TL;;;;
nt14801;TL;;;;
nt14802;TL;;;;
nt14803;TL;;;;
nt14804;TL;;;;
nt14805;TL;;;;
nt14806;TL;;;;
nt14807;TL;;;;
nt14808;TL;;;;
nt14809;TL;;;;
nt14810;TL;;;;
nt14811;TL;;;;
nt14812;TL;;;;
nt14813;TL;;;;
nt14814;TL;;;;
nt14815;TL;;;;
nt14816;TL;;;;
nt14817;TL;;;;
nt14818;TL;;;;
nt14819;TL;;;;
nt14820;TL;;;;
nt14821;TL;;;;
nt14822;TL;;;;
nt14823;TL;;;;
nt14824;TL;;;;
nt14825;TL;;;;
nt14826;TL;;;;
nt14827;TL;;;;
nt14828;TL;;;;
nt14829;TL;;;;
nt14830;TL;;;;
nt14831;TL;;;;
nt14832;TL;;;;
nt14833;TL;;;;
nt14834;TL;;;;
nt14835;TL;;;;
nt14836;TL;;;;
nt14837;TL;;;;
nt14838;TL;;;;
nt14839;TL;;;;
nt14840;TL;;;;
nt14841;TL;;;;
nt14842;TL;;;;
nt14843;TL;;;;
nt14844;TL;;;;
nt14845;TL;;;;
nt14846;TL;;;;
nt14847;TL;;;;
nt14848;TL;;;;
nt14849;TL;;;;
nt14850;TL;;;;
nt14851;TL;;;;
nt14852;TL;;;;
nt14853;TL;;;;
nt14854;TL;;;;
nt14855;TL;;;;
nt14856;TL;;;;
nt14857;TL;;;;
nt14858;TL;;;;
nt14859;TL;;;;
nt14860;TL;;;;
nt14861;TL;;;;
nt14862;TL;;;;
nt14863;TL;;;;
nt14864;TL;;;;
nt14865;TL;;;;
nt14866;TL;;;;
nt14867;TL;;;;
nt14868;TL;;;;
nt14869;TL;;;;
nt14870;TL;;;;
nt14871;TL;;;;
nt14872;TL;;;;
nt14873;TL;;;;
nt14874;TL;;;;
nt14875;TL;;;;
nt14876;TL;;;;
nt14877;TL;;;;
nt14878;TL;;;;
nt14879;TL;;;;
nt14880;TL;;;;
nt14881;TL;;;;
nt14882;TL;;;;
nt14883;TL;;;;
nt14884;TL;;;;
nt14885;TL;;;;
nt14886;TL;;;;
nt14887;TL;;;;
nt14888;TL;;;;
nt14889;TL;;;;
nt14890;TL;;;;
nt14891;TL;;;;
nt14892;TL;;;;
nt14893;TL;;;;
nt14894;TL;;;;
nt14895;TL;;;;
nt14896;TL;;;;
nt14897;TL;;;;
nt14898;TL;;;;
nt14899;TL;;;;
nt14900;TL;;;;
nt14901;TL;;;;
nt14902;TL;;;;
nt14903;TL;;;;
nt14904;TL;;;;
nt14905;TL;;;;
nt14906;TL;;;;
nt14907;TL;;;;
nt14908;TL;;;;
nt14909;TL;;;;
nt14910;TL;;;;
nt14911;TL;;;;
nt14912;TL;;;;
nt14913;TL;;;;
nt14914;TL;;;;
nt14915;TL;;;;
nt14916;TL;;;;
nt14917;TL;;;;
nt14918;TL;;;;
nt14919;TL;;;;
nt14920;TL;;;;
nt14921;TL;;;;
nt14922;TL;;;;
nt14923;TL;;;;
nt14924;TL;;;;
nt14925;TL;;;;
nt14926;TL;;;;
nt14927;TL;;;;
nt14928;TL;;;;
nt14929;TL;;;;
nt14930;TL;;;;
nt14931;TL;;;;
nt14932;TL;;;;
nt14933;TL;;;;
nt14934;TL;;;;
nt14935;TL;;;;
nt14936;TL;;;;
nt14937;TL;;;;
nt14938;TL;;;;
nt14939;TL;;;;
nt14940;TL;;;;
nt14941;TL;;;;
nt14942;TL;;;;
nt14943;TL;;;;
nt14944;TL;;;;
nt14945;TL;;;;
nt14946;TL;;;;
nt14947;TL;;;;
nt14948;TL;;;;
nt14949;TL;;;;
nt14950;TL;;;;
nt14951;TL;;;;
nt14952;TL;;;;
nt14953;TL;;;;
nt14954;TL;;;;
nt14955;TL;;;;
nt14956;TL;;;;
nt14957;TL;;;;
nt14958;TL;;;;
nt14959;TL;;;;
nt14960;TL;;;;
nt14961;TL;;;;
nt14962;TL;;;;
nt14963;TL;;;;
nt14964;TL;;;;
nt14965;TL;;;;
nt14966;TL;;;;
nt14967;TL;;;;
nt14968;TL;;;;
nt14969;TL;;;;
nt14970;TL;;;;
nt14971;TL;;;;
nt14972;TL;;;;
nt14973;TL;;;;
nt14974;TL;;;;
nt14975;TL;;;;
nt14976;TL;;;;
nt14977;TL;;;;
nt14978;TL;;;;
nt14979;TL;;;;
nt14980;TL;;;;
nt14981;TL;;;;
nt14982;TL;;;;
nt14983;TL;;;;
nt14984;TL;;;;
nt14985;TL;;;;
nt14986;TL;;;;
nt14987;TL;;;;
nt14988;TL;;;;
nt14989;TL;;;;
nt14990;TL;;;;
nt14991;TL;;;;
nt14992;TL;;;;
nt14993;TL;;;;
nt14994;TL;;;;
nt14995;TL;;;;
nt14996;TL;;;;
nt14997;TL;;;;
nt14998;TL;;;;
nt14999;TL;;;;
nt15000;TL;;;;
nt15001;TL;;;;
nt15002;TL;;;;
nt15003;TL;;;;
nt15004;TL;;;;
nt15005;TL;;;;
nt15006;TL;;;;
nt15007;TL;;;;
nt15008;TL;;;;
nt15009;TL;;;;
nt15010;TL;;;;
nt15011;TL;;;;
nt15012;TL;;;;
nt15013;TL;;;;
nt15014;TL;;;;
nt15015;TL;;;;
nt15016;TL;;;;
nt15017;TL;;;;
nt15018;TL;;;;
nt15019;TL;;;;
nt15020;TL;;;;
nt15021;TL;;;;
nt15022;TL;;;;
nt15023;TL;;;;
nt15024;TL;;;;
nt15025;TL;;;;
nt15026;TL;;;;
nt15027;TL;;;;
nt15028;TL;;;;
nt15029;TL;;;;
nt15030;TL;;;;
nt15031;TL;;;;
nt15032;TL;;;;
nt15033;TL;;;;
nt15034;TL;;;;
nt15035;TL;;;;
nt15036;TL;;;;
nt15037;TL;;;;
nt15038;TL;;;;
nt15039;TL;;;;
nt15040;TL;;;;
nt15041;TL;;;;
nt15042;TL;;;;
nt15043;TL;;;;
nt15044;TL;;;;
nt15045;TL;;;;
nt15046;TL;;;;
nt15047;TL;;;;
nt15048;TL;;;;
nt15049;TL;;;;
nt15050;TL;;;;
nt15051;TL;;;;
nt15052;TL;;;;
nt15053;TL;;;;
nt15054;TL;;;;
nt15055;TL;;;;
nt15056;TL;;;;
nt15057;TL;;;;
nt15058;TL;;;;
nt15059;TL;;;;
nt15060;TL;;;;
nt15061;TL;;;;
nt15062;TL;;;;
nt15063;TL;;;;
nt15064;TL;;;;
nt15065;TL;;;;
nt15066;TL;;;;
nt15067;TL;;;;
nt15068;TL;;;;
nt15069;TL;;;;
nt15070;TL;;;;
nt15071;TL;;;;
nt15072;TL;;;;
nt15073;TL;;;;
nt15074;TL;;;;
nt15075;TL;;;;
nt15076;TL;;;;
nt15077;TL;;;;
nt15078;TL;;;;
nt15079;TL;;;;
nt15080;TL;;;;
nt15081;TL;;;;
nt15082;TL;;;;
nt15083;TL;;;;
nt15084;TL;;;;
nt15085;TL;;;;
nt15086;TL;;;;
nt15087;TL;;;;
nt15088;TL;;;;
nt15089;TL;;;;
nt15090;TL;;;;
nt15091;TL;;;;
nt15092;TL;;;;
nt15093;TL;;;;
nt15094;TL;;;;
nt15095;TL;;;;
nt15096;TL;;;;
nt15097;TL;;;;
nt15098;TL;;;;
nt15099;TL;;;;
nt15100;TL;;;;
nt15101;TL;;;;
nt15102;TL;;;;
nt15103;TL;;;;
nt15104;TL;;;;
nt15105;TL;;;;
nt15106;TL;;;;
nt15107;TL;;;;
nt15108;TL;;;;
nt15109;TL;;;;
nt15110;TL;;;;
nt15111;TL;;;;
nt15112;TL;;;;
nt15113;TL;;;;
nt15114;TL;;;;
nt15115;TL;;;;
nt15116;TL;;;;
nt15117;TL;;;;
nt15118;TL;;;;
nt15119;TL;;;;
nt15120;TL;;;;
nt15121;TL;;;;
nt15122;TL;;;;
nt15123;TL;;;;
nt15124;TL;;;;
nt15125;TL;;;;
nt15126;TL;;;;
nt15127;TL;;;;
nt15128;TL;;;;
nt15129;TL;;;;
nt15130;TL;;;;
nt15131;TL;;;;
nt15132;TL;;;;
nt15133;TL;;;;
nt15134;TL;;;;
nt15135;TL;;;;
nt15136;TL;;;;
nt15137;TL;;;;
nt15138;TL;;;;
nt15139;TL;;;;
nt15140;TL;;;;
nt15141;TL;;;;
nt15142;TL;;;;
nt15143;TL;;;;
nt15144;TL;;;;
nt15145;TL;;;;
nt15146;TL;;;;
nt15147;TL;;;;
nt15148;TL;;;;
nt15149;TL;;;;
nt15150;TL;;;;
nt15151;TL;;;;
nt15152;TL;;;;
nt15153;TL;;;;
nt15154;TL;;;;
nt15155;TL;;;;
nt15156;TL;;;;
nt15157;TL;;;;
nt15158;TL;;;;
nt15159;TL;;;;
nt15160;TL;;;;
nt15161;TL;;;;
nt15162;TL;;;;
nt15163;TL;;;;
nt15164;TL;;;;
nt15165;TL;;;;
nt15166;TL;;;;
nt15167;TL;;;;
nt15168;TL;;;;
nt15169;TL;;;;
nt15170;TL;;;;
nt15171;TL;;;;
nt15172;TL;;;;
nt15173;TL;;;;
nt15174;TL;;;;
nt15175;TL;;;;
nt15176;TL;;;;
nt15177;TL;;;;
nt15178;TL;;;;
nt15179;TL;;;;
nt15180;TL;;;;
nt15181;TL;;;;
nt15182;TL;;;;
nt15183;TL;;;;
nt15184;TL;;;;
nt15185;TL;;;;
nt15186;TL;;;;
nt15187;TL;;;;
nt15188;TL;;;;
nt15189;TL;;;;
nt15190;TL;;;;
nt15191;TL;;;;
nt15192;TL;;;;
nt15193;TL;;;;
nt15194;TL;;;;
nt15195;TL;;;;
nt15196;TL;;;;
nt15197;TL;;;;
nt15198;TL;;;;
nt15199;TL;;;;
nt15200;TL;;;;
nt15201;TL;;;;
nt15202;TL;;;;
nt15203;TL;;;;
nt15204;TL;;;;
nt15205;TL;;;;
nt15206;TL;;;;
nt15207;TL;;;;
nt15208;TL;;;;
nt15209;TL;;;;
nt15210;TL;;;;
nt15211;TL;;;;
nt15212;TL;;;;
nt15213;TL;;;;
nt15214;TL;;;;
nt15215;TL;;;;
nt15216;TL;;;;
nt15217;TL;;;;
nt15218;TL;;;;
nt15219;TL;;;;
nt15220;TL;;;;
nt15221;TL;;;;
nt15222;TL;;;;
nt15223;TL;;;;
nt15224;TL;;;;
nt15225;TL;;;;
nt15226;TL;;;;
nt15227;TL;;;;
nt15228;TL;;;;
nt15229;TL;;;;
nt15230;TL;;;;
nt15231;TL;;;;
nt15232;TL;;;;
nt15233;TL;;;;
nt15234;TL;;;;
nt15235;TL;;;;
nt15236;TL;;;;
nt15237;TL;;;;
nt15238;TL;;;;
nt15239;TL;;;;
nt15240;TL;;;;
nt15241;TL;;;;
nt15242;TL;;;;
nt15243;TL;;;;
nt15244;TL;;;;
nt15245;TL;;;;
nt15246;TL;;;;
nt15247;TL;;;;
nt15248;TL;;;;
nt15249;TL;;;;
nt15250;TL;;;;
nt15251;TL;;;;
nt15252;TL;;;;
nt15253;TL;;;;
nt15254;TL;;;;
nt15255;TL;;;;
nt15256;TL;;;;
nt15257;TL;;;;
nt15258;TL;;;;
nt15259;TL;;;;
nt15260;TL;;;;
nt15261;TL;;;;
nt15262;TL;;;;
nt15263;TL;;;;
nt15264;TL;;;;
nt15265;TL;;;;
nt15266;TL;;;;
nt15267;TL;;;;
nt15268;TL;;;;
nt15269;TL;;;;
nt15270;TL;;;;
nt15271;TL;;;;
nt15272;TL;;;;
nt15273;TL;;;;
nt15274;TL;;;;
nt15275;TL;;;;
nt15276;TL;;;;
nt15277;TL;;;;
nt15278;TL;;;;
nt15279;TL;;;;
nt15280;TL;;;;
nt15281;TL;;;;
nt15282;TL;;;;
nt15283;TL;;;;
nt15284;TL;;;;
nt15285;TL;;;;
nt15286;TL;;;;
nt15287;TL;;;;
nt15288;TL;;;;
nt15289;TL;;;;
nt15290;TL;;;;
nt15291;TL;;;;
nt15292;TL;;;;
nt15293;TL;;;;
nt15294;TL;;;;
nt15295;TL;;;;
nt15296;TL;;;;
nt15297;TL;;;;
nt15298;TL;;;;
nt15299;TL;;;;
nt15300;TL;;;;
nt15301;TL;;;;
nt15302;TL;;;;
nt15303;TL;;;;
nt15304;TL;;;;
nt15305;TL;;;;
nt15306;TL;;;;
nt15307;TL;;;;
nt15308;TL;;;;
nt15309;TL;;;;
nt15310;TL;;;;
nt15311;TL;;;;
nt15312;TL;;;;
nt15313;TL;;;;
nt15314;TL;;;;
nt15315;TL;;;;
nt15316;TL;;;;
nt15317;TL;;;;
nt15318;TL;;;;
nt15319;TL;;;;
nt15320;TL;;;;
nt15321;TL;;;;
nt15322;TL;;;;
nt15323;TL;;;;
nt15324;TL;;;;
nt15325;TL;;;;
nt15326;TL;;;;
nt15327;TL;;;;
nt15328;TL;;;;
nt15329;TL;;;;
nt15330;TL;;;;
nt15331;TL;;;;
nt15332;TL;;;;
nt15333;TL;;;;
nt15334;TL;;;;
nt15335;TL;;;;
nt15336;TL;;;;
nt15337;TL;;;;
nt15338;TL;;;;
nt15339;TL;;;;
nt15340;TL;;;;
nt15341;TL;;;;
nt15342;TL;;;;
nt15343;TL;;;;
nt15344;TL;;;;
nt15345;TL;;;;
nt15346;TL;;;;
nt15347;TL;;;;
nt15348;TL;;;;
nt15349;TL;;;;
nt15350;TL;;;;
nt15351;TL;;;;
nt15352;TL;;;;
nt15353;TL;;;;
nt15354;TL;;;;
nt15355;TL;;;;
nt15356;TL;;;;
nt15357;TL;;;;
nt15358;TL;;;;
nt15359;TL;;;;
nt15360;TL;;;;
nt15361;TL;;;;
nt15362;TL;;;;
nt15363;TL;;;;
nt15364;TL;;;;
nt15365;TL;;;;
nt15366;TL;;;;
nt15367;TL;;;;
nt15368;TL;;;;
nt15369;TL;;;;
nt15370;TL;;;;
nt15371;TL;;;;
nt15372;TL;;;;
nt15373;TL;;;;
nt15374;TL;;;;
nt15375;TL;;;;
nt15376;TL;;;;
nt15377;TL;;;;
nt15378;TL;;;;
nt15379;TL;;;;
nt15380;TL;;;;
nt15381;TL;;;;
nt15382;TL;;;;
nt15383;TL;;;;
nt15384;TL;;;;
nt15385;TL;;;;
nt15386;TL;;;;
nt15387;TL;;;;
nt15388;TL;;;;
nt15389;TL;;;;
nt15390;TL;;;;
nt15391;TL;;;;
nt15392;TL;;;;
nt15393;TL;;;;
nt15394;TL;;;;
nt15395;TL;;;;
nt15396;TL;;;;
nt15397;TL;;;;
nt15398;TL;;;;
nt15399;TL;;;;
nt15400;TL;;;;
nt15401;TL;;;;
nt15402;TL;;;;
nt15403;TL;;;;
nt15404;TL;;;;
nt15405;TL;;;;
nt15406;TL;;;;
nt15407;TL;;;;
nt15408;TL;;;;
nt15409;TL;;;;
nt15410;TL;;;;
nt15411;TL;;;;
nt15412;TL;;;;
nt15413;TL;;;;
nt15414;TL;;;;
nt15415;TL;;;;
nt15416;TL;;;;
nt15417;TL;;;;
nt15418;TL;;;;
nt15419;TL;;;;
nt15420;TL;;;;
nt15421;TL;;;;
nt15422;TL;;;;
nt15423;TL;;;;
nt15424;TL;;;;
nt15425;TL;;;;
nt15426;TL;;;;
nt15427;TL;;;;
nt15428;TL;;;;
nt15429;TL;;;;
nt15430;TL;;;;
nt15431;TL;;;;
nt15432;TL;;;;
nt15433;TL;;;;
nt15434;TL;;;;
nt15435;TL;;;;
nt15436;TL;;;;
nt15437;TL;;;;
nt15438;TL;;;;
nt15439;TL;;;;
nt15440;TL;;;;
nt15441;TL;;;;
nt15442;TL;;;;
nt15443;TL;;;;
nt15444;TL;;;;
nt15445;TL;;;;
nt15446;TL;;;;
nt15447;TL;;;;
nt15448;TL;;;;
nt15449;TL;;;;
nt15450;TL;;;;
nt15451;TL;;;;
nt15452;TL;;;;
nt15453;TL;;;;
nt15454;TL;;;;
nt15455;TL;;;;
nt15456;TL;;;;
nt15457;TL;;;;
nt15458;TL;;;;
nt15459;TL;;;;
nt15460;TL;;;;
nt15461;TL;;;;
nt15462;TL;;;;
nt15463;TL;;;;
nt15464;TL;;;;
nt15465;TL;;;;
nt15466;TL;;;;
nt15467;TL;;;;
nt15468;TL;;;;
nt15469;TL;;;;
nt15470;TL;;;;
nt15471;TL;;;;
nt15472;TL;;;;
nt15473;TL;;;;
nt15474;TL;;;;
nt15475;TL;;;;
nt15476;TL;;;;
nt15477;TL;;;;
nt15478;TL;;;;
nt15479;TL;;;;
nt15480;TL;;;;
nt15481;TL;;;;
nt15482;TL;;;;
nt15483;TL;;;;
nt15484;TL;;;;
nt15485;TL;;;;
nt15486;TL;;;;
nt15487;TL;;;;
nt15488;TL;;;;
nt15489;TL;;;;
nt15490;TL;;;;
nt15491;TL;;;;
nt15492;TL;;;;
nt15493;TL;;;;
nt15494;TL;;;;
nt15495;TL;;;;
nt15496;TL;;;;
nt15497;TL;;;;
nt15498;TL;;;;
nt15499;TL;;;;
nt15500;TL;;;;
nt15501;TL;;;;
nt15502;TL;;;;
nt15503;TL;;;;
nt15504;TL;;;;
nt15505;TL;;;;
nt15506;TL;;;;
nt15507;TL;;;;
nt15508;TL;;;;
nt15509;TL;;;;
nt15510;TL;;;;
nt15511;TL;;;;
nt15512;TL;;;;
nt15513;TL;;;;
nt15514;TL;;;;
nt15515;TL;;;;
nt15516;TL;;;;
nt15517;TL;;;;
nt15518;TL;;;;
nt15519;TL;;;;
nt15520;TL;;;;
nt15521;TL;;;;
nt15522;TL;;;;
nt15523;TL;;;;
nt15524;TL;;;;
nt15525;TL;;;;
nt15526;TL;;;;
nt15527;TL;;;;
nt15528;TL;;;;
nt15529;TL;;;;
nt15530;TL;;;;
nt15531;TL;;;;
nt15532;TL;;;;
nt15533;TL;;;;
nt15534;TL;;;;
nt15535;TL;;;;
nt15536;TL;;;;
nt15537;TL;;;;
nt15538;TL;;;;
nt15539;TL;;;;
nt15540;TL;;;;
nt15541;TL;;;;
nt15542;TL;;;;
nt15543;TL;;;;
nt15544;TL;;;;
nt15545;TL;;;;
nt15546;TL;;;;
nt15547;TL;;;;
nt15548;TL;;;;
nt15549;TL;;;;
nt15550;TL;;;;
nt15551;TL;;;;
nt15552;TL;;;;
nt15553;TL;;;;
nt15554;TL;;;;
nt15555;TL;;;;
nt15556;TL;;;;
nt15557;TL;;;;
nt15558;TL;;;;
nt15559;TL;;;;
nt15560;TL;;;;
nt15561;TL;;;;
nt15562;TL;;;;
nt15563;TL;;;;
nt15564;TL;;;;
nt15565;TL;;;;
nt15566;TL;;;;
nt15567;TL;;;;
nt15568;TL;;;;
nt15569;TL;;;;
nt15570;TL;;;;
nt15571;TL;;;;
nt15572;TL;;;;
nt15573;TL;;;;
nt15574;TL;;;;
nt15575;TL;;;;
nt15576;TL;;;;
nt15577;TL;;;;
nt15578;TL;;;;
nt15579;TL;;;;
nt15580;TL;;;;
nt15581;TL;;;;
nt15582;TL;;;;
nt15583;TL;;;;
nt15584;TL;;;;
nt15585;TL;;;;
nt15586;TL;;;;
nt15587;TL;;;;
nt15588;TL;;;;
nt15589;TL;;;;
nt15590;TL;;;;
nt15591;TL;;;;
nt15592;TL;;;;
nt15593;TL;;;;
nt15594;TL;;;;
nt15595;TL;;;;
nt15596;TL;;;;
nt15597;TL;;;;
nt15598;TL;;;;
nt15599;TL;;;;
nt15600;TL;;;;
nt15601;TL;;;;
nt15602;TL;;;;
nt15603;TL;;;;
nt15604;TL;;;;
nt15605;TL;;;;
nt15606;TL;;;;
nt15607;TL;;;;
nt15608;TL;;;;
nt15609;TL;;;;
nt15610;TL;;;;
nt15611;TL;;;;
nt15612;TL;;;;
nt15613;TL;;;;
nt15614;TL;;;;
nt15615;TL;;;;
nt15616;TL;;;;
nt15617;TL;;;;
nt15618;TL;;;;
nt15619;TL;;;;
nt15620;TL;;;;
nt15621;TL;;;;
nt15622;TL;;;;
nt15623;TL;;;;
nt15624;TL;;;;
nt15625;TL;;;;
nt15626;TL;;;;
nt15627;TL;;;;
nt15628;TL;;;;
nt15629;TL;;;;
nt15630;TL;;;;
nt15631;TL;;;;
nt15632;TL;;;;
nt15633;TL;;;;
nt15634;TL;;;;
nt15635;TL;;;;
nt15636;TL;;;;
nt15637;TL;;;;
nt15638;TL;;;;
nt15639;TL;;;;
nt15640;TL;;;;
nt15641;TL;;;;
nt15642;TL;;;;
nt15643;TL;;;;
nt15644;TL;;;;
nt15645;TL;;;;
nt15646;TL;;;;
nt15647;TL;;;;
nt15648;TL;;;;
nt15649;TL;;;;
nt15650;TL;;;;
nt15651;TL;;;;
nt15652;TL;;;;
nt15653;TL;;;;
nt15654;TL;;;;
nt15655;TL;;;;
nt15656;TL;;;;
nt15657;TL;;;;
nt15658;TL;;;;
nt15659;TL;;;;
nt15660;TL;;;;
nt15661;TL;;;;
nt15662;TL;;;;
nt15663;TL;;;;
nt15664;TL;;;;
nt15665;TL;;;;
nt15666;TL;;;;
nt15667;TL;;;;
nt15668;TL;;;;
nt15669;TL;;;;
nt15670;TL;;;;
nt15671;TL;;;;
nt15672;TL;;;;
nt15673;TL;;;;
nt15674;TL;;;;
nt15675;TL;;;;
nt15676;TL;;;;
nt15677;TL;;;;
nt15678;TL;;;;
nt15679;TL;;;;
nt15680;TL;;;;
nt15681;TL;;;;
nt15682;TL;;;;
nt15683;TL;;;;
nt15684;TL;;;;
nt15685;TL;;;;
nt15686;TL;;;;
nt15687;TL;;;;
nt15688;TL;;;;
nt15689;TL;;;;
nt15690;TL;;;;
nt15691;TL;;;;
nt15692;TL;;;;
nt15693;TL;;;;
nt15694;TL;;;;
nt15695;TL;;;;
nt15696;TL;;;;
nt15697;TL;;;;
nt15698;TL;;;;
nt15699;TL;;;;
nt15700;TL;;;;
nt15701;TL;;;;
nt15702;TL;;;;
nt15703;TL;;;;
nt15704;TL;;;;
nt15705;TL;;;;
nt15706;TL;;;;
nt15707;TL;;;;
nt15708;TL;;;;
nt15709;TL;;;;
nt15710;TL;;;;
nt15711;TL;;;;
nt15712;TL;;;;
nt15713;TL;;;;
nt15714;TL;;;;
nt15715;TL;;;;
nt15716;TL;;;;
nt15717;TL;;;;
nt15718;TL;;;;
nt15719;TL;;;;
nt15720;TL;;;;
nt15721;TL;;;;
nt15722;TL;;;;
nt15723;TL;;;;
nt15724;TL;;;;
nt15725;TL;;;;
nt15726;TL;;;;
nt15727;TL;;;;
nt15728;TL;;;;
nt15729;TL;;;;
nt15730;TL;;;;
nt15731;TL;;;;
nt15732;TL;;;;
nt15733;TL;;;;
nt15734;TL;;;;
nt15735;TL;;;;
nt15736;TL;;;;
nt15737;TL;;;;
nt15738;TL;;;;
nt15739;TL;;;;
nt15740;TL;;;;
nt15741;TL;;;;
nt15742;TL;;;;
nt15743;TL;;;;
nt15744;TL;;;;
nt15745;TL;;;;
nt15746;TL;;;;
nt15747;TL;;;;
nt15748;TL;;;;
nt15749;TL;;;;
nt15750;TL;;;;
nt15751;TL;;;;
nt15752;TL;;;;
nt15753;TL;;;;
nt15754;TL;;;;
nt15755;TL;;;;
nt15756;TL;;;;
nt15757;TL;;;;
nt15758;TL;;;;
nt15759;TL;;;;
nt15760;TL;;;;
nt15761;TL;;;;
nt15762;TL;;;;
nt15763;TL;;;;
nt15764;TL;;;;
nt15765;TL;;;;
nt15766;TL;;;;
nt15767;TL;;;;
nt15768;TL;;;;
nt15769;TL;;;;
nt15770;TL;;;;
nt15771;TL;;;;
nt15772;TL;;;;
nt15773;TL;;;;
nt15774;TL;;;;
nt15775;TL;;;;
nt15776;TL;;;;
nt15777;TL;;;;
nt15778;TL;;;;
nt15779;TL;;;;
nt15780;TL;;;;
nt15781;TL;;;;
nt15782;TL;;;;
nt15783;TL;;;;
nt15784;TL;;;;
nt15785;TL;;;;
nt15786;TL;;;;
nt15787;TL;;;;
nt15788;TL;;;;
nt15789;TL;;;;
nt15790;TL;;;;
nt15791;TL;;;;
nt15792;TL;;;;
nt15793;TL;;;;
nt15794;TL;;;;
nt15795;TL;;;;
nt15796;TL;;;;
nt15797;TL;;;;
nt15798;TL;;;;
nt15799;TL;;;;
nt15800;TL;;;;
nt15801;TL;;;;
nt15802;TL;;;;
nt15803;TL;;;;
nt15804;TL;;;;
nt15805;TL;;;;
nt15806;TL;;;;
nt15807;TL;;;;
nt15808;TL;;;;
nt15809;TL;;;;
nt15810;TL;;;;
nt15811;TL;;;;
nt15812;TL;;;;
nt15813;TL;;;;
nt15814;TL;;;;
nt15815;TL;;;;
nt15816;TL;;;;
nt15817;TL;;;;
nt15818;TL;;;;
nt15819;TL;;;;
nt15820;TL;;;;
nt15821;TL;;;;
nt15822;TL;;;;
nt15823;TL;;;;
nt15824;TL;;;;
nt15825;TL;;;;
nt15826;TL;;;;
nt15827;TL;;;;
nt15828;TL;;;;
nt15829;TL;;;;
nt15830;TL;;;;
nt15831;TL;;;;
nt15832;TL;;;;
nt15833;TL;;;;
nt15834;TL;;;;
nt15835;TL;;;;
nt15836;TL;;;;
nt15837;TL;;;;
nt15838;TL;;;;
nt15839;TL;;;;
nt15840;TL;;;;
nt15841;TL;;;;
nt15842;TL;;;;
nt15843;TL;;;;
nt15844;TL;;;;
nt15845;TL;;;;
nt15846;TL;;;;
nt15847;TL;;;;
nt15848;TL;;;;
nt15849;TL;;;;
nt15850;TL;;;;
nt15851;TL;;;;
nt15852;TL;;;;
nt15853;TL;;;;
nt15854;TL;;;;
nt15855;TL;;;;
nt15856;TL;;;;
nt15857;TL;;;;
nt15858;TL;;;;
nt15859;TL;;;;
nt15860;TL;;;;
nt15861;TL;;;;
nt15862;TL;;;;
nt15863;TL;;;;
nt15864;TL;;;;
nt15865;TL;;;;
nt15866;TL;;;;
nt15867;TL;;;;
nt15868;TL;;;;
nt15869;TL;;;;
nt15870;TL;;;;
nt15871;TL;;;;
nt15872;TL;;;;
nt15873;TL;;;;
nt15874;TL;;;;
nt15875;TL;;;;
nt15876;TL;;;;
nt15877;TL;;;;
nt15878;TL;;;;
nt15879;TL;;;;
nt15880;TL;;;;
nt15881;TL;;;;
nt15882;TL;;;;
nt15883;TL;;;;
nt15884;TL;;;;
nt15885;TL;;;;
nt15886;TL;;;;
nt15887;TL;;;;
nt15888;TL;;;;
nt15889;TL;;;;
nt15890;TL;;;;
nt15891;TL;;;;
nt15892;TL;;;;
nt15893;TL;;;;
nt15894;TL;;;;
nt15895;TL;;;;
nt15896;TL;;;;
nt15897;TL;;;;
nt15898;TL;;;;
nt15899;TL;;;;
nt15900;TL;;;;
nt15901;TL;;;;
nt15902;TL;;;;
nt15903;TL;;;;
nt15904;TL;;;;
nt15905;TL;;;;
nt15906;TL;;;;
nt15907;TL;;;;
nt15908;TL;;;;
nt15909;TL;;;;
nt15910;TL;;;;
nt15911;TL;;;;
nt15912;TL;;;;
nt15913;TL;;;;
nt15914;TL;;;;
nt15915;TL;;;;
nt15916;TL;;;;
nt15917;TL;;;;
nt15918;TL;;;;
nt15919;TL;;;;
nt15920;TL;;;;
nt15921;TL;;;;
nt15922;TL;;;;
nt15923;TL;;;;
nt15924;TL;;;;
nt15925;TL;;;;
nt15926;TL;;;;
nt15927;TL;;;;
nt15928;TL;;;;
nt15929;TL;;;;
nt15930;TL;;;;
nt15931;TL;;;;
nt15932;TL;;;;
nt15933;TL;;;;
nt15934;TL;;;;
nt15935;TL;;;;
nt15936;TL;;;;
nt15937;TL;;;;
nt15938;TL;;;;
nt15939;TL;;;;
nt15940;TL;;;;
nt15941;TL;;;;
nt15942;TL;;;;
nt15943;TL;;;;
nt15944;TL;;;;
nt15945;TL;;;;
nt15946;TL;;;;
nt15947;TL;;;;
nt15948;TL;;;;
nt15949;TL;;;;
nt15950;TL;;;;
nt15951;TL;;;;
nt15952;TL;;;;
nt15953;TL;;;;
nt15954;TL;;;;
nt15955;TL;;;;
nt15956;TL;;;;
nt15957;TL;;;;
nt15958;TL;;;;
nt15959;TL;;;;
nt15960;TL;;;;
nt15961;TL;;;;
nt15962;TL;;;;
nt15963;TL;;;;
nt15964;TL;;;;
nt15965;TL;;;;
nt15966;TL;;;;
nt15967;TL;;;;
nt15968;TL;;;;
nt15969;TL;;;;
nt15970;TL;;;;
nt15971;TL;;;;
nt15972;TL;;;;
nt15973;TL;;;;
nt15974;TL;;;;
nt15975;TL;;;;
nt15976;TL;;;;
nt15977;TL;;;;
nt15978;TL;;;;
nt15979;TL;;;;
nt15980;TL;;;;
nt15981;TL;;;;
nt15982;TL;;;;
nt15983;TL;;;;
nt15984;TL;;;;
nt15985;TL;;;;
nt15986;TL;;;;
nt15987;TL;;;;
nt15988;TL;;;;
nt15989;TL;;;;
nt15990;TL;;;;
nt15991;TL;;;;
nt15992;TL;;;;
nt15993;TL;;;;
nt15994;TL;;;;
nt15995;TL;;;;
nt15996;TL;;;;
nt15997;TL;;;;
nt15998;TL;;;;
nt15999;TL;;;;
nt16000;TL;;;;
nt16001;TL;;;;
nt16002;TL;;;;
nt16003;TL;;;;
nt16004;TL;;;;
nt16005;TL;;;;
nt16006;TL;;;;
nt16007;TL;;;;
nt16008;TL;;;;
nt16009;TL;;;;
nt16010;TL;;;;
nt16011;TL;;;;
nt16012;TL;;;;
nt16013;TL;;;;
nt16014;TL;;;;
nt16015;TL;;;;
nt16016;TL;;;;
nt16017;TL;;;;
nt16018;TL;;;;
nt16019;TL;;;;
nt16020;TL;;;;
nt16021;TL;;;;
nt16022;TL;;;;
nt16023;TL;;;;
nt16024;TL;;;;
nt16025;TL;;;;
nt16026;TL;;;;
nt16027;TL;;;;
nt16028;TL;;;;
nt16029;TL;;;;
nt16030;TL;;;;
nt16031;TL;;;;
nt16032;TL;;;;
nt16033;TL;;;;
nt16034;TL;;;;
nt16035;TL;;;;
nt16036;TL;;;;
nt16037;TL;;;;
nt16038;TL;;;;
nt16039;TL;;;;
nt16040;TL;;;;
nt16041;TL;;;;
nt16042;TL;;;;
nt16043;TL;;;;
nt16044;TL;;;;
nt16045;TL;;;;
nt16046;TL;;;;
nt16047;TL;;;;
nt16048;TL;;;;
nt16049;TL;;;;
nt16050;TL;;;;
nt16051;TL;;;;
nt16052;TL;;;;
nt16053;TL;;;;
nt16054;TL;;;;
nt16055;TL;;;;
nt16056;TL;;;;
nt16057;TL;;;;
nt16058;TL;;;;
nt16059;TL;;;;
nt16060;TL;;;;
nt16061;TL;;;;
nt16062;TL;;;;
nt16063;TL;;;;
nt16064;TL;;;;
nt16065;TL;;;;
nt16066;TL;;;;
nt16067;TL;;;;
nt16068;TL;;;;
nt16069;TL;;;;
nt16070;TL;;;;
nt16071;TL;;;;
nt16072;TL;;;;
nt16073;TL;;;;
nt16074;TL;;;;
nt16075;TL;;;;
nt16076;TL;;;;
nt16077;TL;;;;
nt16078;TL;;;;
nt16079;TL;;;;
nt16080;TL;;;;
nt16081;TL;;;;
nt16082;TL;;;;
nt16083;TL;;;;
nt16084;TL;;;;
nt16085;TL;;;;
nt16086;TL;;;;
nt16087;TL;;;;
nt16088;TL;;;;
nt16089;TL;;;;
nt16090;TL;;;;
nt16091;TL;;;;
nt16092;TL;;;;
nt16093;TL;;;;
nt16094;TL;;;;
nt16095;TL;;;;
nt16096;TL;;;;
nt16097;TL;;;;
nt16098;TL;;;;
nt16099;TL;;;;
nt16100;TL;;;;
nt16101;TL;;;;
nt16102;TL;;;;
nt16103;TL;;;;
nt16104;TL;;;;
nt16105;TL;;;;
nt16106;TL;;;;
nt16107;TL;;;;
nt16108;TL;;;;
nt16109;TL;;;;
nt16110;TL;;;;
nt16111;TL;;;;
nt16112;TL;;;;
nt16113;TL;;;;
nt16114;TL;;;;
nt16115;TL;;;;
nt16116;TL;;;;
nt16117;TL;;;;
nt16118;TL;;;;
nt16119;TL;;;;
nt16120;TL;;;;
nt16121;TL;;;;
nt16122;TL;;;;
nt16123;TL;;;;
nt16124;TL;;;;
nt16125;TL;;;;
nt16126;TL;;;;
nt16127;TL;;;;
nt16128;TL;;;;
nt16129;TL;;;;
nt16130;TL;;;;
nt16131;TL;;;;
nt16132;TL;;;;
nt16133;TL;;;;
nt16134;TL;;;;
nt16135;TL;;;;
nt16136;TL;;;;
nt16137;TL;;;;
nt16138;TL;;;;
nt16139;TL;;;;
nt16140;TL;;;;
nt16141;TL;;;;
nt16142;TL;;;;
nt16143;TL;;;;
nt16144;TL;;;;
nt16145;TL;;;;
nt16146;TL;;;;
nt16147;TL;;;;
nt16148;TL;;;;
nt16149;TL;;;;
nt16150;TL;;;;
nt16151;TL;;;;
nt16152;TL;;;;
nt16153;TL;;;;
nt16154;TL;;;;
nt16155;TL;;;;
nt16156;TL;;;;
nt16157;TL;;;;
nt16158;TL;;;;
nt16159;TL;;;;
nt16160;TL;;;;
nt16161;TL;;;;
nt16162;TL;;;;
nt16163;TL;;;;
nt16164;TL;;;;
nt16165;TL;;;;
nt16166;TL;;;;
nt16167;TL;;;;
nt16168;TL;;;;
nt16169;TL;;;;
nt16170;TL;;;;
nt16171;TL;;;;
nt16172;TL;;;;
nt16173;TL;;;;
nt16174;TL;;;;
nt16175;TL;;;;
nt16176;TL;;;;
nt16177;TL;;;;
nt16178;TL;;;;
nt16179;TL;;;;
nt16180;TL;;;;
nt16181;TL;;;;
nt16182;TL;;;;
nt16183;TL;;;;
nt16184;TL;;;;
nt16185;TL;;;;
nt16186;TL;;;;
nt16187;TL;;;;
nt16188;TL;;;;
nt16189;TL;;;;
nt16190;TL;;;;
nt16191;TL;;;;
nt16192;TL;;;;
nt16193;TL;;;;
nt16194;TL;;;;
nt16195;TL;;;;
nt16196;TL;;;;
nt16197;TL;;;;
nt16198;TL;;;;
nt16199;TL;;;;
nt16200;TL;;;;
nt16201;TL;;;;
nt16202;TL;;;;
nt16203;TL;;;;
nt16204;TL;;;;
nt16205;TL;;;;
nt16206;TL;;;;
nt16207;TL;;;;
nt16208;TL;;;;
nt16209;TL;;;;
nt16210;TL;;;;
nt16211;TL;;;;
nt16212;TL;;;;
nt16213;TL;;;;
nt16214;TL;;;;
nt16215;TL;;;;
nt16216;TL;;;;
nt16217;TL;;;;
nt16218;TL;;;;
nt16219;TL;;;;
nt16220;TL;;;;
nt16221;TL;;;;
nt16222;TL;;;;
nt16223;TL;;;;
nt16224;TL;;;;
nt16225;TL;;;;
nt16226;TL;;;;
nt16227;TL;;;;
nt16228;TL;;;;
nt16229;TL;;;;
nt16230;TL;;;;
nt16231;TL;;;;
nt16232;TL;;;;
nt16233;TL;;;;
nt16234;TL;;;;
nt16235;TL;;;;
nt16236;TL;;;;
nt16237;TL;;;;
nt16238;TL;;;;
nt16239;TL;;;;
nt16240;TL;;;;
nt16241;TL;;;;
nt16242;TL;;;;
nt16243;TL;;;;
nt16244;TL;;;;
nt16245;TL;;;;
nt16246;TL;;;;
nt16247;TL;;;;
nt16248;TL;;;;
nt16249;TL;;;;
nt16250;TL;;;;
nt16251;TL;;;;
nt16252;TL;;;;
nt16253;TL;;;;
nt16254;TL;;;;
nt16255;TL;;;;
nt16256;TL;;;;
nt16257;TL;;;;
nt16258;TL;;;;
nt16259;TL;;;;
nt16260;TL;;;;
nt16261;TL;;;;
nt16262;TL;;;;
nt16263;TL;;;;
nt16264;TL;;;;
nt16265;TL;;;;
nt16266;TL;;;;
nt16267;TL;;;;
nt16268;TL;;;;
nt16269;TL;;;;
nt16270;TL;;;;
nt16271;TL;;;;
nt16272;TL;;;;
nt16273;TL;;;;
nt16274;TL;;;;
nt16275;TL;;;;
nt16276;TL;;;;
nt16277;TL;;;;
nt16278;TL;;;;
nt16279;TL;;;;
nt16280;TL;;;;
nt16281;TL;;;;
nt16282;TL;;;;
nt16283;TL;;;;
nt16284;TL;;;;
nt16285;TL;;;;
nt16286;TL;;;;
nt16287;TL;;;;
nt16288;TL;;;;
nt16289;TL;;;;
nt16290;TL;;;;
nt16291;TL;;;;
nt16292;TL;;;;
nt16293;TL;;;;
nt16294;TL;;;;
nt16295;TL;;;;
nt16296;TL;;;;
nt16297;TL;;;;
nt16298;TL;;;;
nt16299;TL;;;;
nt16300;TL;;;;
nt16301;TL;;;;
nt16302;TL;;;;
nt16303;TL;;;;
nt16304;TL;;;;
nt16305;TL;;;;
nt16306;TL;;;;
nt16307;TL;;;;
nt16308;TL;;;;
nt16309;TL;;;;
nt16310;TL;;;;
nt16311;TL;;;;
nt16312;TL;;;;
nt16313;TL;;;;
nt16314;TL;;;;
nt16315;TL;;;;
nt16316;TL;;;;
nt16317;TL;;;;
nt16318;TL;;;;
nt16319;TL;;;;
nt16320;TL;;;;
nt16321;TL;;;;
nt16322;TL;;;;
nt16323;TL;;;;
nt16324;TL;;;;
nt16325;TL;;;;
nt16326;TL;;;;
nt16327;TL;;;;
nt16328;TL;;;;
nt16329;TL;;;;
nt16330;TL;;;;
nt16331;TL;;;;
nt16332;TL;;;;
nt16333;TL;;;;
nt16334;TL;;;;
nt16335;TL;;;;
nt16336;TL;;;;
nt16337;TL;;;;
nt16338;TL;;;;
nt16339;TL;;;;
nt16340;TL;;;;
nt16341;TL;;;;
nt16342;TL;;;;
nt16343;TL;;;;
nt16344;TL;;;;
nt16345;TL;;;;
nt16346;TL;;;;
nt16347;TL;;;;
nt16348;TL;;;;
nt16349;TL;;;;
nt16350;TL;;;;
nt16351;TL;;;;
nt16352;TL;;;;
nt16353;TL;;;;
nt16354;TL;;;;
nt16355;TL;;;;
nt16356;TL;;;;
nt16357;TL;;;;
nt16358;TL;;;;
nt16359;TL;;;;
nt16360;TL;;;;
nt16361;TL;;;;
nt16362;TL;;;;
nt16363;TL;;;;
nt16364;TL;;;;
nt16365;TL;;;;
nt16366;TL;;;;
nt16367;TL;;;;
nt16368;TL;;;;
nt16369;TL;;;;
nt16370;TL;;;;
nt16371;TL;;;;
nt16372;TL;;;;
nt16373;TL;;;;
nt16374;TL;;;;
nt16375;TL;;;;
nt16376;TL;;;;
nt16377;TL;;;;
nt16378;TL;;;;
nt16379;TL;;;;
nt16380;TL;;;;
nt16381;TL;;;;
nt16382;TL;;;;
nt16383;TL;;;;
nt16384;TL;;;;
nt16385;TL;;;;
nt16386;TL;;;;
nt16387;TL;;;;
nt16388;TL;;;;
nt16389;TL;;;;
nt16390;TL;;;;
nt16391;TL;;;;
nt16392;TL;;;;
nt16393;TL;;;;
nt16394;TL;;;;
nt16395;TL;;;;
nt16396;TL;;;;
nt16397;TL;;;;
nt16398;TL;;;;
nt16399;TL;;;;
nt16400;TL;;;;
nt16401;TL;;;;
nt16402;TL;;;;
nt16403;TL;;;;
nt16404;TL;;;;
nt16405;TL;;;;
nt16406;TL;;;;
nt16407;TL;;;;
nt16408;TL;;;;
nt16409;TL;;;;
nt16410;TL;;;;
nt16411;TL;;;;
nt16412;TL;;;;
nt16413;TL;;;;
nt16414;TL;;;;
nt16415;TL;;;;
nt16416;TL;;;;
nt16417;TL;;;;
nt16418;TL;;;;
nt16419;TL;;;;
nt16420;TL;;;;
nt16421;TL;;;;
nt16422;TL;;;;
nt16423;TL;;;;
nt16424;TL;;;;
nt16425;TL;;;;
nt16426;TL;;;;
nt16427;TL;;;;
nt16428;TL;;;;
nt16429;TL;;;;
nt16430;TL;;;;
nt16431;TL;;;;
nt16432;TL;;;;
nt16433;TL;;;;
nt16434;TL;;;;
nt16435;TL;;;;
nt16436;TL;;;;
nt16437;TL;;;;
nt16438;TL;;;;
nt16439;TL;;;;
nt16440;TL;;;;
nt16441;TL;;;;
nt16442;TL;;;;
nt16443;TL;;;;
nt16444;TL;;;;
nt16445;TL;;;;
nt16446;TL;;;;
nt16447;TL;;;;
nt16448;TL;;;;
nt16449;TL;;;;
nt16450;TL;;;;
nt16451;TL;;;;
nt16452;TL;;;;
nt16453;TL;;;;
nt16454;TL;;;;
nt16455;TL;;;;
nt16456;TL;;;;
nt16457;TL;;;;
nt16458;TL;;;;
nt16459;TL;;;;
nt16460;TL;;;;
nt16461;TL;;;;
nt16462;TL;;;;
nt16463;TL;;;;
nt16464;TL;;;;
nt16465;TL;;;;
nt16466;TL;;;;
nt16467;TL;;;;
nt16468;TL;;;;
nt16469;TL;;;;
nt16470;TL;;;;
nt16471;TL;;;;
nt16472;TL;;;;
nt16473;TL;;;;
nt16474;TL;;;;
nt16475;TL;;;;
nt16476;TL;;;;
nt16477;TL;;;;
nt16478;TL;;;;
nt16479;TL;;;;
nt16480;TL;;;;
nt16481;TL;;;;
nt16482;TL;;;;
nt16483;TL;;;;
nt16484;TL;;;;
nt16485;TL;;;;
nt16486;TL;;;;
nt16487;TL;;;;
nt16488;TL;;;;
nt16489;TL;;;;
nt16490;TL;;;;
nt16491;TL;;;;
nt16492;TL;;;;
nt16493;TL;;;;
nt16494;TL;;;;
nt16495;TL;;;;
nt16496;TL;;;;
nt16497;TL;;;;
nt16498;TL;;;;
nt16499;TL;;;;
nt16500;TL;;;;
nt16501;TL;;;;
nt16502;TL;;;;
nt16503;TL;;;;
nt16504;TL;;;;
nt16505;TL;;;;
nt16506;TL;;;;
nt16507;TL;;;;
nt16508;TL;;;;
nt16509;TL;;;;
nt16510;TL;;;;
nt16511;TL;;;;
nt16512;TL;;;;
nt16513;TL;;;;
nt16514;TL;;;;
nt16515;TL;;;;
nt16516;TL;;;;
nt16517;TL;;;;
nt16518;TL;;;;
nt16519;TL;;;;
nt16520;TL;;;;
nt16521;TL;;;;
nt16522;TL;;;;
nt16523;TL;;;;
nt16524;TL;;;;
nt16525;TL;;;;
nt16526;TL;;;;
nt16527;TL;;;;
nt16528;TL;;;;
nt16529;TL;;;;
nt16530;TL;;;;
nt16531;TL;;;;
nt16532;TL;;;;
nt16533;TL;;;;
nt16534;TL;;;;
nt16535;TL;;;;
nt16536;TL;;;;
nt16537;TL;;;;
nt16538;TL;;;;
nt16539;TL;;;;
nt16540;TL;;;;
nt16541;TL;;;;
nt16542;TL;;;;
nt16543;TL;;;;
nt16544;TL;;;;
nt16545;TL;;;;
nt16546;TL;;;;
nt16547;TL;;;;
nt16548;TL;;;;
nt16549;TL;;;;
nt16550;TL;;;;
nt16551;TL;;;;
nt16552;TL;;;;
nt16553;TL;;;;
nt16554;TL;;;;
nt16555;TL;;;;
nt16556;TL;;;;
nt16557;TL;;;;
nt16558;TL;;;;
nt16559;TL;;;;
nt16560;TL;;;;
nt16561;TL;;;;
nt16562;TL;;;;
nt16563;TL;;;;
nt16564;TL;;;;
nt16565;TL;;;;
nt16566;TL;;;;
nt16567;TL;;;;
nt16568;TL;;;;
nt16569;TL;;;;
nt16570;TL;;;;
nt16571;TL;;;;
nt16572;TL;;;;
nt16573;TL;;;;
nt16574;TL;;;;
nt16575;TL;;;;
nt16576;TL;;;;
nt16577;TL;;;;
nt16578;TL;;;;
nt16579;TL;;;;
nt16580;TL;;;;
nt16581;TL;;;;
nt16582;TL;;;;
nt16583;TL;;;;
nt16584;TL;;;;
nt16585;TL;;;;
nt16586;TL;;;;
nt16587;TL;;;;
nt16588;TL;;;;
nt16589;TL;;;;
nt16590;TL;;;;
nt16591;TL;;;;
nt16592;TL;;;;
nt16593;TL;;;;
nt16594;TL;;;;
nt16595;TL;;;;
nt16596;TL;;;;
nt16597;TL;;;;
nt16598;TL;;;;
nt16599;TL;;;;
nt16600;TL;;;;
nt16601;TL;;;;
nt16602;TL;;;;
nt16603;TL;;;;
nt16604;TL;;;;
nt16605;TL;;;;
nt16606;TL;;;;
nt16607;TL;;;;
nt16608;TL;;;;
nt16609;TL;;;;
nt16610;TL;;;;
nt16611;TL;;;;
nt16612;TL;;;;
nt16613;TL;;;;
nt16614;TL;;;;
nt16615;TL;;;;
nt16616;TL;;;;
nt16617;TL;;;;
nt16618;TL;;;;
nt16619;TL;;;;
nt16620;TL;;;;
nt16621;TL;;;;
nt16622;TL;;;;
nt16623;TL;;;;
nt16624;TL;;;;
nt16625;TL;;;;
nt16626;TL;;;;
nt16627;TL;;;;
nt16628;TL;;;;
nt16629;TL;;;;
nt16630;TL;;;;
nt16631;TL;;;;
nt16632;TL;;;;
nt16633;TL;;;;
nt16634;TL;;;;
nt16635;TL;;;;
nt16636;TL;;;;
nt16637;TL;;;;
nt16638;TL;;;;
nt16639;TL;;;;
nt16640;TL;;;;
nt16641;TL;;;;
nt16642;TL;;;;
nt16643;TL;;;;
nt16644;TL;;;;
nt16645;TL;;;;
nt16646;TL;;;;
nt16647;TL;;;;
nt16648;TL;;;;
nt16649;TL;;;;
nt16650;TL;;;;
nt16651;TL;;;;
nt16652;TL;;;;
nt16653;TL;;;;
nt16654;TL;;;;
nt16655;TL;;;;
nt16656;TL;;;;
nt16657;TL;;;;
nt16658;TL;;;;
nt16659;TL;;;;
nt16660;TL;;;;
nt16661;TL;;;;
nt16662;TL;;;;
nt16663;TL;;;;
nt16664;TL;;;;
nt16665;TL;;;;
nt16666;TL;;;;
nt16667;TL;;;;
nt16668;TL;;;;
nt16669;TL;;;;
nt16670;TL;;;;
nt16671;TL;;;;
nt16672;TL;;;;
nt16673;TL;;;;
nt16674;TL;;;;
nt16675;TL;;;;
nt16676;TL;;;;
nt16677;TL;;;;
nt16678;TL;;;;
nt16679;TL;;;;
nt16680;TL;;;;
nt16681;TL;;;;
nt16682;TL;;;;
nt16683;TL;;;;
nt16684;TL;;;;
nt16685;TL;;;;
nt16686;TL;;;;
nt16687;TL;;;;
nt16688;TL;;;;
nt16689;TL;;;;
nt16690;TL;;;;
nt16691;TL;;;;
nt16692;TL;;;;
nt16693;TL;;;;
nt16694;TL;;;;
nt16695;TL;;;;
nt16696;TL;;;;
nt16697;TL;;;;
nt16698;TL;;;;
nt16699;TL;;;;
nt16700;TL;;;;
nt16701;TL;;;;
nt16702;TL;;;;
nt16703;TL;;;;
nt16704;TL;;;;
nt16705;TL;;;;
nt16706;TL;;;;
nt16707;TL;;;;
nt16708;TL;;;;
nt16709;TL;;;;
nt16710;TL;;;;
nt16711;TL;;;;
nt16712;TL;;;;
nt16713;TL;;;;
nt16714;TL;;;;
nt16715;TL;;;;
nt16716;TL;;;;
nt16717;TL;;;;
nt16718;TL;;;;
nt16719;TL;;;;
nt16720;TL;;;;
nt16721;TL;;;;
nt16722;TL;;;;
nt16723;TL;;;;
nt16724;TL;;;;
nt16725;TL;;;;
nt16726;TL;;;;
nt16727;TL;;;;
nt16728;TL;;;;
nt16729;TL;;;;
nt16730;TL;;;;
nt16731;TL;;;;
nt16732;TL;;;;
nt16733;TL;;;;
nt16734;TL;;;;
nt16735;TL;;;;
nt16736;TL;;;;
nt16737;TL;;;;
nt16738;TL;;;;
nt16739;TL;;;;
nt16740;TL;;;;
nt16741;TL;;;;
nt16742;TL;;;;
nt16743;TL;;;;
nt16744;TL;;;;
nt16745;TL;;;;
nt16746;TL;;;;
nt16747;TL;;;;
nt16748;TL;;;;
nt16749;TL;;;;
nt16750;TL;;;;
nt16751;TL;;;;
nt16752;TL;;;;
nt16753;TL;;;;
nt16754;TL;;;;
nt16755;TL;;;;
nt16756;TL;;;;
nt16757;TL;;;;
nt16758;TL;;;;
nt16759;TL;;;;
nt16760;TL;;;;
nt16761;TL;;;;
nt16762;TL;;;;
nt16763;TL;;;;
nt16764;TL;;;;
nt16765;TL;;;;
nt16766;TL;;;;
nt16767;TL;;;;
nt16768;TL;;;;
nt16769;TL;;;;
nt16770;TL;;;;
nt16771;TL;;;;
nt16772;TL;;;;
nt16773;TL;;;;
nt16774;TL;;;;
nt16775;TL;;;;
nt16776;TL;;;;
nt16777;TL;;;;
nt16778;TL;;;;
nt16779;TL;;;;
nt16780;TL;;;;
nt16781;TL;;;;
nt16782;TL;;;;
nt16783;TL;;;;
nt16784;TL;;;;
nt16785;TL;;;;
nt16786;TL;;;;
nt16787;TL;;;;
nt16788;TL;;;;
nt16789;TL;;;;
nt16790;TL;;;;
nt16791;TL;;;;
nt16792;TL;;;;
nt16793;TL;;;;
nt16794;TL;;;;
nt16795;TL;;;;
nt16796;TL;;;;
nt16797;TL;;;;
nt16798;TL;;;;
nt16799;TL;;;;
nt16800;TL;;;;
nt16801;TL;;;;
nt16802;TL;;;;
nt16803;TL;;;;
nt16804;TL;;;;
nt16805;TL;;;;
nt16806;TL;;;;
nt16807;TL;;;;
nt16808;TL;;;;
nt16809;TL;;;;
nt16810;TL;;;;
nt16811;TL;;;;
nt16812;TL;;;;
nt16813;TL;;;;
nt16814;TL;;;;
nt16815;TL;;;;
nt16816;TL;;;;
nt16817;TL;;;;
nt16818;TL;;;;
nt16819;TL;;;;
nt16820;TL;;;;
nt16821;TL;;;;
nt16822;TL;;;;
nt16823;TL;;;;
nt16824;TL;;;;
nt16825;TL;;;;
nt16826;TL;;;;
nt16827;TL;;;;
nt16828;TL;;;;
nt16829;TL;;;;
nt16830;TL;;;;
nt16831;TL;;;;
nt16832;TL;;;;
nt16833;TL;;;;
nt16834;TL;;;;
nt16835;TL;;;;
nt16836;TL;;;;
nt16837;TL;;;;
nt16838;TL;;;;
nt16839;TL;;;;
nt16840;TL;;;;
nt16841;TL;;;;
nt16842;TL;;;;
nt16843;TL;;;;
nt16844;TL;;;;
nt16845;TL;;;;
nt16846;TL;;;;
nt16847;TL;;;;
nt16848;TL;;;;
nt16849;TL;;;;
nt16850;TL;;;;
nt16851;TL;;;;
nt16852;TL;;;;
nt16853;TL;;;;
nt16854;TL;;;;
nt16855;TL;;;;
nt16856;TL;;;;
nt16857;TL;;;;
nt16858;TL;;;;
nt16859;TL;;;;
nt16860;TL;;;;
nt16861;TL;;;;
nt16862;TL;;;;
nt16863;TL;;;;
nt16864;TL;;;;
nt16865;TL;;;;
nt16866;TL;;;;
nt16867;TL;;;;
nt16868;TL;;;;
nt16869;TL;;;;
nt16870;TL;;;;
nt16871;TL;;;;
nt16872;TL;;;;
nt16873;TL;;;;
nt16874;TL;;;;
nt16875;TL;;;;
nt16876;TL;;;;
nt16877;TL;;;;
nt16878;TL;;;;
nt16879;TL;;;;
nt16880;TL;;;;
nt16881;TL;;;;
nt16882;TL;;;;
nt16883;TL;;;;
nt16884;TL;;;;
nt16885;TL;;;;
nt16886;TL;;;;
nt16887;TL;;;;
nt16888;TL;;;;
nt16889;TL;;;;
nt16890;TL;;;;
nt16891;TL;;;;
nt16892;TL;;;;
nt16893;TL;;;;
nt16894;TL;;;;
nt16895;TL;;;;
nt16896;TL;;;;
nt16897;TL;;;;
nt16898;TL;;;;
nt16899;TL;;;;
nt16900;TL;;;;
nt16901;TL;;;;
nt16902;TL;;;;
nt16903;TL;;;;
nt16904;TL;;;;
nt16905;TL;;;;
nt16906;TL;;;;
nt16907;TL;;;;
nt16908;TL;;;;
nt16909;TL;;;;
nt16910;TL;;;;
nt16911;TL;;;;
nt16912;TL;;;;
nt16913;TL;;;;
nt16914;TL;;;;
nt16915;TL;;;;
nt16916;TL;;;;
nt16917;TL;;;;
nt16918;TL;;;;
nt16919;TL;;;;
nt16920;TL;;;;
nt16921;TL;;;;
nt16922;TL;;;;
nt16923;TL;;;;
nt16924;TL;;;;
nt16925;TL;;;;
nt16926;TL;;;;
nt16927;TL;;;;
nt16928;TL;;;;
nt16929;TL;;;;
nt16930;TL;;;;
nt16931;TL;;;;
nt16932;TL;;;;
nt16933;TL;;;;
nt16934;TL;;;;
nt16935;TL;;;;
nt16936;TL;;;;
nt16937;TL;;;;
nt16938;TL;;;;
nt16939;TL;;;;
nt16940;TL;;;;
nt16941;TL;;;;
nt16942;TL;;;;
nt16943;TL;;;;
nt16944;TL;;;;
nt16945;TL;;;;
nt16946;TL;;;;
nt16947;TL;;;;
nt16948;TL;;;;
nt16949;TL;;;;
nt16950;TL;;;;
nt16951;TL;;;;
nt16952;TL;;;;
nt16953;TL;;;;
nt16954;TL;;;;
nt16955;TL;;;;
nt16956;TL;;;;
nt16957;TL;;;;
nt16958;TL;;;;
nt16959;TL;;;;
nt16960;TL;;;;
nt16961;TL;;;;
nt16962;TL;;;;
nt16963;TL;;;;
nt16964;TL;;;;
nt16965;TL;;;;
nt16966;TL;;;;
nt16967;TL;;;;
nt16968;TL;;;;
nt16969;TL;;;;
nt16970;TL;;;;
nt16971;TL;;;;
nt16972;TL;;;;
nt16973;TL;;;;
nt16974;TL;;;;
nt16975;TL;;;;
nt16976;TL;;;;
nt16977;TL;;;;
nt16978;TL;;;;
nt16979;TL;;;;
nt16980;TL;;;;
nt16981;TL;;;;
nt16982;TL;;;;
nt16983;TL;;;;
nt16984;TL;;;;
nt16985;TL;;;;
nt16986;TL;;;;
nt16987;TL;;;;
nt16988;TL;;;;
nt16989;TL;;;;
nt16990;TL;;;;
nt16991;TL;;;;
nt16992;TL;;;;
nt16993;TL;;;;
nt16994;TL;;;;
nt16995;TL;;;;
nt16996;TL;;;;
nt16997;TL;;;;
nt16998;TL;;;;
nt16999;TL;;;;
nt17000;TL;;;;
nt17001;TL;;;;
nt17002;TL;;;;
nt17003;TL;;;;
nt17004;TL;;;;
nt17005;TL;;;;
nt17006;TL;;;;
nt17007;TL;;;;
nt17008;TL;;;;
nt17009;TL;;;;
nt17010;TL;;;;
nt17011;TL;;;;
nt17012;TL;;;;
nt17013;TL;;;;
nt17014;TL;;;;
nt17015;TL;;;;
nt17016;TL;;;;
nt17017;TL;;;;
nt17018;TL;;;;
nt17019;TL;;;;
nt17020;TL;;;;
nt17021;TL;;;;
nt17022;TL;;;;
nt17023;TL;;;;
nt17024;TL;;;;
nt17025;TL;;;;
nt17026;TL;;;;
nt17027;TL;;;;
nt17028;TL;;;;
nt17029;TL;;;;
nt17030;TL;;;;
nt17031;TL;;;;
nt17032;TL;;;;
nt17033;TL;;;;
nt17034;TL;;;;
nt17035;TL;;;;
nt17036;TL;;;;
nt17037;TL;;;;
nt17038;TL;;;;
nt17039;TL;;;;
nt17040;TL;;;;
nt17041;TL;;;;
nt17042;TL;;;;
nt17043;TL;;;;
nt17044;TL;;;;
nt17045;TL;;;;
nt17046;TL;;;;
nt17047;TL;;;;
nt17048;TL;;;;
nt17049;TL;;;;
nt17050;TL;;;;
nt17051;TL;;;;
nt17052;TL;;;;
nt17053;TL;;;;
nt17054;TL;;;;
nt17055;TL;;;;
nt17056;TL;;;;
nt17057;TL;;;;
nt17058;TL;;;;
nt17059;TL;;;;
nt17060;TL;;;;
nt17061;TL;;;;
nt17062;TL;;;;
nt17063;TL;;;;
nt17064;TL;;;;
nt17065;TL;;;;
nt17066;TL;;;;
nt17067;TL;;;;
nt17068;TL;;;;
nt17069;TL;;;;
nt17070;TL;;;;
nt17071;TL;;;;
nt17072;TL;;;;
nt17073;TL;;;;
nt17074;TL;;;;
nt17075;TL;;;;
nt17076;TL;;;;
nt17077;TL;;;;
nt17078;TL;;;;
nt17079;TL;;;;
nt17080;TL;;;;
nt17081;TL;;;;
nt17082;TL;;;;
nt17083;TL;;;;
nt17084;TL;;;;
nt17085;TL;;;;
nt17086;TL;;;;
nt17087;TL;;;;
nt17088;TL;;;;
nt17089;TL;;;;
nt17090;TL;;;;
nt17091;TL;;;;
nt17092;TL;;;;
nt17093;TL;;;;
nt17094;TL;;;;
nt17095;TL;;;;
nt17096;TL;;;;
nt17097;TL;;;;
nt17098;TL;;;;
nt17099;TL;;;;
nt17100;TL;;;;
nt17101;TL;;;;
nt17102;TL;;;;
nt17103;TL;;;;
nt17104;TL;;;;
nt17105;TL;;;;
nt17106;TL;;;;
nt17107;TL;;;;
nt17108;TL;;;;
nt17109;TL;;;;
nt17110;TL;;;;
nt17111;TL;;;;
nt17112;TL;;;;
nt17113;TL;;;;
nt17114;TL;;;;
nt17115;TL;;;;
nt17116;TL;;;;
nt17117;TL;;;;
nt17118;TL;;;;
nt17119;TL;;;;
nt17120;TL;;;;
nt17121;TL;;;;
nt17122;TL;;;;
nt17123;TL;;;;
nt17124;TL;;;;
nt17125;TL;;;;
nt17126;TL;;;;
nt17127;TL;;;;
nt17128;TL;;;;
nt17129;TL;;;;
nt17130;TL;;;;
nt17131;TL;;;;
nt17132;TL;;;;
nt17133;TL;;;;
nt17134;TL;;;;
nt17135;TL;;;;
nt17136;TL;;;;
nt17137;TL;;;;
nt17138;TL;;;;
nt17139;TL;;;;
nt17140;TL;;;;
nt17141;TL;;;;
nt17142;TL;;;;
nt17143;TL;;;;
nt17144;TL;;;;
nt17145;TL;;;;
nt17146;TL;;;;
nt17147;TL;;;;
nt17148;TL;;;;
nt17149;TL;;;;
nt17150;TL;;;;
nt17151;TL;;;;
nt17152;TL;;;;
nt17153;TL;;;;
nt17154;TL;;;;
nt17155;TL;;;;
nt17156;TL;;;;
nt17157;TL;;;;
nt17158;TL;;;;
nt17159;TL;;;;
nt17160;TL;;;;
nt17161;TL;;;;
nt17162;TL;;;;
nt17163;TL;;;;
nt17164;TL;;;;
nt17165;TL;;;;
nt17166;TL;;;;
nt17167;TL;;;;
nt17168;TL;;;;
nt17169;TL;;;;
nt17170;TL;;;;
nt17171;TL;;;;
nt17172;TL;;;;
nt17173;TL;;;;
nt17174;TL;;;;
nt17175;TL;;;;
nt17176;TL;;;;
nt17177;TL;;;;
nt17178;TL;;;;
nt17179;TL;;;;
nt17180;TL;;;;
nt17181;TL;;;;
nt17182;TL;;;;
nt17183;TL;;;;
nt17184;TL;;;;
nt17185;TL;;;;
nt17186;TL;;;;
nt17187;TL;;;;
nt17188;TL;;;;
nt17189;TL;;;;
nt17190;TL;;;;
nt17191;TL;;;;
nt17192;TL;;;;
nt17193;TL;;;;
nt17194;TL;;;;
nt17195;TL;;;;
nt17196;TL;;;;
nt17197;TL;;;;
nt17198;TL;;;;
nt17199;TL;;;;
nt17200;TL;;;;
nt17201;TL;;;;
nt17202;TL;;;;
nt17203;TL;;;;
nt17204;TL;;;;
nt17205;TL;;;;
nt17206;TL;;;;
nt17207;TL;;;;
nt17208;TL;;;;
nt17209;TL;;;;
nt17210;TL;;;;
nt17211;TL;;;;
nt17212;TL;;;;
nt17213;TL;;;;
nt17214;TL;;;;
nt17215;TL;;;;
nt17216;TL;;;;
nt17217;TL;;;;
nt17218;TL;;;;
nt17219;TL;;;;
nt17220;TL;;;;
nt17221;TL;;;;
nt17222;TL;;;;
nt17223;TL;;;;
nt17224;TL;;;;
nt17225;TL;;;;
nt17226;TL;;;;
nt17227;TL;;;;
nt17228;TL;;;;
nt17229;TL;;;;
nt17230;TL;;;;
nt17231;TL;;;;
nt17232;TL;;;;
nt17233;TL;;;;
nt17234;TL;;;;
nt17235;TL;;;;
nt17236;TL;;;;
nt17237;TL;;;;
nt17238;TL;;;;
nt17239;TL;;;;
nt17240;TL;;;;
nt17241;TL;;;;
nt17242;TL;;;;
nt17243;TL;;;;
nt17244;TL;;;;
nt17245;TL;;;;
nt17246;TL;;;;
nt17247;TL;;;;
nt17248;TL;;;;
nt17249;TL;;;;
nt17250;TL;;;;
nt17251;TL;;;;
nt17252;TL;;;;
nt17253;TL;;;;
nt17254;TL;;;;
nt17255;TL;;;;
nt17256;TL;;;;
nt17257;TL;;;;
nt17258;TL;;;;
nt17259;TL;;;;
nt17260;TL;;;;
nt17261;TL;;;;
nt17262;TL;;;;
nt17263;TL;;;;
nt17264;TL;;;;
nt17265;TL;;;;
nt17266;TL;;;;
nt17267;TL;;;;
nt17268;TL;;;;
nt17269;TL;;;;
nt17270;TL;;;;
nt17271;TL;;;;
nt17272;TL;;;;
nt17273;TL;;;;
nt17274;TL;;;;
nt17275;TL;;;;
nt17276;TL;;;;
nt17277;TL;;;;
nt17278;TL;;;;
nt17279;TL;;;;
nt17280;TL;;;;
nt17281;TL;;;;
nt17282;TL;;;;
nt17283;TL;;;;
nt17284;TL;;;;
nt17285;TL;;;;
nt17286;TL;;;;
nt17287;TL;;;;
nt17288;TL;;;;
nt17289;TL;;;;
nt17290;TL;;;;
nt17291;TL;;;;
nt17292;TL;;;;
nt17293;TL;;;;
nt17294;TL;;;;
nt17295;TL;;;;
nt17296;TL;;;;
nt17297;TL;;;;
nt17298;TL;;;;
nt17299;TL;;;;
nt17300;TL;;;;
nt17301;TL;;;;
nt17302;TL;;;;
nt17303;TL;;;;
nt17304;TL;;;;
nt17305;TL;;;;
nt17306;TL;;;;
nt17307;TL;;;;
nt17308;TL;;;;
nt17309;TL;;;;
nt17310;TL;;;;
nt17311;TL;;;;
nt17312;TL;;;;
nt17313;TL;;;;
nt17314;TL;;;;
nt17315;TL;;;;
nt17316;TL;;;;
nt17317;TL;;;;
nt17318;TL;;;;
nt17319;TL;;;;
nt17320;TL;;;;
nt17321;TL;;;;
nt17322;TL;;;;
nt17323;TL;;;;
nt17324;TL;;;;
nt17325;TL;;;;
nt17326;TL;;;;
nt17327;TL;;;;
nt17328;TL;;;;
nt17329;TL;;;;
nt17330;TL;;;;
nt17331;TL;;;;
nt17332;TL;;;;
nt17333;TL;;;;
nt17334;TL;;;;
nt17335;TL;;;;
nt17336;TL;;;;
nt17337;TL;;;;
nt17338;TL;;;;
nt17339;TL;;;;
nt17340;TL;;;;
nt17341;TL;;;;
nt17342;TL;;;;
nt17343;TL;;;;
nt17344;TL;;;;
nt17345;TL;;;;
nt17346;TL;;;;
nt17347;TL;;;;
nt17348;TL;;;;
nt17349;TL;;;;
nt17350;TL;;;;
nt17351;TL;;;;
nt17352;TL;;;;
nt17353;TL;;;;
nt17354;TL;;;;
nt17355;TL;;;;
nt17356;TL;;;;
nt17357;TL;;;;
nt17358;TL;;;;
nt17359;TL;;;;
nt17360;TL;;;;
nt17361;TL;;;;
nt17362;TL;;;;
nt17363;TL;;;;
nt17364;TL;;;;
nt17365;TL;;;;
nt17366;TL;;;;
nt17367;TL;;;;
nt17368;TL;;;;
nt17369;TL;;;;
nt17370;TL;;;;
nt17371;TL;;;;
nt17372;TL;;;;
nt17373;TL;;;;
nt17374;TL;;;;
nt17375;TL;;;;
nt17376;TL;;;;
nt17377;TL;;;;
nt17378;TL;;;;
nt17379;TL;;;;
nt17380;TL;;;;
nt17381;TL;;;;
nt17382;TL;;;;
nt17383;TL;;;;
nt17384;TL;;;;
nt17385;TL;;;;
nt17386;TL;;;;
nt17387;TL;;;;
nt17388;TL;;;;
nt17389;TL;;;;
nt17390;TL;;;;
nt17391;TL;;;;
nt17392;TL;;;;
nt17393;TL;;;;
nt17394;TL;;;;
nt17395;TL;;;;
nt17396;TL;;;;
nt17397;TL;;;;
nt17398;TL;;;;
nt17399;TL;;;;
nt17400;TL;;;;
nt17401;TL;;;;
nt17402;TL;;;;
nt17403;TL;;;;
nt17404;TL;;;;
nt17405;TL;;;;
nt17406;TL;;;;
nt17407;TL;;;;
nt17408;TL;;;;
nt17409;TL;;;;
nt17410;TL;;;;
nt17411;TL;;;;
nt17412;TL;;;;
nt17413;TL;;;;
nt17414;TL;;;;
nt17415;TL;;;;
nt17416;TL;;;;
nt17417;TL;;;;
nt17418;TL;;;;
nt17419;TL;;;;
nt17420;TL;;;;
nt17421;TL;;;;
nt17422;TL;;;;
nt17423;TL;;;;
nt17424;TL;;;;
nt17425;TL;;;;
nt17426;TL;;;;
nt17427;TL;;;;
nt17428;TL;;;;
nt17429;TL;;;;
nt17430;TL;;;;
nt17431;TL;;;;
nt17432;TL;;;;
nt17433;TL;;;;
nt17434;TL;;;;
nt17435;TL;;;;
nt17436;TL;;;;
nt17437;TL;;;;
nt17438;TL;;;;
nt17439;TL;;;;
nt17440;TL;;;;
nt17441;TL;;;;
nt17442;TL;;;;
nt17443;TL;;;;
nt17444;TL;;;;
nt17445;TL;;;;
nt17446;TL;;;;
nt17447;TL;;;;
nt17448;TL;;;;
nt17449;TL;;;;
nt17450;TL;;;;
nt17451;TL;;;;
nt17452;TL;;;;
nt17453;TL;;;;
nt17454;TL;;;;
nt17455;TL;;;;
nt17456;TL;;;;
nt17457;TL;;;;
nt17458;TL;;;;
nt17459;TL;;;;
nt17460;TL;;;;
nt17461;TL;;;;
nt17462;TL;;;;
nt17463;TL;;;;
nt17464;TL;;;;
nt17465;TL;;;;
nt17466;TL;;;;
nt17467;TL;;;;
nt17468;TL;;;;
nt17469;TL;;;;
nt17470;TL;;;;
nt17471;TL;;;;
nt17472;TL;;;;
nt17473;TL;;;;
nt17474;TL;;;;
nt17475;TL;;;;
nt17476;TL;;;;
nt17477;TL;;;;
nt17478;TL;;;;
nt17479;TL;;;;
nt17480;TL;;;;
nt17481;TL;;;;
nt17482;TL;;;;
nt17483;TL;;;;
nt17484;TL;;;;
nt17485;TL;;;;
nt17486;TL;;;;
nt17487;TL;;;;
nt17488;TL;;;;
nt17489;TL;;;;
nt17490;TL;;;;
nt17491;TL;;;;
nt17492;TL;;;;
nt17493;TL;;;;
nt17494;TL;;;;
nt17495;TL;;;;
nt17496;TL;;;;
nt17497;TL;;;;
nt17498;TL;;;;
nt17499;TL;;;;
nt17500;TL;;;;
nt17501;TL;;;;
nt17502;TL;;;;
nt17503;TL;;;;
nt17504;TL;;;;
nt17505;TL;;;;
nt17506;TL;;;;
nt17507;TL;;;;
nt17508;TL;;;;
nt17509;TL;;;;
nt17510;TL;;;;
nt17511;TL;;;;
nt17512;TL;;;;
nt17513;TL;;;;
nt17514;TL;;;;
nt17515;TL;;;;
nt17516;TL;;;;
nt17517;TL;;;;
nt17518;TL;;;;
nt17519;TL;;;;
nt17520;TL;;;;
nt17521;TL;;;;
nt17522;TL;;;;
nt17523;TL;;;;
nt17524;TL;;;;
nt17525;TL;;;;
nt17526;TL;;;;
nt17527;TL;;;;
nt17528;TL;;;;
nt17529;TL;;;;
nt17530;TL;;;;
nt17531;TL;;;;
nt17532;TL;;;;
nt17533;TL;;;;
nt17534;TL;;;;
nt17535;TL;;;;
nt17536;TL;;;;
nt17537;TL;;;;
nt17538;TL;;;;
nt17539;TL;;;;
nt17540;TL;;;;
nt17541;TL;;;;
nt17542;TL;;;;
nt17543;TL;;;;
nt17544;TL;;;;
nt17545;TL;;;;
nt17546;TL;;;;
nt17547;TL;;;;
nt17548;TL;;;;
nt17549;TL;;;;
nt17550;TL;;;;
nt17551;TL;;;;
nt17552;TL;;;;
nt17553;TL;;;;
nt17554;TL;;;;
nt17555;TL;;;;
nt17556;TL;;;;
nt17557;TL;;;;
nt17558;TL;;;;
nt17559;TL;;;;
nt17560;TL;;;;
nt17561;TL;;;;
nt17562;TL;;;;
nt17563;TL;;;;
nt17564;TL;;;;
nt17565;TL;;;;
nt17566;TL;;;;
nt17567;TL;;;;
nt17568;TL;;;;
nt17569;TL;;;;
nt17570;TL;;;;
nt17571;TL;;;;
nt17572;TL;;;;
nt17573;TL;;;;
nt17574;TL;;;;
nt17575;TL;;;;
nt17576;TL;;;;
nt17577;TL;;;;
nt17578;TL;;;;
nt17579;TL;;;;
nt17580;TL;;;;
nt17581;TL;;;;
nt17582;TL;;;;
nt17583;TL;;;;
nt17584;TL;;;;
nt17585;TL;;;;
nt17586;TL;;;;
nt17587;TL;;;;
nt17588;TL;;;;
nt17589;TL;;;;
nt17590;TL;;;;
nt17591;TL;;;;
nt17592;TL;;;;
nt17593;TL;;;;
nt17594;TL;;;;
nt17595;TL;;;;
nt17596;TL;;;;
nt17597;TL;;;;
nt17598;TL;;;;
nt17599;TL;;;;
nt17600;TL;;;;
nt17601;TL;;;;
nt17602;TL;;;;
nt17603;TL;;;;
nt17604;TL;;;;
nt17605;TL;;;;
nt17606;TL;;;;
nt17607;TL;;;;
nt17608;TL;;;;
nt17609;TL;;;;
nt17610;TL;;;;
nt17611;TL;;;;
nt17612;TL;;;;
nt17613;TL;;;;
nt17614;TL;;;;
nt17615;TL;;;;
nt17616;TL;;;;
nt17617;TL;;;;
nt17618;TL;;;;
nt17619;TL;;;;
nt17620;TL;;;;
nt17621;TL;;;;
nt17622;TL;;;;
nt17623;TL;;;;
nt17624;TL;;;;
nt17625;TL;;;;
nt17626;TL;;;;
nt17627;TL;;;;
nt17628;TL;;;;
nt17629;TL;;;;
nt17630;TL;;;;
nt17631;TL;;;;
nt17632;TL;;;;
nt17633;TL;;;;
nt17634;TL;;;;
nt17635;TL;;;;
nt17636;TL;;;;
nt17637;TL;;;;
nt17638;TL;;;;
nt17639;TL;;;;
nt17640;TL;;;;
nt17641;TL;;;;
nt17642;TL;;;;
nt17643;TL;;;;
nt17644;TL;;;;
nt17645;TL;;;;
nt17646;TL;;;;
nt17647;TL;;;;
nt17648;TL;;;;
nt17649;TL;;;;
nt17650;TL;;;;
nt17651;TL;;;;
nt17652;TL;;;;
nt17653;TL;;;;
nt17654;TL;;;;
nt17655;TL;;;;
nt17656;TL;;;;
nt17657;TL;;;;
nt17658;TL;;;;
nt17659;TL;;;;
nt17660;TL;;;;
nt17661;TL;;;;
nt17662;TL;;;;
nt17663;TL;;;;
nt17664;TL;;;;
nt17665;TL;;;;
nt17666;TL;;;;
nt17667;TL;;;;
nt17668;TL;;;;
nt17669;TL;;;;
nt17670;TL;;;;
nt17671;TL;;;;
nt17672;TL;;;;
nt17673;TL;;;;
nt17674;TL;;;;
nt17675;TL;;;;
nt17676;TL;;;;
nt17677;TL;;;;
nt17678;TL;;;;
nt17679;TL;;;;
nt17680;TL;;;;
nt17681;TL;;;;
nt17682;TL;;;;
nt17683;TL;;;;
nt17684;TL;;;;
nt17685;TL;;;;
nt17686;TL;;;;
nt17687;TL;;;;
nt17688;TL;;;;
nt17689;TL;;;;
nt17690;TL;;;;
nt17691;TL;;;;
nt17692;TL;;;;
nt17693;TL;;;;
nt17694;TL;;;;
nt17695;TL;;;;
nt17696;TL;;;;
nt17697;TL;;;;
nt17698;TL;;;;
nt17699;TL;;;;
nt17700;TL;;;;
nt17701;TL;;;;
nt17702;TL;;;;
nt17703;TL;;;;
nt17704;TL;;;;
nt17705;TL;;;;
nt17706;TL;;;;
nt17707;TL;;;;
nt17708;TL;;;;
nt17709;TL;;;;
nt17710;TL;;;;
nt17711;TL;;;;
nt17712;TL;;;;
nt17713;TL;;;;
nt17714;TL;;;;
nt17715;TL;;;;
nt17716;TL;;;;
nt17717;TL;;;;
nt17718;TL;;;;
nt17719;TL;;;;
nt17720;TL;;;;
nt17721;TL;;;;
nt17722;TL;;;;
nt17723;TL;;;;
nt17724;TL;;;;
nt17725;TL;;;;
nt17726;TL;;;;
nt17727;TL;;;;
nt17728;TL;;;;
nt17729;TL;;;;
nt17730;TL;;;;
nt17731;TL;;;;
nt17732;TL;;;;
nt17733;TL;;;;
nt17734;TL;;;;
nt17735;TL;;;;
nt17736;TL;;;;
nt17737;TL;;;;
nt17738;TL;;;;
nt17739;TL;;;;
nt17740;TL;;;;
nt17741;TL;;;;
nt17742;TL;;;;
nt17743;TL;;;;
nt17744;TL;;;;
nt17745;TL;;;;
nt17746;TL;;;;
nt17747;TL;;;;
nt17748;TL;;;;
nt17749;TL;;;;
nt17750;TL;;;;
nt17751;TL;;;;
nt17752;TL;;;;
nt17753;TL;;;;
nt17754;TL;;;;
nt17755;TL;;;;
nt17756;TL;;;;
nt17757;TL;;;;
nt17758;TL;;;;
nt17759;TL;;;;
nt17760;TL;;;;
nt17761;TL;;;;
nt17762;TL;;;;
nt17763;TL;;;;
nt17764;TL;;;;
nt17765;TL;;;;
nt17766;TL;;;;
nt17767;TL;;;;
nt17768;TL;;;;
nt17769;TL;;;;
nt17770;TL;;;;
nt17771;TL;;;;
nt17772;TL;;;;
nt17773;TL;;;;
nt17774;TL;;;;
nt17775;TL;;;;
nt17776;TL;;;;
nt17777;TL;;;;
nt17778;TL;;;;
nt17779;TL;;;;
nt17780;TL;;;;
nt17781;TL;;;;
nt17782;TL;;;;
nt17783;TL;;;;
nt17784;TL;;;;
nt17785;TL;;;;
nt17786;TL;;;;
nt17787;TL;;;;
nt17788;TL;;;;
nt17789;TL;;;;
nt17790;TL;;;;
nt17791;TL;;;;
nt17792;TL;;;;
nt17793;TL;;;;
nt17794;TL;;;;
nt17795;TL;;;;
nt17796;TL;;;;
nt17797;TL;;;;
nt17798;TL;;;;
nt17799;TL;;;;
nt17800;TL;;;;
nt17801;TL;;;;
nt17802;TL;;;;
nt17803;TL;;;;
nt17804;TL;;;;
nt17805;TL;;;;
nt17806;TL;;;;
nt17807;TL;;;;
nt17808;TL;;;;
nt17809;TL;;;;
nt17810;TL;;;;
nt17811;TL;;;;
nt17812;TL;;;;
nt17813;TL;;;;
nt17814;TL;;;;
nt17815;TL;;;;
nt17816;TL;;;;
nt17817;TL;;;;
nt17818;TL;;;;
nt17819;TL;;;;
nt17820;TL;;;;
nt17821;TL;;;;
nt17822;TL;;;;
nt17823;TL;;;;
nt17824;TL;;;;
nt17825;TL;;;;
nt17826;TL;;;;
nt17827;TL;;;;
nt17828;TL;;;;
nt17829;TL;;;;
nt17830;TL;;;;
nt17831;TL;;;;
nt17832;TL;;;;
nt17833;TL;;;;
nt17834;TL;;;;
nt17835;TL;;;;
nt17836;TL;;;;
nt17837;TL;;;;
nt17838;TL;;;;
nt17839;TL;;;;
nt17840;TL;;;;
nt17841;TL;;;;
nt17842;TL;;;;
nt17843;TL;;;;
nt17844;TL;;;;
nt17845;TL;;;;
nt17846;TL;;;;
nt17847;TL;;;;
nt17848;TL;;;;
nt17849;TL;;;;
nt17850;TL;;;;
nt17851;TL;;;;
nt17852;TL;;;;
nt17853;TL;;;;
nt17854;TL;;;;
nt17855;TL;;;;
nt17856;TL;;;;
nt17857;TL;;;;
nt17858;TL;;;;
nt17859;TL;;;;
nt17860;TL;;;;
nt17861;TL;;;;
nt17862;TL;;;;
nt17863;TL;;;;
nt17864;TL;;;;
nt17865;TL;;;;
nt17866;TL;;;;
nt17867;TL;;;;
nt17868;TL;;;;
nt17869;TL;;;;
nt17870;TL;;;;
nt17871;TL;;;;
nt17872;TL;;;;
nt17873;TL;;;;
nt17874;TL;;;;
nt17875;TL;;;;
nt17876;TL;;;;
nt17877;TL;;;;
nt17878;TL;;;;
nt17879;TL;;;;
nt17880;TL;;;;
nt17881;TL;;;;
nt17882;TL;;;;
nt17883;TL;;;;
nt17884;TL;;;;
nt17885;TL;;;;
nt17886;TL;;;;
nt17887;TL;;;;
nt17888;TL;;;;
nt17889;TL;;;;
nt17890;TL;;;;
nt17891;TL;;;;
nt17892;TL;;;;
nt17893;TL;;;;
nt17894;TL;;;;
nt17895;TL;;;;
nt17896;TL;;;;
nt17897;TL;;;;
nt17898;TL;;;;
nt17899;TL;;;;
nt17900;TL;;;;
nt17901;TL;;;;
nt17902;TL;;;;
nt17903;TL;;;;
nt17904;TL;;;;
nt17905;TL;;;;
nt17906;TL;;;;
nt17907;TL;;;;
nt17908;TL;;;;
nt17909;TL;;;;
nt17910;TL;;;;
nt17911;TL;;;;
nt17912;TL;;;;
nt17913;TL;;;;
nt17914;TL;;;;
nt17915;TL;;;;
nt17916;TL;;;;
nt17917;TL;;;;
nt17918;TL;;;;
nt17919;TL;;;;
nt17920;TL;;;;
nt17921;TL;;;;
nt17922;TL;;;;
nt17923;TL;;;;
nt17924;TL;;;;
nt17925;TL;;;;
nt17926;TL;;;;
nt17927;TL;;;;
nt17928;TL;;;;
nt17929;TL;;;;
nt17930;TL;;;;
nt17931;TL;;;;
nt17932;TL;;;;
nt17933;TL;;;;
nt17934;TL;;;;
nt17935;TL;;;;
nt17936;TL;;;;
nt17937;TL;;;;
nt17938;TL;;;;
nt17939;TL;;;;
nt17940;TL;;;;
nt17941;TL;;;;
nt17942;TL;;;;
nt17943;TL;;;;
nt17944;TL;;;;
nt17945;TL;;;;
nt17946;TL;;;;
nt17947;TL;;;;
nt17948;TL;;;;
nt17949;TL;;;;
nt17950;TL;;;;
nt17951;TL;;;;
nt17952;TL;;;;
nt17953;TL;;;;
nt17954;TL;;;;
nt17955;TL;;;;
nt17956;TL;;;;
nt17957;TL;;;;
nt17958;TL;;;;
nt17959;TL;;;;
nt17960;TL;;;;
nt17961;TL;;;;
nt17962;TL;;;;
nt17963;TL;;;;
nt17964;TL;;;;
nt17965;TL;;;;
nt17966;TL;;;;
nt17967;TL;;;;
nt17968;TL;;;;
nt17969;TL;;;;
nt17970;TL;;;;
nt17971;TL;;;;
nt17972;TL;;;;
nt17973;TL;;;;
nt17974;TL;;;;
nt17975;TL;;;;
nt17976;TL;;;;
nt17977;TL;;;;
nt17978;TL;;;;
nt17979;TL;;;;
nt17980;TL;;;;
nt17981;TL;;;;
nt17982;TL;;;;
nt17983;TL;;;;
nt17984;TL;;;;
nt17985;TL;;;;
nt17986;TL;;;;
nt17987;TL;;;;
nt17988;TL;;;;
nt17989;TL;;;;
nt17990;TL;;;;
nt17991;TL;;;;
nt17992;TL;;;;
nt17993;TL;;;;
nt17994;TL;;;;
nt17995;TL;;;;
nt17996;TL;;;;
nt17997;TL;;;;
nt17998;TL;;;;
nt17999;TL;;;;
nt18000;TL;;;;
nt18001;TL;;;;
nt18002;TL;;;;
nt18003;TL;;;;
nt18004;TL;;;;
nt18005;TL;;;;
nt18006;TL;;;;
nt18007;TL;;;;
nt18008;TL;;;;
nt18009;TL;;;;
nt18010;TL;;;;
nt18011;TL;;;;
nt18012;TL;;;;
nt18013;TL;;;;
nt18014;TL;;;;
nt18015;TL;;;;
nt18016;TL;;;;
nt18017;TL;;;;
nt18018;TL;;;;
nt18019;TL;;;;
nt18020;TL;;;;
nt18021;TL;;;;
nt18022;TL;;;;
nt18023;TL;;;;
nt18024;TL;;;;
nt18025;TL;;;;
nt18026;TL;;;;
nt18027;TL;;;;
nt18028;TL;;;;
nt18029;TL;;;;
nt18030;TL;;;;
nt18031;TL;;;;
nt18032;TL;;;;
nt18033;TL;;;;
nt18034;TL;;;;
nt18035;TL;;;;
nt18036;TL;;;;
nt18037;TL;;;;
nt18038;TL;;;;
nt18039;TL;;;;
nt18040;TL;;;;
nt18041;TL;;;;
nt18042;TL;;;;
nt18043;TL;;;;
nt18044;TL;;;;
nt18045;TL;;;;
nt18046;TL;;;;
nt18047;TL;;;;
nt18048;TL;;;;
nt18049;TL;;;;
nt18050;TL;;;;
nt18051;TL;;;;
nt18052;TL;;;;
nt18053;TL;;;;
nt18054;TL;;;;
nt18055;TL;;;;
nt18056;TL;;;;
nt18057;TL;;;;
nt18058;TL;;;;
nt18059;TL;;;;
nt18060;TL;;;;
nt18061;TL;;;;
nt18062;TL;;;;
nt18063;TL;;;;
nt18064;TL;;;;
nt18065;TL;;;;
nt18066;TL;;;;
nt18067;TL;;;;
nt18068;TL;;;;
nt18069;TL;;;;
nt18070;TL;;;;
nt18071;TL;;;;
nt18072;TL;;;;
nt18073;TL;;;;
nt18074;TL;;;;
nt18075;TL;;;;
nt18076;TL;;;;
nt18077;TL;;;;
nt18078;TL;;;;
nt18079;TL;;;;
nt18080;TL;;;;
nt18081;TL;;;;
nt18082;TL;;;;
nt18083;TL;;;;
nt18084;TL;;;;
nt18085;TL;;;;
nt18086;TL;;;;
nt18087;TL;;;;
nt18088;TL;;;;
nt18089;TL;;;;
nt18090;TL;;;;
nt18091;TL;;;;
nt18092;TL;;;;
nt18093;TL;;;;
nt18094;TL;;;;
nt18095;TL;;;;
nt18096;TL;;;;
nt18097;TL;;;;
nt18098;TL;;;;
nt18099;TL;;;;
nt18100;TL;;;;
nt18101;TL;;;;
nt18102;TL;;;;
nt18103;TL;;;;
nt18104;TL;;;;
nt18105;TL;;;;
nt18106;TL;;;;
nt18107;TL;;;;
nt18108;TL;;;;
nt18109;TL;;;;
nt18110;TL;;;;
nt18111;TL;;;;
nt18112;TL;;;;
nt18113;TL;;;;
nt18114;TL;;;;
nt18115;TL;;;;
nt18116;TL;;;;
nt18117;TL;;;;
nt18118;TL;;;;
nt18119;TL;;;;
nt18120;TL;;;;
nt18121;TL;;;;
nt18122;TL;;;;
nt18123;TL;;;;
nt18124;TL;;;;
nt18125;TL;;;;
nt18126;TL;;;;
nt18127;TL;;;;
nt18128;TL;;;;
nt18129;TL;;;;
nt18130;TL;;;;
nt18131;TL;;;;
nt18132;TL;;;;
nt18133;TL;;;;
nt18134;TL;;;;
nt18135;TL;;;;
nt18136;TL;;;;
nt18137;TL;;;;
nt18138;TL;;;;
nt18139;TL;;;;
nt18140;TL;;;;
nt18141;TL;;;;
nt18142;TL;;;;
nt18143;TL;;;;
nt18144;TL;;;;
nt18145;TL;;;;
nt18146;TL;;;;
nt18147;TL;;;;
nt18148;TL;;;;
nt18149;TL;;;;
nt18150;TL;;;;
nt18151;TL;;;;
nt18152;TL;;;;
nt18153;TL;;;;
nt18154;TL;;;;
nt18155;TL;;;;
nt18156;TL;;;;
nt18157;TL;;;;
nt18158;TL;;;;
nt18159;TL;;;;
nt18160;TL;;;;
nt18161;TL;;;;
nt18162;TL;;;;
nt18163;TL;;;;
nt18164;TL;;;;
nt18165;TL;;;;
nt18166;TL;;;;
nt18167;TL;;;;
nt18168;TL;;;;
nt18169;TL;;;;
nt18170;TL;;;;
nt18171;TL;;;;
nt18172;TL;;;;
nt18173;TL;;;;
nt18174;TL;;;;
nt18175;TL;;;;
nt18176;TL;;;;
nt18177;TL;;;;
nt18178;TL;;;;
nt18179;TL;;;;
nt18180;TL;;;;
nt18181;TL;;;;
nt18182;TL;;;;
nt18183;TL;;;;
nt18184;TL;;;;
nt18185;TL;;;;
nt18186;TL;;;;
nt18187;TL;;;;
nt18188;TL;;;;
nt18189;TL;;;;
nt18190;TL;;;;
nt18191;TL;;;;
nt18192;TL;;;;
nt18193;TL;;;;
nt18194;TL;;;;
nt18195;TL;;;;
nt18196;TL;;;;
nt18197;TL;;;;
nt18198;TL;;;;
nt18199;TL;;;;
nt18200;TL;;;;
nt18201;TL;;;;
nt18202;TL;;;;
nt18203;TL;;;;
nt18204;TL;;;;
nt18205;TL;;;;
nt18206;TL;;;;
nt18207;TL;;;;
nt18208;TL;;;;
nt18209;TL;;;;
nt18210;TL;;;;
nt18211;TL;;;;
nt18212;TL;;;;
nt18213;TL;;;;
nt18214;TL;;;;
nt18215;TL;;;;
nt18216;TL;;;;
nt18217;TL;;;;
nt18218;TL;;;;
nt18219;TL;;;;
nt18220;TL;;;;
nt18221;TL;;;;
nt18222;TL;;;;
nt18223;TL;;;;
nt18224;TL;;;;
nt18225;TL;;;;
nt18226;TL;;;;
nt18227;TL;;;;
nt18228;TL;;;;
nt18229;TL;;;;
nt18230;TL;;;;
nt18231;TL;;;;
nt18232;TL;;;;
nt18233;TL;;;;
nt18234;TL;;;;
nt18235;TL;;;;
nt18236;TL;;;;
nt18237;TL;;;;
nt18238;TL;;;;
nt18239;TL;;;;
nt18240;TL;;;;
nt18241;TL;;;;
nt18242;TL;;;;
nt18243;TL;;;;
nt18244;TL;;;;
nt18245;TL;;;;
nt18246;TL;;;;
nt18247;TL;;;;
nt18248;TL;;;;
nt18249;TL;;;;
nt18250;TL;;;;
nt18251;TL;;;;
nt18252;TL;;;;
nt18253;TL;;;;
nt18254;TL;;;;
nt18255;TL;;;;
nt18256;TL;;;;
nt18257;TL;;;;
nt18258;TL;;;;
nt18259;TL;;;;
nt18260;TL;;;;
nt18261;TL;;;;
nt18262;TL;;;;
nt18263;TL;;;;
nt18264;TL;;;;
nt18265;TL;;;;
nt18266;TL;;;;
nt18267;TL;;;;
nt18268;TL;;;;
nt18269;TL;;;;
nt18270;TL;;;;
nt18271;TL;;;;
nt18272;TL;;;;
nt18273;TL;;;;
nt18274;TL;;;;
nt18275;TL;;;;
nt18276;TL;;;;
nt18277;TL;;;;
nt18278;TL;;;;
nt18279;TL;;;;
nt18280;TL;;;;
nt18281;TL;;;;
nt18282;TL;;;;
nt18283;TL;;;;
nt18284;TL;;;;
nt18285;TL;;;;
nt18286;TL;;;;
nt18287;TL;;;;
nt18288;TL;;;;
nt18289;TL;;;;
nt18290;TL;;;;
nt18291;TL;;;;
nt18292;TL;;;;
nt18293;TL;;;;
nt18294;TL;;;;
nt18295;TL;;;;
nt18296;TL;;;;
nt18297;TL;;;;
nt18298;TL;;;;
nt18299;TL;;;;
nt18300;TL;;;;
nt18301;TL;;;;
nt18302;TL;;;;
nt18303;TL;;;;
nt18304;TL;;;;
nt18305;TL;;;;
nt18306;TL;;;;
nt18307;TL;;;;
nt18308;TL;;;;
nt18309;TL;;;;
nt18310;TL;;;;
nt18311;TL;;;;
nt18312;TL;;;;
nt18313;TL;;;;
nt18314;TL;;;;
nt18315;TL;;;;
nt18316;TL;;;;
nt18317;TL;;;;
nt18318;TL;;;;
nt18319;TL;;;;
nt18320;TL;;;;
nt18321;TL;;;;
nt18322;TL;;;;
nt18323;TL;;;;
nt18324;TL;;;;
nt18325;TL;;;;
nt18326;TL;;;;
nt18327;TL;;;;
nt18328;TL;;;;
nt18329;TL;;;;
nt18330;TL;;;;
nt18331;TL;;;;
nt18332;TL;;;;
nt18333;TL;;;;
nt18334;TL;;;;
nt18335;TL;;;;
nt18336;TL;;;;
nt18337;TL;;;;
nt18338;TL;;;;
nt18339;TL;;;;
nt18340;TL;;;;
nt18341;TL;;;;
nt18342;TL;;;;
nt18343;TL;;;;
nt18344;TL;;;;
nt18345;TL;;;;
nt18346;TL;;;;
nt18347;TL;;;;
nt18348;TL;;;;
nt18349;TL;;;;
nt18350;TL;;;;
nt18351;TL;;;;
nt18352;TL;;;;
nt18353;TL;;;;
nt18354;TL;;;;
nt18355;TL;;;;
nt18356;TL;;;;
nt18357;TL;;;;
nt18358;TL;;;;
nt18359;TL;;;;
nt18360;TL;;;;
nt18361;TL;;;;
nt18362;TL;;;;
nt18363;TL;;;;
nt18364;TL;;;;
nt18365;TL;;;;
nt18366;TL;;;;
nt18367;TL;;;;
nt18368;TL;;;;
nt18369;TL;;;;
nt18370;TL;;;;
nt18371;TL;;;;
nt18372;TL;;;;
nt18373;TL;;;;
nt18374;TL;;;;
nt18375;TL;;;;
nt18376;TL;;;;
nt18377;TL;;;;
nt18378;TL;;;;
nt18379;TL;;;;
nt18380;TL;;;;
nt18381;TL;;;;
nt18382;TL;;;;
nt18383;TL;;;;
nt18384;TL;;;;
nt18385;TL;;;;
nt18386;TL;;;;
nt18387;TL;;;;
nt18388;TL;;;;
nt18389;TL;;;;
nt18390;TL;;;;
nt18391;TL;;;;
nt18392;TL;;;;
nt18393;TL;;;;
nt18394;TL;;;;
nt18395;TL;;;;
nt18396;TL;;;;
nt18397;TL;;;;
nt18398;TL;;;;
nt18399;TL;;;;
nt18400;TL;;;;
nt18401;TL;;;;
nt18402;TL;;;;
nt18403;TL;;;;
nt18404;TL;;;;
nt18405;TL;;;;
nt18406;TL;;;;
nt18407;TL;;;;
nt18408;TL;;;;
nt18409;TL;;;;
nt18410;TL;;;;
nt18411;TL;;;;
nt18412;TL;;;;
nt18413;TL;;;;
nt18414;TL;;;;
nt18415;TL;;;;
nt18416;TL;;;;
nt18417;TL;;;;
nt18418;TL;;;;
nt18419;TL;;;;
nt18420;TL;;;;
nt18421;TL;;;;
nt18422;TL;;;;
nt18423;TL;;;;
nt18424;TL;;;;
nt18425;TL;;;;
nt18426;TL;;;;
nt18427;TL;;;;
nt18428;TL;;;;
nt18429;TL;;;;
nt18430;TL;;;;
nt18431;TL;;;;
nt18432;TL;;;;
nt18433;TL;;;;
nt18434;TL;;;;
nt18435;TL;;;;
nt18436;TL;;;;
nt18437;TL;;;;
nt18438;TL;;;;
nt18439;TL;;;;
nt18440;TL;;;;
nt18441;TL;;;;
nt18442;TL;;;;
nt18443;TL;;;;
nt18444;TL;;;;
nt18445;TL;;;;
nt18446;TL;;;;
nt18447;TL;;;;
nt18448;TL;;;;
nt18449;TL;;;;
nt18450;TL;;;;
nt18451;TL;;;;
nt18452;TL;;;;
nt18453;TL;;;;
nt18454;TL;;;;
nt18455;TL;;;;
nt18456;TL;;;;
nt18457;TL;;;;
nt18458;TL;;;;
nt18459;TL;;;;
nt18460;TL;;;;
nt18461;TL;;;;
nt18462;TL;;;;
nt18463;TL;;;;
nt18464;TL;;;;
nt18465;TL;;;;
nt18466;TL;;;;
nt18467;TL;;;;
nt18468;TL;;;;
nt18469;TL;;;;
nt18470;TL;;;;
nt18471;TL;;;;
nt18472;TL;;;;
nt18473;TL;;;;
nt18474;TL;;;;
nt18475;TL;;;;
nt18476;TL;;;;
nt18477;TL;;;;
nt18478;TL;;;;
nt18479;TL;;;;
nt18480;TL;;;;
nt18481;TL;;;;
nt18482;TL;;;;
nt18483;TL;;;;
nt18484;TL;;;;
nt18485;TL;;;;
nt18486;TL;;;;
nt18487;TL;;;;
nt18488;TL;;;;
nt18489;TL;;;;
nt18490;TL;;;;
nt18491;TL;;;;
nt18492;TL;;;;
nt18493;TL;;;;
nt18494;TL;;;;
nt18495;TL;;;;
nt18496;TL;;;;
nt18497;TL;;;;
nt18498;TL;;;;
nt18499;TL;;;;
nt18500;TL;;;;
nt18501;TL;;;;
nt18502;TL;;;;
nt18503;TL;;;;
nt18504;TL;;;;
nt18505;TL;;;;
nt18506;TL;;;;
nt18507;TL;;;;
nt18508;TL;;;;
nt18509;TL;;;;
nt18510;TL;;;;
nt18511;TL;;;;
nt18512;TL;;;;
nt18513;TL;;;;
nt18514;TL;;;;
nt18515;TL;;;;
nt18516;TL;;;;
nt18517;TL;;;;
nt18518;TL;;;;
nt18519;TL;;;;
nt18520;TL;;;;
nt18521;TL;;;;
nt18522;TL;;;;
nt18523;TL;;;;
nt18524;TL;;;;
nt18525;TL;;;;
nt18526;TL;;;;
nt18527;TL;;;;
nt18528;TL;;;;
nt18529;TL;;;;
nt18530;TL;;;;
nt18531;TL;;;;
nt18532;TL;;;;
nt18533;TL;;;;
nt18534;TL;;;;
nt18535;TL;;;;
nt18536;TL;;;;
nt18537;TL;;;;
nt18538;TL;;;;
nt18539;TL;;;;
nt18540;TL;;;;
nt18541;TL;;;;
nt18542;TL;;;;
nt18543;TL;;;;
nt18544;TL;;;;
nt18545;TL;;;;
nt18546;TL;;;;
nt18547;TL;;;;
nt18548;TL;;;;
nt18549;TL;;;;
nt18550;TL;;;;
nt18551;TL;;;;
nt18552;TL;;;;
nt18553;TL;;;;
nt18554;TL;;;;
nt18555;TL;;;;
nt18556;TL;;;;
nt18557;TL;;;;
nt18558;TL;;;;
nt18559;TL;;;;
nt18560;TL;;;;
nt18561;TL;;;;
nt18562;TL;;;;
nt18563;TL;;;;
nt18564;TL;;;;
nt18565;TL;;;;
nt18566;TL;;;;
nt18567;TL;;;;
nt18568;TL;;;;
nt18569;TL;;;;
nt18570;TL;;;;
nt18571;TL;;;;
nt18572;TL;;;;
nt18573;TL;;;;
nt18574;TL;;;;
nt18575;TL;;;;
nt18576;TL;;;;
nt18577;TL;;;;
nt18578;TL;;;;
nt18579;TL;;;;
nt18580;TL;;;;
nt18581;TL;;;;
nt18582;TL;;;;
nt18583;TL;;;;
nt18584;TL;;;;
nt18585;TL;;;;
nt18586;TL;;;;
nt18587;TL;;;;
nt18588;TL;;;;
nt18589;TL;;;;
nt18590;TL;;;;
nt18591;TL;;;;
nt18592;TL;;;;
nt18593;TL;;;;
nt18594;TL;;;;
nt18595;TL;;;;
nt18596;TL;;;;
nt18597;TL;;;;
nt18598;TL;;;;
nt18599;TL;;;;
nt18600;TL;;;;
nt18601;TL;;;;
nt18602;TL;;;;
nt18603;TL;;;;
nt18604;TL;;;;
nt18605;TL;;;;
nt18606;TL;;;;
nt18607;TL;;;;
nt18608;TL;;;;
nt18609;TL;;;;
nt18610;TL;;;;
nt18611;TL;;;;
nt18612;TL;;;;
nt18613;TL;;;;
nt18614;TL;;;;
nt18615;TL;;;;
nt18616;TL;;;;
nt18617;TL;;;;
nt18618;TL;;;;
nt18619;TL;;;;
nt18620;TL;;;;
nt18621;TL;;;;
nt18622;TL;;;;
nt18623;TL;;;;
nt18624;TL;;;;
nt18625;TL;;;;
nt18626;TL;;;;
nt18627;TL;;;;
nt18628;TL;;;;
nt18629;TL;;;;
nt18630;TL;;;;
nt18631;TL;;;;
nt18632;TL;;;;
nt18633;TL;;;;
nt18634;TL;;;;
nt18635;TL;;;;
nt18636;TL;;;;
nt18637;TL;;;;
nt18638;TL;;;;
nt18639;TL;;;;
nt18640;TL;;;;
nt18641;TL;;;;
nt18642;TL;;;;
nt18643;TL;;;;
nt18644;TL;;;;
nt18645;TL;;;;
nt18646;TL;;;;
nt18647;TL;;;;
nt18648;TL;;;;
nt18649;TL;;;;
nt18650;TL;;;;
nt18651;TL;;;;
nt18652;TL;;;;
nt18653;TL;;;;
nt18654;TL;;;;
nt18655;TL;;;;
nt18656;TL;;;;
nt18657;TL;;;;
nt18658;TL;;;;
nt18659;TL;;;;
nt18660;TL;;;;
nt18661;TL;;;;
nt18662;TL;;;;
nt18663;TL;;;;
nt18664;TL;;;;
nt18665;TL;;;;
nt18666;TL;;;;
nt18667;TL;;;;
nt18668;TL;;;;
nt18669;TL;;;;
nt18670;TL;;;;
nt18671;TL;;;;
nt18672;TL;;;;
nt18673;TL;;;;
nt18674;TL;;;;
nt18675;TL;;;;
nt18676;TL;;;;
nt18677;TL;;;;
nt18678;TL;;;;
nt18679;TL;;;;
nt18680;TL;;;;
nt18681;TL;;;;
nt18682;TL;;;;
nt18683;TL;;;;
nt18684;TL;;;;
nt18685;TL;;;;
nt18686;TL;;;;
nt18687;TL;;;;
nt18688;TL;;;;
nt18689;TL;;;;
nt18690;TL;;;;
nt18691;TL;;;;
nt18692;TL;;;;
nt18693;TL;;;;
nt18694;TL;;;;
nt18695;TL;;;;
nt18696;TL;;;;
nt18697;TL;;;;
nt18698;TL;;;;
nt18699;TL;;;;
nt18700;TL;;;;
nt18701;TL;;;;
nt18702;TL;;;;
nt18703;TL;;;;
nt18704;TL;;;;
nt18705;TL;;;;
nt18706;TL;;;;
nt18707;TL;;;;
nt18708;TL;;;;
nt18709;TL;;;;
nt18710;TL;;;;
nt18711;TL;;;;
nt18712;TL;;;;
nt18713;TL;;;;
nt18714;TL;;;;
nt18715;TL;;;;
nt18716;TL;;;;
nt18717;TL;;;;
nt18718;TL;;;;
nt18719;TL;;;;
nt18720;TL;;;;
nt18721;TL;;;;
nt18722;TL;;;;
nt18723;TL;;;;
nt18724;TL;;;;
nt18725;TL;;;;
nt18726;TL;;;;
nt18727;TL;;;;
nt18728;TL;;;;
nt18729;TL;;;;
nt18730;TL;;;;
nt18731;TL;;;;
nt18732;TL;;;;
nt18733;TL;;;;
nt18734;TL;;;;
nt18735;TL;;;;
nt18736;TL;;;;
nt18737;TL;;;;
nt18738;TL;;;;
nt18739;TL;;;;
nt18740;TL;;;;
nt18741;TL;;;;
nt18742;TL;;;;
nt18743;TL;;;;
nt18744;TL;;;;
nt18745;TL;;;;
nt18746;TL;;;;
nt18747;TL;;;;
nt18748;TL;;;;
nt18749;TL;;;;
nt18750;TL;;;;
nt18751;TL;;;;
nt18752;TL;;;;
nt18753;TL;;;;
nt18754;TL;;;;
nt18755;TL;;;;
nt18756;TL;;;;
nt18757;TL;;;;
nt18758;TL;;;;
nt18759;TL;;;;
nt18760;TL;;;;
nt18761;TL;;;;
nt18762;TL;;;;
nt18763;TL;;;;
nt18764;TL;;;;
nt18765;TL;;;;
nt18766;TL;;;;
nt18767;TL;;;;
nt18768;TL;;;;
nt18769;TL;;;;
nt18770;TL;;;;
nt18771;TL;;;;
nt18772;TL;;;;
nt18773;TL;;;;
nt18774;TL;;;;
nt18775;TL;;;;
nt18776;TL;;;;
nt18777;TL;;;;
nt18778;TL;;;;
nt18779;TL;;;;
nt18780;TL;;;;
nt18781;TL;;;;
nt18782;TL;;;;
nt18783;TL;;;;
nt18784;TL;;;;
nt18785;TL;;;;
nt18786;TL;;;;
nt18787;TL;;;;
nt18788;TL;;;;
nt18789;TL;;;;
nt18790;TL;;;;
nt18791;TL;;;;
nt18792;TL;;;;
nt18793;TL;;;;
nt18794;TL;;;;
nt18795;TL;;;;
nt18796;TL;;;;
nt18797;TL;;;;
nt18798;TL;;;;
nt18799;TL;;;;
nt18800;TL;;;;
nt18801;TL;;;;
nt18802;TL;;;;
nt18803;TL;;;;
nt18804;TL;;;;
nt18805;TL;;;;
nt18806;TL;;;;
nt18807;TL;;;;
nt18808;TL;;;;
nt18809;TL;;;;
nt18810;TL;;;;
nt18811;TL;;;;
nt18812;TL;;;;
nt18813;TL;;;;
nt18814;TL;;;;
nt18815;TL;;;;
nt18816;TL;;;;
nt18817;TL;;;;
nt18818;TL;;;;
nt18819;TL;;;;
nt18820;TL;;;;
nt18821;TL;;;;
nt18822;TL;;;;
nt18823;TL;;;;
nt18824;TL;;;;
nt18825;TL;;;;
nt18826;TL;;;;
nt18827;TL;;;;
nt18828;TL;;;;
nt18829;TL;;;;
nt18830;TL;;;;
nt18831;TL;;;;
nt18832;TL;;;;
nt18833;TL;;;;
nt18834;TL;;;;
nt18835;TL;;;;
nt18836;TL;;;;
nt18837;TL;;;;
nt18838;TL;;;;
nt18839;TL;;;;
nt18840;TL;;;;
nt18841;TL;;;;
nt18842;TL;;;;
nt18843;TL;;;;
nt18844;TL;;;;
nt18845;TL;;;;
nt18846;TL;;;;
nt18847;TL;;;;
nt18848;TL;;;;
nt18849;TL;;;;
nt18850;TL;;;;
nt18851;TL;;;;
nt18852;TL;;;;
nt18853;TL;;;;
nt18854;TL;;;;
nt18855;TL;;;;
nt18856;TL;;;;
nt18857;TL;;;;
nt18858;TL;;;;
nt18859;TL;;;;
nt18860;TL;;;;
nt18861;TL;;;;
nt18862;TL;;;;
nt18863;TL;;;;
nt18864;TL;;;;
nt18865;TL;;;;
nt18866;TL;;;;
nt18867;TL;;;;
nt18868;TL;;;;
nt18869;TL;;;;
nt18870;TL;;;;
nt18871;TL;;;;
nt18872;TL;;;;
nt18873;TL;;;;
nt18874;TL;;;;
nt18875;TL;;;;
nt18876;TL;;;;
nt18877;TL;;;;
nt18878;TL;;;;
nt18879;TL;;;;
nt18880;TL;;;;
nt18881;TL;;;;
nt18882;TL;;;;
nt18883;TL;;;;
nt18884;TL;;;;
nt18885;TL;;;;
nt18886;TL;;;;
nt18887;TL;;;;
nt18888;TL;;;;
nt18889;TL;;;;
nt18890;TL;;;;
nt18891;TL;;;;
nt18892;TL;;;;
nt18893;TL;;;;
nt18894;TL;;;;
nt18895;TL;;;;
nt18896;TL;;;;
nt18897;TL;;;;
nt18898;TL;;;;
nt18899;TL;;;;
nt18900;TL;;;;
nt18901;TL;;;;
nt18902;TL;;;;
nt18903;TL;;;;
nt18904;TL;;;;
nt18905;TL;;;;
nt18906;TL;;;;
nt18907;TL;;;;
nt18908;TL;;;;
nt18909;TL;;;;
nt18910;TL;;;;
nt18911;TL;;;;
nt18912;TL;;;;
nt18913;TL;;;;
nt18914;TL;;;;
nt18915;TL;;;;
nt18916;TL;;;;
nt18917;TL;;;;
nt18918;TL;;;;
nt18919;TL;;;;
nt18920;TL;;;;
nt18921;TL;;;;
nt18922;TL;;;;
nt18923;TL;;;;
nt18924;TL;;;;
nt18925;TL;;;;
nt18926;TL;;;;
nt18927;TL;;;;
nt18928;TL;;;;
nt18929;TL;;;;
nt18930;TL;;;;
nt18931;TL;;;;
nt18932;TL;;;;
nt18933;TL;;;;
nt18934;TL;;;;
nt18935;TL;;;;
nt18936;TL;;;;
nt18937;TL;;;;
nt18938;TL;;;;
nt18939;TL;;;;
nt18940;TL;;;;
nt18941;TL;;;;
nt18942;TL;;;;
nt18943;TL;;;;
nt18944;TL;;;;
nt18945;TL;;;;
nt18946;TL;;;;
nt18947;TL;;;;
nt18948;TL;;;;
nt18949;TL;;;;
nt18950;TL;;;;
nt18951;TL;;;;
nt18952;TL;;;;
nt18953;TL;;;;
nt18954;TL;;;;
nt18955;TL;;;;
nt18956;TL;;;;
nt18957;TL;;;;
nt18958;TL;;;;
nt18959;TL;;;;
nt18960;TL;;;;
nt18961;TL;;;;
nt18962;TL;;;;
nt18963;TL;;;;
nt18964;TL;;;;
nt18965;TL;;;;
nt18966;TL;;;;
nt18967;TL;;;;
nt18968;TL;;;;
nt18969;TL;;;;
nt18970;TL;;;;
nt18971;TL;;;;
nt18972;TL;;;;
nt18973;TL;;;;
nt18974;TL;;;;
nt18975;TL;;;;
nt18976;TL;;;;
nt18977;TL;;;;
nt18978;TL;;;;
nt18979;TL;;;;
nt18980;TL;;;;
nt18981;TL;;;;
nt18982;TL;;;;
nt18983;TL;;;;
nt18984;TL;;;;
nt18985;TL;;;;
nt18986;TL;;;;
nt18987;TL;;;;
nt18988;TL;;;;
nt18989;TL;;;;
nt18990;TL;;;;
nt18991;TL;;;;
nt18992;TL;;;;
nt18993;TL;;;;
nt18994;TL;;;;
nt18995;TL;;;;
nt18996;TL;;;;
nt18997;TL;;;;
nt18998;TL;;;;
nt18999;TL;;;;
nt19000;TL;;;;
nt19001;TL;;;;
nt19002;TL;;;;
nt19003;TL;;;;
nt19004;TL;;;;
nt19005;TL;;;;
nt19006;TL;;;;
nt19007;TL;;;;
nt19008;TL;;;;
nt19009;TL;;;;
nt19010;TL;;;;
nt19011;TL;;;;
nt19012;TL;;;;
nt19013;TL;;;;
nt19014;TL;;;;
nt19015;TL;;;;
nt19016;TL;;;;
nt19017;TL;;;;
nt19018;TL;;;;
nt19019;TL;;;;
nt19020;TL;;;;
nt19021;TL;;;;
nt19022;TL;;;;
nt19023;TL;;;;
nt19024;TL;;;;
nt19025;TL;;;;
nt19026;TL;;;;
nt19027;TL;;;;
nt19028;TL;;;;
nt19029;TL;;;;
nt19030;TL;;;;
nt19031;TL;;;;
nt19032;TL;;;;
nt19033;TL;;;;
nt19034;TL;;;;
nt19035;TL;;;;
nt19036;TL;;;;
nt19037;TL;;;;
nt19038;TL;;;;
nt19039;TL;;;;
nt19040;TL;;;;
nt19041;TL;;;;
nt19042;TL;;;;
nt19043;TL;;;;
nt19044;TL;;;;
nt19045;TL;;;;
nt19046;TL;;;;
nt19047;TL;;;;
nt19048;TL;;;;
nt19049;TL;;;;
nt19050;TL;;;;
nt19051;TL;;;;
nt19052;TL;;;;
nt19053;TL;;;;
nt19054;TL;;;;
nt19055;TL;;;;
nt19056;TL;;;;
nt19057;TL;;;;
nt19058;TL;;;;
nt19059;TL;;;;
nt19060;TL;;;;
nt19061;TL;;;;
nt19062;TL;;;;
nt19063;TL;;;;
nt19064;TL;;;;
nt19065;TL;;;;
nt19066;TL;;;;
nt19067;TL;;;;
nt19068;TL;;;;
nt19069;TL;;;;
nt19070;TL;;;;
nt19071;TL;;;;
nt19072;TL;;;;
nt19073;TL;;;;
nt19074;TL;;;;
nt19075;TL;;;;
nt19076;TL;;;;
nt19077;TL;;;;
nt19078;TL;;;;
nt19079;TL;;;;
nt19080;TL;;;;
nt19081;TL;;;;
nt19082;TL;;;;
nt19083;TL;;;;
nt19084;TL;;;;
nt19085;TL;;;;
nt19086;TL;;;;
nt19087;TL;;;;
nt19088;TL;;;;
nt19089;TL;;;;
nt19090;TL;;;;
nt19091;TL;;;;
nt19092;TL;;;;
nt19093;TL;;;;
nt19094;TL;;;;
nt19095;TL;;;;
nt19096;TL;;;;
nt19097;TL;;;;
nt19098;TL;;;;
nt19099;TL;;;;
nt19100;TL;;;;
nt19101;TL;;;;
nt19102;TL;;;;
nt19103;TL;;;;
nt19104;TL;;;;
nt19105;TL;;;;
nt19106;TL;;;;
nt19107;TL;;;;
nt19108;TL;;;;
nt19109;TL;;;;
nt19110;TL;;;;
nt19111;TL;;;;
nt19112;TL;;;;
nt19113;TL;;;;
nt19114;TL;;;;
nt19115;TL;;;;
nt19116;TL;;;;
nt19117;TL;;;;
nt19118;TL;;;;
nt19119;TL;;;;
nt19120;TL;;;;
nt19121;TL;;;;
nt19122;TL;;;;
nt19123;TL;;;;
nt19124;TL;;;;
nt19125;TL;;;;
nt19126;TL;;;;
nt19127;TL;;;;
nt19128;TL;;;;
nt19129;TL;;;;
nt19130;TL;;;;
nt19131;TL;;;;
nt19132;TL;;;;
nt19133;TL;;;;
nt19134;TL;;;;
nt19135;TL;;;;
nt19136;TL;;;;
nt19137;TL;;;;
nt19138;TL;;;;
nt19139;TL;;;;
nt19140;TL;;;;
nt19141;TL;;;;
nt19142;TL;;;;
nt19143;TL;;;;
nt19144;TL;;;;
nt19145;TL;;;;
nt19146;TL;;;;
nt19147;TL;;;;
nt19148;TL;;;;
nt19149;TL;;;;
nt19150;TL;;;;
nt19151;TL;;;;
nt19152;TL;;;;
nt19153;TL;;;;
nt19154;TL;;;;
nt19155;TL;;;;
nt19156;TL;;;;
nt19157;TL;;;;
nt19158;TL;;;;
nt19159;TL;;;;
nt19160;TL;;;;
nt19161;TL;;;;
nt19162;TL;;;;
nt19163;TL;;;;
nt19164;TL;;;;
nt19165;TL;;;;
nt19166;TL;;;;
nt19167;TL;;;;
nt19168;TL;;;;
nt19169;TL;;;;
nt19170;TL;;;;
nt19171;TL;;;;
nt19172;TL;;;;
nt19173;TL;;;;
nt19174;TL;;;;
nt19175;TL;;;;
nt19176;TL;;;;
nt19177;TL;;;;
nt19178;TL;;;;
nt19179;TL;;;;
nt19180;TL;;;;
nt19181;TL;;;;
nt19182;TL;;;;
nt19183;TL;;;;
nt19184;TL;;;;
nt19185;TL;;;;
nt19186;TL;;;;
nt19187;TL;;;;
nt19188;TL;;;;
nt19189;TL;;;;
nt19190;TL;;;;
nt19191;TL;;;;
nt19192;TL;;;;
nt19193;TL;;;;
nt19194;TL;;;;
nt19195;TL;;;;
nt19196;TL;;;;
nt19197;TL;;;;
nt19198;TL;;;;
nt19199;TL;;;;
nt19200;TL;;;;
nt19201;TL;;;;
nt19202;TL;;;;
nt19203;TL;;;;
nt19204;TL;;;;
nt19205;TL;;;;
nt19206;TL;;;;
nt19207;TL;;;;
nt19208;TL;;;;
nt19209;TL;;;;
nt19210;TL;;;;
nt19211;TL;;;;
nt19212;TL;;;;
nt19213;TL;;;;
nt19214;TL;;;;
nt19215;TL;;;;
nt19216;TL;;;;
nt19217;TL;;;;
nt19218;TL;;;;
nt19219;TL;;;;
nt19220;TL;;;;
nt19221;TL;;;;
nt19222;TL;;;;
nt19223;TL;;;;
nt19224;TL;;;;
nt19225;TL;;;;
nt19226;TL;;;;
nt19227;TL;;;;
nt19228;TL;;;;
nt19229;TL;;;;
nt19230;TL;;;;
nt19231;TL;;;;
nt19232;TL;;;;
nt19233;TL;;;;
nt19234;TL;;;;
nt19235;TL;;;;
nt19236;TL;;;;
nt19237;TL;;;;
nt19238;TL;;;;
nt19239;TL;;;;
nt19240;TL;;;;
nt19241;TL;;;;
nt19242;TL;;;;
nt19243;TL;;;;
nt19244;TL;;;;
nt19245;TL;;;;
nt19246;TL;;;;
nt19247;TL;;;;
nt19248;TL;;;;
nt19249;TL;;;;
nt19250;TL;;;;
nt19251;TL;;;;
nt19252;TL;;;;
nt19253;TL;;;;
nt19254;TL;;;;
nt19255;TL;;;;
nt19256;TL;;;;
nt19257;TL;;;;
nt19258;TL;;;;
nt19259;TL;;;;
nt19260;TL;;;;
nt19261;TL;;;;
nt19262;TL;;;;
nt19263;TL;;;;
nt19264;TL;;;;
nt19265;TL;;;;
nt19266;TL;;;;
nt19267;TL;;;;
nt19268;TL;;;;
nt19269;TL;;;;
nt19270;TL;;;;
nt19271;TL;;;;
nt19272;TL;;;;
nt19273;TL;;;;
nt19274;TL;;;;
nt19275;TL;;;;
nt19276;TL;;;;
nt19277;TL;;;;
nt19278;TL;;;;
nt19279;TL;;;;
nt19280;TL;;;;
nt19281;TL;;;;
nt19282;TL;;;;
nt19283;TL;;;;
nt19284;TL;;;;
nt19285;TL;;;;
nt19286;TL;;;;
nt19287;TL;;;;
nt19288;TL;;;;
nt19289;TL;;;;
nt19290;TL;;;;
nt19291;TL;;;;
nt19292;TL;;;;
nt19293;TL;;;;
nt19294;TL;;;;
nt19295;TL;;;;
nt19296;TL;;;;
nt19297;TL;;;;
nt19298;TL;;;;
nt19299;TL;;;;
nt19300;TL;;;;
nt19301;TL;;;;
nt19302;TL;;;;
nt19303;TL;;;;
nt19304;TL;;;;
nt19305;TL;;;;
nt19306;TL;;;;
nt19307;TL;;;;
nt19308;TL;;;;
nt19309;TL;;;;
nt19310;TL;;;;
nt19311;TL;;;;
nt19312;TL;;;;
nt19313;TL;;;;
nt19314;TL;;;;
nt19315;TL;;;;
nt19316;TL;;;;
nt19317;TL;;;;
nt19318;TL;;;;
nt19319;TL;;;;
nt19320;TL;;;;
nt19321;TL;;;;
nt19322;TL;;;;
nt19323;TL;;;;
nt19324;TL;;;;
nt19325;TL;;;;
nt19326;TL;;;;
nt19327;TL;;;;
nt19328;TL;;;;
nt19329;TL;;;;
nt19330;TL;;;;
nt19331;TL;;;;
nt19332;TL;;;;
nt19333;TL;;;;
nt19334;TL;;;;
nt19335;TL;;;;
nt19336;TL;;;;
nt19337;TL;;;;
nt19338;TL;;;;
nt19339;TL;;;;
nt19340;TL;;;;
nt19341;TL;;;;
nt19342;TL;;;;
nt19343;TL;;;;
nt19344;TL;;;;
nt19345;TL;;;;
nt19346;TL;;;;
nt19347;TL;;;;
nt19348;TL;;;;
nt19349;TL;;;;
nt19350;TL;;;;
nt19351;TL;;;;
nt19352;TL;;;;
nt19353;TL;;;;
nt19354;TL;;;;
nt19355;TL;;;;
nt19356;TL;;;;
nt19357;TL;;;;
nt19358;TL;;;;
nt19359;TL;;;;
nt19360;TL;;;;
nt19361;TL;;;;
nt19362;TL;;;;
nt19363;TL;;;;
nt19364;TL;;;;
nt19365;TL;;;;
nt19366;TL;;;;
nt19367;TL;;;;
nt19368;TL;;;;
nt19369;TL;;;;
nt19370;TL;;;;
nt19371;TL;;;;
nt19372;TL;;;;
nt19373;TL;;;;
nt19374;TL;;;;
nt19375;TL;;;;
nt19376;TL;;;;
nt19377;TL;;;;
nt19378;TL;;;;
nt19379;TL;;;;
nt19380;TL;;;;
nt19381;TL;;;;
nt19382;TL;;;;
nt19383;TL;;;;
nt19384;TL;;;;
nt19385;TL;;;;
nt19386;TL;;;;
nt19387;TL;;;;
nt19388;TL;;;;
nt19389;TL;;;;
nt19390;TL;;;;
nt19391;TL;;;;
nt19392;TL;;;;
nt19393;TL;;;;
nt19394;TL;;;;
nt19395;TL;;;;
nt19396;TL;;;;
nt19397;TL;;;;
nt19398;TL;;;;
nt19399;TL;;;;
nt19400;TL;;;;
nt19401;TL;;;;
nt19402;TL;;;;
nt19403;TL;;;;
nt19404;TL;;;;
nt19405;TL;;;;
nt19406;TL;;;;
nt19407;TL;;;;
nt19408;TL;;;;
nt19409;TL;;;;
nt19410;TL;;;;
nt19411;TL;;;;
nt19412;TL;;;;
nt19413;TL;;;;
nt19414;TL;;;;
nt19415;TL;;;;
nt19416;TL;;;;
nt19417;TL;;;;
nt19418;TL;;;;
nt19419;TL;;;;
nt19420;TL;;;;
nt19421;TL;;;;
nt19422;TL;;;;
nt19423;TL;;;;
nt19424;TL;;;;
nt19425;TL;;;;
nt19426;TL;;;;
nt19427;TL;;;;
nt19428;TL;;;;
nt19429;TL;;;;
nt19430;TL;;;;
nt19431;TL;;;;
nt19432;TL;;;;
nt19433;TL;;;;
nt19434;TL;;;;
nt19435;TL;;;;
nt19436;TL;;;;
nt19437;TL;;;;
nt19438;TL;;;;
nt19439;TL;;;;
nt19440;TL;;;;
nt19441;TL;;;;
nt19442;TL;;;;
nt19443;TL;;;;
nt19444;TL;;;;
nt19445;TL;;;;
nt19446;TL;;;;
nt19447;TL;;;;
nt19448;TL;;;;
nt19449;TL;;;;
nt19450;TL;;;;
nt19451;TL;;;;
nt19452;TL;;;;
nt19453;TL;;;;
nt19454;TL;;;;
nt19455;TL;;;;
nt19456;TL;;;;
nt19457;TL;;;;
nt19458;TL;;;;
nt19459;TL;;;;
nt19460;TL;;;;
nt19461;TL;;;;
nt19462;TL;;;;
nt19463;TL;;;;
nt19464;TL;;;;
nt19465;TL;;;;
nt19466;TL;;;;
nt19467;TL;;;;
nt19468;TL;;;;
nt19469;TL;;;;
nt19470;TL;;;;
nt19471;TL;;;;
nt19472;TL;;;;
nt19473;TL;;;;
nt19474;TL;;;;
nt19475;TL;;;;
nt19476;TL;;;;
nt19477;TL;;;;
nt19478;TL;;;;
nt19479;TL;;;;
nt19480;TL;;;;
nt19481;TL;;;;
nt19482;TL;;;;
nt19483;TL;;;;
nt19484;TL;;;;
nt19485;TL;;;;
nt19486;TL;;;;
nt19487;TL;;;;
nt19488;TL;;;;
nt19489;TL;;;;
nt19490;TL;;;;
nt19491;TL;;;;
nt19492;TL;;;;
nt19493;TL;;;;
nt19494;TL;;;;
nt19495;TL;;;;
nt19496;TL;;;;
nt19497;TL;;;;
nt19498;TL;;;;
nt19499;TL;;;;
nt19500;TL;;;;
nt19501;TL;;;;
nt19502;TL;;;;
nt19503;TL;;;;
nt19504;TL;;;;
nt19505;TL;;;;
nt19506;TL;;;;
nt19507;TL;;;;
nt19508;TL;;;;
nt19509;TL;;;;
nt19510;TL;;;;
nt19511;TL;;;;
nt19512;TL;;;;
nt19513;TL;;;;
nt19514;TL;;;;
nt19515;TL;;;;
nt19516;TL;;;;
nt19517;TL;;;;
nt19518;TL;;;;
nt19519;TL;;;;
nt19520;TL;;;;
nt19521;TL;;;;
nt19522;TL;;;;
nt19523;TL;;;;
nt19524;TL;;;;
nt19525;TL;;;;
nt19526;TL;;;;
nt19527;TL;;;;
nt19528;TL;;;;
nt19529;TL;;;;
nt19530;TL;;;;
nt19531;TL;;;;
nt19532;TL;;;;
nt19533;TL;;;;
nt19534;TL;;;;
nt19535;TL;;;;
nt19536;TL;;;;
nt19537;TL;;;;
nt19538;TL;;;;
nt19539;TL;;;;
nt19540;TL;;;;
nt19541;TL;;;;
nt19542;TL;;;;
nt19543;TL;;;;
nt19544;TL;;;;
nt19545;TL;;;;
nt19546;TL;;;;
nt19547;TL;;;;
nt19548;TL;;;;
nt19549;TL;;;;
nt19550;TL;;;;
nt19551;TL;;;;
nt19552;TL;;;;
nt19553;TL;;;;
nt19554;TL;;;;
nt19555;TL;;;;
nt19556;TL;;;;
nt19557;TL;;;;
nt19558;TL;;;;
nt19559;TL;;;;
nt19560;TL;;;;
nt19561;TL;;;;
nt19562;TL;;;;
nt19563;TL;;;;
nt19564;TL;;;;
nt19565;TL;;;;
nt19566;TL;;;;
nt19567;TL;;;;
nt19568;TL;;;;
nt19569;TL;;;;
nt19570;TL;;;;
nt19571;TL;;;;
nt19572;TL;;;;
nt19573;TL;;;;
nt19574;TL;;;;
nt19575;TL;;;;
nt19576;TL;;;;
nt19577;TL;;;;
nt19578;TL;;;;
nt19579;TL;;;;
nt19580;TL;;;;
nt19581;TL;;;;
nt19582;TL;;;;
nt19583;TL;;;;
nt19584;TL;;;;
nt19585;TL;;;;
nt19586;TL;;;;
nt19587;TL;;;;
nt19588;TL;;;;
nt19589;TL;;;;
nt19590;TL;;;;
nt19591;TL;;;;
nt19592;TL;;;;
nt19593;TL;;;;
nt19594;TL;;;;
nt19595;TL;;;;
nt19596;TL;;;;
nt19597;TL;;;;
nt19598;TL;;;;
nt19599;TL;;;;
nt19600;TL;;;;
nt19601;TL;;;;
nt19602;TL;;;;
nt19603;TL;;;;
nt19604;TL;;;;
nt19605;TL;;;;
nt19606;TL;;;;
nt19607;TL;;;;
nt19608;TL;;;;
nt19609;TL;;;;
nt19610;TL;;;;
nt19611;TL;;;;
nt19612;TL;;;;
nt19613;TL;;;;
nt19614;TL;;;;
nt19615;TL;;;;
nt19616;TL;;;;
nt19617;TL;;;;
nt19618;TL;;;;
nt19619;TL;;;;
nt19620;TL;;;;
nt19621;TL;;;;
nt19622;TL;;;;
nt19623;TL;;;;
nt19624;TL;;;;
nt19625;TL;;;;
nt19626;TL;;;;
nt19627;TL;;;;
nt19628;TL;;;;
nt19629;TL;;;;
nt19630;TL;;;;
nt19631;TL;;;;
nt19632;TL;;;;
nt19633;TL;;;;
nt19634;TL;;;;
nt19635;TL;;;;
nt19636;TL;;;;
nt19637;TL;;;;
nt19638;TL;;;;
nt19639;TL;;;;
nt19640;TL;;;;
nt19641;TL;;;;
nt19642;TL;;;;
nt19643;TL;;;;
nt19644;TL;;;;
nt19645;TL;;;;
nt19646;TL;;;;
nt19647;TL;;;;
nt19648;TL;;;;
nt19649;TL;;;;
nt19650;TL;;;;
nt19651;TL;;;;
nt19652;TL;;;;
nt19653;TL;;;;
nt19654;TL;;;;
nt19655;TL;;;;
nt19656;TL;;;;
nt19657;TL;;;;
nt19658;TL;;;;
nt19659;TL;;;;
nt19660;TL;;;;
nt19661;TL;;;;
nt19662;TL;;;;
nt19663;TL;;;;
nt19664;TL;;;;
nt19665;TL;;;;
nt19666;TL;;;;
nt19667;TL;;;;
nt19668;TL;;;;
nt19669;TL;;;;
nt19670;TL;;;;
nt19671;TL;;;;
nt19672;TL;;;;
nt19673;TL;;;;
nt19674;TL;;;;
nt19675;TL;;;;
nt19676;TL;;;;
nt19677;TL;;;;
nt19678;TL;;;;
nt19679;TL;;;;
nt19680;TL;;;;
nt19681;TL;;;;
nt19682;TL;;;;
nt19683;TL;;;;
nt19684;TL;;;;
nt19685;TL;;;;
nt19686;TL;;;;
nt19687;TL;;;;
nt19688;TL;;;;
nt19689;TL;;;;
nt19690;TL;;;;
nt19691;TL;;;;
nt19692;TL;;;;
nt19693;TL;;;;
nt19694;TL;;;;
nt19695;TL;;;;
nt19696;TL;;;;
nt19697;TL;;;;
nt19698;TL;;;;
nt19699;TL;;;;
nt19700;TL;;;;
nt19701;TL;;;;
nt19702;TL;;;;
nt19703;TL;;;;
nt19704;TL;;;;
nt19705;TL;;;;
nt19706;TL;;;;
nt19707;TL;;;;
nt19708;TL;;;;
nt19709;TL;;;;
nt19710;TL;;;;
nt19711;TL;;;;
nt19712;TL;;;;
nt19713;TL;;;;
nt19714;TL;;;;
nt19715;TL;;;;
nt19716;TL;;;;
nt19717;TL;;;;
nt19718;TL;;;;
nt19719;TL;;;;
nt19720;TL;;;;
nt19721;TL;;;;
nt19722;TL;;;;
nt19723;TL;;;;
nt19724;TL;;;;
nt19725;TL;;;;
nt19726;TL;;;;
nt19727;TL;;;;
nt19728;TL;;;;
nt19729;TL;;;;
nt19730;TL;;;;
nt19731;TL;;;;
nt19732;TL;;;;
nt19733;TL;;;;
nt19734;TL;;;;
nt19735;TL;;;;
nt19736;TL;;;;
nt19737;TL;;;;
nt19738;TL;;;;
nt19739;TL;;;;
nt19740;TL;;;;
nt19741;TL;;;;
nt19742;TL;;;;
nt19743;TL;;;;
nt19744;TL;;;;
nt19745;TL;;;;
nt19746;TL;;;;
nt19747;TL;;;;
nt19748;TL;;;;
nt19749;TL;;;;
nt19750;TL;;;;
nt19751;TL;;;;
nt19752;TL;;;;
nt19753;TL;;;;
nt19754;TL;;;;
nt19755;TL;;;;
nt19756;TL;;;;
nt19757;TL;;;;
nt19758;TL;;;;
nt19759;TL;;;;
nt19760;TL;;;;
nt19761;TL;;;;
nt19762;TL;;;;
nt19763;TL;;;;
nt19764;TL;;;;
nt19765;TL;;;;
nt19766;TL;;;;
nt19767;TL;;;;
nt19768;TL;;;;
nt19769;TL;;;;
nt19770;TL;;;;
nt19771;TL;;;;
nt19772;TL;;;;
nt19773;TL;;;;
nt19774;TL;;;;
nt19775;TL;;;;
nt19776;TL;;;;
nt19777;TL;;;;
nt19778;TL;;;;
nt19779;TL;;;;
nt19780;TL;;;;
nt19781;TL;;;;
nt19782;TL;;;;
nt19783;TL;;;;
nt19784;TL;;;;
nt19785;TL;;;;
nt19786;TL;;;;
nt19787;TL;;;;
nt19788;TL;;;;
nt19789;TL;;;;
nt19790;TL;;;;
nt19791;TL;;;;
nt19792;TL;;;;
nt19793;TL;;;;
nt19794;TL;;;;
nt19795;TL;;;;
nt19796;TL;;;;
nt19797;TL;;;;
nt19798;TL;;;;
nt19799;TL;;;;
nt19800;TL;;;;
nt19801;TL;;;;
nt19802;TL;;;;
nt19803;TL;;;;
nt19804;TL;;;;
nt19805;TL;;;;
nt19806;TL;;;;
nt19807;TL;;;;
nt19808;TL;;;;
nt19809;TL;;;;
nt19810;TL;;;;
nt19811;TL;;;;
nt19812;TL;;;;
nt19813;TL;;;;
nt19814;TL;;;;
nt19815;TL;;;;
nt19816;TL;;;;
nt19817;TL;;;;
nt19818;TL;;;;
nt19819;TL;;;;
nt19820;TL;;;;
nt19821;TL;;;;
nt19822;TL;;;;
nt19823;TL;;;;
nt19824;TL;;;;
nt19825;TL;;;;
nt19826;TL;;;;
nt19827;TL;;;;
nt19828;TL;;;;
nt19829;TL;;;;
nt19830;TL;;;;
nt19831;TL;;;;
nt19832;TL;;;;
nt19833;TL;;;;
nt19834;TL;;;;
nt19835;TL;;;;
nt19836;TL;;;;
nt19837;TL;;;;
nt19838;TL;;;;
nt19839;TL;;;;
nt19840;TL;;;;
nt19841;TL;;;;
nt19842;TL;;;;
nt19843;TL;;;;
nt19844;TL;;;;
nt19845;TL;;;;
nt19846;TL;;;;
nt19847;TL;;;;
nt19848;TL;;;;
nt19849;TL;;;;
nt19850;TL;;;;
nt19851;TL;;;;
nt19852;TL;;;;
nt19853;TL;;;;
nt19854;TL;;;;
nt19855;TL;;;;
nt19856;TL;;;;
nt19857;TL;;;;
nt19858;TL;;;;
nt19859;TL;;;;
nt19860;TL;;;;
nt19861;TL;;;;
nt19862;TL;;;;
nt19863;TL;;;;
nt19864;TL;;;;
nt19865;TL;;;;
nt19866;TL;;;;
nt19867;TL;;;;
nt19868;TL;;;;
nt19869;TL;;;;
nt19870;TL;;;;
nt19871;TL;;;;
nt19872;TL;;;;
nt19873;TL;;;;
nt19874;TL;;;;
nt19875;TL;;;;
nt19876;TL;;;;
nt19877;TL;;;;
nt19878;TL;;;;
nt19879;TL;;;;
nt19880;TL;;;;
nt19881;TL;;;;
nt19882;TL;;;;
nt19883;TL;;;;
nt19884;TL;;;;
nt19885;TL;;;;
nt19886;TL;;;;
nt19887;TL;;;;
nt19888;TL;;;;
nt19889;TL;;;;
nt19890;TL;;;;
nt19891;TL;;;;
nt19892;TL;;;;
nt19893;TL;;;;
nt19894;TL;;;;
nt19895;TL;;;;
nt19896;TL;;;;
nt19897;TL;;;;
nt19898;TL;;;;
nt19899;TL;;;;
nt19900;TL;;;;
nt19901;TL;;;;
nt19902;TL;;;;
nt19903;TL;;;;
nt19904;TL;;;;
nt19905;TL;;;;
nt19906;TL;;;;
nt19907;TL;;;;
nt19908;TL;;;;
nt19909;TL;;;;
nt19910;TL;;;;
nt19911;TL;;;;
nt19912;TL;;;;
nt19913;TL;;;;
nt19914;TL;;;;
nt19915;TL;;;;
nt19916;TL;;;;
nt19917;TL;;;;
nt19918;TL;;;;
nt19919;TL;;;;
nt19920;TL;;;;
nt19921;TL;;;;
nt19922;TL;;;;
nt19923;TL;;;;
nt19924;TL;;;;
nt19925;TL;;;;
nt19926;TL;;;;
nt19927;TL;;;;
nt19928;TL;;;;
nt19929;TL;;;;
nt19930;TL;;;;
nt19931;TL;;;;
nt19932;TL;;;;
nt19933;TL;;;;
nt19934;TL;;;;
nt19935;TL;;;;
nt19936;TL;;;;
nt19937;TL;;;;
nt19938;TL;;;;
nt19939;TL;;;;
nt19940;TL;;;;
nt19941;TL;;;;
nt19942;TL;;;;
nt19943;TL;;;;
nt19944;TL;;;;
nt19945;TL;;;;
nt19946;TL;;;;
nt19947;TL;;;;
nt19948;TL;;;;
nt19949;TL;;;;
nt19950;TL;;;;
nt19951;TL;;;;
nt19952;TL;;;;
nt19953;TL;;;;
nt19954;TL;;;;
nt19955;TL;;;;
nt19956;TL;;;;
nt19957;TL;;;;
nt19958;TL;;;;
nt19959;TL;;;;
nt19960;TL;;;;
nt19961;TL;;;;
nt19962;TL;;;;
nt19963;TL;;;;
nt19964;TL;;;;
nt19965;TL;;;;
nt19966;TL;;;;
nt19967;TL;;;;
nt19968;TL;;;;
nt19969;TL;;;;
nt19970;TL;;;;
nt19971;TL;;;;
nt19972;TL;;;;
nt19973;TL;;;;
nt19974;TL;;;;
nt19975;TL;;;;
nt19976;TL;;;;
nt19977;TL;;;;
nt19978;TL;;;;
nt19979;TL;;;;
nt19980;TL;;;;
nt19981;TL;;;;
nt19982;TL;;;;
nt19983;TL;;;;
nt19984;TL;;;;
nt19985;TL;;;;
nt19986;TL;;;;
nt19987;TL;;;;
nt19988;TL;;;;
nt19989;TL;;;;
nt19990;TL;;;;
nt19991;TL;;;;
nt19992;TL;;;;
nt19993;TL;;;;
nt19994;TL;;;;
nt19995;TL;;;;
nt19996;TL;;;;
nt19997;TL;;;;
nt19998;TL;;;;
nt19999;TL;;;;
nt20000;TL;;;;
nt20001;TL;;;;
nt20002;TL;;;;
nt20003;TL;;;;
nt20004;TL;;;;
nt20005;TL;;;;
nt20006;TL;;;;
nt20007;TL;;;;
nt20008;TL;;;;
nt20009;TL;;;;
nt20010;TL;;;;
nt20011;TL;;;;
nt20012;TL;;;;
nt20013;TL;;;;
nt20014;TL;;;;
nt20015;TL;;;;
nt20016;TL;;;;
nt20017;TL;;;;
nt20018;TL;;;;
nt20019;TL;;;;
nt20020;TL;;;;
nt20021;TL;;;;
nt20022;TL;;;;
nt20023;TL;;;;
nt20024;TL;;;;
nt20025;TL;;;;
nt20026;TL;;;;
nt20027;TL;;;;
nt20028;TL;;;;
nt20029;TL;;;;
nt20030;TL;;;;
nt20031;TL;;;;
nt20032;TL;;;;
nt20033;TL;;;;
nt20034;TL;;;;
nt20035;TL;;;;
nt20036;TL;;;;
nt20037;TL;;;;
nt20038;TL;;;;
nt20039;TL;;;;
nt20040;TL;;;;
nt20041;TL;;;;
nt20042;TL;;;;
nt20043;TL;;;;
nt20044;TL;;;;
nt20045;TL;;;;
nt20046;TL;;;;
nt20047;TL;;;;
nt20048;TL;;;;
nt20049;TL;;;;
nt20050;TL;;;;
nt20051;TL;;;;
nt20052;TL;;;;
nt20053;TL;;;;
nt20054;TL;;;;
nt20055;TL;;;;
nt20056;TL;;;;
nt20057;TL;;;;
nt20058;TL;;;;
nt20059;TL;;;;
nt20060;TL;;;;
nt20061;TL;;;;
nt20062;TL;;;;
nt20063;TL;;;;
nt20064;TL;;;;
nt20065;TL;;;;
nt20066;TL;;;;
nt20067;TL;;;;
nt20068;TL;;;;
nt20069;TL;;;;
nt20070;TL;;;;
nt20071;TL;;;;
nt20072;TL;;;;
nt20073;TL;;;;
nt20074;TL;;;;
nt20075;TL;;;;
nt20076;TL;;;;
nt20077;TL;;;;
nt20078;TL;;;;
nt20079;TL;;;;
nt20080;TL;;;;
nt20081;TL;;;;
nt20082;TL;;;;
nt20083;TL;;;;
nt20084;TL;;;;
nt20085;TL;;;;
nt20086;TL;;;;
nt20087;TL;;;;
nt20088;TL;;;;
nt20089;TL;;;;
nt20090;TL;;;;
nt20091;TL;;;;
nt20092;TL;;;;
nt20093;TL;;;;
nt20094;TL;;;;
nt20095;TL;;;;
nt20096;TL;;;;
nt20097;TL;;;;
nt20098;TL;;;;
nt20099;TL;;;;
nt20100;TL;;;;
nt20101;TL;;;;
nt20102;TL;;;;
nt20103;TL;;;;
nt20104;TL;;;;
nt20105;TL;;;;
nt20106;TL;;;;
nt20107;TL;;;;
nt20108;TL;;;;
nt20109;TL;;;;
nt20110;TL;;;;
nt20111;TL;;;;
nt20112;TL;;;;
nt20113;TL;;;;
nt20114;TL;;;;
nt20115;TL;;;;
nt20116;TL;;;;
nt20117;TL;;;;
nt20118;TL;;;;
nt20119;TL;;;;
nt20120;TL;;;;
nt20121;TL;;;;
nt20122;TL;;;;
nt20123;TL;;;;
nt20124;TL;;;;
nt20125;TL;;;;
nt20126;TL;;;;
nt20127;TL;;;;
nt20128;TL;;;;
nt20129;TL;;;;
nt20130;TL;;;;
nt20131;TL;;;;
nt20132;TL;;;;
nt20133;TL;;;;
nt20134;TL;;;;
nt20135;TL;;;;
nt20136;TL;;;;
nt20137;TL;;;;
nt20138;TL;;;;
nt20139;TL;;;;
nt20140;TL;;;;
nt20141;TL;;;;
nt20142;TL;;;;
nt20143;TL;;;;
nt20144;TL;;;;
nt20145;TL;;;;
nt20146;TL;;;;
nt20147;TL;;;;
nt20148;TL;;;;
nt20149;TL;;;;
nt20150;TL;;;;
nt20151;TL;;;;
nt20152;TL;;;;
nt20153;TL;;;;
nt20154;TL;;;;
nt20155;TL;;;;
nt20156;TL;;;;
nt20157;TL;;;;
nt20158;TL;;;;
nt20159;TL;;;;
nt20160;TL;;;;
nt20161;TL;;;;
nt20162;TL;;;;
nt20163;TL;;;;
nt20164;TL;;;;
nt20165;TL;;;;
nt20166;TL;;;;
nt20167;TL;;;;
nt20168;TL;;;;
nt20169;TL;;;;
nt20170;TL;;;;
nt20171;TL;;;;
nt20172;TL;;;;
nt20173;TL;;;;
nt20174;TL;;;;
nt20175;TL;;;;
nt20176;TL;;;;
nt20177;TL;;;;
nt20178;TL;;;;
nt20179;TL;;;;
nt20180;TL;;;;
nt20181;TL;;;;
nt20182;TL;;;;
nt20183;TL;;;;
nt20184;TL;;;;
nt20185;TL;;;;
nt20186;TL;;;;
nt20187;TL;;;;
nt20188;TL;;;;
nt20189;TL;;;;
nt20190;TL;;;;
nt20191;TL;;;;
nt20192;TL;;;;
nt20193;TL;;;;
nt20194;TL;;;;
nt20195;TL;;;;
nt20196;TL;;;;
nt20197;TL;;;;
nt20198;TL;;;;
nt20199;TL;;;;
nt20200;TL;;;;
nt20201;TL;;;;
nt20202;TL;;;;
nt20203;TL;;;;
nt20204;TL;;;;
nt20205;TL;;;;
nt20206;TL;;;;
nt20207;TL;;;;
nt20208;TL;;;;
nt20209;TL;;;;
nt20210;TL;;;;
nt20211;TL;;;;
nt20212;TL;;;;
nt20213;TL;;;;
nt20214;TL;;;;
nt20215;TL;;;;
nt20216;TL;;;;
nt20217;TL;;;;
nt20218;TL;;;;
nt20219;TL;;;;
nt20220;TL;;;;
nt20221;TL;;;;
nt20222;TL;;;;
nt20223;TL;;;;
nt20224;TL;;;;
nt20225;TL;;;;
nt20226;TL;;;;
nt20227;TL;;;;
nt20228;TL;;;;
nt20229;TL;;;;
nt20230;TL;;;;
nt20231;TL;;;;
nt20232;TL;;;;
nt20233;TL;;;;
nt20234;TL;;;;
nt20235;TL;;;;
nt20236;TL;;;;
nt20237;TL;;;;
nt20238;TL;;;;
nt20239;TL;;;;
nt20240;TL;;;;
nt20241;TL;;;;
nt20242;TL;;;;
nt20243;TL;;;;
nt20244;TL;;;;
nt20245;TL;;;;
nt20246;TL;;;;
nt20247;TL;;;;
nt20248;TL;;;;
nt20249;TL;;;;
nt20250;TL;;;;
nt20251;TL;;;;
nt20252;TL;;;;
nt20253;TL;;;;
nt20254;TL;;;;
nt20255;TL;;;;
nt20256;TL;;;;
nt20257;TL;;;;
nt20258;TL;;;;
nt20259;TL;;;;
nt20260;TL;;;;
nt20261;TL;;;;
nt20262;TL;;;;
nt20263;TL;;;;
nt20264;TL;;;;
nt20265;TL;;;;
nt20266;TL;;;;
nt20267;TL;;;;
nt20268;TL;;;;
nt20269;TL;;;;
nt20270;TL;;;;
nt20271;TL;;;;
nt20272;TL;;;;
nt20273;TL;;;;
nt20274;TL;;;;
nt20275;TL;;;;
nt20276;TL;;;;
nt20277;TL;;;;
nt20278;TL;;;;
nt20279;TL;;;;
nt20280;TL;;;;
nt20281;TL;;;;
nt20282;TL;;;;
nt20283;TL;;;;
nt20284;TL;;;;
nt20285;TL;;;;
nt20286;TL;;;;
nt20287;TL;;;;
nt20288;TL;;;;
nt20289;TL;;;;
nt20290;TL;;;;
nt20291;TL;;;;
nt20292;TL;;;;
nt20293;TL;;;;
nt20294;TL;;;;
nt20295;TL;;;;
nt20296;TL;;;;
nt20297;TL;;;;
nt20298;TL;;;;
nt20299;TL;;;;
nt20300;TL;;;;
nt20301;TL;;;;
nt20302;TL;;;;
nt20303;TL;;;;
nt20304;TL;;;;
nt20305;TL;;;;
nt20306;TL;;;;
nt20307;TL;;;;
nt20308;TL;;;;
nt20309;TL;;;;
nt20310;TL;;;;
nt20311;TL;;;;
nt20312;TL;;;;
nt20313;TL;;;;
nt20314;TL;;;;
nt20315;TL;;;;
nt20316;TL;;;;
nt20317;TL;;;;
nt20318;TL;;;;
nt20319;TL;;;;
nt20320;TL;;;;
nt20321;TL;;;;
nt20322;TL;;;;
nt20323;TL;;;;
nt20324;TL;;;;
nt20325;TL;;;;
nt20326;TL;;;;
nt20327;TL;;;;
nt20328;TL;;;;
nt20329;TL;;;;
nt20330;TL;;;;
nt20331;TL;;;;
nt20332;TL;;;;
nt20333;TL;;;;
nt20334;TL;;;;
nt20335;TL;;;;
nt20336;TL;;;;
nt20337;TL;;;;
nt20338;TL;;;;
nt20339;TL;;;;
nt20340;TL;;;;
nt20341;TL;;;;
nt20342;TL;;;;
nt20343;TL;;;;
nt20344;TL;;;;
nt20345;TL;;;;
nt20346;TL;;;;
nt20347;TL;;;;
nt20348;TL;;;;
nt20349;TL;;;;
nt20350;TL;;;;
nt20351;TL;;;;
nt20352;TL;;;;
nt20353;TL;;;;
nt20354;TL;;;;
nt20355;TL;;;;
nt20356;TL;;;;
nt20357;TL;;;;
nt20358;TL;;;;
nt20359;TL;;;;
nt20360;TL;;;;
nt20361;TL;;;;
nt20362;TL;;;;
nt20363;TL;;;;
nt20364;TL;;;;
nt20365;TL;;;;
nt20366;TL;;;;
nt20367;TL;;;;
nt20368;TL;;;;
nt20369;TL;;;;
nt20370;TL;;;;
nt20371;TL;;;;
nt20372;TL;;;;
nt20373;TL;;;;
nt20374;TL;;;;
nt20375;TL;;;;
nt20376;TL;;;;
nt20377;TL;;;;
nt20378;TL;;;;
nt20379;TL;;;;
nt20380;TL;;;;
nt20381;TL;;;;
nt20382;TL;;;;
nt20383;TL;;;;
nt20384;TL;;;;
nt20385;TL;;;;
nt20386;TL;;;;
nt20387;TL;;;;
nt20388;TL;;;;
nt20389;TL;;;;
nt20390;TL;;;;
nt20391;TL;;;;
nt20392;TL;;;;
nt20393;TL;;;;
nt20394;TL;;;;
nt20395;TL;;;;
nt20396;TL;;;;
nt20397;TL;;;;
nt20398;TL;;;;
nt20399;TL;;;;
nt20400;TL;;;;
nt20401;TL;;;;
nt20402;TL;;;;
nt20403;TL;;;;
nt20404;TL;;;;
nt20405;TL;;;;
nt20406;TL;;;;
nt20407;TL;;;;
nt20408;TL;;;;
nt20409;TL;;;;
nt20410;TL;;;;
nt20411;TL;;;;
nt20412;TL;;;;
nt20413;TL;;;;
nt20414;TL;;;;
nt20415;TL;;;;
nt20416;TL;;;;
nt20417;TL;;;;
nt20418;TL;;;;
nt20419;TL;;;;
nt20420;TL;;;;
nt20421;TL;;;;
nt20422;TL;;;;
nt20423;TL;;;;
nt20424;TL;;;;
nt20425;TL;;;;
nt20426;TL;;;;
nt20427;TL;;;;
nt20428;TL;;;;
nt20429;TL;;;;
nt20430;TL;;;;
nt20431;TL;;;;
nt20432;TL;;;;
nt20433;TL;;;;
nt20434;TL;;;;
nt20435;TL;;;;
nt20436;TL;;;;
nt20437;TL;;;;
nt20438;TL;;;;
nt20439;TL;;;;
nt20440;TL;;;;
nt20441;TL;;;;
nt20442;TL;;;;
nt20443;TL;;;;
nt20444;TL;;;;
nt20445;TL;;;;
nt20446;TL;;;;
nt20447;TL;;;;
nt20448;TL;;;;
nt20449;TL;;;;
nt20450;TL;;;;
nt20451;TL;;;;
nt20452;TL;;;;
nt20453;TL;;;;
nt20454;TL;;;;
nt20455;TL;;;;
nt20456;TL;;;;
nt20457;TL;;;;
nt20458;TL;;;;
nt20459;TL;;;;
nt20460;TL;;;;
nt20461;TL;;;;
nt20462;TL;;;;
nt20463;TL;;;;
nt20464;TL;;;;
nt20465;TL;;;;
nt20466;TL;;;;
nt20467;TL;;;;
nt20468;TL;;;;
nt20469;TL;;;;
nt20470;TL;;;;
nt20471;TL;;;;
nt20472;TL;;;;
nt20473;TL;;;;
nt20474;TL;;;;
nt20475;TL;;;;
nt20476;TL;;;;
nt20477;TL;;;;
nt20478;TL;;;;
nt20479;TL;;;;
nt20480;TL;;;;
nt20481;TL;;;;
nt20482;TL;;;;
nt20483;TL;;;;
nt20484;TL;;;;
nt20485;TL;;;;
nt20486;TL;;;;
nt20487;TL;;;;
nt20488;TL;;;;
nt20489;TL;;;;
nt20490;TL;;;;
nt20491;TL;;;;
nt20492;TL;;;;
nt20493;TL;;;;
nt20494;TL;;;;
nt20495;TL;;;;
nt20496;TL;;;;
nt20497;TL;;;;
nt20498;TL;;;;
nt20499;TL;;;;
nt20500;TL;;;;
nt20501;TL;;;;
nt20502;TL;;;;
nt20503;TL;;;;
nt20504;TL;;;;
nt20505;TL;;;;
nt20506;TL;;;;
nt20507;TL;;;;
nt20508;TL;;;;
nt20509;TL;;;;
nt20510;TL;;;;
nt20511;TL;;;;
nt20512;TL;;;;
nt20513;TL;;;;
nt20514;TL;;;;
nt20515;TL;;;;
nt20516;TL;;;;
nt20517;TL;;;;
nt20518;TL;;;;
nt20519;TL;;;;
nt20520;TL;;;;
nt20521;TL;;;;
nt20522;TL;;;;
nt20523;TL;;;;
nt20524;TL;;;;
nt20525;TL;;;;
nt20526;TL;;;;
nt20527;TL;;;;
nt20528;TL;;;;
nt20529;TL;;;;
nt20530;TL;;;;
nt20531;TL;;;;
nt20532;TL;;;;
nt20533;TL;;;;
nt20534;TL;;;;
nt20535;TL;;;;
nt20536;TL;;;;
nt20537;TL;;;;
nt20538;TL;;;;
nt20539;TL;;;;
nt20540;TL;;;;
nt20541;TL;;;;
nt20542;TL;;;;
nt20543;TL;;;;
nt20544;TL;;;;
nt20545;TL;;;;
nt20546;TL;;;;
nt20547;TL;;;;
nt20548;TL;;;;
nt20549;TL;;;;
nt20550;TL;;;;
nt20551;TL;;;;
nt20552;TL;;;;
nt20553;TL;;;;
nt20554;TL;;;;
nt20555;TL;;;;
nt20556;TL;;;;
nt20557;TL;;;;
nt20558;TL;;;;
nt20559;TL;;;;
nt20560;TL;;;;
nt20561;TL;;;;
nt20562;TL;;;;
nt20563;TL;;;;
nt20564;TL;;;;
nt20565;TL;;;;
nt20566;TL;;;;
nt20567;TL;;;;
nt20568;TL;;;;
nt20569;TL;;;;
nt20570;TL;;;;
nt20571;TL;;;;
nt20572;TL;;;;
nt20573;TL;;;;
nt20574;TL;;;;
nt20575;TL;;;;
nt20576;TL;;;;
nt20577;TL;;;;
nt20578;TL;;;;
nt20579;TL;;;;
nt20580;TL;;;;
nt20581;TL;;;;
nt20582;TL;;;;
nt20583;TL;;;;
nt20584;TL;;;;
nt20585;TL;;;;
nt20586;TL;;;;
nt20587;TL;;;;
nt20588;TL;;;;
nt20589;TL;;;;
nt20590;TL;;;;
nt20591;TL;;;;
nt20592;TL;;;;
nt20593;TL;;;;
nt20594;TL;;;;
nt20595;TL;;;;
nt20596;TL;;;;
nt20597;TL;;;;
nt20598;TL;;;;
nt20599;TL;;;;
nt20600;TL;;;;
nt20601;TL;;;;
nt20602;TL;;;;
nt20603;TL;;;;
nt20604;TL;;;;
nt20605;TL;;;;
nt20606;TL;;;;
nt20607;TL;;;;
nt20608;TL;;;;
nt20609;TL;;;;
nt20610;TL;;;;
nt20611;TL;;;;
nt20612;TL;;;;
nt20613;TL;;;;
nt20614;TL;;;;
nt20615;TL;;;;
nt20616;TL;;;;
nt20617;TL;;;;
nt20618;TL;;;;
nt20619;TL;;;;
nt20620;TL;;;;
nt20621;TL;;;;
nt20622;TL;;;;
nt20623;TL;;;;
nt20624;TL;;;;
nt20625;TL;;;;
nt20626;TL;;;;
nt20627;TL;;;;
nt20628;TL;;;;
nt20629;TL;;;;
nt20630;TL;;;;
nt20631;TL;;;;
nt20632;TL;;;;
nt20633;TL;;;;
nt20634;TL;;;;
nt20635;TL;;;;
nt20636;TL;;;;
nt20637;TL;;;;
nt20638;TL;;;;
nt20639;TL;;;;
nt20640;TL;;;;
nt20641;TL;;;;
nt20642;TL;;;;
nt20643;TL;;;;
nt20644;TL;;;;
nt20645;TL;;;;
nt20646;TL;;;;
nt20647;TL;;;;
nt20648;TL;;;;
nt20649;TL;;;;
nt20650;TL;;;;
nt20651;TL;;;;
nt20652;TL;;;;
nt20653;TL;;;;
nt20654;TL;;;;
nt20655;TL;;;;
nt20656;TL;;;;
nt20657;TL;;;;
nt20658;TL;;;;
nt20659;TL;;;;
nt20660;TL;;;;
nt20661;TL;;;;
nt20662;TL;;;;
nt20663;TL;;;;
nt20664;TL;;;;
nt20665;TL;;;;
nt20666;TL;;;;
nt20667;TL;;;;
nt20668;TL;;;;
nt20669;TL;;;;
nt20670;TL;;;;
nt20671;TL;;;;
nt20672;TL;;;;
nt20673;TL;;;;
nt20674;TL;;;;
nt20675;TL;;;;
nt20676;TL;;;;
nt20677;TL;;;;
nt20678;TL;;;;
nt20679;TL;;;;
nt20680;TL;;;;
nt20681;TL;;;;
nt20682;TL;;;;
nt20683;TL;;;;
nt20684;TL;;;;
nt20685;TL;;;;
nt20686;TL;;;;
nt20687;TL;;;;
nt20688;TL;;;;
nt20689;TL;;;;
nt20690;TL;;;;
nt20691;TL;;;;
nt20692;TL;;;;
nt20693;TL;;;;
nt20694;TL;;;;
nt20695;TL;;;;
nt20696;TL;;;;
nt20697;TL;;;;
nt20698;TL;;;;
nt20699;TL;;;;
nt20700;TL;;;;
nt20701;TL;;;;
nt20702;TL;;;;
nt20703;TL;;;;
nt20704;TL;;;;
nt20705;TL;;;;
nt20706;TL;;;;
nt20707;TL;;;;
nt20708;TL;;;;
nt20709;TL;;;;
nt20710;TL;;;;
nt20711;TL;;;;
nt20712;TL;;;;
nt20713;TL;;;;
nt20714;TL;;;;
nt20715;TL;;;;
nt20716;TL;;;;
nt20717;TL;;;;
nt20718;TL;;;;
nt20719;TL;;;;
nt20720;TL;;;;
nt20721;TL;;;;
nt20722;TL;;;;
nt20723;TL;;;;
nt20724;TL;;;;
nt20725;TL;;;;
nt20726;TL;;;;
nt20727;TL;;;;
nt20728;TL;;;;
nt20729;TL;;;;
nt20730;TL;;;;
nt20731;TL;;;;
nt20732;TL;;;;
nt20733;TL;;;;
nt20734;TL;;;;
nt20735;TL;;;;
nt20736;TL;;;;
nt20737;TL;;;;
nt20738;TL;;;;
nt20739;TL;;;;
nt20740;TL;;;;
nt20741;TL;;;;
nt20742;TL;;;;
nt20743;TL;;;;
nt20744;TL;;;;
nt20745;TL;;;;
nt20746;TL;;;;
nt20747;TL;;;;
nt20748;TL;;;;
nt20749;TL;;;;
nt20750;TL;;;;
nt20751;TL;;;;
nt20752;TL;;;;
nt20753;TL;;;;
nt20754;TL;;;;
nt20755;TL;;;;
nt20756;TL;;;;
nt20757;TL;;;;
nt20758;TL;;;;
nt20759;TL;;;;
nt20760;TL;;;;
nt20761;TL;;;;
nt20762;TL;;;;
nt20763;TL;;;;
nt20764;TL;;;;
nt20765;TL;;;;
nt20766;TL;;;;
nt20767;TL;;;;
nt20768;TL;;;;
nt20769;TL;;;;
nt20770;TL;;;;
nt20771;TL;;;;
nt20772;TL;;;;
nt20773;TL;;;;
nt20774;TL;;;;
nt20775;TL;;;;
nt20776;TL;;;;
nt20777;TL;;;;
nt20778;TL;;;;
nt20779;TL;;;;
nt20780;TL;;;;
nt20781;TL;;;;
nt20782;TL;;;;
nt20783;TL;;;;
nt20784;TL;;;;
nt20785;TL;;;;
nt20786;TL;;;;
nt20787;TL;;;;
nt20788;TL;;;;
nt20789;TL;;;;
nt20790;TL;;;;
nt20791;TL;;;;
nt20792;TL;;;;
nt20793;TL;;;;
nt20794;TL;;;;
nt20795;TL;;;;
nt20796;TL;;;;
nt20797;TL;;;;
nt20798;TL;;;;
nt20799;TL;;;;
nt20800;TL;;;;
nt20801;TL;;;;
nt20802;TL;;;;
nt20803;TL;;;;
nt20804;TL;;;;
nt20805;TL;;;;
nt20806;TL;;;;
nt20807;TL;;;;
nt20808;TL;;;;
nt20809;TL;;;;
nt20810;TL;;;;
nt20811;TL;;;;
nt20812;TL;;;;
nt20813;TL;;;;
nt20814;TL;;;;
nt20815;TL;;;;
nt20816;TL;;;;
nt20817;TL;;;;
nt20818;TL;;;;
nt20819;TL;;;;
nt20820;TL;;;;
nt20821;TL;;;;
nt20822;TL;;;;
nt20823;TL;;;;
nt20824;TL;;;;
nt20825;TL;;;;
nt20826;TL;;;;
nt20827;TL;;;;
nt20828;TL;;;;
nt20829;TL;;;;
nt20830;TL;;;;
nt20831;TL;;;;
nt20832;TL;;;;
nt20833;TL;;;;
nt20834;TL;;;;
nt20835;TL;;;;
nt20836;TL;;;;
nt20837;TL;;;;
nt20838;TL;;;;
nt20839;TL;;;;
nt20840;TL;;;;
nt20841;TL;;;;
nt20842;TL;;;;
nt20843;TL;;;;
nt20844;TL;;;;
nt20845;TL;;;;
nt20846;TL;;;;
nt20847;TL;;;;
nt20848;TL;;;;
nt20849;TL;;;;
nt20850;TL;;;;
nt20851;TL;;;;
nt20852;TL;;;;
nt20853;TL;;;;
nt20854;TL;;;;
nt20855;TL;;;;
nt20856;TL;;;;
nt20857;TL;;;;
nt20858;TL;;;;
nt20859;TL;;;;
nt20860;TL;;;;
nt20861;TL;;;;
nt20862;TL;;;;
nt20863;TL;;;;
nt20864;TL;;;;
nt20865;TL;;;;
nt20866;TL;;;;
nt20867;TL;;;;
nt20868;TL;;;;
nt20869;TL;;;;
nt20870;TL;;;;
nt20871;TL;;;;
nt20872;TL;;;;
nt20873;TL;;;;
nt20874;TL;;;;
nt20875;TL;;;;
nt20876;TL;;;;
nt20877;TL;;;;
nt20878;TL;;;;
nt20879;TL;;;;
nt20880;TL;;;;
nt20881;TL;;;;
nt20882;TL;;;;
nt20883;TL;;;;
nt20884;TL;;;;
nt20885;TL;;;;
nt20886;TL;;;;
nt20887;TL;;;;
nt20888;TL;;;;
nt20889;TL;;;;
nt20890;TL;;;;
nt20891;TL;;;;
nt20892;TL;;;;
nt20893;TL;;;;
nt20894;TL;;;;
nt20895;TL;;;;
nt20896;TL;;;;
nt20897;TL;;;;
nt20898;TL;;;;
nt20899;TL;;;;
nt20900;TL;;;;
nt20901;TL;;;;
nt20902;TL;;;;
nt20903;TL;;;;
nt20904;TL;;;;
nt20905;TL;;;;
nt20906;TL;;;;
nt20907;TL;;;;
nt20908;TL;;;;
nt20909;TL;;;;
nt20910;TL;;;;
nt20911;TL;;;;
nt20912;TL;;;;
nt20913;TL;;;;
nt20914;TL;;;;
nt20915;TL;;;;
nt20916;TL;;;;
nt20917;TL;;;;
nt20918;TL;;;;
nt20919;TL;;;;
nt20920;TL;;;;
nt20921;TL;;;;
nt20922;TL;;;;
nt20923;TL;;;;
nt20924;TL;;;;
nt20925;TL;;;;
nt20926;TL;;;;
nt20927;TL;;;;
nt20928;TL;;;;
nt20929;TL;;;;
nt20930;TL;;;;
nt20931;TL;;;;
nt20932;TL;;;;
nt20933;TL;;;;
nt20934;TL;;;;
nt20935;TL;;;;
nt20936;TL;;;;
nt20937;TL;;;;
nt20938;TL;;;;
nt20939;TL;;;;
nt20940;TL;;;;
nt20941;TL;;;;
nt20942;TL;;;;
nt20943;TL;;;;
nt20944;TL;;;;
nt20945;TL;;;;
nt20946;TL;;;;
nt20947;TL;;;;
nt20948;TL;;;;
nt20949;TL;;;;
nt20950;TL;;;;
nt20951;TL;;;;
nt20952;TL;;;;
nt20953;TL;;;;
nt20954;TL;;;;
nt20955;TL;;;;
nt20956;TL;;;;
nt20957;TL;;;;
nt20958;TL;;;;
nt20959;TL;;;;
nt20960;TL;;;;
nt20961;TL;;;;
nt20962;TL;;;;
nt20963;TL;;;;
nt20964;TL;;;;
nt20965;TL;;;;
nt20966;TL;;;;
nt20967;TL;;;;
nt20968;TL;;;;
nt20969;TL;;;;
nt20970;TL;;;;
nt20971;TL;;;;
nt20972;TL;;;;
nt20973;TL;;;;
nt20974;TL;;;;
nt20975;TL;;;;
nt20976;TL;;;;
nt20977;TL;;;;
nt20978;TL;;;;
nt20979;TL;;;;
nt20980;TL;;;;
nt20981;TL;;;;
nt20982;TL;;;;
nt20983;TL;;;;
nt20984;TL;;;;
nt20985;TL;;;;
nt20986;TL;;;;
nt20987;TL;;;;
nt20988;TL;;;;
nt20989;TL;;;;
nt20990;TL;;;;
nt20991;TL;;;;
nt20992;TL;;;;
nt20993;TL;;;;
nt20994;TL;;;;
nt20995;TL;;;;
nt20996;TL;;;;
nt20997;TL;;;;
nt20998;TL;;;;
nt20999;TL;;;;
nt21000;TL;;;;
nt21001;TL;;;;
nt21002;TL;;;;
nt21003;TL;;;;
nt21004;TL;;;;
nt21005;TL;;;;
nt21006;TL;;;;
nt21007;TL;;;;
nt21008;TL;;;;
nt21009;TL;;;;
nt21010;TL;;;;
nt21011;TL;;;;
nt21012;TL;;;;
nt21013;TL;;;;
nt21014;TL;;;;
nt21015;TL;;;;
nt21016;TL;;;;
nt21017;TL;;;;
nt21018;TL;;;;
nt21019;TL;;;;
nt21020;TL;;;;
nt21021;TL;;;;
nt21022;TL;;;;
nt21023;TL;;;;
nt21024;TL;;;;
nt21025;TL;;;;
nt21026;TL;;;;
nt21027;TL;;;;
nt21028;TL;;;;
nt21029;TL;;;;
nt21030;TL;;;;
nt21031;TL;;;;
nt21032;TL;;;;
nt21033;TL;;;;
nt21034;TL;;;;
nt21035;TL;;;;
nt21036;TL;;;;
nt21037;TL;;;;
nt21038;TL;;;;
nt21039;TL;;;;
nt21040;TL;;;;
nt21041;TL;;;;
nt21042;TL;;;;
nt21043;TL;;;;
nt21044;TL;;;;
nt21045;TL;;;;
nt21046;TL;;;;
nt21047;TL;;;;
nt21048;TL;;;;
nt21049;TL;;;;
nt21050;TL;;;;
nt21051;TL;;;;
nt21052;TL;;;;
nt21053;TL;;;;
nt21054;TL;;;;
nt21055;TL;;;;
nt21056;TL;;;;
nt21057;TL;;;;
nt21058;TL;;;;
nt21059;TL;;;;
nt21060;TL;;;;
nt21061;TL;;;;
nt21062;TL;;;;
nt21063;TL;;;;
nt21064;TL;;;;
nt21065;TL;;;;
nt21066;TL;;;;
nt21067;TL;;;;
nt21068;TL;;;;
nt21069;TL;;;;
nt21070;TL;;;;
nt21071;TL;;;;
nt21072;TL;;;;
nt21073;TL;;;;
nt21074;TL;;;;
nt21075;TL;;;;
nt21076;TL;;;;
nt21077;TL;;;;
nt21078;TL;;;;
nt21079;TL;;;;
nt21080;TL;;;;
nt21081;TL;;;;
nt21082;TL;;;;
nt21083;TL;;;;
nt21084;TL;;;;
nt21085;TL;;;;
nt21086;TL;;;;
nt21087;TL;;;;
nt21088;TL;;;;
nt21089;TL;;;;
nt21090;TL;;;;
nt21091;TL;;;;
nt21092;TL;;;;
nt21093;TL;;;;
nt21094;TL;;;;
nt21095;TL;;;;
nt21096;TL;;;;
nt21097;TL;;;;
nt21098;TL;;;;
nt21099;TL;;;;
nt21100;TL;;;;
nt21101;TL;;;;
nt21102;TL;;;;
nt21103;TL;;;;
nt21104;TL;;;;
nt21105;TL;;;;
nt21106;TL;;;;
nt21107;TL;;;;
nt21108;TL;;;;
nt21109;TL;;;;
nt21110;TL;;;;
nt21111;TL;;;;
nt21112;TL;;;;
nt21113;TL;;;;
nt21114;TL;;;;
nt21115;TL;;;;
nt21116;TL;;;;
nt21117;TL;;;;
nt21118;TL;;;;
nt21119;TL;;;;
nt21120;TL;;;;
nt21121;TL;;;;
nt21122;TL;;;;
nt21123;TL;;;;
nt21124;TL;;;;
nt21125;TL;;;;
nt21126;TL;;;;
nt21127;TL;;;;
nt21128;TL;;;;
nt21129;TL;;;;
nt21130;TL;;;;
nt21131;TL;;;;
nt21132;TL;;;;
nt21133;TL;;;;
nt21134;TL;;;;
nt21135;TL;;;;
nt21136;TL;;;;
nt21137;TL;;;;
nt21138;TL;;;;
nt21139;TL;;;;
nt21140;TL;;;;
nt21141;TL;;;;
nt21142;TL;;;;
nt21143;TL;;;;
nt21144;TL;;;;
nt21145;TL;;;;
nt21146;TL;;;;
nt21147;TL;;;;
nt21148;TL;;;;
nt21149;TL;;;;
nt21150;TL;;;;
nt21151;TL;;;;
nt21152;TL;;;;
nt21153;TL;;;;
nt21154;TL;;;;
nt21155;TL;;;;
nt21156;TL;;;;
nt21157;TL;;;;
nt21158;TL;;;;
nt21159;TL;;;;
nt21160;TL;;;;
nt21161;TL;;;;
nt21162;TL;;;;
nt21163;TL;;;;
nt21164;TL;;;;
nt21165;TL;;;;
nt21166;TL;;;;
nt21167;TL;;;;
nt21168;TL;;;;
nt21169;TL;;;;
nt21170;TL;;;;
nt21171;TL;;;;
nt21172;TL;;;;
nt21173;TL;;;;
nt21174;TL;;;;
nt21175;TL;;;;
nt21176;TL;;;;
nt21177;TL;;;;
nt21178;TL;;;;
nt21179;TL;;;;
nt21180;TL;;;;
nt21181;TL;;;;
nt21182;TL;;;;
nt21183;TL;;;;
nt21184;TL;;;;
nt21185;TL;;;;
nt21186;TL;;;;
nt21187;TL;;;;
nt21188;TL;;;;
nt21189;TL;;;;
nt21190;TL;;;;
nt21191;TL;;;;
nt21192;TL;;;;
nt21193;TL;;;;
nt21194;TL;;;;
nt21195;TL;;;;
nt21196;TL;;;;
nt21197;TL;;;;
nt21198;TL;;;;
nt21199;TL;;;;
nt21200;TL;;;;
nt21201;TL;;;;
nt21202;TL;;;;
nt21203;TL;;;;
nt21204;TL;;;;
nt21205;TL;;;;
nt21206;TL;;;;
nt21207;TL;;;;
nt21208;TL;;;;
nt21209;TL;;;;
nt21210;TL;;;;
nt21211;TL;;;;
nt21212;TL;;;;
nt21213;TL;;;;
nt21214;TL;;;;
nt21215;TL;;;;
nt21216;TL;;;;
nt21217;TL;;;;
nt21218;TL;;;;
nt21219;TL;;;;
nt21220;TL;;;;
nt21221;TL;;;;
nt21222;TL;;;;
nt21223;TL;;;;
nt21224;TL;;;;
nt21225;TL;;;;
nt21226;TL;;;;
nt21227;TL;;;;
nt21228;TL;;;;
nt21229;TL;;;;
nt21230;TL;;;;
nt21231;TL;;;;
nt21232;TL;;;;
nt21233;TL;;;;
nt21234;TL;;;;
nt21235;TL;;;;
nt21236;TL;;;;
nt21237;TL;;;;
nt21238;TL;;;;
nt21239;TL;;;;
nt21240;TL;;;;
nt21241;TL;;;;
nt21242;TL;;;;
nt21243;TL;;;;
nt21244;TL;;;;
nt21245;TL;;;;
nt21246;TL;;;;
nt21247;TL;;;;
nt21248;TL;;;;
nt21249;TL;;;;
nt21250;TL;;;;
nt21251;TL;;;;
nt21252;TL;;;;
nt21253;TL;;;;
nt21254;TL;;;;
nt21255;TL;;;;
nt21256;TL;;;;
nt21257;TL;;;;
nt21258;TL;;;;
nt21259;TL;;;;
nt21260;TL;;;;
nt21261;TL;;;;
nt21262;TL;;;;
nt21263;TL;;;;
nt21264;TL;;;;
nt21265;TL;;;;
nt21266;TL;;;;
nt21267;TL;;;;
nt21268;TL;;;;
nt21269;TL;;;;
nt21270;TL;;;;
nt21271;TL;;;;
nt21272;TL;;;;
nt21273;TL;;;;
nt21274;TL;;;;
nt21275;TL;;;;
nt21276;TL;;;;
nt21277;TL;;;;
nt21278;TL;;;;
nt21279;TL;;;;
nt21280;TL;;;;
nt21281;TL;;;;
nt21282;TL;;;;
nt21283;TL;;;;
nt21284;TL;;;;
nt21285;TL;;;;
nt21286;TL;;;;
nt21287;TL;;;;
nt21288;TL;;;;
nt21289;TL;;;;
nt21290;TL;;;;
nt21291;TL;;;;
nt21292;TL;;;;
nt21293;TL;;;;
nt21294;TL;;;;
nt21295;TL;;;;
nt21296;TL;;;;
nt21297;TL;;;;
nt21298;TL;;;;
nt21299;TL;;;;
nt21300;TL;;;;
nt21301;TL;;;;
nt21302;TL;;;;
nt21303;TL;;;;
nt21304;TL;;;;
nt21305;TL;;;;
nt21306;TL;;;;
nt21307;TL;;;;
nt21308;TL;;;;
nt21309;TL;;;;
nt21310;TL;;;;
nt21311;TL;;;;
nt21312;TL;;;;
nt21313;TL;;;;
nt21314;TL;;;;
nt21315;TL;;;;
nt21316;TL;;;;
nt21317;TL;;;;
nt21318;TL;;;;
nt21319;TL;;;;
nt21320;TL;;;;
nt21321;TL;;;;
nt21322;TL;;;;
nt21323;TL;;;;
nt21324;TL;;;;
nt21325;TL;;;;
nt21326;TL;;;;
nt21327;TL;;;;
nt21328;TL;;;;
nt21329;TL;;;;
nt21330;TL;;;;
nt21331;TL;;;;
nt21332;TL;;;;
nt21333;TL;;;;
nt21334;TL;;;;
nt21335;TL;;;;
nt21336;TL;;;;
nt21337;TL;;;;
nt21338;TL;;;;
nt21339;TL;;;;
nt21340;TL;;;;
nt21341;TL;;;;
nt21342;TL;;;;
nt21343;TL;;;;
nt21344;TL;;;;
nt21345;TL;;;;
nt21346;TL;;;;
nt21347;TL;;;;
nt21348;TL;;;;
nt21349;TL;;;;
nt21350;TL;;;;
nt21351;TL;;;;
nt21352;TL;;;;
nt21353;TL;;;;
nt21354;TL;;;;
nt21355;TL;;;;
nt21356;TL;;;;
nt21357;TL;;;;
nt21358;TL;;;;
nt21359;TL;;;;
nt21360;TL;;;;
nt21361;TL;;;;
nt21362;TL;;;;
nt21363;TL;;;;
nt21364;TL;;;;
nt21365;TL;;;;
nt21366;TL;;;;
nt21367;TL;;;;
nt21368;TL;;;;
nt21369;TL;;;;
nt21370;TL;;;;
nt21371;TL;;;;
nt21372;TL;;;;
nt21373;TL;;;;
nt21374;TL;;;;
nt21375;TL;;;;
nt21376;TL;;;;
nt21377;TL;;;;
nt21378;TL;;;;
nt21379;TL;;;;
nt21380;TL;;;;
nt21381;TL;;;;
nt21382;TL;;;;
nt21383;TL;;;;
nt21384;TL;;;;
nt21385;TL;;;;
nt21386;TL;;;;
nt21387;TL;;;;
nt21388;TL;;;;
nt21389;TL;;;;
nt21390;TL;;;;
nt21391;TL;;;;
nt21392;TL;;;;
nt21393;TL;;;;
nt21394;TL;;;;
nt21395;TL;;;;
nt21396;TL;;;;
nt21397;TL;;;;
nt21398;TL;;;;
nt21399;TL;;;;
nt21400;TL;;;;
nt21401;TL;;;;
nt21402;TL;;;;
nt21403;TL;;;;
nt21404;TL;;;;
nt21405;TL;;;;
nt21406;TL;;;;
nt21407;TL;;;;
nt21408;TL;;;;
nt21409;TL;;;;
nt21410;TL;;;;
nt21411;TL;;;;
nt21412;TL;;;;
nt21413;TL;;;;
nt21414;TL;;;;
nt21415;TL;;;;
nt21416;TL;;;;
nt21417;TL;;;;
nt21418;TL;;;;
nt21419;TL;;;;
nt21420;TL;;;;
nt21421;TL;;;;
nt21422;TL;;;;
nt21423;TL;;;;
nt21424;TL;;;;
nt21425;TL;;;;
nt21426;TL;;;;
nt21427;TL;;;;
nt21428;TL;;;;
nt21429;TL;;;;
nt21430;TL;;;;
nt21431;TL;;;;
nt21432;TL;;;;
nt21433;TL;;;;
nt21434;TL;;;;
nt21435;TL;;;;
nt21436;TL;;;;
nt21437;TL;;;;
nt21438;TL;;;;
nt21439;TL;;;;
nt21440;TL;;;;
nt21441;TL;;;;
nt21442;TL;;;;
nt21443;TL;;;;
nt21444;TL;;;;
nt21445;TL;;;;
nt21446;TL;;;;
nt21447;TL;;;;
nt21448;TL;;;;
nt21449;TL;;;;
nt21450;TL;;;;
nt21451;TL;;;;
nt21452;TL;;;;
nt21453;TL;;;;
nt21454;TL;;;;
nt21455;TL;;;;
nt21456;TL;;;;
nt21457;TL;;;;
nt21458;TL;;;;
nt21459;TL;;;;
nt21460;TL;;;;
nt21461;TL;;;;
nt21462;TL;;;;
nt21463;TL;;;;
nt21464;TL;;;;
nt21465;TL;;;;
nt21466;TL;;;;
nt21467;TL;;;;
nt21468;TL;;;;
nt21469;TL;;;;
nt21470;TL;;;;
nt21471;TL;;;;
nt21472;TL;;;;
nt21473;TL;;;;
nt21474;TL;;;;
nt21475;TL;;;;
nt21476;TL;;;;
nt21477;TL;;;;
nt21478;TL;;;;
nt21479;TL;;;;
nt21480;TL;;;;
nt21481;TL;;;;
nt21482;TL;;;;
nt21483;TL;;;;
nt21484;TL;;;;
nt21485;TL;;;;
nt21486;TL;;;;
nt21487;TL;;;;
nt21488;TL;;;;
nt21489;TL;;;;
nt21490;TL;;;;
nt21491;TL;;;;
nt21492;TL;;;;
nt21493;TL;;;;
nt21494;TL;;;;
nt21495;TL;;;;
nt21496;TL;;;;
nt21497;TL;;;;
nt21498;TL;;;;
nt21499;TL;;;;
nt21500;TL;;;;
nt21501;TL;;;;
nt21502;TL;;;;
nt21503;TL;;;;
nt21504;TL;;;;
nt21505;TL;;;;
nt21506;TL;;;;
nt21507;TL;;;;
nt21508;TL;;;;
nt21509;TL;;;;
nt21510;TL;;;;
nt21511;TL;;;;
nt21512;TL;;;;
nt21513;TL;;;;
nt21514;TL;;;;
nt21515;TL;;;;
nt21516;TL;;;;
nt21517;TL;;;;
nt21518;TL;;;;
nt21519;TL;;;;
nt21520;TL;;;;
nt21521;TL;;;;
nt21522;TL;;;;
nt21523;TL;;;;
nt21524;TL;;;;
nt21525;TL;;;;
nt21526;TL;;;;
nt21527;TL;;;;
nt21528;TL;;;;
nt21529;TL;;;;
nt21530;TL;;;;
nt21531;TL;;;;
nt21532;TL;;;;
nt21533;TL;;;;
nt21534;TL;;;;
nt21535;TL;;;;
nt21536;TL;;;;
nt21537;TL;;;;
nt21538;TL;;;;
nt21539;TL;;;;
nt21540;TL;;;;
nt21541;TL;;;;
nt21542;TL;;;;
nt21543;TL;;;;
nt21544;TL;;;;
nt21545;TL;;;;
nt21546;TL;;;;
nt21547;TL;;;;
nt21548;TL;;;;
nt21549;TL;;;;
nt21550;TL;;;;
nt21551;TL;;;;
nt21552;TL;;;;
nt21553;TL;;;;
nt21554;TL;;;;
nt21555;TL;;;;
nt21556;TL;;;;
nt21557;TL;;;;
nt21558;TL;;;;
nt21559;TL;;;;
nt21560;TL;;;;
nt21561;TL;;;;
nt21562;TL;;;;
nt21563;TL;;;;
nt21564;TL;;;;
nt21565;TL;;;;
nt21566;TL;;;;
nt21567;TL;;;;
nt21568;TL;;;;
nt21569;TL;;;;
nt21570;TL;;;;
nt21571;TL;;;;
nt21572;TL;;;;
nt21573;TL;;;;
nt21574;TL;;;;
nt21575;TL;;;;
nt21576;TL;;;;
nt21577;TL;;;;
nt21578;TL;;;;
nt21579;TL;;;;
nt21580;TL;;;;
nt21581;TL;;;;
nt21582;TL;;;;
nt21583;TL;;;;
nt21584;TL;;;;
nt21585;TL;;;;
nt21586;TL;;;;
nt21587;TL;;;;
nt21588;TL;;;;
nt21589;TL;;;;
nt21590;TL;;;;
nt21591;TL;;;;
nt21592;TL;;;;
nt21593;TL;;;;
nt21594;TL;;;;
nt21595;TL;;;;
nt21596;TL;;;;
nt21597;TL;;;;
nt21598;TL;;;;
nt21599;TL;;;;
nt21600;TL;;;;
nt21601;TL;;;;
nt21602;TL;;;;
nt21603;TL;;;;
nt21604;TL;;;;
nt21605;TL;;;;
nt21606;TL;;;;
nt21607;TL;;;;
nt21608;TL;;;;
nt21609;TL;;;;
nt21610;TL;;;;
nt21611;TL;;;;
nt21612;TL;;;;
nt21613;TL;;;;
nt21614;TL;;;;
nt21615;TL;;;;
nt21616;TL;;;;
nt21617;TL;;;;
nt21618;TL;;;;
nt21619;TL;;;;
nt21620;TL;;;;
nt21621;TL;;;;
nt21622;TL;;;;
nt21623;TL;;;;
nt21624;TL;;;;
nt21625;TL;;;;
nt21626;TL;;;;
nt21627;TL;;;;
nt21628;TL;;;;
nt21629;TL;;;;
nt21630;TL;;;;
nt21631;TL;;;;
nt21632;TL;;;;
nt21633;TL;;;;
nt21634;TL;;;;
nt21635;TL;;;;
nt21636;TL;;;;
nt21637;TL;;;;
nt21638;TL;;;;
nt21639;TL;;;;
nt21640;TL;;;;
nt21641;TL;;;;
nt21642;TL;;;;
nt21643;TL;;;;
nt21644;TL;;;;
nt21645;TL;;;;
nt21646;TL;;;;
nt21647;TL;;;;
nt21648;TL;;;;
nt21649;TL;;;;
nt21650;TL;;;;
nt21651;TL;;;;
nt21652;TL;;;;
nt21653;TL;;;;
nt21654;TL;;;;
nt21655;TL;;;;
nt21656;TL;;;;
nt21657;TL;;;;
nt21658;TL;;;;
nt21659;TL;;;;
nt21660;TL;;;;
nt21661;TL;;;;
nt21662;TL;;;;
nt21663;TL;;;;
nt21664;TL;;;;
nt21665;TL;;;;
nt21666;TL;;;;
nt21667;TL;;;;
nt21668;TL;;;;
nt21669;TL;;;;
nt21670;TL;;;;
nt21671;TL;;;;
nt21672;TL;;;;
nt21673;TL;;;;
nt21674;TL;;;;
nt21675;TL;;;;
nt21676;TL;;;;
nt21677;TL;;;;
nt21678;TL;;;;
nt21679;TL;;;;
nt21680;TL;;;;
nt21681;TL;;;;
nt21682;TL;;;;
nt21683;TL;;;;
nt21684;TL;;;;
nt21685;TL;;;;
nt21686;TL;;;;
nt21687;TL;;;;
nt21688;TL;;;;
nt21689;TL;;;;
nt21690;TL;;;;
nt21691;TL;;;;
nt21692;TL;;;;
nt21693;TL;;;;
nt21694;TL;;;;
nt21695;TL;;;;
nt21696;TL;;;;
nt21697;TL;;;;
nt21698;TL;;;;
nt21699;TL;;;;
nt21700;TL;;;;
nt21701;TL;;;;
nt21702;TL;;;;
nt21703;TL;;;;
nt21704;TL;;;;
nt21705;TL;;;;
nt21706;TL;;;;
nt21707;TL;;;;
nt21708;TL;;;;
nt21709;TL;;;;
nt21710;TL;;;;
nt21711;TL;;;;
nt21712;TL;;;;
nt21713;TL;;;;
nt21714;TL;;;;
nt21715;TL;;;;
nt21716;TL;;;;
nt21717;TL;;;;
nt21718;TL;;;;
nt21719;TL;;;;
nt21720;TL;;;;
nt21721;TL;;;;
nt21722;TL;;;;
nt21723;TL;;;;
nt21724;TL;;;;
nt21725;TL;;;;
nt21726;TL;;;;
nt21727;TL;;;;
nt21728;TL;;;;
nt21729;TL;;;;
nt21730;TL;;;;
nt21731;TL;;;;
nt21732;TL;;;;
nt21733;TL;;;;
nt21734;TL;;;;
nt21735;TL;;;;
nt21736;TL;;;;
nt21737;TL;;;;
nt21738;TL;;;;
nt21739;TL;;;;
nt21740;TL;;;;
nt21741;TL;;;;
nt21742;TL;;;;
nt21743;TL;;;;
nt21744;TL;;;;
nt21745;TL;;;;
nt21746;TL;;;;
nt21747;TL;;;;
nt21748;TL;;;;
nt21749;TL;;;;
nt21750;TL;;;;
nt21751;TL;;;;
nt21752;TL;;;;
nt21753;TL;;;;
nt21754;TL;;;;
nt21755;TL;;;;
nt21756;TL;;;;
nt21757;TL;;;;
nt21758;TL;;;;
nt21759;TL;;;;
nt21760;TL;;;;
nt21761;TL;;;;
nt21762;TL;;;;
nt21763;TL;;;;
nt21764;TL;;;;
nt21765;TL;;;;
nt21766;TL;;;;
nt21767;TL;;;;
nt21768;TL;;;;
nt21769;TL;;;;
nt21770;TL;;;;
nt21771;TL;;;;
nt21772;TL;;;;
nt21773;TL;;;;
nt21774;TL;;;;
nt21775;TL;;;;
nt21776;TL;;;;
nt21777;TL;;;;
nt21778;TL;;;;
nt21779;TL;;;;
nt21780;TL;;;;
nt21781;TL;;;;
nt21782;TL;;;;
nt21783;TL;;;;
nt21784;TL;;;;
nt21785;TL;;;;
nt21786;TL;;;;
nt21787;TL;;;;
nt21788;TL;;;;
nt21789;TL;;;;
nt21790;TL;;;;
nt21791;TL;;;;
nt21792;TL;;;;
nt21793;TL;;;;
nt21794;TL;;;;
nt21795;TL;;;;
nt21796;TL;;;;
nt21797;TL;;;;
nt21798;TL;;;;
nt21799;TL;;;;
nt21800;TL;;;;
nt21801;TL;;;;
nt21802;TL;;;;
nt21803;TL;;;;
nt21804;TL;;;;
nt21805;TL;;;;
nt21806;TL;;;;
nt21807;TL;;;;
nt21808;TL;;;;
nt21809;TL;;;;
nt21810;TL;;;;
nt21811;TL;;;;
nt21812;TL;;;;
nt21813;TL;;;;
nt21814;TL;;;;
nt21815;TL;;;;
nt21816;TL;;;;
nt21817;TL;;;;
nt21818;TL;;;;
nt21819;TL;;;;
nt21820;TL;;;;
nt21821;TL;;;;
nt21822;TL;;;;
nt21823;TL;;;;
nt21824;TL;;;;
nt21825;TL;;;;
nt21826;TL;;;;
nt21827;TL;;;;
nt21828;TL;;;;
nt21829;TL;;;;
nt21830;TL;;;;
nt21831;TL;;;;
nt21832;TL;;;;
nt21833;TL;;;;
nt21834;TL;;;;
nt21835;TL;;;;
nt21836;TL;;;;
nt21837;TL;;;;
nt21838;TL;;;;
nt21839;TL;;;;
nt21840;TL;;;;
nt21841;TL;;;;
nt21842;TL;;;;
nt21843;TL;;;;
nt21844;TL;;;;
nt21845;TL;;;;
nt21846;TL;;;;
nt21847;TL;;;;
nt21848;TL;;;;
nt21849;TL;;;;
nt21850;TL;;;;
nt21851;TL;;;;
nt21852;TL;;;;
nt21853;TL;;;;
nt21854;TL;;;;
nt21855;TL;;;;
nt21856;TL;;;;
nt21857;TL;;;;
nt21858;TL;;;;
nt21859;TL;;;;
nt21860;TL;;;;
nt21861;TL;;;;
nt21862;TL;;;;
nt21863;TL;;;;
nt21864;TL;;;;
nt21865;TL;;;;
nt21866;TL;;;;
nt21867;TL;;;;
nt21868;TL;;;;
nt21869;TL;;;;
nt21870;TL;;;;
nt21871;TL;;;;
nt21872;TL;;;;
nt21873;TL;;;;
nt21874;TL;;;;
nt21875;TL;;;;
nt21876;TL;;;;
nt21877;TL;;;;
nt21878;TL;;;;
nt21879;TL;;;;
nt21880;TL;;;;
nt21881;TL;;;;
nt21882;TL;;;;
nt21883;TL;;;;
nt21884;TL;;;;
nt21885;TL;;;;
nt21886;TL;;;;
nt21887;TL;;;;
nt21888;TL;;;;
nt21889;TL;;;;
nt21890;TL;;;;
nt21891;TL;;;;
nt21892;TL;;;;
nt21893;TL;;;;
nt21894;TL;;;;
nt21895;TL;;;;
nt21896;TL;;;;
nt21897;TL;;;;
nt21898;TL;;;;
nt21899;TL;;;;
nt21900;TL;;;;
nt21901;TL;;;;
nt21902;TL;;;;
nt21903;TL;;;;
nt21904;TL;;;;
nt21905;TL;;;;
nt21906;TL;;;;
nt21907;TL;;;;
nt21908;TL;;;;
nt21909;TL;;;;
nt21910;TL;;;;
nt21911;TL;;;;
nt21912;TL;;;;
nt21913;TL;;;;
nt21914;TL;;;;
nt21915;TL;;;;
nt21916;TL;;;;
nt21917;TL;;;;
nt21918;TL;;;;
nt21919;TL;;;;
nt21920;TL;;;;
nt21921;TL;;;;
nt21922;TL;;;;
nt21923;TL;;;;
nt21924;TL;;;;
nt21925;TL;;;;
nt21926;TL;;;;
nt21927;TL;;;;
nt21928;TL;;;;
nt21929;TL;;;;
nt21930;TL;;;;
nt21931;TL;;;;
nt21932;TL;;;;
nt21933;TL;;;;
nt21934;TL;;;;
nt21935;TL;;;;
nt21936;TL;;;;
nt21937;TL;;;;
nt21938;TL;;;;
nt21939;TL;;;;
nt21940;TL;;;;
nt21941;TL;;;;
nt21942;TL;;;;
nt21943;TL;;;;
nt21944;TL;;;;
nt21945;TL;;;;
nt21946;TL;;;;
nt21947;TL;;;;
nt21948;TL;;;;
nt21949;TL;;;;
nt21950;TL;;;;
nt21951;TL;;;;
nt21952;TL;;;;
nt21953;TL;;;;
nt21954;TL;;;;
nt21955;TL;;;;
nt21956;TL;;;;
nt21957;TL;;;;
nt21958;TL;;;;
nt21959;TL;;;;
nt21960;TL;;;;
nt21961;TL;;;;
nt21962;TL;;;;
nt21963;TL;;;;
nt21964;TL;;;;
nt21965;TL;;;;
nt21966;TL;;;;
nt21967;TL;;;;
nt21968;TL;;;;
nt21969;TL;;;;
nt21970;TL;;;;
nt21971;TL;;;;
nt21972;TL;;;;
nt21973;TL;;;;
nt21974;TL;;;;
nt21975;TL;;;;
nt21976;TL;;;;
nt21977;TL;;;;
nt21978;TL;;;;
nt21979;TL;;;;
nt21980;TL;;;;
nt21981;TL;;;;
nt21982;TL;;;;
nt21983;TL;;;;
nt21984;TL;;;;
nt21985;TL;;;;
nt21986;TL;;;;
nt21987;TL;;;;
nt21988;TL;;;;
nt21989;TL;;;;
nt21990;TL;;;;
nt21991;TL;;;;
nt21992;TL;;;;
nt21993;TL;;;;
nt21994;TL;;;;
nt21995;TL;;;;
nt21996;TL;;;;
nt21997;TL;;;;
nt21998;TL;;;;
nt21999;TL;;;;
nt22000;TL;;;;
nt22001;TL;;;;
nt22002;TL;;;;
nt22003;TL;;;;
nt22004;TL;;;;
nt22005;TL;;;;
nt22006;TL;;;;
nt22007;TL;;;;
nt22008;TL;;;;
nt22009;TL;;;;
nt22010;TL;;;;
nt22011;TL;;;;
nt22012;TL;;;;
nt22013;TL;;;;
nt22014;TL;;;;
nt22015;TL;;;;
nt22016;TL;;;;
nt22017;TL;;;;
nt22018;TL;;;;
nt22019;TL;;;;
nt22020;TL;;;;
nt22021;TL;;;;
nt22022;TL;;;;
nt22023;TL;;;;
nt22024;TL;;;;
nt22025;TL;;;;
nt22026;TL;;;;
nt22027;TL;;;;
nt22028;TL;;;;
nt22029;TL;;;;
nt22030;TL;;;;
nt22031;TL;;;;
nt22032;TL;;;;
nt22033;TL;;;;
nt22034;TL;;;;
nt22035;TL;;;;
nt22036;TL;;;;
nt22037;TL;;;;
nt22038;TL;;;;
nt22039;TL;;;;
nt22040;TL;;;;
nt22041;TL;;;;
nt22042;TL;;;;
nt22043;TL;;;;
nt22044;TL;;;;
nt22045;TL;;;;
nt22046;TL;;;;
nt22047;TL;;;;
nt22048;TL;;;;
nt22049;TL;;;;
nt22050;TL;;;;
nt22051;TL;;;;
nt22052;TL;;;;
nt22053;TL;;;;
nt22054;TL;;;;
nt22055;TL;;;;
nt22056;TL;;;;
nt22057;TL;;;;
nt22058;TL;;;;
nt22059;TL;;;;
nt22060;TL;;;;
nt22061;TL;;;;
nt22062;TL;;;;
nt22063;TL;;;;
nt22064;TL;;;;
nt22065;TL;;;;
nt22066;TL;;;;
nt22067;TL;;;;
nt22068;TL;;;;
nt22069;TL;;;;
nt22070;TL;;;;
nt22071;TL;;;;
nt22072;TL;;;;
nt22073;TL;;;;
nt22074;TL;;;;
nt22075;TL;;;;
nt22076;TL;;;;
nt22077;TL;;;;
nt22078;TL;;;;
nt22079;TL;;;;
nt22080;TL;;;;
nt22081;TL;;;;
nt22082;TL;;;;
nt22083;TL;;;;
nt22084;TL;;;;
nt22085;TL;;;;
nt22086;TL;;;;
nt22087;TL;;;;
nt22088;TL;;;;
nt22089;TL;;;;
nt22090;TL;;;;
nt22091;TL;;;;
nt22092;TL;;;;
nt22093;TL;;;;
nt22094;TL;;;;
nt22095;TL;;;;
nt22096;TL;;;;
nt22097;TL;;;;
nt22098;TL;;;;
nt22099;TL;;;;
nt22100;TL;;;;
nt22101;TL;;;;
nt22102;TL;;;;
nt22103;TL;;;;
nt22104;TL;;;;
nt22105;TL;;;;
nt22106;TL;;;;
nt22107;TL;;;;
nt22108;TL;;;;
nt22109;TL;;;;
nt22110;TL;;;;
nt22111;TL;;;;
nt22112;TL;;;;
nt22113;TL;;;;
nt22114;TL;;;;
nt22115;TL;;;;
nt22116;TL;;;;
nt22117;TL;;;;
nt22118;TL;;;;
nt22119;TL;;;;
nt22120;TL;;;;
nt22121;TL;;;;
nt22122;TL;;;;
nt22123;TL;;;;
nt22124;TL;;;;
nt22125;TL;;;;
nt22126;TL;;;;
nt22127;TL;;;;
nt22128;TL;;;;
nt22129;TL;;;;
nt22130;TL;;;;
nt22131;TL;;;;
nt22132;TL;;;;
nt22133;TL;;;;
nt22134;TL;;;;
nt22135;TL;;;;
nt22136;TL;;;;
nt22137;TL;;;;
nt22138;TL;;;;
nt22139;TL;;;;
nt22140;TL;;;;
nt22141;TL;;;;
nt22142;TL;;;;
nt22143;TL;;;;
nt22144;TL;;;;
nt22145;TL;;;;
nt22146;TL;;;;
nt22147;TL;;;;
nt22148;TL;;;;
nt22149;TL;;;;
nt22150;TL;;;;
nt22151;TL;;;;
nt22152;TL;;;;
nt22153;TL;;;;
nt22154;TL;;;;
nt22155;TL;;;;
nt22156;TL;;;;
nt22157;TL;;;;
nt22158;TL;;;;
nt22159;TL;;;;
nt22160;TL;;;;
nt22161;TL;;;;
nt22162;TL;;;;
nt22163;TL;;;;
nt22164;TL;;;;
nt22165;TL;;;;
nt22166;TL;;;;
nt22167;TL;;;;
nt22168;TL;;;;
nt22169;TL;;;;
nt22170;TL;;;;
nt22171;TL;;;;
nt22172;TL;;;;
nt22173;TL;;;;
nt22174;TL;;;;
nt22175;TL;;;;
nt22176;TL;;;;
nt22177;TL;;;;
nt22178;TL;;;;
nt22179;TL;;;;
nt22180;TL;;;;
nt22181;TL;;;;
nt22182;TL;;;;
nt22183;TL;;;;
nt22184;TL;;;;
nt22185;TL;;;;
nt22186;TL;;;;
nt22187;TL;;;;
nt22188;TL;;;;
nt22189;TL;;;;
nt22190;TL;;;;
nt22191;TL;;;;
nt22192;TL;;;;
nt22193;TL;;;;
nt22194;TL;;;;
nt22195;TL;;;;
nt22196;TL;;;;
nt22197;TL;;;;
nt22198;TL;;;;
nt22199;TL;;;;
nt22200;TL;;;;
nt22201;TL;;;;
nt22202;TL;;;;
nt22203;TL;;;;
nt22204;TL;;;;
nt22205;TL;;;;
nt22206;TL;;;;
nt22207;TL;;;;
nt22208;TL;;;;
nt22209;TL;;;;
nt22210;TL;;;;
nt22211;TL;;;;
nt22212;TL;;;;
nt22213;TL;;;;
nt22214;TL;;;;
nt22215;TL;;;;
nt22216;TL;;;;
nt22217;TL;;;;
nt22218;TL;;;;
nt22219;TL;;;;
nt22220;TL;;;;
nt22221;TL;;;;
nt22222;TL;;;;
nt22223;TL;;;;
nt22224;TL;;;;
nt22225;TL;;;;
nt22226;TL;;;;
nt22227;TL;;;;
nt22228;TL;;;;
nt22229;TL;;;;
nt22230;TL;;;;
nt22231;TL;;;;
nt22232;TL;;;;
nt22233;TL;;;;
nt22234;TL;;;;
nt22235;TL;;;;
nt22236;TL;;;;
nt22237;TL;;;;
nt22238;TL;;;;
nt22239;TL;;;;
nt22240;TL;;;;
nt22241;TL;;;;
nt22242;TL;;;;
nt22243;TL;;;;
nt22244;TL;;;;
nt22245;TL;;;;
nt22246;TL;;;;
nt22247;TL;;;;
nt22248;TL;;;;
nt22249;TL;;;;
nt22250;TL;;;;
nt22251;TL;;;;
nt22252;TL;;;;
nt22253;TL;;;;
nt22254;TL;;;;
nt22255;TL;;;;
nt22256;TL;;;;
nt22257;TL;;;;
nt22258;TL;;;;
nt22259;TL;;;;
nt22260;TL;;;;
nt22261;TL;;;;
nt22262;TL;;;;
nt22263;TL;;;;
nt22264;TL;;;;
nt22265;TL;;;;
nt22266;TL;;;;
nt22267;TL;;;;
nt22268;TL;;;;
nt22269;TL;;;;
nt22270;TL;;;;
nt22271;TL;;;;
nt22272;TL;;;;
nt22273;TL;;;;
nt22274;TL;;;;
nt22275;TL;;;;
nt22276;TL;;;;
nt22277;TL;;;;
nt22278;TL;;;;
nt22279;TL;;;;
nt22280;TL;;;;
nt22281;TL;;;;
nt22282;TL;;;;
nt22283;TL;;;;
nt22284;TL;;;;
nt22285;TL;;;;
nt22286;TL;;;;
nt22287;TL;;;;
nt22288;TL;;;;
nt22289;TL;;;;
nt22290;TL;;;;
nt22291;TL;;;;
nt22292;TL;;;;
nt22293;TL;;;;
nt22294;TL;;;;
nt22295;TL;;;;
nt22296;TL;;;;
nt22297;TL;;;;
nt22298;TL;;;;
nt22299;TL;;;;
nt22300;TL;;;;
nt22301;TL;;;;
nt22302;TL;;;;
nt22303;TL;;;;
nt22304;TL;;;;
nt22305;TL;;;;
nt22306;TL;;;;
nt22307;TL;;;;
nt22308;TL;;;;
nt22309;TL;;;;
nt22310;TL;;;;
nt22311;TL;;;;
nt22312;TL;;;;
nt22313;TL;;;;
nt22314;TL;;;;
nt22315;TL;;;;
