portfolioRefCode;currencyCode
nt1;TL
nt2;TL
nt3;TL
nt4;TL
nt5;TL
nt6;TL
nt7;TL
nt8;TL
nt9;TL
nt10;TL
nt11;TL
nt12;TL
nt13;TL
nt14;TL
nt15;TL
nt16;TL
nt17;TL
nt18;TL
nt19;TL
nt20;TL
nt21;TL
nt22;TL
nt23;TL
nt24;TL
nt25;TL
nt26;TL
nt27;TL
nt28;TL
nt29;TL
nt30;TL
nt31;TL
nt32;TL
nt33;TL
nt34;TL
nt35;TL
nt36;TL
nt37;TL
nt38;TL
nt39;TL
nt40;TL
nt41;TL
nt42;TL
nt43;TL
nt44;TL
nt45;TL
nt46;TL
nt47;TL
nt48;TL
nt49;TL
nt50;TL
nt51;TL
nt52;TL
nt53;TL
nt54;TL
nt55;TL
nt56;TL
nt57;TL
nt58;TL
nt59;TL
nt60;TL
nt61;TL
nt62;TL
nt63;TL
nt64;TL
nt65;TL
nt66;TL
nt67;TL
nt68;TL
nt69;TL
nt70;TL
nt71;TL
nt72;TL
nt73;TL
nt74;TL
nt75;TL
nt76;TL
nt77;TL
nt78;TL
nt79;TL
nt80;TL
nt81;TL
nt82;TL
nt83;TL
nt84;TL
nt85;TL
nt86;TL
nt87;TL
nt88;TL
nt89;TL
nt90;TL
nt91;TL
nt92;TL
nt93;TL
nt94;TL
nt95;TL
nt96;TL
nt97;TL
nt98;TL
nt99;TL
nt100;TL
nt101;TL
nt102;TL
nt103;TL
nt104;TL
nt105;TL
nt106;TL
nt107;TL
nt108;TL
nt109;TL
nt110;TL
nt111;TL
nt112;TL
nt113;TL
nt114;TL
nt115;TL
nt116;TL
nt117;TL
nt118;TL
nt119;TL
nt120;TL
nt121;TL
nt122;TL
nt123;TL
nt124;TL
nt125;TL
nt126;TL
nt127;TL
nt128;TL
nt129;TL
nt130;TL
nt131;TL
nt132;TL
nt133;TL
nt134;TL
nt135;TL
nt136;TL
nt137;TL
nt138;TL
nt139;TL
nt140;TL
nt141;TL
nt142;TL
nt143;TL
nt144;TL
nt145;TL
nt146;TL
nt147;TL
nt148;TL
nt149;TL
nt150;TL
nt151;TL
nt152;TL
nt153;TL
nt154;TL
nt155;TL
nt156;TL
nt157;TL
nt158;TL
nt159;TL
nt160;TL
nt161;TL
nt162;TL
nt163;TL
nt164;TL
nt165;TL
nt166;TL
nt167;TL
nt168;TL
nt169;TL
nt170;TL
nt171;TL
nt172;TL
nt173;TL
nt174;TL
nt175;TL
nt176;TL
nt177;TL
nt178;TL
nt179;TL
nt180;TL
nt181;TL
nt182;TL
nt183;TL
nt184;TL
nt185;TL
nt186;TL
nt187;TL
nt188;TL
nt189;TL
nt190;TL
nt191;TL
nt192;TL
nt193;TL
nt194;TL
nt195;TL
nt196;TL
nt197;TL
nt198;TL
nt199;TL
nt200;TL
nt201;TL
nt202;TL
nt203;TL
nt204;TL
nt205;TL
nt206;TL
nt207;TL
nt208;TL
nt209;TL
nt210;TL
nt211;TL
nt212;TL
nt213;TL
nt214;TL
nt215;TL
nt216;TL
nt217;TL
nt218;TL
nt219;TL
nt220;TL
nt221;TL
nt222;TL
nt223;TL
nt224;TL
nt225;TL
nt226;TL
nt227;TL
nt228;TL
nt229;TL
nt230;TL
nt231;TL
nt232;TL
nt233;TL
nt234;TL
nt235;TL
nt236;TL
nt237;TL
nt238;TL
nt239;TL
nt240;TL
nt241;TL
nt242;TL
nt243;TL
nt244;TL
nt245;TL
nt246;TL
nt247;TL
nt248;TL
nt249;TL
nt250;TL
nt251;TL
nt252;TL
nt253;TL
nt254;TL
nt255;TL
nt256;TL
nt257;TL
nt258;TL
nt259;TL
nt260;TL
nt261;TL
nt262;TL
nt263;TL
nt264;TL
nt265;TL
nt266;TL
nt267;TL
nt268;TL
nt269;TL
nt270;TL
nt271;TL
nt272;TL
nt273;TL
nt274;TL
nt275;TL
nt276;TL
nt277;TL
nt278;TL
nt279;TL
nt280;TL
nt281;TL
nt282;TL
nt283;TL
nt284;TL
nt285;TL
nt286;TL
nt287;TL
nt288;TL
nt289;TL
nt290;TL
nt291;TL
nt292;TL
nt293;TL
nt294;TL
nt295;TL
nt296;TL
nt297;TL
nt298;TL
nt299;TL
nt300;TL
nt301;TL
nt302;TL
nt303;TL
nt304;TL
nt305;TL
nt306;TL
nt307;TL
nt308;TL
nt309;TL
nt310;TL
nt311;TL
nt312;TL
nt313;TL
nt314;TL
nt315;TL
nt316;TL
nt317;TL
nt318;TL
nt319;TL
nt320;TL
nt321;TL
nt322;TL
nt323;TL
nt324;TL
nt325;TL
nt326;TL
nt327;TL
nt328;TL
nt329;TL
nt330;TL
nt331;TL
nt332;TL
nt333;TL
nt334;TL
nt335;TL
nt336;TL
nt337;TL
nt338;TL
nt339;TL
nt340;TL
nt341;TL
nt342;TL
nt343;TL
nt344;TL
nt345;TL
nt346;TL
nt347;TL
nt348;TL
nt349;TL
nt350;TL
nt351;TL
nt352;TL
nt353;TL
nt354;TL
nt355;TL
nt356;TL
nt357;TL
nt358;TL
nt359;TL
nt360;TL
nt361;TL
nt362;TL
nt363;TL
nt364;TL
nt365;TL
nt366;TL
nt367;TL
nt368;TL
nt369;TL
nt370;TL
nt371;TL
nt372;TL
nt373;TL
nt374;TL
nt375;TL
nt376;TL
nt377;TL
nt378;TL
nt379;TL
nt380;TL
nt381;TL
nt382;TL
nt383;TL
nt384;TL
nt385;TL
nt386;TL
nt387;TL
nt388;TL
nt389;TL
nt390;TL
nt391;TL
nt392;TL
nt393;TL
nt394;TL
nt395;TL
nt396;TL
nt397;TL
nt398;TL
nt399;TL
nt400;TL
nt401;TL
nt402;TL
nt403;TL
nt404;TL
nt405;TL
nt406;TL
nt407;TL
nt408;TL
nt409;TL
nt410;TL
nt411;TL
nt412;TL
nt413;TL
nt414;TL
nt415;TL
nt416;TL
nt417;TL
nt418;TL
nt419;TL
nt420;TL
nt421;TL
nt422;TL
nt423;TL
nt424;TL
nt425;TL
nt426;TL
nt427;TL
nt428;TL
nt429;TL
nt430;TL
nt431;TL
nt432;TL
nt433;TL
nt434;TL
nt435;TL
nt436;TL
nt437;TL
nt438;TL
nt439;TL
nt440;TL
nt441;TL
nt442;TL
nt443;TL
nt444;TL
nt445;TL
nt446;TL
nt447;TL
nt448;TL
nt449;TL
nt450;TL
nt451;TL
nt452;TL
nt453;TL
nt454;TL
nt455;TL
nt456;TL
nt457;TL
nt458;TL
nt459;TL
nt460;TL
nt461;TL
nt462;TL
nt463;TL
nt464;TL
nt465;TL
nt466;TL
nt467;TL
nt468;TL
nt469;TL
nt470;TL
nt471;TL
nt472;TL
nt473;TL
nt474;TL
nt475;TL
nt476;TL
nt477;TL
nt478;TL
nt479;TL
nt480;TL
nt481;TL
nt482;TL
nt483;TL
nt484;TL
nt485;TL
nt486;TL
nt487;TL
nt488;TL
nt489;TL
nt490;TL
nt491;TL
nt492;TL
nt493;TL
nt494;TL
nt495;TL
nt496;TL
nt497;TL
nt498;TL
nt499;TL
nt500;TL
nt501;TL
nt502;TL
nt503;TL
nt504;TL
nt505;TL
nt506;TL
nt507;TL
nt508;TL
nt509;TL
nt510;TL
nt511;TL
nt512;TL
nt513;TL
nt514;TL
nt515;TL
nt516;TL
nt517;TL
nt518;TL
nt519;TL
nt520;TL
nt521;TL
nt522;TL
nt523;TL
nt524;TL
nt525;TL
nt526;TL
nt527;TL
nt528;TL
nt529;TL
nt530;TL
nt531;TL
nt532;TL
nt533;TL
nt534;TL
nt535;TL
nt536;TL
nt537;TL
nt538;TL
nt539;TL
nt540;TL
nt541;TL
nt542;TL
nt543;TL
nt544;TL
nt545;TL
nt546;TL
nt547;TL
nt548;TL
nt549;TL
nt550;TL
nt551;TL
nt552;TL
nt553;TL
nt554;TL
nt555;TL
nt556;TL
nt557;TL
nt558;TL
nt559;TL
nt560;TL
nt561;TL
nt562;TL
nt563;TL
nt564;TL
nt565;TL
nt566;TL
nt567;TL
nt568;TL
nt569;TL
nt570;TL
nt571;TL
nt572;TL
nt573;TL
nt574;TL
nt575;TL
nt576;TL
nt577;TL
nt578;TL
nt579;TL
nt580;TL
nt581;TL
nt582;TL
nt583;TL
nt584;TL
nt585;TL
nt586;TL
nt587;TL
nt588;TL
nt589;TL
nt590;TL
nt591;TL
nt592;TL
nt593;TL
nt594;TL
nt595;TL
nt596;TL
nt597;TL
nt598;TL
nt599;TL
nt600;TL
nt601;TL
nt602;TL
nt603;TL
nt604;TL
nt605;TL
nt606;TL
nt607;TL
nt608;TL
nt609;TL
nt610;TL
nt611;TL
nt612;TL
nt613;TL
nt614;TL
nt615;TL
nt616;TL
nt617;TL
nt618;TL
nt619;TL
nt620;TL
nt621;TL
nt622;TL
nt623;TL
nt624;TL
nt625;TL
nt626;TL
nt627;TL
nt628;TL
nt629;TL
nt630;TL
nt631;TL
nt632;TL
nt633;TL
nt634;TL
nt635;TL
nt636;TL
nt637;TL
nt638;TL
nt639;TL
nt640;TL
nt641;TL
nt642;TL
nt643;TL
nt644;TL
nt645;TL
nt646;TL
nt647;TL
nt648;TL
nt649;TL
nt650;TL
nt651;TL
nt652;TL
nt653;TL
nt654;TL
nt655;TL
nt656;TL
nt657;TL
nt658;TL
nt659;TL
nt660;TL
nt661;TL
nt662;TL
nt663;TL
nt664;TL
nt665;TL
nt666;TL
nt667;TL
nt668;TL
nt669;TL
nt670;TL
nt671;TL
nt672;TL
nt673;TL
nt674;TL
nt675;TL
nt676;TL
nt677;TL
nt678;TL
nt679;TL
nt680;TL
nt681;TL
nt682;TL
nt683;TL
nt684;TL
nt685;TL
nt686;TL
nt687;TL
nt688;TL
nt689;TL
nt690;TL
nt691;TL
nt692;TL
nt693;TL
nt694;TL
nt695;TL
nt696;TL
nt697;TL
nt698;TL
nt699;TL
nt700;TL
nt701;TL
nt702;TL
nt703;TL
nt704;TL
nt705;TL
nt706;TL
nt707;TL
nt708;TL
nt709;TL
nt710;TL
nt711;TL
nt712;TL
nt713;TL
nt714;TL
nt715;TL
nt716;TL
nt717;TL
nt718;TL
nt719;TL
nt720;TL
nt721;TL
nt722;TL
nt723;TL
nt724;TL
nt725;TL
nt726;TL
nt727;TL
nt728;TL
nt729;TL
nt730;TL
nt731;TL
nt732;TL
nt733;TL
nt734;TL
nt735;TL
nt736;TL
nt737;TL
nt738;TL
nt739;TL
nt740;TL
nt741;TL
nt742;TL
nt743;TL
nt744;TL
nt745;TL
nt746;TL
nt747;TL
nt748;TL
nt749;TL
nt750;TL
nt751;TL
nt752;TL
nt753;TL
nt754;TL
nt755;TL
nt756;TL
nt757;TL
nt758;TL
nt759;TL
nt760;TL
nt761;TL
nt762;TL
nt763;TL
nt764;TL
nt765;TL
nt766;TL
nt767;TL
nt768;TL
nt769;TL
nt770;TL
nt771;TL
nt772;TL
nt773;TL
nt774;TL
nt775;TL
nt776;TL
nt777;TL
nt778;TL
nt779;TL
nt780;TL
nt781;TL
nt782;TL
nt783;TL
nt784;TL
nt785;TL
nt786;TL
nt787;TL
nt788;TL
nt789;TL
nt790;TL
nt791;TL
nt792;TL
nt793;TL
nt794;TL
nt795;TL
nt796;TL
nt797;TL
nt798;TL
nt799;TL
nt800;TL
nt801;TL
nt802;TL
nt803;TL
nt804;TL
nt805;TL
nt806;TL
nt807;TL
nt808;TL
nt809;TL
nt810;TL
nt811;TL
nt812;TL
nt813;TL
nt814;TL
nt815;TL
nt816;TL
nt817;TL
nt818;TL
nt819;TL
nt820;TL
nt821;TL
nt822;TL
nt823;TL
nt824;TL
nt825;TL
nt826;TL
nt827;TL
nt828;TL
nt829;TL
nt830;TL
nt831;TL
nt832;TL
nt833;TL
nt834;TL
nt835;TL
nt836;TL
nt837;TL
nt838;TL
nt839;TL
nt840;TL
nt841;TL
nt842;TL
nt843;TL
nt844;TL
nt845;TL
nt846;TL
nt847;TL
nt848;TL
nt849;TL
nt850;TL
nt851;TL
nt852;TL
nt853;TL
nt854;TL
nt855;TL
nt856;TL
nt857;TL
nt858;TL
nt859;TL
nt860;TL
nt861;TL
nt862;TL
nt863;TL
nt864;TL
nt865;TL
nt866;TL
nt867;TL
nt868;TL
nt869;TL
nt870;TL
nt871;TL
nt872;TL
nt873;TL
nt874;TL
nt875;TL
nt876;TL
nt877;TL
nt878;TL
nt879;TL
nt880;TL
nt881;TL
nt882;TL
nt883;TL
nt884;TL
nt885;TL
nt886;TL
nt887;TL
nt888;TL
nt889;TL
nt890;TL
nt891;TL
nt892;TL
nt893;TL
nt894;TL
nt895;TL
nt896;TL
nt897;TL
nt898;TL
nt899;TL
nt900;TL
nt901;TL
nt902;TL
nt903;TL
nt904;TL
nt905;TL
nt906;TL
nt907;TL
nt908;TL
nt909;TL
nt910;TL
nt911;TL
nt912;TL
nt913;TL
nt914;TL
nt915;TL
nt916;TL
nt917;TL
nt918;TL
nt919;TL
nt920;TL
nt921;TL
nt922;TL
nt923;TL
nt924;TL
nt925;TL
nt926;TL
nt927;TL
nt928;TL
nt929;TL
nt930;TL
nt931;TL
nt932;TL
nt933;TL
nt934;TL
nt935;TL
nt936;TL
nt937;TL
nt938;TL
nt939;TL
nt940;TL
nt941;TL
nt942;TL
nt943;TL
nt944;TL
nt945;TL
nt946;TL
nt947;TL
nt948;TL
nt949;TL
nt950;TL
nt951;TL
nt952;TL
nt953;TL
nt954;TL
nt955;TL
nt956;TL
nt957;TL
nt958;TL
nt959;TL
nt960;TL
nt961;TL
nt962;TL
nt963;TL
nt964;TL
nt965;TL
nt966;TL
nt967;TL
nt968;TL
nt969;TL
nt970;TL
nt971;TL
nt972;TL
nt973;TL
nt974;TL
nt975;TL
nt976;TL
nt977;TL
nt978;TL
nt979;TL
nt980;TL
nt981;TL
nt982;TL
nt983;TL
nt984;TL
nt985;TL
nt986;TL
nt987;TL
nt988;TL
nt989;TL
nt990;TL
nt991;TL
nt992;TL
nt993;TL
nt994;TL
nt995;TL
nt996;TL
nt997;TL
nt998;TL
nt999;TL
nt1000;TL
nt1001;TL
nt1002;TL
nt1003;TL
nt1004;TL
nt1005;TL
nt1006;TL
nt1007;TL
nt1008;TL
nt1009;TL
nt1010;TL
nt1011;TL
nt1012;TL
nt1013;TL
nt1014;TL
nt1015;TL
nt1016;TL
nt1017;TL
nt1018;TL
nt1019;TL
nt1020;TL
nt1021;TL
nt1022;TL
nt1023;TL
nt1024;TL
nt1025;TL
nt1026;TL
nt1027;TL
nt1028;TL
nt1029;TL
nt1030;TL
nt1031;TL
nt1032;TL
nt1033;TL
nt1034;TL
nt1035;TL
nt1036;TL
nt1037;TL
nt1038;TL
nt1039;TL
nt1040;TL
nt1041;TL
nt1042;TL
nt1043;TL
nt1044;TL
nt1045;TL
nt1046;TL
nt1047;TL
nt1048;TL
nt1049;TL
nt1050;TL
nt1051;TL
nt1052;TL
nt1053;TL
nt1054;TL
nt1055;TL
nt1056;TL
nt1057;TL
nt1058;TL
nt1059;TL
nt1060;TL
nt1061;TL
nt1062;TL
nt1063;TL
nt1064;TL
nt1065;TL
nt1066;TL
nt1067;TL
nt1068;TL
nt1069;TL
nt1070;TL
nt1071;TL
nt1072;TL
nt1073;TL
nt1074;TL
nt1075;TL
nt1076;TL
nt1077;TL
nt1078;TL
nt1079;TL
nt1080;TL
nt1081;TL
nt1082;TL
nt1083;TL
nt1084;TL
nt1085;TL
nt1086;TL
nt1087;TL
nt1088;TL
nt1089;TL
nt1090;TL
nt1091;TL
nt1092;TL
nt1093;TL
nt1094;TL
nt1095;TL
nt1096;TL
nt1097;TL
nt1098;TL
nt1099;TL
nt1100;TL
nt1101;TL
nt1102;TL
nt1103;TL
nt1104;TL
nt1105;TL
nt1106;TL
nt1107;TL
nt1108;TL
nt1109;TL
nt1110;TL
nt1111;TL
nt1112;TL
nt1113;TL
nt1114;TL
nt1115;TL
nt1116;TL
nt1117;TL
nt1118;TL
nt1119;TL
nt1120;TL
nt1121;TL
nt1122;TL
nt1123;TL
nt1124;TL
nt1125;TL
nt1126;TL
nt1127;TL
nt1128;TL
nt1129;TL
nt1130;TL
nt1131;TL
nt1132;TL
nt1133;TL
nt1134;TL
nt1135;TL
nt1136;TL
nt1137;TL
nt1138;TL
nt1139;TL
nt1140;TL
nt1141;TL
nt1142;TL
nt1143;TL
nt1144;TL
nt1145;TL
nt1146;TL
nt1147;TL
nt1148;TL
nt1149;TL
nt1150;TL
nt1151;TL
nt1152;TL
nt1153;TL
nt1154;TL
nt1155;TL
nt1156;TL
nt1157;TL
nt1158;TL
nt1159;TL
nt1160;TL
nt1161;TL
nt1162;TL
nt1163;TL
nt1164;TL
nt1165;TL
nt1166;TL
nt1167;TL
nt1168;TL
nt1169;TL
nt1170;TL
nt1171;TL
nt1172;TL
nt1173;TL
nt1174;TL
nt1175;TL
nt1176;TL
nt1177;TL
nt1178;TL
nt1179;TL
nt1180;TL
nt1181;TL
nt1182;TL
nt1183;TL
nt1184;TL
nt1185;TL
nt1186;TL
nt1187;TL
nt1188;TL
nt1189;TL
nt1190;TL
nt1191;TL
nt1192;TL
nt1193;TL
nt1194;TL
nt1195;TL
nt1196;TL
nt1197;TL
nt1198;TL
nt1199;TL
nt1200;TL
nt1201;TL
nt1202;TL
nt1203;TL
nt1204;TL
nt1205;TL
nt1206;TL
nt1207;TL
nt1208;TL
nt1209;TL
nt1210;TL
nt1211;TL
nt1212;TL
nt1213;TL
nt1214;TL
nt1215;TL
nt1216;TL
nt1217;TL
nt1218;TL
nt1219;TL
nt1220;TL
nt1221;TL
nt1222;TL
nt1223;TL
nt1224;TL
nt1225;TL
nt1226;TL
nt1227;TL
nt1228;TL
nt1229;TL
nt1230;TL
nt1231;TL
nt1232;TL
nt1233;TL
nt1234;TL
nt1235;TL
nt1236;TL
nt1237;TL
nt1238;TL
nt1239;TL
nt1240;TL
nt1241;TL
nt1242;TL
nt1243;TL
nt1244;TL
nt1245;TL
nt1246;TL
nt1247;TL
nt1248;TL
nt1249;TL
nt1250;TL
nt1251;TL
nt1252;TL
nt1253;TL
nt1254;TL
nt1255;TL
nt1256;TL
nt1257;TL
nt1258;TL
nt1259;TL
nt1260;TL
nt1261;TL
nt1262;TL
nt1263;TL
nt1264;TL
nt1265;TL
nt1266;TL
nt1267;TL
nt1268;TL
nt1269;TL
nt1270;TL
nt1271;TL
nt1272;TL
nt1273;TL
nt1274;TL
nt1275;TL
nt1276;TL
nt1277;TL
nt1278;TL
nt1279;TL
nt1280;TL
nt1281;TL
nt1282;TL
nt1283;TL
nt1284;TL
nt1285;TL
nt1286;TL
nt1287;TL
nt1288;TL
nt1289;TL
nt1290;TL
nt1291;TL
nt1292;TL
nt1293;TL
nt1294;TL
nt1295;TL
nt1296;TL
nt1297;TL
nt1298;TL
nt1299;TL
nt1300;TL
nt1301;TL
nt1302;TL
nt1303;TL
nt1304;TL
nt1305;TL
nt1306;TL
nt1307;TL
nt1308;TL
nt1309;TL
nt1310;TL
nt1311;TL
nt1312;TL
nt1313;TL
nt1314;TL
nt1315;TL
nt1316;TL
nt1317;TL
nt1318;TL
nt1319;TL
nt1320;TL
nt1321;TL
nt1322;TL
nt1323;TL
nt1324;TL
nt1325;TL
nt1326;TL
nt1327;TL
nt1328;TL
nt1329;TL
nt1330;TL
nt1331;TL
nt1332;TL
nt1333;TL
nt1334;TL
nt1335;TL
nt1336;TL
nt1337;TL
nt1338;TL
nt1339;TL
nt1340;TL
nt1341;TL
nt1342;TL
nt1343;TL
nt1344;TL
nt1345;TL
nt1346;TL
nt1347;TL
nt1348;TL
nt1349;TL
nt1350;TL
nt1351;TL
nt1352;TL
nt1353;TL
nt1354;TL
nt1355;TL
nt1356;TL
nt1357;TL
nt1358;TL
nt1359;TL
nt1360;TL
nt1361;TL
nt1362;TL
nt1363;TL
nt1364;TL
nt1365;TL
nt1366;TL
nt1367;TL
nt1368;TL
nt1369;TL
nt1370;TL
nt1371;TL
nt1372;TL
nt1373;TL
nt1374;TL
nt1375;TL
nt1376;TL
nt1377;TL
nt1378;TL
nt1379;TL
nt1380;TL
nt1381;TL
nt1382;TL
nt1383;TL
nt1384;TL
nt1385;TL
nt1386;TL
nt1387;TL
nt1388;TL
nt1389;TL
nt1390;TL
nt1391;TL
nt1392;TL
nt1393;TL
nt1394;TL
nt1395;TL
nt1396;TL
nt1397;TL
nt1398;TL
nt1399;TL
nt1400;TL
nt1401;TL
nt1402;TL
nt1403;TL
nt1404;TL
nt1405;TL
nt1406;TL
nt1407;TL
nt1408;TL
nt1409;TL
nt1410;TL
nt1411;TL
nt1412;TL
nt1413;TL
nt1414;TL
nt1415;TL
nt1416;TL
nt1417;TL
nt1418;TL
nt1419;TL
nt1420;TL
nt1421;TL
nt1422;TL
nt1423;TL
nt1424;TL
nt1425;TL
nt1426;TL
nt1427;TL
nt1428;TL
nt1429;TL
nt1430;TL
nt1431;TL
nt1432;TL
nt1433;TL
nt1434;TL
nt1435;TL
nt1436;TL
nt1437;TL
nt1438;TL
nt1439;TL
nt1440;TL
nt1441;TL
nt1442;TL
nt1443;TL
nt1444;TL
nt1445;TL
nt1446;TL
nt1447;TL
nt1448;TL
nt1449;TL
nt1450;TL
nt1451;TL
nt1452;TL
nt1453;TL
nt1454;TL
nt1455;TL
nt1456;TL
nt1457;TL
nt1458;TL
nt1459;TL
nt1460;TL
nt1461;TL
nt1462;TL
nt1463;TL
nt1464;TL
nt1465;TL
nt1466;TL
nt1467;TL
nt1468;TL
nt1469;TL
nt1470;TL
nt1471;TL
nt1472;TL
nt1473;TL
nt1474;TL
nt1475;TL
nt1476;TL
nt1477;TL
nt1478;TL
nt1479;TL
nt1480;TL
nt1481;TL
nt1482;TL
nt1483;TL
nt1484;TL
nt1485;TL
nt1486;TL
nt1487;TL
nt1488;TL
nt1489;TL
nt1490;TL
nt1491;TL
nt1492;TL
nt1493;TL
nt1494;TL
nt1495;TL
nt1496;TL
nt1497;TL
nt1498;TL
nt1499;TL
nt1500;TL
nt1501;TL
nt1502;TL
nt1503;TL
nt1504;TL
nt1505;TL
nt1506;TL
nt1507;TL
nt1508;TL
nt1509;TL
nt1510;TL
nt1511;TL
nt1512;TL
nt1513;TL
nt1514;TL
nt1515;TL
nt1516;TL
nt1517;TL
nt1518;TL
nt1519;TL
nt1520;TL
nt1521;TL
nt1522;TL
nt1523;TL
nt1524;TL
nt1525;TL
nt1526;TL
nt1527;TL
nt1528;TL
nt1529;TL
nt1530;TL
nt1531;TL
nt1532;TL
nt1533;TL
nt1534;TL
nt1535;TL
nt1536;TL
nt1537;TL
nt1538;TL
nt1539;TL
nt1540;TL
nt1541;TL
nt1542;TL
nt1543;TL
nt1544;TL
nt1545;TL
nt1546;TL
nt1547;TL
nt1548;TL
nt1549;TL
nt1550;TL
nt1551;TL
nt1552;TL
nt1553;TL
nt1554;TL
nt1555;TL
nt1556;TL
nt1557;TL
nt1558;TL
nt1559;TL
nt1560;TL
nt1561;TL
nt1562;TL
nt1563;TL
nt1564;TL
nt1565;TL
nt1566;TL
nt1567;TL
nt1568;TL
nt1569;TL
nt1570;TL
nt1571;TL
nt1572;TL
nt1573;TL
nt1574;TL
nt1575;TL
nt1576;TL
nt1577;TL
nt1578;TL
nt1579;TL
nt1580;TL
nt1581;TL
nt1582;TL
nt1583;TL
nt1584;TL
nt1585;TL
nt1586;TL
nt1587;TL
nt1588;TL
nt1589;TL
nt1590;TL
nt1591;TL
nt1592;TL
nt1593;TL
nt1594;TL
nt1595;TL
nt1596;TL
nt1597;TL
nt1598;TL
nt1599;TL
nt1600;TL
nt1601;TL
nt1602;TL
nt1603;TL
nt1604;TL
nt1605;TL
nt1606;TL
nt1607;TL
nt1608;TL
nt1609;TL
nt1610;TL
nt1611;TL
nt1612;TL
nt1613;TL
nt1614;TL
nt1615;TL
nt1616;TL
nt1617;TL
nt1618;TL
nt1619;TL
nt1620;TL
nt1621;TL
nt1622;TL
nt1623;TL
nt1624;TL
nt1625;TL
nt1626;TL
nt1627;TL
nt1628;TL
nt1629;TL
nt1630;TL
nt1631;TL
nt1632;TL
nt1633;TL
nt1634;TL
nt1635;TL
nt1636;TL
nt1637;TL
nt1638;TL
nt1639;TL
nt1640;TL
nt1641;TL
nt1642;TL
nt1643;TL
nt1644;TL
nt1645;TL
nt1646;TL
nt1647;TL
nt1648;TL
nt1649;TL
nt1650;TL
nt1651;TL
nt1652;TL
nt1653;TL
nt1654;TL
nt1655;TL
nt1656;TL
nt1657;TL
nt1658;TL
nt1659;TL
nt1660;TL
nt1661;TL
nt1662;TL
nt1663;TL
nt1664;TL
nt1665;TL
nt1666;TL
nt1667;TL
nt1668;TL
nt1669;TL
nt1670;TL
nt1671;TL
nt1672;TL
nt1673;TL
nt1674;TL
nt1675;TL
nt1676;TL
nt1677;TL
nt1678;TL
nt1679;TL
nt1680;TL
nt1681;TL
nt1682;TL
nt1683;TL
nt1684;TL
nt1685;TL
nt1686;TL
nt1687;TL
nt1688;TL
nt1689;TL
nt1690;TL
nt1691;TL
nt1692;TL
nt1693;TL
nt1694;TL
nt1695;TL
nt1696;TL
nt1697;TL
nt1698;TL
nt1699;TL
nt1700;TL
nt1701;TL
nt1702;TL
nt1703;TL
nt1704;TL
nt1705;TL
nt1706;TL
nt1707;TL
nt1708;TL
nt1709;TL
nt1710;TL
nt1711;TL
nt1712;TL
nt1713;TL
nt1714;TL
nt1715;TL
nt1716;TL
nt1717;TL
nt1718;TL
nt1719;TL
nt1720;TL
nt1721;TL
nt1722;TL
nt1723;TL
nt1724;TL
nt1725;TL
nt1726;TL
nt1727;TL
nt1728;TL
nt1729;TL
nt1730;TL
nt1731;TL
nt1732;TL
nt1733;TL
nt1734;TL
nt1735;TL
nt1736;TL
nt1737;TL
nt1738;TL
nt1739;TL
nt1740;TL
nt1741;TL
nt1742;TL
nt1743;TL
nt1744;TL
nt1745;TL
nt1746;TL
nt1747;TL
nt1748;TL
nt1749;TL
nt1750;TL
nt1751;TL
nt1752;TL
nt1753;TL
nt1754;TL
nt1755;TL
nt1756;TL
nt1757;TL
nt1758;TL
nt1759;TL
nt1760;TL
nt1761;TL
nt1762;TL
nt1763;TL
nt1764;TL
nt1765;TL
nt1766;TL
nt1767;TL
nt1768;TL
nt1769;TL
nt1770;TL
nt1771;TL
nt1772;TL
nt1773;TL
nt1774;TL
nt1775;TL
nt1776;TL
nt1777;TL
nt1778;TL
nt1779;TL
nt1780;TL
nt1781;TL
nt1782;TL
nt1783;TL
nt1784;TL
nt1785;TL
nt1786;TL
nt1787;TL
nt1788;TL
nt1789;TL
nt1790;TL
nt1791;TL
nt1792;TL
nt1793;TL
nt1794;TL
nt1795;TL
nt1796;TL
nt1797;TL
nt1798;TL
nt1799;TL
nt1800;TL
nt1801;TL
nt1802;TL
nt1803;TL
nt1804;TL
nt1805;TL
nt1806;TL
nt1807;TL
nt1808;TL
nt1809;TL
nt1810;TL
nt1811;TL
nt1812;TL
nt1813;TL
nt1814;TL
nt1815;TL
nt1816;TL
nt1817;TL
nt1818;TL
nt1819;TL
nt1820;TL
nt1821;TL
nt1822;TL
nt1823;TL
nt1824;TL
nt1825;TL
nt1826;TL
nt1827;TL
nt1828;TL
nt1829;TL
nt1830;TL
nt1831;TL
nt1832;TL
nt1833;TL
nt1834;TL
nt1835;TL
nt1836;TL
nt1837;TL
nt1838;TL
nt1839;TL
nt1840;TL
nt1841;TL
nt1842;TL
nt1843;TL
nt1844;TL
nt1845;TL
nt1846;TL
nt1847;TL
nt1848;TL
nt1849;TL
nt1850;TL
nt1851;TL
nt1852;TL
nt1853;TL
nt1854;TL
nt1855;TL
nt1856;TL
nt1857;TL
nt1858;TL
nt1859;TL
nt1860;TL
nt1861;TL
nt1862;TL
nt1863;TL
nt1864;TL
nt1865;TL
nt1866;TL
nt1867;TL
nt1868;TL
nt1869;TL
nt1870;TL
nt1871;TL
nt1872;TL
nt1873;TL
nt1874;TL
nt1875;TL
nt1876;TL
nt1877;TL
nt1878;TL
nt1879;TL
nt1880;TL
nt1881;TL
nt1882;TL
nt1883;TL
nt1884;TL
nt1885;TL
nt1886;TL
nt1887;TL
nt1888;TL
nt1889;TL
nt1890;TL
nt1891;TL
nt1892;TL
nt1893;TL
nt1894;TL
nt1895;TL
nt1896;TL
nt1897;TL
nt1898;TL
nt1899;TL
nt1900;TL
nt1901;TL
nt1902;TL
nt1903;TL
nt1904;TL
nt1905;TL
nt1906;TL
nt1907;TL
nt1908;TL
nt1909;TL
nt1910;TL
nt1911;TL
nt1912;TL
nt1913;TL
nt1914;TL
nt1915;TL
nt1916;TL
nt1917;TL
nt1918;TL
nt1919;TL
nt1920;TL
nt1921;TL
nt1922;TL
nt1923;TL
nt1924;TL
nt1925;TL
nt1926;TL
nt1927;TL
nt1928;TL
nt1929;TL
nt1930;TL
nt1931;TL
nt1932;TL
nt1933;TL
nt1934;TL
nt1935;TL
nt1936;TL
nt1937;TL
nt1938;TL
nt1939;TL
nt1940;TL
nt1941;TL
nt1942;TL
nt1943;TL
nt1944;TL
nt1945;TL
nt1946;TL
nt1947;TL
nt1948;TL
nt1949;TL
nt1950;TL
nt1951;TL
nt1952;TL
nt1953;TL
nt1954;TL
nt1955;TL
nt1956;TL
nt1957;TL
nt1958;TL
nt1959;TL
nt1960;TL
nt1961;TL
nt1962;TL
nt1963;TL
nt1964;TL
nt1965;TL
nt1966;TL
nt1967;TL
nt1968;TL
nt1969;TL
nt1970;TL
nt1971;TL
nt1972;TL
nt1973;TL
nt1974;TL
nt1975;TL
nt1976;TL
nt1977;TL
nt1978;TL
nt1979;TL
nt1980;TL
nt1981;TL
nt1982;TL
nt1983;TL
nt1984;TL
nt1985;TL
nt1986;TL
nt1987;TL
nt1988;TL
nt1989;TL
nt1990;TL
nt1991;TL
nt1992;TL
nt1993;TL
nt1994;TL
nt1995;TL
nt1996;TL
nt1997;TL
nt1998;TL
nt1999;TL
nt2000;TL
nt2001;TL
nt2002;TL
nt2003;TL
nt2004;TL
nt2005;TL
nt2006;TL
nt2007;TL
nt2008;TL
nt2009;TL
nt2010;TL
nt2011;TL
nt2012;TL
nt2013;TL
nt2014;TL
nt2015;TL
nt2016;TL
nt2017;TL
nt2018;TL
nt2019;TL
nt2020;TL
nt2021;TL
nt2022;TL
nt2023;TL
nt2024;TL
nt2025;TL
nt2026;TL
nt2027;TL
nt2028;TL
nt2029;TL
nt2030;TL
nt2031;TL
nt2032;TL
nt2033;TL
nt2034;TL
nt2035;TL
nt2036;TL
nt2037;TL
nt2038;TL
nt2039;TL
nt2040;TL
nt2041;TL
nt2042;TL
nt2043;TL
nt2044;TL
nt2045;TL
nt2046;TL
nt2047;TL
nt2048;TL
nt2049;TL
nt2050;TL
nt2051;TL
nt2052;TL
nt2053;TL
nt2054;TL
nt2055;TL
nt2056;TL
nt2057;TL
nt2058;TL
nt2059;TL
nt2060;TL
nt2061;TL
nt2062;TL
nt2063;TL
nt2064;TL
nt2065;TL
nt2066;TL
nt2067;TL
nt2068;TL
nt2069;TL
nt2070;TL
nt2071;TL
nt2072;TL
nt2073;TL
nt2074;TL
nt2075;TL
nt2076;TL
nt2077;TL
nt2078;TL
nt2079;TL
nt2080;TL
nt2081;TL
nt2082;TL
nt2083;TL
nt2084;TL
nt2085;TL
nt2086;TL
nt2087;TL
nt2088;TL
nt2089;TL
nt2090;TL
nt2091;TL
nt2092;TL
nt2093;TL
nt2094;TL
nt2095;TL
nt2096;TL
nt2097;TL
nt2098;TL
nt2099;TL
nt2100;TL
nt2101;TL
nt2102;TL
nt2103;TL
nt2104;TL
nt2105;TL
nt2106;TL
nt2107;TL
nt2108;TL
nt2109;TL
nt2110;TL
nt2111;TL
nt2112;TL
nt2113;TL
nt2114;TL
nt2115;TL
nt2116;TL
nt2117;TL
nt2118;TL
nt2119;TL
nt2120;TL
nt2121;TL
nt2122;TL
nt2123;TL
nt2124;TL
nt2125;TL
nt2126;TL
nt2127;TL
nt2128;TL
nt2129;TL
nt2130;TL
nt2131;TL
nt2132;TL
nt2133;TL
nt2134;TL
nt2135;TL
nt2136;TL
nt2137;TL
nt2138;TL
nt2139;TL
nt2140;TL
nt2141;TL
nt2142;TL
nt2143;TL
nt2144;TL
nt2145;TL
nt2146;TL
nt2147;TL
nt2148;TL
nt2149;TL
nt2150;TL
nt2151;TL
nt2152;TL
nt2153;TL
nt2154;TL
nt2155;TL
nt2156;TL
nt2157;TL
nt2158;TL
nt2159;TL
nt2160;TL
nt2161;TL
nt2162;TL
nt2163;TL
nt2164;TL
nt2165;TL
nt2166;TL
nt2167;TL
nt2168;TL
nt2169;TL
nt2170;TL
nt2171;TL
nt2172;TL
nt2173;TL
nt2174;TL
nt2175;TL
nt2176;TL
nt2177;TL
nt2178;TL
nt2179;TL
nt2180;TL
nt2181;TL
nt2182;TL
nt2183;TL
nt2184;TL
nt2185;TL
nt2186;TL
nt2187;TL
nt2188;TL
nt2189;TL
nt2190;TL
nt2191;TL
nt2192;TL
nt2193;TL
nt2194;TL
nt2195;TL
nt2196;TL
nt2197;TL
nt2198;TL
nt2199;TL
nt2200;TL
nt2201;TL
nt2202;TL
nt2203;TL
nt2204;TL
nt2205;TL
nt2206;TL
nt2207;TL
nt2208;TL
nt2209;TL
nt2210;TL
nt2211;TL
nt2212;TL
nt2213;TL
nt2214;TL
nt2215;TL
nt2216;TL
nt2217;TL
nt2218;TL
nt2219;TL
nt2220;TL
nt2221;TL
nt2222;TL
nt2223;TL
nt2224;TL
nt2225;TL
nt2226;TL
nt2227;TL
nt2228;TL
nt2229;TL
nt2230;TL
nt2231;TL
nt2232;TL
nt2233;TL
nt2234;TL
nt2235;TL
nt2236;TL
nt2237;TL
nt2238;TL
nt2239;TL
nt2240;TL
nt2241;TL
nt2242;TL
nt2243;TL
nt2244;TL
nt2245;TL
nt2246;TL
nt2247;TL
nt2248;TL
nt2249;TL
nt2250;TL
nt2251;TL
nt2252;TL
nt2253;TL
nt2254;TL
nt2255;TL
nt2256;TL
nt2257;TL
nt2258;TL
nt2259;TL
nt2260;TL
nt2261;TL
nt2262;TL
nt2263;TL
nt2264;TL
nt2265;TL
nt2266;TL
nt2267;TL
nt2268;TL
nt2269;TL
nt2270;TL
nt2271;TL
nt2272;TL
nt2273;TL
nt2274;TL
nt2275;TL
nt2276;TL
nt2277;TL
nt2278;TL
nt2279;TL
nt2280;TL
nt2281;TL
nt2282;TL
nt2283;TL
nt2284;TL
nt2285;TL
nt2286;TL
nt2287;TL
nt2288;TL
nt2289;TL
nt2290;TL
nt2291;TL
nt2292;TL
nt2293;TL
nt2294;TL
nt2295;TL
nt2296;TL
nt2297;TL
nt2298;TL
nt2299;TL
nt2300;TL
nt2301;TL
nt2302;TL
nt2303;TL
nt2304;TL
nt2305;TL
nt2306;TL
nt2307;TL
nt2308;TL
nt2309;TL
nt2310;TL
nt2311;TL
nt2312;TL
nt2313;TL
nt2314;TL
nt2315;TL
nt2316;TL
nt2317;TL
nt2318;TL
nt2319;TL
nt2320;TL
nt2321;TL
nt2322;TL
nt2323;TL
nt2324;TL
nt2325;TL
nt2326;TL
nt2327;TL
nt2328;TL
nt2329;TL
nt2330;TL
nt2331;TL
nt2332;TL
nt2333;TL
nt2334;TL
nt2335;TL
nt2336;TL
nt2337;TL
nt2338;TL
nt2339;TL
nt2340;TL
nt2341;TL
nt2342;TL
nt2343;TL
nt2344;TL
nt2345;TL
nt2346;TL
nt2347;TL
nt2348;TL
nt2349;TL
nt2350;TL
nt2351;TL
nt2352;TL
nt2353;TL
nt2354;TL
nt2355;TL
nt2356;TL
nt2357;TL
nt2358;TL
nt2359;TL
nt2360;TL
nt2361;TL
nt2362;TL
nt2363;TL
nt2364;TL
nt2365;TL
nt2366;TL
nt2367;TL
nt2368;TL
nt2369;TL
nt2370;TL
nt2371;TL
nt2372;TL
nt2373;TL
nt2374;TL
nt2375;TL
nt2376;TL
nt2377;TL
nt2378;TL
nt2379;TL
nt2380;TL
nt2381;TL
nt2382;TL
nt2383;TL
nt2384;TL
nt2385;TL
nt2386;TL
nt2387;TL
nt2388;TL
nt2389;TL
nt2390;TL
nt2391;TL
nt2392;TL
nt2393;TL
nt2394;TL
nt2395;TL
nt2396;TL
nt2397;TL
nt2398;TL
nt2399;TL
nt2400;TL
nt2401;TL
nt2402;TL
nt2403;TL
nt2404;TL
nt2405;TL
nt2406;TL
nt2407;TL
nt2408;TL
nt2409;TL
nt2410;TL
nt2411;TL
nt2412;TL
nt2413;TL
nt2414;TL
nt2415;TL
nt2416;TL
nt2417;TL
nt2418;TL
nt2419;TL
nt2420;TL
nt2421;TL
nt2422;TL
nt2423;TL
nt2424;TL
nt2425;TL
nt2426;TL
nt2427;TL
nt2428;TL
nt2429;TL
nt2430;TL
nt2431;TL
nt2432;TL
nt2433;TL
nt2434;TL
nt2435;TL
nt2436;TL
nt2437;TL
nt2438;TL
nt2439;TL
nt2440;TL
nt2441;TL
nt2442;TL
nt2443;TL
nt2444;TL
nt2445;TL
nt2446;TL
nt2447;TL
nt2448;TL
nt2449;TL
nt2450;TL
nt2451;TL
nt2452;TL
nt2453;TL
nt2454;TL
nt2455;TL
nt2456;TL
nt2457;TL
nt2458;TL
nt2459;TL
nt2460;TL
nt2461;TL
nt2462;TL
nt2463;TL
nt2464;TL
nt2465;TL
nt2466;TL
nt2467;TL
nt2468;TL
nt2469;TL
nt2470;TL
nt2471;TL
nt2472;TL
nt2473;TL
nt2474;TL
nt2475;TL
nt2476;TL
nt2477;TL
nt2478;TL
nt2479;TL
nt2480;TL
nt2481;TL
nt2482;TL
nt2483;TL
nt2484;TL
nt2485;TL
nt2486;TL
nt2487;TL
nt2488;TL
nt2489;TL
nt2490;TL
nt2491;TL
nt2492;TL
nt2493;TL
nt2494;TL
nt2495;TL
nt2496;TL
nt2497;TL
nt2498;TL
nt2499;TL
nt2500;TL
nt2501;TL
nt2502;TL
nt2503;TL
nt2504;TL
nt2505;TL
nt2506;TL
nt2507;TL
nt2508;TL
nt2509;TL
nt2510;TL
nt2511;TL
nt2512;TL
nt2513;TL
nt2514;TL
nt2515;TL
nt2516;TL
nt2517;TL
nt2518;TL
nt2519;TL
nt2520;TL
nt2521;TL
nt2522;TL
nt2523;TL
nt2524;TL
nt2525;TL
nt2526;TL
nt2527;TL
nt2528;TL
nt2529;TL
nt2530;TL
nt2531;TL
nt2532;TL
nt2533;TL
nt2534;TL
nt2535;TL
nt2536;TL
nt2537;TL
nt2538;TL
nt2539;TL
nt2540;TL
nt2541;TL
nt2542;TL
nt2543;TL
nt2544;TL
nt2545;TL
nt2546;TL
nt2547;TL
nt2548;TL
nt2549;TL
nt2550;TL
nt2551;TL
nt2552;TL
nt2553;TL
nt2554;TL
nt2555;TL
nt2556;TL
nt2557;TL
nt2558;TL
nt2559;TL
nt2560;TL
nt2561;TL
nt2562;TL
nt2563;TL
nt2564;TL
nt2565;TL
nt2566;TL
nt2567;TL
nt2568;TL
nt2569;TL
nt2570;TL
nt2571;TL
nt2572;TL
nt2573;TL
nt2574;TL
nt2575;TL
nt2576;TL
nt2577;TL
nt2578;TL
nt2579;TL
nt2580;TL
nt2581;TL
nt2582;TL
nt2583;TL
nt2584;TL
nt2585;TL
nt2586;TL
nt2587;TL
nt2588;TL
nt2589;TL
nt2590;TL
nt2591;TL
nt2592;TL
nt2593;TL
nt2594;TL
nt2595;TL
nt2596;TL
nt2597;TL
nt2598;TL
nt2599;TL
nt2600;TL
nt2601;TL
nt2602;TL
nt2603;TL
nt2604;TL
nt2605;TL
nt2606;TL
nt2607;TL
nt2608;TL
nt2609;TL
nt2610;TL
nt2611;TL
nt2612;TL
nt2613;TL
nt2614;TL
nt2615;TL
nt2616;TL
nt2617;TL
nt2618;TL
nt2619;TL
nt2620;TL
nt2621;TL
nt2622;TL
nt2623;TL
nt2624;TL
nt2625;TL
nt2626;TL
nt2627;TL
nt2628;TL
nt2629;TL
nt2630;TL
nt2631;TL
nt2632;TL
nt2633;TL
nt2634;TL
nt2635;TL
nt2636;TL
nt2637;TL
nt2638;TL
nt2639;TL
nt2640;TL
nt2641;TL
nt2642;TL
nt2643;TL
nt2644;TL
nt2645;TL
nt2646;TL
nt2647;TL
nt2648;TL
nt2649;TL
nt2650;TL
nt2651;TL
nt2652;TL
nt2653;TL
nt2654;TL
nt2655;TL
nt2656;TL
nt2657;TL
nt2658;TL
nt2659;TL
nt2660;TL
nt2661;TL
nt2662;TL
nt2663;TL
nt2664;TL
nt2665;TL
nt2666;TL
nt2667;TL
nt2668;TL
nt2669;TL
nt2670;TL
nt2671;TL
nt2672;TL
nt2673;TL
nt2674;TL
nt2675;TL
nt2676;TL
nt2677;TL
nt2678;TL
nt2679;TL
nt2680;TL
nt2681;TL
nt2682;TL
nt2683;TL
nt2684;TL
nt2685;TL
nt2686;TL
nt2687;TL
nt2688;TL
nt2689;TL
nt2690;TL
nt2691;TL
nt2692;TL
nt2693;TL
nt2694;TL
nt2695;TL
nt2696;TL
nt2697;TL
nt2698;TL
nt2699;TL
nt2700;TL
nt2701;TL
nt2702;TL
nt2703;TL
nt2704;TL
nt2705;TL
nt2706;TL
nt2707;TL
nt2708;TL
nt2709;TL
nt2710;TL
nt2711;TL
nt2712;TL
nt2713;TL
nt2714;TL
nt2715;TL
nt2716;TL
nt2717;TL
nt2718;TL
nt2719;TL
nt2720;TL
nt2721;TL
nt2722;TL
nt2723;TL
nt2724;TL
nt2725;TL
nt2726;TL
nt2727;TL
nt2728;TL
nt2729;TL
nt2730;TL
nt2731;TL
nt2732;TL
nt2733;TL
nt2734;TL
nt2735;TL
nt2736;TL
nt2737;TL
nt2738;TL
nt2739;TL
nt2740;TL
nt2741;TL
nt2742;TL
nt2743;TL
nt2744;TL
nt2745;TL
nt2746;TL
nt2747;TL
nt2748;TL
nt2749;TL
nt2750;TL
nt2751;TL
nt2752;TL
nt2753;TL
nt2754;TL
nt2755;TL
nt2756;TL
nt2757;TL
nt2758;TL
nt2759;TL
nt2760;TL
nt2761;TL
nt2762;TL
nt2763;TL
nt2764;TL
nt2765;TL
nt2766;TL
nt2767;TL
nt2768;TL
nt2769;TL
nt2770;TL
nt2771;TL
nt2772;TL
nt2773;TL
nt2774;TL
nt2775;TL
nt2776;TL
nt2777;TL
nt2778;TL
nt2779;TL
nt2780;TL
nt2781;TL
nt2782;TL
nt2783;TL
nt2784;TL
nt2785;TL
nt2786;TL
nt2787;TL
nt2788;TL
nt2789;TL
nt2790;TL
nt2791;TL
nt2792;TL
nt2793;TL
nt2794;TL
nt2795;TL
nt2796;TL
nt2797;TL
nt2798;TL
nt2799;TL
nt2800;TL
nt2801;TL
nt2802;TL
nt2803;TL
nt2804;TL
nt2805;TL
nt2806;TL
nt2807;TL
nt2808;TL
nt2809;TL
nt2810;TL
nt2811;TL
nt2812;TL
nt2813;TL
nt2814;TL
nt2815;TL
nt2816;TL
nt2817;TL
nt2818;TL
nt2819;TL
nt2820;TL
nt2821;TL
nt2822;TL
nt2823;TL
nt2824;TL
nt2825;TL
nt2826;TL
nt2827;TL
nt2828;TL
nt2829;TL
nt2830;TL
nt2831;TL
nt2832;TL
nt2833;TL
nt2834;TL
nt2835;TL
nt2836;TL
nt2837;TL
nt2838;TL
nt2839;TL
nt2840;TL
nt2841;TL
nt2842;TL
nt2843;TL
nt2844;TL
nt2845;TL
nt2846;TL
nt2847;TL
nt2848;TL
nt2849;TL
nt2850;TL
nt2851;TL
nt2852;TL
nt2853;TL
nt2854;TL
nt2855;TL
nt2856;TL
nt2857;TL
nt2858;TL
nt2859;TL
nt2860;TL
nt2861;TL
nt2862;TL
nt2863;TL
nt2864;TL
nt2865;TL
nt2866;TL
nt2867;TL
nt2868;TL
nt2869;TL
nt2870;TL
nt2871;TL
nt2872;TL
nt2873;TL
nt2874;TL
nt2875;TL
nt2876;TL
nt2877;TL
nt2878;TL
nt2879;TL
nt2880;TL
nt2881;TL
nt2882;TL
nt2883;TL
nt2884;TL
nt2885;TL
nt2886;TL
nt2887;TL
nt2888;TL
nt2889;TL
nt2890;TL
nt2891;TL
nt2892;TL
nt2893;TL
nt2894;TL
nt2895;TL
nt2896;TL
nt2897;TL
nt2898;TL
nt2899;TL
nt2900;TL
nt2901;TL
nt2902;TL
nt2903;TL
nt2904;TL
nt2905;TL
nt2906;TL
nt2907;TL
nt2908;TL
nt2909;TL
nt2910;TL
nt2911;TL
nt2912;TL
nt2913;TL
nt2914;TL
nt2915;TL
nt2916;TL
nt2917;TL
nt2918;TL
nt2919;TL
nt2920;TL
nt2921;TL
nt2922;TL
nt2923;TL
nt2924;TL
nt2925;TL
nt2926;TL
nt2927;TL
nt2928;TL
nt2929;TL
nt2930;TL
nt2931;TL
nt2932;TL
nt2933;TL
nt2934;TL
nt2935;TL
nt2936;TL
nt2937;TL
nt2938;TL
nt2939;TL
nt2940;TL
nt2941;TL
nt2942;TL
nt2943;TL
nt2944;TL
nt2945;TL
nt2946;TL
nt2947;TL
nt2948;TL
nt2949;TL
nt2950;TL
nt2951;TL
nt2952;TL
nt2953;TL
nt2954;TL
nt2955;TL
nt2956;TL
nt2957;TL
nt2958;TL
nt2959;TL
nt2960;TL
nt2961;TL
nt2962;TL
nt2963;TL
nt2964;TL
nt2965;TL
nt2966;TL
nt2967;TL
nt2968;TL
nt2969;TL
nt2970;TL
nt2971;TL
nt2972;TL
nt2973;TL
nt2974;TL
nt2975;TL
nt2976;TL
nt2977;TL
nt2978;TL
nt2979;TL
nt2980;TL
nt2981;TL
nt2982;TL
nt2983;TL
nt2984;TL
nt2985;TL
nt2986;TL
nt2987;TL
nt2988;TL
nt2989;TL
nt2990;TL
nt2991;TL
nt2992;TL
nt2993;TL
nt2994;TL
nt2995;TL
nt2996;TL
nt2997;TL
nt2998;TL
nt2999;TL
nt3000;TL
nt3001;TL
nt3002;TL
nt3003;TL
nt3004;TL
nt3005;TL
nt3006;TL
nt3007;TL
nt3008;TL
nt3009;TL
nt3010;TL
nt3011;TL
nt3012;TL
nt3013;TL
nt3014;TL
nt3015;TL
nt3016;TL
nt3017;TL
nt3018;TL
nt3019;TL
nt3020;TL
nt3021;TL
nt3022;TL
nt3023;TL
nt3024;TL
nt3025;TL
nt3026;TL
nt3027;TL
nt3028;TL
nt3029;TL
nt3030;TL
nt3031;TL
nt3032;TL
nt3033;TL
nt3034;TL
nt3035;TL
nt3036;TL
nt3037;TL
nt3038;TL
nt3039;TL
nt3040;TL
nt3041;TL
nt3042;TL
nt3043;TL
nt3044;TL
nt3045;TL
nt3046;TL
nt3047;TL
nt3048;TL
nt3049;TL
nt3050;TL
nt3051;TL
nt3052;TL
nt3053;TL
nt3054;TL
nt3055;TL
nt3056;TL
nt3057;TL
nt3058;TL
nt3059;TL
nt3060;TL
nt3061;TL
nt3062;TL
nt3063;TL
nt3064;TL
nt3065;TL
nt3066;TL
nt3067;TL
nt3068;TL
nt3069;TL
nt3070;TL
nt3071;TL
nt3072;TL
nt3073;TL
nt3074;TL
nt3075;TL
nt3076;TL
nt3077;TL
nt3078;TL
nt3079;TL
nt3080;TL
nt3081;TL
nt3082;TL
nt3083;TL
nt3084;TL
nt3085;TL
nt3086;TL
nt3087;TL
nt3088;TL
nt3089;TL
nt3090;TL
nt3091;TL
nt3092;TL
nt3093;TL
nt3094;TL
nt3095;TL
nt3096;TL
nt3097;TL
nt3098;TL
nt3099;TL
nt3100;TL
nt3101;TL
nt3102;TL
nt3103;TL
nt3104;TL
nt3105;TL
nt3106;TL
nt3107;TL
nt3108;TL
nt3109;TL
nt3110;TL
nt3111;TL
nt3112;TL
nt3113;TL
nt3114;TL
nt3115;TL
nt3116;TL
nt3117;TL
nt3118;TL
nt3119;TL
nt3120;TL
nt3121;TL
nt3122;TL
nt3123;TL
nt3124;TL
nt3125;TL
nt3126;TL
nt3127;TL
nt3128;TL
nt3129;TL
nt3130;TL
nt3131;TL
nt3132;TL
nt3133;TL
nt3134;TL
nt3135;TL
nt3136;TL
nt3137;TL
nt3138;TL
nt3139;TL
nt3140;TL
nt3141;TL
nt3142;TL
nt3143;TL
nt3144;TL
nt3145;TL
nt3146;TL
nt3147;TL
nt3148;TL
nt3149;TL
nt3150;TL
nt3151;TL
nt3152;TL
nt3153;TL
nt3154;TL
nt3155;TL
nt3156;TL
nt3157;TL
nt3158;TL
nt3159;TL
nt3160;TL
nt3161;TL
nt3162;TL
nt3163;TL
nt3164;TL
nt3165;TL
nt3166;TL
nt3167;TL
nt3168;TL
nt3169;TL
nt3170;TL
nt3171;TL
nt3172;TL
nt3173;TL
nt3174;TL
nt3175;TL
nt3176;TL
nt3177;TL
nt3178;TL
nt3179;TL
nt3180;TL
nt3181;TL
nt3182;TL
nt3183;TL
nt3184;TL
nt3185;TL
nt3186;TL
nt3187;TL
nt3188;TL
nt3189;TL
nt3190;TL
nt3191;TL
nt3192;TL
nt3193;TL
nt3194;TL
nt3195;TL
nt3196;TL
nt3197;TL
nt3198;TL
nt3199;TL
nt3200;TL
nt3201;TL
nt3202;TL
nt3203;TL
nt3204;TL
nt3205;TL
nt3206;TL
nt3207;TL
nt3208;TL
nt3209;TL
nt3210;TL
nt3211;TL
nt3212;TL
nt3213;TL
nt3214;TL
nt3215;TL
nt3216;TL
nt3217;TL
nt3218;TL
nt3219;TL
nt3220;TL
nt3221;TL
nt3222;TL
nt3223;TL
nt3224;TL
nt3225;TL
nt3226;TL
nt3227;TL
nt3228;TL
nt3229;TL
nt3230;TL
nt3231;TL
nt3232;TL
nt3233;TL
nt3234;TL
nt3235;TL
nt3236;TL
nt3237;TL
nt3238;TL
nt3239;TL
nt3240;TL
nt3241;TL
nt3242;TL
nt3243;TL
nt3244;TL
nt3245;TL
nt3246;TL
nt3247;TL
nt3248;TL
nt3249;TL
nt3250;TL
nt3251;TL
nt3252;TL
nt3253;TL
nt3254;TL
nt3255;TL
nt3256;TL
nt3257;TL
nt3258;TL
nt3259;TL
nt3260;TL
nt3261;TL
nt3262;TL
nt3263;TL
nt3264;TL
nt3265;TL
nt3266;TL
nt3267;TL
nt3268;TL
nt3269;TL
nt3270;TL
nt3271;TL
nt3272;TL
nt3273;TL
nt3274;TL
nt3275;TL
nt3276;TL
nt3277;TL
nt3278;TL
nt3279;TL
nt3280;TL
nt3281;TL
nt3282;TL
nt3283;TL
nt3284;TL
nt3285;TL
nt3286;TL
nt3287;TL
nt3288;TL
nt3289;TL
nt3290;TL
nt3291;TL
nt3292;TL
nt3293;TL
nt3294;TL
nt3295;TL
nt3296;TL
nt3297;TL
nt3298;TL
nt3299;TL
nt3300;TL
nt3301;TL
nt3302;TL
nt3303;TL
nt3304;TL
nt3305;TL
nt3306;TL
nt3307;TL
nt3308;TL
nt3309;TL
nt3310;TL
nt3311;TL
nt3312;TL
nt3313;TL
nt3314;TL
nt3315;TL
nt3316;TL
nt3317;TL
nt3318;TL
nt3319;TL
nt3320;TL
nt3321;TL
nt3322;TL
nt3323;TL
nt3324;TL
nt3325;TL
nt3326;TL
nt3327;TL
nt3328;TL
nt3329;TL
nt3330;TL
nt3331;TL
nt3332;TL
nt3333;TL
nt3334;TL
nt3335;TL
nt3336;TL
nt3337;TL
nt3338;TL
nt3339;TL
nt3340;TL
nt3341;TL
nt3342;TL
nt3343;TL
nt3344;TL
nt3345;TL
nt3346;TL
nt3347;TL
nt3348;TL
nt3349;TL
nt3350;TL
nt3351;TL
nt3352;TL
nt3353;TL
nt3354;TL
nt3355;TL
nt3356;TL
nt3357;TL
nt3358;TL
nt3359;TL
nt3360;TL
nt3361;TL
nt3362;TL
nt3363;TL
nt3364;TL
nt3365;TL
nt3366;TL
nt3367;TL
nt3368;TL
nt3369;TL
nt3370;TL
nt3371;TL
nt3372;TL
nt3373;TL
nt3374;TL
nt3375;TL
nt3376;TL
nt3377;TL
nt3378;TL
nt3379;TL
nt3380;TL
nt3381;TL
nt3382;TL
nt3383;TL
nt3384;TL
nt3385;TL
nt3386;TL
nt3387;TL
nt3388;TL
nt3389;TL
nt3390;TL
nt3391;TL
nt3392;TL
nt3393;TL
nt3394;TL
nt3395;TL
nt3396;TL
nt3397;TL
nt3398;TL
nt3399;TL
nt3400;TL
nt3401;TL
nt3402;TL
nt3403;TL
nt3404;TL
nt3405;TL
nt3406;TL
nt3407;TL
nt3408;TL
nt3409;TL
nt3410;TL
nt3411;TL
nt3412;TL
nt3413;TL
nt3414;TL
nt3415;TL
nt3416;TL
nt3417;TL
nt3418;TL
nt3419;TL
nt3420;TL
nt3421;TL
nt3422;TL
nt3423;TL
nt3424;TL
nt3425;TL
nt3426;TL
nt3427;TL
nt3428;TL
nt3429;TL
nt3430;TL
nt3431;TL
nt3432;TL
nt3433;TL
nt3434;TL
nt3435;TL
nt3436;TL
nt3437;TL
nt3438;TL
nt3439;TL
nt3440;TL
nt3441;TL
nt3442;TL
nt3443;TL
nt3444;TL
nt3445;TL
nt3446;TL
nt3447;TL
nt3448;TL
nt3449;TL
nt3450;TL
nt3451;TL
nt3452;TL
nt3453;TL
nt3454;TL
nt3455;TL
nt3456;TL
nt3457;TL
nt3458;TL
nt3459;TL
nt3460;TL
nt3461;TL
nt3462;TL
nt3463;TL
nt3464;TL
nt3465;TL
nt3466;TL
nt3467;TL
nt3468;TL
nt3469;TL
nt3470;TL
nt3471;TL
nt3472;TL
nt3473;TL
nt3474;TL
nt3475;TL
nt3476;TL
nt3477;TL
nt3478;TL
nt3479;TL
nt3480;TL
nt3481;TL
nt3482;TL
nt3483;TL
nt3484;TL
nt3485;TL
nt3486;TL
nt3487;TL
nt3488;TL
nt3489;TL
nt3490;TL
nt3491;TL
nt3492;TL
nt3493;TL
nt3494;TL
nt3495;TL
nt3496;TL
nt3497;TL
nt3498;TL
nt3499;TL
nt3500;TL
nt3501;TL
nt3502;TL
nt3503;TL
nt3504;TL
nt3505;TL
nt3506;TL
nt3507;TL
nt3508;TL
nt3509;TL
nt3510;TL
nt3511;TL
nt3512;TL
nt3513;TL
nt3514;TL
nt3515;TL
nt3516;TL
nt3517;TL
nt3518;TL
nt3519;TL
nt3520;TL
nt3521;TL
nt3522;TL
nt3523;TL
nt3524;TL
nt3525;TL
nt3526;TL
nt3527;TL
nt3528;TL
nt3529;TL
nt3530;TL
nt3531;TL
nt3532;TL
nt3533;TL
nt3534;TL
nt3535;TL
nt3536;TL
nt3537;TL
nt3538;TL
nt3539;TL
nt3540;TL
nt3541;TL
nt3542;TL
nt3543;TL
nt3544;TL
nt3545;TL
nt3546;TL
nt3547;TL
nt3548;TL
nt3549;TL
nt3550;TL
nt3551;TL
nt3552;TL
nt3553;TL
nt3554;TL
nt3555;TL
nt3556;TL
nt3557;TL
nt3558;TL
nt3559;TL
nt3560;TL
nt3561;TL
nt3562;TL
nt3563;TL
nt3564;TL
nt3565;TL
nt3566;TL
nt3567;TL
nt3568;TL
nt3569;TL
nt3570;TL
nt3571;TL
nt3572;TL
nt3573;TL
nt3574;TL
nt3575;TL
nt3576;TL
nt3577;TL
nt3578;TL
nt3579;TL
nt3580;TL
nt3581;TL
nt3582;TL
nt3583;TL
nt3584;TL
nt3585;TL
nt3586;TL
nt3587;TL
nt3588;TL
nt3589;TL
nt3590;TL
nt3591;TL
nt3592;TL
nt3593;TL
nt3594;TL
nt3595;TL
nt3596;TL
nt3597;TL
nt3598;TL
nt3599;TL
nt3600;TL
nt3601;TL
nt3602;TL
nt3603;TL
nt3604;TL
nt3605;TL
nt3606;TL
nt3607;TL
nt3608;TL
nt3609;TL
nt3610;TL
nt3611;TL
nt3612;TL
nt3613;TL
nt3614;TL
nt3615;TL
nt3616;TL
nt3617;TL
nt3618;TL
nt3619;TL
nt3620;TL
nt3621;TL
nt3622;TL
nt3623;TL
nt3624;TL
nt3625;TL
nt3626;TL
nt3627;TL
nt3628;TL
nt3629;TL
nt3630;TL
nt3631;TL
nt3632;TL
nt3633;TL
nt3634;TL
nt3635;TL
nt3636;TL
nt3637;TL
nt3638;TL
nt3639;TL
nt3640;TL
nt3641;TL
nt3642;TL
nt3643;TL
nt3644;TL
nt3645;TL
nt3646;TL
nt3647;TL
nt3648;TL
nt3649;TL
nt3650;TL
nt3651;TL
nt3652;TL
nt3653;TL
nt3654;TL
nt3655;TL
nt3656;TL
nt3657;TL
nt3658;TL
nt3659;TL
nt3660;TL
nt3661;TL
nt3662;TL
nt3663;TL
nt3664;TL
nt3665;TL
nt3666;TL
nt3667;TL
nt3668;TL
nt3669;TL
nt3670;TL
nt3671;TL
nt3672;TL
nt3673;TL
nt3674;TL
nt3675;TL
nt3676;TL
nt3677;TL
nt3678;TL
nt3679;TL
nt3680;TL
nt3681;TL
nt3682;TL
nt3683;TL
nt3684;TL
nt3685;TL
nt3686;TL
nt3687;TL
nt3688;TL
nt3689;TL
nt3690;TL
nt3691;TL
nt3692;TL
nt3693;TL
nt3694;TL
nt3695;TL
nt3696;TL
nt3697;TL
nt3698;TL
nt3699;TL
nt3700;TL
nt3701;TL
nt3702;TL
nt3703;TL
nt3704;TL
nt3705;TL
nt3706;TL
nt3707;TL
nt3708;TL
nt3709;TL
nt3710;TL
nt3711;TL
nt3712;TL
nt3713;TL
nt3714;TL
nt3715;TL
nt3716;TL
nt3717;TL
nt3718;TL
nt3719;TL
nt3720;TL
nt3721;TL
nt3722;TL
nt3723;TL
nt3724;TL
nt3725;TL
nt3726;TL
nt3727;TL
nt3728;TL
nt3729;TL
nt3730;TL
nt3731;TL
nt3732;TL
nt3733;TL
nt3734;TL
nt3735;TL
nt3736;TL
nt3737;TL
nt3738;TL
nt3739;TL
nt3740;TL
nt3741;TL
nt3742;TL
nt3743;TL
nt3744;TL
nt3745;TL
nt3746;TL
nt3747;TL
nt3748;TL
nt3749;TL
nt3750;TL
nt3751;TL
nt3752;TL
nt3753;TL
nt3754;TL
nt3755;TL
nt3756;TL
nt3757;TL
nt3758;TL
nt3759;TL
nt3760;TL
nt3761;TL
nt3762;TL
nt3763;TL
nt3764;TL
nt3765;TL
nt3766;TL
nt3767;TL
nt3768;TL
nt3769;TL
nt3770;TL
nt3771;TL
nt3772;TL
nt3773;TL
nt3774;TL
nt3775;TL
nt3776;TL
nt3777;TL
nt3778;TL
nt3779;TL
nt3780;TL
nt3781;TL
nt3782;TL
nt3783;TL
nt3784;TL
nt3785;TL
nt3786;TL
nt3787;TL
nt3788;TL
nt3789;TL
nt3790;TL
nt3791;TL
nt3792;TL
nt3793;TL
nt3794;TL
nt3795;TL
nt3796;TL
nt3797;TL
nt3798;TL
nt3799;TL
nt3800;TL
nt3801;TL
nt3802;TL
nt3803;TL
nt3804;TL
nt3805;TL
nt3806;TL
nt3807;TL
nt3808;TL
nt3809;TL
nt3810;TL
nt3811;TL
nt3812;TL
nt3813;TL
nt3814;TL
nt3815;TL
nt3816;TL
nt3817;TL
nt3818;TL
nt3819;TL
nt3820;TL
nt3821;TL
nt3822;TL
nt3823;TL
nt3824;TL
nt3825;TL
nt3826;TL
nt3827;TL
nt3828;TL
nt3829;TL
nt3830;TL
nt3831;TL
nt3832;TL
nt3833;TL
nt3834;TL
nt3835;TL
nt3836;TL
nt3837;TL
nt3838;TL
nt3839;TL
nt3840;TL
nt3841;TL
nt3842;TL
nt3843;TL
nt3844;TL
nt3845;TL
nt3846;TL
nt3847;TL
nt3848;TL
nt3849;TL
nt3850;TL
nt3851;TL
nt3852;TL
nt3853;TL
nt3854;TL
nt3855;TL
nt3856;TL
nt3857;TL
nt3858;TL
nt3859;TL
nt3860;TL
nt3861;TL
nt3862;TL
nt3863;TL
nt3864;TL
nt3865;TL
nt3866;TL
nt3867;TL
nt3868;TL
nt3869;TL
nt3870;TL
nt3871;TL
nt3872;TL
nt3873;TL
nt3874;TL
nt3875;TL
nt3876;TL
nt3877;TL
nt3878;TL
nt3879;TL
nt3880;TL
nt3881;TL
nt3882;TL
nt3883;TL
nt3884;TL
nt3885;TL
nt3886;TL
nt3887;TL
nt3888;TL
nt3889;TL
nt3890;TL
nt3891;TL
nt3892;TL
nt3893;TL
nt3894;TL
nt3895;TL
nt3896;TL
nt3897;TL
nt3898;TL
nt3899;TL
nt3900;TL
nt3901;TL
nt3902;TL
nt3903;TL
nt3904;TL
nt3905;TL
nt3906;TL
nt3907;TL
nt3908;TL
nt3909;TL
nt3910;TL
nt3911;TL
nt3912;TL
nt3913;TL
nt3914;TL
nt3915;TL
nt3916;TL
nt3917;TL
nt3918;TL
nt3919;TL
nt3920;TL
nt3921;TL
nt3922;TL
nt3923;TL
nt3924;TL
nt3925;TL
nt3926;TL
nt3927;TL
nt3928;TL
nt3929;TL
nt3930;TL
nt3931;TL
nt3932;TL
nt3933;TL
nt3934;TL
nt3935;TL
nt3936;TL
nt3937;TL
nt3938;TL
nt3939;TL
nt3940;TL
nt3941;TL
nt3942;TL
nt3943;TL
nt3944;TL
nt3945;TL
nt3946;TL
nt3947;TL
nt3948;TL
nt3949;TL
nt3950;TL
nt3951;TL
nt3952;TL
nt3953;TL
nt3954;TL
nt3955;TL
nt3956;TL
nt3957;TL
nt3958;TL
nt3959;TL
nt3960;TL
nt3961;TL
nt3962;TL
nt3963;TL
nt3964;TL
nt3965;TL
nt3966;TL
nt3967;TL
nt3968;TL
nt3969;TL
nt3970;TL
nt3971;TL
nt3972;TL
nt3973;TL
nt3974;TL
nt3975;TL
nt3976;TL
nt3977;TL
nt3978;TL
nt3979;TL
nt3980;TL
nt3981;TL
nt3982;TL
nt3983;TL
nt3984;TL
nt3985;TL
nt3986;TL
nt3987;TL
nt3988;TL
nt3989;TL
nt3990;TL
nt3991;TL
nt3992;TL
nt3993;TL
nt3994;TL
nt3995;TL
nt3996;TL
nt3997;TL
nt3998;TL
nt3999;TL
nt4000;TL
nt4001;TL
nt4002;TL
nt4003;TL
nt4004;TL
nt4005;TL
nt4006;TL
nt4007;TL
nt4008;TL
nt4009;TL
nt4010;TL
nt4011;TL
nt4012;TL
nt4013;TL
nt4014;TL
nt4015;TL
nt4016;TL
nt4017;TL
nt4018;TL
nt4019;TL
nt4020;TL
nt4021;TL
nt4022;TL
nt4023;TL
nt4024;TL
nt4025;TL
nt4026;TL
nt4027;TL
nt4028;TL
nt4029;TL
nt4030;TL
nt4031;TL
nt4032;TL
nt4033;TL
nt4034;TL
nt4035;TL
nt4036;TL
nt4037;TL
nt4038;TL
nt4039;TL
nt4040;TL
nt4041;TL
nt4042;TL
nt4043;TL
nt4044;TL
nt4045;TL
nt4046;TL
nt4047;TL
nt4048;TL
nt4049;TL
nt4050;TL
nt4051;TL
nt4052;TL
nt4053;TL
nt4054;TL
nt4055;TL
nt4056;TL
nt4057;TL
nt4058;TL
nt4059;TL
nt4060;TL
nt4061;TL
nt4062;TL
nt4063;TL
nt4064;TL
nt4065;TL
nt4066;TL
nt4067;TL
nt4068;TL
nt4069;TL
nt4070;TL
nt4071;TL
nt4072;TL
nt4073;TL
nt4074;TL
nt4075;TL
nt4076;TL
nt4077;TL
nt4078;TL
nt4079;TL
nt4080;TL
nt4081;TL
nt4082;TL
nt4083;TL
nt4084;TL
nt4085;TL
nt4086;TL
nt4087;TL
nt4088;TL
nt4089;TL
nt4090;TL
nt4091;TL
nt4092;TL
nt4093;TL
nt4094;TL
nt4095;TL
nt4096;TL
nt4097;TL
nt4098;TL
nt4099;TL
nt4100;TL
nt4101;TL
nt4102;TL
nt4103;TL
nt4104;TL
nt4105;TL
nt4106;TL
nt4107;TL
nt4108;TL
nt4109;TL
nt4110;TL
nt4111;TL
nt4112;TL
nt4113;TL
nt4114;TL
nt4115;TL
nt4116;TL
nt4117;TL
nt4118;TL
nt4119;TL
nt4120;TL
nt4121;TL
nt4122;TL
nt4123;TL
nt4124;TL
nt4125;TL
nt4126;TL
nt4127;TL
nt4128;TL
nt4129;TL
nt4130;TL
nt4131;TL
nt4132;TL
nt4133;TL
nt4134;TL
nt4135;TL
nt4136;TL
nt4137;TL
nt4138;TL
nt4139;TL
nt4140;TL
nt4141;TL
nt4142;TL
nt4143;TL
nt4144;TL
nt4145;TL
nt4146;TL
nt4147;TL
nt4148;TL
nt4149;TL
nt4150;TL
nt4151;TL
nt4152;TL
nt4153;TL
nt4154;TL
nt4155;TL
nt4156;TL
nt4157;TL
nt4158;TL
nt4159;TL
nt4160;TL
nt4161;TL
nt4162;TL
nt4163;TL
nt4164;TL
nt4165;TL
nt4166;TL
nt4167;TL
nt4168;TL
nt4169;TL
nt4170;TL
nt4171;TL
nt4172;TL
nt4173;TL
nt4174;TL
nt4175;TL
nt4176;TL
nt4177;TL
nt4178;TL
nt4179;TL
nt4180;TL
nt4181;TL
nt4182;TL
nt4183;TL
nt4184;TL
nt4185;TL
nt4186;TL
nt4187;TL
nt4188;TL
nt4189;TL
nt4190;TL
nt4191;TL
nt4192;TL
nt4193;TL
nt4194;TL
nt4195;TL
nt4196;TL
nt4197;TL
nt4198;TL
nt4199;TL
nt4200;TL
nt4201;TL
nt4202;TL
nt4203;TL
nt4204;TL
nt4205;TL
nt4206;TL
nt4207;TL
nt4208;TL
nt4209;TL
nt4210;TL
nt4211;TL
nt4212;TL
nt4213;TL
nt4214;TL
nt4215;TL
nt4216;TL
nt4217;TL
nt4218;TL
nt4219;TL
nt4220;TL
nt4221;TL
nt4222;TL
nt4223;TL
nt4224;TL
nt4225;TL
nt4226;TL
nt4227;TL
nt4228;TL
nt4229;TL
nt4230;TL
nt4231;TL
nt4232;TL
nt4233;TL
nt4234;TL
nt4235;TL
nt4236;TL
nt4237;TL
nt4238;TL
nt4239;TL
nt4240;TL
nt4241;TL
nt4242;TL
nt4243;TL
nt4244;TL
nt4245;TL
nt4246;TL
nt4247;TL
nt4248;TL
nt4249;TL
nt4250;TL
nt4251;TL
nt4252;TL
nt4253;TL
nt4254;TL
nt4255;TL
nt4256;TL
nt4257;TL
nt4258;TL
nt4259;TL
nt4260;TL
nt4261;TL
nt4262;TL
nt4263;TL
nt4264;TL
nt4265;TL
nt4266;TL
nt4267;TL
nt4268;TL
nt4269;TL
nt4270;TL
nt4271;TL
nt4272;TL
nt4273;TL
nt4274;TL
nt4275;TL
nt4276;TL
nt4277;TL
nt4278;TL
nt4279;TL
nt4280;TL
nt4281;TL
nt4282;TL
nt4283;TL
nt4284;TL
nt4285;TL
nt4286;TL
nt4287;TL
nt4288;TL
nt4289;TL
nt4290;TL
nt4291;TL
nt4292;TL
nt4293;TL
nt4294;TL
nt4295;TL
nt4296;TL
nt4297;TL
nt4298;TL
nt4299;TL
nt4300;TL
nt4301;TL
nt4302;TL
nt4303;TL
nt4304;TL
nt4305;TL
nt4306;TL
nt4307;TL
nt4308;TL
nt4309;TL
nt4310;TL
nt4311;TL
nt4312;TL
nt4313;TL
nt4314;TL
nt4315;TL
nt4316;TL
nt4317;TL
nt4318;TL
nt4319;TL
nt4320;TL
nt4321;TL
nt4322;TL
nt4323;TL
nt4324;TL
nt4325;TL
nt4326;TL
nt4327;TL
nt4328;TL
nt4329;TL
nt4330;TL
nt4331;TL
nt4332;TL
nt4333;TL
nt4334;TL
nt4335;TL
nt4336;TL
nt4337;TL
nt4338;TL
nt4339;TL
nt4340;TL
nt4341;TL
nt4342;TL
nt4343;TL
nt4344;TL
nt4345;TL
nt4346;TL
nt4347;TL
nt4348;TL
nt4349;TL
nt4350;TL
nt4351;TL
nt4352;TL
nt4353;TL
nt4354;TL
nt4355;TL
nt4356;TL
nt4357;TL
nt4358;TL
nt4359;TL
nt4360;TL
nt4361;TL
nt4362;TL
nt4363;TL
nt4364;TL
nt4365;TL
nt4366;TL
nt4367;TL
nt4368;TL
nt4369;TL
nt4370;TL
nt4371;TL
nt4372;TL
nt4373;TL
nt4374;TL
nt4375;TL
nt4376;TL
nt4377;TL
nt4378;TL
nt4379;TL
nt4380;TL
nt4381;TL
nt4382;TL
nt4383;TL
nt4384;TL
nt4385;TL
nt4386;TL
nt4387;TL
nt4388;TL
nt4389;TL
nt4390;TL
nt4391;TL
nt4392;TL
nt4393;TL
nt4394;TL
nt4395;TL
nt4396;TL
nt4397;TL
nt4398;TL
nt4399;TL
nt4400;TL
nt4401;TL
nt4402;TL
nt4403;TL
nt4404;TL
nt4405;TL
nt4406;TL
nt4407;TL
nt4408;TL
nt4409;TL
nt4410;TL
nt4411;TL
nt4412;TL
nt4413;TL
nt4414;TL
nt4415;TL
nt4416;TL
nt4417;TL
nt4418;TL
nt4419;TL
nt4420;TL
nt4421;TL
nt4422;TL
nt4423;TL
nt4424;TL
nt4425;TL
nt4426;TL
nt4427;TL
nt4428;TL
nt4429;TL
nt4430;TL
nt4431;TL
nt4432;TL
nt4433;TL
nt4434;TL
nt4435;TL
nt4436;TL
nt4437;TL
nt4438;TL
nt4439;TL
nt4440;TL
nt4441;TL
nt4442;TL
nt4443;TL
nt4444;TL
nt4445;TL
nt4446;TL
nt4447;TL
nt4448;TL
nt4449;TL
nt4450;TL
nt4451;TL
nt4452;TL
nt4453;TL
nt4454;TL
nt4455;TL
nt4456;TL
nt4457;TL
nt4458;TL
nt4459;TL
nt4460;TL
nt4461;TL
nt4462;TL
nt4463;TL
nt4464;TL
nt4465;TL
nt4466;TL
nt4467;TL
nt4468;TL
nt4469;TL
nt4470;TL
nt4471;TL
nt4472;TL
nt4473;TL
nt4474;TL
nt4475;TL
nt4476;TL
nt4477;TL
nt4478;TL
nt4479;TL
nt4480;TL
nt4481;TL
nt4482;TL
nt4483;TL
nt4484;TL
nt4485;TL
nt4486;TL
nt4487;TL
nt4488;TL
nt4489;TL
nt4490;TL
nt4491;TL
nt4492;TL
nt4493;TL
nt4494;TL
nt4495;TL
nt4496;TL
nt4497;TL
nt4498;TL
nt4499;TL
nt4500;TL
nt4501;TL
nt4502;TL
nt4503;TL
nt4504;TL
nt4505;TL
nt4506;TL
nt4507;TL
nt4508;TL
nt4509;TL
nt4510;TL
nt4511;TL
nt4512;TL
nt4513;TL
nt4514;TL
nt4515;TL
nt4516;TL
nt4517;TL
nt4518;TL
nt4519;TL
nt4520;TL
nt4521;TL
nt4522;TL
nt4523;TL
nt4524;TL
nt4525;TL
nt4526;TL
nt4527;TL
nt4528;TL
nt4529;TL
nt4530;TL
nt4531;TL
nt4532;TL
nt4533;TL
nt4534;TL
nt4535;TL
nt4536;TL
nt4537;TL
nt4538;TL
nt4539;TL
nt4540;TL
nt4541;TL
nt4542;TL
nt4543;TL
nt4544;TL
nt4545;TL
nt4546;TL
nt4547;TL
nt4548;TL
nt4549;TL
nt4550;TL
nt4551;TL
nt4552;TL
nt4553;TL
nt4554;TL
nt4555;TL
nt4556;TL
nt4557;TL
nt4558;TL
nt4559;TL
nt4560;TL
nt4561;TL
nt4562;TL
nt4563;TL
nt4564;TL
nt4565;TL
nt4566;TL
nt4567;TL
nt4568;TL
nt4569;TL
nt4570;TL
nt4571;TL
nt4572;TL
nt4573;TL
nt4574;TL
nt4575;TL
nt4576;TL
nt4577;TL
nt4578;TL
nt4579;TL
nt4580;TL
nt4581;TL
nt4582;TL
nt4583;TL
nt4584;TL
nt4585;TL
nt4586;TL
nt4587;TL
nt4588;TL
nt4589;TL
nt4590;TL
nt4591;TL
nt4592;TL
nt4593;TL
nt4594;TL
nt4595;TL
nt4596;TL
nt4597;TL
nt4598;TL
nt4599;TL
nt4600;TL
nt4601;TL
nt4602;TL
nt4603;TL
nt4604;TL
nt4605;TL
nt4606;TL
nt4607;TL
nt4608;TL
nt4609;TL
nt4610;TL
nt4611;TL
nt4612;TL
nt4613;TL
nt4614;TL
nt4615;TL
nt4616;TL
nt4617;TL
nt4618;TL
nt4619;TL
nt4620;TL
nt4621;TL
nt4622;TL
nt4623;TL
nt4624;TL
nt4625;TL
nt4626;TL
nt4627;TL
nt4628;TL
nt4629;TL
nt4630;TL
nt4631;TL
nt4632;TL
nt4633;TL
nt4634;TL
nt4635;TL
nt4636;TL
nt4637;TL
nt4638;TL
nt4639;TL
nt4640;TL
nt4641;TL
nt4642;TL
nt4643;TL
nt4644;TL
nt4645;TL
nt4646;TL
nt4647;TL
nt4648;TL
nt4649;TL
nt4650;TL
nt4651;TL
nt4652;TL
nt4653;TL
nt4654;TL
nt4655;TL
nt4656;TL
nt4657;TL
nt4658;TL
nt4659;TL
nt4660;TL
nt4661;TL
nt4662;TL
nt4663;TL
nt4664;TL
nt4665;TL
nt4666;TL
nt4667;TL
nt4668;TL
nt4669;TL
nt4670;TL
nt4671;TL
nt4672;TL
nt4673;TL
nt4674;TL
nt4675;TL
nt4676;TL
nt4677;TL
nt4678;TL
nt4679;TL
nt4680;TL
nt4681;TL
nt4682;TL
nt4683;TL
nt4684;TL
nt4685;TL
nt4686;TL
nt4687;TL
nt4688;TL
nt4689;TL
nt4690;TL
nt4691;TL
nt4692;TL
nt4693;TL
nt4694;TL
nt4695;TL
nt4696;TL
nt4697;TL
nt4698;TL
nt4699;TL
nt4700;TL
nt4701;TL
nt4702;TL
nt4703;TL
nt4704;TL
nt4705;TL
nt4706;TL
nt4707;TL
nt4708;TL
nt4709;TL
nt4710;TL
nt4711;TL
nt4712;TL
nt4713;TL
nt4714;TL
nt4715;TL
nt4716;TL
nt4717;TL
nt4718;TL
nt4719;TL
nt4720;TL
nt4721;TL
nt4722;TL
nt4723;TL
nt4724;TL
nt4725;TL
nt4726;TL
nt4727;TL
nt4728;TL
nt4729;TL
nt4730;TL
nt4731;TL
nt4732;TL
nt4733;TL
nt4734;TL
nt4735;TL
nt4736;TL
nt4737;TL
nt4738;TL
nt4739;TL
nt4740;TL
nt4741;TL
nt4742;TL
nt4743;TL
nt4744;TL
nt4745;TL
nt4746;TL
nt4747;TL
nt4748;TL
nt4749;TL
nt4750;TL
nt4751;TL
nt4752;TL
nt4753;TL
nt4754;TL
nt4755;TL
nt4756;TL
nt4757;TL
nt4758;TL
nt4759;TL
nt4760;TL
nt4761;TL
nt4762;TL
nt4763;TL
nt4764;TL
nt4765;TL
nt4766;TL
nt4767;TL
nt4768;TL
nt4769;TL
nt4770;TL
nt4771;TL
nt4772;TL
nt4773;TL
nt4774;TL
nt4775;TL
nt4776;TL
nt4777;TL
nt4778;TL
nt4779;TL
nt4780;TL
nt4781;TL
nt4782;TL
nt4783;TL
nt4784;TL
nt4785;TL
nt4786;TL
nt4787;TL
nt4788;TL
nt4789;TL
nt4790;TL
nt4791;TL
nt4792;TL
nt4793;TL
nt4794;TL
nt4795;TL
nt4796;TL
nt4797;TL
nt4798;TL
nt4799;TL
nt4800;TL
nt4801;TL
nt4802;TL
nt4803;TL
nt4804;TL
nt4805;TL
nt4806;TL
nt4807;TL
nt4808;TL
nt4809;TL
nt4810;TL
nt4811;TL
nt4812;TL
nt4813;TL
nt4814;TL
nt4815;TL
nt4816;TL
nt4817;TL
nt4818;TL
nt4819;TL
nt4820;TL
nt4821;TL
nt4822;TL
nt4823;TL
nt4824;TL
nt4825;TL
nt4826;TL
nt4827;TL
nt4828;TL
nt4829;TL
nt4830;TL
nt4831;TL
nt4832;TL
nt4833;TL
nt4834;TL
nt4835;TL
nt4836;TL
nt4837;TL
nt4838;TL
nt4839;TL
nt4840;TL
nt4841;TL
nt4842;TL
nt4843;TL
nt4844;TL
nt4845;TL
nt4846;TL
nt4847;TL
nt4848;TL
nt4849;TL
nt4850;TL
nt4851;TL
nt4852;TL
nt4853;TL
nt4854;TL
nt4855;TL
nt4856;TL
nt4857;TL
nt4858;TL
nt4859;TL
nt4860;TL
nt4861;TL
nt4862;TL
nt4863;TL
nt4864;TL
nt4865;TL
nt4866;TL
nt4867;TL
nt4868;TL
nt4869;TL
nt4870;TL
nt4871;TL
nt4872;TL
nt4873;TL
nt4874;TL
nt4875;TL
nt4876;TL
nt4877;TL
nt4878;TL
nt4879;TL
nt4880;TL
nt4881;TL
nt4882;TL
nt4883;TL
nt4884;TL
nt4885;TL
nt4886;TL
nt4887;TL
nt4888;TL
nt4889;TL
nt4890;TL
nt4891;TL
nt4892;TL
nt4893;TL
nt4894;TL
nt4895;TL
nt4896;TL
nt4897;TL
nt4898;TL
nt4899;TL
nt4900;TL
nt4901;TL
nt4902;TL
nt4903;TL
nt4904;TL
nt4905;TL
nt4906;TL
nt4907;TL
nt4908;TL
nt4909;TL
nt4910;TL
nt4911;TL
nt4912;TL
nt4913;TL
nt4914;TL
nt4915;TL
nt4916;TL
nt4917;TL
nt4918;TL
nt4919;TL
nt4920;TL
nt4921;TL
nt4922;TL
nt4923;TL
nt4924;TL
nt4925;TL
nt4926;TL
nt4927;TL
nt4928;TL
nt4929;TL
nt4930;TL
nt4931;TL
nt4932;TL
nt4933;TL
nt4934;TL
nt4935;TL
nt4936;TL
nt4937;TL
nt4938;TL
nt4939;TL
nt4940;TL
nt4941;TL
nt4942;TL
nt4943;TL
nt4944;TL
nt4945;TL
nt4946;TL
nt4947;TL
nt4948;TL
nt4949;TL
nt4950;TL
nt4951;TL
nt4952;TL
nt4953;TL
nt4954;TL
nt4955;TL
nt4956;TL
nt4957;TL
nt4958;TL
nt4959;TL
nt4960;TL
nt4961;TL
nt4962;TL
nt4963;TL
nt4964;TL
nt4965;TL
nt4966;TL
nt4967;TL
nt4968;TL
nt4969;TL
nt4970;TL
nt4971;TL
nt4972;TL
nt4973;TL
nt4974;TL
nt4975;TL
nt4976;TL
nt4977;TL
nt4978;TL
nt4979;TL
nt4980;TL
nt4981;TL
nt4982;TL
nt4983;TL
nt4984;TL
nt4985;TL
nt4986;TL
nt4987;TL
nt4988;TL
nt4989;TL
nt4990;TL
nt4991;TL
nt4992;TL
nt4993;TL
nt4994;TL
nt4995;TL
nt4996;TL
nt4997;TL
nt4998;TL
nt4999;TL
nt5000;TL
nt5001;TL
nt5002;TL
nt5003;TL
nt5004;TL
nt5005;TL
nt5006;TL
nt5007;TL
nt5008;TL
nt5009;TL
nt5010;TL
nt5011;TL
nt5012;TL
nt5013;TL
nt5014;TL
nt5015;TL
nt5016;TL
nt5017;TL
nt5018;TL
nt5019;TL
nt5020;TL
nt5021;TL
nt5022;TL
nt5023;TL
nt5024;TL
nt5025;TL
nt5026;TL
nt5027;TL
nt5028;TL
nt5029;TL
nt5030;TL
nt5031;TL
nt5032;TL
nt5033;TL
nt5034;TL
nt5035;TL
nt5036;TL
nt5037;TL
nt5038;TL
nt5039;TL
nt5040;TL
nt5041;TL
nt5042;TL
nt5043;TL
nt5044;TL
nt5045;TL
nt5046;TL
nt5047;TL
nt5048;TL
nt5049;TL
nt5050;TL
nt5051;TL
nt5052;TL
nt5053;TL
nt5054;TL
nt5055;TL
nt5056;TL
nt5057;TL
nt5058;TL
nt5059;TL
nt5060;TL
nt5061;TL
nt5062;TL
nt5063;TL
nt5064;TL
nt5065;TL
nt5066;TL
nt5067;TL
nt5068;TL
nt5069;TL
nt5070;TL
nt5071;TL
nt5072;TL
nt5073;TL
nt5074;TL
nt5075;TL
nt5076;TL
nt5077;TL
nt5078;TL
nt5079;TL
nt5080;TL
nt5081;TL
nt5082;TL
nt5083;TL
nt5084;TL
nt5085;TL
nt5086;TL
nt5087;TL
nt5088;TL
nt5089;TL
nt5090;TL
nt5091;TL
nt5092;TL
nt5093;TL
nt5094;TL
nt5095;TL
nt5096;TL
nt5097;TL
nt5098;TL
nt5099;TL
nt5100;TL
nt5101;TL
nt5102;TL
nt5103;TL
nt5104;TL
nt5105;TL
nt5106;TL
nt5107;TL
nt5108;TL
nt5109;TL
nt5110;TL
nt5111;TL
nt5112;TL
nt5113;TL
nt5114;TL
nt5115;TL
nt5116;TL
nt5117;TL
nt5118;TL
nt5119;TL
nt5120;TL
nt5121;TL
nt5122;TL
nt5123;TL
nt5124;TL
nt5125;TL
nt5126;TL
nt5127;TL
nt5128;TL
nt5129;TL
nt5130;TL
nt5131;TL
nt5132;TL
nt5133;TL
nt5134;TL
nt5135;TL
nt5136;TL
nt5137;TL
nt5138;TL
nt5139;TL
nt5140;TL
nt5141;TL
nt5142;TL
nt5143;TL
nt5144;TL
nt5145;TL
nt5146;TL
nt5147;TL
nt5148;TL
nt5149;TL
nt5150;TL
nt5151;TL
nt5152;TL
nt5153;TL
nt5154;TL
nt5155;TL
nt5156;TL
nt5157;TL
nt5158;TL
nt5159;TL
nt5160;TL
nt5161;TL
nt5162;TL
nt5163;TL
nt5164;TL
nt5165;TL
nt5166;TL
nt5167;TL
nt5168;TL
nt5169;TL
nt5170;TL
nt5171;TL
nt5172;TL
nt5173;TL
nt5174;TL
nt5175;TL
nt5176;TL
nt5177;TL
nt5178;TL
nt5179;TL
nt5180;TL
nt5181;TL
nt5182;TL
nt5183;TL
nt5184;TL
nt5185;TL
nt5186;TL
nt5187;TL
nt5188;TL
nt5189;TL
nt5190;TL
nt5191;TL
nt5192;TL
nt5193;TL
nt5194;TL
nt5195;TL
nt5196;TL
nt5197;TL
nt5198;TL
nt5199;TL
nt5200;TL
nt5201;TL
nt5202;TL
nt5203;TL
nt5204;TL
nt5205;TL
nt5206;TL
nt5207;TL
nt5208;TL
nt5209;TL
nt5210;TL
nt5211;TL
nt5212;TL
nt5213;TL
nt5214;TL
nt5215;TL
nt5216;TL
nt5217;TL
nt5218;TL
nt5219;TL
nt5220;TL
nt5221;TL
nt5222;TL
nt5223;TL
nt5224;TL
nt5225;TL
nt5226;TL
nt5227;TL
nt5228;TL
nt5229;TL
nt5230;TL
nt5231;TL
nt5232;TL
nt5233;TL
nt5234;TL
nt5235;TL
nt5236;TL
nt5237;TL
nt5238;TL
nt5239;TL
nt5240;TL
nt5241;TL
nt5242;TL
nt5243;TL
nt5244;TL
nt5245;TL
nt5246;TL
nt5247;TL
nt5248;TL
nt5249;TL
nt5250;TL
nt5251;TL
nt5252;TL
nt5253;TL
nt5254;TL
nt5255;TL
nt5256;TL
nt5257;TL
nt5258;TL
nt5259;TL
nt5260;TL
nt5261;TL
nt5262;TL
nt5263;TL
nt5264;TL
nt5265;TL
nt5266;TL
nt5267;TL
nt5268;TL
nt5269;TL
nt5270;TL
nt5271;TL
nt5272;TL
nt5273;TL
nt5274;TL
nt5275;TL
nt5276;TL
nt5277;TL
nt5278;TL
nt5279;TL
nt5280;TL
nt5281;TL
nt5282;TL
nt5283;TL
nt5284;TL
nt5285;TL
nt5286;TL
nt5287;TL
nt5288;TL
nt5289;TL
nt5290;TL
nt5291;TL
nt5292;TL
nt5293;TL
nt5294;TL
nt5295;TL
nt5296;TL
nt5297;TL
nt5298;TL
nt5299;TL
nt5300;TL
nt5301;TL
nt5302;TL
nt5303;TL
nt5304;TL
nt5305;TL
nt5306;TL
nt5307;TL
nt5308;TL
nt5309;TL
nt5310;TL
nt5311;TL
nt5312;TL
nt5313;TL
nt5314;TL
nt5315;TL
nt5316;TL
nt5317;TL
nt5318;TL
nt5319;TL
nt5320;TL
nt5321;TL
nt5322;TL
nt5323;TL
nt5324;TL
nt5325;TL
nt5326;TL
nt5327;TL
nt5328;TL
nt5329;TL
nt5330;TL
nt5331;TL
nt5332;TL
nt5333;TL
nt5334;TL
nt5335;TL
nt5336;TL
nt5337;TL
nt5338;TL
nt5339;TL
nt5340;TL
nt5341;TL
nt5342;TL
nt5343;TL
nt5344;TL
nt5345;TL
nt5346;TL
nt5347;TL
nt5348;TL
nt5349;TL
nt5350;TL
nt5351;TL
nt5352;TL
nt5353;TL
nt5354;TL
nt5355;TL
nt5356;TL
nt5357;TL
nt5358;TL
nt5359;TL
nt5360;TL
nt5361;TL
nt5362;TL
nt5363;TL
nt5364;TL
nt5365;TL
nt5366;TL
nt5367;TL
nt5368;TL
nt5369;TL
nt5370;TL
nt5371;TL
nt5372;TL
nt5373;TL
nt5374;TL
nt5375;TL
nt5376;TL
nt5377;TL
nt5378;TL
nt5379;TL
nt5380;TL
nt5381;TL
nt5382;TL
nt5383;TL
nt5384;TL
nt5385;TL
nt5386;TL
nt5387;TL
nt5388;TL
nt5389;TL
nt5390;TL
nt5391;TL
nt5392;TL
nt5393;TL
nt5394;TL
nt5395;TL
nt5396;TL
nt5397;TL
nt5398;TL
nt5399;TL
nt5400;TL
nt5401;TL
nt5402;TL
nt5403;TL
nt5404;TL
nt5405;TL
nt5406;TL
nt5407;TL
nt5408;TL
nt5409;TL
nt5410;TL
nt5411;TL
nt5412;TL
nt5413;TL
nt5414;TL
nt5415;TL
nt5416;TL
nt5417;TL
nt5418;TL
nt5419;TL
nt5420;TL
nt5421;TL
nt5422;TL
nt5423;TL
nt5424;TL
nt5425;TL
nt5426;TL
nt5427;TL
nt5428;TL
nt5429;TL
nt5430;TL
nt5431;TL
nt5432;TL
nt5433;TL
nt5434;TL
nt5435;TL
nt5436;TL
nt5437;TL
nt5438;TL
nt5439;TL
nt5440;TL
nt5441;TL
nt5442;TL
nt5443;TL
nt5444;TL
nt5445;TL
nt5446;TL
nt5447;TL
nt5448;TL
nt5449;TL
nt5450;TL
nt5451;TL
nt5452;TL
nt5453;TL
nt5454;TL
nt5455;TL
nt5456;TL
nt5457;TL
nt5458;TL
nt5459;TL
nt5460;TL
nt5461;TL
nt5462;TL
nt5463;TL
nt5464;TL
nt5465;TL
nt5466;TL
nt5467;TL
nt5468;TL
nt5469;TL
nt5470;TL
nt5471;TL
nt5472;TL
nt5473;TL
nt5474;TL
nt5475;TL
nt5476;TL
nt5477;TL
nt5478;TL
nt5479;TL
nt5480;TL
nt5481;TL
nt5482;TL
nt5483;TL
nt5484;TL
nt5485;TL
nt5486;TL
nt5487;TL
nt5488;TL
nt5489;TL
nt5490;TL
nt5491;TL
nt5492;TL
nt5493;TL
nt5494;TL
nt5495;TL
nt5496;TL
nt5497;TL
nt5498;TL
nt5499;TL
nt5500;TL
nt5501;TL
nt5502;TL
nt5503;TL
nt5504;TL
nt5505;TL
nt5506;TL
nt5507;TL
nt5508;TL
nt5509;TL
nt5510;TL
nt5511;TL
nt5512;TL
nt5513;TL
nt5514;TL
nt5515;TL
nt5516;TL
nt5517;TL
nt5518;TL
nt5519;TL
nt5520;TL
nt5521;TL
nt5522;TL
nt5523;TL
nt5524;TL
nt5525;TL
nt5526;TL
nt5527;TL
nt5528;TL
nt5529;TL
nt5530;TL
nt5531;TL
nt5532;TL
nt5533;TL
nt5534;TL
nt5535;TL
nt5536;TL
nt5537;TL
nt5538;TL
nt5539;TL
nt5540;TL
nt5541;TL
nt5542;TL
nt5543;TL
nt5544;TL
nt5545;TL
nt5546;TL
nt5547;TL
nt5548;TL
nt5549;TL
nt5550;TL
nt5551;TL
nt5552;TL
nt5553;TL
nt5554;TL
nt5555;TL
nt5556;TL
nt5557;TL
nt5558;TL
nt5559;TL
nt5560;TL
nt5561;TL
nt5562;TL
nt5563;TL
nt5564;TL
nt5565;TL
nt5566;TL
nt5567;TL
nt5568;TL
nt5569;TL
nt5570;TL
nt5571;TL
nt5572;TL
nt5573;TL
nt5574;TL
nt5575;TL
nt5576;TL
nt5577;TL
nt5578;TL
nt5579;TL
nt5580;TL
nt5581;TL
nt5582;TL
nt5583;TL
nt5584;TL
nt5585;TL
nt5586;TL
nt5587;TL
nt5588;TL
nt5589;TL
nt5590;TL
nt5591;TL
nt5592;TL
nt5593;TL
nt5594;TL
nt5595;TL
nt5596;TL
nt5597;TL
nt5598;TL
nt5599;TL
nt5600;TL
nt5601;TL
nt5602;TL
nt5603;TL
nt5604;TL
nt5605;TL
nt5606;TL
nt5607;TL
nt5608;TL
nt5609;TL
nt5610;TL
nt5611;TL
nt5612;TL
nt5613;TL
nt5614;TL
nt5615;TL
nt5616;TL
nt5617;TL
nt5618;TL
nt5619;TL
nt5620;TL
nt5621;TL
nt5622;TL
nt5623;TL
nt5624;TL
nt5625;TL
nt5626;TL
nt5627;TL
nt5628;TL
nt5629;TL
nt5630;TL
nt5631;TL
nt5632;TL
nt5633;TL
nt5634;TL
nt5635;TL
nt5636;TL
nt5637;TL
nt5638;TL
nt5639;TL
nt5640;TL
nt5641;TL
nt5642;TL
nt5643;TL
nt5644;TL
nt5645;TL
nt5646;TL
nt5647;TL
nt5648;TL
nt5649;TL
nt5650;TL
nt5651;TL
nt5652;TL
nt5653;TL
nt5654;TL
nt5655;TL
nt5656;TL
nt5657;TL
nt5658;TL
nt5659;TL
nt5660;TL
nt5661;TL
nt5662;TL
nt5663;TL
nt5664;TL
nt5665;TL
nt5666;TL
nt5667;TL
nt5668;TL
nt5669;TL
nt5670;TL
nt5671;TL
nt5672;TL
nt5673;TL
nt5674;TL
nt5675;TL
nt5676;TL
nt5677;TL
nt5678;TL
nt5679;TL
nt5680;TL
nt5681;TL
nt5682;TL
nt5683;TL
nt5684;TL
nt5685;TL
nt5686;TL
nt5687;TL
nt5688;TL
nt5689;TL
nt5690;TL
nt5691;TL
nt5692;TL
nt5693;TL
nt5694;TL
nt5695;TL
nt5696;TL
nt5697;TL
nt5698;TL
nt5699;TL
nt5700;TL
nt5701;TL
nt5702;TL
nt5703;TL
nt5704;TL
nt5705;TL
nt5706;TL
nt5707;TL
nt5708;TL
nt5709;TL
nt5710;TL
nt5711;TL
nt5712;TL
nt5713;TL
nt5714;TL
nt5715;TL
nt5716;TL
nt5717;TL
nt5718;TL
nt5719;TL
nt5720;TL
nt5721;TL
nt5722;TL
nt5723;TL
nt5724;TL
nt5725;TL
nt5726;TL
nt5727;TL
nt5728;TL
nt5729;TL
nt5730;TL
nt5731;TL
nt5732;TL
nt5733;TL
nt5734;TL
nt5735;TL
nt5736;TL
nt5737;TL
nt5738;TL
nt5739;TL
nt5740;TL
nt5741;TL
nt5742;TL
nt5743;TL
nt5744;TL
nt5745;TL
nt5746;TL
nt5747;TL
nt5748;TL
nt5749;TL
nt5750;TL
nt5751;TL
nt5752;TL
nt5753;TL
nt5754;TL
nt5755;TL
nt5756;TL
nt5757;TL
nt5758;TL
nt5759;TL
nt5760;TL
nt5761;TL
nt5762;TL
nt5763;TL
nt5764;TL
nt5765;TL
nt5766;TL
nt5767;TL
nt5768;TL
nt5769;TL
nt5770;TL
nt5771;TL
nt5772;TL
nt5773;TL
nt5774;TL
nt5775;TL
nt5776;TL
nt5777;TL
nt5778;TL
nt5779;TL
nt5780;TL
nt5781;TL
nt5782;TL
nt5783;TL
nt5784;TL
nt5785;TL
nt5786;TL
nt5787;TL
nt5788;TL
nt5789;TL
nt5790;TL
nt5791;TL
nt5792;TL
nt5793;TL
nt5794;TL
nt5795;TL
nt5796;TL
nt5797;TL
nt5798;TL
nt5799;TL
nt5800;TL
nt5801;TL
nt5802;TL
nt5803;TL
nt5804;TL
nt5805;TL
nt5806;TL
nt5807;TL
nt5808;TL
nt5809;TL
nt5810;TL
nt5811;TL
nt5812;TL
nt5813;TL
nt5814;TL
nt5815;TL
nt5816;TL
nt5817;TL
nt5818;TL
nt5819;TL
nt5820;TL
nt5821;TL
nt5822;TL
nt5823;TL
nt5824;TL
nt5825;TL
nt5826;TL
nt5827;TL
nt5828;TL
nt5829;TL
nt5830;TL
nt5831;TL
nt5832;TL
nt5833;TL
nt5834;TL
nt5835;TL
nt5836;TL
nt5837;TL
nt5838;TL
nt5839;TL
nt5840;TL
nt5841;TL
nt5842;TL
nt5843;TL
nt5844;TL
nt5845;TL
nt5846;TL
nt5847;TL
nt5848;TL
nt5849;TL
nt5850;TL
nt5851;TL
nt5852;TL
nt5853;TL
nt5854;TL
nt5855;TL
nt5856;TL
nt5857;TL
nt5858;TL
nt5859;TL
nt5860;TL
nt5861;TL
nt5862;TL
nt5863;TL
nt5864;TL
nt5865;TL
nt5866;TL
nt5867;TL
nt5868;TL
nt5869;TL
nt5870;TL
nt5871;TL
nt5872;TL
nt5873;TL
nt5874;TL
nt5875;TL
nt5876;TL
nt5877;TL
nt5878;TL
nt5879;TL
nt5880;TL
nt5881;TL
nt5882;TL
nt5883;TL
nt5884;TL
nt5885;TL
nt5886;TL
nt5887;TL
nt5888;TL
nt5889;TL
nt5890;TL
nt5891;TL
nt5892;TL
nt5893;TL
nt5894;TL
nt5895;TL
nt5896;TL
nt5897;TL
nt5898;TL
nt5899;TL
nt5900;TL
nt5901;TL
nt5902;TL
nt5903;TL
nt5904;TL
nt5905;TL
nt5906;TL
nt5907;TL
nt5908;TL
nt5909;TL
nt5910;TL
nt5911;TL
nt5912;TL
nt5913;TL
nt5914;TL
nt5915;TL
nt5916;TL
nt5917;TL
nt5918;TL
nt5919;TL
nt5920;TL
nt5921;TL
nt5922;TL
nt5923;TL
nt5924;TL
nt5925;TL
nt5926;TL
nt5927;TL
nt5928;TL
nt5929;TL
nt5930;TL
nt5931;TL
nt5932;TL
nt5933;TL
nt5934;TL
nt5935;TL
nt5936;TL
nt5937;TL
nt5938;TL
nt5939;TL
nt5940;TL
nt5941;TL
nt5942;TL
nt5943;TL
nt5944;TL
nt5945;TL
nt5946;TL
nt5947;TL
nt5948;TL
nt5949;TL
nt5950;TL
nt5951;TL
nt5952;TL
nt5953;TL
nt5954;TL
nt5955;TL
nt5956;TL
nt5957;TL
nt5958;TL
nt5959;TL
nt5960;TL
nt5961;TL
nt5962;TL
nt5963;TL
nt5964;TL
nt5965;TL
nt5966;TL
nt5967;TL
nt5968;TL
nt5969;TL
nt5970;TL
nt5971;TL
nt5972;TL
nt5973;TL
nt5974;TL
nt5975;TL
nt5976;TL
nt5977;TL
nt5978;TL
nt5979;TL
nt5980;TL
nt5981;TL
nt5982;TL
nt5983;TL
nt5984;TL
nt5985;TL
nt5986;TL
nt5987;TL
nt5988;TL
nt5989;TL
nt5990;TL
nt5991;TL
nt5992;TL
nt5993;TL
nt5994;TL
nt5995;TL
nt5996;TL
nt5997;TL
nt5998;TL
nt5999;TL
nt6000;TL
nt6001;TL
nt6002;TL
nt6003;TL
nt6004;TL
nt6005;TL
nt6006;TL
nt6007;TL
nt6008;TL
nt6009;TL
nt6010;TL
nt6011;TL
nt6012;TL
nt6013;TL
nt6014;TL
nt6015;TL
nt6016;TL
nt6017;TL
nt6018;TL
nt6019;TL
nt6020;TL
nt6021;TL
nt6022;TL
nt6023;TL
nt6024;TL
nt6025;TL
nt6026;TL
nt6027;TL
nt6028;TL
nt6029;TL
nt6030;TL
nt6031;TL
nt6032;TL
nt6033;TL
nt6034;TL
nt6035;TL
nt6036;TL
nt6037;TL
nt6038;TL
nt6039;TL
nt6040;TL
nt6041;TL
nt6042;TL
nt6043;TL
nt6044;TL
nt6045;TL
nt6046;TL
nt6047;TL
nt6048;TL
nt6049;TL
nt6050;TL
nt6051;TL
nt6052;TL
nt6053;TL
nt6054;TL
nt6055;TL
nt6056;TL
nt6057;TL
nt6058;TL
nt6059;TL
nt6060;TL
nt6061;TL
nt6062;TL
nt6063;TL
nt6064;TL
nt6065;TL
nt6066;TL
nt6067;TL
nt6068;TL
nt6069;TL
nt6070;TL
nt6071;TL
nt6072;TL
nt6073;TL
nt6074;TL
nt6075;TL
nt6076;TL
nt6077;TL
nt6078;TL
nt6079;TL
nt6080;TL
nt6081;TL
nt6082;TL
nt6083;TL
nt6084;TL
nt6085;TL
nt6086;TL
nt6087;TL
nt6088;TL
nt6089;TL
nt6090;TL
nt6091;TL
nt6092;TL
nt6093;TL
nt6094;TL
nt6095;TL
nt6096;TL
nt6097;TL
nt6098;TL
nt6099;TL
nt6100;TL
nt6101;TL
nt6102;TL
nt6103;TL
nt6104;TL
nt6105;TL
nt6106;TL
nt6107;TL
nt6108;TL
nt6109;TL
nt6110;TL
nt6111;TL
nt6112;TL
nt6113;TL
nt6114;TL
nt6115;TL
nt6116;TL
nt6117;TL
nt6118;TL
nt6119;TL
nt6120;TL
nt6121;TL
nt6122;TL
nt6123;TL
nt6124;TL
nt6125;TL
nt6126;TL
nt6127;TL
nt6128;TL
nt6129;TL
nt6130;TL
nt6131;TL
nt6132;TL
nt6133;TL
nt6134;TL
nt6135;TL
nt6136;TL
nt6137;TL
nt6138;TL
nt6139;TL
nt6140;TL
nt6141;TL
nt6142;TL
nt6143;TL
nt6144;TL
nt6145;TL
nt6146;TL
nt6147;TL
nt6148;TL
nt6149;TL
nt6150;TL
nt6151;TL
nt6152;TL
nt6153;TL
nt6154;TL
nt6155;TL
nt6156;TL
nt6157;TL
nt6158;TL
nt6159;TL
nt6160;TL
nt6161;TL
nt6162;TL
nt6163;TL
nt6164;TL
nt6165;TL
nt6166;TL
nt6167;TL
nt6168;TL
nt6169;TL
nt6170;TL
nt6171;TL
nt6172;TL
nt6173;TL
nt6174;TL
nt6175;TL
nt6176;TL
nt6177;TL
nt6178;TL
nt6179;TL
nt6180;TL
nt6181;TL
nt6182;TL
nt6183;TL
nt6184;TL
nt6185;TL
nt6186;TL
nt6187;TL
nt6188;TL
nt6189;TL
nt6190;TL
nt6191;TL
nt6192;TL
nt6193;TL
nt6194;TL
nt6195;TL
nt6196;TL
nt6197;TL
nt6198;TL
nt6199;TL
nt6200;TL
nt6201;TL
nt6202;TL
nt6203;TL
nt6204;TL
nt6205;TL
nt6206;TL
nt6207;TL
nt6208;TL
nt6209;TL
nt6210;TL
nt6211;TL
nt6212;TL
nt6213;TL
nt6214;TL
nt6215;TL
nt6216;TL
nt6217;TL
nt6218;TL
nt6219;TL
nt6220;TL
nt6221;TL
nt6222;TL
nt6223;TL
nt6224;TL
nt6225;TL
nt6226;TL
nt6227;TL
nt6228;TL
nt6229;TL
nt6230;TL
nt6231;TL
nt6232;TL
nt6233;TL
nt6234;TL
nt6235;TL
nt6236;TL
nt6237;TL
nt6238;TL
nt6239;TL
nt6240;TL
nt6241;TL
nt6242;TL
nt6243;TL
nt6244;TL
nt6245;TL
nt6246;TL
nt6247;TL
nt6248;TL
nt6249;TL
nt6250;TL
nt6251;TL
nt6252;TL
nt6253;TL
nt6254;TL
nt6255;TL
nt6256;TL
nt6257;TL
nt6258;TL
nt6259;TL
nt6260;TL
nt6261;TL
nt6262;TL
nt6263;TL
nt6264;TL
nt6265;TL
nt6266;TL
nt6267;TL
nt6268;TL
nt6269;TL
nt6270;TL
nt6271;TL
nt6272;TL
nt6273;TL
nt6274;TL
nt6275;TL
nt6276;TL
nt6277;TL
nt6278;TL
nt6279;TL
nt6280;TL
nt6281;TL
nt6282;TL
nt6283;TL
nt6284;TL
nt6285;TL
nt6286;TL
nt6287;TL
nt6288;TL
nt6289;TL
nt6290;TL
nt6291;TL
nt6292;TL
nt6293;TL
nt6294;TL
nt6295;TL
nt6296;TL
nt6297;TL
nt6298;TL
nt6299;TL
nt6300;TL
nt6301;TL
nt6302;TL
nt6303;TL
nt6304;TL
nt6305;TL
nt6306;TL
nt6307;TL
nt6308;TL
nt6309;TL
nt6310;TL
nt6311;TL
nt6312;TL
nt6313;TL
nt6314;TL
nt6315;TL
nt6316;TL
nt6317;TL
nt6318;TL
nt6319;TL
nt6320;TL
nt6321;TL
nt6322;TL
nt6323;TL
nt6324;TL
nt6325;TL
nt6326;TL
nt6327;TL
nt6328;TL
nt6329;TL
nt6330;TL
nt6331;TL
nt6332;TL
nt6333;TL
nt6334;TL
nt6335;TL
nt6336;TL
nt6337;TL
nt6338;TL
nt6339;TL
nt6340;TL
nt6341;TL
nt6342;TL
nt6343;TL
nt6344;TL
nt6345;TL
nt6346;TL
nt6347;TL
nt6348;TL
nt6349;TL
nt6350;TL
nt6351;TL
nt6352;TL
nt6353;TL
nt6354;TL
nt6355;TL
nt6356;TL
nt6357;TL
nt6358;TL
nt6359;TL
nt6360;TL
nt6361;TL
nt6362;TL
nt6363;TL
nt6364;TL
nt6365;TL
nt6366;TL
nt6367;TL
nt6368;TL
nt6369;TL
nt6370;TL
nt6371;TL
nt6372;TL
nt6373;TL
nt6374;TL
nt6375;TL
nt6376;TL
nt6377;TL
nt6378;TL
nt6379;TL
nt6380;TL
nt6381;TL
nt6382;TL
nt6383;TL
nt6384;TL
nt6385;TL
nt6386;TL
nt6387;TL
nt6388;TL
nt6389;TL
nt6390;TL
nt6391;TL
nt6392;TL
nt6393;TL
nt6394;TL
nt6395;TL
nt6396;TL
nt6397;TL
nt6398;TL
nt6399;TL
nt6400;TL
nt6401;TL
nt6402;TL
nt6403;TL
nt6404;TL
nt6405;TL
nt6406;TL
nt6407;TL
nt6408;TL
nt6409;TL
nt6410;TL
nt6411;TL
nt6412;TL
nt6413;TL
nt6414;TL
nt6415;TL
nt6416;TL
nt6417;TL
nt6418;TL
nt6419;TL
nt6420;TL
nt6421;TL
nt6422;TL
nt6423;TL
nt6424;TL
nt6425;TL
nt6426;TL
nt6427;TL
nt6428;TL
nt6429;TL
nt6430;TL
nt6431;TL
nt6432;TL
nt6433;TL
nt6434;TL
nt6435;TL
nt6436;TL
nt6437;TL
nt6438;TL
nt6439;TL
nt6440;TL
nt6441;TL
nt6442;TL
nt6443;TL
nt6444;TL
nt6445;TL
nt6446;TL
nt6447;TL
nt6448;TL
nt6449;TL
nt6450;TL
nt6451;TL
nt6452;TL
nt6453;TL
nt6454;TL
nt6455;TL
nt6456;TL
nt6457;TL
nt6458;TL
nt6459;TL
nt6460;TL
nt6461;TL
nt6462;TL
nt6463;TL
nt6464;TL
nt6465;TL
nt6466;TL
nt6467;TL
nt6468;TL
nt6469;TL
nt6470;TL
nt6471;TL
nt6472;TL
nt6473;TL
nt6474;TL
nt6475;TL
nt6476;TL
nt6477;TL
nt6478;TL
nt6479;TL
nt6480;TL
nt6481;TL
nt6482;TL
nt6483;TL
nt6484;TL
nt6485;TL
nt6486;TL
nt6487;TL
nt6488;TL
nt6489;TL
nt6490;TL
nt6491;TL
nt6492;TL
nt6493;TL
nt6494;TL
nt6495;TL
nt6496;TL
nt6497;TL
nt6498;TL
nt6499;TL
nt6500;TL
nt6501;TL
nt6502;TL
nt6503;TL
nt6504;TL
nt6505;TL
nt6506;TL
nt6507;TL
nt6508;TL
nt6509;TL
nt6510;TL
nt6511;TL
nt6512;TL
nt6513;TL
nt6514;TL
nt6515;TL
nt6516;TL
nt6517;TL
nt6518;TL
nt6519;TL
nt6520;TL
nt6521;TL
nt6522;TL
nt6523;TL
nt6524;TL
nt6525;TL
nt6526;TL
nt6527;TL
nt6528;TL
nt6529;TL
nt6530;TL
nt6531;TL
nt6532;TL
nt6533;TL
nt6534;TL
nt6535;TL
nt6536;TL
nt6537;TL
nt6538;TL
nt6539;TL
nt6540;TL
nt6541;TL
nt6542;TL
nt6543;TL
nt6544;TL
nt6545;TL
nt6546;TL
nt6547;TL
nt6548;TL
nt6549;TL
nt6550;TL
nt6551;TL
nt6552;TL
nt6553;TL
nt6554;TL
nt6555;TL
nt6556;TL
nt6557;TL
nt6558;TL
nt6559;TL
nt6560;TL
nt6561;TL
nt6562;TL
nt6563;TL
nt6564;TL
nt6565;TL
nt6566;TL
nt6567;TL
nt6568;TL
nt6569;TL
nt6570;TL
nt6571;TL
nt6572;TL
nt6573;TL
nt6574;TL
nt6575;TL
nt6576;TL
nt6577;TL
nt6578;TL
nt6579;TL
nt6580;TL
nt6581;TL
nt6582;TL
nt6583;TL
nt6584;TL
nt6585;TL
nt6586;TL
nt6587;TL
nt6588;TL
nt6589;TL
nt6590;TL
nt6591;TL
nt6592;TL
nt6593;TL
nt6594;TL
nt6595;TL
nt6596;TL
nt6597;TL
nt6598;TL
nt6599;TL
nt6600;TL
nt6601;TL
nt6602;TL
nt6603;TL
nt6604;TL
nt6605;TL
nt6606;TL
nt6607;TL
nt6608;TL
nt6609;TL
nt6610;TL
nt6611;TL
nt6612;TL
nt6613;TL
nt6614;TL
nt6615;TL
nt6616;TL
nt6617;TL
nt6618;TL
nt6619;TL
nt6620;TL
nt6621;TL
nt6622;TL
nt6623;TL
nt6624;TL
nt6625;TL
nt6626;TL
nt6627;TL
nt6628;TL
nt6629;TL
nt6630;TL
nt6631;TL
nt6632;TL
nt6633;TL
nt6634;TL
nt6635;TL
nt6636;TL
nt6637;TL
nt6638;TL
nt6639;TL
nt6640;TL
nt6641;TL
nt6642;TL
nt6643;TL
nt6644;TL
nt6645;TL
nt6646;TL
nt6647;TL
nt6648;TL
nt6649;TL
nt6650;TL
nt6651;TL
nt6652;TL
nt6653;TL
nt6654;TL
nt6655;TL
nt6656;TL
nt6657;TL
nt6658;TL
nt6659;TL
nt6660;TL
nt6661;TL
nt6662;TL
nt6663;TL
nt6664;TL
nt6665;TL
nt6666;TL
nt6667;TL
nt6668;TL
nt6669;TL
nt6670;TL
nt6671;TL
nt6672;TL
nt6673;TL
nt6674;TL
nt6675;TL
nt6676;TL
nt6677;TL
nt6678;TL
nt6679;TL
nt6680;TL
nt6681;TL
nt6682;TL
nt6683;TL
nt6684;TL
nt6685;TL
nt6686;TL
nt6687;TL
nt6688;TL
nt6689;TL
nt6690;TL
nt6691;TL
nt6692;TL
nt6693;TL
nt6694;TL
nt6695;TL
nt6696;TL
nt6697;TL
nt6698;TL
nt6699;TL
nt6700;TL
nt6701;TL
nt6702;TL
nt6703;TL
nt6704;TL
nt6705;TL
nt6706;TL
nt6707;TL
nt6708;TL
nt6709;TL
nt6710;TL
nt6711;TL
nt6712;TL
nt6713;TL
nt6714;TL
nt6715;TL
nt6716;TL
nt6717;TL
nt6718;TL
nt6719;TL
nt6720;TL
nt6721;TL
nt6722;TL
nt6723;TL
nt6724;TL
nt6725;TL
nt6726;TL
nt6727;TL
nt6728;TL
nt6729;TL
nt6730;TL
nt6731;TL
nt6732;TL
nt6733;TL
nt6734;TL
nt6735;TL
nt6736;TL
nt6737;TL
nt6738;TL
nt6739;TL
nt6740;TL
nt6741;TL
nt6742;TL
nt6743;TL
nt6744;TL
nt6745;TL
nt6746;TL
nt6747;TL
nt6748;TL
nt6749;TL
nt6750;TL
nt6751;TL
nt6752;TL
nt6753;TL
nt6754;TL
nt6755;TL
nt6756;TL
nt6757;TL
nt6758;TL
nt6759;TL
nt6760;TL
nt6761;TL
nt6762;TL
nt6763;TL
nt6764;TL
nt6765;TL
nt6766;TL
nt6767;TL
nt6768;TL
nt6769;TL
nt6770;TL
nt6771;TL
nt6772;TL
nt6773;TL
nt6774;TL
nt6775;TL
nt6776;TL
nt6777;TL
nt6778;TL
nt6779;TL
nt6780;TL
nt6781;TL
nt6782;TL
nt6783;TL
nt6784;TL
nt6785;TL
nt6786;TL
nt6787;TL
nt6788;TL
nt6789;TL
nt6790;TL
nt6791;TL
nt6792;TL
nt6793;TL
nt6794;TL
nt6795;TL
nt6796;TL
nt6797;TL
nt6798;TL
nt6799;TL
nt6800;TL
nt6801;TL
nt6802;TL
nt6803;TL
nt6804;TL
nt6805;TL
nt6806;TL
nt6807;TL
nt6808;TL
nt6809;TL
nt6810;TL
nt6811;TL
nt6812;TL
nt6813;TL
nt6814;TL
nt6815;TL
nt6816;TL
nt6817;TL
nt6818;TL
nt6819;TL
nt6820;TL
nt6821;TL
nt6822;TL
nt6823;TL
nt6824;TL
nt6825;TL
nt6826;TL
nt6827;TL
nt6828;TL
nt6829;TL
nt6830;TL
nt6831;TL
nt6832;TL
nt6833;TL
nt6834;TL
nt6835;TL
nt6836;TL
nt6837;TL
nt6838;TL
nt6839;TL
nt6840;TL
nt6841;TL
nt6842;TL
nt6843;TL
nt6844;TL
nt6845;TL
nt6846;TL
nt6847;TL
nt6848;TL
nt6849;TL
nt6850;TL
nt6851;TL
nt6852;TL
nt6853;TL
nt6854;TL
nt6855;TL
nt6856;TL
nt6857;TL
nt6858;TL
nt6859;TL
nt6860;TL
nt6861;TL
nt6862;TL
nt6863;TL
nt6864;TL
nt6865;TL
nt6866;TL
nt6867;TL
nt6868;TL
nt6869;TL
nt6870;TL
nt6871;TL
nt6872;TL
nt6873;TL
nt6874;TL
nt6875;TL
nt6876;TL
nt6877;TL
nt6878;TL
nt6879;TL
nt6880;TL
nt6881;TL
nt6882;TL
nt6883;TL
nt6884;TL
nt6885;TL
nt6886;TL
nt6887;TL
nt6888;TL
nt6889;TL
nt6890;TL
nt6891;TL
nt6892;TL
nt6893;TL
nt6894;TL
nt6895;TL
nt6896;TL
nt6897;TL
nt6898;TL
nt6899;TL
nt6900;TL
nt6901;TL
nt6902;TL
nt6903;TL
nt6904;TL
nt6905;TL
nt6906;TL
nt6907;TL
nt6908;TL
nt6909;TL
nt6910;TL
nt6911;TL
nt6912;TL
nt6913;TL
nt6914;TL
nt6915;TL
nt6916;TL
nt6917;TL
nt6918;TL
nt6919;TL
nt6920;TL
nt6921;TL
nt6922;TL
nt6923;TL
nt6924;TL
nt6925;TL
nt6926;TL
nt6927;TL
nt6928;TL
nt6929;TL
nt6930;TL
nt6931;TL
nt6932;TL
nt6933;TL
nt6934;TL
nt6935;TL
nt6936;TL
nt6937;TL
nt6938;TL
nt6939;TL
nt6940;TL
nt6941;TL
nt6942;TL
nt6943;TL
nt6944;TL
nt6945;TL
nt6946;TL
nt6947;TL
nt6948;TL
nt6949;TL
nt6950;TL
nt6951;TL
nt6952;TL
nt6953;TL
nt6954;TL
nt6955;TL
nt6956;TL
nt6957;TL
nt6958;TL
nt6959;TL
nt6960;TL
nt6961;TL
nt6962;TL
nt6963;TL
nt6964;TL
nt6965;TL
nt6966;TL
nt6967;TL
nt6968;TL
nt6969;TL
nt6970;TL
nt6971;TL
nt6972;TL
nt6973;TL
nt6974;TL
nt6975;TL
nt6976;TL
nt6977;TL
nt6978;TL
nt6979;TL
nt6980;TL
nt6981;TL
nt6982;TL
nt6983;TL
nt6984;TL
nt6985;TL
nt6986;TL
nt6987;TL
nt6988;TL
nt6989;TL
nt6990;TL
nt6991;TL
nt6992;TL
nt6993;TL
nt6994;TL
nt6995;TL
nt6996;TL
nt6997;TL
nt6998;TL
nt6999;TL
nt7000;TL
nt7001;TL
nt7002;TL
nt7003;TL
nt7004;TL
nt7005;TL
nt7006;TL
nt7007;TL
nt7008;TL
nt7009;TL
nt7010;TL
nt7011;TL
nt7012;TL
nt7013;TL
nt7014;TL
nt7015;TL
nt7016;TL
nt7017;TL
nt7018;TL
nt7019;TL
nt7020;TL
nt7021;TL
nt7022;TL
nt7023;TL
nt7024;TL
nt7025;TL
nt7026;TL
nt7027;TL
nt7028;TL
nt7029;TL
nt7030;TL
nt7031;TL
nt7032;TL
nt7033;TL
nt7034;TL
nt7035;TL
nt7036;TL
nt7037;TL
nt7038;TL
nt7039;TL
nt7040;TL
nt7041;TL
nt7042;TL
nt7043;TL
nt7044;TL
nt7045;TL
nt7046;TL
nt7047;TL
nt7048;TL
nt7049;TL
nt7050;TL
nt7051;TL
nt7052;TL
nt7053;TL
nt7054;TL
nt7055;TL
nt7056;TL
nt7057;TL
nt7058;TL
nt7059;TL
nt7060;TL
nt7061;TL
nt7062;TL
nt7063;TL
nt7064;TL
nt7065;TL
nt7066;TL
nt7067;TL
nt7068;TL
nt7069;TL
nt7070;TL
nt7071;TL
nt7072;TL
nt7073;TL
nt7074;TL
nt7075;TL
nt7076;TL
nt7077;TL
nt7078;TL
nt7079;TL
nt7080;TL
nt7081;TL
nt7082;TL
nt7083;TL
nt7084;TL
nt7085;TL
nt7086;TL
nt7087;TL
nt7088;TL
nt7089;TL
nt7090;TL
nt7091;TL
nt7092;TL
nt7093;TL
nt7094;TL
nt7095;TL
nt7096;TL
nt7097;TL
nt7098;TL
nt7099;TL
nt7100;TL
nt7101;TL
nt7102;TL
nt7103;TL
nt7104;TL
nt7105;TL
nt7106;TL
nt7107;TL
nt7108;TL
nt7109;TL
nt7110;TL
nt7111;TL
nt7112;TL
nt7113;TL
nt7114;TL
nt7115;TL
nt7116;TL
nt7117;TL
nt7118;TL
nt7119;TL
nt7120;TL
nt7121;TL
nt7122;TL
nt7123;TL
nt7124;TL
nt7125;TL
nt7126;TL
nt7127;TL
nt7128;TL
nt7129;TL
nt7130;TL
nt7131;TL
nt7132;TL
nt7133;TL
nt7134;TL
nt7135;TL
nt7136;TL
nt7137;TL
nt7138;TL
nt7139;TL
nt7140;TL
nt7141;TL
nt7142;TL
nt7143;TL
nt7144;TL
nt7145;TL
nt7146;TL
nt7147;TL
nt7148;TL
nt7149;TL
nt7150;TL
nt7151;TL
nt7152;TL
nt7153;TL
nt7154;TL
nt7155;TL
nt7156;TL
nt7157;TL
nt7158;TL
nt7159;TL
nt7160;TL
nt7161;TL
nt7162;TL
nt7163;TL
nt7164;TL
nt7165;TL
nt7166;TL
nt7167;TL
nt7168;TL
nt7169;TL
nt7170;TL
nt7171;TL
nt7172;TL
nt7173;TL
nt7174;TL
nt7175;TL
nt7176;TL
nt7177;TL
nt7178;TL
nt7179;TL
nt7180;TL
nt7181;TL
nt7182;TL
nt7183;TL
nt7184;TL
nt7185;TL
nt7186;TL
nt7187;TL
nt7188;TL
nt7189;TL
nt7190;TL
nt7191;TL
nt7192;TL
nt7193;TL
nt7194;TL
nt7195;TL
nt7196;TL
nt7197;TL
nt7198;TL
nt7199;TL
nt7200;TL
nt7201;TL
nt7202;TL
nt7203;TL
nt7204;TL
nt7205;TL
nt7206;TL
nt7207;TL
nt7208;TL
nt7209;TL
nt7210;TL
nt7211;TL
nt7212;TL
nt7213;TL
nt7214;TL
nt7215;TL
nt7216;TL
nt7217;TL
nt7218;TL
nt7219;TL
nt7220;TL
nt7221;TL
nt7222;TL
nt7223;TL
nt7224;TL
nt7225;TL
nt7226;TL
nt7227;TL
nt7228;TL
nt7229;TL
nt7230;TL
nt7231;TL
nt7232;TL
nt7233;TL
nt7234;TL
nt7235;TL
nt7236;TL
nt7237;TL
nt7238;TL
nt7239;TL
nt7240;TL
nt7241;TL
nt7242;TL
nt7243;TL
nt7244;TL
nt7245;TL
nt7246;TL
nt7247;TL
nt7248;TL
nt7249;TL
nt7250;TL
nt7251;TL
nt7252;TL
nt7253;TL
nt7254;TL
nt7255;TL
nt7256;TL
nt7257;TL
nt7258;TL
nt7259;TL
nt7260;TL
nt7261;TL
nt7262;TL
nt7263;TL
nt7264;TL
nt7265;TL
nt7266;TL
nt7267;TL
nt7268;TL
nt7269;TL
nt7270;TL
nt7271;TL
nt7272;TL
nt7273;TL
nt7274;TL
nt7275;TL
nt7276;TL
nt7277;TL
nt7278;TL
nt7279;TL
nt7280;TL
nt7281;TL
nt7282;TL
nt7283;TL
nt7284;TL
nt7285;TL
nt7286;TL
nt7287;TL
nt7288;TL
nt7289;TL
nt7290;TL
nt7291;TL
nt7292;TL
nt7293;TL
nt7294;TL
nt7295;TL
nt7296;TL
nt7297;TL
nt7298;TL
nt7299;TL
nt7300;TL
nt7301;TL
nt7302;TL
nt7303;TL
nt7304;TL
nt7305;TL
nt7306;TL
nt7307;TL
nt7308;TL
nt7309;TL
nt7310;TL
nt7311;TL
nt7312;TL
nt7313;TL
nt7314;TL
nt7315;TL
nt7316;TL
nt7317;TL
nt7318;TL
nt7319;TL
nt7320;TL
nt7321;TL
nt7322;TL
nt7323;TL
nt7324;TL
nt7325;TL
nt7326;TL
nt7327;TL
nt7328;TL
nt7329;TL
nt7330;TL
nt7331;TL
nt7332;TL
nt7333;TL
nt7334;TL
nt7335;TL
nt7336;TL
nt7337;TL
nt7338;TL
nt7339;TL
nt7340;TL
nt7341;TL
nt7342;TL
nt7343;TL
nt7344;TL
nt7345;TL
nt7346;TL
nt7347;TL
nt7348;TL
nt7349;TL
nt7350;TL
nt7351;TL
nt7352;TL
nt7353;TL
nt7354;TL
nt7355;TL
nt7356;TL
nt7357;TL
nt7358;TL
nt7359;TL
nt7360;TL
nt7361;TL
nt7362;TL
nt7363;TL
nt7364;TL
nt7365;TL
nt7366;TL
nt7367;TL
nt7368;TL
nt7369;TL
nt7370;TL
nt7371;TL
nt7372;TL
nt7373;TL
nt7374;TL
nt7375;TL
nt7376;TL
nt7377;TL
nt7378;TL
nt7379;TL
nt7380;TL
nt7381;TL
nt7382;TL
nt7383;TL
nt7384;TL
nt7385;TL
nt7386;TL
nt7387;TL
nt7388;TL
nt7389;TL
nt7390;TL
nt7391;TL
nt7392;TL
nt7393;TL
nt7394;TL
nt7395;TL
nt7396;TL
nt7397;TL
nt7398;TL
nt7399;TL
nt7400;TL
nt7401;TL
nt7402;TL
nt7403;TL
nt7404;TL
nt7405;TL
nt7406;TL
nt7407;TL
nt7408;TL
nt7409;TL
nt7410;TL
nt7411;TL
nt7412;TL
nt7413;TL
nt7414;TL
nt7415;TL
nt7416;TL
nt7417;TL
nt7418;TL
nt7419;TL
nt7420;TL
nt7421;TL
nt7422;TL
nt7423;TL
nt7424;TL
nt7425;TL
nt7426;TL
nt7427;TL
nt7428;TL
nt7429;TL
nt7430;TL
nt7431;TL
nt7432;TL
nt7433;TL
nt7434;TL
nt7435;TL
nt7436;TL
nt7437;TL
nt7438;TL
nt7439;TL
nt7440;TL
nt7441;TL
nt7442;TL
nt7443;TL
nt7444;TL
nt7445;TL
nt7446;TL
nt7447;TL
nt7448;TL
nt7449;TL
nt7450;TL
nt7451;TL
nt7452;TL
nt7453;TL
nt7454;TL
nt7455;TL
nt7456;TL
nt7457;TL
nt7458;TL
nt7459;TL
nt7460;TL
nt7461;TL
nt7462;TL
nt7463;TL
nt7464;TL
nt7465;TL
nt7466;TL
nt7467;TL
nt7468;TL
nt7469;TL
nt7470;TL
nt7471;TL
nt7472;TL
nt7473;TL
nt7474;TL
nt7475;TL
nt7476;TL
nt7477;TL
nt7478;TL
nt7479;TL
nt7480;TL
nt7481;TL
nt7482;TL
nt7483;TL
nt7484;TL
nt7485;TL
nt7486;TL
nt7487;TL
nt7488;TL
nt7489;TL
nt7490;TL
nt7491;TL
nt7492;TL
nt7493;TL
nt7494;TL
nt7495;TL
nt7496;TL
nt7497;TL
nt7498;TL
nt7499;TL
nt7500;TL
nt7501;TL
nt7502;TL
nt7503;TL
nt7504;TL
nt7505;TL
nt7506;TL
nt7507;TL
nt7508;TL
nt7509;TL
nt7510;TL
nt7511;TL
nt7512;TL
nt7513;TL
nt7514;TL
nt7515;TL
nt7516;TL
nt7517;TL
nt7518;TL
nt7519;TL
nt7520;TL
nt7521;TL
nt7522;TL
nt7523;TL
nt7524;TL
nt7525;TL
nt7526;TL
nt7527;TL
nt7528;TL
nt7529;TL
nt7530;TL
nt7531;TL
nt7532;TL
nt7533;TL
nt7534;TL
nt7535;TL
nt7536;TL
nt7537;TL
nt7538;TL
nt7539;TL
nt7540;TL
nt7541;TL
nt7542;TL
nt7543;TL
nt7544;TL
nt7545;TL
nt7546;TL
nt7547;TL
nt7548;TL
nt7549;TL
nt7550;TL
nt7551;TL
nt7552;TL
nt7553;TL
nt7554;TL
nt7555;TL
nt7556;TL
nt7557;TL
nt7558;TL
nt7559;TL
nt7560;TL
nt7561;TL
nt7562;TL
nt7563;TL
nt7564;TL
nt7565;TL
nt7566;TL
nt7567;TL
nt7568;TL
nt7569;TL
nt7570;TL
nt7571;TL
nt7572;TL
nt7573;TL
nt7574;TL
nt7575;TL
nt7576;TL
nt7577;TL
nt7578;TL
nt7579;TL
nt7580;TL
nt7581;TL
nt7582;TL
nt7583;TL
nt7584;TL
nt7585;TL
nt7586;TL
nt7587;TL
nt7588;TL
nt7589;TL
nt7590;TL
nt7591;TL
nt7592;TL
nt7593;TL
nt7594;TL
nt7595;TL
nt7596;TL
nt7597;TL
nt7598;TL
nt7599;TL
nt7600;TL
nt7601;TL
nt7602;TL
nt7603;TL
nt7604;TL
nt7605;TL
nt7606;TL
nt7607;TL
nt7608;TL
nt7609;TL
nt7610;TL
nt7611;TL
nt7612;TL
nt7613;TL
nt7614;TL
nt7615;TL
nt7616;TL
nt7617;TL
nt7618;TL
nt7619;TL
nt7620;TL
nt7621;TL
nt7622;TL
nt7623;TL
nt7624;TL
nt7625;TL
nt7626;TL
nt7627;TL
nt7628;TL
nt7629;TL
nt7630;TL
nt7631;TL
nt7632;TL
nt7633;TL
nt7634;TL
nt7635;TL
nt7636;TL
nt7637;TL
nt7638;TL
nt7639;TL
nt7640;TL
nt7641;TL
nt7642;TL
nt7643;TL
nt7644;TL
nt7645;TL
nt7646;TL
nt7647;TL
nt7648;TL
nt7649;TL
nt7650;TL
nt7651;TL
nt7652;TL
nt7653;TL
nt7654;TL
nt7655;TL
nt7656;TL
nt7657;TL
nt7658;TL
nt7659;TL
nt7660;TL
nt7661;TL
nt7662;TL
nt7663;TL
nt7664;TL
nt7665;TL
nt7666;TL
nt7667;TL
nt7668;TL
nt7669;TL
nt7670;TL
nt7671;TL
nt7672;TL
nt7673;TL
nt7674;TL
nt7675;TL
nt7676;TL
nt7677;TL
nt7678;TL
nt7679;TL
nt7680;TL
nt7681;TL
nt7682;TL
nt7683;TL
nt7684;TL
nt7685;TL
nt7686;TL
nt7687;TL
nt7688;TL
nt7689;TL
nt7690;TL
nt7691;TL
nt7692;TL
nt7693;TL
nt7694;TL
nt7695;TL
nt7696;TL
nt7697;TL
nt7698;TL
nt7699;TL
nt7700;TL
nt7701;TL
nt7702;TL
nt7703;TL
nt7704;TL
nt7705;TL
nt7706;TL
nt7707;TL
nt7708;TL
nt7709;TL
nt7710;TL
nt7711;TL
nt7712;TL
nt7713;TL
nt7714;TL
nt7715;TL
nt7716;TL
nt7717;TL
nt7718;TL
nt7719;TL
nt7720;TL
nt7721;TL
nt7722;TL
nt7723;TL
nt7724;TL
nt7725;TL
nt7726;TL
nt7727;TL
nt7728;TL
nt7729;TL
nt7730;TL
nt7731;TL
nt7732;TL
nt7733;TL
nt7734;TL
nt7735;TL
nt7736;TL
nt7737;TL
nt7738;TL
nt7739;TL
nt7740;TL
nt7741;TL
nt7742;TL
nt7743;TL
nt7744;TL
nt7745;TL
nt7746;TL
nt7747;TL
nt7748;TL
nt7749;TL
nt7750;TL
nt7751;TL
nt7752;TL
nt7753;TL
nt7754;TL
nt7755;TL
nt7756;TL
nt7757;TL
nt7758;TL
nt7759;TL
nt7760;TL
nt7761;TL
nt7762;TL
nt7763;TL
nt7764;TL
nt7765;TL
nt7766;TL
nt7767;TL
nt7768;TL
nt7769;TL
nt7770;TL
nt7771;TL
nt7772;TL
nt7773;TL
nt7774;TL
nt7775;TL
nt7776;TL
nt7777;TL
nt7778;TL
nt7779;TL
nt7780;TL
nt7781;TL
nt7782;TL
nt7783;TL
nt7784;TL
nt7785;TL
nt7786;TL
nt7787;TL
nt7788;TL
nt7789;TL
nt7790;TL
nt7791;TL
nt7792;TL
nt7793;TL
nt7794;TL
nt7795;TL
nt7796;TL
nt7797;TL
nt7798;TL
nt7799;TL
nt7800;TL
nt7801;TL
nt7802;TL
nt7803;TL
nt7804;TL
nt7805;TL
nt7806;TL
nt7807;TL
nt7808;TL
nt7809;TL
nt7810;TL
nt7811;TL
nt7812;TL
nt7813;TL
nt7814;TL
nt7815;TL
nt7816;TL
nt7817;TL
nt7818;TL
nt7819;TL
nt7820;TL
nt7821;TL
nt7822;TL
nt7823;TL
nt7824;TL
nt7825;TL
nt7826;TL
nt7827;TL
nt7828;TL
nt7829;TL
nt7830;TL
nt7831;TL
nt7832;TL
nt7833;TL
nt7834;TL
nt7835;TL
nt7836;TL
nt7837;TL
nt7838;TL
nt7839;TL
nt7840;TL
nt7841;TL
nt7842;TL
nt7843;TL
nt7844;TL
nt7845;TL
nt7846;TL
nt7847;TL
nt7848;TL
nt7849;TL
nt7850;TL
nt7851;TL
nt7852;TL
nt7853;TL
nt7854;TL
nt7855;TL
nt7856;TL
nt7857;TL
nt7858;TL
nt7859;TL
nt7860;TL
nt7861;TL
nt7862;TL
nt7863;TL
nt7864;TL
nt7865;TL
nt7866;TL
nt7867;TL
nt7868;TL
nt7869;TL
nt7870;TL
nt7871;TL
nt7872;TL
nt7873;TL
nt7874;TL
nt7875;TL
nt7876;TL
nt7877;TL
nt7878;TL
nt7879;TL
nt7880;TL
nt7881;TL
nt7882;TL
nt7883;TL
nt7884;TL
nt7885;TL
nt7886;TL
nt7887;TL
nt7888;TL
nt7889;TL
nt7890;TL
nt7891;TL
nt7892;TL
nt7893;TL
nt7894;TL
nt7895;TL
nt7896;TL
nt7897;TL
nt7898;TL
nt7899;TL
nt7900;TL
nt7901;TL
nt7902;TL
nt7903;TL
nt7904;TL
nt7905;TL
nt7906;TL
nt7907;TL
nt7908;TL
nt7909;TL
nt7910;TL
nt7911;TL
nt7912;TL
nt7913;TL
nt7914;TL
nt7915;TL
nt7916;TL
nt7917;TL
nt7918;TL
nt7919;TL
nt7920;TL
nt7921;TL
nt7922;TL
nt7923;TL
nt7924;TL
nt7925;TL
nt7926;TL
nt7927;TL
nt7928;TL
nt7929;TL
nt7930;TL
nt7931;TL
nt7932;TL
nt7933;TL
nt7934;TL
nt7935;TL
nt7936;TL
nt7937;TL
nt7938;TL
nt7939;TL
nt7940;TL
nt7941;TL
nt7942;TL
nt7943;TL
nt7944;TL
nt7945;TL
nt7946;TL
nt7947;TL
nt7948;TL
nt7949;TL
nt7950;TL
nt7951;TL
nt7952;TL
nt7953;TL
nt7954;TL
nt7955;TL
nt7956;TL
nt7957;TL
nt7958;TL
nt7959;TL
nt7960;TL
nt7961;TL
nt7962;TL
nt7963;TL
nt7964;TL
nt7965;TL
nt7966;TL
nt7967;TL
nt7968;TL
nt7969;TL
nt7970;TL
nt7971;TL
nt7972;TL
nt7973;TL
nt7974;TL
nt7975;TL
nt7976;TL
nt7977;TL
nt7978;TL
nt7979;TL
nt7980;TL
nt7981;TL
nt7982;TL
nt7983;TL
nt7984;TL
nt7985;TL
nt7986;TL
nt7987;TL
nt7988;TL
nt7989;TL
nt7990;TL
nt7991;TL
nt7992;TL
nt7993;TL
nt7994;TL
nt7995;TL
nt7996;TL
nt7997;TL
nt7998;TL
nt7999;TL
nt8000;TL
nt8001;TL
nt8002;TL
nt8003;TL
nt8004;TL
nt8005;TL
nt8006;TL
nt8007;TL
nt8008;TL
nt8009;TL
nt8010;TL
nt8011;TL
nt8012;TL
nt8013;TL
nt8014;TL
nt8015;TL
nt8016;TL
nt8017;TL
nt8018;TL
nt8019;TL
nt8020;TL
nt8021;TL
nt8022;TL
nt8023;TL
nt8024;TL
nt8025;TL
nt8026;TL
nt8027;TL
nt8028;TL
nt8029;TL
nt8030;TL
nt8031;TL
nt8032;TL
nt8033;TL
nt8034;TL
nt8035;TL
nt8036;TL
nt8037;TL
nt8038;TL
nt8039;TL
nt8040;TL
nt8041;TL
nt8042;TL
nt8043;TL
nt8044;TL
nt8045;TL
nt8046;TL
nt8047;TL
nt8048;TL
nt8049;TL
nt8050;TL
nt8051;TL
nt8052;TL
nt8053;TL
nt8054;TL
nt8055;TL
nt8056;TL
nt8057;TL
nt8058;TL
nt8059;TL
nt8060;TL
nt8061;TL
nt8062;TL
nt8063;TL
nt8064;TL
nt8065;TL
nt8066;TL
nt8067;TL
nt8068;TL
nt8069;TL
nt8070;TL
nt8071;TL
nt8072;TL
nt8073;TL
nt8074;TL
nt8075;TL
nt8076;TL
nt8077;TL
nt8078;TL
nt8079;TL
nt8080;TL
nt8081;TL
nt8082;TL
nt8083;TL
nt8084;TL
nt8085;TL
nt8086;TL
nt8087;TL
nt8088;TL
nt8089;TL
nt8090;TL
nt8091;TL
nt8092;TL
nt8093;TL
nt8094;TL
nt8095;TL
nt8096;TL
nt8097;TL
nt8098;TL
nt8099;TL
nt8100;TL
nt8101;TL
nt8102;TL
nt8103;TL
nt8104;TL
nt8105;TL
nt8106;TL
nt8107;TL
nt8108;TL
nt8109;TL
nt8110;TL
nt8111;TL
nt8112;TL
nt8113;TL
nt8114;TL
nt8115;TL
nt8116;TL
nt8117;TL
nt8118;TL
nt8119;TL
nt8120;TL
nt8121;TL
nt8122;TL
nt8123;TL
nt8124;TL
nt8125;TL
nt8126;TL
nt8127;TL
nt8128;TL
nt8129;TL
nt8130;TL
nt8131;TL
nt8132;TL
nt8133;TL
nt8134;TL
nt8135;TL
nt8136;TL
nt8137;TL
nt8138;TL
nt8139;TL
nt8140;TL
nt8141;TL
nt8142;TL
nt8143;TL
nt8144;TL
nt8145;TL
nt8146;TL
nt8147;TL
nt8148;TL
nt8149;TL
nt8150;TL
nt8151;TL
nt8152;TL
nt8153;TL
nt8154;TL
nt8155;TL
nt8156;TL
nt8157;TL
nt8158;TL
nt8159;TL
nt8160;TL
nt8161;TL
nt8162;TL
nt8163;TL
nt8164;TL
nt8165;TL
nt8166;TL
nt8167;TL
nt8168;TL
nt8169;TL
nt8170;TL
nt8171;TL
nt8172;TL
nt8173;TL
nt8174;TL
nt8175;TL
nt8176;TL
nt8177;TL
nt8178;TL
nt8179;TL
nt8180;TL
nt8181;TL
nt8182;TL
nt8183;TL
nt8184;TL
nt8185;TL
nt8186;TL
nt8187;TL
nt8188;TL
nt8189;TL
nt8190;TL
nt8191;TL
nt8192;TL
nt8193;TL
nt8194;TL
nt8195;TL
nt8196;TL
nt8197;TL
nt8198;TL
nt8199;TL
nt8200;TL
nt8201;TL
nt8202;TL
nt8203;TL
nt8204;TL
nt8205;TL
nt8206;TL
nt8207;TL
nt8208;TL
nt8209;TL
nt8210;TL
nt8211;TL
nt8212;TL
nt8213;TL
nt8214;TL
nt8215;TL
nt8216;TL
nt8217;TL
nt8218;TL
nt8219;TL
nt8220;TL
nt8221;TL
nt8222;TL
nt8223;TL
nt8224;TL
nt8225;TL
nt8226;TL
nt8227;TL
nt8228;TL
nt8229;TL
nt8230;TL
nt8231;TL
nt8232;TL
nt8233;TL
nt8234;TL
nt8235;TL
nt8236;TL
nt8237;TL
nt8238;TL
nt8239;TL
nt8240;TL
nt8241;TL
nt8242;TL
nt8243;TL
nt8244;TL
nt8245;TL
nt8246;TL
nt8247;TL
nt8248;TL
nt8249;TL
nt8250;TL
nt8251;TL
nt8252;TL
nt8253;TL
nt8254;TL
nt8255;TL
nt8256;TL
nt8257;TL
nt8258;TL
nt8259;TL
nt8260;TL
nt8261;TL
nt8262;TL
nt8263;TL
nt8264;TL
nt8265;TL
nt8266;TL
nt8267;TL
nt8268;TL
nt8269;TL
nt8270;TL
nt8271;TL
nt8272;TL
nt8273;TL
nt8274;TL
nt8275;TL
nt8276;TL
nt8277;TL
nt8278;TL
nt8279;TL
nt8280;TL
nt8281;TL
nt8282;TL
nt8283;TL
nt8284;TL
nt8285;TL
nt8286;TL
nt8287;TL
nt8288;TL
nt8289;TL
nt8290;TL
nt8291;TL
nt8292;TL
nt8293;TL
nt8294;TL
nt8295;TL
nt8296;TL
nt8297;TL
nt8298;TL
nt8299;TL
nt8300;TL
nt8301;TL
nt8302;TL
nt8303;TL
nt8304;TL
nt8305;TL
nt8306;TL
nt8307;TL
nt8308;TL
nt8309;TL
nt8310;TL
nt8311;TL
nt8312;TL
nt8313;TL
nt8314;TL
nt8315;TL
nt8316;TL
nt8317;TL
nt8318;TL
nt8319;TL
nt8320;TL
nt8321;TL
nt8322;TL
nt8323;TL
nt8324;TL
nt8325;TL
nt8326;TL
nt8327;TL
nt8328;TL
nt8329;TL
nt8330;TL
nt8331;TL
nt8332;TL
nt8333;TL
nt8334;TL
nt8335;TL
nt8336;TL
nt8337;TL
nt8338;TL
nt8339;TL
nt8340;TL
nt8341;TL
nt8342;TL
nt8343;TL
nt8344;TL
nt8345;TL
nt8346;TL
nt8347;TL
nt8348;TL
nt8349;TL
nt8350;TL
nt8351;TL
nt8352;TL
nt8353;TL
nt8354;TL
nt8355;TL
nt8356;TL
nt8357;TL
nt8358;TL
nt8359;TL
nt8360;TL
nt8361;TL
nt8362;TL
nt8363;TL
nt8364;TL
nt8365;TL
nt8366;TL
nt8367;TL
nt8368;TL
nt8369;TL
nt8370;TL
nt8371;TL
nt8372;TL
nt8373;TL
nt8374;TL
nt8375;TL
nt8376;TL
nt8377;TL
nt8378;TL
nt8379;TL
nt8380;TL
nt8381;TL
nt8382;TL
nt8383;TL
nt8384;TL
nt8385;TL
nt8386;TL
nt8387;TL
nt8388;TL
nt8389;TL
nt8390;TL
nt8391;TL
nt8392;TL
nt8393;TL
nt8394;TL
nt8395;TL
nt8396;TL
nt8397;TL
nt8398;TL
nt8399;TL
nt8400;TL
nt8401;TL
nt8402;TL
nt8403;TL
nt8404;TL
nt8405;TL
nt8406;TL
nt8407;TL
nt8408;TL
nt8409;TL
nt8410;TL
nt8411;TL
nt8412;TL
nt8413;TL
nt8414;TL
nt8415;TL
nt8416;TL
nt8417;TL
nt8418;TL
nt8419;TL
nt8420;TL
nt8421;TL
nt8422;TL
nt8423;TL
nt8424;TL
nt8425;TL
nt8426;TL
nt8427;TL
nt8428;TL
nt8429;TL
nt8430;TL
nt8431;TL
nt8432;TL
nt8433;TL
nt8434;TL
nt8435;TL
nt8436;TL
nt8437;TL
nt8438;TL
nt8439;TL
nt8440;TL
nt8441;TL
nt8442;TL
nt8443;TL
nt8444;TL
nt8445;TL
nt8446;TL
nt8447;TL
nt8448;TL
nt8449;TL
nt8450;TL
nt8451;TL
nt8452;TL
nt8453;TL
nt8454;TL
nt8455;TL
nt8456;TL
nt8457;TL
nt8458;TL
nt8459;TL
nt8460;TL
nt8461;TL
nt8462;TL
nt8463;TL
nt8464;TL
nt8465;TL
nt8466;TL
nt8467;TL
nt8468;TL
nt8469;TL
nt8470;TL
nt8471;TL
nt8472;TL
nt8473;TL
nt8474;TL
nt8475;TL
nt8476;TL
nt8477;TL
nt8478;TL
nt8479;TL
nt8480;TL
nt8481;TL
nt8482;TL
nt8483;TL
nt8484;TL
nt8485;TL
nt8486;TL
nt8487;TL
nt8488;TL
nt8489;TL
nt8490;TL
nt8491;TL
nt8492;TL
nt8493;TL
nt8494;TL
nt8495;TL
nt8496;TL
nt8497;TL
nt8498;TL
nt8499;TL
nt8500;TL
nt8501;TL
nt8502;TL
nt8503;TL
nt8504;TL
nt8505;TL
nt8506;TL
nt8507;TL
nt8508;TL
nt8509;TL
nt8510;TL
nt8511;TL
nt8512;TL
nt8513;TL
nt8514;TL
nt8515;TL
nt8516;TL
nt8517;TL
nt8518;TL
nt8519;TL
nt8520;TL
nt8521;TL
nt8522;TL
nt8523;TL
nt8524;TL
nt8525;TL
nt8526;TL
nt8527;TL
nt8528;TL
nt8529;TL
nt8530;TL
nt8531;TL
nt8532;TL
nt8533;TL
nt8534;TL
nt8535;TL
nt8536;TL
nt8537;TL
nt8538;TL
nt8539;TL
nt8540;TL
nt8541;TL
nt8542;TL
nt8543;TL
nt8544;TL
nt8545;TL
nt8546;TL
nt8547;TL
nt8548;TL
nt8549;TL
nt8550;TL
nt8551;TL
nt8552;TL
nt8553;TL
nt8554;TL
nt8555;TL
nt8556;TL
nt8557;TL
nt8558;TL
nt8559;TL
nt8560;TL
nt8561;TL
nt8562;TL
nt8563;TL
nt8564;TL
nt8565;TL
nt8566;TL
nt8567;TL
nt8568;TL
nt8569;TL
nt8570;TL
nt8571;TL
nt8572;TL
nt8573;TL
nt8574;TL
nt8575;TL
nt8576;TL
nt8577;TL
nt8578;TL
nt8579;TL
nt8580;TL
nt8581;TL
nt8582;TL
nt8583;TL
nt8584;TL
nt8585;TL
nt8586;TL
nt8587;TL
nt8588;TL
nt8589;TL
nt8590;TL
nt8591;TL
nt8592;TL
nt8593;TL
nt8594;TL
nt8595;TL
nt8596;TL
nt8597;TL
nt8598;TL
nt8599;TL
nt8600;TL
nt8601;TL
nt8602;TL
nt8603;TL
nt8604;TL
nt8605;TL
nt8606;TL
nt8607;TL
nt8608;TL
nt8609;TL
nt8610;TL
nt8611;TL
nt8612;TL
nt8613;TL
nt8614;TL
nt8615;TL
nt8616;TL
nt8617;TL
nt8618;TL
nt8619;TL
nt8620;TL
nt8621;TL
nt8622;TL
nt8623;TL
nt8624;TL
nt8625;TL
nt8626;TL
nt8627;TL
nt8628;TL
nt8629;TL
nt8630;TL
nt8631;TL
nt8632;TL
nt8633;TL
nt8634;TL
nt8635;TL
nt8636;TL
nt8637;TL
nt8638;TL
nt8639;TL
nt8640;TL
nt8641;TL
nt8642;TL
nt8643;TL
nt8644;TL
nt8645;TL
nt8646;TL
nt8647;TL
nt8648;TL
nt8649;TL
nt8650;TL
nt8651;TL
nt8652;TL
nt8653;TL
nt8654;TL
nt8655;TL
nt8656;TL
nt8657;TL
nt8658;TL
nt8659;TL
nt8660;TL
nt8661;TL
nt8662;TL
nt8663;TL
nt8664;TL
nt8665;TL
nt8666;TL
nt8667;TL
nt8668;TL
nt8669;TL
nt8670;TL
nt8671;TL
nt8672;TL
nt8673;TL
nt8674;TL
nt8675;TL
nt8676;TL
nt8677;TL
nt8678;TL
nt8679;TL
nt8680;TL
nt8681;TL
nt8682;TL
nt8683;TL
nt8684;TL
nt8685;TL
nt8686;TL
nt8687;TL
nt8688;TL
nt8689;TL
nt8690;TL
nt8691;TL
nt8692;TL
nt8693;TL
nt8694;TL
nt8695;TL
nt8696;TL
nt8697;TL
nt8698;TL
nt8699;TL
nt8700;TL
nt8701;TL
nt8702;TL
nt8703;TL
nt8704;TL
nt8705;TL
nt8706;TL
nt8707;TL
nt8708;TL
nt8709;TL
nt8710;TL
nt8711;TL
nt8712;TL
nt8713;TL
nt8714;TL
nt8715;TL
nt8716;TL
nt8717;TL
nt8718;TL
nt8719;TL
nt8720;TL
nt8721;TL
nt8722;TL
nt8723;TL
nt8724;TL
nt8725;TL
nt8726;TL
nt8727;TL
nt8728;TL
nt8729;TL
nt8730;TL
nt8731;TL
nt8732;TL
nt8733;TL
nt8734;TL
nt8735;TL
nt8736;TL
nt8737;TL
nt8738;TL
nt8739;TL
nt8740;TL
nt8741;TL
nt8742;TL
nt8743;TL
nt8744;TL
nt8745;TL
nt8746;TL
nt8747;TL
nt8748;TL
nt8749;TL
nt8750;TL
nt8751;TL
nt8752;TL
nt8753;TL
nt8754;TL
nt8755;TL
nt8756;TL
nt8757;TL
nt8758;TL
nt8759;TL
nt8760;TL
nt8761;TL
nt8762;TL
nt8763;TL
nt8764;TL
nt8765;TL
nt8766;TL
nt8767;TL
nt8768;TL
nt8769;TL
nt8770;TL
nt8771;TL
nt8772;TL
nt8773;TL
nt8774;TL
nt8775;TL
nt8776;TL
nt8777;TL
nt8778;TL
nt8779;TL
nt8780;TL
nt8781;TL
nt8782;TL
nt8783;TL
nt8784;TL
nt8785;TL
nt8786;TL
nt8787;TL
nt8788;TL
nt8789;TL
nt8790;TL
nt8791;TL
nt8792;TL
nt8793;TL
nt8794;TL
nt8795;TL
nt8796;TL
nt8797;TL
nt8798;TL
nt8799;TL
nt8800;TL
nt8801;TL
nt8802;TL
nt8803;TL
nt8804;TL
nt8805;TL
nt8806;TL
nt8807;TL
nt8808;TL
nt8809;TL
nt8810;TL
nt8811;TL
nt8812;TL
nt8813;TL
nt8814;TL
nt8815;TL
nt8816;TL
nt8817;TL
nt8818;TL
nt8819;TL
nt8820;TL
nt8821;TL
nt8822;TL
nt8823;TL
nt8824;TL
nt8825;TL
nt8826;TL
nt8827;TL
nt8828;TL
nt8829;TL
nt8830;TL
nt8831;TL
nt8832;TL
nt8833;TL
nt8834;TL
nt8835;TL
nt8836;TL
nt8837;TL
nt8838;TL
nt8839;TL
nt8840;TL
nt8841;TL
nt8842;TL
nt8843;TL
nt8844;TL
nt8845;TL
nt8846;TL
nt8847;TL
nt8848;TL
nt8849;TL
nt8850;TL
nt8851;TL
nt8852;TL
nt8853;TL
nt8854;TL
nt8855;TL
nt8856;TL
nt8857;TL
nt8858;TL
nt8859;TL
nt8860;TL
nt8861;TL
nt8862;TL
nt8863;TL
nt8864;TL
nt8865;TL
nt8866;TL
nt8867;TL
nt8868;TL
nt8869;TL
nt8870;TL
nt8871;TL
nt8872;TL
nt8873;TL
nt8874;TL
nt8875;TL
nt8876;TL
nt8877;TL
nt8878;TL
nt8879;TL
nt8880;TL
nt8881;TL
nt8882;TL
nt8883;TL
nt8884;TL
nt8885;TL
nt8886;TL
nt8887;TL
nt8888;TL
nt8889;TL
nt8890;TL
nt8891;TL
nt8892;TL
nt8893;TL
nt8894;TL
nt8895;TL
nt8896;TL
nt8897;TL
nt8898;TL
nt8899;TL
nt8900;TL
nt8901;TL
nt8902;TL
nt8903;TL
nt8904;TL
nt8905;TL
nt8906;TL
nt8907;TL
nt8908;TL
nt8909;TL
nt8910;TL
nt8911;TL
nt8912;TL
nt8913;TL
nt8914;TL
nt8915;TL
nt8916;TL
nt8917;TL
nt8918;TL
nt8919;TL
nt8920;TL
nt8921;TL
nt8922;TL
nt8923;TL
nt8924;TL
nt8925;TL
nt8926;TL
nt8927;TL
nt8928;TL
nt8929;TL
nt8930;TL
nt8931;TL
nt8932;TL
nt8933;TL
nt8934;TL
nt8935;TL
nt8936;TL
nt8937;TL
nt8938;TL
nt8939;TL
nt8940;TL
nt8941;TL
nt8942;TL
nt8943;TL
nt8944;TL
nt8945;TL
nt8946;TL
nt8947;TL
nt8948;TL
nt8949;TL
nt8950;TL
nt8951;TL
nt8952;TL
nt8953;TL
nt8954;TL
nt8955;TL
nt8956;TL
nt8957;TL
nt8958;TL
nt8959;TL
nt8960;TL
nt8961;TL
nt8962;TL
nt8963;TL
nt8964;TL
nt8965;TL
nt8966;TL
nt8967;TL
nt8968;TL
nt8969;TL
nt8970;TL
nt8971;TL
nt8972;TL
nt8973;TL
nt8974;TL
nt8975;TL
nt8976;TL
nt8977;TL
nt8978;TL
nt8979;TL
nt8980;TL
nt8981;TL
nt8982;TL
nt8983;TL
nt8984;TL
nt8985;TL
nt8986;TL
nt8987;TL
nt8988;TL
nt8989;TL
nt8990;TL
nt8991;TL
nt8992;TL
nt8993;TL
nt8994;TL
nt8995;TL
nt8996;TL
nt8997;TL
nt8998;TL
nt8999;TL
nt9000;TL
nt9001;TL
nt9002;TL
nt9003;TL
nt9004;TL
nt9005;TL
nt9006;TL
nt9007;TL
nt9008;TL
nt9009;TL
nt9010;TL
nt9011;TL
nt9012;TL
nt9013;TL
nt9014;TL
nt9015;TL
nt9016;TL
nt9017;TL
nt9018;TL
nt9019;TL
nt9020;TL
nt9021;TL
nt9022;TL
nt9023;TL
nt9024;TL
nt9025;TL
nt9026;TL
nt9027;TL
nt9028;TL
nt9029;TL
nt9030;TL
nt9031;TL
nt9032;TL
nt9033;TL
nt9034;TL
nt9035;TL
nt9036;TL
nt9037;TL
nt9038;TL
nt9039;TL
nt9040;TL
nt9041;TL
nt9042;TL
nt9043;TL
nt9044;TL
nt9045;TL
nt9046;TL
nt9047;TL
nt9048;TL
nt9049;TL
nt9050;TL
nt9051;TL
nt9052;TL
nt9053;TL
nt9054;TL
nt9055;TL
nt9056;TL
nt9057;TL
nt9058;TL
nt9059;TL
nt9060;TL
nt9061;TL
nt9062;TL
nt9063;TL
nt9064;TL
nt9065;TL
nt9066;TL
nt9067;TL
nt9068;TL
nt9069;TL
nt9070;TL
nt9071;TL
nt9072;TL
nt9073;TL
nt9074;TL
nt9075;TL
nt9076;TL
nt9077;TL
nt9078;TL
nt9079;TL
nt9080;TL
nt9081;TL
nt9082;TL
nt9083;TL
nt9084;TL
nt9085;TL
nt9086;TL
nt9087;TL
nt9088;TL
nt9089;TL
nt9090;TL
nt9091;TL
nt9092;TL
nt9093;TL
nt9094;TL
nt9095;TL
nt9096;TL
nt9097;TL
nt9098;TL
nt9099;TL
nt9100;TL
nt9101;TL
nt9102;TL
nt9103;TL
nt9104;TL
nt9105;TL
nt9106;TL
nt9107;TL
nt9108;TL
nt9109;TL
nt9110;TL
nt9111;TL
nt9112;TL
nt9113;TL
nt9114;TL
nt9115;TL
nt9116;TL
nt9117;TL
nt9118;TL
nt9119;TL
nt9120;TL
nt9121;TL
nt9122;TL
nt9123;TL
nt9124;TL
nt9125;TL
nt9126;TL
nt9127;TL
nt9128;TL
nt9129;TL
nt9130;TL
nt9131;TL
nt9132;TL
nt9133;TL
nt9134;TL
nt9135;TL
nt9136;TL
nt9137;TL
nt9138;TL
nt9139;TL
nt9140;TL
nt9141;TL
nt9142;TL
nt9143;TL
nt9144;TL
nt9145;TL
nt9146;TL
nt9147;TL
nt9148;TL
nt9149;TL
nt9150;TL
nt9151;TL
nt9152;TL
nt9153;TL
nt9154;TL
nt9155;TL
nt9156;TL
nt9157;TL
nt9158;TL
nt9159;TL
nt9160;TL
nt9161;TL
nt9162;TL
nt9163;TL
nt9164;TL
nt9165;TL
nt9166;TL
nt9167;TL
nt9168;TL
nt9169;TL
nt9170;TL
nt9171;TL
nt9172;TL
nt9173;TL
nt9174;TL
nt9175;TL
nt9176;TL
nt9177;TL
nt9178;TL
nt9179;TL
nt9180;TL
nt9181;TL
nt9182;TL
nt9183;TL
nt9184;TL
nt9185;TL
nt9186;TL
nt9187;TL
nt9188;TL
nt9189;TL
nt9190;TL
nt9191;TL
nt9192;TL
nt9193;TL
nt9194;TL
nt9195;TL
nt9196;TL
nt9197;TL
nt9198;TL
nt9199;TL
nt9200;TL
nt9201;TL
nt9202;TL
nt9203;TL
nt9204;TL
nt9205;TL
nt9206;TL
nt9207;TL
nt9208;TL
nt9209;TL
nt9210;TL
nt9211;TL
nt9212;TL
nt9213;TL
nt9214;TL
nt9215;TL
nt9216;TL
nt9217;TL
nt9218;TL
nt9219;TL
nt9220;TL
nt9221;TL
nt9222;TL
nt9223;TL
nt9224;TL
nt9225;TL
nt9226;TL
nt9227;TL
nt9228;TL
nt9229;TL
nt9230;TL
nt9231;TL
nt9232;TL
nt9233;TL
nt9234;TL
nt9235;TL
nt9236;TL
nt9237;TL
nt9238;TL
nt9239;TL
nt9240;TL
nt9241;TL
nt9242;TL
nt9243;TL
nt9244;TL
nt9245;TL
nt9246;TL
nt9247;TL
nt9248;TL
nt9249;TL
nt9250;TL
nt9251;TL
nt9252;TL
nt9253;TL
nt9254;TL
nt9255;TL
nt9256;TL
nt9257;TL
nt9258;TL
nt9259;TL
nt9260;TL
nt9261;TL
nt9262;TL
nt9263;TL
nt9264;TL
nt9265;TL
nt9266;TL
nt9267;TL
nt9268;TL
nt9269;TL
nt9270;TL
nt9271;TL
nt9272;TL
nt9273;TL
nt9274;TL
nt9275;TL
nt9276;TL
nt9277;TL
nt9278;TL
nt9279;TL
nt9280;TL
nt9281;TL
nt9282;TL
nt9283;TL
nt9284;TL
nt9285;TL
nt9286;TL
nt9287;TL
nt9288;TL
nt9289;TL
nt9290;TL
nt9291;TL
nt9292;TL
nt9293;TL
nt9294;TL
nt9295;TL
nt9296;TL
nt9297;TL
nt9298;TL
nt9299;TL
nt9300;TL
nt9301;TL
nt9302;TL
nt9303;TL
nt9304;TL
nt9305;TL
nt9306;TL
nt9307;TL
nt9308;TL
nt9309;TL
nt9310;TL
nt9311;TL
nt9312;TL
nt9313;TL
nt9314;TL
nt9315;TL
nt9316;TL
nt9317;TL
nt9318;TL
nt9319;TL
nt9320;TL
nt9321;TL
nt9322;TL
nt9323;TL
nt9324;TL
nt9325;TL
nt9326;TL
nt9327;TL
nt9328;TL
nt9329;TL
nt9330;TL
nt9331;TL
nt9332;TL
nt9333;TL
nt9334;TL
nt9335;TL
nt9336;TL
nt9337;TL
nt9338;TL
nt9339;TL
nt9340;TL
nt9341;TL
nt9342;TL
nt9343;TL
nt9344;TL
nt9345;TL
nt9346;TL
nt9347;TL
nt9348;TL
nt9349;TL
nt9350;TL
nt9351;TL
nt9352;TL
nt9353;TL
nt9354;TL
nt9355;TL
nt9356;TL
nt9357;TL
nt9358;TL
nt9359;TL
nt9360;TL
nt9361;TL
nt9362;TL
nt9363;TL
nt9364;TL
nt9365;TL
nt9366;TL
nt9367;TL
nt9368;TL
nt9369;TL
nt9370;TL
nt9371;TL
nt9372;TL
nt9373;TL
nt9374;TL
nt9375;TL
nt9376;TL
nt9377;TL
nt9378;TL
nt9379;TL
nt9380;TL
nt9381;TL
nt9382;TL
nt9383;TL
nt9384;TL
nt9385;TL
nt9386;TL
nt9387;TL
nt9388;TL
nt9389;TL
nt9390;TL
nt9391;TL
nt9392;TL
nt9393;TL
nt9394;TL
nt9395;TL
nt9396;TL
nt9397;TL
nt9398;TL
nt9399;TL
nt9400;TL
nt9401;TL
nt9402;TL
nt9403;TL
nt9404;TL
nt9405;TL
nt9406;TL
nt9407;TL
nt9408;TL
nt9409;TL
nt9410;TL
nt9411;TL
nt9412;TL
nt9413;TL
nt9414;TL
nt9415;TL
nt9416;TL
nt9417;TL
nt9418;TL
nt9419;TL
nt9420;TL
nt9421;TL
nt9422;TL
nt9423;TL
nt9424;TL
nt9425;TL
nt9426;TL
nt9427;TL
nt9428;TL
nt9429;TL
nt9430;TL
nt9431;TL
nt9432;TL
nt9433;TL
nt9434;TL
nt9435;TL
nt9436;TL
nt9437;TL
nt9438;TL
nt9439;TL
nt9440;TL
nt9441;TL
nt9442;TL
nt9443;TL
nt9444;TL
nt9445;TL
nt9446;TL
nt9447;TL
nt9448;TL
nt9449;TL
nt9450;TL
nt9451;TL
nt9452;TL
nt9453;TL
nt9454;TL
nt9455;TL
nt9456;TL
nt9457;TL
nt9458;TL
nt9459;TL
nt9460;TL
nt9461;TL
nt9462;TL
nt9463;TL
nt9464;TL
nt9465;TL
nt9466;TL
nt9467;TL
nt9468;TL
nt9469;TL
nt9470;TL
nt9471;TL
nt9472;TL
nt9473;TL
nt9474;TL
nt9475;TL
nt9476;TL
nt9477;TL
nt9478;TL
nt9479;TL
nt9480;TL
nt9481;TL
nt9482;TL
nt9483;TL
nt9484;TL
nt9485;TL
nt9486;TL
nt9487;TL
nt9488;TL
nt9489;TL
nt9490;TL
nt9491;TL
nt9492;TL
nt9493;TL
nt9494;TL
nt9495;TL
nt9496;TL
nt9497;TL
nt9498;TL
nt9499;TL
nt9500;TL
nt9501;TL
nt9502;TL
nt9503;TL
nt9504;TL
nt9505;TL
nt9506;TL
nt9507;TL
nt9508;TL
nt9509;TL
nt9510;TL
nt9511;TL
nt9512;TL
nt9513;TL
nt9514;TL
nt9515;TL
nt9516;TL
nt9517;TL
nt9518;TL
nt9519;TL
nt9520;TL
nt9521;TL
nt9522;TL
nt9523;TL
nt9524;TL
nt9525;TL
nt9526;TL
nt9527;TL
nt9528;TL
nt9529;TL
nt9530;TL
nt9531;TL
nt9532;TL
nt9533;TL
nt9534;TL
nt9535;TL
nt9536;TL
nt9537;TL
nt9538;TL
nt9539;TL
nt9540;TL
nt9541;TL
nt9542;TL
nt9543;TL
nt9544;TL
nt9545;TL
nt9546;TL
nt9547;TL
nt9548;TL
nt9549;TL
nt9550;TL
nt9551;TL
nt9552;TL
nt9553;TL
nt9554;TL
nt9555;TL
nt9556;TL
nt9557;TL
nt9558;TL
nt9559;TL
nt9560;TL
nt9561;TL
nt9562;TL
nt9563;TL
nt9564;TL
nt9565;TL
nt9566;TL
nt9567;TL
nt9568;TL
nt9569;TL
nt9570;TL
nt9571;TL
nt9572;TL
nt9573;TL
nt9574;TL
nt9575;TL
nt9576;TL
nt9577;TL
nt9578;TL
nt9579;TL
nt9580;TL
nt9581;TL
nt9582;TL
nt9583;TL
nt9584;TL
nt9585;TL
nt9586;TL
nt9587;TL
nt9588;TL
nt9589;TL
nt9590;TL
nt9591;TL
nt9592;TL
nt9593;TL
nt9594;TL
nt9595;TL
nt9596;TL
nt9597;TL
nt9598;TL
nt9599;TL
nt9600;TL
nt9601;TL
nt9602;TL
nt9603;TL
nt9604;TL
nt9605;TL
nt9606;TL
nt9607;TL
nt9608;TL
nt9609;TL
nt9610;TL
nt9611;TL
nt9612;TL
nt9613;TL
nt9614;TL
nt9615;TL
nt9616;TL
nt9617;TL
nt9618;TL
nt9619;TL
nt9620;TL
nt9621;TL
nt9622;TL
nt9623;TL
nt9624;TL
nt9625;TL
nt9626;TL
nt9627;TL
nt9628;TL
nt9629;TL
nt9630;TL
nt9631;TL
nt9632;TL
nt9633;TL
nt9634;TL
nt9635;TL
nt9636;TL
nt9637;TL
nt9638;TL
nt9639;TL
nt9640;TL
nt9641;TL
nt9642;TL
nt9643;TL
nt9644;TL
nt9645;TL
nt9646;TL
nt9647;TL
nt9648;TL
nt9649;TL
nt9650;TL
nt9651;TL
nt9652;TL
nt9653;TL
nt9654;TL
nt9655;TL
nt9656;TL
nt9657;TL
nt9658;TL
nt9659;TL
nt9660;TL
nt9661;TL
nt9662;TL
nt9663;TL
nt9664;TL
nt9665;TL
nt9666;TL
nt9667;TL
nt9668;TL
nt9669;TL
nt9670;TL
nt9671;TL
nt9672;TL
nt9673;TL
nt9674;TL
nt9675;TL
nt9676;TL
nt9677;TL
nt9678;TL
nt9679;TL
nt9680;TL
nt9681;TL
nt9682;TL
nt9683;TL
nt9684;TL
nt9685;TL
nt9686;TL
nt9687;TL
nt9688;TL
nt9689;TL
nt9690;TL
nt9691;TL
nt9692;TL
nt9693;TL
nt9694;TL
nt9695;TL
nt9696;TL
nt9697;TL
nt9698;TL
nt9699;TL
nt9700;TL
nt9701;TL
nt9702;TL
nt9703;TL
nt9704;TL
nt9705;TL
nt9706;TL
nt9707;TL
nt9708;TL
nt9709;TL
nt9710;TL
nt9711;TL
nt9712;TL
nt9713;TL
nt9714;TL
nt9715;TL
nt9716;TL
nt9717;TL
nt9718;TL
nt9719;TL
nt9720;TL
nt9721;TL
nt9722;TL
nt9723;TL
nt9724;TL
nt9725;TL
nt9726;TL
nt9727;TL
nt9728;TL
nt9729;TL
nt9730;TL
nt9731;TL
nt9732;TL
nt9733;TL
nt9734;TL
nt9735;TL
nt9736;TL
nt9737;TL
nt9738;TL
nt9739;TL
nt9740;TL
nt9741;TL
nt9742;TL
nt9743;TL
nt9744;TL
nt9745;TL
nt9746;TL
nt9747;TL
nt9748;TL
nt9749;TL
nt9750;TL
nt9751;TL
nt9752;TL
nt9753;TL
nt9754;TL
nt9755;TL
nt9756;TL
nt9757;TL
nt9758;TL
nt9759;TL
nt9760;TL
nt9761;TL
nt9762;TL
nt9763;TL
nt9764;TL
nt9765;TL
nt9766;TL
nt9767;TL
nt9768;TL
nt9769;TL
nt9770;TL
nt9771;TL
nt9772;TL
nt9773;TL
nt9774;TL
nt9775;TL
nt9776;TL
nt9777;TL
nt9778;TL
nt9779;TL
nt9780;TL
nt9781;TL
nt9782;TL
nt9783;TL
nt9784;TL
nt9785;TL
nt9786;TL
nt9787;TL
nt9788;TL
nt9789;TL
nt9790;TL
nt9791;TL
nt9792;TL
nt9793;TL
nt9794;TL
nt9795;TL
nt9796;TL
nt9797;TL
nt9798;TL
nt9799;TL
nt9800;TL
nt9801;TL
nt9802;TL
nt9803;TL
nt9804;TL
nt9805;TL
nt9806;TL
nt9807;TL
nt9808;TL
nt9809;TL
nt9810;TL
nt9811;TL
nt9812;TL
nt9813;TL
nt9814;TL
nt9815;TL
nt9816;TL
nt9817;TL
nt9818;TL
nt9819;TL
nt9820;TL
nt9821;TL
nt9822;TL
nt9823;TL
nt9824;TL
nt9825;TL
nt9826;TL
nt9827;TL
nt9828;TL
nt9829;TL
nt9830;TL
nt9831;TL
nt9832;TL
nt9833;TL
nt9834;TL
nt9835;TL
nt9836;TL
nt9837;TL
nt9838;TL
nt9839;TL
nt9840;TL
nt9841;TL
nt9842;TL
nt9843;TL
nt9844;TL
nt9845;TL
nt9846;TL
nt9847;TL
nt9848;TL
nt9849;TL
nt9850;TL
nt9851;TL
nt9852;TL
nt9853;TL
nt9854;TL
nt9855;TL
nt9856;TL
nt9857;TL
nt9858;TL
nt9859;TL
nt9860;TL
nt9861;TL
nt9862;TL
nt9863;TL
nt9864;TL
nt9865;TL
nt9866;TL
nt9867;TL
nt9868;TL
nt9869;TL
nt9870;TL
nt9871;TL
nt9872;TL
nt9873;TL
nt9874;TL
nt9875;TL
nt9876;TL
nt9877;TL
nt9878;TL
nt9879;TL
nt9880;TL
nt9881;TL
nt9882;TL
nt9883;TL
nt9884;TL
nt9885;TL
nt9886;TL
nt9887;TL
nt9888;TL
nt9889;TL
nt9890;TL
nt9891;TL
nt9892;TL
nt9893;TL
nt9894;TL
nt9895;TL
nt9896;TL
nt9897;TL
nt9898;TL
nt9899;TL
nt9900;TL
nt9901;TL
nt9902;TL
nt9903;TL
nt9904;TL
nt9905;TL
nt9906;TL
nt9907;TL
nt9908;TL
nt9909;TL
nt9910;TL
nt9911;TL
nt9912;TL
nt9913;TL
nt9914;TL
nt9915;TL
nt9916;TL
nt9917;TL
nt9918;TL
nt9919;TL
nt9920;TL
nt9921;TL
nt9922;TL
nt9923;TL
nt9924;TL
nt9925;TL
nt9926;TL
nt9927;TL
nt9928;TL
nt9929;TL
nt9930;TL
nt9931;TL
nt9932;TL
nt9933;TL
nt9934;TL
nt9935;TL
nt9936;TL
nt9937;TL
nt9938;TL
nt9939;TL
nt9940;TL
nt9941;TL
nt9942;TL
nt9943;TL
nt9944;TL
nt9945;TL
nt9946;TL
nt9947;TL
nt9948;TL
nt9949;TL
nt9950;TL
nt9951;TL
nt9952;TL
nt9953;TL
nt9954;TL
nt9955;TL
nt9956;TL
nt9957;TL
nt9958;TL
nt9959;TL
nt9960;TL
nt9961;TL
nt9962;TL
nt9963;TL
nt9964;TL
nt9965;TL
nt9966;TL
nt9967;TL
nt9968;TL
nt9969;TL
nt9970;TL
nt9971;TL
nt9972;TL
nt9973;TL
nt9974;TL
nt9975;TL
nt9976;TL
nt9977;TL
nt9978;TL
nt9979;TL
nt9980;TL
nt9981;TL
nt9982;TL
nt9983;TL
nt9984;TL
nt9985;TL
nt9986;TL
nt9987;TL
nt9988;TL
nt9989;TL
nt9990;TL
nt9991;TL
nt9992;TL
nt9993;TL
nt9994;TL
nt9995;TL
nt9996;TL
nt9997;TL
nt9998;TL
nt9999;TL
nt10000;TL
nt10001;TL
nt10002;TL
nt10003;TL
nt10004;TL
nt10005;TL
nt10006;TL
nt10007;TL
nt10008;TL
nt10009;TL
nt10010;TL
nt10011;TL
nt10012;TL
nt10013;TL
nt10014;TL
nt10015;TL
nt10016;TL
nt10017;TL
nt10018;TL
nt10019;TL
nt10020;TL
nt10021;TL
nt10022;TL
nt10023;TL
nt10024;TL
nt10025;TL
nt10026;TL
nt10027;TL
nt10028;TL
nt10029;TL
nt10030;TL
nt10031;TL
nt10032;TL
nt10033;TL
nt10034;TL
nt10035;TL
nt10036;TL
nt10037;TL
nt10038;TL
nt10039;TL
nt10040;TL
nt10041;TL
nt10042;TL
nt10043;TL
nt10044;TL
nt10045;TL
nt10046;TL
nt10047;TL
nt10048;TL
nt10049;TL
nt10050;TL
nt10051;TL
nt10052;TL
nt10053;TL
nt10054;TL
nt10055;TL
nt10056;TL
nt10057;TL
nt10058;TL
nt10059;TL
nt10060;TL
nt10061;TL
nt10062;TL
nt10063;TL
nt10064;TL
nt10065;TL
nt10066;TL
nt10067;TL
nt10068;TL
nt10069;TL
nt10070;TL
nt10071;TL
nt10072;TL
nt10073;TL
nt10074;TL
nt10075;TL
nt10076;TL
nt10077;TL
nt10078;TL
nt10079;TL
nt10080;TL
nt10081;TL
nt10082;TL
nt10083;TL
nt10084;TL
nt10085;TL
nt10086;TL
nt10087;TL
nt10088;TL
nt10089;TL
nt10090;TL
nt10091;TL
nt10092;TL
nt10093;TL
nt10094;TL
nt10095;TL
nt10096;TL
nt10097;TL
nt10098;TL
nt10099;TL
nt10100;TL
nt10101;TL
nt10102;TL
nt10103;TL
nt10104;TL
nt10105;TL
nt10106;TL
nt10107;TL
nt10108;TL
nt10109;TL
nt10110;TL
nt10111;TL
nt10112;TL
nt10113;TL
nt10114;TL
nt10115;TL
nt10116;TL
nt10117;TL
nt10118;TL
nt10119;TL
nt10120;TL
nt10121;TL
nt10122;TL
nt10123;TL
nt10124;TL
nt10125;TL
nt10126;TL
nt10127;TL
nt10128;TL
nt10129;TL
nt10130;TL
nt10131;TL
nt10132;TL
nt10133;TL
nt10134;TL
nt10135;TL
nt10136;TL
nt10137;TL
nt10138;TL
nt10139;TL
nt10140;TL
nt10141;TL
nt10142;TL
nt10143;TL
nt10144;TL
nt10145;TL
nt10146;TL
nt10147;TL
nt10148;TL
nt10149;TL
nt10150;TL
nt10151;TL
nt10152;TL
nt10153;TL
nt10154;TL
nt10155;TL
nt10156;TL
nt10157;TL
nt10158;TL
nt10159;TL
nt10160;TL
nt10161;TL
nt10162;TL
nt10163;TL
nt10164;TL
nt10165;TL
nt10166;TL
nt10167;TL
nt10168;TL
nt10169;TL
nt10170;TL
nt10171;TL
nt10172;TL
nt10173;TL
nt10174;TL
nt10175;TL
nt10176;TL
nt10177;TL
nt10178;TL
nt10179;TL
nt10180;TL
nt10181;TL
nt10182;TL
nt10183;TL
nt10184;TL
nt10185;TL
nt10186;TL
nt10187;TL
nt10188;TL
nt10189;TL
nt10190;TL
nt10191;TL
nt10192;TL
nt10193;TL
nt10194;TL
nt10195;TL
nt10196;TL
nt10197;TL
nt10198;TL
nt10199;TL
nt10200;TL
nt10201;TL
nt10202;TL
nt10203;TL
nt10204;TL
nt10205;TL
nt10206;TL
nt10207;TL
nt10208;TL
nt10209;TL
nt10210;TL
nt10211;TL
nt10212;TL
nt10213;TL
nt10214;TL
nt10215;
nt10216;
nt10217;
nt10218;
nt10219;
nt10220;
nt10221;
nt10222;
nt10223;
nt10224;
nt10225;
nt10226;
nt10227;
nt10228;
nt10229;
nt10230;
nt10231;
nt10232;
nt10233;
nt10234;
nt10235;
nt10236;
nt10237;
nt10238;
nt10239;
nt10240;
nt10241;
nt10242;
nt10243;
nt10244;
nt10245;
nt10246;
nt10247;
nt10248;
nt10249;
nt10250;
nt10251;
nt10252;
nt10253;
nt10254;
nt10255;
nt10256;
nt10257;
nt10258;
nt10259;
nt10260;
nt10261;
nt10262;
nt10263;
nt10264;
nt10265;
nt10266;
nt10267;
nt10268;
nt10269;
nt10270;
nt10271;
nt10272;
nt10273;
nt10274;
nt10275;
nt10276;
nt10277;
nt10278;
nt10279;
nt10280;
nt10281;
nt10282;
nt10283;
nt10284;
nt10285;
nt10286;
nt10287;
nt10288;
nt10289;
nt10290;
nt10291;
nt10292;
nt10293;
nt10294;
nt10295;
nt10296;
nt10297;
nt10298;
nt10299;
nt10300;
nt10301;
nt10302;
nt10303;
nt10304;
nt10305;
nt10306;
nt10307;
nt10308;
nt10309;
nt10310;
nt10311;
nt10312;
nt10313;
nt10314;
nt10315;
nt10316;
nt10317;
nt10318;
nt10319;
nt10320;
nt10321;
nt10322;
nt10323;
nt10324;
nt10325;
nt10326;
nt10327;
nt10328;
nt10329;
nt10330;
nt10331;
nt10332;
nt10333;
nt10334;
nt10335;
nt10336;
nt10337;
nt10338;
nt10339;
nt10340;
nt10341;
nt10342;
nt10343;
nt10344;
nt10345;
nt10346;
nt10347;
nt10348;
nt10349;
nt10350;
nt10351;
nt10352;
nt10353;
nt10354;
nt10355;
nt10356;
nt10357;
nt10358;
nt10359;
nt10360;
nt10361;
nt10362;
nt10363;
nt10364;
nt10365;
nt10366;
nt10367;
nt10368;
nt10369;
nt10370;
nt10371;
nt10372;
nt10373;
nt10374;
nt10375;
nt10376;
nt10377;
nt10378;
nt10379;
nt10380;
nt10381;
nt10382;
nt10383;
nt10384;
nt10385;
nt10386;
nt10387;
nt10388;
nt10389;
nt10390;
nt10391;
nt10392;
nt10393;
nt10394;
nt10395;
nt10396;
nt10397;
nt10398;
nt10399;
nt10400;
nt10401;
nt10402;
nt10403;
nt10404;
nt10405;
nt10406;
nt10407;
nt10408;
nt10409;
nt10410;
nt10411;
nt10412;
nt10413;
nt10414;
nt10415;
nt10416;
nt10417;
nt10418;
nt10419;
nt10420;
nt10421;
nt10422;
nt10423;
nt10424;
nt10425;
nt10426;
nt10427;
nt10428;
nt10429;
nt10430;
nt10431;
nt10432;
nt10433;
nt10434;
nt10435;
nt10436;
nt10437;
nt10438;
nt10439;
nt10440;
nt10441;
nt10442;
nt10443;
nt10444;
nt10445;
nt10446;
nt10447;
nt10448;
nt10449;
nt10450;
nt10451;
nt10452;
nt10453;
nt10454;
nt10455;
nt10456;
nt10457;
nt10458;
nt10459;
nt10460;
nt10461;
nt10462;
nt10463;
nt10464;
nt10465;
nt10466;
nt10467;
nt10468;
nt10469;
nt10470;
nt10471;
nt10472;
nt10473;
nt10474;
nt10475;
nt10476;
nt10477;
nt10478;
nt10479;
nt10480;
nt10481;
nt10482;
nt10483;
nt10484;
nt10485;
nt10486;
nt10487;
nt10488;
nt10489;
nt10490;
nt10491;
nt10492;
nt10493;
nt10494;
nt10495;
nt10496;
nt10497;
nt10498;
nt10499;
nt10500;
nt10501;
nt10502;
nt10503;
nt10504;
nt10505;
nt10506;
nt10507;
nt10508;
nt10509;
nt10510;
nt10511;
nt10512;
nt10513;
nt10514;
nt10515;
nt10516;
nt10517;
nt10518;
nt10519;
nt10520;
nt10521;
nt10522;
nt10523;
nt10524;
nt10525;
nt10526;
nt10527;
nt10528;
nt10529;
nt10530;
nt10531;
nt10532;
nt10533;
nt10534;
nt10535;
nt10536;
nt10537;
nt10538;
nt10539;
nt10540;
nt10541;
nt10542;
nt10543;
nt10544;
nt10545;
nt10546;
nt10547;
nt10548;
nt10549;
nt10550;
nt10551;
nt10552;
nt10553;
nt10554;
nt10555;
nt10556;
nt10557;
nt10558;
nt10559;
nt10560;
nt10561;
nt10562;
nt10563;
nt10564;
nt10565;
nt10566;
nt10567;
nt10568;
nt10569;
nt10570;
nt10571;
nt10572;
nt10573;
nt10574;
nt10575;
nt10576;
nt10577;
nt10578;
nt10579;
nt10580;
nt10581;
nt10582;
nt10583;
nt10584;
nt10585;
nt10586;
nt10587;
nt10588;
nt10589;
nt10590;
nt10591;
nt10592;
nt10593;
nt10594;
nt10595;
nt10596;
nt10597;
nt10598;
nt10599;
nt10600;
nt10601;
nt10602;
nt10603;
nt10604;
nt10605;
nt10606;
nt10607;
nt10608;
nt10609;
nt10610;
nt10611;
nt10612;
nt10613;
nt10614;
nt10615;
nt10616;
nt10617;
nt10618;
nt10619;
nt10620;
nt10621;
nt10622;
nt10623;
nt10624;
nt10625;
nt10626;
nt10627;
nt10628;
nt10629;
nt10630;
nt10631;
nt10632;
nt10633;
nt10634;
nt10635;
nt10636;
nt10637;
nt10638;
nt10639;
nt10640;
nt10641;
nt10642;
nt10643;
nt10644;
nt10645;
nt10646;
nt10647;
nt10648;
nt10649;
nt10650;
nt10651;
nt10652;
nt10653;
nt10654;
nt10655;
nt10656;
nt10657;
nt10658;
nt10659;
nt10660;
nt10661;
nt10662;
nt10663;
nt10664;
nt10665;
nt10666;
nt10667;
nt10668;
nt10669;
nt10670;
nt10671;
nt10672;
nt10673;
nt10674;
nt10675;
nt10676;
nt10677;
nt10678;
nt10679;
nt10680;
nt10681;
nt10682;
nt10683;
nt10684;
nt10685;
nt10686;
nt10687;
nt10688;
nt10689;
nt10690;
nt10691;
nt10692;
nt10693;
nt10694;
nt10695;
nt10696;
nt10697;
nt10698;
nt10699;
nt10700;
nt10701;
nt10702;
nt10703;
nt10704;
nt10705;
nt10706;
nt10707;
nt10708;
nt10709;
nt10710;
nt10711;
nt10712;
nt10713;
nt10714;
nt10715;
nt10716;
nt10717;
nt10718;
nt10719;
nt10720;
nt10721;
nt10722;
nt10723;
nt10724;
nt10725;
nt10726;
nt10727;
nt10728;
nt10729;
nt10730;
nt10731;
nt10732;
nt10733;
nt10734;
nt10735;
nt10736;
nt10737;
nt10738;
nt10739;
nt10740;
nt10741;
nt10742;
nt10743;
nt10744;
nt10745;
nt10746;
nt10747;
nt10748;
nt10749;
nt10750;
nt10751;
nt10752;
nt10753;
nt10754;
nt10755;
nt10756;
nt10757;
nt10758;
nt10759;
nt10760;
nt10761;
nt10762;
nt10763;
nt10764;
nt10765;
nt10766;
nt10767;
nt10768;
nt10769;
nt10770;
nt10771;
nt10772;
nt10773;
nt10774;
nt10775;
nt10776;
nt10777;
nt10778;
nt10779;
nt10780;
nt10781;
nt10782;
nt10783;
nt10784;
nt10785;
nt10786;
nt10787;
nt10788;
nt10789;
nt10790;
nt10791;
nt10792;
nt10793;
nt10794;
nt10795;
nt10796;
nt10797;
nt10798;
nt10799;
nt10800;
nt10801;
nt10802;
nt10803;
nt10804;
nt10805;
nt10806;
nt10807;
nt10808;
nt10809;
nt10810;
nt10811;
nt10812;
nt10813;
nt10814;
nt10815;
nt10816;
nt10817;
nt10818;
nt10819;
nt10820;
nt10821;
nt10822;
nt10823;
nt10824;
nt10825;
nt10826;
nt10827;
nt10828;
nt10829;
nt10830;
nt10831;
nt10832;
nt10833;
nt10834;
nt10835;
nt10836;
nt10837;
nt10838;
nt10839;
nt10840;
nt10841;
nt10842;
nt10843;
nt10844;
nt10845;
nt10846;
nt10847;
nt10848;
nt10849;
nt10850;
nt10851;
nt10852;
nt10853;
nt10854;
nt10855;
nt10856;
nt10857;
nt10858;
nt10859;
nt10860;
nt10861;
nt10862;
nt10863;
nt10864;
nt10865;
nt10866;
nt10867;
nt10868;
nt10869;
nt10870;
nt10871;
nt10872;
nt10873;
nt10874;
nt10875;
nt10876;
nt10877;
nt10878;
nt10879;
nt10880;
nt10881;
nt10882;
nt10883;
nt10884;
nt10885;
nt10886;
nt10887;
nt10888;
nt10889;
nt10890;
nt10891;
nt10892;
nt10893;
nt10894;
nt10895;
nt10896;
nt10897;
nt10898;
nt10899;
nt10900;
nt10901;
nt10902;
nt10903;
nt10904;
nt10905;
nt10906;
nt10907;
nt10908;
nt10909;
nt10910;
nt10911;
nt10912;
nt10913;
nt10914;
nt10915;
nt10916;
nt10917;
nt10918;
nt10919;
nt10920;
nt10921;
nt10922;
nt10923;
nt10924;
nt10925;
nt10926;
nt10927;
nt10928;
nt10929;
nt10930;
nt10931;
nt10932;
nt10933;
nt10934;
nt10935;
nt10936;
nt10937;
nt10938;
nt10939;
nt10940;
nt10941;
nt10942;
nt10943;
nt10944;
nt10945;
nt10946;
nt10947;
nt10948;
nt10949;
nt10950;
nt10951;
nt10952;
nt10953;
nt10954;
nt10955;
nt10956;
nt10957;
nt10958;
nt10959;
nt10960;
nt10961;
nt10962;
nt10963;
nt10964;
nt10965;
nt10966;
nt10967;
nt10968;
nt10969;
nt10970;
nt10971;
nt10972;
nt10973;
nt10974;
nt10975;
nt10976;
nt10977;
nt10978;
nt10979;
nt10980;
nt10981;
nt10982;
nt10983;
nt10984;
nt10985;
nt10986;
nt10987;
nt10988;
nt10989;
nt10990;
nt10991;
nt10992;
nt10993;
nt10994;
nt10995;
nt10996;
nt10997;
nt10998;
nt10999;
nt11000;
nt11001;
nt11002;
nt11003;
nt11004;
nt11005;
nt11006;
nt11007;
nt11008;
nt11009;
nt11010;
nt11011;
nt11012;
nt11013;
nt11014;
nt11015;
nt11016;
nt11017;
nt11018;
nt11019;
nt11020;
nt11021;
nt11022;
nt11023;
nt11024;
nt11025;
nt11026;
nt11027;
nt11028;
nt11029;
nt11030;
nt11031;
nt11032;
nt11033;
nt11034;
nt11035;
nt11036;
nt11037;
nt11038;
nt11039;
nt11040;
nt11041;
nt11042;
nt11043;
nt11044;
nt11045;
nt11046;
nt11047;
nt11048;
nt11049;
nt11050;
nt11051;
nt11052;
nt11053;
nt11054;
nt11055;
nt11056;
nt11057;
nt11058;
nt11059;
nt11060;
nt11061;
nt11062;
nt11063;
nt11064;
nt11065;
nt11066;
nt11067;
nt11068;
nt11069;
nt11070;
nt11071;
nt11072;
nt11073;
nt11074;
nt11075;
nt11076;
nt11077;
nt11078;
nt11079;
nt11080;
nt11081;
nt11082;
nt11083;
nt11084;
nt11085;
nt11086;
nt11087;
nt11088;
nt11089;
nt11090;
nt11091;
nt11092;
nt11093;
nt11094;
nt11095;
nt11096;
nt11097;
nt11098;
nt11099;
nt11100;
nt11101;
nt11102;
nt11103;
nt11104;
nt11105;
nt11106;
nt11107;
nt11108;
nt11109;
nt11110;
nt11111;
nt11112;
nt11113;
nt11114;
nt11115;
nt11116;
nt11117;
nt11118;
nt11119;
nt11120;
nt11121;
nt11122;
nt11123;
nt11124;
nt11125;
nt11126;
nt11127;
nt11128;
nt11129;
nt11130;
nt11131;
nt11132;
nt11133;
nt11134;
nt11135;
nt11136;
nt11137;
nt11138;
nt11139;
nt11140;
nt11141;
nt11142;
nt11143;
nt11144;
nt11145;
nt11146;
nt11147;
nt11148;
nt11149;
nt11150;
nt11151;
nt11152;
nt11153;
nt11154;
nt11155;
nt11156;
nt11157;
nt11158;
nt11159;
nt11160;
nt11161;
nt11162;
nt11163;
nt11164;
nt11165;
nt11166;
nt11167;
nt11168;
nt11169;
nt11170;
nt11171;
nt11172;
nt11173;
nt11174;
nt11175;
nt11176;
nt11177;
nt11178;
nt11179;
nt11180;
nt11181;
nt11182;
nt11183;
nt11184;
nt11185;
nt11186;
nt11187;
nt11188;
nt11189;
nt11190;
nt11191;
nt11192;
nt11193;
nt11194;
nt11195;
nt11196;
nt11197;
nt11198;
nt11199;
nt11200;
nt11201;
nt11202;
nt11203;
nt11204;
nt11205;
nt11206;
nt11207;
nt11208;
nt11209;
nt11210;
nt11211;
nt11212;
nt11213;
nt11214;
nt11215;
nt11216;
nt11217;
nt11218;
nt11219;
nt11220;
nt11221;
nt11222;
nt11223;
nt11224;
nt11225;
nt11226;
nt11227;
nt11228;
nt11229;
nt11230;
nt11231;
nt11232;
nt11233;
nt11234;
nt11235;
nt11236;
nt11237;
nt11238;
nt11239;
nt11240;
nt11241;
nt11242;
nt11243;
nt11244;
nt11245;
nt11246;
nt11247;
nt11248;
nt11249;
nt11250;
nt11251;
nt11252;
nt11253;
nt11254;
nt11255;
nt11256;
nt11257;
nt11258;
nt11259;
nt11260;
nt11261;
nt11262;
nt11263;
nt11264;
nt11265;
nt11266;
nt11267;
nt11268;
nt11269;
nt11270;
nt11271;
nt11272;
nt11273;
nt11274;
nt11275;
nt11276;
nt11277;
nt11278;
nt11279;
nt11280;
nt11281;
nt11282;
nt11283;
nt11284;
nt11285;
nt11286;
nt11287;
nt11288;
nt11289;
nt11290;
nt11291;
nt11292;
nt11293;
nt11294;
nt11295;
nt11296;
nt11297;
nt11298;
nt11299;
nt11300;
nt11301;
nt11302;
nt11303;
nt11304;
nt11305;
nt11306;
nt11307;
nt11308;
nt11309;
nt11310;
nt11311;
nt11312;
nt11313;
nt11314;
nt11315;
nt11316;
nt11317;
nt11318;
nt11319;
nt11320;
nt11321;
nt11322;
nt11323;
nt11324;
nt11325;
nt11326;
nt11327;
nt11328;
nt11329;
nt11330;
nt11331;
nt11332;
nt11333;
nt11334;
nt11335;
nt11336;
nt11337;
nt11338;
nt11339;
nt11340;
nt11341;
nt11342;
nt11343;
nt11344;
nt11345;
nt11346;
nt11347;
nt11348;
nt11349;
nt11350;
nt11351;
nt11352;
nt11353;
nt11354;
nt11355;
nt11356;
nt11357;
nt11358;
nt11359;
nt11360;
nt11361;
nt11362;
nt11363;
nt11364;
nt11365;
nt11366;
nt11367;
nt11368;
nt11369;
nt11370;
nt11371;
nt11372;
nt11373;
nt11374;
nt11375;
nt11376;
nt11377;
nt11378;
nt11379;
nt11380;
nt11381;
nt11382;
nt11383;
nt11384;
nt11385;
nt11386;
nt11387;
nt11388;
nt11389;
nt11390;
nt11391;
nt11392;
nt11393;
nt11394;
nt11395;
nt11396;
nt11397;
nt11398;
nt11399;
nt11400;
nt11401;
nt11402;
nt11403;
nt11404;
nt11405;
nt11406;
nt11407;
nt11408;
nt11409;
nt11410;
nt11411;
nt11412;
nt11413;
nt11414;
nt11415;
nt11416;
nt11417;
nt11418;
nt11419;
nt11420;
nt11421;
nt11422;
nt11423;
nt11424;
nt11425;
nt11426;
nt11427;
nt11428;
nt11429;
nt11430;
nt11431;
nt11432;
nt11433;
nt11434;
nt11435;
nt11436;
nt11437;
nt11438;
nt11439;
nt11440;
nt11441;
nt11442;
nt11443;
nt11444;
nt11445;
nt11446;
nt11447;
nt11448;
nt11449;
nt11450;
nt11451;
nt11452;
nt11453;
nt11454;
nt11455;
nt11456;
nt11457;
nt11458;
nt11459;
nt11460;
nt11461;
nt11462;
nt11463;
nt11464;
nt11465;
nt11466;
nt11467;
nt11468;
nt11469;
nt11470;
nt11471;
nt11472;
nt11473;
nt11474;
nt11475;
nt11476;
nt11477;
nt11478;
nt11479;
nt11480;
nt11481;
nt11482;
nt11483;
nt11484;
nt11485;
nt11486;
nt11487;
nt11488;
nt11489;
nt11490;
nt11491;
nt11492;
nt11493;
nt11494;
nt11495;
nt11496;
nt11497;
nt11498;
nt11499;
nt11500;
nt11501;
nt11502;
nt11503;
nt11504;
nt11505;
nt11506;
nt11507;
nt11508;
nt11509;
nt11510;
nt11511;
nt11512;
nt11513;
nt11514;
nt11515;
nt11516;
nt11517;
nt11518;
nt11519;
nt11520;
nt11521;
nt11522;
nt11523;
nt11524;
nt11525;
nt11526;
nt11527;
nt11528;
nt11529;
nt11530;
nt11531;
nt11532;
nt11533;
nt11534;
nt11535;
nt11536;
nt11537;
nt11538;
nt11539;
nt11540;
nt11541;
nt11542;
nt11543;
nt11544;
nt11545;
nt11546;
nt11547;
nt11548;
nt11549;
nt11550;
nt11551;
nt11552;
nt11553;
nt11554;
nt11555;
nt11556;
nt11557;
nt11558;
nt11559;
nt11560;
nt11561;
nt11562;
nt11563;
nt11564;
nt11565;
nt11566;
nt11567;
nt11568;
nt11569;
nt11570;
nt11571;
nt11572;
nt11573;
nt11574;
nt11575;
nt11576;
nt11577;
nt11578;
nt11579;
nt11580;
nt11581;
nt11582;
nt11583;
nt11584;
nt11585;
nt11586;
nt11587;
nt11588;
nt11589;
nt11590;
nt11591;
nt11592;
nt11593;
nt11594;
nt11595;
nt11596;
nt11597;
nt11598;
nt11599;
nt11600;
nt11601;
nt11602;
nt11603;
nt11604;
nt11605;
nt11606;
nt11607;
nt11608;
nt11609;
nt11610;
nt11611;
nt11612;
nt11613;
nt11614;
nt11615;
nt11616;
nt11617;
nt11618;
nt11619;
nt11620;
nt11621;
nt11622;
nt11623;
nt11624;
nt11625;
nt11626;
nt11627;
nt11628;
nt11629;
nt11630;
nt11631;
nt11632;
nt11633;
nt11634;
nt11635;
nt11636;
nt11637;
nt11638;
nt11639;
nt11640;
nt11641;
nt11642;
nt11643;
nt11644;
nt11645;
nt11646;
nt11647;
nt11648;
nt11649;
nt11650;
nt11651;
nt11652;
nt11653;
nt11654;
nt11655;
nt11656;
nt11657;
nt11658;
nt11659;
nt11660;
nt11661;
nt11662;
nt11663;
nt11664;
nt11665;
nt11666;
nt11667;
nt11668;
nt11669;
nt11670;
nt11671;
nt11672;
nt11673;
nt11674;
nt11675;
nt11676;
nt11677;
nt11678;
nt11679;
nt11680;
nt11681;
nt11682;
nt11683;
nt11684;
nt11685;
nt11686;
nt11687;
nt11688;
nt11689;
nt11690;
nt11691;
nt11692;
nt11693;
nt11694;
nt11695;
nt11696;
nt11697;
nt11698;
nt11699;
nt11700;
nt11701;
nt11702;
nt11703;
nt11704;
nt11705;
nt11706;
nt11707;
nt11708;
nt11709;
nt11710;
nt11711;
nt11712;
nt11713;
nt11714;
nt11715;
nt11716;
nt11717;
nt11718;
nt11719;
nt11720;
nt11721;
nt11722;
nt11723;
nt11724;
nt11725;
nt11726;
nt11727;
nt11728;
nt11729;
nt11730;
nt11731;
nt11732;
nt11733;
nt11734;
nt11735;
nt11736;
nt11737;
nt11738;
nt11739;
nt11740;
nt11741;
nt11742;
nt11743;
nt11744;
nt11745;
nt11746;
nt11747;
nt11748;
nt11749;
nt11750;
nt11751;
nt11752;
nt11753;
nt11754;
nt11755;
nt11756;
nt11757;
nt11758;
nt11759;
nt11760;
nt11761;
nt11762;
nt11763;
nt11764;
nt11765;
nt11766;
nt11767;
nt11768;
nt11769;
nt11770;
nt11771;
nt11772;
nt11773;
nt11774;
nt11775;
nt11776;
nt11777;
nt11778;
nt11779;
nt11780;
nt11781;
nt11782;
nt11783;
nt11784;
nt11785;
nt11786;
nt11787;
nt11788;
nt11789;
nt11790;
nt11791;
nt11792;
nt11793;
nt11794;
nt11795;
nt11796;
nt11797;
nt11798;
nt11799;
nt11800;
nt11801;
nt11802;
nt11803;
nt11804;
nt11805;
nt11806;
nt11807;
nt11808;
nt11809;
nt11810;
nt11811;
nt11812;
nt11813;
nt11814;
nt11815;
nt11816;
nt11817;
nt11818;
nt11819;
nt11820;
nt11821;
nt11822;
nt11823;
nt11824;
nt11825;
nt11826;
nt11827;
nt11828;
nt11829;
nt11830;
nt11831;
nt11832;
nt11833;
nt11834;
nt11835;
nt11836;
nt11837;
nt11838;
nt11839;
nt11840;
nt11841;
nt11842;
nt11843;
nt11844;
nt11845;
nt11846;
nt11847;
nt11848;
nt11849;
nt11850;
nt11851;
nt11852;
nt11853;
nt11854;
nt11855;
nt11856;
nt11857;
nt11858;
nt11859;
nt11860;
nt11861;
nt11862;
nt11863;
nt11864;
nt11865;
nt11866;
nt11867;
nt11868;
nt11869;
nt11870;
nt11871;
nt11872;
nt11873;
nt11874;
nt11875;
nt11876;
nt11877;
nt11878;
nt11879;
nt11880;
nt11881;
nt11882;
nt11883;
nt11884;
nt11885;
nt11886;
nt11887;
nt11888;
nt11889;
nt11890;
nt11891;
nt11892;
nt11893;
nt11894;
nt11895;
nt11896;
nt11897;
nt11898;
nt11899;
nt11900;
nt11901;
nt11902;
nt11903;
nt11904;
nt11905;
nt11906;
nt11907;
nt11908;
nt11909;
nt11910;
nt11911;
nt11912;
nt11913;
nt11914;
nt11915;
nt11916;
nt11917;
nt11918;
nt11919;
nt11920;
nt11921;
nt11922;
nt11923;
nt11924;
nt11925;
nt11926;
nt11927;
nt11928;
nt11929;
nt11930;
nt11931;
nt11932;
nt11933;
nt11934;
nt11935;
nt11936;
nt11937;
nt11938;
nt11939;
nt11940;
nt11941;
nt11942;
nt11943;
nt11944;
nt11945;
nt11946;
nt11947;
nt11948;
nt11949;
nt11950;
nt11951;
nt11952;
nt11953;
nt11954;
nt11955;
nt11956;
nt11957;
nt11958;
nt11959;
nt11960;
nt11961;
nt11962;
nt11963;
nt11964;
nt11965;
nt11966;
nt11967;
nt11968;
nt11969;
nt11970;
nt11971;
nt11972;
nt11973;
nt11974;
nt11975;
nt11976;
nt11977;
nt11978;
nt11979;
nt11980;
nt11981;
nt11982;
nt11983;
nt11984;
nt11985;
nt11986;
nt11987;
nt11988;
nt11989;
nt11990;
nt11991;
nt11992;
nt11993;
nt11994;
nt11995;
nt11996;
nt11997;
nt11998;
nt11999;
nt12000;
nt12001;
nt12002;
nt12003;
nt12004;
nt12005;
nt12006;
nt12007;
nt12008;
nt12009;
nt12010;
nt12011;
nt12012;
nt12013;
nt12014;
nt12015;
nt12016;
nt12017;
nt12018;
nt12019;
nt12020;
nt12021;
nt12022;
nt12023;
nt12024;
nt12025;
nt12026;
nt12027;
nt12028;
nt12029;
nt12030;
nt12031;
nt12032;
nt12033;
nt12034;
nt12035;
nt12036;
nt12037;
nt12038;
nt12039;
nt12040;
nt12041;
nt12042;
nt12043;
nt12044;
nt12045;
nt12046;
nt12047;
nt12048;
nt12049;
nt12050;
nt12051;
nt12052;
nt12053;
nt12054;
nt12055;
nt12056;
nt12057;
nt12058;
nt12059;
nt12060;
nt12061;
nt12062;
nt12063;
nt12064;
nt12065;
nt12066;
nt12067;
nt12068;
nt12069;
nt12070;
nt12071;
nt12072;
nt12073;
nt12074;
nt12075;
nt12076;
nt12077;
nt12078;
nt12079;
nt12080;
nt12081;
nt12082;
nt12083;
nt12084;
nt12085;
nt12086;
nt12087;
nt12088;
nt12089;
nt12090;
nt12091;
nt12092;
nt12093;
nt12094;
nt12095;
nt12096;
nt12097;
nt12098;
nt12099;
nt12100;
nt12101;
nt12102;
nt12103;
nt12104;
nt12105;
nt12106;
nt12107;
nt12108;
nt12109;
nt12110;
nt12111;
nt12112;
nt12113;
nt12114;
nt12115;
nt12116;
nt12117;
nt12118;
nt12119;
nt12120;
nt12121;
nt12122;
nt12123;
nt12124;
nt12125;
nt12126;
nt12127;
nt12128;
nt12129;
nt12130;
nt12131;
nt12132;
nt12133;
nt12134;
nt12135;
nt12136;
nt12137;
nt12138;
nt12139;
nt12140;
nt12141;
nt12142;
nt12143;
nt12144;
nt12145;
nt12146;
nt12147;
nt12148;
nt12149;
nt12150;
nt12151;
nt12152;
nt12153;
nt12154;
nt12155;
nt12156;
nt12157;
nt12158;
nt12159;
nt12160;
nt12161;
nt12162;
nt12163;
nt12164;
nt12165;
nt12166;
nt12167;
nt12168;
nt12169;
nt12170;
nt12171;
nt12172;
nt12173;
nt12174;
nt12175;
nt12176;
nt12177;
nt12178;
nt12179;
nt12180;
nt12181;
nt12182;
nt12183;
nt12184;
nt12185;
nt12186;
nt12187;
nt12188;
nt12189;
nt12190;
nt12191;
nt12192;
nt12193;
nt12194;
nt12195;
nt12196;
nt12197;
nt12198;
nt12199;
nt12200;
nt12201;
nt12202;
nt12203;
nt12204;
nt12205;
nt12206;
nt12207;
nt12208;
nt12209;
nt12210;
nt12211;
nt12212;
nt12213;
nt12214;
nt12215;
nt12216;
nt12217;
nt12218;
nt12219;
nt12220;
nt12221;
nt12222;
nt12223;
nt12224;
nt12225;
nt12226;
nt12227;
nt12228;
nt12229;
nt12230;
nt12231;
nt12232;
nt12233;
nt12234;
nt12235;
nt12236;
nt12237;
nt12238;
nt12239;
nt12240;
nt12241;
nt12242;
nt12243;
nt12244;
nt12245;
nt12246;
nt12247;
nt12248;
nt12249;
nt12250;
nt12251;
nt12252;
nt12253;
nt12254;
nt12255;
nt12256;
nt12257;
nt12258;
nt12259;
nt12260;
nt12261;
nt12262;
nt12263;
nt12264;
nt12265;
nt12266;
nt12267;
nt12268;
nt12269;
nt12270;
nt12271;
nt12272;
nt12273;
nt12274;
nt12275;
nt12276;
nt12277;
nt12278;
nt12279;
nt12280;
nt12281;
nt12282;
nt12283;
nt12284;
nt12285;
nt12286;
nt12287;
nt12288;
nt12289;
nt12290;
nt12291;
nt12292;
nt12293;
nt12294;
nt12295;
nt12296;
nt12297;
nt12298;
nt12299;
nt12300;
nt12301;
nt12302;
nt12303;
nt12304;
nt12305;
nt12306;
nt12307;
nt12308;
nt12309;
nt12310;
nt12311;
nt12312;
nt12313;
nt12314;
nt12315;
nt12316;
nt12317;
nt12318;
nt12319;
nt12320;
nt12321;
nt12322;
nt12323;
nt12324;
nt12325;
nt12326;
nt12327;
nt12328;
nt12329;
nt12330;
nt12331;
nt12332;
nt12333;
nt12334;
nt12335;
nt12336;
nt12337;
nt12338;
nt12339;
nt12340;
nt12341;
nt12342;
nt12343;
nt12344;
nt12345;
nt12346;
nt12347;
nt12348;
nt12349;
nt12350;
nt12351;
nt12352;
nt12353;
nt12354;
nt12355;
nt12356;
nt12357;
nt12358;
nt12359;
nt12360;
nt12361;
nt12362;
nt12363;
nt12364;
nt12365;
nt12366;
nt12367;
nt12368;
nt12369;
nt12370;
nt12371;
nt12372;
nt12373;
nt12374;
nt12375;
nt12376;
nt12377;
nt12378;
nt12379;
nt12380;
nt12381;
nt12382;
nt12383;
nt12384;
nt12385;
nt12386;
nt12387;
nt12388;
nt12389;
nt12390;
nt12391;
nt12392;
nt12393;
nt12394;
nt12395;
nt12396;
nt12397;
nt12398;
nt12399;
nt12400;
nt12401;
nt12402;
nt12403;
nt12404;
nt12405;
nt12406;
nt12407;
nt12408;
nt12409;
nt12410;
nt12411;
nt12412;
nt12413;
nt12414;
nt12415;
nt12416;
nt12417;
nt12418;
nt12419;
nt12420;
nt12421;
nt12422;
nt12423;
nt12424;
nt12425;
nt12426;
nt12427;
nt12428;
nt12429;
nt12430;
nt12431;
nt12432;
nt12433;
nt12434;
nt12435;
nt12436;
nt12437;
nt12438;
nt12439;
nt12440;
nt12441;
nt12442;
nt12443;
nt12444;
nt12445;
nt12446;
nt12447;
nt12448;
nt12449;
nt12450;
nt12451;
nt12452;
nt12453;
nt12454;
nt12455;
nt12456;
nt12457;
nt12458;
nt12459;
nt12460;
nt12461;
nt12462;
nt12463;
nt12464;
nt12465;
nt12466;
nt12467;
nt12468;
nt12469;
nt12470;
nt12471;
nt12472;
nt12473;
nt12474;
nt12475;
nt12476;
nt12477;
nt12478;
nt12479;
nt12480;
nt12481;
nt12482;
nt12483;
nt12484;
nt12485;
nt12486;
nt12487;
nt12488;
nt12489;
nt12490;
nt12491;
nt12492;
nt12493;
nt12494;
nt12495;
nt12496;
nt12497;
nt12498;
nt12499;
nt12500;
nt12501;
nt12502;
nt12503;
nt12504;
nt12505;
nt12506;
nt12507;
nt12508;
nt12509;
nt12510;
nt12511;
nt12512;
nt12513;
nt12514;
nt12515;
nt12516;
nt12517;
nt12518;
nt12519;
nt12520;
nt12521;
nt12522;
nt12523;
nt12524;
nt12525;
nt12526;
nt12527;
nt12528;
nt12529;
nt12530;
nt12531;
nt12532;
nt12533;
nt12534;
nt12535;
nt12536;
nt12537;
nt12538;
nt12539;
nt12540;
nt12541;
nt12542;
nt12543;
nt12544;
nt12545;
nt12546;
nt12547;
nt12548;
nt12549;
nt12550;
nt12551;
nt12552;
nt12553;
nt12554;
nt12555;
nt12556;
nt12557;
nt12558;
nt12559;
nt12560;
nt12561;
nt12562;
nt12563;
nt12564;
nt12565;
nt12566;
nt12567;
nt12568;
nt12569;
nt12570;
nt12571;
nt12572;
nt12573;
nt12574;
nt12575;
nt12576;
nt12577;
nt12578;
nt12579;
nt12580;
nt12581;
nt12582;
nt12583;
nt12584;
nt12585;
nt12586;
nt12587;
nt12588;
nt12589;
nt12590;
nt12591;
nt12592;
nt12593;
nt12594;
nt12595;
nt12596;
nt12597;
nt12598;
nt12599;
nt12600;
nt12601;
nt12602;
nt12603;
nt12604;
nt12605;
nt12606;
nt12607;
nt12608;
nt12609;
nt12610;
nt12611;
nt12612;
nt12613;
nt12614;
nt12615;
nt12616;
nt12617;
nt12618;
nt12619;
nt12620;
nt12621;
nt12622;
nt12623;
nt12624;
nt12625;
nt12626;
nt12627;
nt12628;
nt12629;
nt12630;
nt12631;
nt12632;
nt12633;
nt12634;
nt12635;
nt12636;
nt12637;
nt12638;
nt12639;
nt12640;
nt12641;
nt12642;
nt12643;
nt12644;
nt12645;
nt12646;
nt12647;
nt12648;
nt12649;
nt12650;
nt12651;
nt12652;
nt12653;
nt12654;
nt12655;
nt12656;
nt12657;
nt12658;
nt12659;
nt12660;
nt12661;
nt12662;
nt12663;
nt12664;
nt12665;
nt12666;
nt12667;
nt12668;
nt12669;
nt12670;
nt12671;
nt12672;
nt12673;
nt12674;
nt12675;
nt12676;
nt12677;
nt12678;
nt12679;
nt12680;
nt12681;
nt12682;
nt12683;
nt12684;
nt12685;
nt12686;
nt12687;
nt12688;
nt12689;
nt12690;
nt12691;
nt12692;
nt12693;
nt12694;
nt12695;
nt12696;
nt12697;
nt12698;
nt12699;
nt12700;
nt12701;
nt12702;
nt12703;
nt12704;
nt12705;
nt12706;
nt12707;
nt12708;
nt12709;
nt12710;
nt12711;
nt12712;
nt12713;
nt12714;
nt12715;
nt12716;
nt12717;
nt12718;
nt12719;
nt12720;
nt12721;
nt12722;
nt12723;
nt12724;
nt12725;
nt12726;
nt12727;
nt12728;
nt12729;
nt12730;
nt12731;
nt12732;
nt12733;
nt12734;
nt12735;
nt12736;
nt12737;
nt12738;
nt12739;
nt12740;
nt12741;
nt12742;
nt12743;
nt12744;
nt12745;
nt12746;
nt12747;
nt12748;
nt12749;
nt12750;
nt12751;
nt12752;
nt12753;
nt12754;
nt12755;
nt12756;
nt12757;
nt12758;
nt12759;
nt12760;
nt12761;
nt12762;
nt12763;
nt12764;
nt12765;
nt12766;
nt12767;
nt12768;
nt12769;
nt12770;
nt12771;
nt12772;
nt12773;
nt12774;
nt12775;
nt12776;
nt12777;
nt12778;
nt12779;
nt12780;
nt12781;
nt12782;
nt12783;
nt12784;
nt12785;
nt12786;
nt12787;
nt12788;
nt12789;
nt12790;
nt12791;
nt12792;
nt12793;
nt12794;
nt12795;
nt12796;
nt12797;
nt12798;
nt12799;
nt12800;
nt12801;
nt12802;
nt12803;
nt12804;
nt12805;
nt12806;
nt12807;
nt12808;
nt12809;
nt12810;
nt12811;
nt12812;
nt12813;
nt12814;
nt12815;
nt12816;
nt12817;
nt12818;
nt12819;
nt12820;
nt12821;
nt12822;
nt12823;
nt12824;
nt12825;
nt12826;
nt12827;
nt12828;
nt12829;
nt12830;
nt12831;
nt12832;
nt12833;
nt12834;
nt12835;
nt12836;
nt12837;
nt12838;
nt12839;
nt12840;
nt12841;
nt12842;
nt12843;
nt12844;
nt12845;
nt12846;
nt12847;
nt12848;
nt12849;
nt12850;
nt12851;
nt12852;
nt12853;
nt12854;
nt12855;
nt12856;
nt12857;
nt12858;
nt12859;
nt12860;
nt12861;
nt12862;
nt12863;
nt12864;
nt12865;
nt12866;
nt12867;
nt12868;
nt12869;
nt12870;
nt12871;
nt12872;
nt12873;
nt12874;
nt12875;
nt12876;
nt12877;
nt12878;
nt12879;
nt12880;
nt12881;
nt12882;
nt12883;
nt12884;
nt12885;
nt12886;
nt12887;
nt12888;
nt12889;
nt12890;
nt12891;
nt12892;
nt12893;
nt12894;
nt12895;
nt12896;
nt12897;
nt12898;
nt12899;
nt12900;
nt12901;
nt12902;
nt12903;
nt12904;
nt12905;
nt12906;
nt12907;
nt12908;
nt12909;
nt12910;
nt12911;
nt12912;
nt12913;
nt12914;
nt12915;
nt12916;
nt12917;
nt12918;
nt12919;
nt12920;
nt12921;
nt12922;
nt12923;
nt12924;
nt12925;
nt12926;
nt12927;
nt12928;
nt12929;
nt12930;
nt12931;
nt12932;
nt12933;
nt12934;
nt12935;
nt12936;
nt12937;
nt12938;
nt12939;
nt12940;
nt12941;
nt12942;
nt12943;
nt12944;
nt12945;
nt12946;
nt12947;
nt12948;
nt12949;
nt12950;
nt12951;
nt12952;
nt12953;
nt12954;
nt12955;
nt12956;
nt12957;
nt12958;
nt12959;
nt12960;
nt12961;
nt12962;
nt12963;
nt12964;
nt12965;
nt12966;
nt12967;
nt12968;
nt12969;
nt12970;
nt12971;
nt12972;
nt12973;
nt12974;
nt12975;
nt12976;
nt12977;
nt12978;
nt12979;
nt12980;
nt12981;
nt12982;
nt12983;
nt12984;
nt12985;
nt12986;
nt12987;
nt12988;
nt12989;
nt12990;
nt12991;
nt12992;
nt12993;
nt12994;
nt12995;
nt12996;
nt12997;
nt12998;
nt12999;
nt13000;
nt13001;
nt13002;
nt13003;
nt13004;
nt13005;
nt13006;
nt13007;
nt13008;
nt13009;
nt13010;
nt13011;
nt13012;
nt13013;
nt13014;
nt13015;
nt13016;
nt13017;
nt13018;
nt13019;
nt13020;
nt13021;
nt13022;
nt13023;
nt13024;
nt13025;
nt13026;
nt13027;
nt13028;
nt13029;
nt13030;
nt13031;
nt13032;
nt13033;
nt13034;
nt13035;
nt13036;
nt13037;
nt13038;
nt13039;
nt13040;
nt13041;
nt13042;
nt13043;
nt13044;
nt13045;
nt13046;
nt13047;
nt13048;
nt13049;
nt13050;
nt13051;
nt13052;
nt13053;
nt13054;
nt13055;
nt13056;
nt13057;
nt13058;
nt13059;
nt13060;
nt13061;
nt13062;
nt13063;
nt13064;
nt13065;
nt13066;
nt13067;
nt13068;
nt13069;
nt13070;
nt13071;
nt13072;
nt13073;
nt13074;
nt13075;
nt13076;
nt13077;
nt13078;
nt13079;
nt13080;
nt13081;
nt13082;
nt13083;
nt13084;
nt13085;
nt13086;
nt13087;
nt13088;
nt13089;
nt13090;
nt13091;
nt13092;
nt13093;
nt13094;
nt13095;
nt13096;
nt13097;
nt13098;
nt13099;
nt13100;
nt13101;
nt13102;
nt13103;
nt13104;
nt13105;
nt13106;
nt13107;
nt13108;
nt13109;
nt13110;
nt13111;
nt13112;
nt13113;
nt13114;
nt13115;
nt13116;
nt13117;
nt13118;
nt13119;
nt13120;
nt13121;
nt13122;
nt13123;
nt13124;
nt13125;
nt13126;
nt13127;
nt13128;
nt13129;
nt13130;
nt13131;
nt13132;
nt13133;
nt13134;
nt13135;
nt13136;
nt13137;
nt13138;
nt13139;
nt13140;
nt13141;
nt13142;
nt13143;
nt13144;
nt13145;
nt13146;
nt13147;
nt13148;
nt13149;
nt13150;
nt13151;
nt13152;
nt13153;
nt13154;
nt13155;
nt13156;
nt13157;
nt13158;
nt13159;
nt13160;
nt13161;
nt13162;
nt13163;
nt13164;
nt13165;
nt13166;
nt13167;
nt13168;
nt13169;
nt13170;
nt13171;
nt13172;
nt13173;
nt13174;
nt13175;
nt13176;
nt13177;
nt13178;
nt13179;
nt13180;
nt13181;
nt13182;
nt13183;
nt13184;
nt13185;
nt13186;
nt13187;
nt13188;
nt13189;
nt13190;
nt13191;
nt13192;
nt13193;
nt13194;
nt13195;
nt13196;
nt13197;
nt13198;
nt13199;
nt13200;
nt13201;
nt13202;
nt13203;
nt13204;
nt13205;
nt13206;
nt13207;
nt13208;
nt13209;
nt13210;
nt13211;
nt13212;
nt13213;
nt13214;
nt13215;
nt13216;
nt13217;
nt13218;
nt13219;
nt13220;
nt13221;
nt13222;
nt13223;
nt13224;
nt13225;
nt13226;
nt13227;
nt13228;
nt13229;
nt13230;
nt13231;
nt13232;
nt13233;
nt13234;
nt13235;
nt13236;
nt13237;
nt13238;
nt13239;
nt13240;
nt13241;
nt13242;
nt13243;
nt13244;
nt13245;
nt13246;
nt13247;
nt13248;
nt13249;
nt13250;
nt13251;
nt13252;
nt13253;
nt13254;
nt13255;
nt13256;
nt13257;
nt13258;
nt13259;
nt13260;
nt13261;
nt13262;
nt13263;
nt13264;
nt13265;
nt13266;
nt13267;
nt13268;
nt13269;
nt13270;
nt13271;
nt13272;
nt13273;
nt13274;
nt13275;
nt13276;
nt13277;
nt13278;
nt13279;
nt13280;
nt13281;
nt13282;
nt13283;
nt13284;
nt13285;
nt13286;
nt13287;
nt13288;
nt13289;
nt13290;
nt13291;
nt13292;
nt13293;
nt13294;
nt13295;
nt13296;
nt13297;
nt13298;
nt13299;
nt13300;
nt13301;
nt13302;
nt13303;
nt13304;
nt13305;
nt13306;
nt13307;
nt13308;
nt13309;
nt13310;
nt13311;
nt13312;
nt13313;
nt13314;
nt13315;
nt13316;
nt13317;
nt13318;
nt13319;
nt13320;
nt13321;
nt13322;
nt13323;
nt13324;
nt13325;
nt13326;
nt13327;
nt13328;
nt13329;
nt13330;
nt13331;
nt13332;
nt13333;
nt13334;
nt13335;
nt13336;
nt13337;
nt13338;
nt13339;
nt13340;
nt13341;
nt13342;
nt13343;
nt13344;
nt13345;
nt13346;
nt13347;
nt13348;
nt13349;
nt13350;
nt13351;
nt13352;
nt13353;
nt13354;
nt13355;
nt13356;
nt13357;
nt13358;
nt13359;
nt13360;
nt13361;
nt13362;
nt13363;
nt13364;
nt13365;
nt13366;
nt13367;
nt13368;
nt13369;
nt13370;
nt13371;
nt13372;
nt13373;
nt13374;
nt13375;
nt13376;
nt13377;
nt13378;
nt13379;
nt13380;
nt13381;
nt13382;
nt13383;
nt13384;
nt13385;
nt13386;
nt13387;
nt13388;
nt13389;
nt13390;
nt13391;
nt13392;
nt13393;
nt13394;
nt13395;
nt13396;
nt13397;
nt13398;
nt13399;
nt13400;
nt13401;
nt13402;
nt13403;
nt13404;
nt13405;
nt13406;
nt13407;
nt13408;
nt13409;
nt13410;
nt13411;
nt13412;
nt13413;
nt13414;
nt13415;
nt13416;
nt13417;
nt13418;
nt13419;
nt13420;
nt13421;
nt13422;
nt13423;
nt13424;
nt13425;
nt13426;
nt13427;
nt13428;
nt13429;
nt13430;
nt13431;
nt13432;
nt13433;
nt13434;
nt13435;
nt13436;
nt13437;
nt13438;
nt13439;
nt13440;
nt13441;
nt13442;
nt13443;
nt13444;
nt13445;
nt13446;
nt13447;
nt13448;
nt13449;
nt13450;
nt13451;
nt13452;
nt13453;
nt13454;
nt13455;
nt13456;
nt13457;
nt13458;
nt13459;
nt13460;
nt13461;
nt13462;
nt13463;
nt13464;
nt13465;
nt13466;
nt13467;
nt13468;
nt13469;
nt13470;
nt13471;
nt13472;
nt13473;
nt13474;
nt13475;
nt13476;
nt13477;
nt13478;
nt13479;
nt13480;
nt13481;
nt13482;
nt13483;
nt13484;
nt13485;
nt13486;
nt13487;
nt13488;
nt13489;
nt13490;
nt13491;
nt13492;
nt13493;
nt13494;
nt13495;
nt13496;
nt13497;
nt13498;
nt13499;
nt13500;
nt13501;
nt13502;
nt13503;
nt13504;
nt13505;
nt13506;
nt13507;
nt13508;
nt13509;
nt13510;
nt13511;
nt13512;
nt13513;
nt13514;
nt13515;
nt13516;
nt13517;
nt13518;
nt13519;
nt13520;
nt13521;
nt13522;
nt13523;
nt13524;
nt13525;
nt13526;
nt13527;
nt13528;
nt13529;
nt13530;
nt13531;
nt13532;
nt13533;
nt13534;
nt13535;
nt13536;
nt13537;
nt13538;
nt13539;
nt13540;
nt13541;
nt13542;
nt13543;
nt13544;
nt13545;
nt13546;
nt13547;
nt13548;
nt13549;
nt13550;
nt13551;
nt13552;
nt13553;
nt13554;
nt13555;
nt13556;
nt13557;
nt13558;
nt13559;
nt13560;
nt13561;
nt13562;
nt13563;
nt13564;
nt13565;
nt13566;
nt13567;
nt13568;
nt13569;
nt13570;
nt13571;
nt13572;
nt13573;
nt13574;
nt13575;
nt13576;
nt13577;
nt13578;
nt13579;
nt13580;
nt13581;
nt13582;
nt13583;
nt13584;
nt13585;
nt13586;
nt13587;
nt13588;
nt13589;
nt13590;
nt13591;
nt13592;
nt13593;
nt13594;
nt13595;
nt13596;
nt13597;
nt13598;
nt13599;
nt13600;
nt13601;
nt13602;
nt13603;
nt13604;
nt13605;
nt13606;
nt13607;
nt13608;
nt13609;
nt13610;
nt13611;
nt13612;
nt13613;
nt13614;
nt13615;
nt13616;
nt13617;
nt13618;
nt13619;
nt13620;
nt13621;
nt13622;
nt13623;
nt13624;
nt13625;
nt13626;
nt13627;
nt13628;
nt13629;
nt13630;
nt13631;
nt13632;
nt13633;
nt13634;
nt13635;
nt13636;
nt13637;
nt13638;
nt13639;
nt13640;
nt13641;
nt13642;
nt13643;
nt13644;
nt13645;
nt13646;
nt13647;
nt13648;
nt13649;
nt13650;
nt13651;
nt13652;
nt13653;
nt13654;
nt13655;
nt13656;
nt13657;
nt13658;
nt13659;
nt13660;
nt13661;
nt13662;
nt13663;
nt13664;
nt13665;
nt13666;
nt13667;
nt13668;
nt13669;
nt13670;
nt13671;
nt13672;
nt13673;
nt13674;
nt13675;
nt13676;
nt13677;
nt13678;
nt13679;
nt13680;
nt13681;
nt13682;
nt13683;
nt13684;
nt13685;
nt13686;
nt13687;
nt13688;
nt13689;
nt13690;
nt13691;
nt13692;
nt13693;
nt13694;
nt13695;
nt13696;
nt13697;
nt13698;
nt13699;
nt13700;
nt13701;
nt13702;
nt13703;
nt13704;
nt13705;
nt13706;
nt13707;
nt13708;
nt13709;
nt13710;
nt13711;
nt13712;
nt13713;
nt13714;
nt13715;
nt13716;
nt13717;
nt13718;
nt13719;
nt13720;
nt13721;
nt13722;
nt13723;
nt13724;
nt13725;
nt13726;
nt13727;
nt13728;
nt13729;
nt13730;
nt13731;
nt13732;
nt13733;
nt13734;
nt13735;
nt13736;
nt13737;
nt13738;
nt13739;
nt13740;
nt13741;
nt13742;
nt13743;
nt13744;
nt13745;
nt13746;
nt13747;
nt13748;
nt13749;
nt13750;
nt13751;
nt13752;
nt13753;
nt13754;
nt13755;
nt13756;
nt13757;
nt13758;
nt13759;
nt13760;
nt13761;
nt13762;
nt13763;
nt13764;
nt13765;
nt13766;
nt13767;
nt13768;
nt13769;
nt13770;
nt13771;
nt13772;
nt13773;
nt13774;
nt13775;
nt13776;
nt13777;
nt13778;
nt13779;
nt13780;
nt13781;
nt13782;
nt13783;
nt13784;
nt13785;
nt13786;
nt13787;
nt13788;
nt13789;
nt13790;
nt13791;
nt13792;
nt13793;
nt13794;
nt13795;
nt13796;
nt13797;
nt13798;
nt13799;
nt13800;
nt13801;
nt13802;
nt13803;
nt13804;
nt13805;
nt13806;
nt13807;
nt13808;
nt13809;
nt13810;
nt13811;
nt13812;
nt13813;
nt13814;
nt13815;
nt13816;
nt13817;
nt13818;
nt13819;
nt13820;
nt13821;
nt13822;
nt13823;
nt13824;
nt13825;
nt13826;
nt13827;
nt13828;
nt13829;
nt13830;
nt13831;
nt13832;
nt13833;
nt13834;
nt13835;
nt13836;
nt13837;
nt13838;
nt13839;
nt13840;
nt13841;
nt13842;
nt13843;
nt13844;
nt13845;
nt13846;
nt13847;
nt13848;
nt13849;
nt13850;
nt13851;
nt13852;
nt13853;
nt13854;
nt13855;
nt13856;
nt13857;
nt13858;
nt13859;
nt13860;
nt13861;
nt13862;
nt13863;
nt13864;
nt13865;
nt13866;
nt13867;
nt13868;
nt13869;
nt13870;
nt13871;
nt13872;
nt13873;
nt13874;
nt13875;
nt13876;
nt13877;
nt13878;
nt13879;
nt13880;
nt13881;
nt13882;
nt13883;
nt13884;
nt13885;
nt13886;
nt13887;
nt13888;
nt13889;
nt13890;
nt13891;
nt13892;
nt13893;
nt13894;
nt13895;
nt13896;
nt13897;
nt13898;
nt13899;
nt13900;
nt13901;
nt13902;
nt13903;
nt13904;
nt13905;
nt13906;
nt13907;
nt13908;
nt13909;
nt13910;
nt13911;
nt13912;
nt13913;
nt13914;
nt13915;
nt13916;
nt13917;
nt13918;
nt13919;
nt13920;
nt13921;
nt13922;
nt13923;
nt13924;
nt13925;
nt13926;
nt13927;
nt13928;
nt13929;
nt13930;
nt13931;
nt13932;
nt13933;
nt13934;
nt13935;
nt13936;
nt13937;
nt13938;
nt13939;
nt13940;
nt13941;
nt13942;
nt13943;
nt13944;
nt13945;
nt13946;
nt13947;
nt13948;
nt13949;
nt13950;
nt13951;
nt13952;
nt13953;
nt13954;
nt13955;
nt13956;
nt13957;
nt13958;
nt13959;
nt13960;
nt13961;
nt13962;
nt13963;
nt13964;
nt13965;
nt13966;
nt13967;
nt13968;
nt13969;
nt13970;
nt13971;
nt13972;
nt13973;
nt13974;
nt13975;
nt13976;
nt13977;
nt13978;
nt13979;
nt13980;
nt13981;
nt13982;
nt13983;
nt13984;
nt13985;
nt13986;
nt13987;
nt13988;
nt13989;
nt13990;
nt13991;
nt13992;
nt13993;
nt13994;
nt13995;
nt13996;
nt13997;
nt13998;
nt13999;
nt14000;
nt14001;
nt14002;
nt14003;
nt14004;
nt14005;
nt14006;
nt14007;
nt14008;
nt14009;
nt14010;
nt14011;
nt14012;
nt14013;
nt14014;
nt14015;
nt14016;
nt14017;
nt14018;
nt14019;
nt14020;
nt14021;
nt14022;
nt14023;
nt14024;
nt14025;
nt14026;
nt14027;
nt14028;
nt14029;
nt14030;
nt14031;
nt14032;
nt14033;
nt14034;
nt14035;
nt14036;
nt14037;
nt14038;
nt14039;
nt14040;
nt14041;
nt14042;
nt14043;
nt14044;
nt14045;
nt14046;
nt14047;
nt14048;
nt14049;
nt14050;
nt14051;
nt14052;
nt14053;
nt14054;
nt14055;
nt14056;
nt14057;
nt14058;
nt14059;
nt14060;
nt14061;
nt14062;
nt14063;
nt14064;
nt14065;
nt14066;
nt14067;
nt14068;
nt14069;
nt14070;
nt14071;
nt14072;
nt14073;
nt14074;
nt14075;
nt14076;
nt14077;
nt14078;
nt14079;
nt14080;
nt14081;
nt14082;
nt14083;
nt14084;
nt14085;
nt14086;
nt14087;
nt14088;
nt14089;
nt14090;
nt14091;
nt14092;
nt14093;
nt14094;
nt14095;
nt14096;
nt14097;
nt14098;
nt14099;
nt14100;
nt14101;
nt14102;
nt14103;
nt14104;
nt14105;
nt14106;
nt14107;
nt14108;
nt14109;
nt14110;
nt14111;
nt14112;
nt14113;
nt14114;
nt14115;
nt14116;
nt14117;
nt14118;
nt14119;
nt14120;
nt14121;
nt14122;
nt14123;
nt14124;
nt14125;
nt14126;
nt14127;
nt14128;
nt14129;
nt14130;
nt14131;
nt14132;
nt14133;
nt14134;
nt14135;
nt14136;
nt14137;
nt14138;
nt14139;
nt14140;
nt14141;
nt14142;
nt14143;
nt14144;
nt14145;
nt14146;
nt14147;
nt14148;
nt14149;
nt14150;
nt14151;
nt14152;
nt14153;
nt14154;
nt14155;
nt14156;
nt14157;
nt14158;
nt14159;
nt14160;
nt14161;
nt14162;
nt14163;
nt14164;
nt14165;
nt14166;
nt14167;
nt14168;
nt14169;
nt14170;
nt14171;
nt14172;
nt14173;
nt14174;
nt14175;
nt14176;
nt14177;
nt14178;
nt14179;
nt14180;
nt14181;
nt14182;
nt14183;
nt14184;
nt14185;
nt14186;
nt14187;
nt14188;
nt14189;
nt14190;
nt14191;
nt14192;
nt14193;
nt14194;
nt14195;
nt14196;
nt14197;
nt14198;
nt14199;
nt14200;
nt14201;
nt14202;
nt14203;
nt14204;
nt14205;
nt14206;
nt14207;
nt14208;
nt14209;
nt14210;
nt14211;
nt14212;
nt14213;
nt14214;
nt14215;
nt14216;
nt14217;
nt14218;
nt14219;
nt14220;
nt14221;
nt14222;
nt14223;
nt14224;
nt14225;
nt14226;
nt14227;
nt14228;
nt14229;
nt14230;
nt14231;
nt14232;
nt14233;
nt14234;
nt14235;
nt14236;
nt14237;
nt14238;
nt14239;
nt14240;
nt14241;
nt14242;
nt14243;
nt14244;
nt14245;
nt14246;
nt14247;
nt14248;
nt14249;
nt14250;
nt14251;
nt14252;
nt14253;
nt14254;
nt14255;
nt14256;
nt14257;
nt14258;
nt14259;
nt14260;
nt14261;
nt14262;
nt14263;
nt14264;
nt14265;
nt14266;
nt14267;
nt14268;
nt14269;
nt14270;
nt14271;
nt14272;
nt14273;
nt14274;
nt14275;
nt14276;
nt14277;
nt14278;
nt14279;
nt14280;
nt14281;
nt14282;
nt14283;
nt14284;
nt14285;
nt14286;
nt14287;
nt14288;
nt14289;
nt14290;
nt14291;
nt14292;
nt14293;
nt14294;
nt14295;
nt14296;
nt14297;
nt14298;
nt14299;
nt14300;
nt14301;
nt14302;
nt14303;
nt14304;
nt14305;
nt14306;
nt14307;
nt14308;
nt14309;
nt14310;
nt14311;
nt14312;
nt14313;
nt14314;
nt14315;
nt14316;
nt14317;
nt14318;
nt14319;
nt14320;
nt14321;
nt14322;
nt14323;
nt14324;
nt14325;
nt14326;
nt14327;
nt14328;
nt14329;
nt14330;
nt14331;
nt14332;
nt14333;
nt14334;
nt14335;
nt14336;
nt14337;
nt14338;
nt14339;
nt14340;
nt14341;
nt14342;
nt14343;
nt14344;
nt14345;
nt14346;
nt14347;
nt14348;
nt14349;
nt14350;
nt14351;
nt14352;
nt14353;
nt14354;
nt14355;
nt14356;
nt14357;
nt14358;
nt14359;
nt14360;
nt14361;
nt14362;
nt14363;
nt14364;
nt14365;
nt14366;
nt14367;
nt14368;
nt14369;
nt14370;
nt14371;
nt14372;
nt14373;
nt14374;
nt14375;
nt14376;
nt14377;
nt14378;
nt14379;
nt14380;
nt14381;
nt14382;
nt14383;
nt14384;
nt14385;
nt14386;
nt14387;
nt14388;
nt14389;
nt14390;
nt14391;
nt14392;
nt14393;
nt14394;
nt14395;
nt14396;
nt14397;
nt14398;
nt14399;
nt14400;
nt14401;
nt14402;
nt14403;
nt14404;
nt14405;
nt14406;
nt14407;
nt14408;
nt14409;
nt14410;
nt14411;
nt14412;
nt14413;
nt14414;
nt14415;
nt14416;
nt14417;
nt14418;
nt14419;
nt14420;
nt14421;
nt14422;
nt14423;
nt14424;
nt14425;
nt14426;
nt14427;
nt14428;
nt14429;
nt14430;
nt14431;
nt14432;
nt14433;
nt14434;
nt14435;
nt14436;
nt14437;
nt14438;
nt14439;
nt14440;
nt14441;
nt14442;
nt14443;
nt14444;
nt14445;
nt14446;
nt14447;
nt14448;
nt14449;
nt14450;
nt14451;
nt14452;
nt14453;
nt14454;
nt14455;
nt14456;
nt14457;
nt14458;
nt14459;
nt14460;
nt14461;
nt14462;
nt14463;
nt14464;
nt14465;
nt14466;
nt14467;
nt14468;
nt14469;
nt14470;
nt14471;
nt14472;
nt14473;
nt14474;
nt14475;
nt14476;
nt14477;
nt14478;
nt14479;
nt14480;
nt14481;
nt14482;
nt14483;
nt14484;
nt14485;
nt14486;
nt14487;
nt14488;
nt14489;
nt14490;
nt14491;
nt14492;
nt14493;
nt14494;
nt14495;
nt14496;
nt14497;
nt14498;
nt14499;
nt14500;
nt14501;
nt14502;
nt14503;
nt14504;
nt14505;
nt14506;
nt14507;
nt14508;
nt14509;
nt14510;
nt14511;
nt14512;
nt14513;
nt14514;
nt14515;
nt14516;
nt14517;
nt14518;
nt14519;
nt14520;
nt14521;
nt14522;
nt14523;
nt14524;
nt14525;
nt14526;
nt14527;
nt14528;
nt14529;
nt14530;
nt14531;
nt14532;
nt14533;
nt14534;
nt14535;
nt14536;
nt14537;
nt14538;
nt14539;
nt14540;
nt14541;
nt14542;
nt14543;
nt14544;
nt14545;
nt14546;
nt14547;
nt14548;
nt14549;
nt14550;
nt14551;
nt14552;
nt14553;
nt14554;
nt14555;
nt14556;
nt14557;
nt14558;
nt14559;
nt14560;
nt14561;
nt14562;
nt14563;
nt14564;
nt14565;
nt14566;
nt14567;
nt14568;
nt14569;
nt14570;
nt14571;
nt14572;
nt14573;
nt14574;
nt14575;
nt14576;
nt14577;
nt14578;
nt14579;
nt14580;
nt14581;
nt14582;
nt14583;
nt14584;
nt14585;
nt14586;
nt14587;
nt14588;
nt14589;
nt14590;
nt14591;
nt14592;
nt14593;
nt14594;
nt14595;
nt14596;
nt14597;
nt14598;
nt14599;
nt14600;
nt14601;
nt14602;
nt14603;
nt14604;
nt14605;
nt14606;
nt14607;
nt14608;
nt14609;
nt14610;
nt14611;
nt14612;
nt14613;
nt14614;
nt14615;
nt14616;
nt14617;
nt14618;
nt14619;
nt14620;
nt14621;
nt14622;
nt14623;
nt14624;
nt14625;
nt14626;
nt14627;
nt14628;
nt14629;
nt14630;
nt14631;
nt14632;
nt14633;
nt14634;
nt14635;
nt14636;
nt14637;
nt14638;
nt14639;
nt14640;
nt14641;
nt14642;
nt14643;
nt14644;
nt14645;
nt14646;
nt14647;
nt14648;
nt14649;
nt14650;
nt14651;
nt14652;
nt14653;
nt14654;
nt14655;
nt14656;
nt14657;
nt14658;
nt14659;
nt14660;
nt14661;
nt14662;
nt14663;
nt14664;
nt14665;
nt14666;
nt14667;
nt14668;
nt14669;
nt14670;
nt14671;
nt14672;
nt14673;
nt14674;
nt14675;
nt14676;
nt14677;
nt14678;
nt14679;
nt14680;
nt14681;
nt14682;
nt14683;
nt14684;
nt14685;
nt14686;
nt14687;
nt14688;
nt14689;
nt14690;
nt14691;
nt14692;
nt14693;
nt14694;
nt14695;
nt14696;
nt14697;
nt14698;
nt14699;
nt14700;
nt14701;
nt14702;
nt14703;
nt14704;
nt14705;
nt14706;
nt14707;
nt14708;
nt14709;
nt14710;
nt14711;
nt14712;
nt14713;
nt14714;
nt14715;
nt14716;
nt14717;
nt14718;
nt14719;
nt14720;
nt14721;
nt14722;
nt14723;
nt14724;
nt14725;
nt14726;
nt14727;
nt14728;
nt14729;
nt14730;
nt14731;
nt14732;
nt14733;
nt14734;
nt14735;
nt14736;
nt14737;
nt14738;
nt14739;
nt14740;
nt14741;
nt14742;
nt14743;
nt14744;
nt14745;
nt14746;
nt14747;
nt14748;
nt14749;
nt14750;
nt14751;
nt14752;
nt14753;
nt14754;
nt14755;
nt14756;
nt14757;
nt14758;
nt14759;
nt14760;
nt14761;
nt14762;
nt14763;
nt14764;
nt14765;
nt14766;
nt14767;
nt14768;
nt14769;
nt14770;
nt14771;
nt14772;
nt14773;
nt14774;
nt14775;
nt14776;
nt14777;
nt14778;
nt14779;
nt14780;
nt14781;
nt14782;
nt14783;
nt14784;
nt14785;
nt14786;
nt14787;
nt14788;
nt14789;
nt14790;
nt14791;
nt14792;
nt14793;
nt14794;
nt14795;
nt14796;
nt14797;
nt14798;
nt14799;
nt14800;
nt14801;
nt14802;
nt14803;
nt14804;
nt14805;
nt14806;
nt14807;
nt14808;
nt14809;
nt14810;
nt14811;
nt14812;
nt14813;
nt14814;
nt14815;
nt14816;
nt14817;
nt14818;
nt14819;
nt14820;
nt14821;
nt14822;
nt14823;
nt14824;
nt14825;
nt14826;
nt14827;
nt14828;
nt14829;
nt14830;
nt14831;
nt14832;
nt14833;
nt14834;
nt14835;
nt14836;
nt14837;
nt14838;
nt14839;
nt14840;
nt14841;
nt14842;
nt14843;
nt14844;
nt14845;
nt14846;
nt14847;
nt14848;
nt14849;
nt14850;
nt14851;
nt14852;
nt14853;
nt14854;
nt14855;
nt14856;
nt14857;
nt14858;
nt14859;
nt14860;
nt14861;
nt14862;
nt14863;
nt14864;
nt14865;
nt14866;
nt14867;
nt14868;
nt14869;
nt14870;
nt14871;
nt14872;
nt14873;
nt14874;
nt14875;
nt14876;
nt14877;
nt14878;
nt14879;
nt14880;
nt14881;
nt14882;
nt14883;
nt14884;
nt14885;
nt14886;
nt14887;
nt14888;
nt14889;
nt14890;
nt14891;
nt14892;
nt14893;
nt14894;
nt14895;
nt14896;
nt14897;
nt14898;
nt14899;
nt14900;
nt14901;
nt14902;
nt14903;
nt14904;
nt14905;
nt14906;
nt14907;
nt14908;
nt14909;
nt14910;
nt14911;
nt14912;
nt14913;
nt14914;
nt14915;
nt14916;
nt14917;
nt14918;
nt14919;
nt14920;
nt14921;
nt14922;
nt14923;
nt14924;
nt14925;
nt14926;
nt14927;
nt14928;
nt14929;
nt14930;
nt14931;
nt14932;
nt14933;
nt14934;
nt14935;
nt14936;
nt14937;
nt14938;
nt14939;
nt14940;
nt14941;
nt14942;
nt14943;
nt14944;
nt14945;
nt14946;
nt14947;
nt14948;
nt14949;
nt14950;
nt14951;
nt14952;
nt14953;
nt14954;
nt14955;
nt14956;
nt14957;
nt14958;
nt14959;
nt14960;
nt14961;
nt14962;
nt14963;
nt14964;
nt14965;
nt14966;
nt14967;
nt14968;
nt14969;
nt14970;
nt14971;
nt14972;
nt14973;
nt14974;
nt14975;
nt14976;
nt14977;
nt14978;
nt14979;
nt14980;
nt14981;
nt14982;
nt14983;
nt14984;
nt14985;
nt14986;
nt14987;
nt14988;
nt14989;
nt14990;
nt14991;
nt14992;
nt14993;
nt14994;
nt14995;
nt14996;
nt14997;
nt14998;
nt14999;
nt15000;
nt15001;
nt15002;
nt15003;
nt15004;
nt15005;
nt15006;
nt15007;
nt15008;
nt15009;
nt15010;
nt15011;
nt15012;
nt15013;
nt15014;
nt15015;
nt15016;
nt15017;
nt15018;
nt15019;
nt15020;
nt15021;
nt15022;
nt15023;
nt15024;
nt15025;
nt15026;
nt15027;
nt15028;
nt15029;
nt15030;
nt15031;
nt15032;
nt15033;
nt15034;
nt15035;
nt15036;
nt15037;
nt15038;
nt15039;
nt15040;
nt15041;
nt15042;
nt15043;
nt15044;
nt15045;
nt15046;
nt15047;
nt15048;
nt15049;
nt15050;
nt15051;
nt15052;
nt15053;
nt15054;
nt15055;
nt15056;
nt15057;
nt15058;
nt15059;
nt15060;
nt15061;
nt15062;
nt15063;
nt15064;
nt15065;
nt15066;
nt15067;
nt15068;
nt15069;
nt15070;
nt15071;
nt15072;
nt15073;
nt15074;
nt15075;
nt15076;
nt15077;
nt15078;
nt15079;
nt15080;
nt15081;
nt15082;
nt15083;
nt15084;
nt15085;
nt15086;
nt15087;
nt15088;
nt15089;
nt15090;
nt15091;
nt15092;
nt15093;
nt15094;
nt15095;
nt15096;
nt15097;
nt15098;
nt15099;
nt15100;
nt15101;
nt15102;
nt15103;
nt15104;
nt15105;
nt15106;
nt15107;
nt15108;
nt15109;
nt15110;
nt15111;
nt15112;
nt15113;
nt15114;
nt15115;
nt15116;
nt15117;
nt15118;
nt15119;
nt15120;
nt15121;
nt15122;
nt15123;
nt15124;
nt15125;
nt15126;
nt15127;
nt15128;
nt15129;
nt15130;
nt15131;
nt15132;
nt15133;
nt15134;
nt15135;
nt15136;
nt15137;
nt15138;
nt15139;
nt15140;
nt15141;
nt15142;
nt15143;
nt15144;
nt15145;
nt15146;
nt15147;
nt15148;
nt15149;
nt15150;
nt15151;
nt15152;
nt15153;
nt15154;
nt15155;
nt15156;
nt15157;
nt15158;
nt15159;
nt15160;
nt15161;
nt15162;
nt15163;
nt15164;
nt15165;
nt15166;
nt15167;
nt15168;
nt15169;
nt15170;
nt15171;
nt15172;
nt15173;
nt15174;
nt15175;
nt15176;
nt15177;
nt15178;
nt15179;
nt15180;
nt15181;
nt15182;
nt15183;
nt15184;
nt15185;
nt15186;
nt15187;
nt15188;
nt15189;
nt15190;
nt15191;
nt15192;
nt15193;
nt15194;
nt15195;
nt15196;
nt15197;
nt15198;
nt15199;
nt15200;
nt15201;
nt15202;
nt15203;
nt15204;
nt15205;
nt15206;
nt15207;
nt15208;
nt15209;
nt15210;
nt15211;
nt15212;
nt15213;
nt15214;
nt15215;
nt15216;
nt15217;
nt15218;
nt15219;
nt15220;
nt15221;
nt15222;
nt15223;
nt15224;
nt15225;
nt15226;
nt15227;
nt15228;
nt15229;
nt15230;
nt15231;
nt15232;
nt15233;
nt15234;
nt15235;
nt15236;
nt15237;
nt15238;
nt15239;
nt15240;
nt15241;
nt15242;
nt15243;
nt15244;
nt15245;
nt15246;
nt15247;
nt15248;
nt15249;
nt15250;
nt15251;
nt15252;
nt15253;
nt15254;
nt15255;
nt15256;
nt15257;
nt15258;
nt15259;
nt15260;
nt15261;
nt15262;
nt15263;
nt15264;
nt15265;
nt15266;
nt15267;
nt15268;
nt15269;
nt15270;
nt15271;
nt15272;
nt15273;
nt15274;
nt15275;
nt15276;
nt15277;
nt15278;
nt15279;
nt15280;
nt15281;
nt15282;
nt15283;
nt15284;
nt15285;
nt15286;
nt15287;
nt15288;
nt15289;
nt15290;
nt15291;
nt15292;
nt15293;
nt15294;
nt15295;
nt15296;
nt15297;
nt15298;
nt15299;
nt15300;
nt15301;
nt15302;
nt15303;
nt15304;
nt15305;
nt15306;
nt15307;
nt15308;
nt15309;
nt15310;
nt15311;
nt15312;
nt15313;
nt15314;
nt15315;
nt15316;
nt15317;
nt15318;
nt15319;
nt15320;
nt15321;
nt15322;
nt15323;
nt15324;
nt15325;
nt15326;
nt15327;
nt15328;
nt15329;
nt15330;
nt15331;
nt15332;
nt15333;
nt15334;
nt15335;
nt15336;
nt15337;
nt15338;
nt15339;
nt15340;
nt15341;
nt15342;
nt15343;
nt15344;
nt15345;
nt15346;
nt15347;
nt15348;
nt15349;
nt15350;
nt15351;
nt15352;
nt15353;
nt15354;
nt15355;
nt15356;
nt15357;
nt15358;
nt15359;
nt15360;
nt15361;
nt15362;
nt15363;
nt15364;
nt15365;
nt15366;
nt15367;
nt15368;
nt15369;
nt15370;
nt15371;
nt15372;
nt15373;
nt15374;
nt15375;
nt15376;
nt15377;
nt15378;
nt15379;
nt15380;
nt15381;
nt15382;
nt15383;
nt15384;
nt15385;
nt15386;
nt15387;
nt15388;
nt15389;
nt15390;
nt15391;
nt15392;
nt15393;
nt15394;
nt15395;
nt15396;
nt15397;
nt15398;
nt15399;
nt15400;
nt15401;
nt15402;
nt15403;
nt15404;
nt15405;
nt15406;
nt15407;
nt15408;
nt15409;
nt15410;
nt15411;
nt15412;
nt15413;
nt15414;
nt15415;
nt15416;
nt15417;
nt15418;
nt15419;
nt15420;
nt15421;
nt15422;
nt15423;
nt15424;
nt15425;
nt15426;
nt15427;
nt15428;
nt15429;
nt15430;
nt15431;
nt15432;
nt15433;
nt15434;
nt15435;
nt15436;
nt15437;
nt15438;
nt15439;
nt15440;
nt15441;
nt15442;
nt15443;
nt15444;
nt15445;
nt15446;
nt15447;
nt15448;
nt15449;
nt15450;
nt15451;
nt15452;
nt15453;
nt15454;
nt15455;
nt15456;
nt15457;
nt15458;
nt15459;
nt15460;
nt15461;
nt15462;
nt15463;
nt15464;
nt15465;
nt15466;
nt15467;
nt15468;
nt15469;
nt15470;
nt15471;
nt15472;
nt15473;
nt15474;
nt15475;
nt15476;
nt15477;
nt15478;
nt15479;
nt15480;
nt15481;
nt15482;
nt15483;
nt15484;
nt15485;
nt15486;
nt15487;
nt15488;
nt15489;
nt15490;
nt15491;
nt15492;
nt15493;
nt15494;
nt15495;
nt15496;
nt15497;
nt15498;
nt15499;
nt15500;
nt15501;
nt15502;
nt15503;
nt15504;
nt15505;
nt15506;
nt15507;
nt15508;
nt15509;
nt15510;
nt15511;
nt15512;
nt15513;
nt15514;
nt15515;
nt15516;
nt15517;
nt15518;
nt15519;
nt15520;
nt15521;
nt15522;
nt15523;
nt15524;
nt15525;
nt15526;
nt15527;
nt15528;
nt15529;
nt15530;
nt15531;
nt15532;
nt15533;
nt15534;
nt15535;
nt15536;
nt15537;
nt15538;
nt15539;
nt15540;
nt15541;
nt15542;
nt15543;
nt15544;
nt15545;
nt15546;
nt15547;
nt15548;
nt15549;
nt15550;
nt15551;
nt15552;
nt15553;
nt15554;
nt15555;
nt15556;
nt15557;
nt15558;
nt15559;
nt15560;
nt15561;
nt15562;
nt15563;
nt15564;
nt15565;
nt15566;
nt15567;
nt15568;
nt15569;
nt15570;
nt15571;
nt15572;
nt15573;
nt15574;
nt15575;
nt15576;
nt15577;
nt15578;
nt15579;
nt15580;
nt15581;
nt15582;
nt15583;
nt15584;
nt15585;
nt15586;
nt15587;
nt15588;
nt15589;
nt15590;
nt15591;
nt15592;
nt15593;
nt15594;
nt15595;
nt15596;
nt15597;
nt15598;
nt15599;
nt15600;
nt15601;
nt15602;
nt15603;
nt15604;
nt15605;
nt15606;
nt15607;
nt15608;
nt15609;
nt15610;
nt15611;
nt15612;
nt15613;
nt15614;
nt15615;
nt15616;
nt15617;
nt15618;
nt15619;
nt15620;
nt15621;
nt15622;
nt15623;
nt15624;
nt15625;
nt15626;
nt15627;
nt15628;
nt15629;
nt15630;
nt15631;
nt15632;
nt15633;
nt15634;
nt15635;
nt15636;
nt15637;
nt15638;
nt15639;
nt15640;
nt15641;
nt15642;
nt15643;
nt15644;
nt15645;
nt15646;
nt15647;
nt15648;
nt15649;
nt15650;
nt15651;
nt15652;
nt15653;
nt15654;
nt15655;
nt15656;
nt15657;
nt15658;
nt15659;
nt15660;
nt15661;
nt15662;
nt15663;
nt15664;
nt15665;
nt15666;
nt15667;
nt15668;
nt15669;
nt15670;
nt15671;
nt15672;
nt15673;
nt15674;
nt15675;
nt15676;
nt15677;
nt15678;
nt15679;
nt15680;
nt15681;
nt15682;
nt15683;
nt15684;
nt15685;
nt15686;
nt15687;
nt15688;
nt15689;
nt15690;
nt15691;
nt15692;
nt15693;
nt15694;
nt15695;
nt15696;
nt15697;
nt15698;
nt15699;
nt15700;
nt15701;
nt15702;
nt15703;
nt15704;
nt15705;
nt15706;
nt15707;
nt15708;
nt15709;
nt15710;
nt15711;
nt15712;
nt15713;
nt15714;
nt15715;
nt15716;
nt15717;
nt15718;
nt15719;
nt15720;
nt15721;
nt15722;
nt15723;
nt15724;
nt15725;
nt15726;
nt15727;
nt15728;
nt15729;
nt15730;
nt15731;
nt15732;
nt15733;
nt15734;
nt15735;
nt15736;
nt15737;
nt15738;
nt15739;
nt15740;
nt15741;
nt15742;
nt15743;
nt15744;
nt15745;
nt15746;
nt15747;
nt15748;
nt15749;
nt15750;
nt15751;
nt15752;
nt15753;
nt15754;
nt15755;
nt15756;
nt15757;
nt15758;
nt15759;
nt15760;
nt15761;
nt15762;
nt15763;
nt15764;
nt15765;
nt15766;
nt15767;
nt15768;
nt15769;
nt15770;
nt15771;
nt15772;
nt15773;
nt15774;
nt15775;
nt15776;
nt15777;
nt15778;
nt15779;
nt15780;
nt15781;
nt15782;
nt15783;
nt15784;
nt15785;
nt15786;
nt15787;
nt15788;
nt15789;
nt15790;
nt15791;
nt15792;
nt15793;
nt15794;
nt15795;
nt15796;
nt15797;
nt15798;
nt15799;
nt15800;
nt15801;
nt15802;
nt15803;
nt15804;
nt15805;
nt15806;
nt15807;
nt15808;
nt15809;
nt15810;
nt15811;
nt15812;
nt15813;
nt15814;
nt15815;
nt15816;
nt15817;
nt15818;
nt15819;
nt15820;
nt15821;
nt15822;
nt15823;
nt15824;
nt15825;
nt15826;
nt15827;
nt15828;
nt15829;
nt15830;
nt15831;
nt15832;
nt15833;
nt15834;
nt15835;
nt15836;
nt15837;
nt15838;
nt15839;
nt15840;
nt15841;
nt15842;
nt15843;
nt15844;
nt15845;
nt15846;
nt15847;
nt15848;
nt15849;
nt15850;
nt15851;
nt15852;
nt15853;
nt15854;
nt15855;
nt15856;
nt15857;
nt15858;
nt15859;
nt15860;
nt15861;
nt15862;
nt15863;
nt15864;
nt15865;
nt15866;
nt15867;
nt15868;
nt15869;
nt15870;
nt15871;
nt15872;
nt15873;
nt15874;
nt15875;
nt15876;
nt15877;
nt15878;
nt15879;
nt15880;
nt15881;
nt15882;
nt15883;
nt15884;
nt15885;
nt15886;
nt15887;
nt15888;
nt15889;
nt15890;
nt15891;
nt15892;
nt15893;
nt15894;
nt15895;
nt15896;
nt15897;
nt15898;
nt15899;
nt15900;
nt15901;
nt15902;
nt15903;
nt15904;
nt15905;
nt15906;
nt15907;
nt15908;
nt15909;
nt15910;
nt15911;
nt15912;
nt15913;
nt15914;
nt15915;
nt15916;
nt15917;
nt15918;
nt15919;
nt15920;
nt15921;
nt15922;
nt15923;
nt15924;
nt15925;
nt15926;
nt15927;
nt15928;
nt15929;
nt15930;
nt15931;
nt15932;
nt15933;
nt15934;
nt15935;
nt15936;
nt15937;
nt15938;
nt15939;
nt15940;
nt15941;
nt15942;
nt15943;
nt15944;
nt15945;
nt15946;
nt15947;
nt15948;
nt15949;
nt15950;
nt15951;
nt15952;
nt15953;
nt15954;
nt15955;
nt15956;
nt15957;
nt15958;
nt15959;
nt15960;
nt15961;
nt15962;
nt15963;
nt15964;
nt15965;
nt15966;
nt15967;
nt15968;
nt15969;
nt15970;
nt15971;
nt15972;
nt15973;
nt15974;
nt15975;
nt15976;
nt15977;
nt15978;
nt15979;
nt15980;
nt15981;
nt15982;
nt15983;
nt15984;
nt15985;
nt15986;
nt15987;
nt15988;
nt15989;
nt15990;
nt15991;
nt15992;
nt15993;
nt15994;
nt15995;
nt15996;
nt15997;
nt15998;
nt15999;
nt16000;
nt16001;
nt16002;
nt16003;
nt16004;
nt16005;
nt16006;
nt16007;
nt16008;
nt16009;
nt16010;
nt16011;
nt16012;
nt16013;
nt16014;
nt16015;
nt16016;
nt16017;
nt16018;
nt16019;
nt16020;
nt16021;
nt16022;
nt16023;
nt16024;
nt16025;
nt16026;
nt16027;
nt16028;
nt16029;
nt16030;
nt16031;
nt16032;
nt16033;
nt16034;
nt16035;
nt16036;
nt16037;
nt16038;
nt16039;
nt16040;
nt16041;
nt16042;
nt16043;
nt16044;
nt16045;
nt16046;
nt16047;
nt16048;
nt16049;
nt16050;
nt16051;
nt16052;
nt16053;
nt16054;
nt16055;
nt16056;
nt16057;
nt16058;
nt16059;
nt16060;
nt16061;
nt16062;
nt16063;
nt16064;
nt16065;
nt16066;
nt16067;
nt16068;
nt16069;
nt16070;
nt16071;
nt16072;
nt16073;
nt16074;
nt16075;
nt16076;
nt16077;
nt16078;
nt16079;
nt16080;
nt16081;
nt16082;
nt16083;
nt16084;
nt16085;
nt16086;
nt16087;
nt16088;
nt16089;
nt16090;
nt16091;
nt16092;
nt16093;
nt16094;
nt16095;
nt16096;
nt16097;
nt16098;
nt16099;
nt16100;
nt16101;
nt16102;
nt16103;
nt16104;
nt16105;
nt16106;
nt16107;
nt16108;
nt16109;
nt16110;
nt16111;
nt16112;
nt16113;
nt16114;
nt16115;
nt16116;
nt16117;
nt16118;
nt16119;
nt16120;
nt16121;
nt16122;
nt16123;
nt16124;
nt16125;
nt16126;
nt16127;
nt16128;
nt16129;
nt16130;
nt16131;
nt16132;
nt16133;
nt16134;
nt16135;
nt16136;
nt16137;
nt16138;
nt16139;
nt16140;
nt16141;
nt16142;
nt16143;
nt16144;
nt16145;
nt16146;
nt16147;
nt16148;
nt16149;
nt16150;
nt16151;
nt16152;
nt16153;
nt16154;
nt16155;
nt16156;
nt16157;
nt16158;
nt16159;
nt16160;
nt16161;
nt16162;
nt16163;
nt16164;
nt16165;
nt16166;
nt16167;
nt16168;
nt16169;
nt16170;
nt16171;
nt16172;
nt16173;
nt16174;
nt16175;
nt16176;
nt16177;
nt16178;
nt16179;
nt16180;
nt16181;
nt16182;
nt16183;
nt16184;
nt16185;
nt16186;
nt16187;
nt16188;
nt16189;
nt16190;
nt16191;
nt16192;
nt16193;
nt16194;
nt16195;
nt16196;
nt16197;
nt16198;
nt16199;
nt16200;
nt16201;
nt16202;
nt16203;
nt16204;
nt16205;
nt16206;
nt16207;
nt16208;
nt16209;
nt16210;
nt16211;
nt16212;
nt16213;
nt16214;
nt16215;
nt16216;
nt16217;
nt16218;
nt16219;
nt16220;
nt16221;
nt16222;
nt16223;
nt16224;
nt16225;
nt16226;
nt16227;
nt16228;
nt16229;
nt16230;
nt16231;
nt16232;
nt16233;
nt16234;
nt16235;
nt16236;
nt16237;
nt16238;
nt16239;
nt16240;
nt16241;
nt16242;
nt16243;
nt16244;
nt16245;
nt16246;
nt16247;
nt16248;
nt16249;
nt16250;
nt16251;
nt16252;
nt16253;
nt16254;
nt16255;
nt16256;
nt16257;
nt16258;
nt16259;
nt16260;
nt16261;
nt16262;
nt16263;
nt16264;
nt16265;
nt16266;
nt16267;
nt16268;
nt16269;
nt16270;
nt16271;
nt16272;
nt16273;
nt16274;
nt16275;
nt16276;
nt16277;
nt16278;
nt16279;
nt16280;
nt16281;
nt16282;
nt16283;
nt16284;
nt16285;
nt16286;
nt16287;
nt16288;
nt16289;
nt16290;
nt16291;
nt16292;
nt16293;
nt16294;
nt16295;
nt16296;
nt16297;
nt16298;
nt16299;
nt16300;
nt16301;
nt16302;
nt16303;
nt16304;
nt16305;
nt16306;
nt16307;
nt16308;
nt16309;
nt16310;
nt16311;
nt16312;
nt16313;
nt16314;
nt16315;
nt16316;
nt16317;
nt16318;
nt16319;
nt16320;
nt16321;
nt16322;
nt16323;
nt16324;
nt16325;
nt16326;
nt16327;
nt16328;
nt16329;
nt16330;
nt16331;
nt16332;
nt16333;
nt16334;
nt16335;
nt16336;
nt16337;
nt16338;
nt16339;
nt16340;
nt16341;
nt16342;
nt16343;
nt16344;
nt16345;
nt16346;
nt16347;
nt16348;
nt16349;
nt16350;
nt16351;
nt16352;
nt16353;
nt16354;
nt16355;
nt16356;
nt16357;
nt16358;
nt16359;
nt16360;
nt16361;
nt16362;
nt16363;
nt16364;
nt16365;
nt16366;
nt16367;
nt16368;
nt16369;
nt16370;
nt16371;
nt16372;
nt16373;
nt16374;
nt16375;
nt16376;
nt16377;
nt16378;
nt16379;
nt16380;
nt16381;
nt16382;
nt16383;
nt16384;
nt16385;
nt16386;
nt16387;
nt16388;
nt16389;
nt16390;
nt16391;
nt16392;
nt16393;
nt16394;
nt16395;
nt16396;
nt16397;
nt16398;
nt16399;
nt16400;
nt16401;
nt16402;
nt16403;
nt16404;
nt16405;
nt16406;
nt16407;
nt16408;
nt16409;
nt16410;
nt16411;
nt16412;
nt16413;
nt16414;
nt16415;
nt16416;
nt16417;
nt16418;
nt16419;
nt16420;
nt16421;
nt16422;
nt16423;
nt16424;
nt16425;
nt16426;
nt16427;
nt16428;
nt16429;
nt16430;
nt16431;
nt16432;
nt16433;
nt16434;
nt16435;
nt16436;
nt16437;
nt16438;
nt16439;
nt16440;
nt16441;
nt16442;
nt16443;
nt16444;
nt16445;
nt16446;
nt16447;
nt16448;
nt16449;
nt16450;
nt16451;
nt16452;
nt16453;
nt16454;
nt16455;
nt16456;
nt16457;
nt16458;
nt16459;
nt16460;
nt16461;
nt16462;
nt16463;
nt16464;
nt16465;
nt16466;
nt16467;
nt16468;
nt16469;
nt16470;
nt16471;
nt16472;
nt16473;
nt16474;
nt16475;
nt16476;
nt16477;
nt16478;
nt16479;
nt16480;
nt16481;
nt16482;
nt16483;
nt16484;
nt16485;
nt16486;
nt16487;
nt16488;
nt16489;
nt16490;
nt16491;
nt16492;
nt16493;
nt16494;
nt16495;
nt16496;
nt16497;
nt16498;
nt16499;
nt16500;
nt16501;
nt16502;
nt16503;
nt16504;
nt16505;
nt16506;
nt16507;
nt16508;
nt16509;
nt16510;
nt16511;
nt16512;
nt16513;
nt16514;
nt16515;
nt16516;
nt16517;
nt16518;
nt16519;
nt16520;
nt16521;
nt16522;
nt16523;
nt16524;
nt16525;
nt16526;
nt16527;
nt16528;
nt16529;
nt16530;
nt16531;
nt16532;
nt16533;
nt16534;
nt16535;
nt16536;
nt16537;
nt16538;
nt16539;
nt16540;
nt16541;
nt16542;
nt16543;
nt16544;
nt16545;
nt16546;
nt16547;
nt16548;
nt16549;
nt16550;
nt16551;
nt16552;
nt16553;
nt16554;
nt16555;
nt16556;
nt16557;
nt16558;
nt16559;
nt16560;
nt16561;
nt16562;
nt16563;
nt16564;
nt16565;
nt16566;
nt16567;
nt16568;
nt16569;
nt16570;
nt16571;
nt16572;
nt16573;
nt16574;
nt16575;
nt16576;
nt16577;
nt16578;
nt16579;
nt16580;
nt16581;
nt16582;
nt16583;
nt16584;
nt16585;
nt16586;
nt16587;
nt16588;
nt16589;
nt16590;
nt16591;
nt16592;
nt16593;
nt16594;
nt16595;
nt16596;
nt16597;
nt16598;
nt16599;
nt16600;
nt16601;
nt16602;
nt16603;
nt16604;
nt16605;
nt16606;
nt16607;
nt16608;
nt16609;
nt16610;
nt16611;
nt16612;
nt16613;
nt16614;
nt16615;
nt16616;
nt16617;
nt16618;
nt16619;
nt16620;
nt16621;
nt16622;
nt16623;
nt16624;
nt16625;
nt16626;
nt16627;
nt16628;
nt16629;
nt16630;
nt16631;
nt16632;
nt16633;
nt16634;
nt16635;
nt16636;
nt16637;
nt16638;
nt16639;
nt16640;
nt16641;
nt16642;
nt16643;
nt16644;
nt16645;
nt16646;
nt16647;
nt16648;
nt16649;
nt16650;
nt16651;
nt16652;
nt16653;
nt16654;
nt16655;
nt16656;
nt16657;
nt16658;
nt16659;
nt16660;
nt16661;
nt16662;
nt16663;
nt16664;
nt16665;
nt16666;
nt16667;
nt16668;
nt16669;
nt16670;
nt16671;
nt16672;
nt16673;
nt16674;
nt16675;
nt16676;
nt16677;
nt16678;
nt16679;
nt16680;
nt16681;
nt16682;
nt16683;
nt16684;
nt16685;
nt16686;
nt16687;
nt16688;
nt16689;
nt16690;
nt16691;
nt16692;
nt16693;
nt16694;
nt16695;
nt16696;
nt16697;
nt16698;
nt16699;
nt16700;
nt16701;
nt16702;
nt16703;
nt16704;
nt16705;
nt16706;
nt16707;
nt16708;
nt16709;
nt16710;
nt16711;
nt16712;
nt16713;
nt16714;
nt16715;
nt16716;
nt16717;
nt16718;
nt16719;
nt16720;
nt16721;
nt16722;
nt16723;
nt16724;
nt16725;
nt16726;
nt16727;
nt16728;
nt16729;
nt16730;
nt16731;
nt16732;
nt16733;
nt16734;
nt16735;
nt16736;
nt16737;
nt16738;
nt16739;
nt16740;
nt16741;
nt16742;
nt16743;
nt16744;
nt16745;
nt16746;
nt16747;
nt16748;
nt16749;
nt16750;
nt16751;
nt16752;
nt16753;
nt16754;
nt16755;
nt16756;
nt16757;
nt16758;
nt16759;
nt16760;
nt16761;
nt16762;
nt16763;
nt16764;
nt16765;
nt16766;
nt16767;
nt16768;
nt16769;
nt16770;
nt16771;
nt16772;
nt16773;
nt16774;
nt16775;
nt16776;
nt16777;
nt16778;
nt16779;
nt16780;
nt16781;
nt16782;
nt16783;
nt16784;
nt16785;
nt16786;
nt16787;
nt16788;
nt16789;
nt16790;
nt16791;
nt16792;
nt16793;
nt16794;
nt16795;
nt16796;
nt16797;
nt16798;
nt16799;
nt16800;
nt16801;
nt16802;
nt16803;
nt16804;
nt16805;
nt16806;
nt16807;
nt16808;
nt16809;
nt16810;
nt16811;
nt16812;
nt16813;
nt16814;
nt16815;
nt16816;
nt16817;
nt16818;
nt16819;
nt16820;
nt16821;
nt16822;
nt16823;
nt16824;
nt16825;
nt16826;
nt16827;
nt16828;
nt16829;
nt16830;
nt16831;
nt16832;
nt16833;
nt16834;
nt16835;
nt16836;
nt16837;
nt16838;
nt16839;
nt16840;
nt16841;
nt16842;
nt16843;
nt16844;
nt16845;
nt16846;
nt16847;
nt16848;
nt16849;
nt16850;
nt16851;
nt16852;
nt16853;
nt16854;
nt16855;
nt16856;
nt16857;
nt16858;
nt16859;
nt16860;
nt16861;
nt16862;
nt16863;
nt16864;
nt16865;
nt16866;
nt16867;
nt16868;
nt16869;
nt16870;
nt16871;
nt16872;
nt16873;
nt16874;
nt16875;
nt16876;
nt16877;
nt16878;
nt16879;
nt16880;
nt16881;
nt16882;
nt16883;
nt16884;
nt16885;
nt16886;
nt16887;
nt16888;
nt16889;
nt16890;
nt16891;
nt16892;
nt16893;
nt16894;
nt16895;
nt16896;
nt16897;
nt16898;
nt16899;
nt16900;
nt16901;
nt16902;
nt16903;
nt16904;
nt16905;
nt16906;
nt16907;
nt16908;
nt16909;
nt16910;
nt16911;
nt16912;
nt16913;
nt16914;
nt16915;
nt16916;
nt16917;
nt16918;
nt16919;
nt16920;
nt16921;
nt16922;
nt16923;
nt16924;
nt16925;
nt16926;
nt16927;
nt16928;
nt16929;
nt16930;
nt16931;
nt16932;
nt16933;
nt16934;
nt16935;
nt16936;
nt16937;
nt16938;
nt16939;
nt16940;
nt16941;
nt16942;
nt16943;
nt16944;
nt16945;
nt16946;
nt16947;
nt16948;
nt16949;
nt16950;
nt16951;
nt16952;
nt16953;
nt16954;
nt16955;
nt16956;
nt16957;
nt16958;
nt16959;
nt16960;
nt16961;
nt16962;
nt16963;
nt16964;
nt16965;
nt16966;
nt16967;
nt16968;
nt16969;
nt16970;
nt16971;
nt16972;
nt16973;
nt16974;
nt16975;
nt16976;
nt16977;
nt16978;
nt16979;
nt16980;
nt16981;
nt16982;
nt16983;
nt16984;
nt16985;
nt16986;
nt16987;
nt16988;
nt16989;
nt16990;
nt16991;
nt16992;
nt16993;
nt16994;
nt16995;
nt16996;
nt16997;
nt16998;
nt16999;
nt17000;
nt17001;
nt17002;
nt17003;
nt17004;
nt17005;
nt17006;
nt17007;
nt17008;
nt17009;
nt17010;
nt17011;
nt17012;
nt17013;
nt17014;
nt17015;
nt17016;
nt17017;
nt17018;
nt17019;
nt17020;
nt17021;
nt17022;
nt17023;
nt17024;
nt17025;
nt17026;
nt17027;
nt17028;
nt17029;
nt17030;
nt17031;
nt17032;
nt17033;
nt17034;
nt17035;
nt17036;
nt17037;
nt17038;
nt17039;
nt17040;
nt17041;
nt17042;
nt17043;
nt17044;
nt17045;
nt17046;
nt17047;
nt17048;
nt17049;
nt17050;
nt17051;
nt17052;
nt17053;
nt17054;
nt17055;
nt17056;
nt17057;
nt17058;
nt17059;
nt17060;
nt17061;
nt17062;
nt17063;
nt17064;
nt17065;
nt17066;
nt17067;
nt17068;
nt17069;
nt17070;
nt17071;
nt17072;
nt17073;
nt17074;
nt17075;
nt17076;
nt17077;
nt17078;
nt17079;
nt17080;
nt17081;
nt17082;
nt17083;
nt17084;
nt17085;
nt17086;
nt17087;
nt17088;
nt17089;
nt17090;
nt17091;
nt17092;
nt17093;
nt17094;
nt17095;
nt17096;
nt17097;
nt17098;
nt17099;
nt17100;
nt17101;
nt17102;
nt17103;
nt17104;
nt17105;
nt17106;
nt17107;
nt17108;
nt17109;
nt17110;
nt17111;
nt17112;
nt17113;
nt17114;
nt17115;
nt17116;
nt17117;
nt17118;
nt17119;
nt17120;
nt17121;
nt17122;
nt17123;
nt17124;
nt17125;
nt17126;
nt17127;
nt17128;
nt17129;
nt17130;
nt17131;
nt17132;
nt17133;
nt17134;
nt17135;
nt17136;
nt17137;
nt17138;
nt17139;
nt17140;
nt17141;
nt17142;
nt17143;
nt17144;
nt17145;
nt17146;
nt17147;
nt17148;
nt17149;
nt17150;
nt17151;
nt17152;
nt17153;
nt17154;
nt17155;
nt17156;
nt17157;
nt17158;
nt17159;
nt17160;
nt17161;
nt17162;
nt17163;
nt17164;
nt17165;
nt17166;
nt17167;
nt17168;
nt17169;
nt17170;
nt17171;
nt17172;
nt17173;
nt17174;
nt17175;
nt17176;
nt17177;
nt17178;
nt17179;
nt17180;
nt17181;
nt17182;
nt17183;
nt17184;
nt17185;
nt17186;
nt17187;
nt17188;
nt17189;
nt17190;
nt17191;
nt17192;
nt17193;
nt17194;
nt17195;
nt17196;
nt17197;
nt17198;
nt17199;
nt17200;
nt17201;
nt17202;
nt17203;
nt17204;
nt17205;
nt17206;
nt17207;
nt17208;
nt17209;
nt17210;
nt17211;
nt17212;
nt17213;
nt17214;
nt17215;
nt17216;
nt17217;
nt17218;
nt17219;
nt17220;
nt17221;
nt17222;
nt17223;
nt17224;
nt17225;
nt17226;
nt17227;
nt17228;
nt17229;
nt17230;
nt17231;
nt17232;
nt17233;
nt17234;
nt17235;
nt17236;
nt17237;
nt17238;
nt17239;
nt17240;
nt17241;
nt17242;
nt17243;
nt17244;
nt17245;
nt17246;
nt17247;
nt17248;
nt17249;
nt17250;
nt17251;
nt17252;
nt17253;
nt17254;
nt17255;
nt17256;
nt17257;
nt17258;
nt17259;
nt17260;
nt17261;
nt17262;
nt17263;
nt17264;
nt17265;
nt17266;
nt17267;
nt17268;
nt17269;
nt17270;
nt17271;
nt17272;
nt17273;
nt17274;
nt17275;
nt17276;
nt17277;
nt17278;
nt17279;
nt17280;
nt17281;
nt17282;
nt17283;
nt17284;
nt17285;
nt17286;
nt17287;
nt17288;
nt17289;
nt17290;
nt17291;
nt17292;
nt17293;
nt17294;
nt17295;
nt17296;
nt17297;
nt17298;
nt17299;
nt17300;
nt17301;
nt17302;
nt17303;
nt17304;
nt17305;
nt17306;
nt17307;
nt17308;
nt17309;
nt17310;
nt17311;
nt17312;
nt17313;
nt17314;
nt17315;
nt17316;
nt17317;
nt17318;
nt17319;
nt17320;
nt17321;
nt17322;
nt17323;
nt17324;
nt17325;
nt17326;
nt17327;
nt17328;
nt17329;
nt17330;
nt17331;
nt17332;
nt17333;
nt17334;
nt17335;
nt17336;
nt17337;
nt17338;
nt17339;
nt17340;
nt17341;
nt17342;
nt17343;
nt17344;
nt17345;
nt17346;
nt17347;
nt17348;
nt17349;
nt17350;
nt17351;
nt17352;
nt17353;
nt17354;
nt17355;
nt17356;
nt17357;
nt17358;
nt17359;
nt17360;
nt17361;
nt17362;
nt17363;
nt17364;
nt17365;
nt17366;
nt17367;
nt17368;
nt17369;
nt17370;
nt17371;
nt17372;
nt17373;
nt17374;
nt17375;
nt17376;
nt17377;
nt17378;
nt17379;
nt17380;
nt17381;
nt17382;
nt17383;
nt17384;
nt17385;
nt17386;
nt17387;
nt17388;
nt17389;
nt17390;
nt17391;
nt17392;
nt17393;
nt17394;
nt17395;
nt17396;
nt17397;
nt17398;
nt17399;
nt17400;
nt17401;
nt17402;
nt17403;
nt17404;
nt17405;
nt17406;
nt17407;
nt17408;
nt17409;
nt17410;
nt17411;
nt17412;
nt17413;
nt17414;
nt17415;
nt17416;
nt17417;
nt17418;
nt17419;
nt17420;
nt17421;
nt17422;
nt17423;
nt17424;
nt17425;
nt17426;
nt17427;
nt17428;
nt17429;
nt17430;
nt17431;
nt17432;
nt17433;
nt17434;
nt17435;
nt17436;
nt17437;
nt17438;
nt17439;
nt17440;
nt17441;
nt17442;
nt17443;
nt17444;
nt17445;
nt17446;
nt17447;
nt17448;
nt17449;
nt17450;
nt17451;
nt17452;
nt17453;
nt17454;
nt17455;
nt17456;
nt17457;
nt17458;
nt17459;
nt17460;
nt17461;
nt17462;
nt17463;
nt17464;
nt17465;
nt17466;
nt17467;
nt17468;
nt17469;
nt17470;
nt17471;
nt17472;
nt17473;
nt17474;
nt17475;
nt17476;
nt17477;
nt17478;
nt17479;
nt17480;
nt17481;
nt17482;
nt17483;
nt17484;
nt17485;
nt17486;
nt17487;
nt17488;
nt17489;
nt17490;
nt17491;
nt17492;
nt17493;
nt17494;
nt17495;
nt17496;
nt17497;
nt17498;
nt17499;
nt17500;
nt17501;
nt17502;
nt17503;
nt17504;
nt17505;
nt17506;
nt17507;
nt17508;
nt17509;
nt17510;
nt17511;
nt17512;
nt17513;
nt17514;
nt17515;
nt17516;
nt17517;
nt17518;
nt17519;
nt17520;
nt17521;
nt17522;
nt17523;
nt17524;
nt17525;
nt17526;
nt17527;
nt17528;
nt17529;
nt17530;
nt17531;
nt17532;
nt17533;
nt17534;
nt17535;
nt17536;
nt17537;
nt17538;
nt17539;
nt17540;
nt17541;
nt17542;
nt17543;
nt17544;
nt17545;
nt17546;
nt17547;
nt17548;
nt17549;
nt17550;
nt17551;
nt17552;
nt17553;
nt17554;
nt17555;
nt17556;
nt17557;
nt17558;
nt17559;
nt17560;
nt17561;
nt17562;
nt17563;
nt17564;
nt17565;
nt17566;
nt17567;
nt17568;
nt17569;
nt17570;
nt17571;
nt17572;
nt17573;
nt17574;
nt17575;
nt17576;
nt17577;
nt17578;
nt17579;
nt17580;
nt17581;
nt17582;
nt17583;
nt17584;
nt17585;
nt17586;
nt17587;
nt17588;
nt17589;
nt17590;
nt17591;
nt17592;
nt17593;
nt17594;
nt17595;
nt17596;
nt17597;
nt17598;
nt17599;
nt17600;
nt17601;
nt17602;
nt17603;
nt17604;
nt17605;
nt17606;
nt17607;
nt17608;
nt17609;
nt17610;
nt17611;
nt17612;
nt17613;
nt17614;
nt17615;
nt17616;
nt17617;
nt17618;
nt17619;
nt17620;
nt17621;
nt17622;
nt17623;
nt17624;
nt17625;
nt17626;
nt17627;
nt17628;
nt17629;
nt17630;
nt17631;
nt17632;
nt17633;
nt17634;
nt17635;
nt17636;
nt17637;
nt17638;
nt17639;
nt17640;
nt17641;
nt17642;
nt17643;
nt17644;
nt17645;
nt17646;
nt17647;
nt17648;
nt17649;
nt17650;
nt17651;
nt17652;
nt17653;
nt17654;
nt17655;
nt17656;
nt17657;
nt17658;
nt17659;
nt17660;
nt17661;
nt17662;
nt17663;
nt17664;
nt17665;
nt17666;
nt17667;
nt17668;
nt17669;
nt17670;
nt17671;
nt17672;
nt17673;
nt17674;
nt17675;
nt17676;
nt17677;
nt17678;
nt17679;
nt17680;
nt17681;
nt17682;
nt17683;
nt17684;
nt17685;
nt17686;
nt17687;
nt17688;
nt17689;
nt17690;
nt17691;
nt17692;
nt17693;
nt17694;
nt17695;
nt17696;
nt17697;
nt17698;
nt17699;
nt17700;
nt17701;
nt17702;
nt17703;
nt17704;
nt17705;
nt17706;
nt17707;
nt17708;
nt17709;
nt17710;
nt17711;
nt17712;
nt17713;
nt17714;
nt17715;
nt17716;
nt17717;
nt17718;
nt17719;
nt17720;
nt17721;
nt17722;
nt17723;
nt17724;
nt17725;
nt17726;
nt17727;
nt17728;
nt17729;
nt17730;
nt17731;
nt17732;
nt17733;
nt17734;
nt17735;
nt17736;
nt17737;
nt17738;
nt17739;
nt17740;
nt17741;
nt17742;
nt17743;
nt17744;
nt17745;
nt17746;
nt17747;
nt17748;
nt17749;
nt17750;
nt17751;
nt17752;
nt17753;
nt17754;
nt17755;
nt17756;
nt17757;
nt17758;
nt17759;
nt17760;
nt17761;
nt17762;
nt17763;
nt17764;
nt17765;
nt17766;
nt17767;
nt17768;
nt17769;
nt17770;
nt17771;
nt17772;
nt17773;
nt17774;
nt17775;
nt17776;
nt17777;
nt17778;
nt17779;
nt17780;
nt17781;
nt17782;
nt17783;
nt17784;
nt17785;
nt17786;
nt17787;
nt17788;
nt17789;
nt17790;
nt17791;
nt17792;
nt17793;
nt17794;
nt17795;
nt17796;
nt17797;
nt17798;
nt17799;
nt17800;
nt17801;
nt17802;
nt17803;
nt17804;
nt17805;
nt17806;
nt17807;
nt17808;
nt17809;
nt17810;
nt17811;
nt17812;
nt17813;
nt17814;
nt17815;
nt17816;
nt17817;
nt17818;
nt17819;
nt17820;
nt17821;
nt17822;
nt17823;
nt17824;
nt17825;
nt17826;
nt17827;
nt17828;
nt17829;
nt17830;
nt17831;
nt17832;
nt17833;
nt17834;
nt17835;
nt17836;
nt17837;
nt17838;
nt17839;
nt17840;
nt17841;
nt17842;
nt17843;
nt17844;
nt17845;
nt17846;
nt17847;
nt17848;
nt17849;
nt17850;
nt17851;
nt17852;
nt17853;
nt17854;
nt17855;
nt17856;
nt17857;
nt17858;
nt17859;
nt17860;
nt17861;
nt17862;
nt17863;
nt17864;
nt17865;
nt17866;
nt17867;
nt17868;
nt17869;
nt17870;
nt17871;
nt17872;
nt17873;
nt17874;
nt17875;
nt17876;
nt17877;
nt17878;
nt17879;
nt17880;
nt17881;
nt17882;
nt17883;
nt17884;
nt17885;
nt17886;
nt17887;
nt17888;
nt17889;
nt17890;
nt17891;
nt17892;
nt17893;
nt17894;
nt17895;
nt17896;
nt17897;
nt17898;
nt17899;
nt17900;
nt17901;
nt17902;
nt17903;
nt17904;
nt17905;
nt17906;
nt17907;
nt17908;
nt17909;
nt17910;
nt17911;
nt17912;
nt17913;
nt17914;
nt17915;
nt17916;
nt17917;
nt17918;
nt17919;
nt17920;
nt17921;
nt17922;
nt17923;
nt17924;
nt17925;
nt17926;
nt17927;
nt17928;
nt17929;
nt17930;
nt17931;
nt17932;
nt17933;
nt17934;
nt17935;
nt17936;
nt17937;
nt17938;
nt17939;
nt17940;
nt17941;
nt17942;
nt17943;
nt17944;
nt17945;
nt17946;
nt17947;
nt17948;
nt17949;
nt17950;
nt17951;
nt17952;
nt17953;
nt17954;
nt17955;
nt17956;
nt17957;
nt17958;
nt17959;
nt17960;
nt17961;
nt17962;
nt17963;
nt17964;
nt17965;
nt17966;
nt17967;
nt17968;
nt17969;
nt17970;
nt17971;
nt17972;
nt17973;
nt17974;
nt17975;
nt17976;
nt17977;
nt17978;
nt17979;
nt17980;
nt17981;
nt17982;
nt17983;
nt17984;
nt17985;
nt17986;
nt17987;
nt17988;
nt17989;
nt17990;
nt17991;
nt17992;
nt17993;
nt17994;
nt17995;
nt17996;
nt17997;
nt17998;
nt17999;
nt18000;
nt18001;
nt18002;
nt18003;
nt18004;
nt18005;
nt18006;
nt18007;
nt18008;
nt18009;
nt18010;
nt18011;
nt18012;
nt18013;
nt18014;
nt18015;
nt18016;
nt18017;
nt18018;
nt18019;
nt18020;
nt18021;
nt18022;
nt18023;
nt18024;
nt18025;
nt18026;
nt18027;
nt18028;
nt18029;
nt18030;
nt18031;
nt18032;
nt18033;
nt18034;
nt18035;
nt18036;
nt18037;
nt18038;
nt18039;
nt18040;
nt18041;
nt18042;
nt18043;
nt18044;
nt18045;
nt18046;
nt18047;
nt18048;
nt18049;
nt18050;
nt18051;
nt18052;
nt18053;
nt18054;
nt18055;
nt18056;
nt18057;
nt18058;
nt18059;
nt18060;
nt18061;
nt18062;
nt18063;
nt18064;
nt18065;
nt18066;
nt18067;
nt18068;
nt18069;
nt18070;
nt18071;
nt18072;
nt18073;
nt18074;
nt18075;
nt18076;
nt18077;
nt18078;
nt18079;
nt18080;
nt18081;
nt18082;
nt18083;
nt18084;
nt18085;
nt18086;
nt18087;
nt18088;
nt18089;
nt18090;
nt18091;
nt18092;
nt18093;
nt18094;
nt18095;
nt18096;
nt18097;
nt18098;
nt18099;
nt18100;
nt18101;
nt18102;
nt18103;
nt18104;
nt18105;
nt18106;
nt18107;
nt18108;
nt18109;
nt18110;
nt18111;
nt18112;
nt18113;
nt18114;
nt18115;
nt18116;
nt18117;
nt18118;
nt18119;
nt18120;
nt18121;
nt18122;
nt18123;
nt18124;
nt18125;
nt18126;
nt18127;
nt18128;
nt18129;
nt18130;
nt18131;
nt18132;
nt18133;
nt18134;
nt18135;
nt18136;
nt18137;
nt18138;
nt18139;
nt18140;
nt18141;
nt18142;
nt18143;
nt18144;
nt18145;
nt18146;
nt18147;
nt18148;
nt18149;
nt18150;
nt18151;
nt18152;
nt18153;
nt18154;
nt18155;
nt18156;
nt18157;
nt18158;
nt18159;
nt18160;
nt18161;
nt18162;
nt18163;
nt18164;
nt18165;
nt18166;
nt18167;
nt18168;
nt18169;
nt18170;
nt18171;
nt18172;
nt18173;
nt18174;
nt18175;
nt18176;
nt18177;
nt18178;
nt18179;
nt18180;
nt18181;
nt18182;
nt18183;
nt18184;
nt18185;
nt18186;
nt18187;
nt18188;
nt18189;
nt18190;
nt18191;
nt18192;
nt18193;
nt18194;
nt18195;
nt18196;
nt18197;
nt18198;
nt18199;
nt18200;
nt18201;
nt18202;
nt18203;
nt18204;
nt18205;
nt18206;
nt18207;
nt18208;
nt18209;
nt18210;
nt18211;
nt18212;
nt18213;
nt18214;
nt18215;
nt18216;
nt18217;
nt18218;
nt18219;
nt18220;
nt18221;
nt18222;
nt18223;
nt18224;
nt18225;
nt18226;
nt18227;
nt18228;
nt18229;
nt18230;
nt18231;
nt18232;
nt18233;
nt18234;
nt18235;
nt18236;
nt18237;
nt18238;
nt18239;
nt18240;
nt18241;
nt18242;
nt18243;
nt18244;
nt18245;
nt18246;
nt18247;
nt18248;
nt18249;
nt18250;
nt18251;
nt18252;
nt18253;
nt18254;
nt18255;
nt18256;
nt18257;
nt18258;
nt18259;
nt18260;
nt18261;
nt18262;
nt18263;
nt18264;
nt18265;
nt18266;
nt18267;
nt18268;
nt18269;
nt18270;
nt18271;
nt18272;
nt18273;
nt18274;
nt18275;
nt18276;
nt18277;
nt18278;
nt18279;
nt18280;
nt18281;
nt18282;
nt18283;
nt18284;
nt18285;
nt18286;
nt18287;
nt18288;
nt18289;
nt18290;
nt18291;
nt18292;
nt18293;
nt18294;
nt18295;
nt18296;
nt18297;
nt18298;
nt18299;
nt18300;
nt18301;
nt18302;
nt18303;
nt18304;
nt18305;
nt18306;
nt18307;
nt18308;
nt18309;
nt18310;
nt18311;
nt18312;
nt18313;
nt18314;
nt18315;
nt18316;
nt18317;
nt18318;
nt18319;
nt18320;
nt18321;
nt18322;
nt18323;
nt18324;
nt18325;
nt18326;
nt18327;
nt18328;
nt18329;
nt18330;
nt18331;
nt18332;
nt18333;
nt18334;
nt18335;
nt18336;
nt18337;
nt18338;
nt18339;
nt18340;
nt18341;
nt18342;
nt18343;
nt18344;
nt18345;
nt18346;
nt18347;
nt18348;
nt18349;
nt18350;
nt18351;
nt18352;
nt18353;
nt18354;
nt18355;
nt18356;
nt18357;
nt18358;
nt18359;
nt18360;
nt18361;
nt18362;
nt18363;
nt18364;
nt18365;
nt18366;
nt18367;
nt18368;
nt18369;
nt18370;
nt18371;
nt18372;
nt18373;
nt18374;
nt18375;
nt18376;
nt18377;
nt18378;
nt18379;
nt18380;
nt18381;
nt18382;
nt18383;
nt18384;
nt18385;
nt18386;
nt18387;
nt18388;
nt18389;
nt18390;
nt18391;
nt18392;
nt18393;
nt18394;
nt18395;
nt18396;
nt18397;
nt18398;
nt18399;
nt18400;
nt18401;
nt18402;
nt18403;
nt18404;
nt18405;
nt18406;
nt18407;
nt18408;
nt18409;
nt18410;
nt18411;
nt18412;
nt18413;
nt18414;
nt18415;
nt18416;
nt18417;
nt18418;
nt18419;
nt18420;
nt18421;
nt18422;
nt18423;
nt18424;
nt18425;
nt18426;
nt18427;
nt18428;
nt18429;
nt18430;
nt18431;
nt18432;
nt18433;
nt18434;
nt18435;
nt18436;
nt18437;
nt18438;
nt18439;
nt18440;
nt18441;
nt18442;
nt18443;
nt18444;
nt18445;
nt18446;
nt18447;
nt18448;
nt18449;
nt18450;
nt18451;
nt18452;
nt18453;
nt18454;
nt18455;
nt18456;
nt18457;
nt18458;
nt18459;
nt18460;
nt18461;
nt18462;
nt18463;
nt18464;
nt18465;
nt18466;
nt18467;
nt18468;
nt18469;
nt18470;
nt18471;
nt18472;
nt18473;
nt18474;
nt18475;
nt18476;
nt18477;
nt18478;
nt18479;
nt18480;
nt18481;
nt18482;
nt18483;
nt18484;
nt18485;
nt18486;
nt18487;
nt18488;
nt18489;
nt18490;
nt18491;
nt18492;
nt18493;
nt18494;
nt18495;
nt18496;
nt18497;
nt18498;
nt18499;
nt18500;
nt18501;
nt18502;
nt18503;
nt18504;
nt18505;
nt18506;
nt18507;
nt18508;
nt18509;
nt18510;
nt18511;
nt18512;
nt18513;
nt18514;
nt18515;
nt18516;
nt18517;
nt18518;
nt18519;
nt18520;
nt18521;
nt18522;
nt18523;
nt18524;
nt18525;
nt18526;
nt18527;
nt18528;
nt18529;
nt18530;
nt18531;
nt18532;
nt18533;
nt18534;
nt18535;
nt18536;
nt18537;
nt18538;
nt18539;
nt18540;
nt18541;
nt18542;
nt18543;
nt18544;
nt18545;
nt18546;
nt18547;
nt18548;
nt18549;
nt18550;
nt18551;
nt18552;
nt18553;
nt18554;
nt18555;
nt18556;
nt18557;
nt18558;
nt18559;
nt18560;
nt18561;
nt18562;
nt18563;
nt18564;
nt18565;
nt18566;
nt18567;
nt18568;
nt18569;
nt18570;
nt18571;
nt18572;
nt18573;
nt18574;
nt18575;
nt18576;
nt18577;
nt18578;
nt18579;
nt18580;
nt18581;
nt18582;
nt18583;
nt18584;
nt18585;
nt18586;
nt18587;
nt18588;
nt18589;
nt18590;
nt18591;
nt18592;
nt18593;
nt18594;
nt18595;
nt18596;
nt18597;
nt18598;
nt18599;
nt18600;
nt18601;
nt18602;
nt18603;
nt18604;
nt18605;
nt18606;
nt18607;
nt18608;
nt18609;
nt18610;
nt18611;
nt18612;
nt18613;
nt18614;
nt18615;
nt18616;
nt18617;
nt18618;
nt18619;
nt18620;
nt18621;
nt18622;
nt18623;
nt18624;
nt18625;
nt18626;
nt18627;
nt18628;
nt18629;
nt18630;
nt18631;
nt18632;
nt18633;
nt18634;
nt18635;
nt18636;
nt18637;
nt18638;
nt18639;
nt18640;
nt18641;
nt18642;
nt18643;
nt18644;
nt18645;
nt18646;
nt18647;
nt18648;
nt18649;
nt18650;
nt18651;
nt18652;
nt18653;
nt18654;
nt18655;
nt18656;
nt18657;
nt18658;
nt18659;
nt18660;
nt18661;
nt18662;
nt18663;
nt18664;
nt18665;
nt18666;
nt18667;
nt18668;
nt18669;
nt18670;
nt18671;
nt18672;
nt18673;
nt18674;
nt18675;
nt18676;
nt18677;
nt18678;
nt18679;
nt18680;
nt18681;
nt18682;
nt18683;
nt18684;
nt18685;
nt18686;
nt18687;
nt18688;
nt18689;
nt18690;
nt18691;
nt18692;
nt18693;
nt18694;
nt18695;
nt18696;
nt18697;
nt18698;
nt18699;
nt18700;
nt18701;
nt18702;
nt18703;
nt18704;
nt18705;
nt18706;
nt18707;
nt18708;
nt18709;
nt18710;
nt18711;
nt18712;
nt18713;
nt18714;
nt18715;
nt18716;
nt18717;
nt18718;
nt18719;
nt18720;
nt18721;
nt18722;
nt18723;
nt18724;
nt18725;
nt18726;
nt18727;
nt18728;
nt18729;
nt18730;
nt18731;
nt18732;
nt18733;
nt18734;
nt18735;
nt18736;
nt18737;
nt18738;
nt18739;
nt18740;
nt18741;
nt18742;
nt18743;
nt18744;
nt18745;
nt18746;
nt18747;
nt18748;
nt18749;
nt18750;
nt18751;
nt18752;
nt18753;
nt18754;
nt18755;
nt18756;
nt18757;
nt18758;
nt18759;
nt18760;
nt18761;
nt18762;
nt18763;
nt18764;
nt18765;
nt18766;
nt18767;
nt18768;
nt18769;
nt18770;
nt18771;
nt18772;
nt18773;
nt18774;
nt18775;
nt18776;
nt18777;
nt18778;
nt18779;
nt18780;
nt18781;
nt18782;
nt18783;
nt18784;
nt18785;
nt18786;
nt18787;
nt18788;
nt18789;
nt18790;
nt18791;
nt18792;
nt18793;
nt18794;
nt18795;
nt18796;
nt18797;
nt18798;
nt18799;
nt18800;
nt18801;
nt18802;
nt18803;
nt18804;
nt18805;
nt18806;
nt18807;
nt18808;
nt18809;
nt18810;
nt18811;
nt18812;
nt18813;
nt18814;
nt18815;
nt18816;
nt18817;
nt18818;
nt18819;
nt18820;
nt18821;
nt18822;
nt18823;
nt18824;
nt18825;
nt18826;
nt18827;
nt18828;
nt18829;
nt18830;
nt18831;
nt18832;
nt18833;
nt18834;
nt18835;
nt18836;
nt18837;
nt18838;
nt18839;
nt18840;
nt18841;
nt18842;
nt18843;
nt18844;
nt18845;
nt18846;
nt18847;
nt18848;
nt18849;
nt18850;
nt18851;
nt18852;
nt18853;
nt18854;
nt18855;
nt18856;
nt18857;
nt18858;
nt18859;
nt18860;
nt18861;
nt18862;
nt18863;
nt18864;
nt18865;
nt18866;
nt18867;
nt18868;
nt18869;
nt18870;
nt18871;
nt18872;
nt18873;
nt18874;
nt18875;
nt18876;
nt18877;
nt18878;
nt18879;
nt18880;
nt18881;
nt18882;
nt18883;
nt18884;
nt18885;
nt18886;
nt18887;
nt18888;
nt18889;
nt18890;
nt18891;
nt18892;
nt18893;
nt18894;
nt18895;
nt18896;
nt18897;
nt18898;
nt18899;
nt18900;
nt18901;
nt18902;
nt18903;
nt18904;
nt18905;
nt18906;
nt18907;
nt18908;
nt18909;
nt18910;
nt18911;
nt18912;
nt18913;
nt18914;
nt18915;
nt18916;
nt18917;
nt18918;
nt18919;
nt18920;
nt18921;
nt18922;
nt18923;
nt18924;
nt18925;
nt18926;
nt18927;
nt18928;
nt18929;
nt18930;
nt18931;
nt18932;
nt18933;
nt18934;
nt18935;
nt18936;
nt18937;
nt18938;
nt18939;
nt18940;
nt18941;
nt18942;
nt18943;
nt18944;
nt18945;
nt18946;
nt18947;
nt18948;
nt18949;
nt18950;
nt18951;
nt18952;
nt18953;
nt18954;
nt18955;
nt18956;
nt18957;
nt18958;
nt18959;
nt18960;
nt18961;
nt18962;
nt18963;
nt18964;
nt18965;
nt18966;
nt18967;
nt18968;
nt18969;
nt18970;
nt18971;
nt18972;
nt18973;
nt18974;
nt18975;
nt18976;
nt18977;
nt18978;
nt18979;
nt18980;
nt18981;
nt18982;
nt18983;
nt18984;
nt18985;
nt18986;
nt18987;
nt18988;
nt18989;
nt18990;
nt18991;
nt18992;
nt18993;
nt18994;
nt18995;
nt18996;
nt18997;
nt18998;
nt18999;
nt19000;
nt19001;
nt19002;
nt19003;
nt19004;
nt19005;
nt19006;
nt19007;
nt19008;
nt19009;
nt19010;
nt19011;
nt19012;
nt19013;
nt19014;
nt19015;
nt19016;
nt19017;
nt19018;
nt19019;
nt19020;
nt19021;
nt19022;
nt19023;
nt19024;
nt19025;
nt19026;
nt19027;
nt19028;
nt19029;
nt19030;
nt19031;
nt19032;
nt19033;
nt19034;
nt19035;
nt19036;
nt19037;
nt19038;
nt19039;
nt19040;
nt19041;
nt19042;
nt19043;
nt19044;
nt19045;
nt19046;
nt19047;
nt19048;
nt19049;
nt19050;
nt19051;
nt19052;
nt19053;
nt19054;
nt19055;
nt19056;
nt19057;
nt19058;
nt19059;
nt19060;
nt19061;
nt19062;
nt19063;
nt19064;
nt19065;
nt19066;
nt19067;
nt19068;
nt19069;
nt19070;
nt19071;
nt19072;
nt19073;
nt19074;
nt19075;
nt19076;
nt19077;
nt19078;
nt19079;
nt19080;
nt19081;
nt19082;
nt19083;
nt19084;
nt19085;
nt19086;
nt19087;
nt19088;
nt19089;
nt19090;
nt19091;
nt19092;
nt19093;
nt19094;
nt19095;
nt19096;
nt19097;
nt19098;
nt19099;
nt19100;
nt19101;
nt19102;
nt19103;
nt19104;
nt19105;
nt19106;
nt19107;
nt19108;
nt19109;
nt19110;
nt19111;
nt19112;
nt19113;
nt19114;
nt19115;
nt19116;
nt19117;
nt19118;
nt19119;
nt19120;
nt19121;
nt19122;
nt19123;
nt19124;
nt19125;
nt19126;
nt19127;
nt19128;
nt19129;
nt19130;
nt19131;
nt19132;
nt19133;
nt19134;
nt19135;
nt19136;
nt19137;
nt19138;
nt19139;
nt19140;
nt19141;
nt19142;
nt19143;
nt19144;
nt19145;
nt19146;
nt19147;
nt19148;
nt19149;
nt19150;
nt19151;
nt19152;
nt19153;
nt19154;
nt19155;
nt19156;
nt19157;
nt19158;
nt19159;
nt19160;
nt19161;
nt19162;
nt19163;
nt19164;
nt19165;
nt19166;
nt19167;
nt19168;
nt19169;
nt19170;
nt19171;
nt19172;
nt19173;
nt19174;
nt19175;
nt19176;
nt19177;
nt19178;
nt19179;
nt19180;
nt19181;
nt19182;
nt19183;
nt19184;
nt19185;
nt19186;
nt19187;
nt19188;
nt19189;
nt19190;
nt19191;
nt19192;
nt19193;
nt19194;
nt19195;
nt19196;
nt19197;
nt19198;
nt19199;
nt19200;
nt19201;
nt19202;
nt19203;
nt19204;
nt19205;
nt19206;
nt19207;
nt19208;
nt19209;
nt19210;
nt19211;
nt19212;
nt19213;
nt19214;
nt19215;
nt19216;
nt19217;
nt19218;
nt19219;
nt19220;
nt19221;
nt19222;
nt19223;
nt19224;
nt19225;
nt19226;
nt19227;
nt19228;
nt19229;
nt19230;
nt19231;
nt19232;
nt19233;
nt19234;
nt19235;
nt19236;
nt19237;
nt19238;
nt19239;
nt19240;
nt19241;
nt19242;
nt19243;
nt19244;
nt19245;
nt19246;
nt19247;
nt19248;
nt19249;
nt19250;
nt19251;
nt19252;
nt19253;
nt19254;
nt19255;
nt19256;
nt19257;
nt19258;
nt19259;
nt19260;
nt19261;
nt19262;
nt19263;
nt19264;
nt19265;
nt19266;
nt19267;
nt19268;
nt19269;
nt19270;
nt19271;
nt19272;
nt19273;
nt19274;
nt19275;
nt19276;
nt19277;
nt19278;
nt19279;
nt19280;
nt19281;
nt19282;
nt19283;
nt19284;
nt19285;
nt19286;
nt19287;
nt19288;
nt19289;
nt19290;
nt19291;
nt19292;
nt19293;
nt19294;
nt19295;
nt19296;
nt19297;
nt19298;
nt19299;
nt19300;
nt19301;
nt19302;
nt19303;
nt19304;
nt19305;
nt19306;
nt19307;
nt19308;
nt19309;
nt19310;
nt19311;
nt19312;
nt19313;
nt19314;
nt19315;
nt19316;
nt19317;
nt19318;
nt19319;
nt19320;
nt19321;
nt19322;
nt19323;
nt19324;
nt19325;
nt19326;
nt19327;
nt19328;
nt19329;
nt19330;
nt19331;
nt19332;
nt19333;
nt19334;
nt19335;
nt19336;
nt19337;
nt19338;
nt19339;
nt19340;
nt19341;
nt19342;
nt19343;
nt19344;
nt19345;
nt19346;
nt19347;
nt19348;
nt19349;
nt19350;
nt19351;
nt19352;
nt19353;
nt19354;
nt19355;
nt19356;
nt19357;
nt19358;
nt19359;
nt19360;
nt19361;
nt19362;
nt19363;
nt19364;
nt19365;
nt19366;
nt19367;
nt19368;
nt19369;
nt19370;
nt19371;
nt19372;
nt19373;
nt19374;
nt19375;
nt19376;
nt19377;
nt19378;
nt19379;
nt19380;
nt19381;
nt19382;
nt19383;
nt19384;
nt19385;
nt19386;
nt19387;
nt19388;
nt19389;
nt19390;
nt19391;
nt19392;
nt19393;
nt19394;
nt19395;
nt19396;
nt19397;
nt19398;
nt19399;
nt19400;
nt19401;
nt19402;
nt19403;
nt19404;
nt19405;
nt19406;
nt19407;
nt19408;
nt19409;
nt19410;
nt19411;
nt19412;
nt19413;
nt19414;
nt19415;
nt19416;
nt19417;
nt19418;
nt19419;
nt19420;
nt19421;
nt19422;
nt19423;
nt19424;
nt19425;
nt19426;
nt19427;
nt19428;
nt19429;
nt19430;
nt19431;
nt19432;
nt19433;
nt19434;
nt19435;
nt19436;
nt19437;
nt19438;
nt19439;
nt19440;
nt19441;
nt19442;
nt19443;
nt19444;
nt19445;
nt19446;
nt19447;
nt19448;
nt19449;
nt19450;
nt19451;
nt19452;
nt19453;
nt19454;
nt19455;
nt19456;
nt19457;
nt19458;
nt19459;
nt19460;
nt19461;
nt19462;
nt19463;
nt19464;
nt19465;
nt19466;
nt19467;
nt19468;
nt19469;
nt19470;
nt19471;
nt19472;
nt19473;
nt19474;
nt19475;
nt19476;
nt19477;
nt19478;
nt19479;
nt19480;
nt19481;
nt19482;
nt19483;
nt19484;
nt19485;
nt19486;
nt19487;
nt19488;
nt19489;
nt19490;
nt19491;
nt19492;
nt19493;
nt19494;
nt19495;
nt19496;
nt19497;
nt19498;
nt19499;
nt19500;
nt19501;
nt19502;
nt19503;
nt19504;
nt19505;
nt19506;
nt19507;
nt19508;
nt19509;
nt19510;
nt19511;
nt19512;
nt19513;
nt19514;
nt19515;
nt19516;
nt19517;
nt19518;
nt19519;
nt19520;
nt19521;
nt19522;
nt19523;
nt19524;
nt19525;
nt19526;
nt19527;
nt19528;
nt19529;
nt19530;
nt19531;
nt19532;
nt19533;
nt19534;
nt19535;
nt19536;
nt19537;
nt19538;
nt19539;
nt19540;
nt19541;
nt19542;
nt19543;
nt19544;
nt19545;
nt19546;
nt19547;
nt19548;
nt19549;
nt19550;
nt19551;
nt19552;
nt19553;
nt19554;
nt19555;
nt19556;
nt19557;
nt19558;
nt19559;
nt19560;
nt19561;
nt19562;
nt19563;
nt19564;
nt19565;
nt19566;
nt19567;
nt19568;
nt19569;
nt19570;
nt19571;
nt19572;
nt19573;
nt19574;
nt19575;
nt19576;
nt19577;
nt19578;
nt19579;
nt19580;
nt19581;
nt19582;
nt19583;
nt19584;
nt19585;
nt19586;
nt19587;
nt19588;
nt19589;
nt19590;
nt19591;
nt19592;
nt19593;
nt19594;
nt19595;
nt19596;
nt19597;
nt19598;
nt19599;
nt19600;
nt19601;
nt19602;
nt19603;
nt19604;
nt19605;
nt19606;
nt19607;
nt19608;
nt19609;
nt19610;
nt19611;
nt19612;
nt19613;
nt19614;
nt19615;
nt19616;
nt19617;
nt19618;
nt19619;
nt19620;
nt19621;
nt19622;
nt19623;
nt19624;
nt19625;
nt19626;
nt19627;
nt19628;
nt19629;
nt19630;
nt19631;
nt19632;
nt19633;
nt19634;
nt19635;
nt19636;
nt19637;
nt19638;
nt19639;
nt19640;
nt19641;
nt19642;
nt19643;
nt19644;
nt19645;
nt19646;
nt19647;
nt19648;
nt19649;
nt19650;
nt19651;
nt19652;
nt19653;
nt19654;
nt19655;
nt19656;
nt19657;
nt19658;
nt19659;
nt19660;
nt19661;
nt19662;
nt19663;
nt19664;
nt19665;
nt19666;
nt19667;
nt19668;
nt19669;
nt19670;
nt19671;
nt19672;
nt19673;
nt19674;
nt19675;
nt19676;
nt19677;
nt19678;
nt19679;
nt19680;
nt19681;
nt19682;
nt19683;
nt19684;
nt19685;
nt19686;
nt19687;
nt19688;
nt19689;
nt19690;
nt19691;
nt19692;
nt19693;
nt19694;
nt19695;
nt19696;
nt19697;
nt19698;
nt19699;
nt19700;
nt19701;
nt19702;
nt19703;
nt19704;
nt19705;
nt19706;
nt19707;
nt19708;
nt19709;
nt19710;
nt19711;
nt19712;
nt19713;
nt19714;
nt19715;
nt19716;
nt19717;
nt19718;
nt19719;
nt19720;
nt19721;
nt19722;
nt19723;
nt19724;
nt19725;
nt19726;
nt19727;
nt19728;
nt19729;
nt19730;
nt19731;
nt19732;
nt19733;
nt19734;
nt19735;
nt19736;
nt19737;
nt19738;
nt19739;
nt19740;
nt19741;
nt19742;
nt19743;
nt19744;
nt19745;
nt19746;
nt19747;
nt19748;
nt19749;
nt19750;
nt19751;
nt19752;
nt19753;
nt19754;
nt19755;
nt19756;
nt19757;
nt19758;
nt19759;
nt19760;
nt19761;
nt19762;
nt19763;
nt19764;
nt19765;
nt19766;
nt19767;
nt19768;
nt19769;
nt19770;
nt19771;
nt19772;
nt19773;
nt19774;
nt19775;
nt19776;
nt19777;
nt19778;
nt19779;
nt19780;
nt19781;
nt19782;
nt19783;
nt19784;
nt19785;
nt19786;
nt19787;
nt19788;
nt19789;
nt19790;
nt19791;
nt19792;
nt19793;
nt19794;
nt19795;
nt19796;
nt19797;
nt19798;
nt19799;
nt19800;
nt19801;
nt19802;
nt19803;
nt19804;
nt19805;
nt19806;
nt19807;
nt19808;
nt19809;
nt19810;
nt19811;
nt19812;
nt19813;
nt19814;
nt19815;
nt19816;
nt19817;
nt19818;
nt19819;
nt19820;
nt19821;
nt19822;
nt19823;
nt19824;
nt19825;
nt19826;
nt19827;
nt19828;
nt19829;
nt19830;
nt19831;
nt19832;
nt19833;
nt19834;
nt19835;
nt19836;
nt19837;
nt19838;
nt19839;
nt19840;
nt19841;
nt19842;
nt19843;
nt19844;
nt19845;
nt19846;
nt19847;
nt19848;
nt19849;
nt19850;
nt19851;
nt19852;
nt19853;
nt19854;
nt19855;
nt19856;
nt19857;
nt19858;
nt19859;
nt19860;
nt19861;
nt19862;
nt19863;
nt19864;
nt19865;
nt19866;
nt19867;
nt19868;
nt19869;
nt19870;
nt19871;
nt19872;
nt19873;
nt19874;
nt19875;
nt19876;
nt19877;
nt19878;
nt19879;
nt19880;
nt19881;
nt19882;
nt19883;
nt19884;
nt19885;
nt19886;
nt19887;
nt19888;
nt19889;
nt19890;
nt19891;
nt19892;
nt19893;
nt19894;
nt19895;
nt19896;
nt19897;
nt19898;
nt19899;
nt19900;
nt19901;
nt19902;
nt19903;
nt19904;
nt19905;
nt19906;
nt19907;
nt19908;
nt19909;
nt19910;
nt19911;
nt19912;
nt19913;
nt19914;
nt19915;
nt19916;
nt19917;
nt19918;
nt19919;
nt19920;
nt19921;
nt19922;
nt19923;
nt19924;
nt19925;
nt19926;
nt19927;
nt19928;
nt19929;
nt19930;
nt19931;
nt19932;
nt19933;
nt19934;
nt19935;
nt19936;
nt19937;
nt19938;
nt19939;
nt19940;
nt19941;
nt19942;
nt19943;
nt19944;
nt19945;
nt19946;
nt19947;
nt19948;
nt19949;
nt19950;
nt19951;
nt19952;
nt19953;
nt19954;
nt19955;
nt19956;
nt19957;
nt19958;
nt19959;
nt19960;
nt19961;
nt19962;
nt19963;
nt19964;
nt19965;
nt19966;
nt19967;
nt19968;
nt19969;
nt19970;
nt19971;
nt19972;
nt19973;
nt19974;
nt19975;
nt19976;
nt19977;
nt19978;
nt19979;
nt19980;
nt19981;
nt19982;
nt19983;
nt19984;
nt19985;
nt19986;
nt19987;
nt19988;
nt19989;
nt19990;
nt19991;
nt19992;
nt19993;
nt19994;
nt19995;
nt19996;
nt19997;
nt19998;
nt19999;
nt20000;
nt20001;
nt20002;
nt20003;
nt20004;
nt20005;
nt20006;
nt20007;
nt20008;
nt20009;
nt20010;
nt20011;
nt20012;
nt20013;
nt20014;
nt20015;
nt20016;
nt20017;
nt20018;
nt20019;
nt20020;
nt20021;
nt20022;
nt20023;
nt20024;
nt20025;
nt20026;
nt20027;
nt20028;
nt20029;
nt20030;
nt20031;
nt20032;
nt20033;
nt20034;
nt20035;
nt20036;
nt20037;
nt20038;
nt20039;
nt20040;
nt20041;
nt20042;
nt20043;
nt20044;
nt20045;
nt20046;
nt20047;
nt20048;
nt20049;
nt20050;
nt20051;
nt20052;
nt20053;
nt20054;
nt20055;
nt20056;
nt20057;
nt20058;
nt20059;
nt20060;
nt20061;
nt20062;
nt20063;
nt20064;
nt20065;
nt20066;
nt20067;
nt20068;
nt20069;
nt20070;
nt20071;
nt20072;
nt20073;
nt20074;
nt20075;
nt20076;
nt20077;
nt20078;
nt20079;
nt20080;
nt20081;
nt20082;
nt20083;
nt20084;
nt20085;
nt20086;
nt20087;
nt20088;
nt20089;
nt20090;
nt20091;
nt20092;
nt20093;
nt20094;
nt20095;
nt20096;
nt20097;
nt20098;
nt20099;
nt20100;
nt20101;
nt20102;
nt20103;
nt20104;
nt20105;
nt20106;
nt20107;
nt20108;
nt20109;
nt20110;
nt20111;
nt20112;
nt20113;
nt20114;
nt20115;
nt20116;
nt20117;
nt20118;
nt20119;
nt20120;
nt20121;
nt20122;
nt20123;
nt20124;
nt20125;
nt20126;
nt20127;
nt20128;
nt20129;
nt20130;
nt20131;
nt20132;
nt20133;
nt20134;
nt20135;
nt20136;
nt20137;
nt20138;
nt20139;
nt20140;
nt20141;
nt20142;
nt20143;
nt20144;
nt20145;
nt20146;
nt20147;
nt20148;
nt20149;
nt20150;
nt20151;
nt20152;
nt20153;
nt20154;
nt20155;
nt20156;
nt20157;
nt20158;
nt20159;
nt20160;
nt20161;
nt20162;
nt20163;
nt20164;
nt20165;
nt20166;
nt20167;
nt20168;
nt20169;
nt20170;
nt20171;
nt20172;
nt20173;
nt20174;
nt20175;
nt20176;
nt20177;
nt20178;
nt20179;
nt20180;
nt20181;
nt20182;
nt20183;
nt20184;
nt20185;
nt20186;
nt20187;
nt20188;
nt20189;
nt20190;
nt20191;
nt20192;
nt20193;
nt20194;
nt20195;
nt20196;
nt20197;
nt20198;
nt20199;
nt20200;
nt20201;
nt20202;
nt20203;
nt20204;
nt20205;
nt20206;
nt20207;
nt20208;
nt20209;
nt20210;
nt20211;
nt20212;
nt20213;
nt20214;
nt20215;
nt20216;
nt20217;
nt20218;
nt20219;
nt20220;
nt20221;
nt20222;
nt20223;
nt20224;
nt20225;
nt20226;
nt20227;
nt20228;
nt20229;
nt20230;
nt20231;
nt20232;
nt20233;
nt20234;
nt20235;
nt20236;
nt20237;
nt20238;
nt20239;
nt20240;
nt20241;
nt20242;
nt20243;
nt20244;
nt20245;
nt20246;
nt20247;
nt20248;
nt20249;
nt20250;
nt20251;
nt20252;
nt20253;
nt20254;
nt20255;
nt20256;
nt20257;
nt20258;
nt20259;
nt20260;
nt20261;
nt20262;
nt20263;
nt20264;
nt20265;
nt20266;
nt20267;
nt20268;
nt20269;
nt20270;
nt20271;
nt20272;
nt20273;
nt20274;
nt20275;
nt20276;
nt20277;
nt20278;
nt20279;
nt20280;
nt20281;
nt20282;
nt20283;
nt20284;
nt20285;
nt20286;
nt20287;
nt20288;
nt20289;
nt20290;
nt20291;
nt20292;
nt20293;
nt20294;
nt20295;
nt20296;
nt20297;
nt20298;
nt20299;
nt20300;
nt20301;
nt20302;
nt20303;
nt20304;
nt20305;
nt20306;
nt20307;
nt20308;
nt20309;
nt20310;
nt20311;
nt20312;
nt20313;
nt20314;
nt20315;
nt20316;
nt20317;
nt20318;
nt20319;
nt20320;
nt20321;
nt20322;
nt20323;
nt20324;
nt20325;
nt20326;
nt20327;
nt20328;
nt20329;
nt20330;
nt20331;
nt20332;
nt20333;
nt20334;
nt20335;
nt20336;
nt20337;
nt20338;
nt20339;
nt20340;
nt20341;
nt20342;
nt20343;
nt20344;
nt20345;
nt20346;
nt20347;
nt20348;
nt20349;
nt20350;
nt20351;
nt20352;
nt20353;
nt20354;
nt20355;
nt20356;
nt20357;
nt20358;
nt20359;
nt20360;
nt20361;
nt20362;
nt20363;
nt20364;
nt20365;
nt20366;
nt20367;
nt20368;
nt20369;
nt20370;
nt20371;
nt20372;
nt20373;
nt20374;
nt20375;
nt20376;
nt20377;
nt20378;
nt20379;
nt20380;
nt20381;
nt20382;
nt20383;
nt20384;
nt20385;
nt20386;
nt20387;
nt20388;
nt20389;
nt20390;
nt20391;
nt20392;
nt20393;
nt20394;
nt20395;
nt20396;
nt20397;
nt20398;
nt20399;
nt20400;
nt20401;
nt20402;
nt20403;
nt20404;
nt20405;
nt20406;
nt20407;
nt20408;
nt20409;
nt20410;
nt20411;
nt20412;
nt20413;
nt20414;
nt20415;
nt20416;
nt20417;
nt20418;
nt20419;
nt20420;
nt20421;
nt20422;
nt20423;
nt20424;
nt20425;
nt20426;
nt20427;
nt20428;
nt20429;
nt20430;
nt20431;
nt20432;
nt20433;
nt20434;
nt20435;
nt20436;
nt20437;
nt20438;
nt20439;
nt20440;
nt20441;
nt20442;
nt20443;
nt20444;
nt20445;
nt20446;
nt20447;
nt20448;
nt20449;
nt20450;
nt20451;
nt20452;
nt20453;
nt20454;
nt20455;
nt20456;
nt20457;
nt20458;
nt20459;
nt20460;
nt20461;
nt20462;
nt20463;
nt20464;
nt20465;
nt20466;
nt20467;
nt20468;
nt20469;
nt20470;
nt20471;
nt20472;
nt20473;
nt20474;
nt20475;
nt20476;
nt20477;
nt20478;
nt20479;
nt20480;
nt20481;
nt20482;
nt20483;
nt20484;
nt20485;
nt20486;
nt20487;
nt20488;
nt20489;
nt20490;
nt20491;
nt20492;
nt20493;
nt20494;
nt20495;
nt20496;
nt20497;
nt20498;
nt20499;
nt20500;
nt20501;
nt20502;
nt20503;
nt20504;
nt20505;
nt20506;
nt20507;
nt20508;
nt20509;
nt20510;
nt20511;
nt20512;
nt20513;
nt20514;
nt20515;
nt20516;
nt20517;
nt20518;
nt20519;
nt20520;
nt20521;
nt20522;
nt20523;
nt20524;
nt20525;
nt20526;
nt20527;
nt20528;
nt20529;
nt20530;
nt20531;
nt20532;
nt20533;
nt20534;
nt20535;
nt20536;
nt20537;
nt20538;
nt20539;
nt20540;
nt20541;
nt20542;
nt20543;
nt20544;
nt20545;
nt20546;
nt20547;
nt20548;
nt20549;
nt20550;
nt20551;
nt20552;
nt20553;
nt20554;
nt20555;
nt20556;
nt20557;
nt20558;
nt20559;
nt20560;
nt20561;
nt20562;
nt20563;
nt20564;
nt20565;
nt20566;
nt20567;
nt20568;
nt20569;
nt20570;
nt20571;
nt20572;
nt20573;
nt20574;
nt20575;
nt20576;
nt20577;
nt20578;
nt20579;
nt20580;
nt20581;
nt20582;
nt20583;
nt20584;
nt20585;
nt20586;
nt20587;
nt20588;
nt20589;
nt20590;
nt20591;
nt20592;
nt20593;
nt20594;
nt20595;
nt20596;
nt20597;
nt20598;
nt20599;
nt20600;
nt20601;
nt20602;
nt20603;
nt20604;
nt20605;
nt20606;
nt20607;
nt20608;
nt20609;
nt20610;
nt20611;
nt20612;
nt20613;
nt20614;
nt20615;
nt20616;
nt20617;
nt20618;
nt20619;
nt20620;
nt20621;
nt20622;
nt20623;
nt20624;
nt20625;
nt20626;
nt20627;
nt20628;
nt20629;
nt20630;
nt20631;
nt20632;
nt20633;
nt20634;
nt20635;
nt20636;
nt20637;
nt20638;
nt20639;
nt20640;
nt20641;
nt20642;
nt20643;
nt20644;
nt20645;
nt20646;
nt20647;
nt20648;
nt20649;
nt20650;
nt20651;
nt20652;
nt20653;
nt20654;
nt20655;
nt20656;
nt20657;
nt20658;
nt20659;
nt20660;
nt20661;
nt20662;
nt20663;
nt20664;
nt20665;
nt20666;
nt20667;
nt20668;
nt20669;
nt20670;
nt20671;
nt20672;
nt20673;
nt20674;
nt20675;
nt20676;
nt20677;
nt20678;
nt20679;
nt20680;
nt20681;
nt20682;
nt20683;
nt20684;
nt20685;
nt20686;
nt20687;
nt20688;
nt20689;
nt20690;
nt20691;
nt20692;
nt20693;
nt20694;
nt20695;
nt20696;
nt20697;
nt20698;
nt20699;
nt20700;
nt20701;
nt20702;
nt20703;
nt20704;
nt20705;
nt20706;
nt20707;
nt20708;
nt20709;
nt20710;
nt20711;
nt20712;
nt20713;
nt20714;
nt20715;
nt20716;
nt20717;
nt20718;
nt20719;
nt20720;
nt20721;
nt20722;
nt20723;
nt20724;
nt20725;
nt20726;
nt20727;
nt20728;
nt20729;
nt20730;
nt20731;
nt20732;
nt20733;
nt20734;
nt20735;
nt20736;
nt20737;
nt20738;
nt20739;
nt20740;
nt20741;
nt20742;
nt20743;
nt20744;
nt20745;
nt20746;
nt20747;
nt20748;
nt20749;
nt20750;
nt20751;
nt20752;
nt20753;
nt20754;
nt20755;
nt20756;
nt20757;
nt20758;
nt20759;
nt20760;
nt20761;
nt20762;
nt20763;
nt20764;
nt20765;
nt20766;
nt20767;
nt20768;
nt20769;
nt20770;
nt20771;
nt20772;
nt20773;
nt20774;
nt20775;
nt20776;
nt20777;
nt20778;
nt20779;
nt20780;
nt20781;
nt20782;
nt20783;
nt20784;
nt20785;
nt20786;
nt20787;
nt20788;
nt20789;
nt20790;
nt20791;
nt20792;
nt20793;
nt20794;
nt20795;
nt20796;
nt20797;
nt20798;
nt20799;
nt20800;
nt20801;
nt20802;
nt20803;
nt20804;
nt20805;
nt20806;
nt20807;
nt20808;
nt20809;
nt20810;
nt20811;
nt20812;
nt20813;
nt20814;
nt20815;
nt20816;
nt20817;
nt20818;
nt20819;
nt20820;
nt20821;
nt20822;
nt20823;
nt20824;
nt20825;
nt20826;
nt20827;
nt20828;
nt20829;
nt20830;
nt20831;
nt20832;
nt20833;
nt20834;
nt20835;
nt20836;
nt20837;
nt20838;
nt20839;
nt20840;
nt20841;
nt20842;
nt20843;
nt20844;
nt20845;
nt20846;
nt20847;
nt20848;
nt20849;
nt20850;
nt20851;
nt20852;
nt20853;
nt20854;
nt20855;
nt20856;
nt20857;
nt20858;
nt20859;
nt20860;
nt20861;
nt20862;
nt20863;
nt20864;
nt20865;
nt20866;
nt20867;
nt20868;
nt20869;
nt20870;
nt20871;
nt20872;
nt20873;
nt20874;
nt20875;
nt20876;
nt20877;
nt20878;
nt20879;
nt20880;
nt20881;
nt20882;
nt20883;
nt20884;
nt20885;
nt20886;
nt20887;
nt20888;
nt20889;
nt20890;
nt20891;
nt20892;
nt20893;
nt20894;
nt20895;
nt20896;
nt20897;
nt20898;
nt20899;
nt20900;
nt20901;
nt20902;
nt20903;
nt20904;
nt20905;
nt20906;
nt20907;
nt20908;
nt20909;
nt20910;
nt20911;
nt20912;
nt20913;
nt20914;
nt20915;
nt20916;
nt20917;
nt20918;
nt20919;
nt20920;
nt20921;
nt20922;
nt20923;
nt20924;
nt20925;
nt20926;
nt20927;
nt20928;
nt20929;
nt20930;
nt20931;
nt20932;
nt20933;
nt20934;
nt20935;
nt20936;
nt20937;
nt20938;
nt20939;
nt20940;
nt20941;
nt20942;
nt20943;
nt20944;
nt20945;
nt20946;
nt20947;
nt20948;
nt20949;
nt20950;
nt20951;
nt20952;
nt20953;
nt20954;
nt20955;
nt20956;
nt20957;
nt20958;
nt20959;
nt20960;
nt20961;
nt20962;
nt20963;
nt20964;
nt20965;
nt20966;
nt20967;
nt20968;
nt20969;
nt20970;
nt20971;
nt20972;
nt20973;
nt20974;
nt20975;
nt20976;
nt20977;
nt20978;
nt20979;
nt20980;
nt20981;
nt20982;
nt20983;
nt20984;
nt20985;
nt20986;
nt20987;
nt20988;
nt20989;
nt20990;
nt20991;
nt20992;
nt20993;
nt20994;
nt20995;
nt20996;
nt20997;
nt20998;
nt20999;
nt21000;
nt21001;
nt21002;
nt21003;
nt21004;
nt21005;
nt21006;
nt21007;
nt21008;
nt21009;
nt21010;
nt21011;
nt21012;
nt21013;
nt21014;
nt21015;
nt21016;
nt21017;
nt21018;
nt21019;
nt21020;
nt21021;
nt21022;
nt21023;
nt21024;
nt21025;
nt21026;
nt21027;
nt21028;
nt21029;
nt21030;
nt21031;
nt21032;
nt21033;
nt21034;
nt21035;
nt21036;
nt21037;
nt21038;
nt21039;
nt21040;
nt21041;
nt21042;
nt21043;
nt21044;
nt21045;
nt21046;
nt21047;
nt21048;
nt21049;
nt21050;
nt21051;
nt21052;
nt21053;
nt21054;
nt21055;
nt21056;
nt21057;
nt21058;
nt21059;
nt21060;
nt21061;
nt21062;
nt21063;
nt21064;
nt21065;
nt21066;
nt21067;
nt21068;
nt21069;
nt21070;
nt21071;
nt21072;
nt21073;
nt21074;
nt21075;
nt21076;
nt21077;
nt21078;
nt21079;
nt21080;
nt21081;
nt21082;
nt21083;
nt21084;
nt21085;
nt21086;
nt21087;
nt21088;
nt21089;
nt21090;
nt21091;
nt21092;
nt21093;
nt21094;
nt21095;
nt21096;
nt21097;
nt21098;
nt21099;
nt21100;
nt21101;
nt21102;
nt21103;
nt21104;
nt21105;
nt21106;
nt21107;
nt21108;
nt21109;
nt21110;
nt21111;
nt21112;
nt21113;
nt21114;
nt21115;
nt21116;
nt21117;
nt21118;
nt21119;
nt21120;
nt21121;
nt21122;
nt21123;
nt21124;
nt21125;
nt21126;
nt21127;
nt21128;
nt21129;
nt21130;
nt21131;
nt21132;
nt21133;
nt21134;
nt21135;
nt21136;
nt21137;
nt21138;
nt21139;
nt21140;
nt21141;
nt21142;
nt21143;
nt21144;
nt21145;
nt21146;
nt21147;
nt21148;
nt21149;
nt21150;
nt21151;
nt21152;
nt21153;
nt21154;
nt21155;
nt21156;
nt21157;
nt21158;
nt21159;
nt21160;
nt21161;
nt21162;
nt21163;
nt21164;
nt21165;
nt21166;
nt21167;
nt21168;
nt21169;
nt21170;
nt21171;
nt21172;
nt21173;
nt21174;
nt21175;
nt21176;
nt21177;
nt21178;
nt21179;
nt21180;
nt21181;
nt21182;
nt21183;
nt21184;
nt21185;
nt21186;
nt21187;
nt21188;
nt21189;
nt21190;
nt21191;
nt21192;
nt21193;
nt21194;
nt21195;
nt21196;
nt21197;
nt21198;
nt21199;
nt21200;
nt21201;
nt21202;
nt21203;
nt21204;
nt21205;
nt21206;
nt21207;
nt21208;
nt21209;
nt21210;
nt21211;
nt21212;
nt21213;
nt21214;
nt21215;
nt21216;
nt21217;
nt21218;
nt21219;
nt21220;
nt21221;
nt21222;
nt21223;
nt21224;
nt21225;
nt21226;
nt21227;
nt21228;
nt21229;
nt21230;
nt21231;
nt21232;
nt21233;
nt21234;
nt21235;
nt21236;
nt21237;
nt21238;
nt21239;
nt21240;
nt21241;
nt21242;
nt21243;
nt21244;
nt21245;
nt21246;
nt21247;
nt21248;
nt21249;
nt21250;
nt21251;
nt21252;
nt21253;
nt21254;
nt21255;
nt21256;
nt21257;
nt21258;
nt21259;
nt21260;
nt21261;
nt21262;
nt21263;
nt21264;
nt21265;
nt21266;
nt21267;
nt21268;
nt21269;
nt21270;
nt21271;
nt21272;
nt21273;
nt21274;
nt21275;
nt21276;
nt21277;
nt21278;
nt21279;
nt21280;
nt21281;
nt21282;
nt21283;
nt21284;
nt21285;
nt21286;
nt21287;
nt21288;
nt21289;
nt21290;
nt21291;
nt21292;
nt21293;
nt21294;
nt21295;
nt21296;
nt21297;
nt21298;
nt21299;
nt21300;
nt21301;
nt21302;
nt21303;
nt21304;
nt21305;
nt21306;
nt21307;
nt21308;
nt21309;
nt21310;
nt21311;
nt21312;
nt21313;
nt21314;
nt21315;
nt21316;
nt21317;
nt21318;
nt21319;
nt21320;
nt21321;
nt21322;
nt21323;
nt21324;
nt21325;
nt21326;
nt21327;
nt21328;
nt21329;
nt21330;
nt21331;
nt21332;
nt21333;
nt21334;
nt21335;
nt21336;
nt21337;
nt21338;
nt21339;
nt21340;
nt21341;
nt21342;
nt21343;
nt21344;
nt21345;
nt21346;
nt21347;
nt21348;
nt21349;
nt21350;
nt21351;
nt21352;
nt21353;
nt21354;
nt21355;
nt21356;
nt21357;
nt21358;
nt21359;
nt21360;
nt21361;
nt21362;
nt21363;
nt21364;
nt21365;
nt21366;
nt21367;
nt21368;
nt21369;
nt21370;
nt21371;
nt21372;
nt21373;
nt21374;
nt21375;
nt21376;
nt21377;
nt21378;
nt21379;
nt21380;
nt21381;
nt21382;
nt21383;
nt21384;
nt21385;
nt21386;
nt21387;
nt21388;
nt21389;
nt21390;
nt21391;
nt21392;
nt21393;
nt21394;
nt21395;
nt21396;
nt21397;
nt21398;
nt21399;
nt21400;
nt21401;
nt21402;
nt21403;
nt21404;
nt21405;
nt21406;
nt21407;
nt21408;
nt21409;
nt21410;
nt21411;
nt21412;
nt21413;
nt21414;
nt21415;
nt21416;
nt21417;
nt21418;
nt21419;
nt21420;
nt21421;
nt21422;
nt21423;
nt21424;
nt21425;
nt21426;
nt21427;
nt21428;
nt21429;
nt21430;
nt21431;
nt21432;
nt21433;
nt21434;
nt21435;
nt21436;
nt21437;
nt21438;
nt21439;
nt21440;
nt21441;
nt21442;
nt21443;
nt21444;
nt21445;
nt21446;
nt21447;
nt21448;
nt21449;
nt21450;
nt21451;
nt21452;
nt21453;
nt21454;
nt21455;
nt21456;
nt21457;
nt21458;
nt21459;
nt21460;
nt21461;
nt21462;
nt21463;
nt21464;
nt21465;
nt21466;
nt21467;
nt21468;
nt21469;
nt21470;
nt21471;
nt21472;
nt21473;
nt21474;
nt21475;
nt21476;
nt21477;
nt21478;
nt21479;
nt21480;
nt21481;
nt21482;
nt21483;
nt21484;
nt21485;
nt21486;
nt21487;
nt21488;
nt21489;
nt21490;
nt21491;
nt21492;
nt21493;
nt21494;
nt21495;
nt21496;
nt21497;
nt21498;
nt21499;
nt21500;
nt21501;
nt21502;
nt21503;
nt21504;
nt21505;
nt21506;
nt21507;
nt21508;
nt21509;
nt21510;
nt21511;
nt21512;
nt21513;
nt21514;
nt21515;
nt21516;
nt21517;
nt21518;
nt21519;
nt21520;
nt21521;
nt21522;
nt21523;
nt21524;
nt21525;
nt21526;
nt21527;
nt21528;
nt21529;
nt21530;
nt21531;
nt21532;
nt21533;
nt21534;
nt21535;
nt21536;
nt21537;
nt21538;
nt21539;
nt21540;
nt21541;
nt21542;
nt21543;
nt21544;
nt21545;
nt21546;
nt21547;
nt21548;
nt21549;
nt21550;
nt21551;
nt21552;
nt21553;
nt21554;
nt21555;
nt21556;
nt21557;
nt21558;
nt21559;
nt21560;
nt21561;
nt21562;
nt21563;
nt21564;
nt21565;
nt21566;
nt21567;
nt21568;
nt21569;
nt21570;
nt21571;
nt21572;
nt21573;
nt21574;
nt21575;
nt21576;
nt21577;
nt21578;
nt21579;
nt21580;
nt21581;
nt21582;
nt21583;
nt21584;
nt21585;
nt21586;
nt21587;
nt21588;
nt21589;
nt21590;
nt21591;
nt21592;
nt21593;
nt21594;
nt21595;
nt21596;
nt21597;
nt21598;
nt21599;
nt21600;
nt21601;
nt21602;
nt21603;
nt21604;
nt21605;
nt21606;
nt21607;
nt21608;
nt21609;
nt21610;
nt21611;
nt21612;
nt21613;
nt21614;
nt21615;
nt21616;
nt21617;
nt21618;
nt21619;
nt21620;
nt21621;
nt21622;
nt21623;
nt21624;
nt21625;
nt21626;
nt21627;
nt21628;
nt21629;
nt21630;
nt21631;
nt21632;
nt21633;
nt21634;
nt21635;
nt21636;
nt21637;
nt21638;
nt21639;
nt21640;
nt21641;
nt21642;
nt21643;
nt21644;
nt21645;
nt21646;
nt21647;
nt21648;
nt21649;
nt21650;
nt21651;
nt21652;
nt21653;
nt21654;
nt21655;
nt21656;
nt21657;
nt21658;
nt21659;
nt21660;
nt21661;
nt21662;
nt21663;
nt21664;
nt21665;
nt21666;
nt21667;
nt21668;
nt21669;
nt21670;
nt21671;
nt21672;
nt21673;
nt21674;
nt21675;
nt21676;
nt21677;
nt21678;
nt21679;
nt21680;
nt21681;
nt21682;
nt21683;
nt21684;
nt21685;
nt21686;
nt21687;
nt21688;
nt21689;
nt21690;
nt21691;
nt21692;
nt21693;
nt21694;
nt21695;
nt21696;
nt21697;
nt21698;
nt21699;
nt21700;
nt21701;
nt21702;
nt21703;
nt21704;
nt21705;
nt21706;
nt21707;
nt21708;
nt21709;
nt21710;
nt21711;
nt21712;
nt21713;
nt21714;
nt21715;
nt21716;
nt21717;
nt21718;
nt21719;
nt21720;
nt21721;
nt21722;
nt21723;
nt21724;
nt21725;
nt21726;
nt21727;
nt21728;
nt21729;
nt21730;
nt21731;
nt21732;
nt21733;
nt21734;
nt21735;
nt21736;
nt21737;
nt21738;
nt21739;
nt21740;
nt21741;
nt21742;
nt21743;
nt21744;
nt21745;
nt21746;
nt21747;
nt21748;
nt21749;
nt21750;
nt21751;
nt21752;
nt21753;
nt21754;
nt21755;
nt21756;
nt21757;
nt21758;
nt21759;
nt21760;
nt21761;
nt21762;
nt21763;
nt21764;
nt21765;
nt21766;
nt21767;
nt21768;
nt21769;
nt21770;
nt21771;
nt21772;
nt21773;
nt21774;
nt21775;
nt21776;
nt21777;
nt21778;
nt21779;
nt21780;
nt21781;
nt21782;
nt21783;
nt21784;
nt21785;
nt21786;
nt21787;
nt21788;
nt21789;
nt21790;
nt21791;
nt21792;
nt21793;
nt21794;
nt21795;
nt21796;
nt21797;
nt21798;
nt21799;
nt21800;
nt21801;
nt21802;
nt21803;
nt21804;
nt21805;
nt21806;
nt21807;
nt21808;
nt21809;
nt21810;
nt21811;
nt21812;
nt21813;
nt21814;
nt21815;
nt21816;
nt21817;
nt21818;
nt21819;
nt21820;
nt21821;
nt21822;
nt21823;
nt21824;
nt21825;
nt21826;
nt21827;
nt21828;
nt21829;
nt21830;
nt21831;
nt21832;
nt21833;
nt21834;
nt21835;
nt21836;
nt21837;
nt21838;
nt21839;
nt21840;
nt21841;
nt21842;
nt21843;
nt21844;
nt21845;
nt21846;
nt21847;
nt21848;
nt21849;
nt21850;
nt21851;
nt21852;
nt21853;
nt21854;
nt21855;
nt21856;
nt21857;
nt21858;
nt21859;
nt21860;
nt21861;
nt21862;
nt21863;
nt21864;
nt21865;
nt21866;
nt21867;
nt21868;
nt21869;
nt21870;
nt21871;
nt21872;
nt21873;
nt21874;
nt21875;
nt21876;
nt21877;
nt21878;
nt21879;
nt21880;
nt21881;
nt21882;
nt21883;
nt21884;
nt21885;
nt21886;
nt21887;
nt21888;
nt21889;
nt21890;
nt21891;
nt21892;
nt21893;
nt21894;
nt21895;
nt21896;
nt21897;
nt21898;
nt21899;
nt21900;
nt21901;
nt21902;
nt21903;
nt21904;
nt21905;
nt21906;
nt21907;
nt21908;
nt21909;
nt21910;
nt21911;
nt21912;
nt21913;
nt21914;
nt21915;
nt21916;
nt21917;
nt21918;
nt21919;
nt21920;
nt21921;
nt21922;
nt21923;
nt21924;
nt21925;
nt21926;
nt21927;
nt21928;
nt21929;
nt21930;
nt21931;
nt21932;
nt21933;
nt21934;
nt21935;
nt21936;
nt21937;
nt21938;
nt21939;
nt21940;
nt21941;
nt21942;
nt21943;
nt21944;
nt21945;
nt21946;
nt21947;
nt21948;
nt21949;
nt21950;
nt21951;
nt21952;
nt21953;
nt21954;
nt21955;
nt21956;
nt21957;
nt21958;
nt21959;
nt21960;
nt21961;
nt21962;
nt21963;
nt21964;
nt21965;
nt21966;
nt21967;
nt21968;
nt21969;
nt21970;
nt21971;
nt21972;
nt21973;
nt21974;
nt21975;
nt21976;
nt21977;
nt21978;
nt21979;
nt21980;
nt21981;
nt21982;
nt21983;
nt21984;
nt21985;
nt21986;
nt21987;
nt21988;
nt21989;
nt21990;
nt21991;
nt21992;
nt21993;
nt21994;
nt21995;
nt21996;
nt21997;
nt21998;
nt21999;
nt22000;
nt22001;
nt22002;
nt22003;
nt22004;
nt22005;
nt22006;
nt22007;
nt22008;
nt22009;
nt22010;
nt22011;
nt22012;
nt22013;
nt22014;
nt22015;
nt22016;
nt22017;
nt22018;
nt22019;
nt22020;
nt22021;
nt22022;
nt22023;
nt22024;
nt22025;
nt22026;
nt22027;
nt22028;
nt22029;
nt22030;
nt22031;
nt22032;
nt22033;
nt22034;
nt22035;
nt22036;
nt22037;
nt22038;
nt22039;
nt22040;
nt22041;
nt22042;
nt22043;
nt22044;
nt22045;
nt22046;
nt22047;
nt22048;
nt22049;
nt22050;
nt22051;
nt22052;
nt22053;
nt22054;
nt22055;
nt22056;
nt22057;
nt22058;
nt22059;
nt22060;
nt22061;
nt22062;
nt22063;
nt22064;
nt22065;
nt22066;
nt22067;
nt22068;
nt22069;
nt22070;
nt22071;
nt22072;
nt22073;
nt22074;
nt22075;
nt22076;
nt22077;
nt22078;
nt22079;
nt22080;
nt22081;
nt22082;
nt22083;
nt22084;
nt22085;
nt22086;
nt22087;
nt22088;
nt22089;
nt22090;
nt22091;
nt22092;
nt22093;
nt22094;
nt22095;
nt22096;
nt22097;
nt22098;
nt22099;
nt22100;
nt22101;
nt22102;
nt22103;
nt22104;
nt22105;
nt22106;
nt22107;
nt22108;
nt22109;
nt22110;
nt22111;
nt22112;
nt22113;
nt22114;
nt22115;
nt22116;
nt22117;
nt22118;
nt22119;
nt22120;
nt22121;
nt22122;
nt22123;
nt22124;
nt22125;
nt22126;
nt22127;
nt22128;
nt22129;
nt22130;
nt22131;
nt22132;
nt22133;
nt22134;
nt22135;
nt22136;
nt22137;
nt22138;
nt22139;
nt22140;
nt22141;
nt22142;
nt22143;
nt22144;
nt22145;
nt22146;
nt22147;
nt22148;
nt22149;
nt22150;
nt22151;
nt22152;
nt22153;
nt22154;
nt22155;
nt22156;
nt22157;
nt22158;
nt22159;
nt22160;
nt22161;
nt22162;
nt22163;
nt22164;
nt22165;
nt22166;
nt22167;
nt22168;
nt22169;
nt22170;
nt22171;
nt22172;
nt22173;
nt22174;
nt22175;
nt22176;
nt22177;
nt22178;
nt22179;
nt22180;
nt22181;
nt22182;
nt22183;
nt22184;
nt22185;
nt22186;
nt22187;
nt22188;
nt22189;
nt22190;
nt22191;
nt22192;
nt22193;
nt22194;
nt22195;
nt22196;
nt22197;
nt22198;
nt22199;
nt22200;
nt22201;
nt22202;
nt22203;
nt22204;
nt22205;
nt22206;
nt22207;
nt22208;
nt22209;
nt22210;
nt22211;
nt22212;
nt22213;
nt22214;
nt22215;
nt22216;
nt22217;
nt22218;
nt22219;
nt22220;
nt22221;
nt22222;
nt22223;
nt22224;
nt22225;
nt22226;
nt22227;
nt22228;
nt22229;
nt22230;
nt22231;
nt22232;
nt22233;
nt22234;
nt22235;
nt22236;
nt22237;
nt22238;
nt22239;
nt22240;
nt22241;
nt22242;
nt22243;
nt22244;
nt22245;
nt22246;
nt22247;
nt22248;
nt22249;
nt22250;
nt22251;
nt22252;
nt22253;
nt22254;
nt22255;
nt22256;
nt22257;
nt22258;
nt22259;
nt22260;
nt22261;
nt22262;
nt22263;
nt22264;
nt22265;
nt22266;
nt22267;
nt22268;
nt22269;
nt22270;
nt22271;
nt22272;
nt22273;
nt22274;
nt22275;
nt22276;
nt22277;
nt22278;
nt22279;
nt22280;
nt22281;
nt22282;
nt22283;
nt22284;
nt22285;
nt22286;
nt22287;
nt22288;
nt22289;
nt22290;
nt22291;
nt22292;
nt22293;
nt22294;
nt22295;
nt22296;
nt22297;
nt22298;
nt22299;
nt22300;
nt22301;
nt22302;
nt22303;
nt22304;
nt22305;
nt22306;
nt22307;
nt22308;
nt22309;
nt22310;
nt22311;
nt22312;
nt22313;
nt22314;
nt22315;
