z1;tz2001;yy2001;ty5002
z2;tz2002;yy2002;ty5003
z3;tz2003;yy2003;ty5004
z4;tz2004;yy2004;ty5005
z5;tz2005;yy2005;ty5006
z6;tz2006;yy2006;ty5007
z7;tz2007;yy2007;ty5008
z8;tz2008;yy2008;ty5009
z9;tz2009;yy2009;ty5010
z10;tz2010;yy2010;ty5011
z11;tz2011;yy2011;ty5012
z12;tz2012;yy2012;ty5013
z13;tz2013;yy2013;ty5014
z14;tz2014;yy2014;ty5015
z15;tz2015;yy2015;ty5016
z16;tz2016;yy2016;ty5017
z17;tz2017;yy2017;ty5018
z18;tz2018;yy2018;ty5019
z19;tz2019;yy2019;ty5020
z20;tz2020;yy2020;ty5021
z21;tz2021;yy2021;ty5022
z22;tz2022;yy2022;ty5023
z23;tz2023;yy2023;ty5024
z24;tz2024;yy2024;ty5025
z25;tz2025;yy2025;ty5026
z26;tz2026;yy2026;ty5027
z27;tz2027;yy2027;ty5028
z28;tz2028;yy2028;ty5029
z29;tz2029;yy2029;ty5030
z30;tz2030;yy2030;ty5031
z31;tz2031;yy2031;ty5032
z32;tz2032;yy2032;ty5033
z33;tz2033;yy2033;ty5034
z34;tz2034;yy2034;ty5035
z35;tz2035;yy2035;ty5036
z36;tz2036;yy2036;ty5037
z37;tz2037;yy2037;ty5038
z38;tz2038;yy2038;ty5039
z39;tz2039;yy2039;ty5040
z40;tz2040;yy2040;ty5041
z41;tz2041;yy2041;ty5042
z42;tz2042;yy2042;ty5043
z43;tz2043;yy2043;ty5044
z44;tz2044;yy2044;ty5045
z45;tz2045;yy2045;ty5046
z46;tz2046;yy2046;ty5047
z47;tz2047;yy2047;ty5048
z48;tz2048;yy2048;ty5049
z49;tz2049;yy2049;ty5050
z50;tz2050;yy2050;ty5051
z51;tz2051;yy2051;ty5052
z52;tz2052;yy2052;ty5053
z53;tz2053;yy2053;ty5054
z54;tz2054;yy2054;ty5055
z55;tz2055;yy2055;ty5056
z56;tz2056;yy2056;ty5057
z57;tz2057;yy2057;ty5058
z58;tz2058;yy2058;ty5059
z59;tz2059;yy2059;ty5060
z60;tz2060;yy2060;ty5061
z61;tz2061;yy2061;ty5062
z62;tz2062;yy2062;ty5063
z63;tz2063;yy2063;ty5064
z64;tz2064;yy2064;ty5065
z65;tz2065;yy2065;ty5066
z66;tz2066;yy2066;ty5067
z67;tz2067;yy2067;ty5068
z68;tz2068;yy2068;ty5069
z69;tz2069;yy2069;ty5070
z70;tz2070;yy2070;ty5071
z71;tz2071;yy2071;ty5072
z72;tz2072;yy2072;ty5073
z73;tz2073;yy2073;ty5074
z74;tz2074;yy2074;ty5075
z75;tz2075;yy2075;ty5076
z76;tz2076;yy2076;ty5077
z77;tz2077;yy2077;ty5078
z78;tz2078;yy2078;ty5079
z79;tz2079;yy2079;ty5080
z80;tz2080;yy2080;ty5081
z81;tz2081;yy2081;ty5082
z82;tz2082;yy2082;ty5083
z83;tz2083;yy2083;ty5084
z84;tz2084;yy2084;ty5085
z85;tz2085;yy2085;ty5086
z86;tz2086;yy2086;ty5087
z87;tz2087;yy2087;ty5088
z88;tz2088;yy2088;ty5089
z89;tz2089;yy2089;ty5090
z90;tz2090;yy2090;ty5091
z91;tz2091;yy2091;ty5092
z92;tz2092;yy2092;ty5093
z93;tz2093;yy2093;ty5094
z94;tz2094;yy2094;ty5095
z95;tz2095;yy2095;ty5096
z96;tz2096;yy2096;ty5097
z97;tz2097;yy2097;ty5098
z98;tz2098;yy2098;ty5099
z99;tz2099;yy2099;ty5100
z100;tz2100;yy2100;ty5101
z101;tz2101;yy2101;ty5102
z102;tz2102;yy2102;ty5103
z103;tz2103;yy2103;ty5104
z104;tz2104;yy2104;ty5105
z105;tz2105;yy2105;ty5106
z106;tz2106;yy2106;ty5107
z107;tz2107;yy2107;ty5108
z108;tz2108;yy2108;ty5109
z109;tz2109;yy2109;ty5110
z110;tz2110;yy2110;ty5111
z111;tz2111;yy2111;ty5112
z112;tz2112;yy2112;ty5113
z113;tz2113;yy2113;ty5114
z114;tz2114;yy2114;ty5115
z115;tz2115;yy2115;ty5116
z116;tz2116;yy2116;ty5117
z117;tz2117;yy2117;ty5118
z118;tz2118;yy2118;ty5119
z119;tz2119;yy2119;ty5120
z120;tz2120;yy2120;ty5121
z121;tz2121;yy2121;ty5122
z122;tz2122;yy2122;ty5123
z123;tz2123;yy2123;ty5124
z124;tz2124;yy2124;ty5125
z125;tz2125;yy2125;ty5126
z126;tz2126;yy2126;ty5127
z127;tz2127;yy2127;ty5128
z128;tz2128;yy2128;ty5129
z129;tz2129;yy2129;ty5130
z130;tz2130;yy2130;ty5131
z131;tz2131;yy2131;ty5132
z132;tz2132;yy2132;ty5133
z133;tz2133;yy2133;ty5134
z134;tz2134;yy2134;ty5135
z135;tz2135;yy2135;ty5136
z136;tz2136;yy2136;ty5137
z137;tz2137;yy2137;ty5138
z138;tz2138;yy2138;ty5139
z139;tz2139;yy2139;ty5140
z140;tz2140;yy2140;ty5141
z141;tz2141;yy2141;ty5142
z142;tz2142;yy2142;ty5143
z143;tz2143;yy2143;ty5144
z144;tz2144;yy2144;ty5145
z145;tz2145;yy2145;ty5146
z146;tz2146;yy2146;ty5147
z147;tz2147;yy2147;ty5148
z148;tz2148;yy2148;ty5149
z149;tz2149;yy2149;ty5150
z150;tz2150;yy2150;ty5151
z151;tz2151;yy2151;ty5152
z152;tz2152;yy2152;ty5153
z153;tz2153;yy2153;ty5154
z154;tz2154;yy2154;ty5155
z155;tz2155;yy2155;ty5156
z156;tz2156;yy2156;ty5157
z157;tz2157;yy2157;ty5158
z158;tz2158;yy2158;ty5159
z159;tz2159;yy2159;ty5160
z160;tz2160;yy2160;ty5161
z161;tz2161;yy2161;ty5162
z162;tz2162;yy2162;ty5163
z163;tz2163;yy2163;ty5164
z164;tz2164;yy2164;ty5165
z165;tz2165;yy2165;ty5166
z166;tz2166;yy2166;ty5167
z167;tz2167;yy2167;ty5168
z168;tz2168;yy2168;ty5169
z169;tz2169;yy2169;ty5170
z170;tz2170;yy2170;ty5171
z171;tz2171;yy2171;ty5172
z172;tz2172;yy2172;ty5173
z173;tz2173;yy2173;ty5174
z174;tz2174;yy2174;ty5175
z175;tz2175;yy2175;ty5176
z176;tz2176;yy2176;ty5177
z177;tz2177;yy2177;ty5178
z178;tz2178;yy2178;ty5179
z179;tz2179;yy2179;ty5180
z180;tz2180;yy2180;ty5181
z181;tz2181;yy2181;ty5182
z182;tz2182;yy2182;ty5183
z183;tz2183;yy2183;ty5184
z184;tz2184;yy2184;ty5185
z185;tz2185;yy2185;ty5186
z186;tz2186;yy2186;ty5187
z187;tz2187;yy2187;ty5188
z188;tz2188;yy2188;ty5189
z189;tz2189;yy2189;ty5190
z190;tz2190;yy2190;ty5191
z191;tz2191;yy2191;ty5192
z192;tz2192;yy2192;ty5193
z193;tz2193;yy2193;ty5194
z194;tz2194;yy2194;ty5195
z195;tz2195;yy2195;ty5196
z196;tz2196;yy2196;ty5197
z197;tz2197;yy2197;ty5198
z198;tz2198;yy2198;ty5199
z199;tz2199;yy2199;ty5200
z200;tz2200;yy2200;ty5201
z201;tz2201;yy2201;ty5202
z202;tz2202;yy2202;ty5203
z203;tz2203;yy2203;ty5204
z204;tz2204;yy2204;ty5205
z205;tz2205;yy2205;ty5206
z206;tz2206;yy2206;ty5207
z207;tz2207;yy2207;ty5208
z208;tz2208;yy2208;ty5209
z209;tz2209;yy2209;ty5210
z210;tz2210;yy2210;ty5211
z211;tz2211;yy2211;ty5212
z212;tz2212;yy2212;ty5213
z213;tz2213;yy2213;ty5214
z214;tz2214;yy2214;ty5215
z215;tz2215;yy2215;ty5216
z216;tz2216;yy2216;ty5217
z217;tz2217;yy2217;ty5218
z218;tz2218;yy2218;ty5219
z219;tz2219;yy2219;ty5220
z220;tz2220;yy2220;ty5221
z221;tz2221;yy2221;ty5222
z222;tz2222;yy2222;ty5223
z223;tz2223;yy2223;ty5224
z224;tz2224;yy2224;ty5225
z225;tz2225;yy2225;ty5226
z226;tz2226;yy2226;ty5227
z227;tz2227;yy2227;ty5228
z228;tz2228;yy2228;ty5229
z229;tz2229;yy2229;ty5230
z230;tz2230;yy2230;ty5231
z231;tz2231;yy2231;ty5232
z232;tz2232;yy2232;ty5233
z233;tz2233;yy2233;ty5234
z234;tz2234;yy2234;ty5235
z235;tz2235;yy2235;ty5236
z236;tz2236;yy2236;ty5237
z237;tz2237;yy2237;ty5238
z238;tz2238;yy2238;ty5239
z239;tz2239;yy2239;ty5240
z240;tz2240;yy2240;ty5241
z241;tz2241;yy2241;ty5242
z242;tz2242;yy2242;ty5243
z243;tz2243;yy2243;ty5244
z244;tz2244;yy2244;ty5245
z245;tz2245;yy2245;ty5246
z246;tz2246;yy2246;ty5247
z247;tz2247;yy2247;ty5248
z248;tz2248;yy2248;ty5249
z249;tz2249;yy2249;ty5250
z250;tz2250;yy2250;ty5251
z251;tz2251;yy2251;ty5252
z252;tz2252;yy2252;ty5253
z253;tz2253;yy2253;ty5254
z254;tz2254;yy2254;ty5255
z255;tz2255;yy2255;ty5256
z256;tz2256;yy2256;ty5257
z257;tz2257;yy2257;ty5258
z258;tz2258;yy2258;ty5259
z259;tz2259;yy2259;ty5260
z260;tz2260;yy2260;ty5261
z261;tz2261;yy2261;ty5262
z262;tz2262;yy2262;ty5263
z263;tz2263;yy2263;ty5264
z264;tz2264;yy2264;ty5265
z265;tz2265;yy2265;ty5266
z266;tz2266;yy2266;ty5267
z267;tz2267;yy2267;ty5268
z268;tz2268;yy2268;ty5269
z269;tz2269;yy2269;ty5270
z270;tz2270;yy2270;ty5271
z271;tz2271;yy2271;ty5272
z272;tz2272;yy2272;ty5273
z273;tz2273;yy2273;ty5274
z274;tz2274;yy2274;ty5275
z275;tz2275;yy2275;ty5276
z276;tz2276;yy2276;ty5277
z277;tz2277;yy2277;ty5278
z278;tz2278;yy2278;ty5279
z279;tz2279;yy2279;ty5280
z280;tz2280;yy2280;ty5281
z281;tz2281;yy2281;ty5282
z282;tz2282;yy2282;ty5283
z283;tz2283;yy2283;ty5284
z284;tz2284;yy2284;ty5285
z285;tz2285;yy2285;ty5286
z286;tz2286;yy2286;ty5287
z287;tz2287;yy2287;ty5288
z288;tz2288;yy2288;ty5289
z289;tz2289;yy2289;ty5290
z290;tz2290;yy2290;ty5291
z291;tz2291;yy2291;ty5292
z292;tz2292;yy2292;ty5293
z293;tz2293;yy2293;ty5294
z294;tz2294;yy2294;ty5295
z295;tz2295;yy2295;ty5296
z296;tz2296;yy2296;ty5297
z297;tz2297;yy2297;ty5298
z298;tz2298;yy2298;ty5299
z299;tz2299;yy2299;ty5300
z300;tz2300;yy2300;ty5301
z301;tz2301;yy2301;ty5302
z302;tz2302;yy2302;ty5303
z303;tz2303;yy2303;ty5304
z304;tz2304;yy2304;ty5305
z305;tz2305;yy2305;ty5306
z306;tz2306;yy2306;ty5307
z307;tz2307;yy2307;ty5308
z308;tz2308;yy2308;ty5309
z309;tz2309;yy2309;ty5310
z310;tz2310;yy2310;ty5311
z311;tz2311;yy2311;ty5312
z312;tz2312;yy2312;ty5313
z313;tz2313;yy2313;ty5314
z314;tz2314;yy2314;ty5315
z315;tz2315;yy2315;ty5316
z316;tz2316;yy2316;ty5317
z317;tz2317;yy2317;ty5318
z318;tz2318;yy2318;ty5319
z319;tz2319;yy2319;ty5320
z320;tz2320;yy2320;ty5321
z321;tz2321;yy2321;ty5322
z322;tz2322;yy2322;ty5323
z323;tz2323;yy2323;ty5324
z324;tz2324;yy2324;ty5325
z325;tz2325;yy2325;ty5326
z326;tz2326;yy2326;ty5327
z327;tz2327;yy2327;ty5328
z328;tz2328;yy2328;ty5329
z329;tz2329;yy2329;ty5330
z330;tz2330;yy2330;ty5331
z331;tz2331;yy2331;ty5332
z332;tz2332;yy2332;ty5333
z333;tz2333;yy2333;ty5334
z334;tz2334;yy2334;ty5335
z335;tz2335;yy2335;ty5336
z336;tz2336;yy2336;ty5337
z337;tz2337;yy2337;ty5338
z338;tz2338;yy2338;ty5339
z339;tz2339;yy2339;ty5340
z340;tz2340;yy2340;ty5341
z341;tz2341;yy2341;ty5342
z342;tz2342;yy2342;ty5343
z343;tz2343;yy2343;ty5344
z344;tz2344;yy2344;ty5345
z345;tz2345;yy2345;ty5346
z346;tz2346;yy2346;ty5347
z347;tz2347;yy2347;ty5348
z348;tz2348;yy2348;ty5349
z349;tz2349;yy2349;ty5350
z350;tz2350;yy2350;ty5351
z351;tz2351;yy2351;ty5352
z352;tz2352;yy2352;ty5353
z353;tz2353;yy2353;ty5354
z354;tz2354;yy2354;ty5355
z355;tz2355;yy2355;ty5356
z356;tz2356;yy2356;ty5357
z357;tz2357;yy2357;ty5358
z358;tz2358;yy2358;ty5359
z359;tz2359;yy2359;ty5360
z360;tz2360;yy2360;ty5361
z361;tz2361;yy2361;ty5362
z362;tz2362;yy2362;ty5363
z363;tz2363;yy2363;ty5364
z364;tz2364;yy2364;ty5365
z365;tz2365;yy2365;ty5366
z366;tz2366;yy2366;ty5367
z367;tz2367;yy2367;ty5368
z368;tz2368;yy2368;ty5369
z369;tz2369;yy2369;ty5370
z370;tz2370;yy2370;ty5371
z371;tz2371;yy2371;ty5372
z372;tz2372;yy2372;ty5373
z373;tz2373;yy2373;ty5374
z374;tz2374;yy2374;ty5375
z375;tz2375;yy2375;ty5376
z376;tz2376;yy2376;ty5377
z377;tz2377;yy2377;ty5378
z378;tz2378;yy2378;ty5379
z379;tz2379;yy2379;ty5380
z380;tz2380;yy2380;ty5381
z381;tz2381;yy2381;ty5382
z382;tz2382;yy2382;ty5383
z383;tz2383;yy2383;ty5384
z384;tz2384;yy2384;ty5385
z385;tz2385;yy2385;ty5386
z386;tz2386;yy2386;ty5387
z387;tz2387;yy2387;ty5388
z388;tz2388;yy2388;ty5389
z389;tz2389;yy2389;ty5390
z390;tz2390;yy2390;ty5391
z391;tz2391;yy2391;ty5392
z392;tz2392;yy2392;ty5393
z393;tz2393;yy2393;ty5394
z394;tz2394;yy2394;ty5395
z395;tz2395;yy2395;ty5396
z396;tz2396;yy2396;ty5397
z397;tz2397;yy2397;ty5398
z398;tz2398;yy2398;ty5399
z399;tz2399;yy2399;ty5400
z400;tz2400;yy2400;ty5401
z401;tz2401;yy2401;ty5402
z402;tz2402;yy2402;ty5403
z403;tz2403;yy2403;ty5404
z404;tz2404;yy2404;ty5405
z405;tz2405;yy2405;ty5406
z406;tz2406;yy2406;ty5407
z407;tz2407;yy2407;ty5408
z408;tz2408;yy2408;ty5409
z409;tz2409;yy2409;ty5410
z410;tz2410;yy2410;ty5411
z411;tz2411;yy2411;ty5412
z412;tz2412;yy2412;ty5413
z413;tz2413;yy2413;ty5414
z414;tz2414;yy2414;ty5415
z415;tz2415;yy2415;ty5416
z416;tz2416;yy2416;ty5417
z417;tz2417;yy2417;ty5418
z418;tz2418;yy2418;ty5419
z419;tz2419;yy2419;ty5420
z420;tz2420;yy2420;ty5421
z421;tz2421;yy2421;ty5422
z422;tz2422;yy2422;ty5423
z423;tz2423;yy2423;ty5424
z424;tz2424;yy2424;ty5425
z425;tz2425;yy2425;ty5426
z426;tz2426;yy2426;ty5427
z427;tz2427;yy2427;ty5428
z428;tz2428;yy2428;ty5429
z429;tz2429;yy2429;ty5430
z430;tz2430;yy2430;ty5431
z431;tz2431;yy2431;ty5432
z432;tz2432;yy2432;ty5433
z433;tz2433;yy2433;ty5434
z434;tz2434;yy2434;ty5435
z435;tz2435;yy2435;ty5436
z436;tz2436;yy2436;ty5437
z437;tz2437;yy2437;ty5438
z438;tz2438;yy2438;ty5439
z439;tz2439;yy2439;ty5440
z440;tz2440;yy2440;ty5441
z441;tz2441;yy2441;ty5442
z442;tz2442;yy2442;ty5443
z443;tz2443;yy2443;ty5444
z444;tz2444;yy2444;ty5445
z445;tz2445;yy2445;ty5446
z446;tz2446;yy2446;ty5447
z447;tz2447;yy2447;ty5448
z448;tz2448;yy2448;ty5449
z449;tz2449;yy2449;ty5450
z450;tz2450;yy2450;ty5451
z451;tz2451;yy2451;ty5452
z452;tz2452;yy2452;ty5453
z453;tz2453;yy2453;ty5454
z454;tz2454;yy2454;ty5455
z455;tz2455;yy2455;ty5456
z456;tz2456;yy2456;ty5457
z457;tz2457;yy2457;ty5458
z458;tz2458;yy2458;ty5459
z459;tz2459;yy2459;ty5460
z460;tz2460;yy2460;ty5461
z461;tz2461;yy2461;ty5462
z462;tz2462;yy2462;ty5463
z463;tz2463;yy2463;ty5464
z464;tz2464;yy2464;ty5465
z465;tz2465;yy2465;ty5466
z466;tz2466;yy2466;ty5467
z467;tz2467;yy2467;ty5468
z468;tz2468;yy2468;ty5469
z469;tz2469;yy2469;ty5470
z470;tz2470;yy2470;ty5471
z471;tz2471;yy2471;ty5472
z472;tz2472;yy2472;ty5473
z473;tz2473;yy2473;ty5474
z474;tz2474;yy2474;ty5475
z475;tz2475;yy2475;ty5476
z476;tz2476;yy2476;ty5477
z477;tz2477;yy2477;ty5478
z478;tz2478;yy2478;ty5479
z479;tz2479;yy2479;ty5480
z480;tz2480;yy2480;ty5481
z481;tz2481;yy2481;ty5482
z482;tz2482;yy2482;ty5483
z483;tz2483;yy2483;ty5484
z484;tz2484;yy2484;ty5485
z485;tz2485;yy2485;ty5486
z486;tz2486;yy2486;ty5487
z487;tz2487;yy2487;ty5488
z488;tz2488;yy2488;ty5489
z489;tz2489;yy2489;ty5490
z490;tz2490;yy2490;ty5491
z491;tz2491;yy2491;ty5492
z492;tz2492;yy2492;ty5493
z493;tz2493;yy2493;ty5494
z494;tz2494;yy2494;ty5495
z495;tz2495;yy2495;ty5496
z496;tz2496;yy2496;ty5497
z497;tz2497;yy2497;ty5498
z498;tz2498;yy2498;ty5499
z499;tz2499;yy2499;ty5500
z500;tz2500;yy2500;ty5501
z501;tz2501;yy2501;ty5502
z502;tz2502;yy2502;ty5503
z503;tz2503;yy2503;ty5504
z504;tz2504;yy2504;ty5505
z505;tz2505;yy2505;ty5506
z506;tz2506;yy2506;ty5507
z507;tz2507;yy2507;ty5508
z508;tz2508;yy2508;ty5509
z509;tz2509;yy2509;ty5510
z510;tz2510;yy2510;ty5511
z511;tz2511;yy2511;ty5512
z512;tz2512;yy2512;ty5513
z513;tz2513;yy2513;ty5514
z514;tz2514;yy2514;ty5515
z515;tz2515;yy2515;ty5516
z516;tz2516;yy2516;ty5517
z517;tz2517;yy2517;ty5518
z518;tz2518;yy2518;ty5519
z519;tz2519;yy2519;ty5520
z520;tz2520;yy2520;ty5521
z521;tz2521;yy2521;ty5522
z522;tz2522;yy2522;ty5523
z523;tz2523;yy2523;ty5524
z524;tz2524;yy2524;ty5525
z525;tz2525;yy2525;ty5526
z526;tz2526;yy2526;ty5527
z527;tz2527;yy2527;ty5528
z528;tz2528;yy2528;ty5529
z529;tz2529;yy2529;ty5530
z530;tz2530;yy2530;ty5531
z531;tz2531;yy2531;ty5532
z532;tz2532;yy2532;ty5533
z533;tz2533;yy2533;ty5534
z534;tz2534;yy2534;ty5535
z535;tz2535;yy2535;ty5536
z536;tz2536;yy2536;ty5537
z537;tz2537;yy2537;ty5538
z538;tz2538;yy2538;ty5539
z539;tz2539;yy2539;ty5540
z540;tz2540;yy2540;ty5541
z541;tz2541;yy2541;ty5542
z542;tz2542;yy2542;ty5543
z543;tz2543;yy2543;ty5544
z544;tz2544;yy2544;ty5545
z545;tz2545;yy2545;ty5546
z546;tz2546;yy2546;ty5547
z547;tz2547;yy2547;ty5548
z548;tz2548;yy2548;ty5549
z549;tz2549;yy2549;ty5550
z550;tz2550;yy2550;ty5551
z551;tz2551;yy2551;ty5552
z552;tz2552;yy2552;ty5553
z553;tz2553;yy2553;ty5554
z554;tz2554;yy2554;ty5555
z555;tz2555;yy2555;ty5556
z556;tz2556;yy2556;ty5557
z557;tz2557;yy2557;ty5558
z558;tz2558;yy2558;ty5559
z559;tz2559;yy2559;ty5560
z560;tz2560;yy2560;ty5561
z561;tz2561;yy2561;ty5562
z562;tz2562;yy2562;ty5563
z563;tz2563;yy2563;ty5564
z564;tz2564;yy2564;ty5565
z565;tz2565;yy2565;ty5566
z566;tz2566;yy2566;ty5567
z567;tz2567;yy2567;ty5568
z568;tz2568;yy2568;ty5569
z569;tz2569;yy2569;ty5570
z570;tz2570;yy2570;ty5571
z571;tz2571;yy2571;ty5572
z572;tz2572;yy2572;ty5573
z573;tz2573;yy2573;ty5574
z574;tz2574;yy2574;ty5575
z575;tz2575;yy2575;ty5576
z576;tz2576;yy2576;ty5577
z577;tz2577;yy2577;ty5578
z578;tz2578;yy2578;ty5579
z579;tz2579;yy2579;ty5580
z580;tz2580;yy2580;ty5581
z581;tz2581;yy2581;ty5582
z582;tz2582;yy2582;ty5583
z583;tz2583;yy2583;ty5584
z584;tz2584;yy2584;ty5585
z585;tz2585;yy2585;ty5586
z586;tz2586;yy2586;ty5587
z587;tz2587;yy2587;ty5588
z588;tz2588;yy2588;ty5589
z589;tz2589;yy2589;ty5590
z590;tz2590;yy2590;ty5591
z591;tz2591;yy2591;ty5592
z592;tz2592;yy2592;ty5593
z593;tz2593;yy2593;ty5594
z594;tz2594;yy2594;ty5595
z595;tz2595;yy2595;ty5596
z596;tz2596;yy2596;ty5597
z597;tz2597;yy2597;ty5598
z598;tz2598;yy2598;ty5599
z599;tz2599;yy2599;ty5600
z600;tz2600;yy2600;ty5601
z601;tz2601;yy2601;ty5602
z602;tz2602;yy2602;ty5603
z603;tz2603;yy2603;ty5604
z604;tz2604;yy2604;ty5605
z605;tz2605;yy2605;ty5606
z606;tz2606;yy2606;ty5607
z607;tz2607;yy2607;ty5608
z608;tz2608;yy2608;ty5609
z609;tz2609;yy2609;ty5610
z610;tz2610;yy2610;ty5611
z611;tz2611;yy2611;ty5612
z612;tz2612;yy2612;ty5613
z613;tz2613;yy2613;ty5614
z614;tz2614;yy2614;ty5615
z615;tz2615;yy2615;ty5616
z616;tz2616;yy2616;ty5617
z617;tz2617;yy2617;ty5618
z618;tz2618;yy2618;ty5619
z619;tz2619;yy2619;ty5620
z620;tz2620;yy2620;ty5621
z621;tz2621;yy2621;ty5622
z622;tz2622;yy2622;ty5623
z623;tz2623;yy2623;ty5624
z624;tz2624;yy2624;ty5625
z625;tz2625;yy2625;ty5626
z626;tz2626;yy2626;ty5627
z627;tz2627;yy2627;ty5628
z628;tz2628;yy2628;ty5629
z629;tz2629;yy2629;ty5630
z630;tz2630;yy2630;ty5631
z631;tz2631;yy2631;ty5632
z632;tz2632;yy2632;ty5633
z633;tz2633;yy2633;ty5634
z634;tz2634;yy2634;ty5635
z635;tz2635;yy2635;ty5636
z636;tz2636;yy2636;ty5637
z637;tz2637;yy2637;ty5638
z638;tz2638;yy2638;ty5639
z639;tz2639;yy2639;ty5640
z640;tz2640;yy2640;ty5641
z641;tz2641;yy2641;ty5642
z642;tz2642;yy2642;ty5643
z643;tz2643;yy2643;ty5644
z644;tz2644;yy2644;ty5645
z645;tz2645;yy2645;ty5646
z646;tz2646;yy2646;ty5647
z647;tz2647;yy2647;ty5648
z648;tz2648;yy2648;ty5649
z649;tz2649;yy2649;ty5650
z650;tz2650;yy2650;ty5651
z651;tz2651;yy2651;ty5652
z652;tz2652;yy2652;ty5653
z653;tz2653;yy2653;ty5654
z654;tz2654;yy2654;ty5655
z655;tz2655;yy2655;ty5656
z656;tz2656;yy2656;ty5657
z657;tz2657;yy2657;ty5658
z658;tz2658;yy2658;ty5659
z659;tz2659;yy2659;ty5660
z660;tz2660;yy2660;ty5661
z661;tz2661;yy2661;ty5662
z662;tz2662;yy2662;ty5663
z663;tz2663;yy2663;ty5664
z664;tz2664;yy2664;ty5665
z665;tz2665;yy2665;ty5666
z666;tz2666;yy2666;ty5667
z667;tz2667;yy2667;ty5668
z668;tz2668;yy2668;ty5669
z669;tz2669;yy2669;ty5670
z670;tz2670;yy2670;ty5671
z671;tz2671;yy2671;ty5672
z672;tz2672;yy2672;ty5673
z673;tz2673;yy2673;ty5674
z674;tz2674;yy2674;ty5675
z675;tz2675;yy2675;ty5676
z676;tz2676;yy2676;ty5677
z677;tz2677;yy2677;ty5678
z678;tz2678;yy2678;ty5679
z679;tz2679;yy2679;ty5680
z680;tz2680;yy2680;ty5681
z681;tz2681;yy2681;ty5682
z682;tz2682;yy2682;ty5683
z683;tz2683;yy2683;ty5684
z684;tz2684;yy2684;ty5685
z685;tz2685;yy2685;ty5686
z686;tz2686;yy2686;ty5687
z687;tz2687;yy2687;ty5688
z688;tz2688;yy2688;ty5689
z689;tz2689;yy2689;ty5690
z690;tz2690;yy2690;ty5691
z691;tz2691;yy2691;ty5692
z692;tz2692;yy2692;ty5693
z693;tz2693;yy2693;ty5694
z694;tz2694;yy2694;ty5695
z695;tz2695;yy2695;ty5696
z696;tz2696;yy2696;ty5697
z697;tz2697;yy2697;ty5698
z698;tz2698;yy2698;ty5699
z699;tz2699;yy2699;ty5700
z700;tz2700;yy2700;ty5701
z701;tz2701;yy2701;ty5702
z702;tz2702;yy2702;ty5703
z703;tz2703;yy2703;ty5704
z704;tz2704;yy2704;ty5705
z705;tz2705;yy2705;ty5706
z706;tz2706;yy2706;ty5707
z707;tz2707;yy2707;ty5708
z708;tz2708;yy2708;ty5709
z709;tz2709;yy2709;ty5710
z710;tz2710;yy2710;ty5711
z711;tz2711;yy2711;ty5712
z712;tz2712;yy2712;ty5713
z713;tz2713;yy2713;ty5714
z714;tz2714;yy2714;ty5715
z715;tz2715;yy2715;ty5716
z716;tz2716;yy2716;ty5717
z717;tz2717;yy2717;ty5718
z718;tz2718;yy2718;ty5719
z719;tz2719;yy2719;ty5720
z720;tz2720;yy2720;ty5721
z721;tz2721;yy2721;ty5722
z722;tz2722;yy2722;ty5723
z723;tz2723;yy2723;ty5724
z724;tz2724;yy2724;ty5725
z725;tz2725;yy2725;ty5726
z726;tz2726;yy2726;ty5727
z727;tz2727;yy2727;ty5728
z728;tz2728;yy2728;ty5729
z729;tz2729;yy2729;ty5730
z730;tz2730;yy2730;ty5731
z731;tz2731;yy2731;ty5732
z732;tz2732;yy2732;ty5733
z733;tz2733;yy2733;ty5734
z734;tz2734;yy2734;ty5735
z735;tz2735;yy2735;ty5736
z736;tz2736;yy2736;ty5737
z737;tz2737;yy2737;ty5738
z738;tz2738;yy2738;ty5739
z739;tz2739;yy2739;ty5740
z740;tz2740;yy2740;ty5741
z741;tz2741;yy2741;ty5742
z742;tz2742;yy2742;ty5743
z743;tz2743;yy2743;ty5744
z744;tz2744;yy2744;ty5745
z745;tz2745;yy2745;ty5746
z746;tz2746;yy2746;ty5747
z747;tz2747;yy2747;ty5748
z748;tz2748;yy2748;ty5749
z749;tz2749;yy2749;ty5750
z750;tz2750;yy2750;ty5751
z751;tz2751;yy2751;ty5752
z752;tz2752;yy2752;ty5753
z753;tz2753;yy2753;ty5754
z754;tz2754;yy2754;ty5755
z755;tz2755;yy2755;ty5756
z756;tz2756;yy2756;ty5757
z757;tz2757;yy2757;ty5758
z758;tz2758;yy2758;ty5759
z759;tz2759;yy2759;ty5760
z760;tz2760;yy2760;ty5761
z761;tz2761;yy2761;ty5762
z762;tz2762;yy2762;ty5763
z763;tz2763;yy2763;ty5764
z764;tz2764;yy2764;ty5765
z765;tz2765;yy2765;ty5766
z766;tz2766;yy2766;ty5767
z767;tz2767;yy2767;ty5768
z768;tz2768;yy2768;ty5769
z769;tz2769;yy2769;ty5770
z770;tz2770;yy2770;ty5771
z771;tz2771;yy2771;ty5772
z772;tz2772;yy2772;ty5773
z773;tz2773;yy2773;ty5774
z774;tz2774;yy2774;ty5775
z775;tz2775;yy2775;ty5776
z776;tz2776;yy2776;ty5777
z777;tz2777;yy2777;ty5778
z778;tz2778;yy2778;ty5779
z779;tz2779;yy2779;ty5780
z780;tz2780;yy2780;ty5781
z781;tz2781;yy2781;ty5782
z782;tz2782;yy2782;ty5783
z783;tz2783;yy2783;ty5784
z784;tz2784;yy2784;ty5785
z785;tz2785;yy2785;ty5786
z786;tz2786;yy2786;ty5787
z787;tz2787;yy2787;ty5788
z788;tz2788;yy2788;ty5789
z789;tz2789;yy2789;ty5790
z790;tz2790;yy2790;ty5791
z791;tz2791;yy2791;ty5792
z792;tz2792;yy2792;ty5793
z793;tz2793;yy2793;ty5794
z794;tz2794;yy2794;ty5795
z795;tz2795;yy2795;ty5796
z796;tz2796;yy2796;ty5797
z797;tz2797;yy2797;ty5798
z798;tz2798;yy2798;ty5799
z799;tz2799;yy2799;ty5800
z800;tz2800;yy2800;ty5801
z801;tz2801;yy2801;ty5802
z802;tz2802;yy2802;ty5803
z803;tz2803;yy2803;ty5804
z804;tz2804;yy2804;ty5805
z805;tz2805;yy2805;ty5806
z806;tz2806;yy2806;ty5807
z807;tz2807;yy2807;ty5808
z808;tz2808;yy2808;ty5809
z809;tz2809;yy2809;ty5810
z810;tz2810;yy2810;ty5811
z811;tz2811;yy2811;ty5812
z812;tz2812;yy2812;ty5813
z813;tz2813;yy2813;ty5814
z814;tz2814;yy2814;ty5815
z815;tz2815;yy2815;ty5816
z816;tz2816;yy2816;ty5817
z817;tz2817;yy2817;ty5818
z818;tz2818;yy2818;ty5819
z819;tz2819;yy2819;ty5820
z820;tz2820;yy2820;ty5821
z821;tz2821;yy2821;ty5822
z822;tz2822;yy2822;ty5823
z823;tz2823;yy2823;ty5824
z824;tz2824;yy2824;ty5825
z825;tz2825;yy2825;ty5826
z826;tz2826;yy2826;ty5827
z827;tz2827;yy2827;ty5828
z828;tz2828;yy2828;ty5829
z829;tz2829;yy2829;ty5830
z830;tz2830;yy2830;ty5831
z831;tz2831;yy2831;ty5832
z832;tz2832;yy2832;ty5833
z833;tz2833;yy2833;ty5834
z834;tz2834;yy2834;ty5835
z835;tz2835;yy2835;ty5836
z836;tz2836;yy2836;ty5837
z837;tz2837;yy2837;ty5838
z838;tz2838;yy2838;ty5839
z839;tz2839;yy2839;ty5840
z840;tz2840;yy2840;ty5841
z841;tz2841;yy2841;ty5842
z842;tz2842;yy2842;ty5843
z843;tz2843;yy2843;ty5844
z844;tz2844;yy2844;ty5845
z845;tz2845;yy2845;ty5846
z846;tz2846;yy2846;ty5847
z847;tz2847;yy2847;ty5848
z848;tz2848;yy2848;ty5849
z849;tz2849;yy2849;ty5850
z850;tz2850;yy2850;ty5851
z851;tz2851;yy2851;ty5852
z852;tz2852;yy2852;ty5853
z853;tz2853;yy2853;ty5854
z854;tz2854;yy2854;ty5855
z855;tz2855;yy2855;ty5856
z856;tz2856;yy2856;ty5857
z857;tz2857;yy2857;ty5858
z858;tz2858;yy2858;ty5859
z859;tz2859;yy2859;ty5860
z860;tz2860;yy2860;ty5861
z861;tz2861;yy2861;ty5862
z862;tz2862;yy2862;ty5863
z863;tz2863;yy2863;ty5864
z864;tz2864;yy2864;ty5865
z865;tz2865;yy2865;ty5866
z866;tz2866;yy2866;ty5867
z867;tz2867;yy2867;ty5868
z868;tz2868;yy2868;ty5869
z869;tz2869;yy2869;ty5870
z870;tz2870;yy2870;ty5871
z871;tz2871;yy2871;ty5872
z872;tz2872;yy2872;ty5873
z873;tz2873;yy2873;ty5874
z874;tz2874;yy2874;ty5875
z875;tz2875;yy2875;ty5876
z876;tz2876;yy2876;ty5877
z877;tz2877;yy2877;ty5878
z878;tz2878;yy2878;ty5879
z879;tz2879;yy2879;ty5880
z880;tz2880;yy2880;ty5881
z881;tz2881;yy2881;ty5882
z882;tz2882;yy2882;ty5883
z883;tz2883;yy2883;ty5884
z884;tz2884;yy2884;ty5885
z885;tz2885;yy2885;ty5886
z886;tz2886;yy2886;ty5887
z887;tz2887;yy2887;ty5888
z888;tz2888;yy2888;ty5889
z889;tz2889;yy2889;ty5890
z890;tz2890;yy2890;ty5891
z891;tz2891;yy2891;ty5892
z892;tz2892;yy2892;ty5893
z893;tz2893;yy2893;ty5894
z894;tz2894;yy2894;ty5895
z895;tz2895;yy2895;ty5896
z896;tz2896;yy2896;ty5897
z897;tz2897;yy2897;ty5898
z898;tz2898;yy2898;ty5899
z899;tz2899;yy2899;ty5900
z900;tz2900;yy2900;ty5901
z901;tz2901;yy2901;ty5902
z902;tz2902;yy2902;ty5903
z903;tz2903;yy2903;ty5904
z904;tz2904;yy2904;ty5905
z905;tz2905;yy2905;ty5906
z906;tz2906;yy2906;ty5907
z907;tz2907;yy2907;ty5908
z908;tz2908;yy2908;ty5909
z909;tz2909;yy2909;ty5910
z910;tz2910;yy2910;ty5911
z911;tz2911;yy2911;ty5912
z912;tz2912;yy2912;ty5913
z913;tz2913;yy2913;ty5914
z914;tz2914;yy2914;ty5915
z915;tz2915;yy2915;ty5916
z916;tz2916;yy2916;ty5917
z917;tz2917;yy2917;ty5918
z918;tz2918;yy2918;ty5919
z919;tz2919;yy2919;ty5920
z920;tz2920;yy2920;ty5921
z921;tz2921;yy2921;ty5922
z922;tz2922;yy2922;ty5923
z923;tz2923;yy2923;ty5924
z924;tz2924;yy2924;ty5925
z925;tz2925;yy2925;ty5926
z926;tz2926;yy2926;ty5927
z927;tz2927;yy2927;ty5928
z928;tz2928;yy2928;ty5929
z929;tz2929;yy2929;ty5930
z930;tz2930;yy2930;ty5931
z931;tz2931;yy2931;ty5932
z932;tz2932;yy2932;ty5933
z933;tz2933;yy2933;ty5934
z934;tz2934;yy2934;ty5935
z935;tz2935;yy2935;ty5936
z936;tz2936;yy2936;ty5937
z937;tz2937;yy2937;ty5938
z938;tz2938;yy2938;ty5939
z939;tz2939;yy2939;ty5940
z940;tz2940;yy2940;ty5941
z941;tz2941;yy2941;ty5942
z942;tz2942;yy2942;ty5943
z943;tz2943;yy2943;ty5944
z944;tz2944;yy2944;ty5945
z945;tz2945;yy2945;ty5946
z946;tz2946;yy2946;ty5947
z947;tz2947;yy2947;ty5948
z948;tz2948;yy2948;ty5949
z949;tz2949;yy2949;ty5950
z950;tz2950;yy2950;ty5951
z951;tz2951;yy2951;ty5952
z952;tz2952;yy2952;ty5953
z953;tz2953;yy2953;ty5954
z954;tz2954;yy2954;ty5955
z955;tz2955;yy2955;ty5956
z956;tz2956;yy2956;ty5957
z957;tz2957;yy2957;ty5958
z958;tz2958;yy2958;ty5959
z959;tz2959;yy2959;ty5960
z960;tz2960;yy2960;ty5961
z961;tz2961;yy2961;ty5962
z962;tz2962;yy2962;ty5963
z963;tz2963;yy2963;ty5964
z964;tz2964;yy2964;ty5965
z965;tz2965;yy2965;ty5966
z966;tz2966;yy2966;ty5967
z967;tz2967;yy2967;ty5968
z968;tz2968;yy2968;ty5969
z969;tz2969;yy2969;ty5970
z970;tz2970;yy2970;ty5971
z971;tz2971;yy2971;ty5972
z972;tz2972;yy2972;ty5973
z973;tz2973;yy2973;ty5974
z974;tz2974;yy2974;ty5975
z975;tz2975;yy2975;ty5976
z976;tz2976;yy2976;ty5977
z977;tz2977;yy2977;ty5978
z978;tz2978;yy2978;ty5979
z979;tz2979;yy2979;ty5980
z980;tz2980;yy2980;ty5981
z981;tz2981;yy2981;ty5982
z982;tz2982;yy2982;ty5983
z983;tz2983;yy2983;ty5984
z984;tz2984;yy2984;ty5985
z985;tz2985;yy2985;ty5986
z986;tz2986;yy2986;ty5987
z987;tz2987;yy2987;ty5988
z988;tz2988;yy2988;ty5989
z989;tz2989;yy2989;ty5990
z990;tz2990;yy2990;ty5991
z991;tz2991;yy2991;ty5992
z992;tz2992;yy2992;ty5993
z993;tz2993;yy2993;ty5994
z994;tz2994;yy2994;ty5995
z995;tz2995;yy2995;ty5996
z996;tz2996;yy2996;ty5997
z997;tz2997;yy2997;ty5998
z998;tz2998;yy2998;ty5999
z999;tz2999;yy2999;ty6000
z1000;tz3000;yy3000;ty6001
z1001;tz3001;yy3001;ty6002
z1002;tz3002;yy3002;ty6003
z1003;tz3003;yy3003;ty6004
z1004;tz3004;yy3004;ty6005
z1005;tz3005;yy3005;ty6006
z1006;tz3006;yy3006;ty6007
z1007;tz3007;yy3007;ty6008
z1008;tz3008;yy3008;ty6009
z1009;tz3009;yy3009;ty6010
z1010;tz3010;yy3010;ty6011
z1011;tz3011;yy3011;ty6012
z1012;tz3012;yy3012;ty6013
z1013;tz3013;yy3013;ty6014
z1014;tz3014;yy3014;ty6015
z1015;tz3015;yy3015;ty6016
z1016;tz3016;yy3016;ty6017
z1017;tz3017;yy3017;ty6018
z1018;tz3018;yy3018;ty6019
z1019;tz3019;yy3019;ty6020
z1020;tz3020;yy3020;ty6021
z1021;tz3021;yy3021;ty6022
z1022;tz3022;yy3022;ty6023
z1023;tz3023;yy3023;ty6024
z1024;tz3024;yy3024;ty6025
z1025;tz3025;yy3025;ty6026
z1026;tz3026;yy3026;ty6027
z1027;tz3027;yy3027;ty6028
z1028;tz3028;yy3028;ty6029
z1029;tz3029;yy3029;ty6030
z1030;tz3030;yy3030;ty6031
z1031;tz3031;yy3031;ty6032
z1032;tz3032;yy3032;ty6033
z1033;tz3033;yy3033;ty6034
z1034;tz3034;yy3034;ty6035
z1035;tz3035;yy3035;ty6036
z1036;tz3036;yy3036;ty6037
z1037;tz3037;yy3037;ty6038
z1038;tz3038;yy3038;ty6039
z1039;tz3039;yy3039;ty6040
z1040;tz3040;yy3040;ty6041
z1041;tz3041;yy3041;ty6042
z1042;tz3042;yy3042;ty6043
z1043;tz3043;yy3043;ty6044
z1044;tz3044;yy3044;ty6045
z1045;tz3045;yy3045;ty6046
z1046;tz3046;yy3046;ty6047
z1047;tz3047;yy3047;ty6048
z1048;tz3048;yy3048;ty6049
z1049;tz3049;yy3049;ty6050
z1050;tz3050;yy3050;ty6051
z1051;tz3051;yy3051;ty6052
z1052;tz3052;yy3052;ty6053
z1053;tz3053;yy3053;ty6054
z1054;tz3054;yy3054;ty6055
z1055;tz3055;yy3055;ty6056
z1056;tz3056;yy3056;ty6057
z1057;tz3057;yy3057;ty6058
z1058;tz3058;yy3058;ty6059
z1059;tz3059;yy3059;ty6060
z1060;tz3060;yy3060;ty6061
z1061;tz3061;yy3061;ty6062
z1062;tz3062;yy3062;ty6063
z1063;tz3063;yy3063;ty6064
z1064;tz3064;yy3064;ty6065
z1065;tz3065;yy3065;ty6066
z1066;tz3066;yy3066;ty6067
z1067;tz3067;yy3067;ty6068
z1068;tz3068;yy3068;ty6069
z1069;tz3069;yy3069;ty6070
z1070;tz3070;yy3070;ty6071
z1071;tz3071;yy3071;ty6072
z1072;tz3072;yy3072;ty6073
z1073;tz3073;yy3073;ty6074
z1074;tz3074;yy3074;ty6075
z1075;tz3075;yy3075;ty6076
z1076;tz3076;yy3076;ty6077
z1077;tz3077;yy3077;ty6078
z1078;tz3078;yy3078;ty6079
z1079;tz3079;yy3079;ty6080
z1080;tz3080;yy3080;ty6081
z1081;tz3081;yy3081;ty6082
z1082;tz3082;yy3082;ty6083
z1083;tz3083;yy3083;ty6084
z1084;tz3084;yy3084;ty6085
z1085;tz3085;yy3085;ty6086
z1086;tz3086;yy3086;ty6087
z1087;tz3087;yy3087;ty6088
z1088;tz3088;yy3088;ty6089
z1089;tz3089;yy3089;ty6090
z1090;tz3090;yy3090;ty6091
z1091;tz3091;yy3091;ty6092
z1092;tz3092;yy3092;ty6093
z1093;tz3093;yy3093;ty6094
z1094;tz3094;yy3094;ty6095
z1095;tz3095;yy3095;ty6096
z1096;tz3096;yy3096;ty6097
z1097;tz3097;yy3097;ty6098
z1098;tz3098;yy3098;ty6099
z1099;tz3099;yy3099;ty6100
z1100;tz3100;yy3100;ty6101
z1101;tz3101;yy3101;ty6102
z1102;tz3102;yy3102;ty6103
z1103;tz3103;yy3103;ty6104
z1104;tz3104;yy3104;ty6105
z1105;tz3105;yy3105;ty6106
z1106;tz3106;yy3106;ty6107
z1107;tz3107;yy3107;ty6108
z1108;tz3108;yy3108;ty6109
z1109;tz3109;yy3109;ty6110
z1110;tz3110;yy3110;ty6111
z1111;tz3111;yy3111;ty6112
z1112;tz3112;yy3112;ty6113
z1113;tz3113;yy3113;ty6114
z1114;tz3114;yy3114;ty6115
z1115;tz3115;yy3115;ty6116
z1116;tz3116;yy3116;ty6117
z1117;tz3117;yy3117;ty6118
z1118;tz3118;yy3118;ty6119
z1119;tz3119;yy3119;ty6120
z1120;tz3120;yy3120;ty6121
z1121;tz3121;yy3121;ty6122
z1122;tz3122;yy3122;ty6123
z1123;tz3123;yy3123;ty6124
z1124;tz3124;yy3124;ty6125
z1125;tz3125;yy3125;ty6126
z1126;tz3126;yy3126;ty6127
z1127;tz3127;yy3127;ty6128
z1128;tz3128;yy3128;ty6129
z1129;tz3129;yy3129;ty6130
z1130;tz3130;yy3130;ty6131
z1131;tz3131;yy3131;ty6132
z1132;tz3132;yy3132;ty6133
z1133;tz3133;yy3133;ty6134
z1134;tz3134;yy3134;ty6135
z1135;tz3135;yy3135;ty6136
z1136;tz3136;yy3136;ty6137
z1137;tz3137;yy3137;ty6138
z1138;tz3138;yy3138;ty6139
z1139;tz3139;yy3139;ty6140
z1140;tz3140;yy3140;ty6141
z1141;tz3141;yy3141;ty6142
z1142;tz3142;yy3142;ty6143
z1143;tz3143;yy3143;ty6144
z1144;tz3144;yy3144;ty6145
z1145;tz3145;yy3145;ty6146
z1146;tz3146;yy3146;ty6147
z1147;tz3147;yy3147;ty6148
z1148;tz3148;yy3148;ty6149
z1149;tz3149;yy3149;ty6150
z1150;tz3150;yy3150;ty6151
z1151;tz3151;yy3151;ty6152
z1152;tz3152;yy3152;ty6153
z1153;tz3153;yy3153;ty6154
z1154;tz3154;yy3154;ty6155
z1155;tz3155;yy3155;ty6156
z1156;tz3156;yy3156;ty6157
z1157;tz3157;yy3157;ty6158
z1158;tz3158;yy3158;ty6159
z1159;tz3159;yy3159;ty6160
z1160;tz3160;yy3160;ty6161
z1161;tz3161;yy3161;ty6162
z1162;tz3162;yy3162;ty6163
z1163;tz3163;yy3163;ty6164
z1164;tz3164;yy3164;ty6165
z1165;tz3165;yy3165;ty6166
z1166;tz3166;yy3166;ty6167
z1167;tz3167;yy3167;ty6168
z1168;tz3168;yy3168;ty6169
z1169;tz3169;yy3169;ty6170
z1170;tz3170;yy3170;ty6171
z1171;tz3171;yy3171;ty6172
z1172;tz3172;yy3172;ty6173
z1173;tz3173;yy3173;ty6174
z1174;tz3174;yy3174;ty6175
z1175;tz3175;yy3175;ty6176
z1176;tz3176;yy3176;ty6177
z1177;tz3177;yy3177;ty6178
z1178;tz3178;yy3178;ty6179
z1179;tz3179;yy3179;ty6180
z1180;tz3180;yy3180;ty6181
z1181;tz3181;yy3181;ty6182
z1182;tz3182;yy3182;ty6183
z1183;tz3183;yy3183;ty6184
z1184;tz3184;yy3184;ty6185
z1185;tz3185;yy3185;ty6186
z1186;tz3186;yy3186;ty6187
z1187;tz3187;yy3187;ty6188
z1188;tz3188;yy3188;ty6189
z1189;tz3189;yy3189;ty6190
z1190;tz3190;yy3190;ty6191
z1191;tz3191;yy3191;ty6192
z1192;tz3192;yy3192;ty6193
z1193;tz3193;yy3193;ty6194
z1194;tz3194;yy3194;ty6195
z1195;tz3195;yy3195;ty6196
z1196;tz3196;yy3196;ty6197
z1197;tz3197;yy3197;ty6198
z1198;tz3198;yy3198;ty6199
z1199;tz3199;yy3199;ty6200
z1200;tz3200;yy3200;ty6201
z1201;tz3201;yy3201;ty6202
z1202;tz3202;yy3202;ty6203
z1203;tz3203;yy3203;ty6204
z1204;tz3204;yy3204;ty6205
z1205;tz3205;yy3205;ty6206
z1206;tz3206;yy3206;ty6207
z1207;tz3207;yy3207;ty6208
z1208;tz3208;yy3208;ty6209
z1209;tz3209;yy3209;ty6210
z1210;tz3210;yy3210;ty6211
z1211;tz3211;yy3211;ty6212
z1212;tz3212;yy3212;ty6213
z1213;tz3213;yy3213;ty6214
z1214;tz3214;yy3214;ty6215
z1215;tz3215;yy3215;ty6216
z1216;tz3216;yy3216;ty6217
z1217;tz3217;yy3217;ty6218
z1218;tz3218;yy3218;ty6219
z1219;tz3219;yy3219;ty6220
z1220;tz3220;yy3220;ty6221
z1221;tz3221;yy3221;ty6222
z1222;tz3222;yy3222;ty6223
z1223;tz3223;yy3223;ty6224
z1224;tz3224;yy3224;ty6225
z1225;tz3225;yy3225;ty6226
z1226;tz3226;yy3226;ty6227
z1227;tz3227;yy3227;ty6228
z1228;tz3228;yy3228;ty6229
z1229;tz3229;yy3229;ty6230
z1230;tz3230;yy3230;ty6231
z1231;tz3231;yy3231;ty6232
z1232;tz3232;yy3232;ty6233
z1233;tz3233;yy3233;ty6234
z1234;tz3234;yy3234;ty6235
z1235;tz3235;yy3235;ty6236
z1236;tz3236;yy3236;ty6237
z1237;tz3237;yy3237;ty6238
z1238;tz3238;yy3238;ty6239
z1239;tz3239;yy3239;ty6240
z1240;tz3240;yy3240;ty6241
z1241;tz3241;yy3241;ty6242
z1242;tz3242;yy3242;ty6243
z1243;tz3243;yy3243;ty6244
z1244;tz3244;yy3244;ty6245
z1245;tz3245;yy3245;ty6246
z1246;tz3246;yy3246;ty6247
z1247;tz3247;yy3247;ty6248
z1248;tz3248;yy3248;ty6249
z1249;tz3249;yy3249;ty6250
z1250;tz3250;yy3250;ty6251
z1251;tz3251;yy3251;ty6252
z1252;tz3252;yy3252;ty6253
z1253;tz3253;yy3253;ty6254
z1254;tz3254;yy3254;ty6255
z1255;tz3255;yy3255;ty6256
z1256;tz3256;yy3256;ty6257
z1257;tz3257;yy3257;ty6258
z1258;tz3258;yy3258;ty6259
z1259;tz3259;yy3259;ty6260
z1260;tz3260;yy3260;ty6261
z1261;tz3261;yy3261;ty6262
z1262;tz3262;yy3262;ty6263
z1263;tz3263;yy3263;ty6264
z1264;tz3264;yy3264;ty6265
z1265;tz3265;yy3265;ty6266
z1266;tz3266;yy3266;ty6267
z1267;tz3267;yy3267;ty6268
z1268;tz3268;yy3268;ty6269
z1269;tz3269;yy3269;ty6270
z1270;tz3270;yy3270;ty6271
z1271;tz3271;yy3271;ty6272
z1272;tz3272;yy3272;ty6273
z1273;tz3273;yy3273;ty6274
z1274;tz3274;yy3274;ty6275
z1275;tz3275;yy3275;ty6276
z1276;tz3276;yy3276;ty6277
z1277;tz3277;yy3277;ty6278
z1278;tz3278;yy3278;ty6279
z1279;tz3279;yy3279;ty6280
z1280;tz3280;yy3280;ty6281
z1281;tz3281;yy3281;ty6282
z1282;tz3282;yy3282;ty6283
z1283;tz3283;yy3283;ty6284
z1284;tz3284;yy3284;ty6285
z1285;tz3285;yy3285;ty6286
z1286;tz3286;yy3286;ty6287
z1287;tz3287;yy3287;ty6288
z1288;tz3288;yy3288;ty6289
z1289;tz3289;yy3289;ty6290
z1290;tz3290;yy3290;ty6291
z1291;tz3291;yy3291;ty6292
z1292;tz3292;yy3292;ty6293
z1293;tz3293;yy3293;ty6294
z1294;tz3294;yy3294;ty6295
z1295;tz3295;yy3295;ty6296
z1296;tz3296;yy3296;ty6297
z1297;tz3297;yy3297;ty6298
z1298;tz3298;yy3298;ty6299
z1299;tz3299;yy3299;ty6300
z1300;tz3300;yy3300;ty6301
z1301;tz3301;yy3301;ty6302
z1302;tz3302;yy3302;ty6303
z1303;tz3303;yy3303;ty6304
z1304;tz3304;yy3304;ty6305
z1305;tz3305;yy3305;ty6306
z1306;tz3306;yy3306;ty6307
z1307;tz3307;yy3307;ty6308
z1308;tz3308;yy3308;ty6309
z1309;tz3309;yy3309;ty6310
z1310;tz3310;yy3310;ty6311
z1311;tz3311;yy3311;ty6312
z1312;tz3312;yy3312;ty6313
z1313;tz3313;yy3313;ty6314
z1314;tz3314;yy3314;ty6315
z1315;tz3315;yy3315;ty6316
z1316;tz3316;yy3316;ty6317
z1317;tz3317;yy3317;ty6318
z1318;tz3318;yy3318;ty6319
z1319;tz3319;yy3319;ty6320
z1320;tz3320;yy3320;ty6321
z1321;tz3321;yy3321;ty6322
z1322;tz3322;yy3322;ty6323
z1323;tz3323;yy3323;ty6324
z1324;tz3324;yy3324;ty6325
z1325;tz3325;yy3325;ty6326
z1326;tz3326;yy3326;ty6327
z1327;tz3327;yy3327;ty6328
z1328;tz3328;yy3328;ty6329
z1329;tz3329;yy3329;ty6330
z1330;tz3330;yy3330;ty6331
z1331;tz3331;yy3331;ty6332
z1332;tz3332;yy3332;ty6333
z1333;tz3333;yy3333;ty6334
z1334;tz3334;yy3334;ty6335
z1335;tz3335;yy3335;ty6336
z1336;tz3336;yy3336;ty6337
z1337;tz3337;yy3337;ty6338
z1338;tz3338;yy3338;ty6339
z1339;tz3339;yy3339;ty6340
z1340;tz3340;yy3340;ty6341
z1341;tz3341;yy3341;ty6342
z1342;tz3342;yy3342;ty6343
z1343;tz3343;yy3343;ty6344
z1344;tz3344;yy3344;ty6345
z1345;tz3345;yy3345;ty6346
z1346;tz3346;yy3346;ty6347
z1347;tz3347;yy3347;ty6348
z1348;tz3348;yy3348;ty6349
z1349;tz3349;yy3349;ty6350
z1350;tz3350;yy3350;ty6351
z1351;tz3351;yy3351;ty6352
z1352;tz3352;yy3352;ty6353
z1353;tz3353;yy3353;ty6354
z1354;tz3354;yy3354;ty6355
z1355;tz3355;yy3355;ty6356
z1356;tz3356;yy3356;ty6357
z1357;tz3357;yy3357;ty6358
z1358;tz3358;yy3358;ty6359
z1359;tz3359;yy3359;ty6360
z1360;tz3360;yy3360;ty6361
z1361;tz3361;yy3361;ty6362
z1362;tz3362;yy3362;ty6363
z1363;tz3363;yy3363;ty6364
z1364;tz3364;yy3364;ty6365
z1365;tz3365;yy3365;ty6366
z1366;tz3366;yy3366;ty6367
z1367;tz3367;yy3367;ty6368
z1368;tz3368;yy3368;ty6369
z1369;tz3369;yy3369;ty6370
z1370;tz3370;yy3370;ty6371
z1371;tz3371;yy3371;ty6372
z1372;tz3372;yy3372;ty6373
z1373;tz3373;yy3373;ty6374
z1374;tz3374;yy3374;ty6375
z1375;tz3375;yy3375;ty6376
z1376;tz3376;yy3376;ty6377
z1377;tz3377;yy3377;ty6378
z1378;tz3378;yy3378;ty6379
z1379;tz3379;yy3379;ty6380
z1380;tz3380;yy3380;ty6381
z1381;tz3381;yy3381;ty6382
z1382;tz3382;yy3382;ty6383
z1383;tz3383;yy3383;ty6384
z1384;tz3384;yy3384;ty6385
z1385;tz3385;yy3385;ty6386
z1386;tz3386;yy3386;ty6387
z1387;tz3387;yy3387;ty6388
z1388;tz3388;yy3388;ty6389
z1389;tz3389;yy3389;ty6390
z1390;tz3390;yy3390;ty6391
z1391;tz3391;yy3391;ty6392
z1392;tz3392;yy3392;ty6393
z1393;tz3393;yy3393;ty6394
z1394;tz3394;yy3394;ty6395
z1395;tz3395;yy3395;ty6396
z1396;tz3396;yy3396;ty6397
z1397;tz3397;yy3397;ty6398
z1398;tz3398;yy3398;ty6399
z1399;tz3399;yy3399;ty6400
z1400;tz3400;yy3400;ty6401
z1401;tz3401;yy3401;ty6402
z1402;tz3402;yy3402;ty6403
z1403;tz3403;yy3403;ty6404
z1404;tz3404;yy3404;ty6405
z1405;tz3405;yy3405;ty6406
z1406;tz3406;yy3406;ty6407
z1407;tz3407;yy3407;ty6408
z1408;tz3408;yy3408;ty6409
z1409;tz3409;yy3409;ty6410
z1410;tz3410;yy3410;ty6411
z1411;tz3411;yy3411;ty6412
z1412;tz3412;yy3412;ty6413
z1413;tz3413;yy3413;ty6414
z1414;tz3414;yy3414;ty6415
z1415;tz3415;yy3415;ty6416
z1416;tz3416;yy3416;ty6417
z1417;tz3417;yy3417;ty6418
z1418;tz3418;yy3418;ty6419
z1419;tz3419;yy3419;ty6420
z1420;tz3420;yy3420;ty6421
z1421;tz3421;yy3421;ty6422
z1422;tz3422;yy3422;ty6423
z1423;tz3423;yy3423;ty6424
z1424;tz3424;yy3424;ty6425
z1425;tz3425;yy3425;ty6426
z1426;tz3426;yy3426;ty6427
z1427;tz3427;yy3427;ty6428
z1428;tz3428;yy3428;ty6429
z1429;tz3429;yy3429;ty6430
z1430;tz3430;yy3430;ty6431
z1431;tz3431;yy3431;ty6432
z1432;tz3432;yy3432;ty6433
z1433;tz3433;yy3433;ty6434
z1434;tz3434;yy3434;ty6435
z1435;tz3435;yy3435;ty6436
z1436;tz3436;yy3436;ty6437
z1437;tz3437;yy3437;ty6438
z1438;tz3438;yy3438;ty6439
z1439;tz3439;yy3439;ty6440
z1440;tz3440;yy3440;ty6441
z1441;tz3441;yy3441;ty6442
z1442;tz3442;yy3442;ty6443
z1443;tz3443;yy3443;ty6444
z1444;tz3444;yy3444;ty6445
z1445;tz3445;yy3445;ty6446
z1446;tz3446;yy3446;ty6447
z1447;tz3447;yy3447;ty6448
z1448;tz3448;yy3448;ty6449
z1449;tz3449;yy3449;ty6450
z1450;tz3450;yy3450;ty6451
z1451;tz3451;yy3451;ty6452
z1452;tz3452;yy3452;ty6453
z1453;tz3453;yy3453;ty6454
z1454;tz3454;yy3454;ty6455
z1455;tz3455;yy3455;ty6456
z1456;tz3456;yy3456;ty6457
z1457;tz3457;yy3457;ty6458
z1458;tz3458;yy3458;ty6459
z1459;tz3459;yy3459;ty6460
z1460;tz3460;yy3460;ty6461
z1461;tz3461;yy3461;ty6462
z1462;tz3462;yy3462;ty6463
z1463;tz3463;yy3463;ty6464
z1464;tz3464;yy3464;ty6465
z1465;tz3465;yy3465;ty6466
z1466;tz3466;yy3466;ty6467
z1467;tz3467;yy3467;ty6468
z1468;tz3468;yy3468;ty6469
z1469;tz3469;yy3469;ty6470
z1470;tz3470;yy3470;ty6471
z1471;tz3471;yy3471;ty6472
z1472;tz3472;yy3472;ty6473
z1473;tz3473;yy3473;ty6474
z1474;tz3474;yy3474;ty6475
z1475;tz3475;yy3475;ty6476
z1476;tz3476;yy3476;ty6477
z1477;tz3477;yy3477;ty6478
z1478;tz3478;yy3478;ty6479
z1479;tz3479;yy3479;ty6480
z1480;tz3480;yy3480;ty6481
z1481;tz3481;yy3481;ty6482
z1482;tz3482;yy3482;ty6483
z1483;tz3483;yy3483;ty6484
z1484;tz3484;yy3484;ty6485
z1485;tz3485;yy3485;ty6486
z1486;tz3486;yy3486;ty6487
z1487;tz3487;yy3487;ty6488
z1488;tz3488;yy3488;ty6489
z1489;tz3489;yy3489;ty6490
z1490;tz3490;yy3490;ty6491
z1491;tz3491;yy3491;ty6492
z1492;tz3492;yy3492;ty6493
z1493;tz3493;yy3493;ty6494
z1494;tz3494;yy3494;ty6495
z1495;tz3495;yy3495;ty6496
z1496;tz3496;yy3496;ty6497
z1497;tz3497;yy3497;ty6498
z1498;tz3498;yy3498;ty6499
z1499;tz3499;yy3499;ty6500
z1500;tz3500;yy3500;ty6501
z1501;tz3501;yy3501;ty6502
z1502;tz3502;yy3502;ty6503
z1503;tz3503;yy3503;ty6504
z1504;tz3504;yy3504;ty6505
z1505;tz3505;yy3505;ty6506
z1506;tz3506;yy3506;ty6507
z1507;tz3507;yy3507;ty6508
z1508;tz3508;yy3508;ty6509
z1509;tz3509;yy3509;ty6510
z1510;tz3510;yy3510;ty6511
z1511;tz3511;yy3511;ty6512
z1512;tz3512;yy3512;ty6513
z1513;tz3513;yy3513;ty6514
z1514;tz3514;yy3514;ty6515
z1515;tz3515;yy3515;ty6516
z1516;tz3516;yy3516;ty6517
z1517;tz3517;yy3517;ty6518
z1518;tz3518;yy3518;ty6519
z1519;tz3519;yy3519;ty6520
z1520;tz3520;yy3520;ty6521
z1521;tz3521;yy3521;ty6522
z1522;tz3522;yy3522;ty6523
z1523;tz3523;yy3523;ty6524
z1524;tz3524;yy3524;ty6525
z1525;tz3525;yy3525;ty6526
z1526;tz3526;yy3526;ty6527
z1527;tz3527;yy3527;ty6528
z1528;tz3528;yy3528;ty6529
z1529;tz3529;yy3529;ty6530
z1530;tz3530;yy3530;ty6531
z1531;tz3531;yy3531;ty6532
z1532;tz3532;yy3532;ty6533
z1533;tz3533;yy3533;ty6534
z1534;tz3534;yy3534;ty6535
z1535;tz3535;yy3535;ty6536
z1536;tz3536;yy3536;ty6537
z1537;tz3537;yy3537;ty6538
z1538;tz3538;yy3538;ty6539
z1539;tz3539;yy3539;ty6540
z1540;tz3540;yy3540;ty6541
z1541;tz3541;yy3541;ty6542
z1542;tz3542;yy3542;ty6543
z1543;tz3543;yy3543;ty6544
z1544;tz3544;yy3544;ty6545
z1545;tz3545;yy3545;ty6546
z1546;tz3546;yy3546;ty6547
z1547;tz3547;yy3547;ty6548
z1548;tz3548;yy3548;ty6549
z1549;tz3549;yy3549;ty6550
z1550;tz3550;yy3550;ty6551
z1551;tz3551;yy3551;ty6552
z1552;tz3552;yy3552;ty6553
z1553;tz3553;yy3553;ty6554
z1554;tz3554;yy3554;ty6555
z1555;tz3555;yy3555;ty6556
z1556;tz3556;yy3556;ty6557
z1557;tz3557;yy3557;ty6558
z1558;tz3558;yy3558;ty6559
z1559;tz3559;yy3559;ty6560
z1560;tz3560;yy3560;ty6561
z1561;tz3561;yy3561;ty6562
z1562;tz3562;yy3562;ty6563
z1563;tz3563;yy3563;ty6564
z1564;tz3564;yy3564;ty6565
z1565;tz3565;yy3565;ty6566
z1566;tz3566;yy3566;ty6567
z1567;tz3567;yy3567;ty6568
z1568;tz3568;yy3568;ty6569
z1569;tz3569;yy3569;ty6570
z1570;tz3570;yy3570;ty6571
z1571;tz3571;yy3571;ty6572
z1572;tz3572;yy3572;ty6573
z1573;tz3573;yy3573;ty6574
z1574;tz3574;yy3574;ty6575
z1575;tz3575;yy3575;ty6576
z1576;tz3576;yy3576;ty6577
z1577;tz3577;yy3577;ty6578
z1578;tz3578;yy3578;ty6579
z1579;tz3579;yy3579;ty6580
z1580;tz3580;yy3580;ty6581
z1581;tz3581;yy3581;ty6582
z1582;tz3582;yy3582;ty6583
z1583;tz3583;yy3583;ty6584
z1584;tz3584;yy3584;ty6585
z1585;tz3585;yy3585;ty6586
z1586;tz3586;yy3586;ty6587
z1587;tz3587;yy3587;ty6588
z1588;tz3588;yy3588;ty6589
z1589;tz3589;yy3589;ty6590
z1590;tz3590;yy3590;ty6591
z1591;tz3591;yy3591;ty6592
z1592;tz3592;yy3592;ty6593
z1593;tz3593;yy3593;ty6594
z1594;tz3594;yy3594;ty6595
z1595;tz3595;yy3595;ty6596
z1596;tz3596;yy3596;ty6597
z1597;tz3597;yy3597;ty6598
z1598;tz3598;yy3598;ty6599
z1599;tz3599;yy3599;ty6600
z1600;tz3600;yy3600;ty6601
z1601;tz3601;yy3601;ty6602
z1602;tz3602;yy3602;ty6603
z1603;tz3603;yy3603;ty6604
z1604;tz3604;yy3604;ty6605
z1605;tz3605;yy3605;ty6606
z1606;tz3606;yy3606;ty6607
z1607;tz3607;yy3607;ty6608
z1608;tz3608;yy3608;ty6609
z1609;tz3609;yy3609;ty6610
z1610;tz3610;yy3610;ty6611
z1611;tz3611;yy3611;ty6612
z1612;tz3612;yy3612;ty6613
z1613;tz3613;yy3613;ty6614
z1614;tz3614;yy3614;ty6615
z1615;tz3615;yy3615;ty6616
z1616;tz3616;yy3616;ty6617
z1617;tz3617;yy3617;ty6618
z1618;tz3618;yy3618;ty6619
z1619;tz3619;yy3619;ty6620
z1620;tz3620;yy3620;ty6621
z1621;tz3621;yy3621;ty6622
z1622;tz3622;yy3622;ty6623
z1623;tz3623;yy3623;ty6624
z1624;tz3624;yy3624;ty6625
z1625;tz3625;yy3625;ty6626
z1626;tz3626;yy3626;ty6627
z1627;tz3627;yy3627;ty6628
z1628;tz3628;yy3628;ty6629
z1629;tz3629;yy3629;ty6630
z1630;tz3630;yy3630;ty6631
z1631;tz3631;yy3631;ty6632
z1632;tz3632;yy3632;ty6633
z1633;tz3633;yy3633;ty6634
z1634;tz3634;yy3634;ty6635
z1635;tz3635;yy3635;ty6636
z1636;tz3636;yy3636;ty6637
z1637;tz3637;yy3637;ty6638
z1638;tz3638;yy3638;ty6639
z1639;tz3639;yy3639;ty6640
z1640;tz3640;yy3640;ty6641
z1641;tz3641;yy3641;ty6642
z1642;tz3642;yy3642;ty6643
z1643;tz3643;yy3643;ty6644
z1644;tz3644;yy3644;ty6645
z1645;tz3645;yy3645;ty6646
z1646;tz3646;yy3646;ty6647
z1647;tz3647;yy3647;ty6648
z1648;tz3648;yy3648;ty6649
z1649;tz3649;yy3649;ty6650
z1650;tz3650;yy3650;ty6651
z1651;tz3651;yy3651;ty6652
z1652;tz3652;yy3652;ty6653
z1653;tz3653;yy3653;ty6654
z1654;tz3654;yy3654;ty6655
z1655;tz3655;yy3655;ty6656
z1656;tz3656;yy3656;ty6657
z1657;tz3657;yy3657;ty6658
z1658;tz3658;yy3658;ty6659
z1659;tz3659;yy3659;ty6660
z1660;tz3660;yy3660;ty6661
z1661;tz3661;yy3661;ty6662
z1662;tz3662;yy3662;ty6663
z1663;tz3663;yy3663;ty6664
z1664;tz3664;yy3664;ty6665
z1665;tz3665;yy3665;ty6666
z1666;tz3666;yy3666;ty6667
z1667;tz3667;yy3667;ty6668
z1668;tz3668;yy3668;ty6669
z1669;tz3669;yy3669;ty6670
z1670;tz3670;yy3670;ty6671
z1671;tz3671;yy3671;ty6672
z1672;tz3672;yy3672;ty6673
z1673;tz3673;yy3673;ty6674
z1674;tz3674;yy3674;ty6675
z1675;tz3675;yy3675;ty6676
z1676;tz3676;yy3676;ty6677
z1677;tz3677;yy3677;ty6678
z1678;tz3678;yy3678;ty6679
z1679;tz3679;yy3679;ty6680
z1680;tz3680;yy3680;ty6681
z1681;tz3681;yy3681;ty6682
z1682;tz3682;yy3682;ty6683
z1683;tz3683;yy3683;ty6684
z1684;tz3684;yy3684;ty6685
z1685;tz3685;yy3685;ty6686
z1686;tz3686;yy3686;ty6687
z1687;tz3687;yy3687;ty6688
z1688;tz3688;yy3688;ty6689
z1689;tz3689;yy3689;ty6690
z1690;tz3690;yy3690;ty6691
z1691;tz3691;yy3691;ty6692
z1692;tz3692;yy3692;ty6693
z1693;tz3693;yy3693;ty6694
z1694;tz3694;yy3694;ty6695
z1695;tz3695;yy3695;ty6696
z1696;tz3696;yy3696;ty6697
z1697;tz3697;yy3697;ty6698
z1698;tz3698;yy3698;ty6699
z1699;tz3699;yy3699;ty6700
z1700;tz3700;yy3700;ty6701
z1701;tz3701;yy3701;ty6702
z1702;tz3702;yy3702;ty6703
z1703;tz3703;yy3703;ty6704
z1704;tz3704;yy3704;ty6705
z1705;tz3705;yy3705;ty6706
z1706;tz3706;yy3706;ty6707
z1707;tz3707;yy3707;ty6708
z1708;tz3708;yy3708;ty6709
z1709;tz3709;yy3709;ty6710
z1710;tz3710;yy3710;ty6711
z1711;tz3711;yy3711;ty6712
z1712;tz3712;yy3712;ty6713
z1713;tz3713;yy3713;ty6714
z1714;tz3714;yy3714;ty6715
z1715;tz3715;yy3715;ty6716
z1716;tz3716;yy3716;ty6717
z1717;tz3717;yy3717;ty6718
z1718;tz3718;yy3718;ty6719
z1719;tz3719;yy3719;ty6720
z1720;tz3720;yy3720;ty6721
z1721;tz3721;yy3721;ty6722
z1722;tz3722;yy3722;ty6723
z1723;tz3723;yy3723;ty6724
z1724;tz3724;yy3724;ty6725
z1725;tz3725;yy3725;ty6726
z1726;tz3726;yy3726;ty6727
z1727;tz3727;yy3727;ty6728
z1728;tz3728;yy3728;ty6729
z1729;tz3729;yy3729;ty6730
z1730;tz3730;yy3730;ty6731
z1731;tz3731;yy3731;ty6732
z1732;tz3732;yy3732;ty6733
z1733;tz3733;yy3733;ty6734
z1734;tz3734;yy3734;ty6735
z1735;tz3735;yy3735;ty6736
z1736;tz3736;yy3736;ty6737
z1737;tz3737;yy3737;ty6738
z1738;tz3738;yy3738;ty6739
z1739;tz3739;yy3739;ty6740
z1740;tz3740;yy3740;ty6741
z1741;tz3741;yy3741;ty6742
z1742;tz3742;yy3742;ty6743
z1743;tz3743;yy3743;ty6744
z1744;tz3744;yy3744;ty6745
z1745;tz3745;yy3745;ty6746
z1746;tz3746;yy3746;ty6747
z1747;tz3747;yy3747;ty6748
z1748;tz3748;yy3748;ty6749
z1749;tz3749;yy3749;ty6750
z1750;tz3750;yy3750;ty6751
z1751;tz3751;yy3751;ty6752
z1752;tz3752;yy3752;ty6753
z1753;tz3753;yy3753;ty6754
z1754;tz3754;yy3754;ty6755
z1755;tz3755;yy3755;ty6756
z1756;tz3756;yy3756;ty6757
z1757;tz3757;yy3757;ty6758
z1758;tz3758;yy3758;ty6759
z1759;tz3759;yy3759;ty6760
z1760;tz3760;yy3760;ty6761
z1761;tz3761;yy3761;ty6762
z1762;tz3762;yy3762;ty6763
z1763;tz3763;yy3763;ty6764
z1764;tz3764;yy3764;ty6765
z1765;tz3765;yy3765;ty6766
z1766;tz3766;yy3766;ty6767
z1767;tz3767;yy3767;ty6768
z1768;tz3768;yy3768;ty6769
z1769;tz3769;yy3769;ty6770
z1770;tz3770;yy3770;ty6771
z1771;tz3771;yy3771;ty6772
z1772;tz3772;yy3772;ty6773
z1773;tz3773;yy3773;ty6774
z1774;tz3774;yy3774;ty6775
z1775;tz3775;yy3775;ty6776
z1776;tz3776;yy3776;ty6777
z1777;tz3777;yy3777;ty6778
z1778;tz3778;yy3778;ty6779
z1779;tz3779;yy3779;ty6780
z1780;tz3780;yy3780;ty6781
z1781;tz3781;yy3781;ty6782
z1782;tz3782;yy3782;ty6783
z1783;tz3783;yy3783;ty6784
z1784;tz3784;yy3784;ty6785
z1785;tz3785;yy3785;ty6786
z1786;tz3786;yy3786;ty6787
z1787;tz3787;yy3787;ty6788
z1788;tz3788;yy3788;ty6789
z1789;tz3789;yy3789;ty6790
z1790;tz3790;yy3790;ty6791
z1791;tz3791;yy3791;ty6792
z1792;tz3792;yy3792;ty6793
z1793;tz3793;yy3793;ty6794
z1794;tz3794;yy3794;ty6795
z1795;tz3795;yy3795;ty6796
z1796;tz3796;yy3796;ty6797
z1797;tz3797;yy3797;ty6798
z1798;tz3798;yy3798;ty6799
z1799;tz3799;yy3799;ty6800
z1800;tz3800;yy3800;ty6801
z1801;tz3801;yy3801;ty6802
z1802;tz3802;yy3802;ty6803
z1803;tz3803;yy3803;ty6804
z1804;tz3804;yy3804;ty6805
z1805;tz3805;yy3805;ty6806
z1806;tz3806;yy3806;ty6807
z1807;tz3807;yy3807;ty6808
z1808;tz3808;yy3808;ty6809
z1809;tz3809;yy3809;ty6810
z1810;tz3810;yy3810;ty6811
z1811;tz3811;yy3811;ty6812
z1812;tz3812;yy3812;ty6813
z1813;tz3813;yy3813;ty6814
z1814;tz3814;yy3814;ty6815
z1815;tz3815;yy3815;ty6816
z1816;tz3816;yy3816;ty6817
z1817;tz3817;yy3817;ty6818
z1818;tz3818;yy3818;ty6819
z1819;tz3819;yy3819;ty6820
z1820;tz3820;yy3820;ty6821
z1821;tz3821;yy3821;ty6822
z1822;tz3822;yy3822;ty6823
z1823;tz3823;yy3823;ty6824
z1824;tz3824;yy3824;ty6825
z1825;tz3825;yy3825;ty6826
z1826;tz3826;yy3826;ty6827
z1827;tz3827;yy3827;ty6828
z1828;tz3828;yy3828;ty6829
z1829;tz3829;yy3829;ty6830
z1830;tz3830;yy3830;ty6831
z1831;tz3831;yy3831;ty6832
z1832;tz3832;yy3832;ty6833
z1833;tz3833;yy3833;ty6834
z1834;tz3834;yy3834;ty6835
z1835;tz3835;yy3835;ty6836
z1836;tz3836;yy3836;ty6837
z1837;tz3837;yy3837;ty6838
z1838;tz3838;yy3838;ty6839
z1839;tz3839;yy3839;ty6840
z1840;tz3840;yy3840;ty6841
z1841;tz3841;yy3841;ty6842
z1842;tz3842;yy3842;ty6843
z1843;tz3843;yy3843;ty6844
z1844;tz3844;yy3844;ty6845
z1845;tz3845;yy3845;ty6846
z1846;tz3846;yy3846;ty6847
z1847;tz3847;yy3847;ty6848
z1848;tz3848;yy3848;ty6849
z1849;tz3849;yy3849;ty6850
z1850;tz3850;yy3850;ty6851
z1851;tz3851;yy3851;ty6852
z1852;tz3852;yy3852;ty6853
z1853;tz3853;yy3853;ty6854
z1854;tz3854;yy3854;ty6855
z1855;tz3855;yy3855;ty6856
z1856;tz3856;yy3856;ty6857
z1857;tz3857;yy3857;ty6858
z1858;tz3858;yy3858;ty6859
z1859;tz3859;yy3859;ty6860
z1860;tz3860;yy3860;ty6861
z1861;tz3861;yy3861;ty6862
z1862;tz3862;yy3862;ty6863
z1863;tz3863;yy3863;ty6864
z1864;tz3864;yy3864;ty6865
z1865;tz3865;yy3865;ty6866
z1866;tz3866;yy3866;ty6867
z1867;tz3867;yy3867;ty6868
z1868;tz3868;yy3868;ty6869
z1869;tz3869;yy3869;ty6870
z1870;tz3870;yy3870;ty6871
z1871;tz3871;yy3871;ty6872
z1872;tz3872;yy3872;ty6873
z1873;tz3873;yy3873;ty6874
z1874;tz3874;yy3874;ty6875
z1875;tz3875;yy3875;ty6876
z1876;tz3876;yy3876;ty6877
z1877;tz3877;yy3877;ty6878
z1878;tz3878;yy3878;ty6879
z1879;tz3879;yy3879;ty6880
z1880;tz3880;yy3880;ty6881
z1881;tz3881;yy3881;ty6882
z1882;tz3882;yy3882;ty6883
z1883;tz3883;yy3883;ty6884
z1884;tz3884;yy3884;ty6885
z1885;tz3885;yy3885;ty6886
z1886;tz3886;yy3886;ty6887
z1887;tz3887;yy3887;ty6888
z1888;tz3888;yy3888;ty6889
z1889;tz3889;yy3889;ty6890
z1890;tz3890;yy3890;ty6891
z1891;tz3891;yy3891;ty6892
z1892;tz3892;yy3892;ty6893
z1893;tz3893;yy3893;ty6894
z1894;tz3894;yy3894;ty6895
z1895;tz3895;yy3895;ty6896
z1896;tz3896;yy3896;ty6897
z1897;tz3897;yy3897;ty6898
z1898;tz3898;yy3898;ty6899
z1899;tz3899;yy3899;ty6900
z1900;tz3900;yy3900;ty6901
z1901;tz3901;yy3901;ty6902
z1902;tz3902;yy3902;ty6903
z1903;tz3903;yy3903;ty6904
z1904;tz3904;yy3904;ty6905
z1905;tz3905;yy3905;ty6906
z1906;tz3906;yy3906;ty6907
z1907;tz3907;yy3907;ty6908
z1908;tz3908;yy3908;ty6909
z1909;tz3909;yy3909;ty6910
z1910;tz3910;yy3910;ty6911
z1911;tz3911;yy3911;ty6912
z1912;tz3912;yy3912;ty6913
z1913;tz3913;yy3913;ty6914
z1914;tz3914;yy3914;ty6915
z1915;tz3915;yy3915;ty6916
z1916;tz3916;yy3916;ty6917
z1917;tz3917;yy3917;ty6918
z1918;tz3918;yy3918;ty6919
z1919;tz3919;yy3919;ty6920
z1920;tz3920;yy3920;ty6921
z1921;tz3921;yy3921;ty6922
z1922;tz3922;yy3922;ty6923
z1923;tz3923;yy3923;ty6924
z1924;tz3924;yy3924;ty6925
z1925;tz3925;yy3925;ty6926
z1926;tz3926;yy3926;ty6927
z1927;tz3927;yy3927;ty6928
z1928;tz3928;yy3928;ty6929
z1929;tz3929;yy3929;ty6930
z1930;tz3930;yy3930;ty6931
z1931;tz3931;yy3931;ty6932
z1932;tz3932;yy3932;ty6933
z1933;tz3933;yy3933;ty6934
z1934;tz3934;yy3934;ty6935
z1935;tz3935;yy3935;ty6936
z1936;tz3936;yy3936;ty6937
z1937;tz3937;yy3937;ty6938
z1938;tz3938;yy3938;ty6939
z1939;tz3939;yy3939;ty6940
z1940;tz3940;yy3940;ty6941
z1941;tz3941;yy3941;ty6942
z1942;tz3942;yy3942;ty6943
z1943;tz3943;yy3943;ty6944
z1944;tz3944;yy3944;ty6945
z1945;tz3945;yy3945;ty6946
z1946;tz3946;yy3946;ty6947
z1947;tz3947;yy3947;ty6948
z1948;tz3948;yy3948;ty6949
z1949;tz3949;yy3949;ty6950
z1950;tz3950;yy3950;ty6951
z1951;tz3951;yy3951;ty6952
z1952;tz3952;yy3952;ty6953
z1953;tz3953;yy3953;ty6954
z1954;tz3954;yy3954;ty6955
z1955;tz3955;yy3955;ty6956
z1956;tz3956;yy3956;ty6957
z1957;tz3957;yy3957;ty6958
z1958;tz3958;yy3958;ty6959
z1959;tz3959;yy3959;ty6960
z1960;tz3960;yy3960;ty6961
z1961;tz3961;yy3961;ty6962
z1962;tz3962;yy3962;ty6963
z1963;tz3963;yy3963;ty6964
z1964;tz3964;yy3964;ty6965
z1965;tz3965;yy3965;ty6966
z1966;tz3966;yy3966;ty6967
z1967;tz3967;yy3967;ty6968
z1968;tz3968;yy3968;ty6969
z1969;tz3969;yy3969;ty6970
z1970;tz3970;yy3970;ty6971
z1971;tz3971;yy3971;ty6972
z1972;tz3972;yy3972;ty6973
z1973;tz3973;yy3973;ty6974
z1974;tz3974;yy3974;ty6975
z1975;tz3975;yy3975;ty6976
z1976;tz3976;yy3976;ty6977
z1977;tz3977;yy3977;ty6978
z1978;tz3978;yy3978;ty6979
z1979;tz3979;yy3979;ty6980
z1980;tz3980;yy3980;ty6981
z1981;tz3981;yy3981;ty6982
z1982;tz3982;yy3982;ty6983
z1983;tz3983;yy3983;ty6984
z1984;tz3984;yy3984;ty6985
z1985;tz3985;yy3985;ty6986
z1986;tz3986;yy3986;ty6987
z1987;tz3987;yy3987;ty6988
z1988;tz3988;yy3988;ty6989
z1989;tz3989;yy3989;ty6990
z1990;tz3990;yy3990;ty6991
z1991;tz3991;yy3991;ty6992
z1992;tz3992;yy3992;ty6993
z1993;tz3993;yy3993;ty6994
z1994;tz3994;yy3994;ty6995
z1995;tz3995;yy3995;ty6996
z1996;tz3996;yy3996;ty6997
z1997;tz3997;yy3997;ty6998
z1998;tz3998;yy3998;ty6999
z1999;tz3999;yy3999;ty7000
z2000;tz4000;yy4000;ty7001
;;;ty7002
;;;ty7003
;;;ty7004
;;;ty7005
;;;ty7006
;;;ty7007
;;;ty7008
;;;ty7009
;;;ty7010
;;;ty7011
;;;ty7012
;;;ty7013
;;;ty7014
;;;ty7015
;;;ty7016
;;;ty7017
;;;ty7018
;;;ty7019
;;;ty7020
;;;ty7021
;;;ty7022
;;;ty7023
;;;ty7024
;;;ty7025
;;;ty7026
;;;ty7027
;;;ty7028
;;;ty7029
;;;ty7030
;;;ty7031
;;;ty7032
;;;ty7033
;;;ty7034
;;;ty7035
;;;ty7036
;;;ty7037
;;;ty7038
;;;ty7039
;;;ty7040
;;;ty7041
;;;ty7042
;;;ty7043
;;;ty7044
;;;ty7045
;;;ty7046
;;;ty7047
;;;ty7048
;;;ty7049
;;;ty7050
;;;ty7051
;;;ty7052
;;;ty7053
;;;ty7054
;;;ty7055
;;;ty7056
;;;ty7057
;;;ty7058
;;;ty7059
;;;ty7060
;;;ty7061
;;;ty7062
;;;ty7063
;;;ty7064
;;;ty7065
;;;ty7066
;;;ty7067
;;;ty7068
;;;ty7069
;;;ty7070
;;;ty7071
;;;ty7072
;;;ty7073
;;;ty7074
;;;ty7075
;;;ty7076
;;;ty7077
;;;ty7078
;;;ty7079
;;;ty7080
;;;ty7081
;;;ty7082
;;;ty7083
;;;ty7084
;;;ty7085
;;;ty7086
;;;ty7087
;;;ty7088
;;;ty7089
;;;ty7090
;;;ty7091
;;;ty7092
;;;ty7093
;;;ty7094
;;;ty7095
;;;ty7096
;;;ty7097
;;;ty7098
;;;ty7099
;;;ty7100
;;;ty7101
;;;ty7102
;;;ty7103
;;;ty7104
;;;ty7105
;;;ty7106
;;;ty7107
;;;ty7108
;;;ty7109
;;;ty7110
;;;ty7111
;;;ty7112
;;;ty7113
;;;ty7114
;;;ty7115
;;;ty7116
;;;ty7117
;;;ty7118
;;;ty7119
;;;ty7120
;;;ty7121
;;;ty7122
;;;ty7123
;;;ty7124
;;;ty7125
;;;ty7126
;;;ty7127
;;;ty7128
;;;ty7129
;;;ty7130
;;;ty7131
;;;ty7132
;;;ty7133
;;;ty7134
;;;ty7135
;;;ty7136
;;;ty7137
;;;ty7138
;;;ty7139
;;;ty7140
;;;ty7141
;;;ty7142
;;;ty7143
;;;ty7144
;;;ty7145
;;;ty7146
;;;ty7147
;;;ty7148
;;;ty7149
;;;ty7150
;;;ty7151
;;;ty7152
;;;ty7153
;;;ty7154
;;;ty7155
;;;ty7156
;;;ty7157
;;;ty7158
;;;ty7159
;;;ty7160
;;;ty7161
;;;ty7162
;;;ty7163
;;;ty7164
;;;ty7165
;;;ty7166
;;;ty7167
;;;ty7168
;;;ty7169
;;;ty7170
;;;ty7171
;;;ty7172
;;;ty7173
;;;ty7174
;;;ty7175
;;;ty7176
;;;ty7177
;;;ty7178
;;;ty7179
;;;ty7180
;;;ty7181
;;;ty7182
;;;ty7183
;;;ty7184
;;;ty7185
;;;ty7186
;;;ty7187
;;;ty7188
;;;ty7189
;;;ty7190
;;;ty7191
;;;ty7192
;;;ty7193
;;;ty7194
;;;ty7195
;;;ty7196
;;;ty7197
;;;ty7198
;;;ty7199
;;;ty7200
;;;ty7201
;;;ty7202
;;;ty7203
;;;ty7204
;;;ty7205
;;;ty7206
;;;ty7207
;;;ty7208
;;;ty7209
;;;ty7210
;;;ty7211
;;;ty7212
;;;ty7213
;;;ty7214
;;;ty7215
;;;ty7216
;;;ty7217
;;;ty7218
;;;ty7219
;;;ty7220
;;;ty7221
;;;ty7222
;;;ty7223
;;;ty7224
;;;ty7225
;;;ty7226
;;;ty7227
;;;ty7228
;;;ty7229
;;;ty7230
;;;ty7231
;;;ty7232
;;;ty7233
;;;ty7234
;;;ty7235
;;;ty7236
;;;ty7237
;;;ty7238
;;;ty7239
;;;ty7240
;;;ty7241
;;;ty7242
;;;ty7243
;;;ty7244
;;;ty7245
;;;ty7246
;;;ty7247
;;;ty7248
;;;ty7249
;;;ty7250
;;;ty7251
;;;ty7252
;;;ty7253
;;;ty7254
;;;ty7255
;;;ty7256
;;;ty7257
;;;ty7258
;;;ty7259
;;;ty7260
;;;ty7261
;;;ty7262
;;;ty7263
;;;ty7264
;;;ty7265
;;;ty7266
;;;ty7267
;;;ty7268
;;;ty7269
;;;ty7270
;;;ty7271
;;;ty7272
;;;ty7273
;;;ty7274
;;;ty7275
;;;ty7276
;;;ty7277
;;;ty7278
;;;ty7279
;;;ty7280
;;;ty7281
;;;ty7282
;;;ty7283
;;;ty7284
;;;ty7285
;;;ty7286
;;;ty7287
;;;ty7288
;;;ty7289
;;;ty7290
;;;ty7291
;;;ty7292
;;;ty7293
;;;ty7294
;;;ty7295
;;;ty7296
;;;ty7297
;;;ty7298
;;;ty7299
;;;ty7300
;;;ty7301
;;;ty7302
;;;ty7303
;;;ty7304
;;;ty7305
;;;ty7306
;;;ty7307
;;;ty7308
;;;ty7309
;;;ty7310
;;;ty7311
;;;ty7312
;;;ty7313
;;;ty7314
;;;ty7315
;;;ty7316
;;;ty7317
;;;ty7318
;;;ty7319
;;;ty7320
;;;ty7321
;;;ty7322
;;;ty7323
;;;ty7324
;;;ty7325
;;;ty7326
;;;ty7327
;;;ty7328
;;;ty7329
;;;ty7330
;;;ty7331
;;;ty7332
;;;ty7333
;;;ty7334
;;;ty7335
;;;ty7336
;;;ty7337
;;;ty7338
;;;ty7339
;;;ty7340
;;;ty7341
;;;ty7342
;;;ty7343
;;;ty7344
;;;ty7345
;;;ty7346
;;;ty7347
;;;ty7348
;;;ty7349
;;;ty7350
;;;ty7351
;;;ty7352
;;;ty7353
;;;ty7354
;;;ty7355
;;;ty7356
;;;ty7357
;;;ty7358
;;;ty7359
;;;ty7360
;;;ty7361
;;;ty7362
;;;ty7363
;;;ty7364
;;;ty7365
;;;ty7366
;;;ty7367
;;;ty7368
;;;ty7369
;;;ty7370
;;;ty7371
;;;ty7372
;;;ty7373
;;;ty7374
;;;ty7375
;;;ty7376
;;;ty7377
;;;ty7378
;;;ty7379
;;;ty7380
;;;ty7381
;;;ty7382
;;;ty7383
;;;ty7384
;;;ty7385
;;;ty7386
;;;ty7387
;;;ty7388
;;;ty7389
;;;ty7390
;;;ty7391
;;;ty7392
;;;ty7393
;;;ty7394
;;;ty7395
;;;ty7396
;;;ty7397
;;;ty7398
;;;ty7399
;;;ty7400
;;;ty7401
;;;ty7402
;;;ty7403
;;;ty7404
;;;ty7405
;;;ty7406
;;;ty7407
;;;ty7408
;;;ty7409
;;;ty7410
;;;ty7411
;;;ty7412
;;;ty7413
;;;ty7414
;;;ty7415
;;;ty7416
;;;ty7417
;;;ty7418
;;;ty7419
;;;ty7420
;;;ty7421
;;;ty7422
;;;ty7423
;;;ty7424
;;;ty7425
;;;ty7426
;;;ty7427
;;;ty7428
;;;ty7429
;;;ty7430
;;;ty7431
;;;ty7432
;;;ty7433
;;;ty7434
;;;ty7435
;;;ty7436
;;;ty7437
;;;ty7438
;;;ty7439
;;;ty7440
;;;ty7441
;;;ty7442
;;;ty7443
;;;ty7444
;;;ty7445
;;;ty7446
;;;ty7447
;;;ty7448
;;;ty7449
;;;ty7450
;;;ty7451
;;;ty7452
;;;ty7453
;;;ty7454
;;;ty7455
;;;ty7456
;;;ty7457
;;;ty7458
;;;ty7459
;;;ty7460
;;;ty7461
;;;ty7462
;;;ty7463
;;;ty7464
;;;ty7465
;;;ty7466
;;;ty7467
;;;ty7468
;;;ty7469
;;;ty7470
;;;ty7471
;;;ty7472
;;;ty7473
;;;ty7474
;;;ty7475
;;;ty7476
;;;ty7477
;;;ty7478
;;;ty7479
;;;ty7480
;;;ty7481
;;;ty7482
;;;ty7483
;;;ty7484
;;;ty7485
;;;ty7486
;;;ty7487
;;;ty7488
;;;ty7489
;;;ty7490
;;;ty7491
;;;ty7492
;;;ty7493
;;;ty7494
;;;ty7495
;;;ty7496
;;;ty7497
;;;ty7498
;;;ty7499
;;;ty7500
;;;ty7501
;;;ty7502
;;;ty7503
;;;ty7504
;;;ty7505
;;;ty7506
;;;ty7507
;;;ty7508
;;;ty7509
;;;ty7510
;;;ty7511
;;;ty7512
;;;ty7513
;;;ty7514
;;;ty7515
;;;ty7516
;;;ty7517
;;;ty7518
;;;ty7519
;;;ty7520
;;;ty7521
;;;ty7522
;;;ty7523
;;;ty7524
;;;ty7525
;;;ty7526
;;;ty7527
;;;ty7528
;;;ty7529
;;;ty7530
;;;ty7531
;;;ty7532
;;;ty7533
;;;ty7534
;;;ty7535
;;;ty7536
;;;ty7537
;;;ty7538
;;;ty7539
;;;ty7540
;;;ty7541
;;;ty7542
;;;ty7543
;;;ty7544
;;;ty7545
;;;ty7546
;;;ty7547
;;;ty7548
;;;ty7549
;;;ty7550
;;;ty7551
;;;ty7552
;;;ty7553
;;;ty7554
;;;ty7555
;;;ty7556
;;;ty7557
;;;ty7558
;;;ty7559
;;;ty7560
;;;ty7561
;;;ty7562
;;;ty7563
;;;ty7564
;;;ty7565
;;;ty7566
;;;ty7567
;;;ty7568
;;;ty7569
;;;ty7570
;;;ty7571
;;;ty7572
;;;ty7573
;;;ty7574
;;;ty7575
;;;ty7576
;;;ty7577
;;;ty7578
;;;ty7579
;;;ty7580
;;;ty7581
;;;ty7582
;;;ty7583
;;;ty7584
;;;ty7585
;;;ty7586
;;;ty7587
;;;ty7588
;;;ty7589
;;;ty7590
;;;ty7591
;;;ty7592
;;;ty7593
;;;ty7594
;;;ty7595
;;;ty7596
;;;ty7597
;;;ty7598
;;;ty7599
;;;ty7600
;;;ty7601
;;;ty7602
;;;ty7603
;;;ty7604
;;;ty7605
;;;ty7606
;;;ty7607
;;;ty7608
;;;ty7609
;;;ty7610
;;;ty7611
;;;ty7612
;;;ty7613
;;;ty7614
;;;ty7615
;;;ty7616
;;;ty7617
;;;ty7618
;;;ty7619
;;;ty7620
;;;ty7621
;;;ty7622
;;;ty7623
;;;ty7624
;;;ty7625
;;;ty7626
;;;ty7627
;;;ty7628
;;;ty7629
;;;ty7630
;;;ty7631
;;;ty7632
;;;ty7633
;;;ty7634
;;;ty7635
;;;ty7636
;;;ty7637
;;;ty7638
;;;ty7639
;;;ty7640
;;;ty7641
;;;ty7642
;;;ty7643
;;;ty7644
;;;ty7645
;;;ty7646
;;;ty7647
;;;ty7648
;;;ty7649
;;;ty7650
;;;ty7651
;;;ty7652
;;;ty7653
;;;ty7654
;;;ty7655
;;;ty7656
;;;ty7657
;;;ty7658
;;;ty7659
;;;ty7660
;;;ty7661
;;;ty7662
;;;ty7663
;;;ty7664
;;;ty7665
;;;ty7666
;;;ty7667
;;;ty7668
;;;ty7669
;;;ty7670
;;;ty7671
;;;ty7672
;;;ty7673
;;;ty7674
;;;ty7675
;;;ty7676
;;;ty7677
;;;ty7678
;;;ty7679
;;;ty7680
;;;ty7681
;;;ty7682
;;;ty7683
;;;ty7684
;;;ty7685
;;;ty7686
;;;ty7687
;;;ty7688
;;;ty7689
;;;ty7690
;;;ty7691
;;;ty7692
;;;ty7693
;;;ty7694
;;;ty7695
;;;ty7696
;;;ty7697
;;;ty7698
;;;ty7699
;;;ty7700
;;;ty7701
;;;ty7702
;;;ty7703
;;;ty7704
;;;ty7705
;;;ty7706
;;;ty7707
;;;ty7708
;;;ty7709
;;;ty7710
;;;ty7711
;;;ty7712
;;;ty7713
;;;ty7714
;;;ty7715
;;;ty7716
;;;ty7717
;;;ty7718
;;;ty7719
;;;ty7720
;;;ty7721
;;;ty7722
;;;ty7723
;;;ty7724
;;;ty7725
;;;ty7726
;;;ty7727
;;;ty7728
;;;ty7729
;;;ty7730
;;;ty7731
;;;ty7732
;;;ty7733
;;;ty7734
;;;ty7735
;;;ty7736
;;;ty7737
;;;ty7738
;;;ty7739
;;;ty7740
;;;ty7741
;;;ty7742
;;;ty7743
;;;ty7744
;;;ty7745
;;;ty7746
;;;ty7747
;;;ty7748
;;;ty7749
;;;ty7750
;;;ty7751
;;;ty7752
;;;ty7753
;;;ty7754
;;;ty7755
;;;ty7756
;;;ty7757
;;;ty7758
;;;ty7759
;;;ty7760
;;;ty7761
;;;ty7762
;;;ty7763
;;;ty7764
;;;ty7765
;;;ty7766
;;;ty7767
;;;ty7768
;;;ty7769
;;;ty7770
;;;ty7771
;;;ty7772
;;;ty7773
;;;ty7774
;;;ty7775
;;;ty7776
;;;ty7777
;;;ty7778
;;;ty7779
;;;ty7780
;;;ty7781
;;;ty7782
;;;ty7783
;;;ty7784
;;;ty7785
;;;ty7786
;;;ty7787
;;;ty7788
;;;ty7789
;;;ty7790
;;;ty7791
;;;ty7792
;;;ty7793
;;;ty7794
;;;ty7795
;;;ty7796
;;;ty7797
;;;ty7798
;;;ty7799
;;;ty7800
;;;ty7801
;;;ty7802
;;;ty7803
;;;ty7804
;;;ty7805
;;;ty7806
;;;ty7807
;;;ty7808
;;;ty7809
;;;ty7810
;;;ty7811
;;;ty7812
;;;ty7813
;;;ty7814
;;;ty7815
;;;ty7816
;;;ty7817
;;;ty7818
;;;ty7819
;;;ty7820
;;;ty7821
;;;ty7822
;;;ty7823
;;;ty7824
;;;ty7825
;;;ty7826
;;;ty7827
;;;ty7828
;;;ty7829
;;;ty7830
;;;ty7831
;;;ty7832
;;;ty7833
;;;ty7834
;;;ty7835
;;;ty7836
;;;ty7837
;;;ty7838
;;;ty7839
;;;ty7840
;;;ty7841
;;;ty7842
;;;ty7843
;;;ty7844
;;;ty7845
;;;ty7846
;;;ty7847
;;;ty7848
;;;ty7849
;;;ty7850
;;;ty7851
;;;ty7852
;;;ty7853
;;;ty7854
;;;ty7855
;;;ty7856
;;;ty7857
;;;ty7858
;;;ty7859
;;;ty7860
;;;ty7861
;;;ty7862
;;;ty7863
;;;ty7864
;;;ty7865
;;;ty7866
;;;ty7867
;;;ty7868
;;;ty7869
;;;ty7870
;;;ty7871
;;;ty7872
;;;ty7873
;;;ty7874
;;;ty7875
;;;ty7876
;;;ty7877
;;;ty7878
;;;ty7879
;;;ty7880
;;;ty7881
;;;ty7882
;;;ty7883
;;;ty7884
;;;ty7885
;;;ty7886
;;;ty7887
;;;ty7888
;;;ty7889
;;;ty7890
;;;ty7891
;;;ty7892
;;;ty7893
;;;ty7894
;;;ty7895
;;;ty7896
;;;ty7897
;;;ty7898
;;;ty7899
;;;ty7900
;;;ty7901
;;;ty7902
;;;ty7903
;;;ty7904
;;;ty7905
;;;ty7906
;;;ty7907
;;;ty7908
;;;ty7909
;;;ty7910
;;;ty7911
;;;ty7912
;;;ty7913
;;;ty7914
;;;ty7915
;;;ty7916
;;;ty7917
;;;ty7918
;;;ty7919
;;;ty7920
;;;ty7921
;;;ty7922
;;;ty7923
;;;ty7924
;;;ty7925
;;;ty7926
;;;ty7927
;;;ty7928
;;;ty7929
;;;ty7930
;;;ty7931
;;;ty7932
;;;ty7933
;;;ty7934
;;;ty7935
;;;ty7936
;;;ty7937
;;;ty7938
;;;ty7939
;;;ty7940
;;;ty7941
;;;ty7942
;;;ty7943
;;;ty7944
;;;ty7945
;;;ty7946
;;;ty7947
;;;ty7948
;;;ty7949
;;;ty7950
;;;ty7951
;;;ty7952
;;;ty7953
;;;ty7954
;;;ty7955
;;;ty7956
;;;ty7957
;;;ty7958
;;;ty7959
;;;ty7960
;;;ty7961
;;;ty7962
;;;ty7963
;;;ty7964
;;;ty7965
;;;ty7966
;;;ty7967
;;;ty7968
;;;ty7969
;;;ty7970
;;;ty7971
;;;ty7972
;;;ty7973
;;;ty7974
;;;ty7975
;;;ty7976
;;;ty7977
;;;ty7978
;;;ty7979
;;;ty7980
;;;ty7981
;;;ty7982
;;;ty7983
;;;ty7984
;;;ty7985
;;;ty7986
;;;ty7987
;;;ty7988
;;;ty7989
;;;ty7990
;;;ty7991
;;;ty7992
;;;ty7993
;;;ty7994
;;;ty7995
;;;ty7996
;;;ty7997
;;;ty7998
;;;ty7999
;;;ty8000
;;;ty8001
;;;ty8002
;;;ty8003
;;;
;;;
;;;
;;;
;;;
;;;
;;;
;;;
;;;
;;;
;;;
;;;
;;;
;;;
;;;
;;;
;;;
;;;
;;;
;;;
;;;
;;;
;;;
;;;
;;;
;;;
;;;
;;;
;;;
;;;
;;;
;;;
;;;
;;;
;;;
;;;
;;;
;;;
;;;
;;;
;;;
;;;
;;;
;;;
;;;
;;;
;;;
;;;
;;;
;;;
;;;
;;;
;;;
;;;
;;;
;;;
;;;
;;;
;;;
;;;
;;;
;;;
;;;
;;;
;;;
;;;
;;;
;;;
;;;
;;;
;;;
;;;
;;;
;;;
;;;
;;;
;;;
;;;
;;;
;;;
;;;
;;;
;;;
;;;
;;;
;;;
;;;
;;;
;;;
;;;
;;;
;;;
;;;
;;;
;;;
;;;
;;;
;;;
;;;
;;;
;;;
;;;
;;;
;;;
;;;
;;;
;;;
;;;
;;;
;;;
;;;
;;;
;;;
;;;
;;;
;;;
;;;
;;;
;;;
;;;
;;;
;;;
;;;
;;;
;;;
;;;
;;;
;;;
;;;
;;;
;;;
;;;
;;;
;;;
;;;
;;;
;;;
;;;
;;;
;;;
;;;
;;;
;;;
;;;
;;;
;;;
;;;
;;;
;;;
;;;
;;;
;;;
;;;
;;;
;;;
;;;
;;;
;;;
;;;
;;;
;;;
;;;
;;;
;;;
;;;
;;;
;;;
;;;
;;;
;;;
;;;
;;;
;;;
;;;
;;;
;;;
;;;
;;;
;;;
;;;
;;;
;;;
;;;
;;;
;;;
;;;
;;;
;;;
;;;
;;;
;;;
;;;
;;;
;;;
;;;
;;;
;;;
;;;
;;;
;;;
;;;
;;;
;;;
;;;
;;;
;;;
;;;
;;;
;;;
;;;
;;;
;;;
;;;
;;;
;;;
;;;
;;;
;;;
;;;
;;;
;;;
;;;
;;;
;;;
;;;
;;;
;;;
;;;
;;;
;;;
;;;
;;;
;;;
;;;
;;;
;;;
;;;
;;;
;;;
;;;
;;;
;;;
;;;
;;;
;;;
;;;
;;;
;;;
;;;
;;;
;;;
;;;
;;;
;;;
;;;
;;;
;;;
;;;
;;;
;;;
;;;
;;;
;;;
;;;
;;;
;;;
;;;
;;;
;;;
;;;
;;;
;;;
;;;
;;;
;;;
;;;
;;;
;;;
;;;
;;;
;;;
;;;
;;;
;;;
;;;
;;;
;;;
;;;
;;;
;;;
;;;
;;;
;;;
;;;
;;;
;;;
;;;
;;;
;;;
;;;
;;;
;;;
;;;
;;;
;;;
;;;
;;;
;;;
;;;
;;;
;;;
;;;
;;;
;;;
;;;
;;;
;;;
;;;
;;;
;;;
;;;
;;;
;;;
;;;
;;;
;;;
;;;
;;;
;;;
;;;
;;;
;;;
;;;
;;;
;;;
;;;
;;;
;;;
;;;
;;;
;;;
;;;
;;;
;;;
;;;
;;;
;;;
;;;
;;;
;;;
;;;
;;;
;;;
;;;
;;;
;;;
;;;
;;;
;;;
;;;
;;;
;;;
;;;
;;;
;;;
;;;
;;;
;;;
;;;
;;;
;;;
;;;
;;;
;;;
;;;
;;;
;;;
;;;
;;;
;;;
;;;
;;;
;;;
;;;
;;;
;;;
;;;
;;;
;;;
;;;
;;;
;;;
;;;
;;;
;;;
;;;
;;;
;;;
;;;
;;;
;;;
;;;
;;;
;;;
;;;
;;;
;;;
;;;
;;;
;;;
;;;
;;;
;;;
;;;
;;;
;;;
;;;
;;;
;;;
;;;
;;;
;;;
;;;
;;;
;;;
;;;
;;;
;;;
;;;
;;;
;;;
;;;
;;;
;;;
;;;
;;;
;;;
;;;
;;;
;;;
;;;
;;;
;;;
;;;
;;;
;;;
;;;
;;;
;;;
;;;
;;;
;;;
;;;
;;;
;;;
;;;
;;;
;;;
;;;
;;;
;;;
;;;
;;;
;;;
;;;
;;;
;;;
;;;
;;;
;;;
;;;
;;;
;;;
;;;
;;;
;;;
;;;
;;;
;;;
;;;
;;;
;;;
;;;
;;;
;;;
;;;
;;;
;;;
;;;
;;;
;;;
;;;
;;;
;;;
;;;
;;;
;;;
;;;
;;;
;;;
;;;
;;;
;;;
;;;
;;;
;;;
;;;
;;;
;;;
;;;
;;;
;;;
;;;
;;;
;;;
;;;
;;;
;;;
;;;
;;;
;;;
;;;
;;;
;;;
;;;
;;;
;;;
;;;
;;;
;;;
;;;
;;;
;;;
;;;
;;;
;;;
;;;
;;;
;;;
;;;
;;;
;;;
;;;
;;;
;;;
;;;
;;;
;;;
;;;
;;;
;;;
;;;
;;;
;;;
;;;
;;;
;;;
;;;
;;;
;;;
;;;
;;;
;;zt-3575;
;;zt-3576;
;;zt-3577;
;;zt-3578;
;;zt-3579;
;;zt-3580;
;;zt-3581;
;;zt-3582;
;;zt-3583;
;;zt-3584;
;;zt-3585;
;;zt-3586;
;;zt-3587;
;;zt-3588;
;;zt-3589;
;;zt-3590;
;;zt-3591;
;;zt-3592;
;;zt-3593;
;;zt-3594;
;;zt-3595;
;;zt-3596;
;;zt-3597;
;;zt-3598;
;;zt-3599;
;;zt-3600;
;;zt-3601;
;;zt-3602;
;;zt-3603;
;;zt-3604;
;;zt-3605;
;;zt-3606;
;;zt-3607;
;;zt-3608;
;;zt-3609;
;;zt-3610;
;;zt-3611;
;;zt-3612;
;;zt-3613;
;;zt-3614;
;;zt-3615;
;;zt-3616;
;;zt-3617;
;;zt-3618;
;;zt-3619;
;;zt-3620;
;;zt-3621;
;;zt-3622;
;;zt-3623;
;;zt-3624;
;;zt-3625;
;;zt-3626;
;;zt-3627;
;;zt-3628;
;;zt-3629;
;;zt-3630;
;;zt-3631;
;;zt-3632;
;;zt-3633;
;;zt-3634;
;;zt-3635;
;;zt-3636;
;;zt-3637;
;;zt-3638;
;;zt-3639;
;;zt-3640;
;;zt-3641;
;;zt-3642;
;;zt-3643;
;;zt-3644;
;;zt-3645;
;;zt-3646;
;;zt-3647;
;;zt-3648;
;;zt-3649;
;;zt-3650;
;;zt-3651;
;;zt-3652;
;;zt-3653;
;;zt-3654;
;;zt-3655;
;;zt-3656;
;;zt-3657;
;;zt-3658;
;;zt-3659;
;;zt-3660;
;;zt-3661;
;;zt-3662;
;;zt-3663;
;;zt-3664;
;;zt-3665;
;;zt-3666;
;;zt-3667;
;;zt-3668;
;;zt-3669;
;;zt-3670;
;;zt-3671;
;;zt-3672;
;;zt-3673;
;;zt-3674;
;;zt-3675;
;;zt-3676;
;;zt-3677;
;;zt-3678;
;;zt-3679;
;;zt-3680;
;;zt-3681;
;;zt-3682;
;;zt-3683;
;;zt-3684;
;;zt-3685;
;;zt-3686;
;;zt-3687;
;;zt-3688;
;;zt-3689;
;;zt-3690;
;;zt-3691;
;;zt-3692;
;;zt-3693;
;;zt-3694;
;;zt-3695;
;;zt-3696;
;;zt-3697;
;;zt-3698;
;;zt-3699;
;;zt-3700;
;;zt-3701;
;;zt-3702;
;;zt-3703;
;;zt-3704;
;;zt-3705;
;;zt-3706;
;;zt-3707;
;;zt-3708;
;;zt-3709;
;;zt-3710;
;;zt-3711;
;;zt-3712;
;;zt-3713;
;;zt-3714;
;;zt-3715;
;;zt-3716;
;;zt-3717;
;;zt-3718;
;;zt-3719;
;;zt-3720;
;;zt-3721;
;;zt-3722;
;;zt-3723;
;;zt-3724;
;;zt-3725;
;;zt-3726;
;;zt-3727;
;;zt-3728;
;;zt-3729;
;;zt-3730;
;;zt-3731;
;;zt-3732;
;;zt-3733;
;;zt-3734;
;;zt-3735;
;;zt-3736;
;;zt-3737;
;;zt-3738;
;;zt-3739;
;;zt-3740;
;;zt-3741;
;;zt-3742;
;;zt-3743;
;;zt-3744;
;;zt-3745;
;;zt-3746;
;;zt-3747;
;;zt-3748;
;;zt-3749;
;;zt-3750;
;;zt-3751;
;;zt-3752;
;;zt-3753;
;;zt-3754;
;;zt-3755;
;;zt-3756;
;;zt-3757;
;;zt-3758;
;;zt-3759;
;;zt-3760;
;;zt-3761;
;;zt-3762;
;;zt-3763;
;;zt-3764;
;;zt-3765;
;;zt-3766;
;;zt-3767;
;;zt-3768;
;;zt-3769;
;;zt-3770;
;;zt-3771;
;;zt-3772;
;;zt-3773;
;;zt-3774;
;;zt-3775;
;;zt-3776;
;;zt-3777;
;;zt-3778;
;;zt-3779;
;;zt-3780;
;;zt-3781;
;;zt-3782;
;;zt-3783;
;;zt-3784;
;;zt-3785;
;;zt-3786;
;;zt-3787;
;;zt-3788;
;;zt-3789;
;;zt-3790;
;;zt-3791;
;;zt-3792;
;;zt-3793;
;;zt-3794;
;;zt-3795;
;;zt-3796;
;;zt-3797;
;;zt-3798;
;;zt-3799;
;;zt-3800;
;;zt-3801;
;;zt-3802;
;;zt-3803;
;;zt-3804;
;;zt-3805;
;;zt-3806;
;;zt-3807;
;;zt-3808;
;;zt-3809;
;;zt-3810;
;;zt-3811;
;;zt-3812;
;;zt-3813;
;;zt-3814;
;;zt-3815;
;;zt-3816;
;;zt-3817;
;;zt-3818;
;;zt-3819;
;;zt-3820;
;;zt-3821;
;;zt-3822;
;;zt-3823;
;;zt-3824;
;;zt-3825;
;;zt-3826;
;;zt-3827;
;;zt-3828;
;;zt-3829;
;;zt-3830;
;;zt-3831;
;;zt-3832;
;;zt-3833;
;;zt-3834;
;;zt-3835;
;;zt-3836;
;;zt-3837;
;;zt-3838;
;;zt-3839;
;;zt-3840;
;;zt-3841;
;;zt-3842;
;;zt-3843;
;;zt-3844;
;;zt-3845;
;;zt-3846;
;;zt-3847;
;;zt-3848;
;;zt-3849;
;;zt-3850;
;;zt-3851;
;;zt-3852;
;;zt-3853;
;;zt-3854;
;;zt-3855;
;;zt-3856;
;;zt-3857;
;;zt-3858;
;;zt-3859;
;;zt-3860;
;;zt-3861;
;;zt-3862;
;;zt-3863;
;;zt-3864;
;;zt-3865;
;;zt-3866;
;;zt-3867;
;;zt-3868;
;;zt-3869;
;;zt-3870;
;;zt-3871;
;;zt-3872;
;;zt-3873;
;;zt-3874;
;;zt-3875;
;;zt-3876;
;;zt-3877;
;;zt-3878;
;;zt-3879;
;;zt-3880;
;;zt-3881;
;;zt-3882;
;;zt-3883;
;;zt-3884;
;;zt-3885;
;;zt-3886;
;;zt-3887;
;;zt-3888;
;;zt-3889;
;;zt-3890;
;;zt-3891;
;;zt-3892;
;;zt-3893;
;;zt-3894;
;;zt-3895;
;;zt-3896;
;;zt-3897;
;;zt-3898;
;;zt-3899;
;;zt-3900;
;;zt-3901;
;;zt-3902;
;;zt-3903;
;;zt-3904;
;;zt-3905;
;;zt-3906;
;;zt-3907;
;;zt-3908;
;;zt-3909;
;;zt-3910;
;;zt-3911;
;;zt-3912;
;;zt-3913;
;;zt-3914;
;;zt-3915;
;;zt-3916;
;;zt-3917;
;;zt-3918;
;;zt-3919;
;;zt-3920;
;;zt-3921;
;;zt-3922;
;;zt-3923;
;;zt-3924;
;;zt-3925;
;;zt-3926;
;;zt-3927;
;;zt-3928;
;;zt-3929;
;;zt-3930;
;;zt-3931;
;;zt-3932;
;;zt-3933;
;;zt-3934;
;;zt-3935;
;;zt-3936;
;;zt-3937;
;;zt-3938;
;;zt-3939;
;;zt-3940;
;;zt-3941;
;;zt-3942;
;;zt-3943;
;;zt-3944;
;;zt-3945;
;;zt-3946;
;;zt-3947;
;;zt-3948;
;;zt-3949;
;;zt-3950;
;;zt-3951;
;;zt-3952;
;;zt-3953;
;;zt-3954;
;;zt-3955;
;;zt-3956;
;;zt-3957;
;;zt-3958;
;;zt-3959;
;;zt-3960;
;;zt-3961;
;;zt-3962;
;;zt-3963;
;;zt-3964;
;;zt-3965;
;;zt-3966;
;;zt-3967;
;;zt-3968;
;;zt-3969;
;;zt-3970;
;;zt-3971;
;;zt-3972;
;;zt-3973;
;;zt-3974;
;;zt-3975;
;;zt-3976;
;;zt-3977;
;;zt-3978;
;;zt-3979;
;;zt-3980;
;;zt-3981;
;;zt-3982;
;;zt-3983;
;;zt-3984;
;;zt-3985;
;;zt-3986;
;;zt-3987;
;;zt-3988;
;;zt-3989;
;;zt-3990;
;;zt-3991;
;;zt-3992;
;;zt-3993;
;;zt-3994;
;;zt-3995;
;;zt-3996;
;;zt-3997;
;;zt-3998;
;;zt-3999;
;;zt-4000;
;;zt-4001;
;;zt-4002;
;;zt-4003;
;;zt-4004;
;;zt-4005;
;;zt-4006;
;;zt-4007;
;;zt-4008;
;;zt-4009;
;;zt-4010;
;;zt-4011;
;;zt-4012;
;;zt-4013;
;;zt-4014;
;;zt-4015;
;;zt-4016;
;;zt-4017;
;;zt-4018;
;;zt-4019;
;;zt-4020;
;;zt-4021;
;;zt-4022;
;;zt-4023;
;;zt-4024;
;;zt-4025;
;;zt-4026;
;;zt-4027;
;;zt-4028;
;;zt-4029;
;;zt-4030;
;;zt-4031;
;;zt-4032;
;;zt-4033;
;;zt-4034;
;;zt-4035;
;;zt-4036;
;;zt-4037;
;;zt-4038;
;;zt-4039;
;;zt-4040;
;;zt-4041;
;;zt-4042;
;;zt-4043;
;;zt-4044;
;;zt-4045;
;;zt-4046;
;;zt-4047;
;;zt-4048;
;;zt-4049;
;;zt-4050;
;;zt-4051;
;;zt-4052;
;;zt-4053;
;;zt-4054;
;;zt-4055;
;;zt-4056;
;;zt-4057;
;;zt-4058;
;;zt-4059;
;;zt-4060;
;;zt-4061;
;;zt-4062;
;;zt-4063;
;;zt-4064;
;;zt-4065;
;;zt-4066;
;;zt-4067;
;;zt-4068;
;;zt-4069;
;;zt-4070;
;;zt-4071;
;;zt-4072;
;;zt-4073;
;;zt-4074;
;;zt-4075;
;;zt-4076;
;;zt-4077;
;;zt-4078;
;;zt-4079;
;;zt-4080;
;;zt-4081;
;;zt-4082;
;;zt-4083;
;;zt-4084;
;;zt-4085;
;;zt-4086;
;;zt-4087;
;;zt-4088;
;;zt-4089;
;;zt-4090;
;;zt-4091;
;;zt-4092;
;;zt-4093;
;;zt-4094;
;;zt-4095;
;;zt-4096;
;;zt-4097;
;;zt-4098;
;;zt-4099;
;;zt-4100;
;;zt-4101;
;;zt-4102;
;;zt-4103;
;;zt-4104;
;;zt-4105;
;;zt-4106;
;;zt-4107;
;;zt-4108;
;;zt-4109;
;;zt-4110;
;;zt-4111;
;;zt-4112;
;;zt-4113;
;;zt-4114;
;;zt-4115;
;;zt-4116;
;;zt-4117;
;;zt-4118;
;;zt-4119;
;;zt-4120;
;;zt-4121;
;;zt-4122;
;;zt-4123;
;;zt-4124;
;;zt-4125;
;;zt-4126;
;;zt-4127;
;;zt-4128;
;;zt-4129;
;;zt-4130;
;;zt-4131;
;;zt-4132;
;;zt-4133;
;;zt-4134;
;;zt-4135;
;;zt-4136;
;;zt-4137;
;;zt-4138;
;;zt-4139;
;;zt-4140;
;;zt-4141;
;;zt-4142;
;;zt-4143;
;;zt-4144;
;;zt-4145;
;;zt-4146;
;;zt-4147;
;;zt-4148;
;;zt-4149;
;;zt-4150;
;;zt-4151;
;;zt-4152;
;;zt-4153;
;;zt-4154;
;;zt-4155;
;;zt-4156;
;;zt-4157;
;;zt-4158;
;;zt-4159;
;;zt-4160;
;;zt-4161;
;;zt-4162;
;;zt-4163;
;;zt-4164;
;;zt-4165;
;;zt-4166;
;;zt-4167;
;;zt-4168;
;;zt-4169;
;;zt-4170;
;;zt-4171;
;;zt-4172;
;;zt-4173;
;;zt-4174;
;;zt-4175;
;;zt-4176;
;;zt-4177;
;;zt-4178;
;;zt-4179;
;;zt-4180;
;;zt-4181;
;;zt-4182;
;;zt-4183;
;;zt-4184;
;;zt-4185;
;;zt-4186;
;;zt-4187;
;;zt-4188;
;;zt-4189;
;;zt-4190;
;;zt-4191;
;;zt-4192;
;;zt-4193;
;;zt-4194;
;;zt-4195;
;;zt-4196;
;;zt-4197;
;;zt-4198;
;;zt-4199;
;;zt-4200;
;;zt-4201;
;;zt-4202;
;;zt-4203;
;;zt-4204;
;;zt-4205;
;;zt-4206;
;;zt-4207;
;;zt-4208;
;;zt-4209;
;;zt-4210;
;;zt-4211;
;;zt-4212;
;;zt-4213;
;;zt-4214;
;;zt-4215;
;;zt-4216;
;;zt-4217;
;;zt-4218;
;;zt-4219;
;;zt-4220;
;;zt-4221;
;;zt-4222;
;;zt-4223;
;;zt-4224;
;;zt-4225;
;;zt-4226;
;;zt-4227;
;;zt-4228;
;;zt-4229;
;;zt-4230;
;;zt-4231;
;;zt-4232;
;;zt-4233;
;;zt-4234;
;;zt-4235;
;;zt-4236;
;;zt-4237;
;;zt-4238;
;;zt-4239;
;;zt-4240;
;;zt-4241;
;;zt-4242;
;;zt-4243;
;;zt-4244;
;;zt-4245;
;;zt-4246;
;;zt-4247;
;;zt-4248;
;;zt-4249;
;;zt-4250;
;;zt-4251;
;;zt-4252;
;;zt-4253;
;;zt-4254;
;;zt-4255;
;;zt-4256;
;;zt-4257;
;;zt-4258;
;;zt-4259;
;;zt-4260;
;;zt-4261;
;;zt-4262;
;;zt-4263;
;;zt-4264;
;;zt-4265;
;;zt-4266;
;;zt-4267;
;;zt-4268;
;;zt-4269;
;;zt-4270;
;;zt-4271;
;;zt-4272;
;;zt-4273;
;;zt-4274;
;;zt-4275;
;;zt-4276;
;;zt-4277;
;;zt-4278;
;;zt-4279;
;;zt-4280;
;;zt-4281;
;;zt-4282;
;;zt-4283;
;;zt-4284;
;;zt-4285;
;;zt-4286;
;;zt-4287;
;;zt-4288;
;;zt-4289;
;;zt-4290;
;;zt-4291;
;;zt-4292;
;;zt-4293;
;;zt-4294;
;;zt-4295;
;;zt-4296;
;;zt-4297;
;;zt-4298;
;;zt-4299;
;;zt-4300;
;;zt-4301;
;;zt-4302;
;;zt-4303;
;;zt-4304;
;;zt-4305;
;;zt-4306;
;;zt-4307;
;;zt-4308;
;;zt-4309;
;;zt-4310;
;;zt-4311;
;;zt-4312;
;;zt-4313;
;;zt-4314;
;;zt-4315;
;;zt-4316;
;;zt-4317;
;;zt-4318;
;;zt-4319;
;;zt-4320;
;;zt-4321;
;;zt-4322;
;;zt-4323;
;;zt-4324;
;;zt-4325;
;;zt-4326;
;;zt-4327;
;;zt-4328;
;;zt-4329;
;;zt-4330;
;;zt-4331;
;;zt-4332;
;;zt-4333;
;;zt-4334;
;;zt-4335;
;;zt-4336;
;;zt-4337;
;;zt-4338;
;;zt-4339;
;;zt-4340;
;;zt-4341;
;;zt-4342;
;;zt-4343;
;;zt-4344;
;;zt-4345;
;;zt-4346;
;;zt-4347;
;;zt-4348;
;;zt-4349;
;;zt-4350;
;;zt-4351;
;;zt-4352;
;;zt-4353;
;;zt-4354;
;;zt-4355;
;;zt-4356;
;;zt-4357;
;;zt-4358;
;;zt-4359;
;;zt-4360;
;;zt-4361;
;;zt-4362;
;;zt-4363;
;;zt-4364;
;;zt-4365;
;;zt-4366;
;;zt-4367;
;;zt-4368;
;;zt-4369;
;;zt-4370;
;;zt-4371;
;;zt-4372;
;;zt-4373;
;;zt-4374;
;;zt-4375;
;;zt-4376;
;;zt-4377;
;;zt-4378;
;;zt-4379;
;;zt-4380;
;;zt-4381;
;;zt-4382;
;;zt-4383;
;;zt-4384;
;;zt-4385;
;;zt-4386;
;;zt-4387;
;;zt-4388;
;;zt-4389;
;;zt-4390;
;;zt-4391;
;;zt-4392;
;;zt-4393;
;;zt-4394;
;;zt-4395;
;;zt-4396;
;;zt-4397;
;;zt-4398;
;;zt-4399;
;;zt-4400;
;;zt-4401;
;;zt-4402;
;;zt-4403;
;;zt-4404;
;;zt-4405;
;;zt-4406;
;;zt-4407;
;;zt-4408;
;;zt-4409;
;;zt-4410;
;;zt-4411;
;;zt-4412;
;;zt-4413;
;;zt-4414;
;;zt-4415;
;;zt-4416;
;;zt-4417;
;;zt-4418;
;;zt-4419;
;;zt-4420;
;;zt-4421;
;;zt-4422;
;;zt-4423;
;;zt-4424;
;;zt-4425;
;;zt-4426;
;;zt-4427;
;;zt-4428;
;;zt-4429;
;;zt-4430;
;;zt-4431;
;;zt-4432;
;;zt-4433;
;;zt-4434;
;;zt-4435;
;;zt-4436;
;;zt-4437;
;;zt-4438;
;;zt-4439;
;;zt-4440;
;;zt-4441;
;;zt-4442;
;;zt-4443;
;;zt-4444;
;;zt-4445;
;;zt-4446;
;;zt-4447;
;;zt-4448;
;;zt-4449;
;;zt-4450;
;;zt-4451;
;;zt-4452;
;;zt-4453;
;;zt-4454;
;;zt-4455;
;;zt-4456;
;;zt-4457;
;;zt-4458;
;;zt-4459;
;;zt-4460;
;;zt-4461;
;;zt-4462;
;;zt-4463;
;;zt-4464;
;;zt-4465;
;;zt-4466;
;;zt-4467;
;;zt-4468;
;;zt-4469;
;;zt-4470;
;;zt-4471;
;;zt-4472;
;;zt-4473;
;;zt-4474;
;;zt-4475;
;;zt-4476;
;;zt-4477;
;;zt-4478;
;;zt-4479;
;;zt-4480;
;;zt-4481;
;;zt-4482;
;;zt-4483;
;;zt-4484;
;;zt-4485;
;;zt-4486;
;;zt-4487;
;;zt-4488;
;;zt-4489;
;;zt-4490;
;;zt-4491;
;;zt-4492;
;;zt-4493;
;;zt-4494;
;;zt-4495;
;;zt-4496;
;;zt-4497;
;;zt-4498;
;;zt-4499;
;;zt-4500;
;;zt-4501;
;;zt-4502;
;;zt-4503;
;;zt-4504;
;;zt-4505;
;;zt-4506;
;;zt-4507;
;;zt-4508;
;;zt-4509;
;;zt-4510;
;;zt-4511;
;;zt-4512;
;;zt-4513;
;;zt-4514;
;;zt-4515;
;;zt-4516;
;;zt-4517;
;;zt-4518;
;;zt-4519;
;;zt-4520;
;;zt-4521;
;;zt-4522;
;;zt-4523;
;;zt-4524;
;;zt-4525;
;;zt-4526;
;;zt-4527;
;;zt-4528;
;;zt-4529;
;;zt-4530;
;;zt-4531;
;;zt-4532;
;;zt-4533;
;;zt-4534;
;;zt-4535;
;;zt-4536;
;;zt-4537;
;;zt-4538;
;;zt-4539;
;;zt-4540;
;;zt-4541;
;;zt-4542;
;;zt-4543;
;;zt-4544;
;;zt-4545;
;;zt-4546;
;;zt-4547;
;;zt-4548;
;;zt-4549;
;;zt-4550;
;;zt-4551;
;;zt-4552;
;;zt-4553;
;;zt-4554;
;;zt-4555;
;;zt-4556;
;;zt-4557;
;;zt-4558;
;;zt-4559;
;;zt-4560;
;;zt-4561;
;;zt-4562;
;;zt-4563;
;;zt-4564;
;;zt-4565;
;;zt-4566;
;;zt-4567;
;;zt-4568;
;;zt-4569;
;;zt-4570;
;;zt-4571;
;;zt-4572;
;;zt-4573;
;;zt-4574;
;;zt-4575;
;;zt-4576;
;;zt-4577;
;;zt-4578;
;;zt-4579;
;;zt-4580;
;;zt-4581;
;;zt-4582;
;;zt-4583;
;;zt-4584;
;;zt-4585;
;;zt-4586;
;;zt-4587;
;;zt-4588;
;;zt-4589;
;;zt-4590;
;;zt-4591;
;;zt-4592;
;;zt-4593;
;;zt-4594;
;;zt-4595;
;;zt-4596;
;;zt-4597;
;;zt-4598;
;;zt-4599;
;;zt-4600;
;;zt-4601;
;;zt-4602;
;;zt-4603;
;;zt-4604;
;;zt-4605;
;;zt-4606;
;;zt-4607;
;;zt-4608;
;;zt-4609;
;;zt-4610;
;;zt-4611;
;;zt-4612;
;;zt-4613;
;;zt-4614;
;;zt-4615;
;;zt-4616;
;;zt-4617;
;;zt-4618;
;;zt-4619;
;;zt-4620;
;;zt-4621;
;;zt-4622;
;;zt-4623;
;;zt-4624;
;;zt-4625;
;;zt-4626;
;;zt-4627;
;;zt-4628;
;;zt-4629;
;;zt-4630;
;;zt-4631;
;;zt-4632;
;;zt-4633;
;;zt-4634;
;;zt-4635;
;;zt-4636;
;;zt-4637;
;;zt-4638;
;;zt-4639;
;;zt-4640;
;;zt-4641;
;;zt-4642;
;;zt-4643;
;;zt-4644;
;;zt-4645;
;;zt-4646;
;;zt-4647;
;;zt-4648;
;;zt-4649;
;;zt-4650;
;;zt-4651;
;;zt-4652;
;;zt-4653;
;;zt-4654;
;;zt-4655;
;;zt-4656;
;;zt-4657;
;;zt-4658;
;;zt-4659;
;;zt-4660;
;;zt-4661;
;;zt-4662;
;;zt-4663;
;;zt-4664;
;;zt-4665;
;;zt-4666;
;;zt-4667;
;;zt-4668;
;;zt-4669;
;;zt-4670;
;;zt-4671;
;;zt-4672;
;;zt-4673;
;;zt-4674;
;;zt-4675;
;;zt-4676;
;;zt-4677;
;;zt-4678;
;;zt-4679;
;;zt-4680;
;;zt-4681;
;;zt-4682;
;;zt-4683;
;;zt-4684;
;;zt-4685;
;;zt-4686;
;;zt-4687;
;;zt-4688;
;;zt-4689;
;;zt-4690;
;;zt-4691;
;;zt-4692;
;;zt-4693;
;;zt-4694;
;;zt-4695;
;;zt-4696;
;;zt-4697;
;;zt-4698;
;;zt-4699;
;;zt-4700;
;;zt-4701;
;;zt-4702;
;;zt-4703;
;;zt-4704;
;;zt-4705;
;;zt-4706;
;;zt-4707;
;;zt-4708;
;;zt-4709;
;;zt-4710;
;;zt-4711;
;;zt-4712;
;;zt-4713;
;;zt-4714;
;;zt-4715;
;;zt-4716;
;;zt-4717;
;;zt-4718;
;;zt-4719;
;;zt-4720;
;;zt-4721;
;;zt-4722;
;;zt-4723;
;;zt-4724;
;;zt-4725;
;;zt-4726;
;;zt-4727;
;;zt-4728;
;;zt-4729;
;;zt-4730;
;;zt-4731;
;;zt-4732;
;;zt-4733;
;;zt-4734;
;;zt-4735;
;;zt-4736;
;;zt-4737;
;;zt-4738;
;;zt-4739;
;;zt-4740;
;;zt-4741;
;;zt-4742;
;;zt-4743;
;;zt-4744;
;;zt-4745;
;;zt-4746;
;;zt-4747;
;;zt-4748;
;;zt-4749;
;;zt-4750;
;;zt-4751;
;;zt-4752;
;;zt-4753;
;;zt-4754;
;;zt-4755;
;;zt-4756;
;;zt-4757;
;;zt-4758;
;;zt-4759;
;;zt-4760;
;;zt-4761;
;;zt-4762;
;;zt-4763;
;;zt-4764;
;;zt-4765;
;;zt-4766;
;;zt-4767;
;;zt-4768;
;;zt-4769;
;;zt-4770;
;;zt-4771;
;;zt-4772;
;;zt-4773;
;;zt-4774;
;;zt-4775;
;;zt-4776;
;;zt-4777;
;;zt-4778;
;;zt-4779;
;;zt-4780;
;;zt-4781;
;;zt-4782;
;;zt-4783;
;;zt-4784;
;;zt-4785;
;;zt-4786;
;;zt-4787;
;;zt-4788;
;;zt-4789;
;;zt-4790;
;;zt-4791;
;;zt-4792;
;;zt-4793;
;;zt-4794;
;;zt-4795;
;;zt-4796;
;;zt-4797;
;;zt-4798;
;;zt-4799;
;;zt-4800;
;;zt-4801;
;;zt-4802;
;;zt-4803;
;;zt-4804;
;;zt-4805;
;;zt-4806;
;;zt-4807;
;;zt-4808;
;;zt-4809;
;;zt-4810;
;;zt-4811;
;;zt-4812;
;;zt-4813;
;;zt-4814;
;;zt-4815;
;;zt-4816;
;;zt-4817;
;;zt-4818;
;;zt-4819;
;;zt-4820;
;;zt-4821;
;;zt-4822;
;;zt-4823;
;;zt-4824;
;;zt-4825;
;;zt-4826;
;;zt-4827;
;;zt-4828;
;;zt-4829;
;;zt-4830;
;;zt-4831;
;;zt-4832;
;;zt-4833;
;;zt-4834;
;;zt-4835;
;;zt-4836;
;;zt-4837;
;;zt-4838;
;;zt-4839;
;;zt-4840;
;;zt-4841;
;;zt-4842;
;;zt-4843;
;;zt-4844;
;;zt-4845;
;;zt-4846;
;;zt-4847;
;;zt-4848;
;;zt-4849;
;;zt-4850;
;;zt-4851;
;;zt-4852;
;;zt-4853;
;;zt-4854;
;;zt-4855;
;;zt-4856;
;;zt-4857;
;;zt-4858;
;;zt-4859;
;;zt-4860;
;;zt-4861;
;;zt-4862;
;;zt-4863;
;;zt-4864;
;;zt-4865;
;;zt-4866;
;;zt-4867;
;;zt-4868;
;;zt-4869;
;;zt-4870;
;;zt-4871;
;;zt-4872;
;;zt-4873;
;;zt-4874;
;;zt-4875;
;;zt-4876;
;;zt-4877;
;;zt-4878;
;;zt-4879;
;;zt-4880;
;;zt-4881;
;;zt-4882;
;;zt-4883;
;;zt-4884;
;;zt-4885;
;;zt-4886;
;;zt-4887;
;;zt-4888;
;;zt-4889;
;;zt-4890;
;;zt-4891;
;;zt-4892;
;;zt-4893;
;;zt-4894;
;;zt-4895;
;;zt-4896;
;;zt-4897;
;;zt-4898;
;;zt-4899;
;;zt-4900;
;;zt-4901;
;;zt-4902;
;;zt-4903;
;;zt-4904;
;;zt-4905;
;;zt-4906;
;;zt-4907;
;;zt-4908;
;;zt-4909;
;;zt-4910;
;;zt-4911;
;;zt-4912;
;;zt-4913;
;;zt-4914;
;;zt-4915;
;;zt-4916;
;;zt-4917;
;;zt-4918;
;;zt-4919;
;;zt-4920;
;;zt-4921;
;;zt-4922;
;;zt-4923;
;;zt-4924;
;;zt-4925;
;;zt-4926;
;;zt-4927;
;;zt-4928;
;;zt-4929;
;;zt-4930;
;;zt-4931;
;;zt-4932;
;;zt-4933;
;;zt-4934;
;;zt-4935;
;;zt-4936;
;;zt-4937;
;;zt-4938;
;;zt-4939;
;;zt-4940;
;;zt-4941;
;;zt-4942;
;;zt-4943;
;;zt-4944;
;;zt-4945;
;;zt-4946;
;;zt-4947;
;;zt-4948;
;;zt-4949;
;;zt-4950;
;;zt-4951;
;;zt-4952;
;;zt-4953;
;;zt-4954;
;;zt-4955;
;;zt-4956;
;;zt-4957;
;;zt-4958;
;;zt-4959;
;;zt-4960;
;;zt-4961;
;;zt-4962;
;;zt-4963;
;;zt-4964;
;;zt-4965;
;;zt-4966;
;;zt-4967;
;;zt-4968;
;;zt-4969;
;;zt-4970;
;;zt-4971;
;;zt-4972;
;;zt-4973;
;;zt-4974;
;;zt-4975;
;;zt-4976;
;;zt-4977;
;;zt-4978;
;;zt-4979;
;;zt-4980;
;;zt-4981;
;;zt-4982;
;;zt-4983;
;;zt-4984;
;;zt-4985;
;;zt-4986;
;;zt-4987;
;;zt-4988;
;;zt-4989;
;;zt-4990;
;;zt-4991;
;;zt-4992;
;;zt-4993;
;;zt-4994;
;;zt-4995;
;;zt-4996;
;;zt-4997;
;;zt-4998;
;;zt-4999;
;;zt-5000;
;;zt-5001;
;;zt-5002;
;;zt-5003;
;;zt-5004;
;;zt-5005;
;;zt-5006;
;;zt-5007;
;;zt-5008;
;;zt-5009;
;;zt-5010;
;;zt-5011;
;;zt-5012;
;;zt-5013;
;;zt-5014;
;;zt-5015;
;;zt-5016;
;;zt-5017;
;;zt-5018;
;;zt-5019;
;;zt-5020;
;;zt-5021;
;;zt-5022;
;;zt-5023;
;;zt-5024;
;;zt-5025;
;;zt-5026;
;;zt-5027;
;;zt-5028;
;;zt-5029;
;;zt-5030;
;;zt-5031;
;;zt-5032;
;;zt-5033;
;;zt-5034;
;;zt-5035;
;;zt-5036;
;;zt-5037;
;;zt-5038;
;;zt-5039;
;;zt-5040;
;;zt-5041;
;;zt-5042;
;;zt-5043;
;;zt-5044;
;;zt-5045;
;;zt-5046;
;;zt-5047;
;;zt-5048;
;;zt-5049;
;;zt-5050;
;;zt-5051;
;;zt-5052;
;;zt-5053;
;;zt-5054;
;;zt-5055;
;;zt-5056;
;;zt-5057;
;;zt-5058;
;;zt-5059;
;;zt-5060;
;;zt-5061;
;;zt-5062;
;;zt-5063;
;;zt-5064;
;;zt-5065;
;;zt-5066;
;;zt-5067;
;;zt-5068;
;;zt-5069;
;;zt-5070;
;;zt-5071;
;;zt-5072;
;;zt-5073;
;;zt-5074;
;;zt-5075;
;;zt-5076;
;;zt-5077;
;;zt-5078;
;;zt-5079;
;;zt-5080;
;;zt-5081;
;;zt-5082;
;;zt-5083;
;;zt-5084;
;;zt-5085;
;;zt-5086;
;;zt-5087;
;;zt-5088;
;;zt-5089;
;;zt-5090;
;;zt-5091;
;;zt-5092;
;;zt-5093;
;;zt-5094;
;;zt-5095;
;;zt-5096;
;;zt-5097;
;;zt-5098;
;;zt-5099;
;;zt-5100;
;;zt-5101;
;;zt-5102;
;;zt-5103;
;;zt-5104;
;;zt-5105;
;;zt-5106;
;;zt-5107;
;;zt-5108;
;;zt-5109;
;;zt-5110;
;;zt-5111;
;;zt-5112;
;;zt-5113;
;;zt-5114;
;;zt-5115;
;;zt-5116;
;;zt-5117;
;;zt-5118;
;;zt-5119;
;;zt-5120;
;;zt-5121;
;;zt-5122;
;;zt-5123;
;;zt-5124;
;;zt-5125;
;;zt-5126;
;;zt-5127;
;;zt-5128;
;;zt-5129;
;;zt-5130;
;;zt-5131;
;;zt-5132;
;;zt-5133;
;;zt-5134;
;;zt-5135;
;;zt-5136;
;;zt-5137;
;;zt-5138;
;;zt-5139;
;;zt-5140;
;;zt-5141;
;;zt-5142;
;;zt-5143;
;;zt-5144;
;;zt-5145;
;;zt-5146;
;;zt-5147;
;;zt-5148;
;;zt-5149;
;;zt-5150;
;;zt-5151;
;;zt-5152;
;;zt-5153;
;;zt-5154;
;;zt-5155;
;;zt-5156;
;;zt-5157;
;;zt-5158;
;;zt-5159;
;;zt-5160;
;;zt-5161;
;;zt-5162;
;;zt-5163;
;;zt-5164;
;;zt-5165;
;;zt-5166;
;;zt-5167;
;;zt-5168;
;;zt-5169;
;;zt-5170;
;;zt-5171;
;;zt-5172;
;;zt-5173;
;;zt-5174;
;;zt-5175;
;;zt-5176;
;;zt-5177;
;;zt-5178;
;;zt-5179;
;;zt-5180;
;;zt-5181;
;;zt-5182;
;;zt-5183;
;;zt-5184;
;;zt-5185;
;;zt-5186;
;;zt-5187;
;;zt-5188;
;;zt-5189;
;;zt-5190;
;;zt-5191;
;;zt-5192;
;;zt-5193;
;;zt-5194;
;;zt-5195;
;;zt-5196;
;;zt-5197;
;;zt-5198;
;;zt-5199;
;;zt-5200;
;;zt-5201;
;;zt-5202;
;;zt-5203;
;;zt-5204;
;;zt-5205;
;;zt-5206;
;;zt-5207;
;;zt-5208;
;;zt-5209;
;;zt-5210;
;;zt-5211;
;;zt-5212;
;;zt-5213;
;;zt-5214;
;;zt-5215;
;;zt-5216;
;;zt-5217;
;;zt-5218;
;;zt-5219;
;;zt-5220;
;;zt-5221;
;;zt-5222;
;;zt-5223;
;;zt-5224;
;;zt-5225;
;;zt-5226;
;;zt-5227;
;;zt-5228;
;;zt-5229;
;;zt-5230;
;;zt-5231;
;;zt-5232;
;;zt-5233;
;;zt-5234;
;;zt-5235;
;;zt-5236;
;;zt-5237;
;;zt-5238;
;;zt-5239;
;;zt-5240;
;;zt-5241;
;;zt-5242;
;;zt-5243;
;;zt-5244;
;;zt-5245;
;;zt-5246;
;;zt-5247;
;;zt-5248;
;;zt-5249;
;;zt-5250;
;;zt-5251;
;;zt-5252;
;;zt-5253;
;;zt-5254;
;;zt-5255;
;;zt-5256;
;;zt-5257;
;;zt-5258;
;;zt-5259;
;;zt-5260;
;;zt-5261;
;;zt-5262;
;;zt-5263;
;;zt-5264;
;;zt-5265;
;;zt-5266;
;;zt-5267;
;;zt-5268;
;;zt-5269;
;;zt-5270;
;;zt-5271;
;;zt-5272;
;;zt-5273;
;;zt-5274;
;;zt-5275;
;;zt-5276;
;;zt-5277;
;;zt-5278;
;;zt-5279;
;;zt-5280;
;;zt-5281;
;;zt-5282;
;;zt-5283;
;;zt-5284;
;;zt-5285;
;;zt-5286;
;;zt-5287;
;;zt-5288;
;;zt-5289;
;;zt-5290;
;;zt-5291;
;;zt-5292;
;;zt-5293;
;;zt-5294;
;;zt-5295;
;;zt-5296;
;;zt-5297;
;;zt-5298;
;;zt-5299;
;;zt-5300;
;;zt-5301;
;;zt-5302;
;;zt-5303;
;;zt-5304;
;;zt-5305;
;;zt-5306;
;;zt-5307;
;;zt-5308;
;;zt-5309;
;;zt-5310;
;;zt-5311;
;;zt-5312;
;;zt-5313;
;;zt-5314;
;;zt-5315;
;;zt-5316;
;;zt-5317;
;;zt-5318;
;;zt-5319;
;;zt-5320;
;;zt-5321;
;;zt-5322;
;;zt-5323;
;;zt-5324;
;;zt-5325;
;;zt-5326;
;;zt-5327;
;;zt-5328;
;;zt-5329;
;;zt-5330;
;;zt-5331;
;;zt-5332;
;;zt-5333;
;;zt-5334;
;;zt-5335;
;;zt-5336;
;;zt-5337;
;;zt-5338;
;;zt-5339;
;;zt-5340;
;;zt-5341;
;;zt-5342;
;;zt-5343;
;;zt-5344;
;;zt-5345;
;;zt-5346;
;;zt-5347;
;;zt-5348;
;;zt-5349;
;;zt-5350;
;;zt-5351;
;;zt-5352;
;;zt-5353;
;;zt-5354;
;;zt-5355;
;;zt-5356;
;;zt-5357;
;;zt-5358;
;;zt-5359;
;;zt-5360;
;;zt-5361;
;;zt-5362;
;;zt-5363;
;;zt-5364;
;;zt-5365;
;;zt-5366;
;;zt-5367;
;;zt-5368;
;;zt-5369;
;;zt-5370;
;;zt-5371;
;;zt-5372;
;;zt-5373;
;;zt-5374;
;;zt-5375;
;;zt-5376;
;;zt-5377;
;;zt-5378;
;;zt-5379;
;;zt-5380;
;;zt-5381;
;;zt-5382;
;;zt-5383;
;;zt-5384;
;;zt-5385;
;;zt-5386;
;;zt-5387;
;;zt-5388;
;;zt-5389;
;;zt-5390;
;;zt-5391;
;;zt-5392;
;;zt-5393;
;;zt-5394;
;;zt-5395;
;;zt-5396;
;;zt-5397;
;;zt-5398;
;;zt-5399;
;;zt-5400;
;;zt-5401;
;;zt-5402;
;;zt-5403;
;;zt-5404;
;;zt-5405;
;;zt-5406;
;;zt-5407;
;;zt-5408;
;;zt-5409;
;;zt-5410;
;;zt-5411;
;;zt-5412;
;;zt-5413;
;;zt-5414;
;;zt-5415;
;;zt-5416;
;;zt-5417;
;;zt-5418;
;;zt-5419;
;;zt-5420;
;;zt-5421;
;;zt-5422;
;;zt-5423;
;;zt-5424;
;;zt-5425;
;;zt-5426;
;;zt-5427;
;;zt-5428;
;;zt-5429;
;;zt-5430;
;;zt-5431;
;;zt-5432;
;;zt-5433;
;;zt-5434;
;;zt-5435;
;;zt-5436;
;;zt-5437;
;;zt-5438;
;;zt-5439;
;;zt-5440;
;;zt-5441;
;;zt-5442;
;;zt-5443;
;;zt-5444;
;;zt-5445;
;;zt-5446;
;;zt-5447;
;;zt-5448;
;;zt-5449;
;;zt-5450;
;;zt-5451;
;;zt-5452;
;;zt-5453;
;;zt-5454;
;;zt-5455;
;;zt-5456;
;;zt-5457;
;;zt-5458;
;;zt-5459;
;;zt-5460;
;;zt-5461;
;;zt-5462;
;;zt-5463;
;;zt-5464;
;;zt-5465;
;;zt-5466;
;;zt-5467;
;;zt-5468;
;;zt-5469;
;;zt-5470;
;;zt-5471;
;;zt-5472;
;;zt-5473;
;;zt-5474;
;;zt-5475;
;;zt-5476;
;;zt-5477;
;;zt-5478;
;;zt-5479;
;;zt-5480;
;;zt-5481;
;;zt-5482;
;;zt-5483;
;;zt-5484;
;;zt-5485;
;;zt-5486;
;;zt-5487;
;;zt-5488;
;;zt-5489;
;;zt-5490;
;;zt-5491;
;;zt-5492;
;;zt-5493;
;;zt-5494;
;;zt-5495;
;;zt-5496;
;;zt-5497;
;;zt-5498;
;;zt-5499;
;;zt-5500;
;;zt-5501;
;;zt-5502;
;;zt-5503;
;;zt-5504;
;;zt-5505;
;;zt-5506;
;;zt-5507;
;;zt-5508;
;;zt-5509;
;;zt-5510;
;;zt-5511;
;;zt-5512;
;;zt-5513;
;;zt-5514;
;;zt-5515;
;;zt-5516;
;;zt-5517;
;;zt-5518;
;;zt-5519;
;;zt-5520;
;;zt-5521;
;;zt-5522;
;;zt-5523;
;;zt-5524;
;;zt-5525;
;;zt-5526;
;;zt-5527;
;;zt-5528;
;;zt-5529;
;;zt-5530;
;;zt-5531;
;;zt-5532;
;;zt-5533;
;;zt-5534;
;;zt-5535;
;;zt-5536;
;;zt-5537;
;;zt-5538;
;;zt-5539;
;;zt-5540;
;;zt-5541;
;;zt-5542;
;;zt-5543;
;;zt-5544;
;;zt-5545;
;;zt-5546;
;;zt-5547;
;;zt-5548;
;;zt-5549;
;;zt-5550;
;;zt-5551;
;;zt-5552;
;;zt-5553;
;;zt-5554;
;;zt-5555;
;;zt-5556;
;;zt-5557;
;;zt-5558;
;;zt-5559;
;;zt-5560;
;;zt-5561;
;;zt-5562;
;;zt-5563;
;;zt-5564;
;;zt-5565;
;;zt-5566;
;;zt-5567;
;;zt-5568;
;;zt-5569;
;;zt-5570;
;;zt-5571;
;;zt-5572;
;;zt-5573;
;;zt-5574;
;;zt-5575;
;;zt-5576;
;;zt-5577;
;;zt-5578;
;;zt-5579;
;;zt-5580;
;;zt-5581;
;;zt-5582;
;;zt-5583;
;;zt-5584;
;;zt-5585;
;;zt-5586;
;;zt-5587;
;;zt-5588;
;;zt-5589;
;;zt-5590;
;;zt-5591;
;;zt-5592;
;;zt-5593;
;;zt-5594;
;;zt-5595;
;;zt-5596;
;;zt-5597;
;;zt-5598;
;;zt-5599;
;;zt-5600;
;;zt-5601;
;;zt-5602;
;;zt-5603;
;;zt-5604;
;;zt-5605;
;;zt-5606;
;;zt-5607;
;;zt-5608;
;;zt-5609;
;;zt-5610;
;;zt-5611;
;;zt-5612;
;;zt-5613;
;;zt-5614;
;;zt-5615;
;;zt-5616;
;;zt-5617;
;;zt-5618;
;;zt-5619;
;;zt-5620;
;;zt-5621;
;;zt-5622;
;;zt-5623;
;;zt-5624;
;;zt-5625;
;;zt-5626;
;;zt-5627;
;;zt-5628;
;;zt-5629;
;;zt-5630;
;;zt-5631;
;;zt-5632;
;;zt-5633;
;;zt-5634;
;;zt-5635;
;;zt-5636;
;;zt-5637;
;;zt-5638;
;;zt-5639;
;;zt-5640;
;;zt-5641;
;;zt-5642;
;;zt-5643;
;;zt-5644;
;;zt-5645;
;;zt-5646;
;;zt-5647;
;;zt-5648;
;;zt-5649;
;;zt-5650;
;;zt-5651;
;;zt-5652;
;;zt-5653;
;;zt-5654;
;;zt-5655;
;;zt-5656;
;;zt-5657;
;;zt-5658;
;;zt-5659;
;;zt-5660;
;;zt-5661;
;;zt-5662;
;;zt-5663;
;;zt-5664;
;;zt-5665;
;;zt-5666;
;;zt-5667;
;;zt-5668;
;;zt-5669;
;;zt-5670;
;;zt-5671;
;;zt-5672;
;;zt-5673;
;;zt-5674;
;;zt-5675;
;;zt-5676;
;;zt-5677;
;;zt-5678;
;;zt-5679;
;;zt-5680;
;;zt-5681;
;;zt-5682;
;;zt-5683;
;;zt-5684;
;;zt-5685;
;;zt-5686;
;;zt-5687;
;;zt-5688;
;;zt-5689;
;;zt-5690;
;;zt-5691;
;;zt-5692;
;;zt-5693;
;;zt-5694;
;;zt-5695;
;;zt-5696;
;;zt-5697;
;;zt-5698;
;;zt-5699;
;;zt-5700;
;;zt-5701;
;;zt-5702;
;;zt-5703;
;;zt-5704;
;;zt-5705;
;;zt-5706;
;;zt-5707;
;;zt-5708;
;;zt-5709;
;;zt-5710;
;;zt-5711;
;;zt-5712;
;;zt-5713;
;;zt-5714;
;;zt-5715;
;;zt-5716;
;;zt-5717;
;;zt-5718;
;;zt-5719;
;;zt-5720;
;;zt-5721;
;;zt-5722;
;;zt-5723;
;;zt-5724;
;;zt-5725;
;;zt-5726;
;;zt-5727;
;;zt-5728;
;;zt-5729;
;;zt-5730;
;;zt-5731;
;;zt-5732;
;;zt-5733;
;;zt-5734;
;;zt-5735;
;;zt-5736;
;;zt-5737;
;;zt-5738;
;;zt-5739;
;;zt-5740;
;;zt-5741;
;;zt-5742;
;;zt-5743;
;;zt-5744;
;;zt-5745;
;;zt-5746;
;;zt-5747;
;;zt-5748;
;;zt-5749;
;;zt-5750;
;;zt-5751;
;;zt-5752;
;;zt-5753;
;;zt-5754;
;;zt-5755;
;;zt-5756;
;;zt-5757;
;;zt-5758;
;;zt-5759;
;;zt-5760;
;;zt-5761;
;;zt-5762;
;;zt-5763;
;;zt-5764;
;;zt-5765;
;;zt-5766;
;;zt-5767;
;;zt-5768;
;;zt-5769;
;;zt-5770;
;;zt-5771;
;;zt-5772;
;;zt-5773;
;;zt-5774;
;;zt-5775;
;;zt-5776;
;;zt-5777;
;;zt-5778;
;;zt-5779;
;;zt-5780;
;;zt-5781;
;;zt-5782;
;;zt-5783;
;;zt-5784;
;;zt-5785;
;;zt-5786;
;;zt-5787;
;;zt-5788;
;;zt-5789;
;;zt-5790;
;;zt-5791;
;;zt-5792;
;;zt-5793;
;;zt-5794;
;;zt-5795;
;;zt-5796;
;;zt-5797;
;;zt-5798;
;;zt-5799;
;;zt-5800;
;;zt-5801;
;;zt-5802;
;;zt-5803;
;;zt-5804;
;;zt-5805;
;;zt-5806;
;;zt-5807;
;;zt-5808;
;;zt-5809;
;;zt-5810;
;;zt-5811;
;;zt-5812;
;;zt-5813;
;;zt-5814;
;;zt-5815;
;;zt-5816;
;;zt-5817;
;;zt-5818;
;;zt-5819;
;;zt-5820;
;;zt-5821;
;;zt-5822;
;;zt-5823;
;;zt-5824;
;;zt-5825;
;;zt-5826;
;;zt-5827;
;;zt-5828;
;;zt-5829;
;;zt-5830;
;;zt-5831;
;;zt-5832;
;;zt-5833;
;;zt-5834;
;;zt-5835;
;;zt-5836;
;;zt-5837;
;;zt-5838;
;;zt-5839;
;;zt-5840;
;;zt-5841;
;;zt-5842;
;;zt-5843;
;;zt-5844;
;;zt-5845;
;;zt-5846;
;;zt-5847;
;;zt-5848;
;;zt-5849;
;;zt-5850;
;;zt-5851;
;;zt-5852;
;;zt-5853;
;;zt-5854;
;;zt-5855;
;;zt-5856;
;;zt-5857;
;;zt-5858;
;;zt-5859;
;;zt-5860;
;;zt-5861;
;;zt-5862;
;;zt-5863;
;;zt-5864;
;;zt-5865;
;;zt-5866;
;;zt-5867;
;;zt-5868;
;;zt-5869;
;;zt-5870;
;;zt-5871;
;;zt-5872;
;;zt-5873;
;;zt-5874;
;;zt-5875;
;;zt-5876;
;;zt-5877;
;;zt-5878;
;;zt-5879;
;;zt-5880;
;;zt-5881;
;;zt-5882;
;;zt-5883;
;;zt-5884;
;;zt-5885;
;;zt-5886;
;;zt-5887;
;;zt-5888;
;;zt-5889;
;;zt-5890;
;;zt-5891;
;;zt-5892;
;;zt-5893;
;;zt-5894;
;;zt-5895;
;;zt-5896;
;;zt-5897;
;;zt-5898;
;;zt-5899;
;;zt-5900;
;;zt-5901;
;;zt-5902;
;;zt-5903;
;;zt-5904;
;;zt-5905;
;;zt-5906;
;;zt-5907;
;;zt-5908;
;;zt-5909;
;;zt-5910;
;;zt-5911;
;;zt-5912;
;;zt-5913;
;;zt-5914;
;;zt-5915;
;;zt-5916;
;;zt-5917;
;;zt-5918;
;;zt-5919;
;;zt-5920;
;;zt-5921;
;;zt-5922;
;;zt-5923;
;;zt-5924;
;;zt-5925;
;;zt-5926;
;;zt-5927;
;;zt-5928;
;;zt-5929;
;;zt-5930;
;;zt-5931;
;;zt-5932;
;;zt-5933;
;;zt-5934;
;;zt-5935;
;;zt-5936;
;;zt-5937;
;;zt-5938;
;;zt-5939;
;;zt-5940;
;;zt-5941;
;;zt-5942;
;;zt-5943;
;;zt-5944;
;;zt-5945;
;;zt-5946;
;;zt-5947;
;;zt-5948;
;;zt-5949;
;;zt-5950;
;;zt-5951;
;;zt-5952;
;;zt-5953;
;;zt-5954;
;;zt-5955;
;;zt-5956;
;;zt-5957;
;;zt-5958;
;;zt-5959;
;;zt-5960;
;;zt-5961;
;;zt-5962;
;;zt-5963;
;;zt-5964;
;;zt-5965;
;;zt-5966;
;;zt-5967;
;;zt-5968;
;;zt-5969;
;;zt-5970;
;;zt-5971;
;;zt-5972;
;;zt-5973;
;;zt-5974;
;;zt-5975;
;;zt-5976;
;;zt-5977;
;;zt-5978;
;;zt-5979;
;;zt-5980;
;;zt-5981;
;;zt-5982;
;;zt-5983;
;;zt-5984;
;;zt-5985;
;;zt-5986;
;;zt-5987;
;;zt-5988;
;;zt-5989;
;;zt-5990;
;;zt-5991;
;;zt-5992;
;;zt-5993;
;;zt-5994;
;;zt-5995;
;;zt-5996;
;;zt-5997;
;;zt-5998;
;;zt-5999;
;;zt-6000;
;;zt-6001;
;;zt-6002;
;;zt-6003;
;;zt-6004;
;;zt-6005;
;;zt-6006;
;;zt-6007;
;;zt-6008;
;;zt-6009;
;;zt-6010;
;;zt-6011;
;;zt-6012;
;;zt-6013;
;;zt-6014;
;;zt-6015;
;;zt-6016;
;;zt-6017;
;;zt-6018;
;;zt-6019;
;;zt-6020;
;;zt-6021;
;;zt-6022;
;;zt-6023;
;;zt-6024;
;;zt-6025;
;;zt-6026;
;;zt-6027;
;;zt-6028;
;;zt-6029;
;;zt-6030;
;;zt-6031;
;;zt-6032;
;;zt-6033;
;;zt-6034;
;;zt-6035;
;;zt-6036;
;;zt-6037;
;;zt-6038;
;;zt-6039;
;;zt-6040;
;;zt-6041;
;;zt-6042;
;;zt-6043;
;;zt-6044;
;;zt-6045;
;;zt-6046;
;;zt-6047;
;;zt-6048;
;;zt-6049;
;;zt-6050;
;;zt-6051;
;;zt-6052;
;;zt-6053;
;;zt-6054;
;;zt-6055;
;;zt-6056;
;;zt-6057;
;;zt-6058;
;;zt-6059;
;;zt-6060;
;;zt-6061;
;;zt-6062;
;;zt-6063;
;;zt-6064;
;;zt-6065;
;;zt-6066;
;;zt-6067;
;;zt-6068;
;;zt-6069;
;;zt-6070;
;;zt-6071;
;;zt-6072;
;;zt-6073;
;;zt-6074;
;;zt-6075;
;;zt-6076;
;;zt-6077;
;;zt-6078;
;;zt-6079;
;;zt-6080;
;;zt-6081;
;;zt-6082;
;;zt-6083;
;;zt-6084;
;;zt-6085;
;;zt-6086;
;;zt-6087;
;;zt-6088;
;;zt-6089;
;;zt-6090;
;;zt-6091;
;;zt-6092;
;;zt-6093;
;;zt-6094;
;;zt-6095;
;;zt-6096;
;;zt-6097;
;;zt-6098;
;;zt-6099;
;;zt-6100;
;;zt-6101;
;;zt-6102;
;;zt-6103;
;;zt-6104;
;;zt-6105;
;;zt-6106;
;;zt-6107;
;;zt-6108;
;;zt-6109;
;;zt-6110;
;;zt-6111;
;;zt-6112;
;;zt-6113;
;;zt-6114;
;;zt-6115;
;;zt-6116;
;;zt-6117;
;;zt-6118;
;;zt-6119;
;;zt-6120;
;;zt-6121;
;;zt-6122;
;;zt-6123;
;;zt-6124;
;;zt-6125;
;;zt-6126;
;;zt-6127;
;;zt-6128;
;;zt-6129;
;;zt-6130;
;;zt-6131;
;;zt-6132;
;;zt-6133;
;;zt-6134;
;;zt-6135;
;;zt-6136;
;;zt-6137;
;;zt-6138;
;;zt-6139;
;;zt-6140;
;;zt-6141;
;;zt-6142;
;;zt-6143;
;;zt-6144;
;;zt-6145;
;;zt-6146;
;;zt-6147;
;;zt-6148;
;;zt-6149;
;;zt-6150;
;;zt-6151;
;;zt-6152;
;;zt-6153;
;;zt-6154;
;;zt-6155;
;;zt-6156;
;;zt-6157;
;;zt-6158;
;;zt-6159;
;;zt-6160;
;;zt-6161;
;;zt-6162;
;;zt-6163;
;;zt-6164;
;;zt-6165;
;;zt-6166;
;;zt-6167;
;;zt-6168;
;;zt-6169;
;;zt-6170;
;;zt-6171;
;;zt-6172;
;;zt-6173;
;;zt-6174;
;;zt-6175;
;;zt-6176;
;;zt-6177;
;;zt-6178;
;;zt-6179;
;;zt-6180;
;;zt-6181;
;;zt-6182;
;;zt-6183;
;;zt-6184;
;;zt-6185;
;;zt-6186;
;;zt-6187;
;;zt-6188;
;;zt-6189;
;;zt-6190;
;;zt-6191;
;;zt-6192;
;;zt-6193;
;;zt-6194;
;;zt-6195;
;;zt-6196;
;;zt-6197;
;;zt-6198;
;;zt-6199;
;;zt-6200;
;;zt-6201;
;;zt-6202;
;;zt-6203;
;;zt-6204;
;;zt-6205;
;;zt-6206;
;;zt-6207;
;;zt-6208;
;;zt-6209;
;;zt-6210;
;;zt-6211;
;;zt-6212;
;;zt-6213;
;;zt-6214;
;;zt-6215;
;;zt-6216;
;;zt-6217;
;;zt-6218;
;;zt-6219;
;;zt-6220;
;;zt-6221;
;;zt-6222;
;;zt-6223;
;;zt-6224;
;;zt-6225;
;;zt-6226;
;;zt-6227;
;;zt-6228;
;;zt-6229;
;;zt-6230;
;;zt-6231;
;;zt-6232;
;;zt-6233;
;;zt-6234;
;;zt-6235;
;;zt-6236;
;;zt-6237;
;;zt-6238;
;;zt-6239;
;;zt-6240;
;;zt-6241;
;;zt-6242;
;;zt-6243;
;;zt-6244;
;;zt-6245;
;;zt-6246;
;;zt-6247;
;;zt-6248;
;;zt-6249;
;;zt-6250;
;;zt-6251;
;;zt-6252;
;;zt-6253;
;;zt-6254;
;;zt-6255;
;;zt-6256;
;;zt-6257;
;;zt-6258;
;;zt-6259;
;;zt-6260;
;;zt-6261;
;;zt-6262;
;;zt-6263;
;;zt-6264;
;;zt-6265;
;;zt-6266;
;;zt-6267;
;;zt-6268;
;;zt-6269;
;;zt-6270;
;;zt-6271;
;;zt-6272;
;;zt-6273;
;;zt-6274;
;;zt-6275;
;;zt-6276;
;;zt-6277;
;;zt-6278;
;;zt-6279;
;;zt-6280;
;;zt-6281;
;;zt-6282;
;;zt-6283;
;;zt-6284;
;;zt-6285;
;;zt-6286;
;;zt-6287;
;;zt-6288;
;;zt-6289;
;;zt-6290;
;;zt-6291;
;;zt-6292;
;;zt-6293;
;;zt-6294;
;;zt-6295;
;;zt-6296;
;;zt-6297;
;;zt-6298;
;;zt-6299;
;;zt-6300;
;;zt-6301;
;;zt-6302;
;;zt-6303;
;;zt-6304;
;;zt-6305;
;;zt-6306;
;;zt-6307;
;;zt-6308;
;;zt-6309;
;;zt-6310;
;;zt-6311;
;;zt-6312;
;;zt-6313;
;;zt-6314;
;;zt-6315;
;;zt-6316;
;;zt-6317;
;;zt-6318;
;;zt-6319;
;;zt-6320;
;;zt-6321;
;;zt-6322;
;;zt-6323;
;;zt-6324;
;;zt-6325;
;;zt-6326;
;;zt-6327;
;;zt-6328;
;;zt-6329;
;;zt-6330;
;;zt-6331;
;;zt-6332;
;;zt-6333;
;;zt-6334;
;;zt-6335;
;;zt-6336;
;;zt-6337;
;;zt-6338;
;;zt-6339;
;;zt-6340;
;;zt-6341;
;;zt-6342;
;;zt-6343;
;;zt-6344;
;;zt-6345;
;;zt-6346;
;;zt-6347;
;;zt-6348;
;;zt-6349;
;;zt-6350;
;;zt-6351;
;;zt-6352;
;;zt-6353;
;;zt-6354;
;;zt-6355;
;;zt-6356;
;;zt-6357;
;;zt-6358;
;;zt-6359;
;;zt-6360;
;;zt-6361;
;;zt-6362;
;;zt-6363;
;;zt-6364;
;;zt-6365;
;;zt-6366;
;;zt-6367;
;;zt-6368;
;;zt-6369;
;;zt-6370;
;;zt-6371;
;;zt-6372;
;;zt-6373;
;;zt-6374;
;;zt-6375;
;;zt-6376;
;;zt-6377;
;;zt-6378;
;;zt-6379;
;;zt-6380;
;;zt-6381;
;;zt-6382;
;;zt-6383;
;;zt-6384;
;;zt-6385;
;;zt-6386;
;;zt-6387;
;;zt-6388;
;;zt-6389;
;;zt-6390;
;;zt-6391;
;;zt-6392;
;;zt-6393;
;;zt-6394;
;;zt-6395;
;;zt-6396;
;;zt-6397;
;;zt-6398;
;;zt-6399;
;;zt-6400;
;;zt-6401;
;;zt-6402;
;;zt-6403;
;;zt-6404;
;;zt-6405;
;;zt-6406;
;;zt-6407;
;;zt-6408;
;;zt-6409;
;;zt-6410;
;;zt-6411;
;;zt-6412;
;;zt-6413;
;;zt-6414;
;;zt-6415;
;;zt-6416;
;;zt-6417;
;;zt-6418;
;;zt-6419;
;;zt-6420;
;;zt-6421;
;;zt-6422;
;;zt-6423;
;;zt-6424;
;;zt-6425;
;;zt-6426;
;;zt-6427;
;;zt-6428;
;;zt-6429;
;;zt-6430;
;;zt-6431;
;;zt-6432;
;;zt-6433;
;;zt-6434;
;;zt-6435;
;;zt-6436;
;;zt-6437;
;;zt-6438;
;;zt-6439;
;;zt-6440;
;;zt-6441;
;;zt-6442;
;;zt-6443;
;;zt-6444;
;;zt-6445;
;;zt-6446;
;;zt-6447;
;;zt-6448;
;;zt-6449;
;;zt-6450;
;;zt-6451;
;;zt-6452;
;;zt-6453;
;;zt-6454;
;;zt-6455;
;;zt-6456;
;;zt-6457;
;;zt-6458;
;;zt-6459;
;;zt-6460;
;;zt-6461;
;;zt-6462;
;;zt-6463;
;;zt-6464;
;;zt-6465;
;;zt-6466;
;;zt-6467;
;;zt-6468;
;;zt-6469;
;;zt-6470;
;;zt-6471;
;;zt-6472;
;;zt-6473;
;;zt-6474;
;;zt-6475;
;;zt-6476;
;;zt-6477;
;;zt-6478;
;;zt-6479;
;;zt-6480;
;;zt-6481;
;;zt-6482;
;;zt-6483;
;;zt-6484;
;;zt-6485;
;;zt-6486;
;;zt-6487;
;;zt-6488;
;;zt-6489;
;;zt-6490;
;;zt-6491;
;;zt-6492;
;;zt-6493;
;;zt-6494;
;;zt-6495;
;;zt-6496;
;;zt-6497;
;;zt-6498;
;;zt-6499;
;;zt-6500;
;;zt-6501;
;;zt-6502;
;;zt-6503;
;;zt-6504;
;;zt-6505;
;;zt-6506;
;;zt-6507;
;;zt-6508;
;;zt-6509;
;;zt-6510;
;;zt-6511;
;;zt-6512;
;;zt-6513;
;;zt-6514;
;;zt-6515;
;;zt-6516;
;;zt-6517;
;;zt-6518;
;;zt-6519;
;;zt-6520;
;;zt-6521;
;;zt-6522;
;;zt-6523;
;;zt-6524;
;;zt-6525;
;;zt-6526;
;;zt-6527;
;;zt-6528;
;;zt-6529;
;;zt-6530;
;;zt-6531;
;;zt-6532;
;;zt-6533;
;;zt-6534;
;;zt-6535;
;;zt-6536;
;;zt-6537;
;;zt-6538;
;;zt-6539;
;;zt-6540;
;;zt-6541;
;;zt-6542;
;;zt-6543;
;;zt-6544;
;;zt-6545;
;;zt-6546;
;;zt-6547;
;;zt-6548;
;;zt-6549;
;;zt-6550;
;;zt-6551;
;;zt-6552;
;;zt-6553;
;;zt-6554;
;;zt-6555;
;;zt-6556;
;;zt-6557;
;;zt-6558;
;;zt-6559;
;;zt-6560;
;;zt-6561;
;;zt-6562;
;;zt-6563;
;;zt-6564;
;;zt-6565;
;;zt-6566;
;;zt-6567;
;;zt-6568;
;;zt-6569;
;;zt-6570;
;;zt-6571;
;;zt-6572;
;;zt-6573;
;;zt-6574;
;;zt-6575;
;;zt-6576;
;;zt-6577;
;;zt-6578;
;;zt-6579;
;;zt-6580;
;;zt-6581;
;;zt-6582;
;;zt-6583;
;;zt-6584;
;;zt-6585;
;;zt-6586;
;;zt-6587;
;;zt-6588;
;;zt-6589;
;;zt-6590;
;;zt-6591;
;;zt-6592;
;;zt-6593;
;;zt-6594;
;;zt-6595;
;;zt-6596;
;;zt-6597;
;;zt-6598;
;;zt-6599;
;;zt-6600;
;;zt-6601;
;;zt-6602;
;;zt-6603;
;;zt-6604;
;;zt-6605;
;;zt-6606;
;;zt-6607;
;;zt-6608;
;;zt-6609;
;;zt-6610;
;;zt-6611;
;;zt-6612;
;;zt-6613;
;;zt-6614;
;;zt-6615;
;;zt-6616;
;;zt-6617;
;;zt-6618;
;;zt-6619;
;;zt-6620;
;;zt-6621;
;;zt-6622;
;;zt-6623;
;;zt-6624;
;;zt-6625;
;;zt-6626;
;;zt-6627;
;;zt-6628;
;;zt-6629;
;;zt-6630;
;;zt-6631;
;;zt-6632;
;;zt-6633;
;;zt-6634;
;;zt-6635;
;;zt-6636;
;;zt-6637;
;;zt-6638;
;;zt-6639;
;;zt-6640;
;;zt-6641;
;;zt-6642;
;;zt-6643;
;;zt-6644;
;;zt-6645;
;;zt-6646;
;;zt-6647;
;;zt-6648;
;;zt-6649;
;;zt-6650;
;;zt-6651;
;;zt-6652;
;;zt-6653;
;;zt-6654;
;;zt-6655;
;;zt-6656;
;;zt-6657;
;;zt-6658;
;;zt-6659;
;;zt-6660;
;;zt-6661;
;;zt-6662;
;;zt-6663;
;;zt-6664;
;;zt-6665;
;;zt-6666;
;;zt-6667;
;;zt-6668;
;;zt-6669;
;;zt-6670;
;;zt-6671;
;;zt-6672;
;;zt-6673;
;;zt-6674;
;;zt-6675;
;;zt-6676;
;;zt-6677;
;;zt-6678;
;;zt-6679;
;;zt-6680;
;;zt-6681;
;;zt-6682;
;;zt-6683;
;;zt-6684;
;;zt-6685;
;;zt-6686;
;;zt-6687;
;;zt-6688;
;;zt-6689;
;;zt-6690;
;;zt-6691;
;;zt-6692;
;;zt-6693;
;;zt-6694;
;;zt-6695;
;;zt-6696;
;;zt-6697;
;;zt-6698;
;;zt-6699;
;;zt-6700;
;;zt-6701;
;;zt-6702;
;;zt-6703;
;;zt-6704;
;;zt-6705;
;;zt-6706;
;;zt-6707;
;;zt-6708;
;;zt-6709;
;;zt-6710;
;;zt-6711;
;;zt-6712;
;;zt-6713;
;;zt-6714;
;;zt-6715;
;;zt-6716;
;;zt-6717;
;;zt-6718;
;;zt-6719;
;;zt-6720;
;;zt-6721;
;;zt-6722;
;;zt-6723;
;;zt-6724;
;;zt-6725;
;;zt-6726;
;;zt-6727;
;;zt-6728;
;;zt-6729;
;;zt-6730;
;;zt-6731;
;;zt-6732;
;;zt-6733;
;;zt-6734;
;;zt-6735;
;;zt-6736;
;;zt-6737;
;;zt-6738;
;;zt-6739;
;;zt-6740;
;;zt-6741;
;;zt-6742;
;;zt-6743;
;;zt-6744;
;;zt-6745;
;;zt-6746;
;;zt-6747;
;;zt-6748;
;;zt-6749;
;;zt-6750;
;;zt-6751;
;;zt-6752;
;;zt-6753;
;;zt-6754;
;;zt-6755;
;;zt-6756;
;;zt-6757;
;;zt-6758;
;;zt-6759;
;;zt-6760;
;;zt-6761;
;;zt-6762;
;;zt-6763;
;;zt-6764;
;;zt-6765;
;;zt-6766;
;;zt-6767;
;;zt-6768;
;;zt-6769;
;;zt-6770;
;;zt-6771;
;;zt-6772;
;;zt-6773;
;;zt-6774;
;;zt-6775;
;;zt-6776;
;;zt-6777;
;;zt-6778;
;;zt-6779;
;;zt-6780;
;;zt-6781;
;;zt-6782;
;;zt-6783;
;;zt-6784;
;;zt-6785;
;;zt-6786;
;;zt-6787;
;;zt-6788;
;;zt-6789;
;;zt-6790;
;;zt-6791;
;;zt-6792;
;;zt-6793;
;;zt-6794;
;;zt-6795;
;;zt-6796;
;;zt-6797;
;;zt-6798;
;;zt-6799;
;;zt-6800;
;;zt-6801;
;;zt-6802;
;;zt-6803;
;;zt-6804;
;;zt-6805;
;;zt-6806;
;;zt-6807;
;;zt-6808;
;;zt-6809;
;;zt-6810;
;;zt-6811;
;;zt-6812;
;;zt-6813;
;;zt-6814;
;;zt-6815;
;;zt-6816;
;;zt-6817;
;;zt-6818;
;;zt-6819;
;;zt-6820;
;;zt-6821;
;;zt-6822;
;;zt-6823;
;;zt-6824;
;;zt-6825;
;;zt-6826;
;;zt-6827;
;;zt-6828;
;;zt-6829;
;;zt-6830;
;;zt-6831;
;;zt-6832;
;;zt-6833;
;;zt-6834;
;;zt-6835;
;;zt-6836;
;;zt-6837;
;;zt-6838;
;;zt-6839;
;;zt-6840;
;;zt-6841;
;;zt-6842;
;;zt-6843;
;;zt-6844;
;;zt-6845;
;;zt-6846;
;;zt-6847;
;;zt-6848;
;;zt-6849;
;;zt-6850;
;;zt-6851;
;;zt-6852;
;;zt-6853;
;;zt-6854;
;;zt-6855;
;;zt-6856;
;;zt-6857;
;;zt-6858;
;;zt-6859;
;;zt-6860;
;;zt-6861;
;;zt-6862;
;;zt-6863;
;;zt-6864;
;;zt-6865;
;;zt-6866;
;;zt-6867;
;;zt-6868;
;;zt-6869;
;;zt-6870;
;;zt-6871;
;;zt-6872;
;;zt-6873;
;;zt-6874;
;;zt-6875;
;;zt-6876;
;;zt-6877;
;;zt-6878;
;;zt-6879;
;;zt-6880;
;;zt-6881;
;;zt-6882;
;;zt-6883;
;;zt-6884;
;;zt-6885;
;;zt-6886;
;;zt-6887;
;;zt-6888;
;;zt-6889;
;;zt-6890;
;;zt-6891;
;;zt-6892;
;;zt-6893;
;;zt-6894;
;;zt-6895;
;;zt-6896;
;;zt-6897;
;;zt-6898;
;;zt-6899;
;;zt-6900;
;;zt-6901;
;;zt-6902;
;;zt-6903;
;;zt-6904;
;;zt-6905;
;;zt-6906;
;;zt-6907;
;;zt-6908;
;;zt-6909;
;;zt-6910;
;;zt-6911;
;;zt-6912;
;;zt-6913;
;;zt-6914;
;;zt-6915;
;;zt-6916;
;;zt-6917;
;;zt-6918;
;;zt-6919;
;;zt-6920;
;;zt-6921;
;;zt-6922;
;;zt-6923;
;;zt-6924;
;;zt-6925;
;;zt-6926;
;;zt-6927;
;;zt-6928;
;;zt-6929;
;;zt-6930;
;;zt-6931;
;;zt-6932;
;;zt-6933;
;;zt-6934;
;;zt-6935;
;;zt-6936;
;;zt-6937;
;;zt-6938;
;;zt-6939;
;;zt-6940;
;;zt-6941;
;;zt-6942;
;;zt-6943;
;;zt-6944;
;;zt-6945;
;;zt-6946;
;;zt-6947;
;;zt-6948;
;;zt-6949;
;;zt-6950;
;;zt-6951;
;;zt-6952;
;;zt-6953;
;;zt-6954;
;;zt-6955;
;;zt-6956;
;;zt-6957;
;;zt-6958;
;;zt-6959;
;;zt-6960;
;;zt-6961;
;;zt-6962;
;;zt-6963;
;;zt-6964;
;;zt-6965;
;;zt-6966;
;;zt-6967;
;;zt-6968;
;;zt-6969;
;;zt-6970;
;;zt-6971;
;;zt-6972;
;;zt-6973;
;;zt-6974;
;;zt-6975;
;;zt-6976;
;;zt-6977;
;;zt-6978;
;;zt-6979;
;;zt-6980;
;;zt-6981;
;;zt-6982;
;;zt-6983;
;;zt-6984;
;;zt-6985;
;;zt-6986;
;;zt-6987;
;;zt-6988;
;;zt-6989;
;;zt-6990;
;;zt-6991;
;;zt-6992;
;;zt-6993;
;;zt-6994;
;;zt-6995;
;;zt-6996;
;;zt-6997;
;;zt-6998;
;;zt-6999;
;;zt-7000;
;;zt-7001;
;;zt-7002;
;;zt-7003;
;;zt-7004;
;;zt-7005;
;;zt-7006;
;;zt-7007;
;;zt-7008;
;;zt-7009;
;;zt-7010;
;;zt-7011;
;;zt-7012;
;;zt-7013;
;;zt-7014;
;;zt-7015;
;;zt-7016;
;;zt-7017;
;;zt-7018;
;;zt-7019;
;;zt-7020;
;;zt-7021;
;;zt-7022;
;;zt-7023;
;;zt-7024;
;;zt-7025;
;;zt-7026;
;;zt-7027;
;;zt-7028;
;;zt-7029;
;;zt-7030;
;;zt-7031;
;;zt-7032;
;;zt-7033;
;;zt-7034;
;;zt-7035;
;;zt-7036;
;;zt-7037;
;;zt-7038;
;;zt-7039;
;;zt-7040;
;;zt-7041;
;;zt-7042;
;;zt-7043;
;;zt-7044;
;;zt-7045;
;;zt-7046;
;;zt-7047;
;;zt-7048;
;;zt-7049;
;;zt-7050;
;;zt-7051;
;;zt-7052;
;;zt-7053;
;;zt-7054;
;;zt-7055;
;;zt-7056;
;;zt-7057;
;;zt-7058;
;;zt-7059;
;;zt-7060;
;;zt-7061;
;;zt-7062;
;;zt-7063;
;;zt-7064;
;;zt-7065;
;;zt-7066;
;;zt-7067;
;;zt-7068;
;;zt-7069;
;;zt-7070;
;;zt-7071;
;;zt-7072;
;;zt-7073;
;;zt-7074;
;;zt-7075;
;;zt-7076;
;;zt-7077;
;;zt-7078;
;;zt-7079;
;;zt-7080;
;;zt-7081;
;;zt-7082;
;;zt-7083;
;;zt-7084;
;;zt-7085;
;;zt-7086;
;;zt-7087;
;;zt-7088;
;;zt-7089;
;;zt-7090;
;;zt-7091;
;;zt-7092;
;;zt-7093;
;;zt-7094;
;;zt-7095;
;;zt-7096;
;;zt-7097;
;;zt-7098;
;;zt-7099;
;;zt-7100;
;;zt-7101;
;;zt-7102;
;;zt-7103;
;;zt-7104;
;;zt-7105;
;;zt-7106;
;;zt-7107;
;;zt-7108;
;;zt-7109;
;;zt-7110;
;;zt-7111;
;;zt-7112;
;;zt-7113;
;;zt-7114;
;;zt-7115;
;;zt-7116;
;;zt-7117;
;;zt-7118;
;;zt-7119;
;;zt-7120;
;;zt-7121;
;;zt-7122;
;;zt-7123;
;;zt-7124;
;;zt-7125;
;;zt-7126;
;;zt-7127;
;;zt-7128;
;;zt-7129;
;;zt-7130;
;;zt-7131;
;;zt-7132;
;;zt-7133;
;;zt-7134;
;;zt-7135;
;;zt-7136;
;;zt-7137;
;;zt-7138;
;;zt-7139;
;;zt-7140;
;;zt-7141;
;;zt-7142;
;;zt-7143;
;;zt-7144;
;;zt-7145;
;;zt-7146;
;;zt-7147;
;;zt-7148;
;;zt-7149;
;;zt-7150;
;;zt-7151;
;;zt-7152;
;;zt-7153;
;;zt-7154;
;;zt-7155;
;;zt-7156;
;;zt-7157;
;;zt-7158;
;;zt-7159;
;;zt-7160;
;;zt-7161;
;;zt-7162;
;;zt-7163;
;;zt-7164;
;;zt-7165;
;;zt-7166;
;;zt-7167;
;;zt-7168;
;;zt-7169;
;;zt-7170;
;;zt-7171;
;;zt-7172;
;;zt-7173;
;;zt-7174;
;;zt-7175;
;;zt-7176;
;;zt-7177;
;;zt-7178;
;;zt-7179;
;;zt-7180;
;;zt-7181;
;;zt-7182;
;;zt-7183;
;;zt-7184;
;;zt-7185;
;;zt-7186;
;;zt-7187;
;;zt-7188;
;;zt-7189;
;;zt-7190;
;;zt-7191;
;;zt-7192;
;;zt-7193;
;;zt-7194;
;;zt-7195;
;;zt-7196;
;;zt-7197;
;;zt-7198;
;;zt-7199;
;;zt-7200;
;;zt-7201;
;;zt-7202;
;;zt-7203;
;;zt-7204;
;;zt-7205;
;;zt-7206;
;;zt-7207;
;;zt-7208;
;;zt-7209;
;;zt-7210;
;;zt-7211;
;;zt-7212;
;;zt-7213;
;;zt-7214;
;;zt-7215;
;;zt-7216;
;;zt-7217;
;;zt-7218;
;;zt-7219;
;;zt-7220;
;;zt-7221;
;;zt-7222;
;;zt-7223;
;;zt-7224;
;;zt-7225;
;;zt-7226;
;;zt-7227;
;;zt-7228;
;;zt-7229;
;;zt-7230;
;;zt-7231;
;;zt-7232;
;;zt-7233;
;;zt-7234;
;;zt-7235;
;;zt-7236;
;;zt-7237;
;;zt-7238;
;;zt-7239;
;;zt-7240;
;;zt-7241;
;;zt-7242;
;;zt-7243;
;;zt-7244;
;;zt-7245;
;;zt-7246;
;;zt-7247;
;;zt-7248;
;;zt-7249;
;;zt-7250;
;;zt-7251;
;;zt-7252;
;;zt-7253;
;;zt-7254;
;;zt-7255;
;;zt-7256;
;;zt-7257;
;;zt-7258;
;;zt-7259;
;;zt-7260;
;;zt-7261;
;;zt-7262;
;;zt-7263;
;;zt-7264;
;;zt-7265;
;;zt-7266;
;;zt-7267;
;;zt-7268;
;;zt-7269;
;;zt-7270;
;;zt-7271;
;;zt-7272;
;;zt-7273;
;;zt-7274;
;;zt-7275;
;;zt-7276;
;;zt-7277;
;;zt-7278;
;;zt-7279;
;;zt-7280;
;;zt-7281;
;;zt-7282;
;;zt-7283;
;;zt-7284;
;;zt-7285;
;;zt-7286;
;;zt-7287;
;;zt-7288;
;;zt-7289;
;;zt-7290;
;;zt-7291;
;;zt-7292;
;;zt-7293;
;;zt-7294;
;;zt-7295;
;;zt-7296;
;;zt-7297;
;;zt-7298;
;;zt-7299;
;;zt-7300;
;;zt-7301;
;;zt-7302;
;;zt-7303;
;;zt-7304;
;;zt-7305;
;;zt-7306;
;;zt-7307;
;;zt-7308;
;;zt-7309;
;;zt-7310;
;;zt-7311;
;;zt-7312;
;;zt-7313;
;;zt-7314;
;;zt-7315;
;;zt-7316;
;;zt-7317;
;;zt-7318;
;;zt-7319;
;;zt-7320;
;;zt-7321;
;;zt-7322;
;;zt-7323;
;;zt-7324;
;;zt-7325;
;;zt-7326;
;;zt-7327;
;;zt-7328;
;;zt-7329;
;;zt-7330;
;;zt-7331;
;;zt-7332;
;;zt-7333;
;;zt-7334;
;;zt-7335;
;;zt-7336;
;;zt-7337;
;;zt-7338;
;;zt-7339;
;;zt-7340;
;;zt-7341;
;;zt-7342;
;;zt-7343;
;;zt-7344;
;;zt-7345;
;;zt-7346;
;;zt-7347;
;;zt-7348;
;;zt-7349;
;;zt-7350;
;;zt-7351;
;;zt-7352;
;;zt-7353;
;;zt-7354;
;;zt-7355;
;;zt-7356;
;;zt-7357;
;;zt-7358;
;;zt-7359;
;;zt-7360;
;;zt-7361;
;;zt-7362;
;;zt-7363;
;;zt-7364;
;;zt-7365;
;;zt-7366;
;;zt-7367;
;;zt-7368;
;;zt-7369;
;;zt-7370;
;;zt-7371;
;;zt-7372;
;;zt-7373;
;;zt-7374;
;;zt-7375;
;;zt-7376;
;;zt-7377;
;;zt-7378;
;;zt-7379;
;;zt-7380;
;;zt-7381;
;;zt-7382;
;;zt-7383;
;;zt-7384;
;;zt-7385;
;;zt-7386;
;;zt-7387;
;;zt-7388;
;;zt-7389;
;;zt-7390;
;;zt-7391;
;;zt-7392;
;;zt-7393;
;;zt-7394;
;;zt-7395;
;;zt-7396;
;;zt-7397;
;;zt-7398;
;;zt-7399;
;;zt-7400;
;;zt-7401;
;;zt-7402;
;;zt-7403;
;;zt-7404;
;;zt-7405;
;;zt-7406;
;;zt-7407;
;;zt-7408;
;;zt-7409;
;;zt-7410;
;;zt-7411;
;;zt-7412;
;;zt-7413;
;;zt-7414;
;;zt-7415;
;;zt-7416;
;;zt-7417;
;;zt-7418;
;;zt-7419;
;;zt-7420;
;;zt-7421;
;;zt-7422;
;;zt-7423;
;;zt-7424;
;;zt-7425;
;;zt-7426;
;;zt-7427;
;;zt-7428;
;;zt-7429;
;;zt-7430;
;;zt-7431;
;;zt-7432;
;;zt-7433;
;;zt-7434;
;;zt-7435;
;;zt-7436;
;;zt-7437;
;;zt-7438;
;;zt-7439;
;;zt-7440;
;;zt-7441;
;;zt-7442;
;;zt-7443;
;;zt-7444;
;;zt-7445;
;;zt-7446;
;;zt-7447;
;;zt-7448;
;;zt-7449;
;;zt-7450;
;;zt-7451;
;;zt-7452;
;;zt-7453;
;;zt-7454;
;;zt-7455;
;;zt-7456;
;;zt-7457;
;;zt-7458;
;;zt-7459;
;;zt-7460;
;;zt-7461;
;;zt-7462;
;;zt-7463;
;;zt-7464;
;;zt-7465;
;;zt-7466;
;;zt-7467;
;;zt-7468;
;;zt-7469;
;;zt-7470;
;;zt-7471;
;;zt-7472;
;;zt-7473;
;;zt-7474;
;;zt-7475;
;;zt-7476;
;;zt-7477;
;;zt-7478;
;;zt-7479;
;;zt-7480;
;;zt-7481;
;;zt-7482;
;;zt-7483;
;;zt-7484;
;;zt-7485;
;;zt-7486;
;;zt-7487;
;;zt-7488;
;;zt-7489;
;;zt-7490;
;;zt-7491;
;;zt-7492;
;;zt-7493;
;;zt-7494;
;;zt-7495;
;;zt-7496;
;;zt-7497;
;;zt-7498;
;;zt-7499;
;;zt-7500;
;;zt-7501;
;;zt-7502;
;;zt-7503;
;;zt-7504;
;;zt-7505;
;;zt-7506;
;;zt-7507;
;;zt-7508;
;;zt-7509;
;;zt-7510;
;;zt-7511;
;;zt-7512;
;;zt-7513;
;;zt-7514;
;;zt-7515;
;;zt-7516;
;;zt-7517;
;;zt-7518;
;;zt-7519;
;;zt-7520;
;;zt-7521;
;;zt-7522;
;;zt-7523;
;;zt-7524;
;;zt-7525;
;;zt-7526;
;;zt-7527;
;;zt-7528;
;;zt-7529;
;;zt-7530;
;;zt-7531;
;;zt-7532;
;;zt-7533;
;;zt-7534;
;;zt-7535;
;;zt-7536;
;;zt-7537;
;;zt-7538;
;;zt-7539;
;;zt-7540;
;;zt-7541;
;;zt-7542;
;;zt-7543;
;;zt-7544;
;;zt-7545;
;;zt-7546;
;;zt-7547;
;;zt-7548;
;;zt-7549;
;;zt-7550;
;;zt-7551;
;;zt-7552;
;;zt-7553;
;;zt-7554;
;;zt-7555;
;;zt-7556;
;;zt-7557;
;;zt-7558;
;;zt-7559;
;;zt-7560;
;;zt-7561;
;;zt-7562;
;;zt-7563;
;;zt-7564;
;;zt-7565;
;;zt-7566;
;;zt-7567;
;;zt-7568;
;;zt-7569;
;;zt-7570;
;;zt-7571;
;;zt-7572;
;;zt-7573;
;;zt-7574;
;;zt-7575;
;;zt-7576;
;;zt-7577;
;;zt-7578;
;;zt-7579;
;;zt-7580;
;;zt-7581;
;;zt-7582;
;;zt-7583;
;;zt-7584;
;;zt-7585;
;;zt-7586;
;;zt-7587;
;;zt-7588;
;;zt-7589;
;;zt-7590;
;;zt-7591;
;;zt-7592;
;;zt-7593;
;;zt-7594;
;;zt-7595;
;;zt-7596;
;;zt-7597;
;;zt-7598;
;;zt-7599;
;;zt-7600;
;;zt-7601;
;;zt-7602;
;;zt-7603;
;;zt-7604;
;;zt-7605;
;;zt-7606;
;;zt-7607;
;;zt-7608;
;;zt-7609;
;;zt-7610;
;;zt-7611;
;;zt-7612;
;;zt-7613;
;;zt-7614;
;;zt-7615;
;;zt-7616;
;;zt-7617;
;;zt-7618;
;;zt-7619;
;;zt-7620;
;;zt-7621;
;;zt-7622;
;;zt-7623;
;;zt-7624;
;;zt-7625;
;;zt-7626;
;;zt-7627;
;;zt-7628;
;;zt-7629;
;;zt-7630;
;;zt-7631;
;;zt-7632;
;;zt-7633;
;;zt-7634;
;;zt-7635;
;;zt-7636;
;;zt-7637;
;;zt-7638;
;;zt-7639;
;;zt-7640;
;;zt-7641;
;;zt-7642;
;;zt-7643;
;;zt-7644;
;;zt-7645;
;;zt-7646;
;;zt-7647;
;;zt-7648;
;;zt-7649;
;;zt-7650;
;;zt-7651;
;;zt-7652;
;;zt-7653;
;;zt-7654;
;;zt-7655;
;;zt-7656;
;;zt-7657;
;;zt-7658;
;;zt-7659;
;;zt-7660;
;;zt-7661;
;;zt-7662;
;;zt-7663;
;;zt-7664;
;;zt-7665;
;;zt-7666;
;;zt-7667;
;;zt-7668;
;;zt-7669;
;;zt-7670;
;;zt-7671;
;;zt-7672;
;;zt-7673;
;;zt-7674;
;;zt-7675;
;;zt-7676;
;;zt-7677;
;;zt-7678;
;;zt-7679;
;;zt-7680;
;;zt-7681;
;;zt-7682;
;;zt-7683;
;;zt-7684;
;;zt-7685;
;;zt-7686;
;;zt-7687;
;;zt-7688;
;;zt-7689;
;;zt-7690;
;;zt-7691;
;;zt-7692;
;;zt-7693;
;;zt-7694;
;;zt-7695;
;;zt-7696;
;;zt-7697;
;;zt-7698;
;;zt-7699;
;;zt-7700;
;;zt-7701;
;;zt-7702;
;;zt-7703;
;;zt-7704;
;;zt-7705;
;;zt-7706;
;;zt-7707;
;;zt-7708;
;;zt-7709;
;;zt-7710;
;;zt-7711;
;;zt-7712;
;;zt-7713;
;;zt-7714;
;;zt-7715;
;;zt-7716;
;;zt-7717;
;;zt-7718;
;;zt-7719;
;;zt-7720;
;;zt-7721;
;;zt-7722;
;;zt-7723;
;;zt-7724;
;;zt-7725;
;;zt-7726;
;;zt-7727;
;;zt-7728;
;;zt-7729;
;;zt-7730;
;;zt-7731;
;;zt-7732;
;;zt-7733;
;;zt-7734;
;;zt-7735;
;;zt-7736;
;;zt-7737;
;;zt-7738;
;;zt-7739;
;;zt-7740;
;;zt-7741;
;;zt-7742;
;;zt-7743;
;;zt-7744;
;;zt-7745;
;;zt-7746;
;;zt-7747;
;;zt-7748;
;;zt-7749;
;;zt-7750;
;;zt-7751;
;;zt-7752;
;;zt-7753;
;;zt-7754;
;;zt-7755;
;;zt-7756;
;;zt-7757;
;;zt-7758;
;;zt-7759;
;;zt-7760;
;;zt-7761;
;;zt-7762;
;;zt-7763;
;;zt-7764;
;;zt-7765;
;;zt-7766;
;;zt-7767;
;;zt-7768;
;;zt-7769;
;;zt-7770;
;;zt-7771;
;;zt-7772;
;;zt-7773;
;;zt-7774;
;;zt-7775;
;;zt-7776;
;;zt-7777;
;;zt-7778;
;;zt-7779;
;;zt-7780;
;;zt-7781;
;;zt-7782;
;;zt-7783;
;;zt-7784;
;;zt-7785;
;;zt-7786;
;;zt-7787;
;;zt-7788;
;;zt-7789;
;;zt-7790;
;;zt-7791;
;;zt-7792;
;;zt-7793;
;;zt-7794;
;;zt-7795;
;;zt-7796;
;;zt-7797;
;;zt-7798;
;;zt-7799;
;;zt-7800;
;;zt-7801;
;;zt-7802;
;;zt-7803;
;;zt-7804;
;;zt-7805;
;;zt-7806;
;;zt-7807;
;;zt-7808;
;;zt-7809;
;;zt-7810;
;;zt-7811;
;;zt-7812;
;;zt-7813;
;;zt-7814;
;;zt-7815;
;;zt-7816;
;;zt-7817;
;;zt-7818;
;;zt-7819;
;;zt-7820;
;;zt-7821;
;;zt-7822;
;;zt-7823;
;;zt-7824;
;;zt-7825;
;;zt-7826;
;;zt-7827;
;;zt-7828;
;;zt-7829;
;;zt-7830;
;;zt-7831;
;;zt-7832;
;;zt-7833;
;;zt-7834;
;;zt-7835;
;;zt-7836;
;;zt-7837;
;;zt-7838;
;;zt-7839;
;;zt-7840;
;;zt-7841;
;;zt-7842;
;;zt-7843;
;;zt-7844;
;;zt-7845;
;;zt-7846;
;;zt-7847;
;;zt-7848;
;;zt-7849;
;;zt-7850;
;;zt-7851;
;;zt-7852;
;;zt-7853;
;;zt-7854;
;;zt-7855;
;;zt-7856;
;;zt-7857;
;;zt-7858;
;;zt-7859;
;;zt-7860;
;;zt-7861;
;;zt-7862;
;;zt-7863;
;;zt-7864;
;;zt-7865;
;;zt-7866;
;;zt-7867;
;;zt-7868;
;;zt-7869;
;;zt-7870;
;;zt-7871;
;;zt-7872;
;;zt-7873;
;;zt-7874;
;;zt-7875;
;;zt-7876;
;;zt-7877;
;;zt-7878;
;;zt-7879;
;;zt-7880;
;;zt-7881;
;;zt-7882;
;;zt-7883;
;;zt-7884;
;;zt-7885;
;;zt-7886;
;;zt-7887;
;;zt-7888;
;;zt-7889;
;;zt-7890;
;;zt-7891;
;;zt-7892;
;;zt-7893;
;;zt-7894;
;;zt-7895;
;;zt-7896;
;;zt-7897;
;;zt-7898;
;;zt-7899;
;;zt-7900;
;;zt-7901;
;;zt-7902;
;;zt-7903;
;;zt-7904;
;;zt-7905;
;;zt-7906;
;;zt-7907;
;;zt-7908;
;;zt-7909;
;;zt-7910;
;;zt-7911;
;;zt-7912;
;;zt-7913;
;;zt-7914;
;;zt-7915;
;;zt-7916;
;;zt-7917;
;;zt-7918;
;;zt-7919;
;;zt-7920;
;;zt-7921;
;;zt-7922;
;;zt-7923;
;;zt-7924;
;;zt-7925;
;;zt-7926;
;;zt-7927;
;;zt-7928;
;;zt-7929;
;;zt-7930;
;;zt-7931;
;;zt-7932;
;;zt-7933;
;;zt-7934;
;;zt-7935;
;;zt-7936;
;;zt-7937;
;;zt-7938;
;;zt-7939;
;;zt-7940;
;;zt-7941;
;;zt-7942;
;;zt-7943;
;;zt-7944;
;;zt-7945;
;;zt-7946;
;;zt-7947;
;;zt-7948;
;;zt-7949;
;;zt-7950;
;;zt-7951;
;;zt-7952;
;;zt-7953;
;;zt-7954;
;;zt-7955;
;;zt-7956;
;;zt-7957;
;;zt-7958;
;;zt-7959;
;;zt-7960;
;;zt-7961;
;;zt-7962;
;;zt-7963;
;;zt-7964;
;;zt-7965;
;;zt-7966;
;;zt-7967;
;;zt-7968;
;;zt-7969;
;;zt-7970;
;;zt-7971;
;;zt-7972;
;;zt-7973;
;;zt-7974;
;;zt-7975;
;;zt-7976;
;;zt-7977;
;;zt-7978;
;;zt-7979;
;;zt-7980;
;;zt-7981;
;;zt-7982;
;;zt-7983;
;;zt-7984;
;;zt-7985;
;;zt-7986;
;;zt-7987;
;;zt-7988;
;;zt-7989;
;;zt-7990;
;;zt-7991;
;;zt-7992;
;;zt-7993;
;;zt-7994;
;;zt-7995;
;;zt-7996;
;;zt-7997;
;;zt-7998;
;;zt-7999;
;;zt-8000;
;;zt-8001;
;;zt-8002;
;;zt-8003;
;;zt-8004;
;;zt-8005;
;;zt-8006;
;;zt-8007;
;;zt-8008;
;;zt-8009;
;;zt-8010;
;;zt-8011;
;;zt-8012;
;;zt-8013;
;;zt-8014;
;;zt-8015;
;;zt-8016;
;;zt-8017;
;;zt-8018;
;;zt-8019;
;;zt-8020;
;;zt-8021;
;;zt-8022;
;;zt-8023;
;;zt-8024;
;;zt-8025;
;;zt-8026;
;;zt-8027;
;;zt-8028;
;;zt-8029;
;;zt-8030;
;;zt-8031;
;;zt-8032;
;;zt-8033;
;;zt-8034;
;;zt-8035;
;;zt-8036;
;;zt-8037;
;;zt-8038;
;;zt-8039;
;;zt-8040;
;;zt-8041;
;;zt-8042;
;;zt-8043;
;;zt-8044;
;;zt-8045;
;;zt-8046;
;;zt-8047;
;;zt-8048;
;;zt-8049;
;;zt-8050;
;;zt-8051;
;;zt-8052;
;;zt-8053;
;;zt-8054;
;;zt-8055;
;;zt-8056;
;;zt-8057;
;;zt-8058;
;;zt-8059;
;;zt-8060;
;;zt-8061;
;;zt-8062;
;;zt-8063;
;;zt-8064;
;;zt-8065;
;;zt-8066;
;;zt-8067;
;;zt-8068;
;;zt-8069;
;;zt-8070;
;;zt-8071;
;;zt-8072;
;;zt-8073;
;;zt-8074;
;;zt-8075;
;;zt-8076;
;;zt-8077;
;;zt-8078;
;;zt-8079;
;;zt-8080;
;;zt-8081;
;;zt-8082;
;;zt-8083;
;;zt-8084;
;;zt-8085;
;;zt-8086;
;;zt-8087;
;;zt-8088;
;;zt-8089;
;;zt-8090;
;;zt-8091;
;;zt-8092;
;;zt-8093;
;;zt-8094;
;;zt-8095;
;;zt-8096;
;;zt-8097;
;;zt-8098;
;;zt-8099;
;;zt-8100;
;;zt-8101;
;;zt-8102;
;;zt-8103;
;;zt-8104;
;;zt-8105;
;;zt-8106;
;;zt-8107;
;;zt-8108;
;;zt-8109;
;;zt-8110;
;;zt-8111;
;;zt-8112;
;;zt-8113;
;;zt-8114;
;;zt-8115;
;;zt-8116;
;;zt-8117;
;;zt-8118;
;;zt-8119;
;;zt-8120;
;;zt-8121;
;;zt-8122;
;;zt-8123;
;;zt-8124;
;;zt-8125;
;;zt-8126;
;;zt-8127;
;;zt-8128;
;;zt-8129;
;;zt-8130;
;;zt-8131;
;;zt-8132;
;;zt-8133;
;;zt-8134;
;;zt-8135;
;;zt-8136;
;;zt-8137;
;;zt-8138;
;;zt-8139;
;;zt-8140;
;;zt-8141;
;;zt-8142;
;;zt-8143;
;;zt-8144;
;;zt-8145;
;;zt-8146;
;;zt-8147;
;;zt-8148;
;;zt-8149;
;;zt-8150;
;;zt-8151;
;;zt-8152;
;;zt-8153;
;;zt-8154;
;;zt-8155;
;;zt-8156;
;;zt-8157;
;;zt-8158;
;;zt-8159;
;;zt-8160;
;;zt-8161;
;;zt-8162;
;;zt-8163;
;;zt-8164;
;;zt-8165;
;;zt-8166;
;;zt-8167;
;;zt-8168;
;;zt-8169;
;;zt-8170;
;;zt-8171;
;;zt-8172;
;;zt-8173;
;;zt-8174;
;;zt-8175;
;;zt-8176;
;;zt-8177;
;;zt-8178;
;;zt-8179;
;;zt-8180;
;;zt-8181;
;;zt-8182;
;;zt-8183;
;;zt-8184;
;;zt-8185;
;;zt-8186;
;;zt-8187;
;;zt-8188;
;;zt-8189;
;;zt-8190;
;;zt-8191;
;;zt-8192;
;;zt-8193;
;;zt-8194;
;;zt-8195;
;;zt-8196;
;;zt-8197;
;;zt-8198;
;;zt-8199;
;;zt-8200;
;;zt-8201;
;;zt-8202;
;;zt-8203;
;;zt-8204;
;;zt-8205;
;;zt-8206;
;;zt-8207;
;;zt-8208;
;;zt-8209;
;;zt-8210;
;;zt-8211;
;;zt-8212;
;;zt-8213;
;;zt-8214;
;;zt-8215;
;;zt-8216;
;;zt-8217;
;;zt-8218;
;;zt-8219;
;;zt-8220;
;;zt-8221;
;;zt-8222;
;;zt-8223;
;;zt-8224;
;;zt-8225;
;;zt-8226;
;;zt-8227;
;;zt-8228;
;;zt-8229;
;;zt-8230;
;;zt-8231;
;;zt-8232;
;;zt-8233;
;;zt-8234;
;;zt-8235;
;;zt-8236;
;;zt-8237;
;;zt-8238;
;;zt-8239;
;;zt-8240;
;;zt-8241;
;;zt-8242;
;;zt-8243;
;;zt-8244;
;;zt-8245;
;;zt-8246;
;;zt-8247;
;;zt-8248;
;;zt-8249;
;;zt-8250;
;;zt-8251;
;;zt-8252;
;;zt-8253;
;;zt-8254;
;;zt-8255;
;;zt-8256;
;;zt-8257;
;;zt-8258;
;;zt-8259;
;;zt-8260;
;;zt-8261;
;;zt-8262;
;;zt-8263;
;;zt-8264;
;;zt-8265;
;;zt-8266;
;;zt-8267;
;;zt-8268;
;;zt-8269;
;;zt-8270;
;;zt-8271;
;;zt-8272;
;;zt-8273;
;;zt-8274;
;;zt-8275;
;;zt-8276;
;;zt-8277;
;;zt-8278;
;;zt-8279;
;;zt-8280;
;;zt-8281;
;;zt-8282;
;;zt-8283;
;;zt-8284;
;;zt-8285;
;;zt-8286;
;;zt-8287;
;;zt-8288;
;;zt-8289;
;;zt-8290;
;;zt-8291;
;;zt-8292;
;;zt-8293;
;;zt-8294;
;;zt-8295;
;;zt-8296;
;;zt-8297;
;;zt-8298;
;;zt-8299;
;;zt-8300;
;;zt-8301;
;;zt-8302;
;;zt-8303;
;;zt-8304;
;;zt-8305;
;;zt-8306;
;;zt-8307;
;;zt-8308;
;;zt-8309;
;;zt-8310;
;;zt-8311;
;;zt-8312;
;;zt-8313;
;;zt-8314;
;;zt-8315;
;;zt-8316;
;;zt-8317;
;;zt-8318;
;;zt-8319;
;;zt-8320;
;;zt-8321;
;;zt-8322;
;;zt-8323;
;;zt-8324;
;;zt-8325;
;;zt-8326;
;;zt-8327;
;;zt-8328;
;;zt-8329;
;;zt-8330;
;;zt-8331;
;;zt-8332;
;;zt-8333;
;;zt-8334;
;;zt-8335;
;;zt-8336;
;;zt-8337;
;;zt-8338;
;;zt-8339;
;;zt-8340;
;;zt-8341;
;;zt-8342;
;;zt-8343;
;;zt-8344;
;;zt-8345;
;;zt-8346;
;;zt-8347;
;;zt-8348;
;;zt-8349;
;;zt-8350;
;;zt-8351;
;;zt-8352;
;;zt-8353;
;;zt-8354;
;;zt-8355;
;;zt-8356;
;;zt-8357;
;;zt-8358;
;;zt-8359;
;;zt-8360;
;;zt-8361;
;;zt-8362;
;;zt-8363;
;;zt-8364;
;;zt-8365;
;;zt-8366;
;;zt-8367;
;;zt-8368;
;;zt-8369;
;;zt-8370;
;;zt-8371;
;;zt-8372;
;;zt-8373;
;;zt-8374;
;;zt-8375;
;;zt-8376;
;;zt-8377;
;;zt-8378;
;;zt-8379;
;;zt-8380;
;;zt-8381;
;;zt-8382;
;;zt-8383;
;;zt-8384;
;;zt-8385;
;;zt-8386;
;;zt-8387;
;;zt-8388;
;;zt-8389;
;;zt-8390;
;;zt-8391;
;;zt-8392;
;;zt-8393;
;;zt-8394;
;;zt-8395;
;;zt-8396;
;;zt-8397;
;;zt-8398;
;;zt-8399;
;;zt-8400;
;;zt-8401;
;;zt-8402;
;;zt-8403;
;;zt-8404;
;;zt-8405;
;;zt-8406;
;;zt-8407;
;;zt-8408;
;;zt-8409;
;;zt-8410;
;;zt-8411;
;;zt-8412;
;;zt-8413;
;;zt-8414;
;;zt-8415;
;;zt-8416;
;;zt-8417;
;;zt-8418;
;;zt-8419;
;;zt-8420;
;;zt-8421;
;;zt-8422;
;;zt-8423;
;;zt-8424;
;;zt-8425;
;;zt-8426;
;;zt-8427;
;;zt-8428;
;;zt-8429;
;;zt-8430;
;;zt-8431;
;;zt-8432;
;;zt-8433;
;;zt-8434;
;;zt-8435;
;;zt-8436;
;;zt-8437;
;;zt-8438;
;;zt-8439;
;;zt-8440;
;;zt-8441;
;;zt-8442;
;;zt-8443;
;;zt-8444;
;;zt-8445;
;;zt-8446;
;;zt-8447;
;;zt-8448;
;;zt-8449;
;;zt-8450;
;;zt-8451;
;;zt-8452;
;;zt-8453;
;;zt-8454;
;;zt-8455;
;;zt-8456;
;;zt-8457;
;;zt-8458;
;;zt-8459;
;;zt-8460;
;;zt-8461;
;;zt-8462;
;;zt-8463;
;;zt-8464;
;;zt-8465;
;;zt-8466;
;;zt-8467;
;;zt-8468;
;;zt-8469;
;;zt-8470;
;;zt-8471;
;;zt-8472;
;;zt-8473;
;;zt-8474;
;;zt-8475;
;;zt-8476;
;;zt-8477;
;;zt-8478;
;;zt-8479;
;;zt-8480;
;;zt-8481;
;;zt-8482;
;;zt-8483;
;;zt-8484;
;;zt-8485;
;;zt-8486;
;;zt-8487;
;;zt-8488;
;;zt-8489;
;;zt-8490;
;;zt-8491;
;;zt-8492;
;;zt-8493;
;;zt-8494;
;;zt-8495;
;;zt-8496;
;;zt-8497;
;;zt-8498;
;;zt-8499;
;;zt-8500;
;;zt-8501;
;;zt-8502;
;;zt-8503;
;;zt-8504;
;;zt-8505;
;;zt-8506;
;;zt-8507;
;;zt-8508;
;;zt-8509;
;;zt-8510;
;;zt-8511;
;;zt-8512;
;;zt-8513;
;;zt-8514;
;;zt-8515;
;;zt-8516;
;;zt-8517;
;;zt-8518;
;;zt-8519;
;;zt-8520;
;;zt-8521;
;;zt-8522;
;;zt-8523;
;;zt-8524;
;;zt-8525;
;;zt-8526;
;;zt-8527;
;;zt-8528;
;;zt-8529;
;;zt-8530;
;;zt-8531;
;;zt-8532;
;;zt-8533;
;;zt-8534;
;;zt-8535;
;;zt-8536;
;;zt-8537;
;;zt-8538;
;;zt-8539;
;;zt-8540;
;;zt-8541;
;;zt-8542;
;;zt-8543;
;;zt-8544;
;;zt-8545;
;;zt-8546;
;;zt-8547;
;;zt-8548;
;;zt-8549;
;;zt-8550;
;;zt-8551;
;;zt-8552;
;;zt-8553;
;;zt-8554;
;;zt-8555;
;;zt-8556;
;;zt-8557;
;;zt-8558;
;;zt-8559;
;;zt-8560;
;;zt-8561;
;;zt-8562;
;;zt-8563;
;;zt-8564;
;;zt-8565;
;;zt-8566;
;;zt-8567;
;;zt-8568;
;;zt-8569;
;;zt-8570;
;;zt-8571;
;;zt-8572;
;;zt-8573;
;;zt-8574;
;;zt-8575;
;;zt-8576;
;;zt-8577;
;;zt-8578;
;;zt-8579;
;;zt-8580;
;;zt-8581;
;;zt-8582;
;;zt-8583;
;;zt-8584;
;;zt-8585;
;;zt-8586;
;;zt-8587;
;;zt-8588;
;;zt-8589;
;;zt-8590;
;;zt-8591;
;;zt-8592;
;;zt-8593;
;;zt-8594;
;;zt-8595;
;;zt-8596;
;;zt-8597;
;;zt-8598;
;;zt-8599;
;;zt-8600;
;;zt-8601;
;;zt-8602;
;;zt-8603;
;;zt-8604;
;;zt-8605;
;;zt-8606;
;;zt-8607;
;;zt-8608;
;;zt-8609;
;;zt-8610;
;;zt-8611;
;;zt-8612;
;;zt-8613;
;;zt-8614;
;;zt-8615;
;;zt-8616;
;;zt-8617;
;;zt-8618;
;;zt-8619;
;;zt-8620;
;;zt-8621;
;;zt-8622;
;;zt-8623;
;;zt-8624;
;;zt-8625;
;;zt-8626;
;;zt-8627;
;;zt-8628;
;;zt-8629;
;;zt-8630;
;;zt-8631;
;;zt-8632;
;;zt-8633;
;;zt-8634;
;;zt-8635;
;;zt-8636;
;;zt-8637;
;;zt-8638;
;;zt-8639;
;;zt-8640;
;;zt-8641;
;;zt-8642;
;;zt-8643;
;;zt-8644;
;;zt-8645;
;;zt-8646;
;;zt-8647;
;;zt-8648;
;;zt-8649;
;;zt-8650;
;;zt-8651;
;;zt-8652;
;;zt-8653;
;;zt-8654;
;;zt-8655;
;;zt-8656;
;;zt-8657;
;;zt-8658;
;;zt-8659;
;;zt-8660;
;;zt-8661;
;;zt-8662;
;;zt-8663;
;;zt-8664;
;;zt-8665;
;;zt-8666;
;;zt-8667;
;;zt-8668;
;;zt-8669;
;;zt-8670;
;;zt-8671;
;;zt-8672;
;;zt-8673;
;;zt-8674;
;;zt-8675;
;;zt-8676;
;;zt-8677;
;;zt-8678;
;;zt-8679;
;;zt-8680;
;;zt-8681;
;;zt-8682;
;;zt-8683;
;;zt-8684;
;;zt-8685;
;;zt-8686;
;;zt-8687;
;;zt-8688;
;;zt-8689;
;;zt-8690;
;;zt-8691;
;;zt-8692;
;;zt-8693;
;;zt-8694;
;;zt-8695;
;;zt-8696;
;;zt-8697;
;;zt-8698;
;;zt-8699;
;;zt-8700;
;;zt-8701;
;;zt-8702;
;;zt-8703;
;;zt-8704;
;;zt-8705;
;;zt-8706;
;;zt-8707;
;;zt-8708;
;;zt-8709;
;;zt-8710;
;;zt-8711;
;;zt-8712;
;;zt-8713;
;;zt-8714;
;;zt-8715;
;;zt-8716;
;;zt-8717;
;;zt-8718;
;;zt-8719;
;;zt-8720;
;;zt-8721;
;;zt-8722;
;;zt-8723;
;;zt-8724;
;;zt-8725;
;;zt-8726;
;;zt-8727;
;;zt-8728;
;;zt-8729;
;;zt-8730;
;;zt-8731;
;;zt-8732;
;;zt-8733;
;;zt-8734;
;;zt-8735;
;;zt-8736;
;;zt-8737;
;;zt-8738;
;;zt-8739;
;;zt-8740;
;;zt-8741;
;;zt-8742;
;;zt-8743;
;;zt-8744;
;;zt-8745;
;;zt-8746;
;;zt-8747;
;;zt-8748;
;;zt-8749;
;;zt-8750;
;;zt-8751;
;;zt-8752;
;;zt-8753;
;;zt-8754;
;;zt-8755;
;;zt-8756;
;;zt-8757;
;;zt-8758;
;;zt-8759;
;;zt-8760;
;;zt-8761;
;;zt-8762;
;;zt-8763;
;;zt-8764;
;;zt-8765;
;;zt-8766;
;;zt-8767;
;;zt-8768;
;;zt-8769;
;;zt-8770;
;;zt-8771;
;;zt-8772;
;;zt-8773;
;;zt-8774;
;;zt-8775;
;;zt-8776;
;;zt-8777;
;;zt-8778;
;;zt-8779;
;;zt-8780;
;;zt-8781;
;;zt-8782;
;;zt-8783;
;;zt-8784;
;;zt-8785;
;;zt-8786;
;;zt-8787;
;;zt-8788;
;;zt-8789;
;;zt-8790;
;;zt-8791;
;;zt-8792;
;;zt-8793;
;;zt-8794;
;;zt-8795;
;;zt-8796;
;;zt-8797;
;;zt-8798;
;;zt-8799;
;;zt-8800;
;;zt-8801;
;;zt-8802;
;;zt-8803;
;;zt-8804;
;;zt-8805;
;;zt-8806;
;;zt-8807;
;;zt-8808;
;;zt-8809;
;;zt-8810;
;;zt-8811;
;;zt-8812;
;;zt-8813;
;;zt-8814;
;;zt-8815;
;;zt-8816;
;;zt-8817;
;;zt-8818;
;;zt-8819;
;;zt-8820;
;;zt-8821;
;;zt-8822;
;;zt-8823;
;;zt-8824;
;;zt-8825;
;;zt-8826;
;;zt-8827;
;;zt-8828;
;;zt-8829;
;;zt-8830;
;;zt-8831;
;;zt-8832;
;;zt-8833;
;;zt-8834;
;;zt-8835;
;;zt-8836;
;;zt-8837;
;;zt-8838;
;;zt-8839;
;;zt-8840;
;;zt-8841;
;;zt-8842;
;;zt-8843;
;;zt-8844;
;;zt-8845;
;;zt-8846;
;;zt-8847;
;;zt-8848;
;;zt-8849;
;;zt-8850;
;;zt-8851;
;;zt-8852;
;;zt-8853;
;;zt-8854;
;;zt-8855;
;;zt-8856;
;;zt-8857;
;;zt-8858;
;;zt-8859;
;;zt-8860;
;;zt-8861;
;;zt-8862;
;;zt-8863;
;;zt-8864;
;;zt-8865;
;;zt-8866;
;;zt-8867;
;;zt-8868;
;;zt-8869;
;;zt-8870;
;;zt-8871;
;;zt-8872;
;;zt-8873;
;;zt-8874;
;;zt-8875;
;;zt-8876;
;;zt-8877;
;;zt-8878;
;;zt-8879;
;;zt-8880;
;;zt-8881;
;;zt-8882;
;;zt-8883;
;;zt-8884;
;;zt-8885;
;;zt-8886;
;;zt-8887;
;;zt-8888;
;;zt-8889;
;;zt-8890;
;;zt-8891;
;;zt-8892;
;;zt-8893;
;;zt-8894;
;;zt-8895;
;;zt-8896;
;;zt-8897;
;;zt-8898;
;;zt-8899;
;;zt-8900;
;;zt-8901;
;;zt-8902;
;;zt-8903;
;;zt-8904;
;;zt-8905;
;;zt-8906;
;;zt-8907;
;;zt-8908;
;;zt-8909;
;;zt-8910;
;;zt-8911;
;;zt-8912;
;;zt-8913;
;;zt-8914;
;;zt-8915;
;;zt-8916;
;;zt-8917;
;;zt-8918;
;;zt-8919;
;;zt-8920;
;;zt-8921;
;;zt-8922;
;;zt-8923;
;;zt-8924;
;;zt-8925;
;;zt-8926;
;;zt-8927;
;;zt-8928;
;;zt-8929;
;;zt-8930;
;;zt-8931;
;;zt-8932;
;;zt-8933;
;;zt-8934;
;;zt-8935;
;;zt-8936;
;;zt-8937;
;;zt-8938;
;;zt-8939;
;;zt-8940;
;;zt-8941;
;;zt-8942;
;;zt-8943;
;;zt-8944;
;;zt-8945;
;;zt-8946;
;;zt-8947;
;;zt-8948;
;;zt-8949;
;;zt-8950;
;;zt-8951;
;;zt-8952;
;;zt-8953;
;;zt-8954;
;;zt-8955;
;;zt-8956;
;;zt-8957;
;;zt-8958;
;;zt-8959;
;;zt-8960;
;;zt-8961;
;;zt-8962;
;;zt-8963;
;;zt-8964;
;;zt-8965;
;;zt-8966;
;;zt-8967;
;;zt-8968;
;;zt-8969;
;;zt-8970;
;;zt-8971;
;;zt-8972;
;;zt-8973;
;;zt-8974;
;;zt-8975;
;;zt-8976;
;;zt-8977;
;;zt-8978;
;;zt-8979;
;;zt-8980;
;;zt-8981;
;;zt-8982;
;;zt-8983;
;;zt-8984;
;;zt-8985;
;;zt-8986;
;;zt-8987;
;;zt-8988;
;;zt-8989;
;;zt-8990;
;;zt-8991;
;;zt-8992;
;;zt-8993;
;;zt-8994;
;;zt-8995;
;;zt-8996;
;;zt-8997;
;;zt-8998;
;;zt-8999;
;;zt-9000;
;;zt-9001;
;;zt-9002;
;;zt-9003;
;;zt-9004;
;;zt-9005;
;;zt-9006;
;;zt-9007;
;;zt-9008;
;;zt-9009;
;;zt-9010;
;;zt-9011;
;;zt-9012;
;;zt-9013;
;;zt-9014;
;;zt-9015;
;;zt-9016;
;;zt-9017;
;;zt-9018;
;;zt-9019;
;;zt-9020;
;;zt-9021;
;;zt-9022;
;;zt-9023;
;;zt-9024;
;;zt-9025;
;;zt-9026;
;;zt-9027;
;;zt-9028;
;;zt-9029;
;;zt-9030;
;;zt-9031;
;;zt-9032;
;;zt-9033;
;;zt-9034;
;;zt-9035;
;;zt-9036;
;;zt-9037;
;;zt-9038;
;;zt-9039;
;;zt-9040;
;;zt-9041;
;;zt-9042;
;;zt-9043;
;;zt-9044;
;;zt-9045;
;;zt-9046;
;;zt-9047;
;;zt-9048;
;;zt-9049;
;;zt-9050;
;;zt-9051;
;;zt-9052;
;;zt-9053;
;;zt-9054;
;;zt-9055;
;;zt-9056;
;;zt-9057;
;;zt-9058;
;;zt-9059;
;;zt-9060;
;;zt-9061;
;;zt-9062;
;;zt-9063;
;;zt-9064;
;;zt-9065;
;;zt-9066;
;;zt-9067;
;;zt-9068;
;;zt-9069;
;;zt-9070;
;;zt-9071;
;;zt-9072;
;;zt-9073;
;;zt-9074;
;;zt-9075;
;;zt-9076;
;;zt-9077;
;;zt-9078;
;;zt-9079;
;;zt-9080;
;;zt-9081;
;;zt-9082;
;;zt-9083;
;;zt-9084;
;;zt-9085;
;;zt-9086;
;;zt-9087;
;;zt-9088;
;;zt-9089;
;;zt-9090;
;;zt-9091;
;;zt-9092;
;;zt-9093;
;;zt-9094;
;;zt-9095;
;;zt-9096;
;;zt-9097;
;;zt-9098;
;;zt-9099;
;;zt-9100;
;;zt-9101;
;;zt-9102;
;;zt-9103;
;;zt-9104;
;;zt-9105;
;;zt-9106;
;;zt-9107;
;;zt-9108;
;;zt-9109;
;;zt-9110;
;;zt-9111;
;;zt-9112;
;;zt-9113;
;;zt-9114;
;;zt-9115;
;;zt-9116;
;;zt-9117;
;;zt-9118;
;;zt-9119;
;;zt-9120;
;;zt-9121;
;;zt-9122;
;;zt-9123;
;;zt-9124;
;;zt-9125;
;;zt-9126;
;;zt-9127;
;;zt-9128;
;;zt-9129;
;;zt-9130;
;;zt-9131;
;;zt-9132;
;;zt-9133;
;;zt-9134;
;;zt-9135;
;;zt-9136;
;;zt-9137;
;;zt-9138;
;;zt-9139;
;;zt-9140;
;;zt-9141;
;;zt-9142;
;;zt-9143;
;;zt-9144;
;;zt-9145;
;;zt-9146;
;;zt-9147;
;;zt-9148;
;;zt-9149;
;;zt-9150;
;;zt-9151;
;;zt-9152;
;;zt-9153;
;;zt-9154;
;;zt-9155;
;;zt-9156;
;;zt-9157;
;;zt-9158;
;;zt-9159;
;;zt-9160;
;;zt-9161;
;;zt-9162;
;;zt-9163;
;;zt-9164;
;;zt-9165;
;;zt-9166;
;;zt-9167;
;;zt-9168;
;;zt-9169;
;;zt-9170;
;;zt-9171;
;;zt-9172;
;;zt-9173;
;;zt-9174;
;;zt-9175;
;;zt-9176;
;;zt-9177;
;;zt-9178;
;;zt-9179;
;;zt-9180;
;;zt-9181;
;;zt-9182;
;;zt-9183;
;;zt-9184;
;;zt-9185;
;;zt-9186;
;;zt-9187;
;;zt-9188;
;;zt-9189;
;;zt-9190;
;;zt-9191;
;;zt-9192;
;;zt-9193;
;;zt-9194;
;;zt-9195;
;;zt-9196;
;;zt-9197;
;;zt-9198;
;;zt-9199;
;;zt-9200;
;;zt-9201;
;;zt-9202;
;;zt-9203;
;;zt-9204;
;;zt-9205;
;;zt-9206;
;;zt-9207;
;;zt-9208;
;;zt-9209;
;;zt-9210;
;;zt-9211;
;;zt-9212;
;;zt-9213;
;;zt-9214;
;;zt-9215;
;;zt-9216;
;;zt-9217;
;;zt-9218;
;;zt-9219;
;;zt-9220;
;;zt-9221;
;;zt-9222;
;;zt-9223;
;;zt-9224;
;;zt-9225;
;;zt-9226;
;;zt-9227;
;;zt-9228;
;;zt-9229;
;;zt-9230;
;;zt-9231;
;;zt-9232;
;;zt-9233;
;;zt-9234;
;;zt-9235;
;;zt-9236;
;;zt-9237;
;;zt-9238;
;;zt-9239;
;;zt-9240;
;;zt-9241;
;;zt-9242;
;;zt-9243;
;;zt-9244;
;;zt-9245;
;;zt-9246;
;;zt-9247;
;;zt-9248;
;;zt-9249;
;;zt-9250;
;;zt-9251;
;;zt-9252;
;;zt-9253;
;;zt-9254;
;;zt-9255;
;;zt-9256;
;;zt-9257;
;;zt-9258;
;;zt-9259;
;;zt-9260;
;;zt-9261;
;;zt-9262;
;;zt-9263;
;;zt-9264;
;;zt-9265;
;;zt-9266;
;;zt-9267;
;;zt-9268;
;;zt-9269;
;;zt-9270;
;;zt-9271;
;;zt-9272;
;;zt-9273;
;;zt-9274;
;;zt-9275;
;;zt-9276;
;;zt-9277;
;;zt-9278;
;;zt-9279;
;;zt-9280;
;;zt-9281;
;;zt-9282;
;;zt-9283;
;;zt-9284;
;;zt-9285;
;;zt-9286;
;;zt-9287;
;;zt-9288;
;;zt-9289;
;;zt-9290;
;;zt-9291;
;;zt-9292;
;;zt-9293;
;;zt-9294;
;;zt-9295;
;;zt-9296;
;;zt-9297;
;;zt-9298;
;;zt-9299;
;;zt-9300;
;;zt-9301;
;;zt-9302;
;;zt-9303;
;;zt-9304;
;;zt-9305;
;;zt-9306;
;;zt-9307;
;;zt-9308;
;;zt-9309;
;;zt-9310;
;;zt-9311;
;;zt-9312;
;;zt-9313;
;;zt-9314;
;;zt-9315;
;;zt-9316;
;;zt-9317;
;;zt-9318;
;;zt-9319;
;;zt-9320;
;;zt-9321;
;;zt-9322;
;;zt-9323;
;;zt-9324;
;;zt-9325;
;;zt-9326;
;;zt-9327;
;;zt-9328;
;;zt-9329;
;;zt-9330;
;;zt-9331;
;;zt-9332;
;;zt-9333;
;;zt-9334;
;;zt-9335;
;;zt-9336;
;;zt-9337;
;;zt-9338;
;;zt-9339;
;;zt-9340;
;;zt-9341;
;;zt-9342;
;;zt-9343;
;;zt-9344;
;;zt-9345;
;;zt-9346;
;;zt-9347;
;;zt-9348;
;;zt-9349;
;;zt-9350;
;;zt-9351;
;;zt-9352;
;;zt-9353;
;;zt-9354;
;;zt-9355;
;;zt-9356;
;;zt-9357;
;;zt-9358;
;;zt-9359;
;;zt-9360;
;;zt-9361;
;;zt-9362;
;;zt-9363;
;;zt-9364;
;;zt-9365;
;;zt-9366;
;;zt-9367;
;;zt-9368;
;;zt-9369;
;;zt-9370;
;;zt-9371;
;;zt-9372;
;;zt-9373;
;;zt-9374;
;;zt-9375;
;;zt-9376;
;;zt-9377;
;;zt-9378;
;;zt-9379;
;;zt-9380;
;;zt-9381;
;;zt-9382;
;;zt-9383;
;;zt-9384;
;;zt-9385;
;;zt-9386;
;;zt-9387;
;;zt-9388;
;;zt-9389;
;;zt-9390;
;;zt-9391;
;;zt-9392;
;;zt-9393;
;;zt-9394;
;;zt-9395;
;;zt-9396;
;;zt-9397;
;;zt-9398;
;;zt-9399;
;;zt-9400;
;;zt-9401;
;;zt-9402;
;;zt-9403;
;;zt-9404;
;;zt-9405;
;;zt-9406;
;;zt-9407;
;;zt-9408;
;;zt-9409;
;;zt-9410;
;;zt-9411;
;;zt-9412;
;;zt-9413;
;;zt-9414;
;;zt-9415;
;;zt-9416;
;;zt-9417;
;;zt-9418;
;;zt-9419;
;;zt-9420;
;;zt-9421;
;;zt-9422;
;;zt-9423;
;;zt-9424;
;;zt-9425;
;;zt-9426;
;;zt-9427;
;;zt-9428;
;;zt-9429;
;;zt-9430;
;;zt-9431;
;;zt-9432;
;;zt-9433;
;;zt-9434;
;;zt-9435;
;;zt-9436;
;;zt-9437;
;;zt-9438;
;;zt-9439;
;;zt-9440;
;;zt-9441;
;;zt-9442;
;;zt-9443;
;;zt-9444;
;;zt-9445;
;;zt-9446;
;;zt-9447;
;;zt-9448;
;;zt-9449;
;;zt-9450;
;;zt-9451;
;;zt-9452;
;;zt-9453;
;;zt-9454;
;;zt-9455;
;;zt-9456;
;;zt-9457;
;;zt-9458;
;;zt-9459;
;;zt-9460;
;;zt-9461;
;;zt-9462;
;;zt-9463;
;;zt-9464;
;;zt-9465;
;;zt-9466;
;;zt-9467;
;;zt-9468;
;;zt-9469;
;;zt-9470;
;;zt-9471;
;;zt-9472;
;;zt-9473;
;;zt-9474;
;;zt-9475;
;;zt-9476;
;;zt-9477;
;;zt-9478;
;;zt-9479;
;;zt-9480;
;;zt-9481;
;;zt-9482;
;;zt-9483;
;;zt-9484;
;;zt-9485;
;;zt-9486;
;;zt-9487;
;;zt-9488;
;;zt-9489;
;;zt-9490;
;;zt-9491;
;;zt-9492;
;;zt-9493;
;;zt-9494;
;;zt-9495;
;;zt-9496;
;;zt-9497;
;;zt-9498;
;;zt-9499;
;;zt-9500;
;;zt-9501;
;;zt-9502;
;;zt-9503;
;;zt-9504;
;;zt-9505;
;;zt-9506;
;;zt-9507;
;;zt-9508;
;;zt-9509;
;;zt-9510;
;;zt-9511;
;;zt-9512;
;;zt-9513;
;;zt-9514;
;;zt-9515;
;;zt-9516;
;;zt-9517;
;;zt-9518;
;;zt-9519;
;;zt-9520;
;;zt-9521;
;;zt-9522;
;;zt-9523;
;;zt-9524;
;;zt-9525;
;;zt-9526;
;;zt-9527;
;;zt-9528;
;;zt-9529;
;;zt-9530;
;;zt-9531;
;;zt-9532;
;;zt-9533;
;;zt-9534;
;;zt-9535;
;;zt-9536;
;;zt-9537;
;;zt-9538;
;;zt-9539;
;;zt-9540;
;;zt-9541;
;;zt-9542;
;;zt-9543;
;;zt-9544;
;;zt-9545;
;;zt-9546;
;;zt-9547;
;;zt-9548;
;;zt-9549;
;;zt-9550;
;;zt-9551;
;;zt-9552;
;;zt-9553;
;;zt-9554;
;;zt-9555;
;;zt-9556;
;;zt-9557;
;;zt-9558;
;;zt-9559;
;;zt-9560;
;;zt-9561;
;;zt-9562;
;;zt-9563;
;;zt-9564;
;;zt-9565;
;;zt-9566;
;;zt-9567;
;;zt-9568;
;;zt-9569;
;;zt-9570;
;;zt-9571;
;;zt-9572;
;;zt-9573;
;;zt-9574;
;;zt-9575;
;;zt-9576;
;;zt-9577;
;;zt-9578;
;;zt-9579;
;;zt-9580;
;;zt-9581;
;;zt-9582;
;;zt-9583;
;;zt-9584;
;;zt-9585;
;;zt-9586;
;;zt-9587;
;;zt-9588;
;;zt-9589;
;;zt-9590;
;;zt-9591;
;;zt-9592;
;;zt-9593;
;;zt-9594;
;;zt-9595;
;;zt-9596;
;;zt-9597;
;;zt-9598;
;;zt-9599;
;;zt-9600;
;;zt-9601;
;;zt-9602;
;;zt-9603;
;;zt-9604;
;;zt-9605;
;;zt-9606;
;;zt-9607;
;;zt-9608;
;;zt-9609;
;;zt-9610;
;;zt-9611;
;;zt-9612;
;;zt-9613;
;;zt-9614;
;;zt-9615;
;;zt-9616;
;;zt-9617;
;;zt-9618;
;;zt-9619;
;;zt-9620;
;;zt-9621;
;;zt-9622;
;;zt-9623;
;;zt-9624;
;;zt-9625;
;;zt-9626;
;;zt-9627;
;;zt-9628;
;;zt-9629;
;;zt-9630;
;;zt-9631;
;;zt-9632;
;;zt-9633;
;;zt-9634;
;;zt-9635;
;;zt-9636;
;;zt-9637;
;;zt-9638;
;;zt-9639;
;;zt-9640;
;;zt-9641;
;;zt-9642;
;;zt-9643;
;;zt-9644;
;;zt-9645;
;;zt-9646;
;;zt-9647;
;;zt-9648;
;;zt-9649;
;;zt-9650;
;;zt-9651;
;;zt-9652;
;;zt-9653;
;;zt-9654;
;;zt-9655;
;;zt-9656;
;;zt-9657;
;;zt-9658;
;;zt-9659;
;;zt-9660;
;;zt-9661;
;;zt-9662;
;;zt-9663;
;;zt-9664;
;;zt-9665;
;;zt-9666;
;;zt-9667;
;;zt-9668;
;;zt-9669;
;;zt-9670;
;;zt-9671;
;;zt-9672;
;;zt-9673;
;;zt-9674;
;;zt-9675;
;;zt-9676;
;;zt-9677;
;;zt-9678;
;;zt-9679;
;;zt-9680;
;;zt-9681;
;;zt-9682;
;;zt-9683;
;;zt-9684;
;;zt-9685;
;;zt-9686;
;;zt-9687;
;;zt-9688;
;;zt-9689;
;;zt-9690;
;;zt-9691;
;;zt-9692;
;;zt-9693;
;;zt-9694;
;;zt-9695;
;;zt-9696;
;;zt-9697;
;;zt-9698;
;;zt-9699;
;;zt-9700;
;;zt-9701;
;;zt-9702;
;;zt-9703;
;;zt-9704;
;;zt-9705;
;;zt-9706;
;;zt-9707;
;;zt-9708;
;;zt-9709;
;;zt-9710;
;;zt-9711;
;;zt-9712;
;;zt-9713;
;;zt-9714;
;;zt-9715;
;;zt-9716;
;;zt-9717;
;;zt-9718;
;;zt-9719;
;;zt-9720;
;;zt-9721;
;;zt-9722;
;;zt-9723;
;;zt-9724;
;;zt-9725;
;;zt-9726;
;;zt-9727;
;;zt-9728;
;;zt-9729;
;;zt-9730;
;;zt-9731;
;;zt-9732;
;;zt-9733;
;;zt-9734;
;;zt-9735;
;;zt-9736;
;;zt-9737;
;;zt-9738;
;;zt-9739;
;;zt-9740;
;;zt-9741;
;;zt-9742;
;;zt-9743;
;;zt-9744;
;;zt-9745;
;;zt-9746;
;;zt-9747;
;;zt-9748;
;;zt-9749;
;;zt-9750;
;;zt-9751;
;;zt-9752;
;;zt-9753;
;;zt-9754;
;;zt-9755;
;;zt-9756;
;;zt-9757;
;;zt-9758;
;;zt-9759;
;;zt-9760;
;;zt-9761;
;;zt-9762;
;;zt-9763;
;;zt-9764;
;;zt-9765;
;;zt-9766;
;;zt-9767;
;;zt-9768;
;;zt-9769;
;;zt-9770;
;;zt-9771;
;;zt-9772;
;;zt-9773;
;;zt-9774;
;;zt-9775;
;;zt-9776;
;;zt-9777;
;;zt-9778;
;;zt-9779;
;;zt-9780;
;;zt-9781;
;;zt-9782;
;;zt-9783;
;;zt-9784;
;;zt-9785;
;;zt-9786;
;;zt-9787;
;;zt-9788;
;;zt-9789;
;;zt-9790;
;;zt-9791;
;;zt-9792;
;;zt-9793;
;;zt-9794;
;;zt-9795;
;;zt-9796;
;;zt-9797;
;;zt-9798;
;;zt-9799;
;;zt-9800;
;;zt-9801;
;;zt-9802;
;;zt-9803;
;;zt-9804;
;;zt-9805;
;;zt-9806;
;;zt-9807;
;;zt-9808;
;;zt-9809;
;;zt-9810;
;;zt-9811;
;;zt-9812;
;;zt-9813;
;;zt-9814;
;;zt-9815;
;;zt-9816;
;;zt-9817;
;;zt-9818;
;;zt-9819;
;;zt-9820;
;;zt-9821;
;;zt-9822;
;;zt-9823;
;;zt-9824;
;;zt-9825;
;;zt-9826;
;;zt-9827;
;;zt-9828;
;;zt-9829;
;;zt-9830;
;;zt-9831;
;;zt-9832;
;;zt-9833;
;;zt-9834;
;;zt-9835;
;;zt-9836;
;;zt-9837;
;;zt-9838;
;;zt-9839;
;;zt-9840;
;;zt-9841;
;;zt-9842;
;;zt-9843;
;;zt-9844;
;;zt-9845;
;;zt-9846;
;;zt-9847;
;;zt-9848;
;;zt-9849;
;;zt-9850;
;;zt-9851;
;;zt-9852;
;;zt-9853;
;;zt-9854;
;;zt-9855;
;;zt-9856;
;;zt-9857;
;;zt-9858;
;;zt-9859;
;;zt-9860;
;;zt-9861;
;;zt-9862;
;;zt-9863;
;;zt-9864;
;;zt-9865;
;;zt-9866;
;;zt-9867;
;;zt-9868;
;;zt-9869;
;;zt-9870;
;;zt-9871;
;;zt-9872;
;;zt-9873;
;;zt-9874;
;;zt-9875;
;;zt-9876;
;;zt-9877;
;;zt-9878;
;;zt-9879;
;;zt-9880;
;;zt-9881;
;;zt-9882;
;;zt-9883;
;;zt-9884;
;;zt-9885;
;;zt-9886;
;;zt-9887;
;;zt-9888;
;;zt-9889;
;;zt-9890;
;;zt-9891;
;;zt-9892;
;;zt-9893;
;;zt-9894;
;;zt-9895;
;;zt-9896;
;;zt-9897;
;;zt-9898;
;;zt-9899;
;;zt-9900;
;;zt-9901;
;;zt-9902;
;;zt-9903;
;;zt-9904;
;;zt-9905;
;;zt-9906;
;;zt-9907;
;;zt-9908;
;;zt-9909;
;;zt-9910;
;;zt-9911;
;;zt-9912;
;;zt-9913;
;;zt-9914;
;;zt-9915;
;;zt-9916;
;;zt-9917;
;;zt-9918;
;;zt-9919;
;;zt-9920;
;;zt-9921;
;;zt-9922;
;;zt-9923;
;;zt-9924;
;;zt-9925;
;;zt-9926;
;;zt-9927;
;;zt-9928;
;;zt-9929;
;;zt-9930;
;;zt-9931;
;;zt-9932;
;;zt-9933;
;;zt-9934;
;;zt-9935;
;;zt-9936;
;;zt-9937;
;;zt-9938;
;;zt-9939;
;;zt-9940;
;;zt-9941;
;;zt-9942;
;;zt-9943;
;;zt-9944;
;;zt-9945;
;;zt-9946;
;;zt-9947;
;;zt-9948;
;;zt-9949;
;;zt-9950;
;;zt-9951;
;;zt-9952;
;;zt-9953;
;;zt-9954;
;;zt-9955;
;;zt-9956;
;;zt-9957;
;;zt-9958;
;;zt-9959;
;;zt-9960;
;;zt-9961;
;;zt-9962;
;;zt-9963;
;;zt-9964;
;;zt-9965;
;;zt-9966;
;;zt-9967;
;;zt-9968;
;;zt-9969;
;;zt-9970;
;;zt-9971;
;;zt-9972;
;;zt-9973;
;;zt-9974;
;;zt-9975;
;;zt-9976;
;;zt-9977;
;;zt-9978;
;;zt-9979;
;;zt-9980;
;;zt-9981;
;;zt-9982;
;;zt-9983;
;;zt-9984;
;;zt-9985;
;;zt-9986;
;;zt-9987;
;;zt-9988;
;;zt-9989;
;;zt-9990;
;;zt-9991;
;;zt-9992;
;;zt-9993;
;;zt-9994;
;;zt-9995;
;;zt-9996;
;;zt-9997;
;;zt-9998;
;;zt-9999;
;;zt-10000;
;;zt-10001;
;;zt-10002;
;;zt-10003;
;;zt-10004;
;;zt-10005;
;;zt-10006;
;;zt-10007;
;;zt-10008;
;;zt-10009;
;;zt-10010;
;;zt-10011;
;;zt-10012;
;;zt-10013;
;;zt-10014;
;;zt-10015;
;;zt-10016;
;;zt-10017;
;;zt-10018;
;;zt-10019;
;;zt-10020;
;;zt-10021;
;;zt-10022;
;;zt-10023;
;;zt-10024;
;;zt-10025;
;;zt-10026;
;;zt-10027;
;;zt-10028;
;;zt-10029;
;;zt-10030;
;;zt-10031;
;;zt-10032;
;;zt-10033;
;;zt-10034;
;;zt-10035;
;;zt-10036;
;;zt-10037;
;;zt-10038;
;;zt-10039;
;;zt-10040;
;;zt-10041;
;;zt-10042;
;;zt-10043;
;;zt-10044;
;;zt-10045;
;;zt-10046;
;;zt-10047;
;;zt-10048;
;;zt-10049;
;;zt-10050;
;;zt-10051;
;;zt-10052;
;;zt-10053;
;;zt-10054;
;;zt-10055;
;;zt-10056;
;;zt-10057;
;;zt-10058;
;;zt-10059;
;;zt-10060;
;;zt-10061;
;;zt-10062;
;;zt-10063;
;;zt-10064;
;;zt-10065;
;;zt-10066;
;;zt-10067;
;;zt-10068;
;;zt-10069;
;;zt-10070;
;;zt-10071;
;;zt-10072;
;;zt-10073;
;;zt-10074;
;;zt-10075;
;;zt-10076;
;;zt-10077;
;;zt-10078;
;;zt-10079;
;;zt-10080;
;;zt-10081;
;;zt-10082;
;;zt-10083;
;;zt-10084;
;;zt-10085;
;;zt-10086;
;;zt-10087;
;;zt-10088;
;;zt-10089;
;;zt-10090;
;;zt-10091;
;;zt-10092;
;;zt-10093;
;;zt-10094;
;;zt-10095;
;;zt-10096;
;;zt-10097;
;;zt-10098;
;;zt-10099;
;;zt-10100;
;;zt-10101;
;;zt-10102;
;;zt-10103;
;;zt-10104;
;;zt-10105;
;;zt-10106;
;;zt-10107;
;;zt-10108;
;;zt-10109;
;;zt-10110;
;;zt-10111;
;;zt-10112;
;;zt-10113;
;;zt-10114;
;;zt-10115;
;;zt-10116;
;;zt-10117;
;;zt-10118;
;;zt-10119;
;;zt-10120;
;;zt-10121;
;;zt-10122;
;;zt-10123;
;;zt-10124;
;;zt-10125;
;;zt-10126;
;;zt-10127;
;;zt-10128;
;;zt-10129;
;;zt-10130;
;;zt-10131;
;;zt-10132;
;;zt-10133;
;;zt-10134;
;;zt-10135;
;;zt-10136;
;;zt-10137;
;;zt-10138;
;;zt-10139;
;;zt-10140;
;;zt-10141;
;;zt-10142;
;;zt-10143;
;;zt-10144;
;;zt-10145;
;;zt-10146;
;;zt-10147;
;;zt-10148;
;;zt-10149;
;;zt-10150;
;;zt-10151;
;;zt-10152;
;;zt-10153;
;;zt-10154;
;;zt-10155;
;;zt-10156;
;;zt-10157;
;;zt-10158;
;;zt-10159;
;;zt-10160;
;;zt-10161;
;;zt-10162;
;;zt-10163;
;;zt-10164;
;;zt-10165;
;;zt-10166;
;;zt-10167;
;;zt-10168;
;;zt-10169;
;;zt-10170;
;;zt-10171;
;;zt-10172;
;;zt-10173;
;;zt-10174;
;;zt-10175;
;;zt-10176;
;;zt-10177;
;;zt-10178;
;;zt-10179;
;;zt-10180;
;;zt-10181;
;;zt-10182;
;;zt-10183;
;;zt-10184;
;;zt-10185;
;;zt-10186;
;;zt-10187;
;;zt-10188;
;;zt-10189;
;;zt-10190;
;;zt-10191;
;;zt-10192;
;;zt-10193;
;;zt-10194;
;;zt-10195;
;;zt-10196;
;;zt-10197;
;;zt-10198;
;;zt-10199;
;;zt-10200;
;;zt-10201;
;;zt-10202;
;;zt-10203;
;;zt-10204;
;;zt-10205;
;;zt-10206;
;;zt-10207;
;;zt-10208;
;;zt-10209;
;;zt-10210;
;;zt-10211;
;;zt-10212;
;;zt-10213;
;;zt-10214;
;;zt-10215;
;;zt-10216;
;;zt-10217;
;;zt-10218;
;;zt-10219;
;;zt-10220;
;;zt-10221;
;;zt-10222;
;;zt-10223;
;;zt-10224;
;;zt-10225;
;;zt-10226;
;;zt-10227;
;;zt-10228;
;;zt-10229;
;;zt-10230;
;;zt-10231;
;;zt-10232;
;;zt-10233;
;;zt-10234;
;;zt-10235;
;;zt-10236;
;;zt-10237;
;;zt-10238;
;;zt-10239;
;;zt-10240;
;;zt-10241;
;;zt-10242;
;;zt-10243;
;;zt-10244;
;;zt-10245;
;;zt-10246;
;;zt-10247;
;;zt-10248;
;;zt-10249;
;;zt-10250;
;;zt-10251;
;;zt-10252;
;;zt-10253;
;;zt-10254;
;;zt-10255;
;;zt-10256;
;;zt-10257;
;;zt-10258;
;;zt-10259;
;;zt-10260;
;;zt-10261;
;;zt-10262;
;;zt-10263;
;;zt-10264;
;;zt-10265;
;;zt-10266;
;;zt-10267;
;;zt-10268;
;;zt-10269;
;;zt-10270;
;;zt-10271;
;;zt-10272;
;;zt-10273;
;;zt-10274;
;;zt-10275;
;;zt-10276;
;;zt-10277;
;;zt-10278;
;;zt-10279;
;;zt-10280;
;;zt-10281;
;;zt-10282;
;;zt-10283;
;;zt-10284;
;;zt-10285;
;;zt-10286;
;;zt-10287;
;;zt-10288;
;;zt-10289;
;;zt-10290;
;;zt-10291;
;;zt-10292;
;;zt-10293;
;;zt-10294;
;;zt-10295;
;;zt-10296;
;;zt-10297;
;;zt-10298;
;;zt-10299;
;;zt-10300;
;;zt-10301;
;;zt-10302;
;;zt-10303;
;;zt-10304;
;;zt-10305;
;;zt-10306;
;;zt-10307;
;;zt-10308;
;;zt-10309;
;;zt-10310;
;;zt-10311;
;;zt-10312;
;;zt-10313;
;;zt-10314;
;;zt-10315;
;;zt-10316;
;;zt-10317;
;;zt-10318;
;;zt-10319;
;;zt-10320;
;;zt-10321;
;;zt-10322;
;;zt-10323;
;;zt-10324;
;;zt-10325;
;;zt-10326;
;;zt-10327;
;;zt-10328;
;;zt-10329;
;;zt-10330;
;;zt-10331;
;;zt-10332;
;;zt-10333;
;;zt-10334;
;;zt-10335;
;;zt-10336;
;;zt-10337;
;;zt-10338;
;;zt-10339;
;;zt-10340;
;;zt-10341;
;;zt-10342;
;;zt-10343;
;;zt-10344;
;;zt-10345;
;;zt-10346;
;;zt-10347;
;;zt-10348;
;;zt-10349;
;;zt-10350;
;;zt-10351;
;;zt-10352;
;;zt-10353;
;;zt-10354;
;;zt-10355;
;;zt-10356;
;;zt-10357;
;;zt-10358;
;;zt-10359;
;;zt-10360;
;;zt-10361;
;;zt-10362;
;;zt-10363;
;;zt-10364;
;;zt-10365;
;;zt-10366;
;;zt-10367;
;;zt-10368;
;;zt-10369;
;;zt-10370;
;;zt-10371;
;;zt-10372;
;;zt-10373;
;;zt-10374;
;;zt-10375;
;;zt-10376;
;;zt-10377;
;;zt-10378;
;;zt-10379;
;;zt-10380;
;;zt-10381;
;;zt-10382;
;;zt-10383;
;;zt-10384;
;;zt-10385;
;;zt-10386;
;;zt-10387;
;;zt-10388;
;;zt-10389;
;;zt-10390;
;;zt-10391;
;;zt-10392;
;;zt-10393;
;;zt-10394;
;;zt-10395;
;;zt-10396;
;;zt-10397;
;;zt-10398;
;;zt-10399;
;;zt-10400;
;;zt-10401;
;;zt-10402;
;;zt-10403;
;;zt-10404;
;;zt-10405;
;;zt-10406;
;;zt-10407;
;;zt-10408;
;;zt-10409;
;;zt-10410;
;;zt-10411;
;;zt-10412;
;;zt-10413;
;;zt-10414;
;;zt-10415;
;;zt-10416;
;;zt-10417;
;;zt-10418;
;;zt-10419;
;;zt-10420;
;;zt-10421;
;;zt-10422;
;;zt-10423;
;;zt-10424;
;;zt-10425;
;;zt-10426;
;;zt-10427;
;;zt-10428;
;;zt-10429;
;;zt-10430;
;;zt-10431;
;;zt-10432;
;;zt-10433;
;;zt-10434;
;;zt-10435;
;;zt-10436;
;;zt-10437;
;;zt-10438;
;;zt-10439;
;;zt-10440;
;;zt-10441;
;;zt-10442;
;;zt-10443;
;;zt-10444;
;;zt-10445;
;;zt-10446;
;;zt-10447;
;;zt-10448;
;;zt-10449;
;;zt-10450;
;;zt-10451;
;;zt-10452;
;;zt-10453;
;;zt-10454;
;;zt-10455;
;;zt-10456;
;;zt-10457;
;;zt-10458;
;;zt-10459;
;;zt-10460;
;;zt-10461;
;;zt-10462;
;;zt-10463;
;;zt-10464;
;;zt-10465;
;;zt-10466;
;;zt-10467;
;;zt-10468;
;;zt-10469;
;;zt-10470;
;;zt-10471;
;;zt-10472;
;;zt-10473;
;;zt-10474;
;;zt-10475;
;;zt-10476;
;;zt-10477;
;;zt-10478;
;;zt-10479;
;;zt-10480;
;;zt-10481;
;;zt-10482;
;;zt-10483;
;;zt-10484;
;;zt-10485;
;;zt-10486;
;;zt-10487;
;;zt-10488;
;;zt-10489;
;;zt-10490;
;;zt-10491;
;;zt-10492;
;;zt-10493;
;;zt-10494;
;;zt-10495;
;;zt-10496;
;;zt-10497;
;;zt-10498;
;;zt-10499;
;;zt-10500;
;;zt-10501;
;;zt-10502;
;;zt-10503;
;;zt-10504;
;;zt-10505;
;;zt-10506;
;;zt-10507;
;;zt-10508;
;;zt-10509;
;;zt-10510;
;;zt-10511;
;;zt-10512;
;;zt-10513;
;;zt-10514;
;;zt-10515;
;;zt-10516;
;;zt-10517;
;;zt-10518;
;;zt-10519;
;;zt-10520;
;;zt-10521;
;;zt-10522;
;;zt-10523;
;;zt-10524;
;;zt-10525;
;;zt-10526;
;;zt-10527;
;;zt-10528;
;;zt-10529;
;;zt-10530;
;;zt-10531;
;;zt-10532;
;;zt-10533;
;;zt-10534;
;;zt-10535;
;;zt-10536;
;;zt-10537;
;;zt-10538;
;;zt-10539;
;;zt-10540;
;;zt-10541;
;;zt-10542;
;;zt-10543;
;;zt-10544;
;;zt-10545;
;;zt-10546;
;;zt-10547;
;;zt-10548;
;;zt-10549;
;;zt-10550;
;;zt-10551;
;;zt-10552;
;;zt-10553;
;;zt-10554;
;;zt-10555;
;;zt-10556;
;;zt-10557;
;;zt-10558;
;;zt-10559;
;;zt-10560;
;;zt-10561;
;;zt-10562;
;;zt-10563;
;;zt-10564;
;;zt-10565;
;;zt-10566;
;;zt-10567;
;;zt-10568;
;;zt-10569;
;;zt-10570;
;;zt-10571;
;;zt-10572;
;;zt-10573;
;;zt-10574;
;;zt-10575;
;;zt-10576;
;;zt-10577;
;;zt-10578;
;;zt-10579;
;;zt-10580;
;;zt-10581;
;;zt-10582;
;;zt-10583;
;;zt-10584;
;;zt-10585;
;;zt-10586;
;;zt-10587;
;;zt-10588;
;;zt-10589;
;;zt-10590;
;;zt-10591;
;;zt-10592;
;;zt-10593;
;;zt-10594;
;;zt-10595;
;;zt-10596;
;;zt-10597;
;;zt-10598;
;;zt-10599;
;;zt-10600;
;;zt-10601;
;;zt-10602;
;;zt-10603;
;;zt-10604;
;;zt-10605;
;;zt-10606;
;;zt-10607;
;;zt-10608;
;;zt-10609;
;;zt-10610;
;;zt-10611;
;;zt-10612;
;;zt-10613;
;;zt-10614;
;;zt-10615;
;;zt-10616;
;;zt-10617;
;;zt-10618;
;;zt-10619;
;;zt-10620;
;;zt-10621;
;;zt-10622;
;;zt-10623;
;;zt-10624;
;;zt-10625;
;;zt-10626;
;;zt-10627;
;;zt-10628;
;;zt-10629;
;;zt-10630;
;;zt-10631;
;;zt-10632;
;;zt-10633;
;;zt-10634;
;;zt-10635;
;;zt-10636;
;;zt-10637;
;;zt-10638;
;;zt-10639;
;;zt-10640;
;;zt-10641;
;;zt-10642;
;;zt-10643;
;;zt-10644;
;;zt-10645;
;;zt-10646;
;;zt-10647;
;;zt-10648;
;;zt-10649;
;;zt-10650;
;;zt-10651;
;;zt-10652;
;;zt-10653;
;;zt-10654;
;;zt-10655;
;;zt-10656;
;;zt-10657;
;;zt-10658;
;;zt-10659;
;;zt-10660;
;;zt-10661;
;;zt-10662;
;;zt-10663;
;;zt-10664;
;;zt-10665;
;;zt-10666;
;;zt-10667;
;;zt-10668;
;;zt-10669;
;;zt-10670;
;;zt-10671;
;;zt-10672;
;;zt-10673;
;;zt-10674;
;;zt-10675;
;;zt-10676;
;;zt-10677;
;;zt-10678;
;;zt-10679;
;;zt-10680;
;;zt-10681;
;;zt-10682;
;;zt-10683;
;;zt-10684;
;;zt-10685;
;;zt-10686;
;;zt-10687;
;;zt-10688;
;;zt-10689;
;;zt-10690;
;;zt-10691;
;;zt-10692;
;;zt-10693;
;;zt-10694;
;;zt-10695;
;;zt-10696;
;;zt-10697;
;;zt-10698;
;;zt-10699;
;;zt-10700;
;;zt-10701;
;;zt-10702;
;;zt-10703;
;;zt-10704;
;;zt-10705;
;;zt-10706;
;;zt-10707;
;;zt-10708;
;;zt-10709;
;;zt-10710;
;;zt-10711;
;;zt-10712;
;;zt-10713;
;;zt-10714;
;;zt-10715;
;;zt-10716;
;;zt-10717;
;;zt-10718;
;;zt-10719;
;;zt-10720;
;;zt-10721;
;;zt-10722;
;;zt-10723;
;;zt-10724;
;;zt-10725;
;;zt-10726;
;;zt-10727;
;;zt-10728;
;;zt-10729;
;;zt-10730;
;;zt-10731;
;;zt-10732;
;;zt-10733;
;;zt-10734;
;;zt-10735;
;;zt-10736;
;;zt-10737;
;;zt-10738;
;;zt-10739;
;;zt-10740;
;;zt-10741;
;;zt-10742;
;;zt-10743;
;;zt-10744;
;;zt-10745;
;;zt-10746;
;;zt-10747;
;;zt-10748;
;;zt-10749;
;;zt-10750;
;;zt-10751;
;;zt-10752;
;;zt-10753;
;;zt-10754;
;;zt-10755;
;;zt-10756;
;;zt-10757;
;;zt-10758;
;;zt-10759;
;;zt-10760;
;;zt-10761;
;;zt-10762;
;;zt-10763;
;;zt-10764;
;;zt-10765;
;;zt-10766;
;;zt-10767;
;;zt-10768;
;;zt-10769;
;;zt-10770;
;;zt-10771;
;;zt-10772;
;;zt-10773;
;;zt-10774;
;;zt-10775;
;;zt-10776;
;;zt-10777;
;;zt-10778;
;;zt-10779;
;;zt-10780;
;;zt-10781;
;;zt-10782;
;;zt-10783;
;;zt-10784;
;;zt-10785;
;;zt-10786;
;;zt-10787;
;;zt-10788;
;;zt-10789;
;;zt-10790;
;;zt-10791;
;;zt-10792;
;;zt-10793;
;;zt-10794;
;;zt-10795;
;;zt-10796;
;;zt-10797;
;;zt-10798;
;;zt-10799;
;;zt-10800;
;;zt-10801;
;;zt-10802;
;;zt-10803;
;;zt-10804;
;;zt-10805;
;;zt-10806;
;;zt-10807;
;;zt-10808;
;;zt-10809;
;;zt-10810;
;;zt-10811;
;;zt-10812;
;;zt-10813;
;;zt-10814;
;;zt-10815;
;;zt-10816;
;;zt-10817;
;;zt-10818;
;;zt-10819;
;;zt-10820;
;;zt-10821;
;;zt-10822;
;;zt-10823;
;;zt-10824;
;;zt-10825;
;;zt-10826;
;;zt-10827;
;;zt-10828;
;;zt-10829;
;;zt-10830;
;;zt-10831;
;;zt-10832;
;;zt-10833;
;;zt-10834;
;;zt-10835;
;;zt-10836;
;;zt-10837;
;;zt-10838;
;;zt-10839;
;;zt-10840;
;;zt-10841;
;;zt-10842;
;;zt-10843;
;;zt-10844;
;;zt-10845;
;;zt-10846;
;;zt-10847;
;;zt-10848;
;;zt-10849;
;;zt-10850;
;;zt-10851;
;;zt-10852;
;;zt-10853;
;;zt-10854;
;;zt-10855;
;;zt-10856;
;;zt-10857;
;;zt-10858;
;;zt-10859;
;;zt-10860;
;;zt-10861;
;;zt-10862;
;;zt-10863;
;;zt-10864;
;;zt-10865;
;;zt-10866;
;;zt-10867;
;;zt-10868;
;;zt-10869;
;;zt-10870;
;;zt-10871;
;;zt-10872;
;;zt-10873;
;;zt-10874;
;;zt-10875;
;;zt-10876;
;;zt-10877;
;;zt-10878;
;;zt-10879;
;;zt-10880;
;;zt-10881;
;;zt-10882;
;;zt-10883;
;;zt-10884;
;;zt-10885;
;;zt-10886;
;;zt-10887;
;;zt-10888;
;;zt-10889;
;;zt-10890;
;;zt-10891;
;;zt-10892;
;;zt-10893;
;;zt-10894;
;;zt-10895;
;;zt-10896;
;;zt-10897;
;;zt-10898;
;;zt-10899;
;;zt-10900;
;;zt-10901;
;;zt-10902;
;;zt-10903;
;;zt-10904;
;;zt-10905;
;;zt-10906;
;;zt-10907;
;;zt-10908;
;;zt-10909;
;;zt-10910;
;;zt-10911;
;;zt-10912;
;;zt-10913;
;;zt-10914;
;;zt-10915;
;;zt-10916;
;;zt-10917;
;;zt-10918;
;;zt-10919;
;;zt-10920;
;;zt-10921;
;;zt-10922;
;;zt-10923;
;;zt-10924;
;;zt-10925;
;;zt-10926;
;;zt-10927;
;;zt-10928;
;;zt-10929;
;;zt-10930;
;;zt-10931;
;;zt-10932;
;;zt-10933;
;;zt-10934;
;;zt-10935;
;;zt-10936;
;;zt-10937;
;;zt-10938;
;;zt-10939;
;;zt-10940;
;;zt-10941;
;;zt-10942;
;;zt-10943;
;;zt-10944;
;;zt-10945;
;;zt-10946;
;;zt-10947;
;;zt-10948;
;;zt-10949;
;;zt-10950;
;;zt-10951;
;;zt-10952;
;;zt-10953;
;;zt-10954;
;;zt-10955;
;;zt-10956;
;;zt-10957;
;;zt-10958;
;;zt-10959;
;;zt-10960;
;;zt-10961;
;;zt-10962;
;;zt-10963;
;;zt-10964;
;;zt-10965;
;;zt-10966;
;;zt-10967;
;;zt-10968;
;;zt-10969;
;;zt-10970;
;;zt-10971;
;;zt-10972;
;;zt-10973;
;;zt-10974;
;;zt-10975;
;;zt-10976;
;;zt-10977;
;;zt-10978;
;;zt-10979;
;;zt-10980;
;;zt-10981;
;;zt-10982;
;;zt-10983;
;;zt-10984;
;;zt-10985;
;;zt-10986;
;;zt-10987;
;;zt-10988;
;;zt-10989;
;;zt-10990;
;;zt-10991;
;;zt-10992;
;;zt-10993;
;;zt-10994;
;;zt-10995;
;;zt-10996;
;;zt-10997;
;;zt-10998;
;;zt-10999;
;;zt-11000;
;;zt-11001;
;;zt-11002;
;;zt-11003;
;;zt-11004;
;;zt-11005;
;;zt-11006;
;;zt-11007;
;;zt-11008;
;;zt-11009;
;;zt-11010;
;;zt-11011;
;;zt-11012;
;;zt-11013;
;;zt-11014;
;;zt-11015;
;;zt-11016;
;;zt-11017;
;;zt-11018;
;;zt-11019;
;;zt-11020;
;;zt-11021;
;;zt-11022;
;;zt-11023;
;;zt-11024;
;;zt-11025;
;;zt-11026;
;;zt-11027;
;;zt-11028;
;;zt-11029;
;;zt-11030;
;;zt-11031;
;;zt-11032;
;;zt-11033;
;;zt-11034;
;;zt-11035;
;;zt-11036;
;;zt-11037;
;;zt-11038;
;;zt-11039;
;;zt-11040;
;;zt-11041;
;;zt-11042;
;;zt-11043;
;;zt-11044;
;;zt-11045;
;;zt-11046;
;;zt-11047;
;;zt-11048;
;;zt-11049;
;;zt-11050;
;;zt-11051;
;;zt-11052;
;;zt-11053;
;;zt-11054;
;;zt-11055;
;;zt-11056;
;;zt-11057;
;;zt-11058;
;;zt-11059;
;;zt-11060;
;;zt-11061;
;;zt-11062;
;;zt-11063;
;;zt-11064;
;;zt-11065;
;;zt-11066;
;;zt-11067;
;;zt-11068;
;;zt-11069;
;;zt-11070;
;;zt-11071;
;;zt-11072;
;;zt-11073;
;;zt-11074;
;;zt-11075;
;;zt-11076;
;;zt-11077;
;;zt-11078;
;;zt-11079;
;;zt-11080;
;;zt-11081;
;;zt-11082;
;;zt-11083;
;;zt-11084;
;;zt-11085;
;;zt-11086;
;;zt-11087;
;;zt-11088;
;;zt-11089;
;;zt-11090;
;;zt-11091;
;;zt-11092;
;;zt-11093;
;;zt-11094;
;;zt-11095;
;;zt-11096;
;;zt-11097;
;;zt-11098;
;;zt-11099;
;;zt-11100;
;;zt-11101;
;;zt-11102;
;;zt-11103;
;;zt-11104;
;;zt-11105;
;;zt-11106;
;;zt-11107;
;;zt-11108;
;;zt-11109;
;;zt-11110;
;;zt-11111;
;;zt-11112;
;;zt-11113;
;;zt-11114;
;;zt-11115;
;;zt-11116;
;;zt-11117;
;;zt-11118;
;;zt-11119;
;;zt-11120;
;;zt-11121;
;;zt-11122;
;;zt-11123;
;;zt-11124;
;;zt-11125;
;;zt-11126;
;;zt-11127;
;;zt-11128;
;;zt-11129;
;;zt-11130;
;;zt-11131;
;;zt-11132;
;;zt-11133;
;;zt-11134;
;;zt-11135;
;;zt-11136;
;;zt-11137;
;;zt-11138;
;;zt-11139;
;;zt-11140;
;;zt-11141;
;;zt-11142;
;;zt-11143;
;;zt-11144;
;;zt-11145;
;;zt-11146;
;;zt-11147;
;;zt-11148;
;;zt-11149;
;;zt-11150;
;;zt-11151;
;;zt-11152;
;;zt-11153;
;;zt-11154;
;;zt-11155;
;;zt-11156;
;;zt-11157;
;;zt-11158;
;;zt-11159;
;;zt-11160;
;;zt-11161;
;;zt-11162;
;;zt-11163;
;;zt-11164;
;;zt-11165;
;;zt-11166;
;;zt-11167;
;;zt-11168;
;;zt-11169;
;;zt-11170;
;;zt-11171;
;;zt-11172;
;;zt-11173;
;;zt-11174;
;;zt-11175;
;;zt-11176;
;;zt-11177;
;;zt-11178;
;;zt-11179;
;;zt-11180;
;;zt-11181;
;;zt-11182;
;;zt-11183;
;;zt-11184;
;;zt-11185;
;;zt-11186;
;;zt-11187;
;;zt-11188;
;;zt-11189;
;;zt-11190;
;;zt-11191;
;;zt-11192;
;;zt-11193;
;;zt-11194;
;;zt-11195;
;;zt-11196;
;;zt-11197;
;;zt-11198;
;;zt-11199;
;;zt-11200;
;;zt-11201;
;;zt-11202;
;;zt-11203;
;;zt-11204;
;;zt-11205;
;;zt-11206;
;;zt-11207;
;;zt-11208;
;;zt-11209;
;;zt-11210;
;;zt-11211;
;;zt-11212;
;;zt-11213;
;;zt-11214;
;;zt-11215;
;;zt-11216;
;;zt-11217;
;;zt-11218;
;;zt-11219;
;;zt-11220;
;;zt-11221;
;;zt-11222;
;;zt-11223;
;;zt-11224;
;;zt-11225;
;;zt-11226;
;;zt-11227;
;;zt-11228;
;;zt-11229;
;;zt-11230;
;;zt-11231;
;;zt-11232;
;;zt-11233;
;;zt-11234;
;;zt-11235;
;;zt-11236;
;;zt-11237;
;;zt-11238;
;;zt-11239;
;;zt-11240;
;;zt-11241;
;;zt-11242;
;;zt-11243;
;;zt-11244;
;;zt-11245;
;;zt-11246;
;;zt-11247;
;;zt-11248;
;;zt-11249;
;;zt-11250;
;;zt-11251;
;;zt-11252;
;;zt-11253;
;;zt-11254;
;;zt-11255;
;;zt-11256;
;;zt-11257;
;;zt-11258;
;;zt-11259;
;;zt-11260;
;;zt-11261;
;;zt-11262;
;;zt-11263;
;;zt-11264;
;;zt-11265;
;;zt-11266;
;;zt-11267;
;;zt-11268;
;;zt-11269;
;;zt-11270;
;;zt-11271;
;;zt-11272;
;;zt-11273;
;;zt-11274;
;;zt-11275;
;;zt-11276;
;;zt-11277;
;;zt-11278;
;;zt-11279;
;;zt-11280;
;;zt-11281;
;;zt-11282;
;;zt-11283;
;;zt-11284;
;;zt-11285;
;;zt-11286;
;;zt-11287;
;;zt-11288;
;;zt-11289;
;;zt-11290;
;;zt-11291;
;;zt-11292;
;;zt-11293;
;;zt-11294;
;;zt-11295;
;;zt-11296;
;;zt-11297;
;;zt-11298;
;;zt-11299;
;;zt-11300;
;;zt-11301;
;;zt-11302;
;;zt-11303;
;;zt-11304;
;;zt-11305;
;;zt-11306;
;;zt-11307;
;;zt-11308;
;;zt-11309;
;;zt-11310;
;;zt-11311;
;;zt-11312;
;;zt-11313;
;;zt-11314;
;;zt-11315;
;;zt-11316;
;;zt-11317;
;;zt-11318;
;;zt-11319;
;;zt-11320;
;;zt-11321;
;;zt-11322;
;;zt-11323;
;;zt-11324;
;;zt-11325;
;;zt-11326;
;;zt-11327;
;;zt-11328;
;;zt-11329;
;;zt-11330;
;;zt-11331;
;;zt-11332;
;;zt-11333;
;;zt-11334;
;;zt-11335;
;;zt-11336;
;;zt-11337;
;;zt-11338;
;;zt-11339;
;;zt-11340;
;;zt-11341;
;;zt-11342;
;;zt-11343;
;;zt-11344;
;;zt-11345;
;;zt-11346;
;;zt-11347;
;;zt-11348;
;;zt-11349;
;;zt-11350;
;;zt-11351;
;;zt-11352;
;;zt-11353;
;;zt-11354;
;;zt-11355;
;;zt-11356;
;;zt-11357;
;;zt-11358;
;;zt-11359;
;;zt-11360;
;;zt-11361;
;;zt-11362;
;;zt-11363;
;;zt-11364;
;;zt-11365;
;;zt-11366;
;;zt-11367;
;;zt-11368;
;;zt-11369;
;;zt-11370;
;;zt-11371;
;;zt-11372;
;;zt-11373;
;;zt-11374;
;;zt-11375;
;;zt-11376;
;;zt-11377;
;;zt-11378;
;;zt-11379;
;;zt-11380;
;;zt-11381;
;;zt-11382;
;;zt-11383;
;;zt-11384;
;;zt-11385;
;;zt-11386;
;;zt-11387;
;;zt-11388;
;;zt-11389;
;;zt-11390;
;;zt-11391;
;;zt-11392;
;;zt-11393;
;;zt-11394;
;;zt-11395;
;;zt-11396;
;;zt-11397;
;;zt-11398;
;;zt-11399;
;;zt-11400;
;;zt-11401;
;;zt-11402;
;;zt-11403;
;;zt-11404;
;;zt-11405;
;;zt-11406;
;;zt-11407;
;;zt-11408;
;;zt-11409;
;;zt-11410;
;;zt-11411;
;;zt-11412;
;;zt-11413;
;;zt-11414;
;;zt-11415;
;;zt-11416;
;;zt-11417;
;;zt-11418;
;;zt-11419;
;;zt-11420;
;;zt-11421;
;;zt-11422;
;;zt-11423;
;;zt-11424;
;;zt-11425;
;;zt-11426;
;;zt-11427;
;;zt-11428;
;;zt-11429;
;;zt-11430;
;;zt-11431;
;;zt-11432;
;;zt-11433;
;;zt-11434;
;;zt-11435;
;;zt-11436;
;;zt-11437;
;;zt-11438;
;;zt-11439;
;;zt-11440;
;;zt-11441;
;;zt-11442;
;;zt-11443;
;;zt-11444;
;;zt-11445;
;;zt-11446;
;;zt-11447;
;;zt-11448;
;;zt-11449;
;;zt-11450;
;;zt-11451;
;;zt-11452;
;;zt-11453;
;;zt-11454;
;;zt-11455;
;;zt-11456;
;;zt-11457;
;;zt-11458;
;;zt-11459;
;;zt-11460;
;;zt-11461;
;;zt-11462;
;;zt-11463;
;;zt-11464;
;;zt-11465;
;;zt-11466;
;;zt-11467;
;;zt-11468;
;;zt-11469;
;;zt-11470;
;;zt-11471;
;;zt-11472;
;;zt-11473;
;;zt-11474;
;;zt-11475;
;;zt-11476;
;;zt-11477;
;;zt-11478;
;;zt-11479;
;;zt-11480;
;;zt-11481;
;;zt-11482;
;;zt-11483;
;;zt-11484;
;;zt-11485;
;;zt-11486;
;;zt-11487;
;;zt-11488;
;;zt-11489;
;;zt-11490;
;;zt-11491;
;;zt-11492;
;;zt-11493;
;;zt-11494;
;;zt-11495;
;;zt-11496;
;;zt-11497;
;;zt-11498;
;;zt-11499;
;;zt-11500;
;;zt-11501;
;;zt-11502;
;;zt-11503;
;;zt-11504;
;;zt-11505;
;;zt-11506;
;;zt-11507;
;;zt-11508;
;;zt-11509;
;;zt-11510;
;;zt-11511;
;;zt-11512;
;;zt-11513;
;;zt-11514;
;;zt-11515;
;;zt-11516;
;;zt-11517;
;;zt-11518;
;;zt-11519;
;;zt-11520;
;;zt-11521;
;;zt-11522;
;;zt-11523;
;;zt-11524;
;;zt-11525;
;;zt-11526;
;;zt-11527;
;;zt-11528;
;;zt-11529;
;;zt-11530;
;;zt-11531;
;;zt-11532;
;;zt-11533;
;;zt-11534;
;;zt-11535;
;;zt-11536;
;;zt-11537;
;;zt-11538;
;;zt-11539;
;;zt-11540;
;;zt-11541;
;;zt-11542;
;;zt-11543;
;;zt-11544;
;;zt-11545;
;;zt-11546;
;;zt-11547;
;;zt-11548;
;;zt-11549;
;;zt-11550;
;;zt-11551;
;;zt-11552;
;;zt-11553;
;;zt-11554;
;;zt-11555;
;;zt-11556;
;;zt-11557;
;;zt-11558;
;;zt-11559;
;;zt-11560;
;;zt-11561;
;;zt-11562;
;;zt-11563;
;;zt-11564;
;;zt-11565;
;;zt-11566;
;;zt-11567;
;;zt-11568;
;;zt-11569;
;;zt-11570;
;;zt-11571;
;;zt-11572;
;;zt-11573;
;;zt-11574;
;;zt-11575;
;;zt-11576;
;;zt-11577;
;;zt-11578;
;;zt-11579;
;;zt-11580;
;;zt-11581;
;;zt-11582;
;;zt-11583;
;;zt-11584;
;;zt-11585;
;;zt-11586;
;;zt-11587;
;;zt-11588;
;;zt-11589;
;;zt-11590;
;;zt-11591;
;;zt-11592;
;;zt-11593;
;;zt-11594;
;;zt-11595;
;;zt-11596;
;;zt-11597;
;;zt-11598;
;;zt-11599;
;;zt-11600;
;;zt-11601;
;;zt-11602;
;;zt-11603;
;;zt-11604;
;;zt-11605;
;;zt-11606;
;;zt-11607;
;;zt-11608;
;;zt-11609;
;;zt-11610;
;;zt-11611;
;;zt-11612;
;;zt-11613;
;;zt-11614;
;;zt-11615;
;;zt-11616;
;;zt-11617;
;;zt-11618;
;;zt-11619;
;;zt-11620;
;;zt-11621;
;;zt-11622;
;;zt-11623;
;;zt-11624;
;;zt-11625;
;;zt-11626;
;;zt-11627;
;;zt-11628;
;;zt-11629;
;;zt-11630;
;;zt-11631;
;;zt-11632;
;;zt-11633;
;;zt-11634;
;;zt-11635;
;;zt-11636;
;;zt-11637;
;;zt-11638;
;;zt-11639;
;;zt-11640;
;;zt-11641;
;;zt-11642;
;;zt-11643;
;;zt-11644;
;;zt-11645;
;;zt-11646;
;;zt-11647;
;;zt-11648;
;;zt-11649;
;;zt-11650;
;;zt-11651;
;;zt-11652;
;;zt-11653;
;;zt-11654;
;;zt-11655;
;;zt-11656;
;;zt-11657;
;;zt-11658;
;;zt-11659;
;;zt-11660;
;;zt-11661;
;;zt-11662;
;;zt-11663;
;;zt-11664;
;;zt-11665;
;;zt-11666;
;;zt-11667;
;;zt-11668;
;;zt-11669;
;;zt-11670;
;;zt-11671;
;;zt-11672;
;;zt-11673;
;;zt-11674;
;;zt-11675;
;;zt-11676;
;;zt-11677;
;;zt-11678;
;;zt-11679;
;;zt-11680;
;;zt-11681;
;;zt-11682;
;;zt-11683;
;;zt-11684;
;;zt-11685;
;;zt-11686;
;;zt-11687;
;;zt-11688;
;;zt-11689;
;;zt-11690;
;;zt-11691;
;;zt-11692;
;;zt-11693;
;;zt-11694;
;;zt-11695;
;;zt-11696;
;;zt-11697;
;;zt-11698;
;;zt-11699;
;;zt-11700;
;;zt-11701;
;;zt-11702;
;;zt-11703;
;;zt-11704;
;;zt-11705;
;;zt-11706;
;;zt-11707;
;;zt-11708;
;;zt-11709;
;;zt-11710;
;;zt-11711;
;;zt-11712;
;;zt-11713;
;;zt-11714;
;;zt-11715;
;;zt-11716;
;;zt-11717;
;;zt-11718;
;;zt-11719;
;;zt-11720;
;;zt-11721;
;;zt-11722;
;;zt-11723;
;;zt-11724;
;;zt-11725;
;;zt-11726;
;;zt-11727;
;;zt-11728;
;;zt-11729;
;;zt-11730;
;;zt-11731;
;;zt-11732;
;;zt-11733;
;;zt-11734;
;;zt-11735;
;;zt-11736;
;;zt-11737;
;;zt-11738;
;;zt-11739;
;;zt-11740;
;;zt-11741;
;;zt-11742;
;;zt-11743;
;;zt-11744;
;;zt-11745;
;;zt-11746;
;;zt-11747;
;;zt-11748;
;;zt-11749;
;;zt-11750;
;;zt-11751;
;;zt-11752;
;;zt-11753;
;;zt-11754;
;;zt-11755;
;;zt-11756;
;;zt-11757;
;;zt-11758;
;;zt-11759;
;;zt-11760;
;;zt-11761;
;;zt-11762;
;;zt-11763;
;;zt-11764;
;;zt-11765;
;;zt-11766;
;;zt-11767;
;;zt-11768;
;;zt-11769;
;;zt-11770;
;;zt-11771;
;;zt-11772;
;;zt-11773;
;;zt-11774;
;;zt-11775;
;;zt-11776;
;;zt-11777;
;;zt-11778;
;;zt-11779;
;;zt-11780;
;;zt-11781;
;;zt-11782;
;;zt-11783;
;;zt-11784;
;;zt-11785;
;;zt-11786;
;;zt-11787;
;;zt-11788;
;;zt-11789;
;;zt-11790;
;;zt-11791;
;;zt-11792;
;;zt-11793;
;;zt-11794;
;;zt-11795;
;;zt-11796;
;;zt-11797;
;;zt-11798;
;;zt-11799;
;;zt-11800;
;;zt-11801;
;;zt-11802;
;;zt-11803;
;;zt-11804;
;;zt-11805;
;;zt-11806;
;;zt-11807;
;;zt-11808;
;;zt-11809;
;;zt-11810;
;;zt-11811;
;;zt-11812;
;;zt-11813;
;;zt-11814;
;;zt-11815;
;;zt-11816;
;;zt-11817;
;;zt-11818;
;;zt-11819;
;;zt-11820;
;;zt-11821;
;;zt-11822;
;;zt-11823;
;;zt-11824;
;;zt-11825;
;;zt-11826;
;;zt-11827;
;;zt-11828;
;;zt-11829;
;;zt-11830;
;;zt-11831;
;;zt-11832;
;;zt-11833;
;;zt-11834;
;;zt-11835;
;;zt-11836;
;;zt-11837;
;;zt-11838;
;;zt-11839;
;;zt-11840;
;;zt-11841;
;;zt-11842;
;;zt-11843;
;;zt-11844;
;;zt-11845;
;;zt-11846;
;;zt-11847;
;;zt-11848;
;;zt-11849;
;;zt-11850;
;;zt-11851;
;;zt-11852;
;;zt-11853;
;;zt-11854;
;;zt-11855;
;;zt-11856;
;;zt-11857;
;;zt-11858;
;;zt-11859;
;;zt-11860;
;;zt-11861;
;;zt-11862;
;;zt-11863;
;;zt-11864;
;;zt-11865;
;;zt-11866;
;;zt-11867;
;;zt-11868;
;;zt-11869;
;;zt-11870;
;;zt-11871;
;;zt-11872;
;;zt-11873;
;;zt-11874;
;;zt-11875;
;;zt-11876;
;;zt-11877;
;;zt-11878;
;;zt-11879;
;;zt-11880;
;;zt-11881;
;;zt-11882;
;;zt-11883;
;;zt-11884;
;;zt-11885;
;;zt-11886;
;;zt-11887;
;;zt-11888;
;;zt-11889;
;;zt-11890;
;;zt-11891;
;;zt-11892;
;;zt-11893;
;;zt-11894;
;;zt-11895;
;;zt-11896;
;;zt-11897;
;;zt-11898;
;;zt-11899;
;;zt-11900;
;;zt-11901;
;;zt-11902;
;;zt-11903;
;;zt-11904;
;;zt-11905;
;;zt-11906;
;;zt-11907;
;;zt-11908;
;;zt-11909;
;;zt-11910;
;;zt-11911;
;;zt-11912;
;;zt-11913;
;;zt-11914;
;;zt-11915;
;;zt-11916;
;;zt-11917;
;;zt-11918;
;;zt-11919;
;;zt-11920;
;;zt-11921;
;;zt-11922;
;;zt-11923;
;;zt-11924;
;;zt-11925;
;;zt-11926;
;;zt-11927;
;;zt-11928;
;;zt-11929;
;;zt-11930;
;;zt-11931;
;;zt-11932;
;;zt-11933;
;;zt-11934;
;;zt-11935;
;;zt-11936;
;;zt-11937;
;;zt-11938;
;;zt-11939;
;;zt-11940;
;;zt-11941;
;;zt-11942;
;;zt-11943;
;;zt-11944;
;;zt-11945;
;;zt-11946;
;;zt-11947;
;;zt-11948;
;;zt-11949;
;;zt-11950;
;;zt-11951;
;;zt-11952;
;;zt-11953;
;;zt-11954;
;;zt-11955;
;;zt-11956;
;;zt-11957;
;;zt-11958;
;;zt-11959;
;;zt-11960;
;;zt-11961;
;;zt-11962;
;;zt-11963;
;;zt-11964;
;;zt-11965;
;;zt-11966;
;;zt-11967;
;;zt-11968;
;;zt-11969;
;;zt-11970;
;;zt-11971;
;;zt-11972;
;;zt-11973;
;;zt-11974;
;;zt-11975;
;;zt-11976;
;;zt-11977;
;;zt-11978;
;;zt-11979;
;;zt-11980;
;;zt-11981;
;;zt-11982;
;;zt-11983;
;;zt-11984;
;;zt-11985;
;;zt-11986;
;;zt-11987;
;;zt-11988;
;;zt-11989;
;;zt-11990;
;;zt-11991;
;;zt-11992;
;;zt-11993;
;;zt-11994;
;;zt-11995;
;;zt-11996;
;;zt-11997;
;;zt-11998;
;;zt-11999;
;;zt-12000;
;;zt-12001;
;;zt-12002;
;;zt-12003;
;;zt-12004;
;;zt-12005;
;;zt-12006;
;;zt-12007;
;;zt-12008;
;;zt-12009;
;;zt-12010;
;;zt-12011;
;;zt-12012;
;;zt-12013;
;;zt-12014;
;;zt-12015;
;;zt-12016;
;;zt-12017;
;;zt-12018;
;;zt-12019;
;;zt-12020;
;;zt-12021;
;;zt-12022;
;;zt-12023;
;;zt-12024;
;;zt-12025;
;;zt-12026;
;;zt-12027;
;;zt-12028;
;;zt-12029;
;;zt-12030;
;;zt-12031;
;;zt-12032;
;;zt-12033;
;;zt-12034;
;;zt-12035;
;;zt-12036;
;;zt-12037;
;;zt-12038;
;;zt-12039;
;;zt-12040;
;;zt-12041;
;;zt-12042;
;;zt-12043;
;;zt-12044;
;;zt-12045;
;;zt-12046;
;;zt-12047;
;;zt-12048;
;;zt-12049;
;;zt-12050;
;;zt-12051;
;;zt-12052;
;;zt-12053;
;;zt-12054;
;;zt-12055;
;;zt-12056;
;;zt-12057;
;;zt-12058;
;;zt-12059;
;;zt-12060;
;;zt-12061;
;;zt-12062;
;;zt-12063;
;;zt-12064;
;;zt-12065;
;;zt-12066;
;;zt-12067;
;;zt-12068;
;;zt-12069;
;;zt-12070;
;;zt-12071;
;;zt-12072;
;;zt-12073;
;;zt-12074;
;;zt-12075;
;;zt-12076;
;;zt-12077;
;;zt-12078;
;;zt-12079;
;;zt-12080;
;;zt-12081;
;;zt-12082;
;;zt-12083;
;;zt-12084;
;;zt-12085;
;;zt-12086;
;;zt-12087;
;;zt-12088;
;;zt-12089;
;;zt-12090;
;;zt-12091;
;;zt-12092;
;;zt-12093;
;;zt-12094;
;;zt-12095;
;;zt-12096;
;;zt-12097;
;;zt-12098;
;;zt-12099;
;;zt-12100;
;;zt-12101;
;;zt-12102;
;;zt-12103;
;;zt-12104;
;;zt-12105;
;;zt-12106;
;;zt-12107;
;;zt-12108;
;;zt-12109;
;;zt-12110;
;;zt-12111;
;;zt-12112;
;;zt-12113;
;;zt-12114;
;;zt-12115;
;;zt-12116;
;;zt-12117;
;;zt-12118;
;;zt-12119;
;;zt-12120;
;;zt-12121;
;;zt-12122;
;;zt-12123;
;;zt-12124;
;;zt-12125;
;;zt-12126;
;;zt-12127;
;;zt-12128;
;;zt-12129;
;;zt-12130;
;;zt-12131;
;;zt-12132;
;;zt-12133;
;;zt-12134;
;;zt-12135;
;;zt-12136;
;;zt-12137;
;;zt-12138;
;;zt-12139;
;;zt-12140;
;;zt-12141;
;;zt-12142;
;;zt-12143;
;;zt-12144;
;;zt-12145;
;;zt-12146;
;;zt-12147;
;;zt-12148;
;;zt-12149;
;;zt-12150;
;;zt-12151;
;;zt-12152;
;;zt-12153;
;;zt-12154;
;;zt-12155;
;;zt-12156;
;;zt-12157;
;;zt-12158;
;;zt-12159;
;;zt-12160;
;;zt-12161;
;;zt-12162;
;;zt-12163;
;;zt-12164;
;;zt-12165;
;;zt-12166;
;;zt-12167;
;;zt-12168;
;;zt-12169;
;;zt-12170;
;;zt-12171;
;;zt-12172;
;;zt-12173;
;;zt-12174;
;;zt-12175;
;;zt-12176;
;;zt-12177;
;;zt-12178;
;;zt-12179;
;;zt-12180;
;;zt-12181;
;;zt-12182;
;;zt-12183;
;;zt-12184;
;;zt-12185;
;;zt-12186;
;;zt-12187;
;;zt-12188;
;;zt-12189;
;;zt-12190;
;;zt-12191;
;;zt-12192;
;;zt-12193;
;;zt-12194;
;;zt-12195;
;;zt-12196;
;;zt-12197;
;;zt-12198;
;;zt-12199;
;;zt-12200;
;;zt-12201;
;;zt-12202;
;;zt-12203;
;;zt-12204;
;;zt-12205;
;;zt-12206;
;;zt-12207;
;;zt-12208;
;;zt-12209;
;;zt-12210;
;;zt-12211;
;;zt-12212;
;;zt-12213;
;;zt-12214;
;;zt-12215;
;;zt-12216;
;;zt-12217;
;;zt-12218;
;;zt-12219;
;;zt-12220;
;;zt-12221;
;;zt-12222;
;;zt-12223;
;;zt-12224;
;;zt-12225;
;;zt-12226;
;;zt-12227;
;;zt-12228;
;;zt-12229;
;;zt-12230;
;;zt-12231;
;;zt-12232;
;;zt-12233;
;;zt-12234;
;;zt-12235;
;;zt-12236;
;;zt-12237;
;;zt-12238;
;;zt-12239;
;;zt-12240;
;;zt-12241;
;;zt-12242;
;;zt-12243;
;;zt-12244;
;;zt-12245;
;;zt-12246;
;;zt-12247;
;;zt-12248;
;;zt-12249;
;;zt-12250;
;;zt-12251;
;;zt-12252;
;;zt-12253;
;;zt-12254;
;;zt-12255;
;;zt-12256;
;;zt-12257;
;;zt-12258;
;;zt-12259;
;;zt-12260;
;;zt-12261;
;;zt-12262;
;;zt-12263;
;;zt-12264;
;;zt-12265;
;;zt-12266;
;;zt-12267;
;;zt-12268;
;;zt-12269;
;;zt-12270;
;;zt-12271;
;;zt-12272;
;;zt-12273;
;;zt-12274;
;;zt-12275;
;;zt-12276;
;;zt-12277;
;;zt-12278;
;;zt-12279;
;;zt-12280;
;;zt-12281;
;;zt-12282;
;;zt-12283;
;;zt-12284;
;;zt-12285;
;;zt-12286;
;;zt-12287;
;;zt-12288;
;;zt-12289;
;;zt-12290;
;;zt-12291;
;;zt-12292;
;;zt-12293;
;;zt-12294;
;;zt-12295;
;;zt-12296;
;;zt-12297;
;;zt-12298;
;;zt-12299;
;;zt-12300;
;;zt-12301;
;;zt-12302;
;;zt-12303;
;;zt-12304;
;;zt-12305;
;;zt-12306;
;;zt-12307;
;;zt-12308;
;;zt-12309;
;;zt-12310;
;;zt-12311;
;;zt-12312;
;;zt-12313;
;;zt-12314;
;;zt-12315;
;;zt-12316;
;;zt-12317;
;;zt-12318;
;;zt-12319;
;;zt-12320;
;;zt-12321;
;;zt-12322;
;;zt-12323;
;;zt-12324;
;;zt-12325;
;;zt-12326;
;;zt-12327;
;;zt-12328;
;;zt-12329;
;;zt-12330;
;;zt-12331;
;;zt-12332;
;;zt-12333;
;;zt-12334;
;;zt-12335;
;;zt-12336;
;;zt-12337;
;;zt-12338;
;;zt-12339;
;;zt-12340;
;;zt-12341;
;;zt-12342;
;;zt-12343;
;;zt-12344;
;;zt-12345;
;;zt-12346;
;;zt-12347;
;;zt-12348;
;;zt-12349;
;;zt-12350;
;;zt-12351;
;;zt-12352;
;;zt-12353;
;;zt-12354;
;;zt-12355;
;;zt-12356;
;;zt-12357;
;;zt-12358;
;;zt-12359;
;;zt-12360;
;;zt-12361;
;;zt-12362;
;;zt-12363;
;;zt-12364;
;;zt-12365;
;;zt-12366;
;;zt-12367;
;;zt-12368;
;;zt-12369;
;;zt-12370;
;;zt-12371;
;;zt-12372;
;;zt-12373;
;;zt-12374;
;;zt-12375;
;;zt-12376;
;;zt-12377;
;;zt-12378;
;;zt-12379;
;;zt-12380;
;;zt-12381;
;;zt-12382;
;;zt-12383;
;;zt-12384;
;;zt-12385;
;;zt-12386;
;;zt-12387;
;;zt-12388;
;;zt-12389;
;;zt-12390;
;;zt-12391;
;;zt-12392;
;;zt-12393;
;;zt-12394;
;;zt-12395;
;;zt-12396;
;;zt-12397;
;;zt-12398;
;;zt-12399;
;;zt-12400;
;;zt-12401;
;;zt-12402;
;;zt-12403;
;;zt-12404;
;;zt-12405;
;;zt-12406;
;;zt-12407;
;;zt-12408;
;;zt-12409;
;;zt-12410;
;;zt-12411;
;;zt-12412;
;;zt-12413;
;;zt-12414;
;;zt-12415;
;;zt-12416;
;;zt-12417;
;;zt-12418;
;;zt-12419;
;;zt-12420;
;;zt-12421;
;;zt-12422;
;;zt-12423;
;;zt-12424;
;;zt-12425;
;;zt-12426;
;;zt-12427;
;;zt-12428;
;;zt-12429;
;;zt-12430;
;;zt-12431;
;;zt-12432;
;;zt-12433;
;;zt-12434;
;;zt-12435;
;;zt-12436;
;;zt-12437;
;;zt-12438;
;;zt-12439;
;;zt-12440;
;;zt-12441;
;;zt-12442;
;;zt-12443;
;;zt-12444;
;;zt-12445;
;;zt-12446;
;;zt-12447;
;;zt-12448;
;;zt-12449;
;;zt-12450;
;;zt-12451;
;;zt-12452;
;;zt-12453;
;;zt-12454;
;;zt-12455;
;;zt-12456;
;;zt-12457;
;;zt-12458;
;;zt-12459;
;;zt-12460;
;;zt-12461;
;;zt-12462;
;;zt-12463;
;;zt-12464;
;;zt-12465;
;;zt-12466;
;;zt-12467;
;;zt-12468;
;;zt-12469;
;;zt-12470;
;;zt-12471;
;;zt-12472;
;;zt-12473;
;;zt-12474;
;;zt-12475;
;;zt-12476;
;;zt-12477;
;;zt-12478;
;;zt-12479;
;;zt-12480;
;;zt-12481;
;;zt-12482;
;;zt-12483;
;;zt-12484;
;;zt-12485;
;;zt-12486;
;;zt-12487;
;;zt-12488;
;;zt-12489;
;;zt-12490;
;;zt-12491;
;;zt-12492;
;;zt-12493;
;;zt-12494;
;;zt-12495;
;;zt-12496;
;;zt-12497;
;;zt-12498;
;;zt-12499;
;;zt-12500;
;;zt-12501;
;;zt-12502;
;;zt-12503;
;;zt-12504;
;;zt-12505;
;;zt-12506;
;;zt-12507;
;;zt-12508;
;;zt-12509;
;;zt-12510;
;;zt-12511;
;;zt-12512;
;;zt-12513;
;;zt-12514;
;;zt-12515;
;;zt-12516;
;;zt-12517;
;;zt-12518;
;;zt-12519;
;;zt-12520;
;;zt-12521;
;;zt-12522;
;;zt-12523;
;;zt-12524;
;;zt-12525;
;;zt-12526;
;;zt-12527;
;;zt-12528;
;;zt-12529;
;;zt-12530;
;;zt-12531;
;;zt-12532;
;;zt-12533;
;;zt-12534;
;;zt-12535;
;;zt-12536;
;;zt-12537;
;;zt-12538;
;;zt-12539;
;;zt-12540;
;;zt-12541;
;;zt-12542;
;;zt-12543;
;;zt-12544;
;;zt-12545;
;;zt-12546;
;;zt-12547;
;;zt-12548;
;;zt-12549;
;;zt-12550;
;;zt-12551;
;;zt-12552;
;;zt-12553;
;;zt-12554;
;;zt-12555;
;;zt-12556;
;;zt-12557;
;;zt-12558;
;;zt-12559;
;;zt-12560;
;;zt-12561;
;;zt-12562;
;;zt-12563;
;;zt-12564;
;;zt-12565;
;;zt-12566;
;;zt-12567;
;;zt-12568;
;;zt-12569;
;;zt-12570;
;;zt-12571;
;;zt-12572;
;;zt-12573;
;;zt-12574;
;;zt-12575;
;;zt-12576;
;;zt-12577;
;;zt-12578;
;;zt-12579;
;;zt-12580;
;;zt-12581;
;;zt-12582;
;;zt-12583;
;;zt-12584;
;;zt-12585;
;;zt-12586;
;;zt-12587;
;;zt-12588;
;;zt-12589;
;;zt-12590;
;;zt-12591;
;;zt-12592;
;;zt-12593;
;;zt-12594;
;;zt-12595;
;;zt-12596;
;;zt-12597;
;;zt-12598;
;;zt-12599;
;;zt-12600;
;;zt-12601;
;;zt-12602;
;;zt-12603;
;;zt-12604;
;;zt-12605;
;;zt-12606;
;;zt-12607;
;;zt-12608;
;;zt-12609;
;;zt-12610;
;;zt-12611;
;;zt-12612;
;;zt-12613;
;;zt-12614;
;;zt-12615;
;;zt-12616;
;;zt-12617;
;;zt-12618;
;;zt-12619;
;;zt-12620;
;;zt-12621;
;;zt-12622;
;;zt-12623;
;;zt-12624;
;;zt-12625;
;;zt-12626;
;;zt-12627;
;;zt-12628;
;;zt-12629;
;;zt-12630;
;;zt-12631;
;;zt-12632;
;;zt-12633;
;;zt-12634;
;;zt-12635;
;;zt-12636;
;;zt-12637;
;;zt-12638;
;;zt-12639;
;;zt-12640;
;;zt-12641;
;;zt-12642;
;;zt-12643;
;;zt-12644;
;;zt-12645;
;;zt-12646;
;;zt-12647;
;;zt-12648;
;;zt-12649;
;;zt-12650;
;;zt-12651;
;;zt-12652;
;;zt-12653;
;;zt-12654;
;;zt-12655;
;;zt-12656;
;;zt-12657;
;;zt-12658;
;;zt-12659;
;;zt-12660;
;;zt-12661;
;;zt-12662;
;;zt-12663;
;;zt-12664;
;;zt-12665;
;;zt-12666;
;;zt-12667;
;;zt-12668;
;;zt-12669;
;;zt-12670;
;;zt-12671;
;;zt-12672;
;;zt-12673;
;;zt-12674;
;;zt-12675;
;;zt-12676;
;;zt-12677;
;;zt-12678;
;;zt-12679;
;;zt-12680;
;;zt-12681;
;;zt-12682;
;;zt-12683;
;;zt-12684;
;;zt-12685;
;;zt-12686;
;;zt-12687;
;;zt-12688;
;;zt-12689;
;;zt-12690;
;;zt-12691;
;;zt-12692;
;;zt-12693;
;;zt-12694;
;;zt-12695;
;;zt-12696;
;;zt-12697;
;;zt-12698;
;;zt-12699;
;;zt-12700;
;;zt-12701;
;;zt-12702;
;;zt-12703;
;;zt-12704;
;;zt-12705;
;;zt-12706;
;;zt-12707;
;;zt-12708;
;;zt-12709;
;;zt-12710;
;;zt-12711;
;;zt-12712;
;;zt-12713;
;;zt-12714;
;;zt-12715;
;;zt-12716;
;;zt-12717;
;;zt-12718;
;;zt-12719;
;;zt-12720;
;;zt-12721;
;;zt-12722;
;;zt-12723;
;;zt-12724;
;;zt-12725;
;;zt-12726;
;;zt-12727;
;;zt-12728;
;;zt-12729;
;;zt-12730;
;;zt-12731;
;;zt-12732;
;;zt-12733;
;;zt-12734;
;;zt-12735;
;;zt-12736;
;;zt-12737;
;;zt-12738;
;;zt-12739;
;;zt-12740;
;;zt-12741;
;;zt-12742;
;;zt-12743;
;;zt-12744;
;;zt-12745;
;;zt-12746;
;;zt-12747;
;;zt-12748;
;;zt-12749;
;;zt-12750;
;;zt-12751;
;;zt-12752;
;;zt-12753;
;;zt-12754;
;;zt-12755;
;;zt-12756;
;;zt-12757;
;;zt-12758;
;;zt-12759;
;;zt-12760;
;;zt-12761;
;;zt-12762;
;;zt-12763;
;;zt-12764;
;;zt-12765;
;;zt-12766;
;;zt-12767;
;;zt-12768;
;;zt-12769;
;;zt-12770;
;;zt-12771;
;;zt-12772;
;;zt-12773;
;;zt-12774;
;;zt-12775;
;;zt-12776;
;;zt-12777;
;;zt-12778;
;;zt-12779;
;;zt-12780;
;;zt-12781;
;;zt-12782;
;;zt-12783;
;;zt-12784;
;;zt-12785;
;;zt-12786;
;;zt-12787;
;;zt-12788;
;;zt-12789;
;;zt-12790;
;;zt-12791;
;;zt-12792;
;;zt-12793;
;;zt-12794;
;;zt-12795;
;;zt-12796;
;;zt-12797;
;;zt-12798;
;;zt-12799;
;;zt-12800;
;;zt-12801;
;;zt-12802;
;;zt-12803;
;;zt-12804;
;;zt-12805;
;;zt-12806;
;;zt-12807;
;;zt-12808;
;;zt-12809;
;;zt-12810;
;;zt-12811;
;;zt-12812;
;;zt-12813;
;;zt-12814;
;;zt-12815;
;;zt-12816;
;;zt-12817;
;;zt-12818;
;;zt-12819;
;;zt-12820;
;;zt-12821;
;;zt-12822;
;;zt-12823;
;;zt-12824;
;;zt-12825;
;;zt-12826;
;;zt-12827;
;;zt-12828;
;;zt-12829;
;;zt-12830;
;;zt-12831;
;;zt-12832;
;;zt-12833;
;;zt-12834;
;;zt-12835;
;;zt-12836;
;;zt-12837;
;;zt-12838;
;;zt-12839;
;;zt-12840;
;;zt-12841;
;;zt-12842;
;;zt-12843;
;;zt-12844;
;;zt-12845;
;;zt-12846;
;;zt-12847;
;;zt-12848;
;;zt-12849;
;;zt-12850;
;;zt-12851;
;;zt-12852;
;;zt-12853;
;;zt-12854;
;;zt-12855;
;;zt-12856;
;;zt-12857;
;;zt-12858;
;;zt-12859;
;;zt-12860;
;;zt-12861;
;;zt-12862;
;;zt-12863;
;;zt-12864;
;;zt-12865;
;;zt-12866;
;;zt-12867;
;;zt-12868;
;;zt-12869;
;;zt-12870;
;;zt-12871;
;;zt-12872;
;;zt-12873;
;;zt-12874;
;;zt-12875;
;;zt-12876;
;;zt-12877;
;;zt-12878;
;;zt-12879;
;;zt-12880;
;;zt-12881;
;;zt-12882;
;;zt-12883;
;;zt-12884;
;;zt-12885;
;;zt-12886;
;;zt-12887;
;;zt-12888;
;;zt-12889;
;;zt-12890;
;;zt-12891;
;;zt-12892;
;;zt-12893;
;;zt-12894;
;;zt-12895;
;;zt-12896;
;;zt-12897;
;;zt-12898;
;;zt-12899;
;;zt-12900;
;;zt-12901;
;;zt-12902;
;;zt-12903;
;;zt-12904;
;;zt-12905;
;;zt-12906;
;;zt-12907;
;;zt-12908;
;;zt-12909;
;;zt-12910;
;;zt-12911;
;;zt-12912;
;;zt-12913;
;;zt-12914;
;;zt-12915;
;;zt-12916;
;;zt-12917;
;;zt-12918;
;;zt-12919;
;;zt-12920;
;;zt-12921;
;;zt-12922;
;;zt-12923;
;;zt-12924;
;;zt-12925;
;;zt-12926;
;;zt-12927;
;;zt-12928;
;;zt-12929;
;;zt-12930;
;;zt-12931;
;;zt-12932;
;;zt-12933;
;;zt-12934;
;;zt-12935;
;;zt-12936;
;;zt-12937;
;;zt-12938;
;;zt-12939;
;;zt-12940;
;;zt-12941;
;;zt-12942;
;;zt-12943;
;;zt-12944;
;;zt-12945;
;;zt-12946;
;;zt-12947;
;;zt-12948;
;;zt-12949;
;;zt-12950;
;;zt-12951;
;;zt-12952;
;;zt-12953;
;;zt-12954;
;;zt-12955;
;;zt-12956;
;;zt-12957;
;;zt-12958;
;;zt-12959;
;;zt-12960;
;;zt-12961;
;;zt-12962;
;;zt-12963;
;;zt-12964;
;;zt-12965;
;;zt-12966;
;;zt-12967;
;;zt-12968;
;;zt-12969;
;;zt-12970;
;;zt-12971;
;;zt-12972;
;;zt-12973;
;;zt-12974;
;;zt-12975;
;;zt-12976;
;;zt-12977;
;;zt-12978;
;;zt-12979;
;;zt-12980;
;;zt-12981;
;;zt-12982;
;;zt-12983;
;;zt-12984;
;;zt-12985;
;;zt-12986;
;;zt-12987;
;;zt-12988;
;;zt-12989;
;;zt-12990;
;;zt-12991;
;;zt-12992;
;;zt-12993;
;;zt-12994;
;;zt-12995;
;;zt-12996;
;;zt-12997;
;;zt-12998;
;;zt-12999;
;;zt-13000;
;;zt-13001;
;;zt-13002;
;;zt-13003;
;;zt-13004;
;;zt-13005;
;;zt-13006;
;;zt-13007;
;;zt-13008;
;;zt-13009;
;;zt-13010;
;;zt-13011;
;;zt-13012;
;;zt-13013;
;;zt-13014;
;;zt-13015;
;;zt-13016;
;;zt-13017;
;;zt-13018;
;;zt-13019;
;;zt-13020;
;;zt-13021;
;;zt-13022;
;;zt-13023;
;;zt-13024;
;;zt-13025;
;;zt-13026;
;;zt-13027;
;;zt-13028;
;;zt-13029;
;;zt-13030;
;;zt-13031;
;;zt-13032;
;;zt-13033;
;;zt-13034;
;;zt-13035;
;;zt-13036;
;;zt-13037;
;;zt-13038;
;;zt-13039;
;;zt-13040;
;;zt-13041;
;;zt-13042;
;;zt-13043;
;;zt-13044;
;;zt-13045;
;;zt-13046;
;;zt-13047;
;;zt-13048;
;;zt-13049;
;;zt-13050;
;;zt-13051;
;;zt-13052;
;;zt-13053;
;;zt-13054;
;;zt-13055;
;;zt-13056;
;;zt-13057;
;;zt-13058;
;;zt-13059;
;;zt-13060;
;;zt-13061;
;;zt-13062;
;;zt-13063;
;;zt-13064;
;;zt-13065;
;;zt-13066;
;;zt-13067;
;;zt-13068;
;;zt-13069;
;;zt-13070;
;;zt-13071;
;;zt-13072;
;;zt-13073;
;;zt-13074;
;;zt-13075;
;;zt-13076;
;;zt-13077;
;;zt-13078;
;;zt-13079;
;;zt-13080;
;;zt-13081;
;;zt-13082;
;;zt-13083;
;;zt-13084;
;;zt-13085;
;;zt-13086;
;;zt-13087;
;;zt-13088;
;;zt-13089;
;;zt-13090;
;;zt-13091;
;;zt-13092;
;;zt-13093;
;;zt-13094;
;;zt-13095;
;;zt-13096;
;;zt-13097;
;;zt-13098;
;;zt-13099;
;;zt-13100;
;;zt-13101;
;;zt-13102;
;;zt-13103;
;;zt-13104;
;;zt-13105;
;;zt-13106;
;;zt-13107;
;;zt-13108;
;;zt-13109;
;;zt-13110;
;;zt-13111;
;;zt-13112;
;;zt-13113;
;;zt-13114;
;;zt-13115;
;;zt-13116;
;;zt-13117;
;;zt-13118;
;;zt-13119;
;;zt-13120;
;;zt-13121;
;;zt-13122;
;;zt-13123;
;;zt-13124;
;;zt-13125;
;;zt-13126;
;;zt-13127;
;;zt-13128;
;;zt-13129;
;;zt-13130;
;;zt-13131;
;;zt-13132;
;;zt-13133;
;;zt-13134;
;;zt-13135;
;;zt-13136;
;;zt-13137;
;;zt-13138;
;;zt-13139;
;;zt-13140;
;;zt-13141;
;;zt-13142;
;;zt-13143;
;;zt-13144;
;;zt-13145;
;;zt-13146;
;;zt-13147;
;;zt-13148;
;;zt-13149;
;;zt-13150;
;;zt-13151;
;;zt-13152;
;;zt-13153;
;;zt-13154;
;;zt-13155;
;;zt-13156;
;;zt-13157;
;;zt-13158;
;;zt-13159;
;;zt-13160;
;;zt-13161;
;;zt-13162;
;;zt-13163;
;;zt-13164;
;;zt-13165;
;;zt-13166;
;;zt-13167;
;;zt-13168;
;;zt-13169;
;;zt-13170;
;;zt-13171;
;;zt-13172;
;;zt-13173;
;;zt-13174;
;;zt-13175;
;;zt-13176;
;;zt-13177;
;;zt-13178;
;;zt-13179;
;;zt-13180;
;;zt-13181;
;;zt-13182;
;;zt-13183;
;;zt-13184;
;;zt-13185;
;;zt-13186;
;;zt-13187;
;;zt-13188;
;;zt-13189;
;;zt-13190;
;;zt-13191;
;;zt-13192;
;;zt-13193;
;;zt-13194;
;;zt-13195;
;;zt-13196;
;;zt-13197;
;;zt-13198;
;;zt-13199;
;;zt-13200;
;;zt-13201;
;;zt-13202;
;;zt-13203;
;;zt-13204;
;;zt-13205;
;;zt-13206;
;;zt-13207;
;;zt-13208;
;;zt-13209;
;;zt-13210;
;;zt-13211;
;;zt-13212;
;;zt-13213;
;;zt-13214;
;;zt-13215;
;;zt-13216;
;;zt-13217;
;;zt-13218;
;;zt-13219;
;;zt-13220;
;;zt-13221;
;;zt-13222;
;;zt-13223;
;;zt-13224;
;;zt-13225;
;;zt-13226;
;;zt-13227;
;;zt-13228;
;;zt-13229;
;;zt-13230;
;;zt-13231;
;;zt-13232;
;;zt-13233;
;;zt-13234;
;;zt-13235;
;;zt-13236;
;;zt-13237;
;;zt-13238;
;;zt-13239;
;;zt-13240;
;;zt-13241;
;;zt-13242;
;;zt-13243;
;;zt-13244;
;;zt-13245;
;;zt-13246;
;;zt-13247;
;;zt-13248;
;;zt-13249;
;;zt-13250;
;;zt-13251;
;;zt-13252;
;;zt-13253;
;;zt-13254;
;;zt-13255;
;;zt-13256;
;;zt-13257;
;;zt-13258;
;;zt-13259;
;;zt-13260;
;;zt-13261;
;;zt-13262;
;;zt-13263;
;;zt-13264;
;;zt-13265;
;;zt-13266;
;;zt-13267;
;;zt-13268;
;;zt-13269;
;;zt-13270;
;;zt-13271;
;;zt-13272;
;;zt-13273;
;;zt-13274;
;;zt-13275;
;;zt-13276;
;;zt-13277;
;;zt-13278;
;;zt-13279;
;;zt-13280;
;;zt-13281;
;;zt-13282;
;;zt-13283;
;;zt-13284;
;;zt-13285;
;;zt-13286;
;;zt-13287;
;;zt-13288;
;;zt-13289;
;;zt-13290;
;;zt-13291;
;;zt-13292;
;;zt-13293;
;;zt-13294;
;;zt-13295;
;;zt-13296;
;;zt-13297;
;;zt-13298;
;;zt-13299;
;;zt-13300;
;;zt-13301;
;;zt-13302;
;;zt-13303;
;;zt-13304;
;;zt-13305;
;;zt-13306;
;;zt-13307;
;;zt-13308;
;;zt-13309;
;;zt-13310;
;;zt-13311;
;;zt-13312;
;;zt-13313;
;;zt-13314;
;;zt-13315;
;;zt-13316;
;;zt-13317;
;;zt-13318;
;;zt-13319;
;;zt-13320;
;;zt-13321;
;;zt-13322;
;;zt-13323;
;;zt-13324;
;;zt-13325;
;;zt-13326;
;;zt-13327;
;;zt-13328;
;;zt-13329;
;;zt-13330;
;;zt-13331;
;;zt-13332;
;;zt-13333;
;;zt-13334;
;;zt-13335;
;;zt-13336;
;;zt-13337;
;;zt-13338;
;;zt-13339;
;;zt-13340;
;;zt-13341;
;;zt-13342;
;;zt-13343;
;;zt-13344;
;;zt-13345;
;;zt-13346;
;;zt-13347;
;;zt-13348;
;;zt-13349;
;;zt-13350;
;;zt-13351;
;;zt-13352;
;;zt-13353;
;;zt-13354;
;;zt-13355;
;;zt-13356;
;;zt-13357;
;;zt-13358;
;;zt-13359;
;;zt-13360;
;;zt-13361;
;;zt-13362;
;;zt-13363;
;;zt-13364;
;;zt-13365;
;;zt-13366;
;;zt-13367;
;;zt-13368;
;;zt-13369;
;;zt-13370;
;;zt-13371;
;;zt-13372;
;;zt-13373;
;;zt-13374;
;;zt-13375;
;;zt-13376;
;;zt-13377;
;;zt-13378;
;;zt-13379;
;;zt-13380;
;;zt-13381;
;;zt-13382;
;;zt-13383;
;;zt-13384;
;;zt-13385;
;;zt-13386;
;;zt-13387;
;;zt-13388;
;;zt-13389;
;;zt-13390;
;;zt-13391;
;;zt-13392;
;;zt-13393;
;;zt-13394;
;;zt-13395;
;;zt-13396;
;;zt-13397;
;;zt-13398;
;;zt-13399;
;;zt-13400;
;;zt-13401;
;;zt-13402;
;;zt-13403;
;;zt-13404;
;;zt-13405;
;;zt-13406;
;;zt-13407;
;;zt-13408;
;;zt-13409;
;;zt-13410;
;;zt-13411;
;;zt-13412;
;;zt-13413;
;;zt-13414;
;;zt-13415;
;;zt-13416;
;;zt-13417;
;;zt-13418;
;;zt-13419;
;;zt-13420;
;;zt-13421;
;;zt-13422;
;;zt-13423;
;;zt-13424;
;;zt-13425;
;;zt-13426;
;;zt-13427;
;;zt-13428;
;;zt-13429;
;;zt-13430;
;;zt-13431;
;;zt-13432;
;;zt-13433;
;;zt-13434;
;;zt-13435;
;;zt-13436;
;;zt-13437;
;;zt-13438;
;;zt-13439;
;;zt-13440;
;;zt-13441;
;;zt-13442;
;;zt-13443;
;;zt-13444;
;;zt-13445;
;;zt-13446;
;;zt-13447;
;;zt-13448;
;;zt-13449;
;;zt-13450;
;;zt-13451;
;;zt-13452;
;;zt-13453;
;;zt-13454;
;;zt-13455;
;;zt-13456;
;;zt-13457;
;;zt-13458;
;;zt-13459;
;;zt-13460;
;;zt-13461;
;;zt-13462;
;;zt-13463;
;;zt-13464;
;;zt-13465;
;;zt-13466;
;;zt-13467;
;;zt-13468;
;;zt-13469;
;;zt-13470;
;;zt-13471;
;;zt-13472;
;;zt-13473;
;;zt-13474;
;;zt-13475;
;;zt-13476;
;;zt-13477;
;;zt-13478;
;;zt-13479;
;;zt-13480;
;;zt-13481;
;;zt-13482;
;;zt-13483;
;;zt-13484;
;;zt-13485;
;;zt-13486;
;;zt-13487;
;;zt-13488;
;;zt-13489;
;;zt-13490;
;;zt-13491;
;;zt-13492;
;;zt-13493;
;;zt-13494;
;;zt-13495;
;;zt-13496;
;;zt-13497;
;;zt-13498;
;;zt-13499;
;;zt-13500;
;;zt-13501;
;;zt-13502;
;;zt-13503;
;;zt-13504;
;;zt-13505;
;;zt-13506;
;;zt-13507;
;;zt-13508;
;;zt-13509;
;;zt-13510;
;;zt-13511;
;;zt-13512;
;;zt-13513;
;;zt-13514;
;;zt-13515;
;;zt-13516;
;;zt-13517;
;;zt-13518;
;;zt-13519;
;;zt-13520;
;;zt-13521;
;;zt-13522;
;;zt-13523;
;;zt-13524;
;;zt-13525;
;;zt-13526;
;;zt-13527;
;;zt-13528;
;;zt-13529;
;;zt-13530;
;;zt-13531;
;;zt-13532;
;;zt-13533;
;;zt-13534;
;;zt-13535;
;;zt-13536;
;;zt-13537;
;;zt-13538;
;;zt-13539;
;;zt-13540;
;;zt-13541;
;;zt-13542;
;;zt-13543;
;;zt-13544;
;;zt-13545;
;;zt-13546;
;;zt-13547;
;;zt-13548;
;;zt-13549;
;;zt-13550;
;;zt-13551;
;;zt-13552;
;;zt-13553;
;;zt-13554;
;;zt-13555;
;;zt-13556;
;;zt-13557;
;;zt-13558;
;;zt-13559;
;;zt-13560;
;;zt-13561;
;;zt-13562;
;;zt-13563;
;;zt-13564;
;;zt-13565;
;;zt-13566;
;;zt-13567;
;;zt-13568;
;;zt-13569;
;;zt-13570;
;;zt-13571;
;;zt-13572;
;;zt-13573;
;;zt-13574;
;;zt-13575;
;;zt-13576;
;;zt-13577;
;;zt-13578;
;;zt-13579;
;;zt-13580;
;;zt-13581;
;;zt-13582;
;;zt-13583;
;;zt-13584;
;;zt-13585;
;;zt-13586;
;;zt-13587;
;;zt-13588;
;;zt-13589;
;;zt-13590;
;;zt-13591;
;;zt-13592;
;;zt-13593;
;;zt-13594;
;;zt-13595;
;;zt-13596;
;;zt-13597;
;;zt-13598;
;;zt-13599;
;;zt-13600;
;;zt-13601;
;;zt-13602;
;;zt-13603;
;;zt-13604;
;;zt-13605;
;;zt-13606;
;;zt-13607;
;;zt-13608;
;;zt-13609;
;;zt-13610;
;;zt-13611;
;;zt-13612;
;;zt-13613;
;;zt-13614;
;;zt-13615;
;;zt-13616;
;;zt-13617;
;;zt-13618;
;;zt-13619;
;;zt-13620;
;;zt-13621;
;;zt-13622;
;;zt-13623;
;;zt-13624;
;;zt-13625;
;;zt-13626;
;;zt-13627;
;;zt-13628;
;;zt-13629;
;;zt-13630;
;;zt-13631;
;;zt-13632;
;;zt-13633;
;;zt-13634;
;;zt-13635;
;;zt-13636;
;;zt-13637;
;;zt-13638;
;;zt-13639;
;;zt-13640;
;;zt-13641;
;;zt-13642;
;;zt-13643;
;;zt-13644;
;;zt-13645;
;;zt-13646;
;;zt-13647;
;;zt-13648;
;;zt-13649;
;;zt-13650;
;;zt-13651;
;;zt-13652;
;;zt-13653;
;;zt-13654;
;;zt-13655;
;;zt-13656;
;;zt-13657;
;;zt-13658;
;;zt-13659;
;;zt-13660;
;;zt-13661;
;;zt-13662;
;;zt-13663;
;;zt-13664;
;;zt-13665;
;;zt-13666;
;;zt-13667;
;;zt-13668;
;;zt-13669;
;;zt-13670;
;;zt-13671;
;;zt-13672;
;;zt-13673;
;;zt-13674;
;;zt-13675;
;;zt-13676;
;;zt-13677;
;;zt-13678;
;;zt-13679;
;;zt-13680;
;;zt-13681;
;;zt-13682;
;;zt-13683;
;;zt-13684;
;;zt-13685;
;;zt-13686;
;;zt-13687;
;;zt-13688;
;;zt-13689;
;;zt-13690;
;;zt-13691;
;;zt-13692;
;;zt-13693;
;;zt-13694;
;;zt-13695;
;;zt-13696;
;;zt-13697;
;;zt-13698;
;;zt-13699;
;;zt-13700;
;;zt-13701;
;;zt-13702;
;;zt-13703;
;;zt-13704;
;;zt-13705;
;;zt-13706;
;;zt-13707;
;;zt-13708;
;;zt-13709;
;;zt-13710;
;;zt-13711;
;;zt-13712;
;;zt-13713;
;;zt-13714;
;;zt-13715;
;;zt-13716;
;;zt-13717;
;;zt-13718;
;;zt-13719;
;;zt-13720;
;;zt-13721;
;;zt-13722;
;;zt-13723;
;;zt-13724;
;;zt-13725;
;;zt-13726;
;;zt-13727;
;;zt-13728;
;;zt-13729;
;;zt-13730;
;;zt-13731;
;;zt-13732;
;;zt-13733;
;;zt-13734;
;;zt-13735;
;;zt-13736;
;;zt-13737;
;;zt-13738;
;;zt-13739;
;;zt-13740;
;;zt-13741;
;;zt-13742;
;;zt-13743;
;;zt-13744;
;;zt-13745;
;;zt-13746;
;;zt-13747;
;;zt-13748;
;;zt-13749;
;;zt-13750;
;;zt-13751;
;;zt-13752;
;;zt-13753;
;;zt-13754;
;;zt-13755;
;;zt-13756;
;;zt-13757;
;;zt-13758;
;;zt-13759;
;;zt-13760;
;;zt-13761;
;;zt-13762;
;;zt-13763;
;;zt-13764;
;;zt-13765;
;;zt-13766;
;;zt-13767;
;;zt-13768;
;;zt-13769;
;;zt-13770;
;;zt-13771;
;;zt-13772;
;;zt-13773;
;;zt-13774;
;;zt-13775;
;;zt-13776;
;;zt-13777;
;;zt-13778;
;;zt-13779;
;;zt-13780;
;;zt-13781;
;;zt-13782;
;;zt-13783;
;;zt-13784;
;;zt-13785;
;;zt-13786;
;;zt-13787;
;;zt-13788;
;;zt-13789;
;;zt-13790;
;;zt-13791;
;;zt-13792;
;;zt-13793;
;;zt-13794;
;;zt-13795;
;;zt-13796;
;;zt-13797;
;;zt-13798;
;;zt-13799;
;;zt-13800;
;;zt-13801;
;;zt-13802;
;;zt-13803;
;;zt-13804;
;;zt-13805;
;;zt-13806;
;;zt-13807;
;;zt-13808;
;;zt-13809;
;;zt-13810;
;;zt-13811;
;;zt-13812;
;;zt-13813;
;;zt-13814;
;;zt-13815;
;;zt-13816;
;;zt-13817;
;;zt-13818;
;;zt-13819;
;;zt-13820;
;;zt-13821;
;;zt-13822;
;;zt-13823;
;;zt-13824;
;;zt-13825;
;;zt-13826;
;;zt-13827;
;;zt-13828;
;;zt-13829;
;;zt-13830;
;;zt-13831;
;;zt-13832;
;;zt-13833;
;;zt-13834;
;;zt-13835;
;;zt-13836;
;;zt-13837;
;;zt-13838;
;;zt-13839;
;;zt-13840;
;;zt-13841;
;;zt-13842;
;;zt-13843;
;;zt-13844;
;;zt-13845;
;;zt-13846;
;;zt-13847;
;;zt-13848;
;;zt-13849;
;;zt-13850;
;;zt-13851;
;;zt-13852;
;;zt-13853;
;;zt-13854;
;;zt-13855;
;;zt-13856;
;;zt-13857;
;;zt-13858;
;;zt-13859;
;;zt-13860;
;;zt-13861;
;;zt-13862;
;;zt-13863;
;;zt-13864;
;;zt-13865;
;;zt-13866;
;;zt-13867;
;;zt-13868;
;;zt-13869;
;;zt-13870;
;;zt-13871;
;;zt-13872;
;;zt-13873;
;;zt-13874;
;;zt-13875;
;;zt-13876;
;;zt-13877;
;;zt-13878;
;;zt-13879;
;;zt-13880;
;;zt-13881;
;;zt-13882;
;;zt-13883;
;;zt-13884;
;;zt-13885;
;;zt-13886;
;;zt-13887;
;;zt-13888;
;;zt-13889;
;;zt-13890;
;;zt-13891;
;;zt-13892;
;;zt-13893;
;;zt-13894;
;;zt-13895;
;;zt-13896;
;;zt-13897;
;;zt-13898;
;;zt-13899;
;;zt-13900;
;;zt-13901;
;;zt-13902;
;;zt-13903;
;;zt-13904;
;;zt-13905;
;;zt-13906;
;;zt-13907;
;;zt-13908;
;;zt-13909;
;;zt-13910;
;;zt-13911;
;;zt-13912;
;;zt-13913;
;;zt-13914;
;;zt-13915;
;;zt-13916;
;;zt-13917;
;;zt-13918;
;;zt-13919;
;;zt-13920;
;;zt-13921;
;;zt-13922;
;;zt-13923;
;;zt-13924;
;;zt-13925;
;;zt-13926;
;;zt-13927;
;;zt-13928;
;;zt-13929;
;;zt-13930;
;;zt-13931;
;;zt-13932;
;;zt-13933;
;;zt-13934;
;;zt-13935;
;;zt-13936;
;;zt-13937;
;;zt-13938;
;;zt-13939;
;;zt-13940;
;;zt-13941;
;;zt-13942;
;;zt-13943;
;;zt-13944;
;;zt-13945;
;;zt-13946;
;;zt-13947;
;;zt-13948;
;;zt-13949;
;;zt-13950;
;;zt-13951;
;;zt-13952;
;;zt-13953;
;;zt-13954;
;;zt-13955;
;;zt-13956;
;;zt-13957;
;;zt-13958;
;;zt-13959;
;;zt-13960;
;;zt-13961;
;;zt-13962;
;;zt-13963;
;;zt-13964;
;;zt-13965;
;;zt-13966;
;;zt-13967;
;;zt-13968;
;;zt-13969;
;;zt-13970;
;;zt-13971;
;;zt-13972;
;;zt-13973;
;;zt-13974;
;;zt-13975;
;;zt-13976;
;;zt-13977;
;;zt-13978;
;;zt-13979;
;;zt-13980;
;;zt-13981;
;;zt-13982;
;;zt-13983;
;;zt-13984;
;;zt-13985;
;;zt-13986;
;;zt-13987;
;;zt-13988;
;;zt-13989;
;;zt-13990;
;;zt-13991;
;;zt-13992;
;;zt-13993;
;;zt-13994;
;;zt-13995;
;;zt-13996;
;;zt-13997;
;;zt-13998;
;;zt-13999;
;;zt-14000;
;;zt-14001;
;;zt-14002;
;;zt-14003;
;;zt-14004;
;;zt-14005;
;;zt-14006;
;;zt-14007;
;;zt-14008;
;;zt-14009;
;;zt-14010;
;;zt-14011;
;;zt-14012;
;;zt-14013;
;;zt-14014;
;;zt-14015;
;;zt-14016;
;;zt-14017;
;;zt-14018;
;;zt-14019;
;;zt-14020;
;;zt-14021;
;;zt-14022;
;;zt-14023;
;;zt-14024;
;;zt-14025;
;;zt-14026;
;;zt-14027;
;;zt-14028;
;;zt-14029;
;;zt-14030;
;;zt-14031;
;;zt-14032;
;;zt-14033;
;;zt-14034;
;;zt-14035;
;;zt-14036;
;;zt-14037;
;;zt-14038;
;;zt-14039;
;;zt-14040;
;;zt-14041;
;;zt-14042;
;;zt-14043;
;;zt-14044;
;;zt-14045;
;;zt-14046;
;;zt-14047;
;;zt-14048;
;;zt-14049;
;;zt-14050;
;;zt-14051;
;;zt-14052;
;;zt-14053;
;;zt-14054;
;;zt-14055;
;;zt-14056;
;;zt-14057;
;;zt-14058;
;;zt-14059;
;;zt-14060;
;;zt-14061;
;;zt-14062;
;;zt-14063;
;;zt-14064;
;;zt-14065;
;;zt-14066;
;;zt-14067;
;;zt-14068;
;;zt-14069;
;;zt-14070;
;;zt-14071;
;;zt-14072;
;;zt-14073;
;;zt-14074;
;;zt-14075;
;;zt-14076;
;;zt-14077;
;;zt-14078;
;;zt-14079;
;;zt-14080;
;;zt-14081;
;;zt-14082;
;;zt-14083;
;;zt-14084;
;;zt-14085;
;;zt-14086;
;;zt-14087;
;;zt-14088;
;;zt-14089;
;;zt-14090;
;;zt-14091;
;;zt-14092;
;;zt-14093;
;;zt-14094;
;;zt-14095;
;;zt-14096;
;;zt-14097;
;;zt-14098;
;;zt-14099;
;;zt-14100;
;;zt-14101;
;;zt-14102;
;;zt-14103;
;;zt-14104;
;;zt-14105;
;;zt-14106;
;;zt-14107;
;;zt-14108;
;;zt-14109;
;;zt-14110;
;;zt-14111;
;;zt-14112;
;;zt-14113;
;;zt-14114;
;;zt-14115;
;;zt-14116;
;;zt-14117;
;;zt-14118;
;;zt-14119;
;;zt-14120;
;;zt-14121;
;;zt-14122;
;;zt-14123;
;;zt-14124;
;;zt-14125;
;;zt-14126;
;;zt-14127;
;;zt-14128;
;;zt-14129;
;;zt-14130;
;;zt-14131;
;;zt-14132;
;;zt-14133;
;;zt-14134;
;;zt-14135;
;;zt-14136;
;;zt-14137;
;;zt-14138;
;;zt-14139;
;;zt-14140;
;;zt-14141;
;;zt-14142;
;;zt-14143;
;;zt-14144;
;;zt-14145;
;;zt-14146;
;;zt-14147;
;;zt-14148;
;;zt-14149;
;;zt-14150;
;;zt-14151;
;;zt-14152;
;;zt-14153;
;;zt-14154;
;;zt-14155;
;;zt-14156;
;;zt-14157;
;;zt-14158;
;;zt-14159;
;;zt-14160;
;;zt-14161;
;;zt-14162;
;;zt-14163;
;;zt-14164;
;;zt-14165;
;;zt-14166;
;;zt-14167;
;;zt-14168;
;;zt-14169;
;;zt-14170;
;;zt-14171;
;;zt-14172;
;;zt-14173;
;;zt-14174;
;;zt-14175;
;;zt-14176;
;;zt-14177;
;;zt-14178;
;;zt-14179;
;;zt-14180;
;;zt-14181;
;;zt-14182;
;;zt-14183;
;;zt-14184;
;;zt-14185;
;;zt-14186;
;;zt-14187;
;;zt-14188;
;;zt-14189;
;;zt-14190;
;;zt-14191;
;;zt-14192;
;;zt-14193;
;;zt-14194;
;;zt-14195;
;;zt-14196;
;;zt-14197;
;;zt-14198;
;;zt-14199;
;;zt-14200;
;;zt-14201;
;;zt-14202;
;;zt-14203;
;;zt-14204;
;;zt-14205;
;;zt-14206;
;;zt-14207;
;;zt-14208;
;;zt-14209;
;;zt-14210;
;;zt-14211;
;;zt-14212;
;;zt-14213;
;;zt-14214;
;;zt-14215;
;;zt-14216;
;;zt-14217;
;;zt-14218;
;;zt-14219;
;;zt-14220;
;;zt-14221;
;;zt-14222;
;;zt-14223;
;;zt-14224;
;;zt-14225;
;;zt-14226;
;;zt-14227;
;;zt-14228;
;;zt-14229;
;;zt-14230;
;;zt-14231;
;;zt-14232;
;;zt-14233;
;;zt-14234;
;;zt-14235;
;;zt-14236;
;;zt-14237;
;;zt-14238;
;;zt-14239;
;;zt-14240;
;;zt-14241;
;;zt-14242;
;;zt-14243;
;;zt-14244;
;;zt-14245;
;;zt-14246;
;;zt-14247;
;;zt-14248;
;;zt-14249;
;;zt-14250;
;;zt-14251;
;;zt-14252;
;;zt-14253;
;;zt-14254;
;;zt-14255;
;;zt-14256;
;;zt-14257;
;;zt-14258;
;;zt-14259;
;;zt-14260;
;;zt-14261;
;;zt-14262;
;;zt-14263;
;;zt-14264;
;;zt-14265;
;;zt-14266;
;;zt-14267;
;;zt-14268;
;;zt-14269;
;;zt-14270;
;;zt-14271;
;;zt-14272;
;;zt-14273;
;;zt-14274;
;;zt-14275;
;;zt-14276;
;;zt-14277;
;;zt-14278;
;;zt-14279;
;;zt-14280;
;;zt-14281;
;;zt-14282;
;;zt-14283;
;;zt-14284;
;;zt-14285;
;;zt-14286;
;;zt-14287;
;;zt-14288;
;;zt-14289;
;;zt-14290;
;;zt-14291;
;;zt-14292;
;;zt-14293;
;;zt-14294;
;;zt-14295;
;;zt-14296;
;;zt-14297;
;;zt-14298;
;;zt-14299;
;;zt-14300;
;;zt-14301;
;;zt-14302;
;;zt-14303;
;;zt-14304;
;;zt-14305;
;;zt-14306;
;;zt-14307;
;;zt-14308;
;;zt-14309;
;;zt-14310;
;;zt-14311;
;;zt-14312;
;;zt-14313;
;;zt-14314;
;;zt-14315;
;;zt-14316;
;;zt-14317;
;;zt-14318;
;;zt-14319;
;;zt-14320;
;;zt-14321;
;;zt-14322;
;;zt-14323;
;;zt-14324;
;;zt-14325;
;;zt-14326;
;;zt-14327;
;;zt-14328;
;;zt-14329;
;;zt-14330;
;;zt-14331;
;;zt-14332;
;;zt-14333;
;;zt-14334;
;;zt-14335;
;;zt-14336;
;;zt-14337;
;;zt-14338;
;;zt-14339;
;;zt-14340;
;;zt-14341;
;;zt-14342;
;;zt-14343;
;;zt-14344;
;;zt-14345;
;;zt-14346;
;;zt-14347;
;;zt-14348;
;;zt-14349;
;;zt-14350;
;;zt-14351;
;;zt-14352;
;;zt-14353;
;;zt-14354;
;;zt-14355;
;;zt-14356;
;;zt-14357;
;;zt-14358;
;;zt-14359;
;;zt-14360;
;;zt-14361;
;;zt-14362;
;;zt-14363;
;;zt-14364;
;;zt-14365;
;;zt-14366;
;;zt-14367;
;;zt-14368;
;;zt-14369;
;;zt-14370;
;;zt-14371;
;;zt-14372;
;;zt-14373;
;;zt-14374;
;;zt-14375;
;;zt-14376;
;;zt-14377;
;;zt-14378;
;;zt-14379;
;;zt-14380;
;;zt-14381;
;;zt-14382;
;;zt-14383;
;;zt-14384;
;;zt-14385;
;;zt-14386;
;;zt-14387;
;;zt-14388;
;;zt-14389;
;;zt-14390;
;;zt-14391;
;;zt-14392;
;;zt-14393;
;;zt-14394;
;;zt-14395;
;;zt-14396;
;;zt-14397;
;;zt-14398;
;;zt-14399;
;;zt-14400;
;;zt-14401;
;;zt-14402;
;;zt-14403;
;;zt-14404;
;;zt-14405;
;;zt-14406;
;;zt-14407;
;;zt-14408;
;;zt-14409;
;;zt-14410;
;;zt-14411;
;;zt-14412;
;;zt-14413;
;;zt-14414;
;;zt-14415;
;;zt-14416;
;;zt-14417;
;;zt-14418;
;;zt-14419;
;;zt-14420;
;;zt-14421;
;;zt-14422;
;;zt-14423;
;;zt-14424;
;;zt-14425;
;;zt-14426;
;;zt-14427;
;;zt-14428;
;;zt-14429;
;;zt-14430;
;;zt-14431;
;;zt-14432;
;;zt-14433;
;;zt-14434;
;;zt-14435;
;;zt-14436;
;;zt-14437;
;;zt-14438;
;;zt-14439;
;;zt-14440;
;;zt-14441;
;;zt-14442;
;;zt-14443;
;;zt-14444;
;;zt-14445;
;;zt-14446;
;;zt-14447;
;;zt-14448;
;;zt-14449;
;;zt-14450;
;;zt-14451;
;;zt-14452;
;;zt-14453;
;;zt-14454;
;;zt-14455;
;;zt-14456;
;;zt-14457;
;;zt-14458;
;;zt-14459;
;;zt-14460;
;;zt-14461;
;;zt-14462;
;;zt-14463;
;;zt-14464;
;;zt-14465;
;;zt-14466;
;;zt-14467;
;;zt-14468;
;;zt-14469;
;;zt-14470;
;;zt-14471;
;;zt-14472;
;;zt-14473;
;;zt-14474;
;;zt-14475;
;;zt-14476;
;;zt-14477;
;;zt-14478;
;;zt-14479;
;;zt-14480;
;;zt-14481;
;;zt-14482;
;;zt-14483;
;;zt-14484;
;;zt-14485;
;;zt-14486;
;;zt-14487;
;;zt-14488;
;;zt-14489;
;;zt-14490;
;;zt-14491;
;;zt-14492;
;;zt-14493;
;;zt-14494;
;;zt-14495;
;;zt-14496;
;;zt-14497;
;;zt-14498;
;;zt-14499;
;;zt-14500;
;;zt-14501;
;;zt-14502;
;;zt-14503;
;;zt-14504;
;;zt-14505;
;;zt-14506;
;;zt-14507;
;;zt-14508;
;;zt-14509;
;;zt-14510;
;;zt-14511;
;;zt-14512;
;;zt-14513;
;;zt-14514;
;;zt-14515;
;;zt-14516;
;;zt-14517;
;;zt-14518;
;;zt-14519;
;;zt-14520;
;;zt-14521;
;;zt-14522;
;;zt-14523;
;;zt-14524;
;;zt-14525;
;;zt-14526;
;;zt-14527;
;;zt-14528;
;;zt-14529;
;;zt-14530;
;;zt-14531;
;;zt-14532;
;;zt-14533;
;;zt-14534;
;;zt-14535;
;;zt-14536;
;;zt-14537;
;;zt-14538;
;;zt-14539;
;;zt-14540;
;;zt-14541;
;;zt-14542;
;;zt-14543;
;;zt-14544;
;;zt-14545;
;;zt-14546;
;;zt-14547;
;;zt-14548;
;;zt-14549;
;;zt-14550;
;;zt-14551;
;;zt-14552;
;;zt-14553;
;;zt-14554;
;;zt-14555;
;;zt-14556;
;;zt-14557;
;;zt-14558;
;;zt-14559;
;;zt-14560;
;;zt-14561;
;;zt-14562;
;;zt-14563;
;;zt-14564;
;;zt-14565;
;;zt-14566;
;;zt-14567;
;;zt-14568;
;;zt-14569;
;;zt-14570;
;;zt-14571;
;;zt-14572;
;;zt-14573;
;;zt-14574;
;;zt-14575;
;;zt-14576;
;;zt-14577;
;;zt-14578;
;;zt-14579;
;;zt-14580;
;;zt-14581;
;;zt-14582;
;;zt-14583;
;;zt-14584;
;;zt-14585;
;;zt-14586;
;;zt-14587;
;;zt-14588;
;;zt-14589;
;;zt-14590;
;;zt-14591;
;;zt-14592;
;;zt-14593;
;;zt-14594;
;;zt-14595;
;;zt-14596;
;;zt-14597;
;;zt-14598;
;;zt-14599;
;;zt-14600;
;;zt-14601;
;;zt-14602;
;;zt-14603;
;;zt-14604;
;;zt-14605;
;;zt-14606;
;;zt-14607;
;;zt-14608;
;;zt-14609;
;;zt-14610;
;;zt-14611;
;;zt-14612;
;;zt-14613;
;;zt-14614;
;;zt-14615;
;;zt-14616;
;;zt-14617;
;;zt-14618;
;;zt-14619;
;;zt-14620;
;;zt-14621;
;;zt-14622;
;;zt-14623;
;;zt-14624;
;;zt-14625;
;;zt-14626;
;;zt-14627;
;;zt-14628;
;;zt-14629;
;;zt-14630;
;;zt-14631;
;;zt-14632;
;;zt-14633;
;;zt-14634;
;;zt-14635;
;;zt-14636;
;;zt-14637;
;;zt-14638;
;;zt-14639;
;;zt-14640;
;;zt-14641;
;;zt-14642;
;;zt-14643;
;;zt-14644;
;;zt-14645;
;;zt-14646;
;;zt-14647;
;;zt-14648;
;;zt-14649;
;;zt-14650;
;;zt-14651;
;;zt-14652;
;;zt-14653;
;;zt-14654;
;;zt-14655;
;;zt-14656;
;;zt-14657;
;;zt-14658;
;;zt-14659;
;;zt-14660;
;;zt-14661;
;;zt-14662;
;;zt-14663;
;;zt-14664;
;;zt-14665;
;;zt-14666;
;;zt-14667;
;;zt-14668;
;;zt-14669;
;;zt-14670;
;;zt-14671;
;;zt-14672;
;;zt-14673;
;;zt-14674;
;;zt-14675;
;;zt-14676;
;;zt-14677;
;;zt-14678;
;;zt-14679;
;;zt-14680;
;;zt-14681;
;;zt-14682;
;;zt-14683;
;;zt-14684;
;;zt-14685;
;;zt-14686;
;;zt-14687;
;;zt-14688;
;;zt-14689;
;;zt-14690;
;;zt-14691;
;;zt-14692;
;;zt-14693;
;;zt-14694;
;;zt-14695;
;;zt-14696;
;;zt-14697;
;;zt-14698;
;;zt-14699;
;;zt-14700;
;;zt-14701;
;;zt-14702;
;;zt-14703;
;;zt-14704;
;;zt-14705;
;;zt-14706;
;;zt-14707;
;;zt-14708;
;;zt-14709;
;;zt-14710;
;;zt-14711;
;;zt-14712;
;;zt-14713;
;;zt-14714;
;;zt-14715;
;;zt-14716;
;;zt-14717;
;;zt-14718;
;;zt-14719;
;;zt-14720;
;;zt-14721;
;;zt-14722;
;;zt-14723;
;;zt-14724;
;;zt-14725;
;;zt-14726;
;;zt-14727;
;;zt-14728;
;;zt-14729;
;;zt-14730;
;;zt-14731;
;;zt-14732;
;;zt-14733;
;;zt-14734;
;;zt-14735;
;;zt-14736;
;;zt-14737;
;;zt-14738;
;;zt-14739;
;;zt-14740;
;;zt-14741;
;;zt-14742;
;;zt-14743;
;;zt-14744;
;;zt-14745;
;;zt-14746;
;;zt-14747;
;;zt-14748;
;;zt-14749;
;;zt-14750;
;;zt-14751;
;;zt-14752;
;;zt-14753;
;;zt-14754;
;;zt-14755;
;;zt-14756;
;;zt-14757;
;;zt-14758;
;;zt-14759;
;;zt-14760;
;;zt-14761;
;;zt-14762;
;;zt-14763;
;;zt-14764;
;;zt-14765;
;;zt-14766;
;;zt-14767;
;;zt-14768;
;;zt-14769;
;;zt-14770;
;;zt-14771;
;;zt-14772;
;;zt-14773;
;;zt-14774;
;;zt-14775;
;;zt-14776;
;;zt-14777;
;;zt-14778;
;;zt-14779;
;;zt-14780;
;;zt-14781;
;;zt-14782;
;;zt-14783;
;;zt-14784;
;;zt-14785;
;;zt-14786;
;;zt-14787;
;;zt-14788;
;;zt-14789;
;;zt-14790;
;;zt-14791;
;;zt-14792;
;;zt-14793;
;;zt-14794;
;;zt-14795;
;;zt-14796;
;;zt-14797;
;;zt-14798;
;;zt-14799;
;;zt-14800;
;;zt-14801;
;;zt-14802;
;;zt-14803;
;;zt-14804;
;;zt-14805;
;;zt-14806;
;;zt-14807;
;;zt-14808;
;;zt-14809;
;;zt-14810;
;;zt-14811;
;;zt-14812;
;;zt-14813;
;;zt-14814;
;;zt-14815;
;;zt-14816;
;;zt-14817;
;;zt-14818;
;;zt-14819;
;;zt-14820;
;;zt-14821;
;;zt-14822;
;;zt-14823;
;;zt-14824;
;;zt-14825;
;;zt-14826;
;;zt-14827;
;;zt-14828;
;;zt-14829;
;;zt-14830;
;;zt-14831;
;;zt-14832;
;;zt-14833;
;;zt-14834;
;;zt-14835;
;;zt-14836;
;;zt-14837;
;;zt-14838;
;;zt-14839;
;;zt-14840;
;;zt-14841;
;;zt-14842;
;;zt-14843;
;;zt-14844;
;;zt-14845;
;;zt-14846;
;;zt-14847;
;;zt-14848;
;;zt-14849;
;;zt-14850;
;;zt-14851;
;;zt-14852;
;;zt-14853;
;;zt-14854;
;;zt-14855;
;;zt-14856;
;;zt-14857;
;;zt-14858;
;;zt-14859;
;;zt-14860;
;;zt-14861;
;;zt-14862;
;;zt-14863;
;;zt-14864;
;;zt-14865;
;;zt-14866;
;;zt-14867;
;;zt-14868;
;;zt-14869;
;;zt-14870;
;;zt-14871;
;;zt-14872;
;;zt-14873;
;;zt-14874;
;;zt-14875;
;;zt-14876;
;;zt-14877;
;;zt-14878;
;;zt-14879;
;;zt-14880;
;;zt-14881;
;;zt-14882;
;;zt-14883;
;;zt-14884;
;;zt-14885;
;;zt-14886;
;;zt-14887;
;;zt-14888;
;;zt-14889;
;;zt-14890;
;;zt-14891;
;;zt-14892;
;;zt-14893;
;;zt-14894;
;;zt-14895;
;;zt-14896;
;;zt-14897;
;;zt-14898;
;;zt-14899;
;;zt-14900;
;;zt-14901;
;;zt-14902;
;;zt-14903;
;;zt-14904;
;;zt-14905;
;;zt-14906;
;;zt-14907;
;;zt-14908;
;;zt-14909;
;;zt-14910;
;;zt-14911;
;;zt-14912;
;;zt-14913;
;;zt-14914;
;;zt-14915;
;;zt-14916;
;;zt-14917;
;;zt-14918;
;;zt-14919;
;;zt-14920;
;;zt-14921;
;;zt-14922;
;;zt-14923;
;;zt-14924;
;;zt-14925;
;;zt-14926;
;;zt-14927;
;;zt-14928;
;;zt-14929;
;;zt-14930;
;;zt-14931;
;;zt-14932;
;;zt-14933;
;;zt-14934;
;;zt-14935;
;;zt-14936;
;;zt-14937;
;;zt-14938;
;;zt-14939;
;;zt-14940;
;;zt-14941;
;;zt-14942;
;;zt-14943;
;;zt-14944;
;;zt-14945;
;;zt-14946;
;;zt-14947;
;;zt-14948;
;;zt-14949;
;;zt-14950;
;;zt-14951;
;;zt-14952;
;;zt-14953;
;;zt-14954;
;;zt-14955;
;;zt-14956;
;;zt-14957;
;;zt-14958;
;;zt-14959;
;;zt-14960;
;;zt-14961;
;;zt-14962;
;;zt-14963;
;;zt-14964;
;;zt-14965;
;;zt-14966;
;;zt-14967;
;;zt-14968;
;;zt-14969;
;;zt-14970;
;;zt-14971;
;;zt-14972;
;;zt-14973;
;;zt-14974;
;;zt-14975;
;;zt-14976;
;;zt-14977;
;;zt-14978;
;;zt-14979;
;;zt-14980;
;;zt-14981;
;;zt-14982;
;;zt-14983;
;;zt-14984;
;;zt-14985;
;;zt-14986;
;;zt-14987;
;;zt-14988;
;;zt-14989;
;;zt-14990;
;;zt-14991;
;;zt-14992;
;;zt-14993;
;;zt-14994;
;;zt-14995;
;;zt-14996;
;;zt-14997;
;;zt-14998;
;;zt-14999;
;;zt-15000;
;;zt-15001;
;;zt-15002;
;;zt-15003;
;;zt-15004;
;;zt-15005;
;;zt-15006;
;;zt-15007;
;;zt-15008;
;;zt-15009;
;;zt-15010;
;;zt-15011;
;;zt-15012;
;;zt-15013;
;;zt-15014;
;;zt-15015;
;;zt-15016;
;;zt-15017;
;;zt-15018;
;;zt-15019;
;;zt-15020;
;;zt-15021;
;;zt-15022;
;;zt-15023;
;;zt-15024;
;;zt-15025;
;;zt-15026;
;;zt-15027;
;;zt-15028;
;;zt-15029;
;;zt-15030;
;;zt-15031;
;;zt-15032;
;;zt-15033;
;;zt-15034;
;;zt-15035;
;;zt-15036;
;;zt-15037;
;;zt-15038;
;;zt-15039;
;;zt-15040;
;;zt-15041;
;;zt-15042;
;;zt-15043;
;;zt-15044;
;;zt-15045;
;;zt-15046;
;;zt-15047;
;;zt-15048;
;;zt-15049;
;;zt-15050;
;;zt-15051;
;;zt-15052;
;;zt-15053;
;;zt-15054;
;;zt-15055;
;;zt-15056;
;;zt-15057;
;;zt-15058;
;;zt-15059;
;;zt-15060;
;;zt-15061;
;;zt-15062;
;;zt-15063;
;;zt-15064;
;;zt-15065;
;;zt-15066;
;;zt-15067;
;;zt-15068;
;;zt-15069;
;;zt-15070;
;;zt-15071;
;;zt-15072;
;;zt-15073;
;;zt-15074;
;;zt-15075;
;;zt-15076;
;;zt-15077;
;;zt-15078;
;;zt-15079;
;;zt-15080;
;;zt-15081;
;;zt-15082;
;;zt-15083;
;;zt-15084;
;;zt-15085;
;;zt-15086;
;;zt-15087;
;;zt-15088;
;;zt-15089;
;;zt-15090;
;;zt-15091;
;;zt-15092;
;;zt-15093;
;;zt-15094;
;;zt-15095;
;;zt-15096;
;;zt-15097;
;;zt-15098;
;;zt-15099;
;;zt-15100;
;;zt-15101;
;;zt-15102;
;;zt-15103;
;;zt-15104;
;;zt-15105;
;;zt-15106;
;;zt-15107;
;;zt-15108;
;;zt-15109;
;;zt-15110;
;;zt-15111;
;;zt-15112;
;;zt-15113;
;;zt-15114;
;;zt-15115;
;;zt-15116;
;;zt-15117;
;;zt-15118;
;;zt-15119;
;;zt-15120;
;;zt-15121;
;;zt-15122;
;;zt-15123;
;;zt-15124;
;;zt-15125;
;;zt-15126;
;;zt-15127;
;;zt-15128;
;;zt-15129;
;;zt-15130;
;;zt-15131;
;;zt-15132;
;;zt-15133;
;;zt-15134;
;;zt-15135;
;;zt-15136;
;;zt-15137;
;;zt-15138;
;;zt-15139;
;;zt-15140;
;;zt-15141;
;;zt-15142;
;;zt-15143;
;;zt-15144;
;;zt-15145;
;;zt-15146;
;;zt-15147;
;;zt-15148;
;;zt-15149;
;;zt-15150;
;;zt-15151;
;;zt-15152;
;;zt-15153;
;;zt-15154;
;;zt-15155;
;;zt-15156;
;;zt-15157;
;;zt-15158;
;;zt-15159;
;;zt-15160;
;;zt-15161;
;;zt-15162;
;;zt-15163;
;;zt-15164;
;;zt-15165;
;;zt-15166;
;;zt-15167;
;;zt-15168;
;;zt-15169;
;;zt-15170;
;;zt-15171;
;;zt-15172;
;;zt-15173;
;;zt-15174;
;;zt-15175;
;;zt-15176;
;;zt-15177;
;;zt-15178;
;;zt-15179;
;;zt-15180;
;;zt-15181;
;;zt-15182;
;;zt-15183;
;;zt-15184;
;;zt-15185;
;;zt-15186;
;;zt-15187;
;;zt-15188;
;;zt-15189;
;;zt-15190;
;;zt-15191;
;;zt-15192;
;;zt-15193;
;;zt-15194;
;;zt-15195;
;;zt-15196;
;;zt-15197;
;;zt-15198;
;;zt-15199;
;;zt-15200;
;;zt-15201;
;;zt-15202;
;;zt-15203;
;;zt-15204;
;;zt-15205;
;;zt-15206;
;;zt-15207;
;;zt-15208;
;;zt-15209;
;;zt-15210;
;;zt-15211;
;;zt-15212;
;;zt-15213;
;;zt-15214;
;;zt-15215;
;;zt-15216;
;;zt-15217;
;;zt-15218;
;;zt-15219;
;;zt-15220;
;;zt-15221;
;;zt-15222;
;;zt-15223;
;;zt-15224;
;;zt-15225;
;;zt-15226;
;;zt-15227;
;;zt-15228;
;;zt-15229;
;;zt-15230;
;;zt-15231;
;;zt-15232;
;;zt-15233;
;;zt-15234;
;;zt-15235;
;;zt-15236;
;;zt-15237;
;;zt-15238;
;;zt-15239;
;;zt-15240;
;;zt-15241;
;;zt-15242;
;;zt-15243;
;;zt-15244;
;;zt-15245;
;;zt-15246;
;;zt-15247;
;;zt-15248;
;;zt-15249;
;;zt-15250;
;;zt-15251;
;;zt-15252;
;;zt-15253;
;;zt-15254;
;;zt-15255;
;;zt-15256;
;;zt-15257;
;;zt-15258;
;;zt-15259;
;;zt-15260;
;;zt-15261;
;;zt-15262;
;;zt-15263;
;;zt-15264;
;;zt-15265;
;;zt-15266;
;;zt-15267;
;;zt-15268;
;;zt-15269;
;;zt-15270;
;;zt-15271;
;;zt-15272;
;;zt-15273;
;;zt-15274;
;;zt-15275;
;;zt-15276;
;;zt-15277;
;;zt-15278;
;;zt-15279;
;;zt-15280;
;;zt-15281;
;;zt-15282;
;;zt-15283;
;;zt-15284;
;;zt-15285;
;;zt-15286;
;;zt-15287;
;;zt-15288;
;;zt-15289;
;;zt-15290;
;;zt-15291;
;;zt-15292;
;;zt-15293;
;;zt-15294;
;;zt-15295;
;;zt-15296;
;;zt-15297;
;;zt-15298;
;;zt-15299;
;;zt-15300;
;;zt-15301;
;;zt-15302;
;;zt-15303;
;;zt-15304;
;;zt-15305;
;;zt-15306;
;;zt-15307;
;;zt-15308;
;;zt-15309;
;;zt-15310;
;;zt-15311;
;;zt-15312;
;;zt-15313;
;;zt-15314;
;;zt-15315;
;;zt-15316;
;;zt-15317;
;;zt-15318;
;;zt-15319;
;;zt-15320;
;;zt-15321;
;;zt-15322;
;;zt-15323;
;;zt-15324;
;;zt-15325;
;;zt-15326;
;;zt-15327;
;;zt-15328;
;;zt-15329;
;;zt-15330;
;;zt-15331;
;;zt-15332;
;;zt-15333;
;;zt-15334;
;;zt-15335;
;;zt-15336;
;;zt-15337;
;;zt-15338;
;;zt-15339;
;;zt-15340;
;;zt-15341;
;;zt-15342;
;;zt-15343;
;;zt-15344;
;;zt-15345;
;;zt-15346;
;;zt-15347;
;;zt-15348;
;;zt-15349;
;;zt-15350;
;;zt-15351;
;;zt-15352;
;;zt-15353;
;;zt-15354;
;;zt-15355;
;;zt-15356;
;;zt-15357;
;;zt-15358;
;;zt-15359;
;;zt-15360;
;;zt-15361;
;;zt-15362;
;;zt-15363;
;;zt-15364;
;;zt-15365;
;;zt-15366;
;;zt-15367;
;;zt-15368;
;;zt-15369;
;;zt-15370;
;;zt-15371;
;;zt-15372;
;;zt-15373;
;;zt-15374;
;;zt-15375;
;;zt-15376;
;;zt-15377;
;;zt-15378;
;;zt-15379;
;;zt-15380;
;;zt-15381;
;;zt-15382;
;;zt-15383;
;;zt-15384;
;;zt-15385;
;;zt-15386;
;;zt-15387;
;;zt-15388;
;;zt-15389;
;;zt-15390;
;;zt-15391;
;;zt-15392;
;;zt-15393;
;;zt-15394;
;;zt-15395;
;;zt-15396;
;;zt-15397;
;;zt-15398;
;;zt-15399;
;;zt-15400;
;;zt-15401;
;;zt-15402;
;;zt-15403;
;;zt-15404;
;;zt-15405;
;;zt-15406;
;;zt-15407;
;;zt-15408;
;;zt-15409;
;;zt-15410;
;;zt-15411;
;;zt-15412;
;;zt-15413;
;;zt-15414;
;;zt-15415;
;;zt-15416;
;;zt-15417;
;;zt-15418;
;;zt-15419;
;;zt-15420;
;;zt-15421;
;;zt-15422;
;;zt-15423;
;;zt-15424;
;;zt-15425;
;;zt-15426;
;;zt-15427;
;;zt-15428;
;;zt-15429;
;;zt-15430;
;;zt-15431;
;;zt-15432;
;;zt-15433;
;;zt-15434;
;;zt-15435;
;;zt-15436;
;;zt-15437;
;;zt-15438;
;;zt-15439;
;;zt-15440;
;;zt-15441;
;;zt-15442;
;;zt-15443;
;;zt-15444;
;;zt-15445;
;;zt-15446;
;;zt-15447;
;;zt-15448;
;;zt-15449;
;;zt-15450;
;;zt-15451;
;;zt-15452;
;;zt-15453;
;;zt-15454;
;;zt-15455;
;;zt-15456;
;;zt-15457;
;;zt-15458;
;;zt-15459;
;;zt-15460;
;;zt-15461;
;;zt-15462;
;;zt-15463;
;;zt-15464;
;;zt-15465;
;;zt-15466;
;;zt-15467;
;;zt-15468;
;;zt-15469;
;;zt-15470;
;;zt-15471;
;;zt-15472;
;;zt-15473;
;;zt-15474;
;;zt-15475;
;;zt-15476;
;;zt-15477;
;;zt-15478;
;;zt-15479;
;;zt-15480;
;;zt-15481;
;;zt-15482;
;;zt-15483;
;;zt-15484;
;;zt-15485;
;;zt-15486;
;;zt-15487;
;;zt-15488;
;;zt-15489;
;;zt-15490;
;;zt-15491;
;;zt-15492;
;;zt-15493;
;;zt-15494;
;;zt-15495;
;;zt-15496;
;;zt-15497;
;;zt-15498;
;;zt-15499;
;;zt-15500;
;;zt-15501;
;;zt-15502;
;;zt-15503;
;;zt-15504;
;;zt-15505;
;;zt-15506;
;;zt-15507;
;;zt-15508;
;;zt-15509;
;;zt-15510;
;;zt-15511;
;;zt-15512;
;;zt-15513;
;;zt-15514;
;;zt-15515;
;;zt-15516;
;;zt-15517;
;;zt-15518;
;;zt-15519;
;;zt-15520;
;;zt-15521;
;;zt-15522;
;;zt-15523;
;;zt-15524;
;;zt-15525;
;;zt-15526;
;;zt-15527;
;;zt-15528;
;;zt-15529;
;;zt-15530;
;;zt-15531;
;;zt-15532;
;;zt-15533;
;;zt-15534;
;;zt-15535;
;;zt-15536;
;;zt-15537;
;;zt-15538;
;;zt-15539;
;;zt-15540;
;;zt-15541;
;;zt-15542;
;;zt-15543;
;;zt-15544;
;;zt-15545;
;;zt-15546;
;;zt-15547;
;;zt-15548;
;;zt-15549;
;;zt-15550;
;;zt-15551;
;;zt-15552;
;;zt-15553;
;;zt-15554;
;;zt-15555;
;;zt-15556;
;;zt-15557;
;;zt-15558;
;;zt-15559;
;;zt-15560;
;;zt-15561;
;;zt-15562;
;;zt-15563;
;;zt-15564;
;;zt-15565;
;;zt-15566;
;;zt-15567;
;;zt-15568;
;;zt-15569;
;;zt-15570;
;;zt-15571;
;;zt-15572;
;;zt-15573;
;;zt-15574;
;;zt-15575;
;;zt-15576;
;;zt-15577;
;;zt-15578;
;;zt-15579;
;;zt-15580;
;;zt-15581;
;;zt-15582;
;;zt-15583;
;;zt-15584;
;;zt-15585;
;;zt-15586;
;;zt-15587;
;;zt-15588;
;;zt-15589;
;;zt-15590;
;;zt-15591;
;;zt-15592;
;;zt-15593;
;;zt-15594;
;;zt-15595;
;;zt-15596;
;;zt-15597;
;;zt-15598;
;;zt-15599;
;;zt-15600;
;;zt-15601;
;;zt-15602;
;;zt-15603;
;;zt-15604;
;;zt-15605;
;;zt-15606;
;;zt-15607;
;;zt-15608;
;;zt-15609;
;;zt-15610;
;;zt-15611;
;;zt-15612;
;;zt-15613;
;;zt-15614;
;;zt-15615;
;;zt-15616;
;;zt-15617;
;;zt-15618;
;;zt-15619;
;;zt-15620;
;;zt-15621;
;;zt-15622;
;;zt-15623;
;;zt-15624;
;;zt-15625;
;;zt-15626;
;;zt-15627;
;;zt-15628;
;;zt-15629;
;;zt-15630;
;;zt-15631;
;;zt-15632;
;;zt-15633;
;;zt-15634;
;;zt-15635;
;;zt-15636;
;;zt-15637;
;;zt-15638;
;;zt-15639;
;;zt-15640;
;;zt-15641;
;;zt-15642;
;;zt-15643;
;;zt-15644;
;;zt-15645;
;;zt-15646;
;;zt-15647;
;;zt-15648;
;;zt-15649;
;;zt-15650;
;;zt-15651;
;;zt-15652;
;;zt-15653;
;;zt-15654;
;;zt-15655;
;;zt-15656;
;;zt-15657;
;;zt-15658;
;;zt-15659;
;;zt-15660;
;;zt-15661;
;;zt-15662;
;;zt-15663;
;;zt-15664;
;;zt-15665;
;;zt-15666;
;;zt-15667;
;;zt-15668;
;;zt-15669;
;;zt-15670;
;;zt-15671;
;;zt-15672;
;;zt-15673;
;;zt-15674;
;;zt-15675;
;;zt-15676;
;;zt-15677;
;;zt-15678;
;;zt-15679;
;;zt-15680;
;;zt-15681;
;;zt-15682;
;;zt-15683;
;;zt-15684;
;;zt-15685;
;;zt-15686;
;;zt-15687;
;;zt-15688;
;;zt-15689;
;;zt-15690;
;;zt-15691;
;;zt-15692;
;;zt-15693;
;;zt-15694;
;;zt-15695;
;;zt-15696;
;;zt-15697;
;;zt-15698;
;;zt-15699;
;;zt-15700;
;;zt-15701;
;;zt-15702;
;;zt-15703;
;;zt-15704;
;;zt-15705;
;;zt-15706;
;;zt-15707;
;;zt-15708;
;;zt-15709;
;;zt-15710;
;;zt-15711;
;;zt-15712;
;;zt-15713;
;;zt-15714;
;;zt-15715;
;;zt-15716;
;;zt-15717;
;;zt-15718;
;;zt-15719;
;;zt-15720;
;;zt-15721;
;;zt-15722;
;;zt-15723;
;;zt-15724;
;;zt-15725;
;;zt-15726;
;;zt-15727;
;;zt-15728;
;;zt-15729;
;;zt-15730;
;;zt-15731;
;;zt-15732;
;;zt-15733;
;;zt-15734;
;;zt-15735;
;;zt-15736;
;;zt-15737;
;;zt-15738;
;;zt-15739;
;;zt-15740;
;;zt-15741;
;;zt-15742;
;;zt-15743;
;;zt-15744;
;;zt-15745;
;;zt-15746;
;;zt-15747;
;;zt-15748;
;;zt-15749;
;;zt-15750;
;;zt-15751;
;;zt-15752;
;;zt-15753;
;;zt-15754;
;;zt-15755;
;;zt-15756;
;;zt-15757;
;;zt-15758;
;;zt-15759;
;;zt-15760;
;;zt-15761;
;;zt-15762;
;;zt-15763;
;;zt-15764;
;;zt-15765;
;;zt-15766;
;;zt-15767;
;;zt-15768;
;;zt-15769;
;;zt-15770;
;;zt-15771;
;;zt-15772;
;;zt-15773;
;;zt-15774;
;;zt-15775;
;;zt-15776;
;;zt-15777;
;;zt-15778;
;;zt-15779;
;;zt-15780;
;;zt-15781;
;;zt-15782;
;;zt-15783;
;;zt-15784;
;;zt-15785;
;;zt-15786;
;;zt-15787;
;;zt-15788;
;;zt-15789;
;;zt-15790;
;;zt-15791;
;;zt-15792;
;;zt-15793;
;;zt-15794;
;;zt-15795;
;;zt-15796;
;;zt-15797;
;;zt-15798;
;;zt-15799;
;;zt-15800;
;;zt-15801;
;;zt-15802;
;;zt-15803;
;;zt-15804;
;;zt-15805;
;;zt-15806;
;;zt-15807;
;;zt-15808;
;;zt-15809;
;;zt-15810;
;;zt-15811;
;;zt-15812;
;;zt-15813;
;;zt-15814;
;;zt-15815;
;;zt-15816;
;;zt-15817;
;;zt-15818;
;;zt-15819;
;;zt-15820;
;;zt-15821;
;;zt-15822;
;;zt-15823;
;;zt-15824;
;;zt-15825;
;;zt-15826;
;;zt-15827;
;;zt-15828;
;;zt-15829;
;;zt-15830;
;;zt-15831;
;;zt-15832;
;;zt-15833;
;;zt-15834;
;;zt-15835;
;;zt-15836;
;;zt-15837;
;;zt-15838;
;;zt-15839;
;;zt-15840;
;;zt-15841;
;;zt-15842;
;;zt-15843;
;;zt-15844;
;;zt-15845;
;;zt-15846;
;;zt-15847;
;;zt-15848;
;;zt-15849;
;;zt-15850;
;;zt-15851;
;;zt-15852;
;;zt-15853;
;;zt-15854;
;;zt-15855;
;;zt-15856;
;;zt-15857;
;;zt-15858;
;;zt-15859;
;;zt-15860;
;;zt-15861;
;;zt-15862;
;;zt-15863;
;;zt-15864;
;;zt-15865;
;;zt-15866;
;;zt-15867;
;;zt-15868;
;;zt-15869;
;;zt-15870;
;;zt-15871;
;;zt-15872;
;;zt-15873;
;;zt-15874;
;;zt-15875;
;;zt-15876;
;;zt-15877;
;;zt-15878;
;;zt-15879;
;;zt-15880;
;;zt-15881;
;;zt-15882;
;;zt-15883;
;;zt-15884;
;;zt-15885;
;;zt-15886;
;;zt-15887;
;;zt-15888;
;;zt-15889;
;;zt-15890;
;;zt-15891;
;;zt-15892;
;;zt-15893;
;;zt-15894;
;;zt-15895;
;;zt-15896;
;;zt-15897;
;;zt-15898;
;;zt-15899;
;;zt-15900;
;;zt-15901;
;;zt-15902;
;;zt-15903;
;;zt-15904;
;;zt-15905;
;;zt-15906;
;;zt-15907;
;;zt-15908;
;;zt-15909;
;;zt-15910;
;;zt-15911;
;;zt-15912;
;;zt-15913;
;;zt-15914;
;;zt-15915;
;;zt-15916;
;;zt-15917;
;;zt-15918;
;;zt-15919;
;;zt-15920;
;;zt-15921;
;;zt-15922;
;;zt-15923;
;;zt-15924;
;;zt-15925;
;;zt-15926;
;;zt-15927;
;;zt-15928;
;;zt-15929;
;;zt-15930;
;;zt-15931;
;;zt-15932;
;;zt-15933;
;;zt-15934;
;;zt-15935;
;;zt-15936;
;;zt-15937;
;;zt-15938;
;;zt-15939;
;;zt-15940;
;;zt-15941;
;;zt-15942;
;;zt-15943;
;;zt-15944;
;;zt-15945;
;;zt-15946;
;;zt-15947;
;;zt-15948;
;;zt-15949;
;;zt-15950;
;;zt-15951;
;;zt-15952;
;;zt-15953;
;;zt-15954;
;;zt-15955;
;;zt-15956;
;;zt-15957;
;;zt-15958;
;;zt-15959;
;;zt-15960;
;;zt-15961;
;;zt-15962;
;;zt-15963;
;;zt-15964;
;;zt-15965;
;;zt-15966;
;;zt-15967;
;;zt-15968;
;;zt-15969;
;;zt-15970;
;;zt-15971;
;;zt-15972;
;;zt-15973;
;;zt-15974;
;;zt-15975;
;;zt-15976;
;;zt-15977;
;;zt-15978;
;;zt-15979;
;;zt-15980;
;;zt-15981;
;;zt-15982;
;;zt-15983;
;;zt-15984;
;;zt-15985;
;;zt-15986;
;;zt-15987;
;;zt-15988;
;;zt-15989;
;;zt-15990;
;;zt-15991;
;;zt-15992;
;;zt-15993;
;;zt-15994;
;;zt-15995;
;;zt-15996;
;;zt-15997;
;;zt-15998;
;;zt-15999;
;;zt-16000;
;;zt-16001;
;;zt-16002;
;;zt-16003;
;;zt-16004;
;;zt-16005;
;;zt-16006;
;;zt-16007;
;;zt-16008;
;;zt-16009;
;;zt-16010;
;;zt-16011;
;;zt-16012;
;;zt-16013;
;;zt-16014;
;;zt-16015;
;;zt-16016;
;;zt-16017;
;;zt-16018;
;;zt-16019;
;;zt-16020;
;;zt-16021;
;;zt-16022;
;;zt-16023;
;;zt-16024;
;;zt-16025;
;;zt-16026;
;;zt-16027;
;;zt-16028;
;;zt-16029;
;;zt-16030;
;;zt-16031;
;;zt-16032;
;;zt-16033;
;;zt-16034;
;;zt-16035;
;;zt-16036;
;;zt-16037;
;;zt-16038;
;;zt-16039;
;;zt-16040;
;;zt-16041;
;;zt-16042;
;;zt-16043;
;;zt-16044;
;;zt-16045;
;;zt-16046;
;;zt-16047;
;;zt-16048;
;;zt-16049;
;;zt-16050;
;;zt-16051;
;;zt-16052;
;;zt-16053;
;;zt-16054;
;;zt-16055;
;;zt-16056;
;;zt-16057;
;;zt-16058;
;;zt-16059;
;;zt-16060;
;;zt-16061;
;;zt-16062;
;;zt-16063;
;;zt-16064;
;;zt-16065;
;;zt-16066;
;;zt-16067;
;;zt-16068;
;;zt-16069;
;;zt-16070;
;;zt-16071;
;;zt-16072;
;;zt-16073;
;;zt-16074;
;;zt-16075;
;;zt-16076;
;;zt-16077;
;;zt-16078;
;;zt-16079;
;;zt-16080;
;;zt-16081;
;;zt-16082;
;;zt-16083;
;;zt-16084;
;;zt-16085;
;;zt-16086;
;;zt-16087;
;;zt-16088;
;;zt-16089;
;;zt-16090;
;;zt-16091;
;;zt-16092;
;;zt-16093;
;;zt-16094;
;;zt-16095;
;;zt-16096;
;;zt-16097;
;;zt-16098;
;;zt-16099;
;;zt-16100;
;;zt-16101;
;;zt-16102;
;;zt-16103;
;;zt-16104;
;;zt-16105;
;;zt-16106;
;;zt-16107;
;;zt-16108;
;;zt-16109;
;;zt-16110;
;;zt-16111;
;;zt-16112;
;;zt-16113;
;;zt-16114;
;;zt-16115;
;;zt-16116;
;;zt-16117;
;;zt-16118;
;;zt-16119;
;;zt-16120;
;;zt-16121;
;;zt-16122;
;;zt-16123;
;;zt-16124;
;;zt-16125;
;;zt-16126;
;;zt-16127;
;;zt-16128;
;;zt-16129;
;;zt-16130;
;;zt-16131;
;;zt-16132;
;;zt-16133;
;;zt-16134;
;;zt-16135;
;;zt-16136;
;;zt-16137;
;;zt-16138;
;;zt-16139;
;;zt-16140;
;;zt-16141;
;;zt-16142;
;;zt-16143;
;;zt-16144;
;;zt-16145;
;;zt-16146;
;;zt-16147;
;;zt-16148;
;;zt-16149;
;;zt-16150;
;;zt-16151;
;;zt-16152;
;;zt-16153;
;;zt-16154;
;;zt-16155;
;;zt-16156;
;;zt-16157;
;;zt-16158;
;;zt-16159;
;;zt-16160;
;;zt-16161;
;;zt-16162;
;;zt-16163;
;;zt-16164;
;;zt-16165;
;;zt-16166;
;;zt-16167;
;;zt-16168;
;;zt-16169;
;;zt-16170;
;;zt-16171;
;;zt-16172;
;;zt-16173;
;;zt-16174;
;;zt-16175;
;;zt-16176;
;;zt-16177;
;;zt-16178;
;;zt-16179;
;;zt-16180;
;;zt-16181;
;;zt-16182;
;;zt-16183;
;;zt-16184;
;;zt-16185;
;;zt-16186;
;;zt-16187;
;;zt-16188;
;;zt-16189;
;;zt-16190;
;;zt-16191;
;;zt-16192;
;;zt-16193;
;;zt-16194;
;;zt-16195;
;;zt-16196;
;;zt-16197;
;;zt-16198;
;;zt-16199;
;;zt-16200;
;;zt-16201;
;;zt-16202;
;;zt-16203;
;;zt-16204;
;;zt-16205;
;;zt-16206;
;;zt-16207;
;;zt-16208;
;;zt-16209;
;;zt-16210;
;;zt-16211;
;;zt-16212;
;;zt-16213;
;;zt-16214;
;;zt-16215;
;;zt-16216;
;;zt-16217;
;;zt-16218;
;;zt-16219;
;;zt-16220;
;;zt-16221;
;;zt-16222;
;;zt-16223;
;;zt-16224;
;;zt-16225;
;;zt-16226;
;;zt-16227;
;;zt-16228;
;;zt-16229;
;;zt-16230;
;;zt-16231;
;;zt-16232;
;;zt-16233;
;;zt-16234;
;;zt-16235;
;;zt-16236;
;;zt-16237;
;;zt-16238;
;;zt-16239;
;;zt-16240;
;;zt-16241;
;;zt-16242;
;;zt-16243;
;;zt-16244;
;;zt-16245;
;;zt-16246;
;;zt-16247;
;;zt-16248;
;;zt-16249;
;;zt-16250;
;;zt-16251;
;;zt-16252;
;;zt-16253;
;;zt-16254;
;;zt-16255;
;;zt-16256;
;;zt-16257;
;;zt-16258;
;;zt-16259;
;;zt-16260;
;;zt-16261;
;;zt-16262;
;;zt-16263;
;;zt-16264;
;;zt-16265;
;;zt-16266;
;;zt-16267;
;;zt-16268;
;;zt-16269;
;;zt-16270;
;;zt-16271;
;;zt-16272;
;;zt-16273;
;;zt-16274;
;;zt-16275;
;;zt-16276;
;;zt-16277;
;;zt-16278;
;;zt-16279;
;;zt-16280;
;;zt-16281;
;;zt-16282;
;;zt-16283;
;;zt-16284;
;;zt-16285;
;;zt-16286;
;;zt-16287;
;;zt-16288;
;;zt-16289;
;;zt-16290;
;;zt-16291;
;;zt-16292;
;;zt-16293;
;;zt-16294;
;;zt-16295;
;;zt-16296;
;;zt-16297;
;;zt-16298;
;;zt-16299;
;;zt-16300;
;;zt-16301;
;;zt-16302;
;;zt-16303;
;;zt-16304;
;;zt-16305;
;;zt-16306;
;;zt-16307;
;;zt-16308;
;;zt-16309;
;;zt-16310;
;;zt-16311;
;;zt-16312;
;;zt-16313;
;;zt-16314;
;;zt-16315;
;;zt-16316;
;;zt-16317;
;;zt-16318;
;;zt-16319;
;;zt-16320;
;;zt-16321;
;;zt-16322;
;;zt-16323;
;;zt-16324;
;;zt-16325;
;;zt-16326;
;;zt-16327;
;;zt-16328;
;;zt-16329;
;;zt-16330;
;;zt-16331;
;;zt-16332;
;;zt-16333;
;;zt-16334;
;;zt-16335;
;;zt-16336;
;;zt-16337;
;;zt-16338;
;;zt-16339;
;;zt-16340;
;;zt-16341;
;;zt-16342;
;;zt-16343;
;;zt-16344;
;;zt-16345;
;;zt-16346;
;;zt-16347;
;;zt-16348;
;;zt-16349;
;;zt-16350;
;;zt-16351;
;;zt-16352;
;;zt-16353;
;;zt-16354;
;;zt-16355;
;;zt-16356;
;;zt-16357;
;;zt-16358;
;;zt-16359;
;;zt-16360;
;;zt-16361;
;;zt-16362;
;;zt-16363;
;;zt-16364;
;;zt-16365;
;;zt-16366;
;;zt-16367;
;;zt-16368;
;;zt-16369;
;;zt-16370;
;;zt-16371;
;;zt-16372;
;;zt-16373;
;;zt-16374;
;;zt-16375;
;;zt-16376;
;;zt-16377;
;;zt-16378;
;;zt-16379;
;;zt-16380;
;;zt-16381;
;;zt-16382;
;;zt-16383;
;;zt-16384;
;;zt-16385;
;;zt-16386;
;;zt-16387;
;;zt-16388;
;;zt-16389;
;;zt-16390;
;;zt-16391;
;;zt-16392;
;;zt-16393;
;;zt-16394;
;;zt-16395;
;;zt-16396;
;;zt-16397;
;;zt-16398;
;;zt-16399;
;;zt-16400;
;;zt-16401;
;;zt-16402;
;;zt-16403;
;;zt-16404;
;;zt-16405;
;;zt-16406;
;;zt-16407;
;;zt-16408;
;;zt-16409;
;;zt-16410;
;;zt-16411;
;;zt-16412;
;;zt-16413;
;;zt-16414;
;;zt-16415;
;;zt-16416;
;;zt-16417;
;;zt-16418;
;;zt-16419;
;;zt-16420;
;;zt-16421;
;;zt-16422;
;;zt-16423;
;;zt-16424;
;;zt-16425;
;;zt-16426;
;;zt-16427;
;;zt-16428;
;;zt-16429;
;;zt-16430;
;;zt-16431;
;;zt-16432;
;;zt-16433;
;;zt-16434;
;;zt-16435;
;;zt-16436;
;;zt-16437;
;;zt-16438;
;;zt-16439;
;;zt-16440;
;;zt-16441;
;;zt-16442;
;;zt-16443;
;;zt-16444;
;;zt-16445;
;;zt-16446;
;;zt-16447;
;;zt-16448;
;;zt-16449;
;;zt-16450;
;;zt-16451;
;;zt-16452;
;;zt-16453;
;;zt-16454;
;;zt-16455;
;;zt-16456;
;;zt-16457;
;;zt-16458;
;;zt-16459;
;;zt-16460;
;;zt-16461;
;;zt-16462;
;;zt-16463;
;;zt-16464;
;;zt-16465;
;;zt-16466;
;;zt-16467;
;;zt-16468;
;;zt-16469;
;;zt-16470;
;;zt-16471;
;;zt-16472;
;;zt-16473;
;;zt-16474;
;;zt-16475;
;;zt-16476;
;;zt-16477;
;;zt-16478;
;;zt-16479;
;;zt-16480;
;;zt-16481;
;;zt-16482;
;;zt-16483;
;;zt-16484;
;;zt-16485;
;;zt-16486;
;;zt-16487;
;;zt-16488;
;;zt-16489;
;;zt-16490;
;;zt-16491;
;;zt-16492;
;;zt-16493;
;;zt-16494;
;;zt-16495;
;;zt-16496;
;;zt-16497;
;;zt-16498;
;;zt-16499;
;;zt-16500;
;;zt-16501;
;;zt-16502;
;;zt-16503;
;;zt-16504;
;;zt-16505;
;;zt-16506;
;;zt-16507;
;;zt-16508;
;;zt-16509;
;;zt-16510;
;;zt-16511;
;;zt-16512;
;;zt-16513;
;;zt-16514;
;;zt-16515;
;;zt-16516;
;;zt-16517;
;;zt-16518;
;;zt-16519;
;;zt-16520;
;;zt-16521;
;;zt-16522;
;;zt-16523;
;;zt-16524;
;;zt-16525;
;;zt-16526;
;;zt-16527;
;;zt-16528;
;;zt-16529;
;;zt-16530;
;;zt-16531;
;;zt-16532;
;;zt-16533;
;;zt-16534;
;;zt-16535;
;;zt-16536;
;;zt-16537;
;;zt-16538;
;;zt-16539;
;;zt-16540;
;;zt-16541;
;;zt-16542;
;;zt-16543;
;;zt-16544;
;;zt-16545;
;;zt-16546;
;;zt-16547;
;;zt-16548;
;;zt-16549;
;;zt-16550;
;;zt-16551;
;;zt-16552;
;;zt-16553;
;;zt-16554;
;;zt-16555;
;;zt-16556;
;;zt-16557;
;;zt-16558;
;;zt-16559;
;;zt-16560;
;;zt-16561;
;;zt-16562;
;;zt-16563;
;;zt-16564;
;;zt-16565;
;;zt-16566;
;;zt-16567;
;;zt-16568;
;;zt-16569;
;;zt-16570;
;;zt-16571;
;;zt-16572;
;;zt-16573;
;;zt-16574;
;;zt-16575;
;;zt-16576;
;;zt-16577;
;;zt-16578;
;;zt-16579;
;;zt-16580;
;;zt-16581;
;;zt-16582;
;;zt-16583;
;;zt-16584;
;;zt-16585;
;;zt-16586;
;;zt-16587;
;;zt-16588;
;;zt-16589;
;;zt-16590;
;;zt-16591;
;;zt-16592;
;;zt-16593;
;;zt-16594;
;;zt-16595;
;;zt-16596;
;;zt-16597;
;;zt-16598;
;;zt-16599;
;;zt-16600;
;;zt-16601;
;;zt-16602;
;;zt-16603;
;;zt-16604;
;;zt-16605;
;;zt-16606;
;;zt-16607;
;;zt-16608;
;;zt-16609;
;;zt-16610;
;;zt-16611;
;;zt-16612;
;;zt-16613;
;;zt-16614;
;;zt-16615;
;;zt-16616;
;;zt-16617;
;;zt-16618;
;;zt-16619;
;;zt-16620;
;;zt-16621;
;;zt-16622;
;;zt-16623;
;;zt-16624;
;;zt-16625;
;;zt-16626;
;;zt-16627;
;;zt-16628;
;;zt-16629;
;;zt-16630;
;;zt-16631;
;;zt-16632;
;;zt-16633;
;;zt-16634;
;;zt-16635;
;;zt-16636;
;;zt-16637;
;;zt-16638;
;;zt-16639;
;;zt-16640;
;;zt-16641;
;;zt-16642;
;;zt-16643;
;;zt-16644;
;;zt-16645;
;;zt-16646;
;;zt-16647;
;;zt-16648;
;;zt-16649;
;;zt-16650;
;;zt-16651;
;;zt-16652;
;;zt-16653;
;;zt-16654;
;;zt-16655;
;;zt-16656;
;;zt-16657;
;;zt-16658;
;;zt-16659;
;;zt-16660;
;;zt-16661;
;;zt-16662;
;;zt-16663;
;;zt-16664;
;;zt-16665;
;;zt-16666;
;;zt-16667;
;;zt-16668;
;;zt-16669;
;;zt-16670;
;;zt-16671;
;;zt-16672;
;;zt-16673;
;;zt-16674;
;;zt-16675;
;;zt-16676;
;;zt-16677;
;;zt-16678;
;;zt-16679;
;;zt-16680;
;;zt-16681;
;;zt-16682;
;;zt-16683;
;;zt-16684;
;;zt-16685;
;;zt-16686;
;;zt-16687;
;;zt-16688;
;;zt-16689;
;;zt-16690;
;;zt-16691;
;;zt-16692;
;;zt-16693;
;;zt-16694;
;;zt-16695;
;;zt-16696;
;;zt-16697;
;;zt-16698;
;;zt-16699;
;;zt-16700;
;;zt-16701;
;;zt-16702;
;;zt-16703;
;;zt-16704;
;;zt-16705;
;;zt-16706;
;;zt-16707;
;;zt-16708;
;;zt-16709;
;;zt-16710;
;;zt-16711;
;;zt-16712;
;;zt-16713;
;;zt-16714;
;;zt-16715;
;;zt-16716;
;;zt-16717;
;;zt-16718;
;;zt-16719;
;;zt-16720;
;;zt-16721;
;;zt-16722;
;;zt-16723;
;;zt-16724;
;;zt-16725;
;;zt-16726;
;;zt-16727;
;;zt-16728;
;;zt-16729;
;;zt-16730;
;;zt-16731;
;;zt-16732;
;;zt-16733;
;;zt-16734;
;;zt-16735;
;;zt-16736;
;;zt-16737;
;;zt-16738;
;;zt-16739;
;;zt-16740;
;;zt-16741;
;;zt-16742;
;;zt-16743;
;;zt-16744;
;;zt-16745;
;;zt-16746;
;;zt-16747;
;;zt-16748;
;;zt-16749;
;;zt-16750;
;;zt-16751;
;;zt-16752;
;;zt-16753;
;;zt-16754;
;;zt-16755;
;;zt-16756;
;;zt-16757;
;;zt-16758;
;;zt-16759;
;;zt-16760;
;;zt-16761;
;;zt-16762;
;;zt-16763;
;;zt-16764;
;;zt-16765;
;;zt-16766;
;;zt-16767;
;;zt-16768;
;;zt-16769;
;;zt-16770;
;;zt-16771;
;;zt-16772;
;;zt-16773;
;;zt-16774;
;;zt-16775;
;;zt-16776;
;;zt-16777;
;;zt-16778;
;;zt-16779;
;;zt-16780;
;;zt-16781;
;;zt-16782;
;;zt-16783;
;;zt-16784;
;;zt-16785;
;;zt-16786;
;;zt-16787;
;;zt-16788;
;;zt-16789;
;;zt-16790;
;;zt-16791;
;;zt-16792;
;;zt-16793;
;;zt-16794;
;;zt-16795;
;;zt-16796;
;;zt-16797;
;;zt-16798;
;;zt-16799;
;;zt-16800;
;;zt-16801;
;;zt-16802;
;;zt-16803;
;;zt-16804;
;;zt-16805;
;;zt-16806;
;;zt-16807;
;;zt-16808;
;;zt-16809;
;;zt-16810;
;;zt-16811;
;;zt-16812;
;;zt-16813;
;;zt-16814;
;;zt-16815;
;;zt-16816;
;;zt-16817;
;;zt-16818;
;;zt-16819;
;;zt-16820;
;;zt-16821;
;;zt-16822;
;;zt-16823;
;;zt-16824;
;;zt-16825;
;;zt-16826;
;;zt-16827;
;;zt-16828;
;;zt-16829;
;;zt-16830;
;;zt-16831;
;;zt-16832;
;;zt-16833;
;;zt-16834;
;;zt-16835;
;;zt-16836;
;;zt-16837;
;;zt-16838;
;;zt-16839;
;;zt-16840;
;;zt-16841;
;;zt-16842;
;;zt-16843;
;;zt-16844;
;;zt-16845;
;;zt-16846;
;;zt-16847;
;;zt-16848;
;;zt-16849;
;;zt-16850;
;;zt-16851;
;;zt-16852;
;;zt-16853;
;;zt-16854;
;;zt-16855;
;;zt-16856;
;;zt-16857;
;;zt-16858;
;;zt-16859;
;;zt-16860;
;;zt-16861;
;;zt-16862;
;;zt-16863;
;;zt-16864;
;;zt-16865;
;;zt-16866;
;;zt-16867;
;;zt-16868;
;;zt-16869;
;;zt-16870;
;;zt-16871;
;;zt-16872;
;;zt-16873;
;;zt-16874;
;;zt-16875;
;;zt-16876;
;;zt-16877;
;;zt-16878;
;;zt-16879;
;;zt-16880;
;;zt-16881;
;;zt-16882;
;;zt-16883;
;;zt-16884;
;;zt-16885;
;;zt-16886;
;;zt-16887;
;;zt-16888;
;;zt-16889;
;;zt-16890;
;;zt-16891;
;;zt-16892;
;;zt-16893;
;;zt-16894;
;;zt-16895;
;;zt-16896;
;;zt-16897;
;;zt-16898;
;;zt-16899;
;;zt-16900;
;;zt-16901;
;;zt-16902;
;;zt-16903;
;;zt-16904;
;;zt-16905;
;;zt-16906;
;;zt-16907;
;;zt-16908;
;;zt-16909;
;;zt-16910;
;;zt-16911;
;;zt-16912;
;;zt-16913;
;;zt-16914;
;;zt-16915;
;;zt-16916;
;;zt-16917;
;;zt-16918;
;;zt-16919;
;;zt-16920;
;;zt-16921;
;;zt-16922;
;;zt-16923;
;;zt-16924;
;;zt-16925;
;;zt-16926;
;;zt-16927;
;;zt-16928;
;;zt-16929;
;;zt-16930;
;;zt-16931;
;;zt-16932;
;;zt-16933;
;;zt-16934;
;;zt-16935;
;;zt-16936;
;;zt-16937;
;;zt-16938;
;;zt-16939;
;;zt-16940;
;;zt-16941;
;;zt-16942;
;;zt-16943;
;;zt-16944;
;;zt-16945;
;;zt-16946;
;;zt-16947;
;;zt-16948;
;;zt-16949;
;;zt-16950;
;;zt-16951;
;;zt-16952;
;;zt-16953;
;;zt-16954;
;;zt-16955;
;;zt-16956;
;;zt-16957;
;;zt-16958;
;;zt-16959;
;;zt-16960;
;;zt-16961;
;;zt-16962;
;;zt-16963;
;;zt-16964;
;;zt-16965;
;;zt-16966;
;;zt-16967;
;;zt-16968;
;;zt-16969;
;;zt-16970;
;;zt-16971;
;;zt-16972;
;;zt-16973;
;;zt-16974;
;;zt-16975;
;;zt-16976;
;;zt-16977;
;;zt-16978;
;;zt-16979;
;;zt-16980;
;;zt-16981;
;;zt-16982;
;;zt-16983;
;;zt-16984;
;;zt-16985;
;;zt-16986;
;;zt-16987;
;;zt-16988;
;;zt-16989;
;;zt-16990;
;;zt-16991;
;;zt-16992;
;;zt-16993;
;;zt-16994;
;;zt-16995;
;;zt-16996;
;;zt-16997;
;;zt-16998;
;;zt-16999;
;;zt-17000;
;;zt-17001;
;;zt-17002;
;;zt-17003;
;;zt-17004;
;;zt-17005;
;;zt-17006;
;;zt-17007;
;;zt-17008;
;;zt-17009;
;;zt-17010;
;;zt-17011;
;;zt-17012;
;;zt-17013;
;;zt-17014;
;;zt-17015;
;;zt-17016;
;;zt-17017;
;;zt-17018;
;;zt-17019;
;;zt-17020;
;;zt-17021;
;;zt-17022;
;;zt-17023;
;;zt-17024;
;;zt-17025;
;;zt-17026;
;;zt-17027;
;;zt-17028;
;;zt-17029;
;;zt-17030;
;;zt-17031;
;;zt-17032;
;;zt-17033;
;;zt-17034;
;;zt-17035;
;;zt-17036;
;;zt-17037;
;;zt-17038;
;;zt-17039;
;;zt-17040;
;;zt-17041;
;;zt-17042;
;;zt-17043;
;;zt-17044;
;;zt-17045;
;;zt-17046;
;;zt-17047;
;;zt-17048;
;;zt-17049;
;;zt-17050;
;;zt-17051;
;;zt-17052;
;;zt-17053;
;;zt-17054;
;;zt-17055;
;;zt-17056;
;;zt-17057;
;;zt-17058;
;;zt-17059;
;;zt-17060;
;;zt-17061;
;;zt-17062;
;;zt-17063;
;;zt-17064;
;;zt-17065;
;;zt-17066;
;;zt-17067;
;;zt-17068;
;;zt-17069;
;;zt-17070;
;;zt-17071;
;;zt-17072;
;;zt-17073;
;;zt-17074;
;;zt-17075;
;;zt-17076;
;;zt-17077;
;;zt-17078;
;;zt-17079;
;;zt-17080;
;;zt-17081;
;;zt-17082;
;;zt-17083;
;;zt-17084;
;;zt-17085;
;;zt-17086;
;;zt-17087;
;;zt-17088;
;;zt-17089;
;;zt-17090;
;;zt-17091;
;;zt-17092;
;;zt-17093;
;;zt-17094;
;;zt-17095;
;;zt-17096;
;;zt-17097;
;;zt-17098;
;;zt-17099;
;;zt-17100;
;;zt-17101;
;;zt-17102;
;;zt-17103;
;;zt-17104;
;;zt-17105;
;;zt-17106;
;;zt-17107;
;;zt-17108;
;;zt-17109;
;;zt-17110;
;;zt-17111;
;;zt-17112;
;;zt-17113;
;;zt-17114;
;;zt-17115;
;;zt-17116;
;;zt-17117;
;;zt-17118;
;;zt-17119;
;;zt-17120;
;;zt-17121;
;;zt-17122;
;;zt-17123;
;;zt-17124;
;;zt-17125;
;;zt-17126;
;;zt-17127;
;;zt-17128;
;;zt-17129;
;;zt-17130;
;;zt-17131;
;;zt-17132;
;;zt-17133;
;;zt-17134;
;;zt-17135;
;;zt-17136;
;;zt-17137;
;;zt-17138;
;;zt-17139;
;;zt-17140;
;;zt-17141;
;;zt-17142;
;;zt-17143;
;;zt-17144;
;;zt-17145;
;;zt-17146;
;;zt-17147;
;;zt-17148;
;;zt-17149;
;;zt-17150;
;;zt-17151;
;;zt-17152;
;;zt-17153;
;;zt-17154;
;;zt-17155;
;;zt-17156;
;;zt-17157;
;;zt-17158;
;;zt-17159;
;;zt-17160;
;;zt-17161;
;;zt-17162;
;;zt-17163;
;;zt-17164;
;;zt-17165;
;;zt-17166;
;;zt-17167;
;;zt-17168;
;;zt-17169;
;;zt-17170;
;;zt-17171;
;;zt-17172;
;;zt-17173;
;;zt-17174;
;;zt-17175;
;;zt-17176;
;;zt-17177;
;;zt-17178;
;;zt-17179;
;;zt-17180;
;;zt-17181;
;;zt-17182;
;;zt-17183;
;;zt-17184;
;;zt-17185;
;;zt-17186;
;;zt-17187;
;;zt-17188;
;;zt-17189;
;;zt-17190;
;;zt-17191;
;;zt-17192;
;;zt-17193;
;;zt-17194;
;;zt-17195;
;;zt-17196;
;;zt-17197;
;;zt-17198;
;;zt-17199;
;;zt-17200;
;;zt-17201;
;;zt-17202;
;;zt-17203;
;;zt-17204;
;;zt-17205;
;;zt-17206;
;;zt-17207;
;;zt-17208;
;;zt-17209;
;;zt-17210;
;;zt-17211;
;;zt-17212;
;;zt-17213;
;;zt-17214;
;;zt-17215;
;;zt-17216;
;;zt-17217;
;;zt-17218;
;;zt-17219;
;;zt-17220;
;;zt-17221;
;;zt-17222;
;;zt-17223;
;;zt-17224;
;;zt-17225;
;;zt-17226;
;;zt-17227;
;;zt-17228;
;;zt-17229;
;;zt-17230;
;;zt-17231;
;;zt-17232;
;;zt-17233;
;;zt-17234;
;;zt-17235;
;;zt-17236;
;;zt-17237;
;;zt-17238;
;;zt-17239;
;;zt-17240;
;;zt-17241;
;;zt-17242;
;;zt-17243;
;;zt-17244;
;;zt-17245;
;;zt-17246;
;;zt-17247;
;;zt-17248;
;;zt-17249;
;;zt-17250;
;;zt-17251;
;;zt-17252;
;;zt-17253;
;;zt-17254;
;;zt-17255;
;;zt-17256;
;;zt-17257;
;;zt-17258;
;;zt-17259;
;;zt-17260;
;;zt-17261;
;;zt-17262;
;;zt-17263;
;;zt-17264;
;;zt-17265;
;;zt-17266;
;;zt-17267;
;;zt-17268;
;;zt-17269;
;;zt-17270;
;;zt-17271;
;;zt-17272;
;;zt-17273;
;;zt-17274;
;;zt-17275;
;;zt-17276;
;;zt-17277;
;;zt-17278;
;;zt-17279;
;;zt-17280;
;;zt-17281;
;;zt-17282;
;;zt-17283;
;;zt-17284;
;;zt-17285;
;;zt-17286;
;;zt-17287;
;;zt-17288;
;;zt-17289;
;;zt-17290;
;;zt-17291;
;;zt-17292;
;;zt-17293;
;;zt-17294;
;;zt-17295;
;;zt-17296;
;;zt-17297;
;;zt-17298;
;;zt-17299;
;;zt-17300;
;;zt-17301;
;;zt-17302;
;;zt-17303;
;;zt-17304;
;;zt-17305;
;;zt-17306;
;;zt-17307;
;;zt-17308;
;;zt-17309;
;;zt-17310;
;;zt-17311;
;;zt-17312;
;;zt-17313;
;;zt-17314;
;;zt-17315;
;;zt-17316;
;;zt-17317;
;;zt-17318;
;;zt-17319;
;;zt-17320;
;;zt-17321;
;;zt-17322;
;;zt-17323;
;;zt-17324;
;;zt-17325;
;;zt-17326;
;;zt-17327;
;;zt-17328;
;;zt-17329;
;;zt-17330;
;;zt-17331;
;;zt-17332;
;;zt-17333;
;;zt-17334;
;;zt-17335;
;;zt-17336;
;;zt-17337;
;;zt-17338;
;;zt-17339;
;;zt-17340;
;;zt-17341;
;;zt-17342;
;;zt-17343;
;;zt-17344;
;;zt-17345;
;;zt-17346;
;;zt-17347;
;;zt-17348;
;;zt-17349;
;;zt-17350;
;;zt-17351;
;;zt-17352;
;;zt-17353;
;;zt-17354;
;;zt-17355;
;;zt-17356;
;;zt-17357;
;;zt-17358;
;;zt-17359;
;;zt-17360;
;;zt-17361;
;;zt-17362;
;;zt-17363;
;;zt-17364;
;;zt-17365;
;;zt-17366;
;;zt-17367;
;;zt-17368;
;;zt-17369;
;;zt-17370;
;;zt-17371;
;;zt-17372;
;;zt-17373;
;;zt-17374;
;;zt-17375;
;;zt-17376;
;;zt-17377;
;;zt-17378;
;;zt-17379;
;;zt-17380;
;;zt-17381;
;;zt-17382;
;;zt-17383;
;;zt-17384;
;;zt-17385;
;;zt-17386;
;;zt-17387;
;;zt-17388;
;;zt-17389;
;;zt-17390;
;;zt-17391;
;;zt-17392;
;;zt-17393;
;;zt-17394;
;;zt-17395;
;;zt-17396;
;;zt-17397;
;;zt-17398;
;;zt-17399;
;;zt-17400;
;;zt-17401;
;;zt-17402;
;;zt-17403;
;;zt-17404;
;;zt-17405;
;;zt-17406;
;;zt-17407;
;;zt-17408;
;;zt-17409;
;;zt-17410;
;;zt-17411;
;;zt-17412;
;;zt-17413;
;;zt-17414;
;;zt-17415;
;;zt-17416;
;;zt-17417;
;;zt-17418;
;;zt-17419;
;;zt-17420;
;;zt-17421;
;;zt-17422;
;;zt-17423;
;;zt-17424;
;;zt-17425;
;;zt-17426;
;;zt-17427;
;;zt-17428;
;;zt-17429;
;;zt-17430;
;;zt-17431;
;;zt-17432;
;;zt-17433;
;;zt-17434;
;;zt-17435;
;;zt-17436;
;;zt-17437;
;;zt-17438;
;;zt-17439;
;;zt-17440;
;;zt-17441;
;;zt-17442;
;;zt-17443;
;;zt-17444;
;;zt-17445;
;;zt-17446;
;;zt-17447;
;;zt-17448;
;;zt-17449;
;;zt-17450;
;;zt-17451;
;;zt-17452;
;;zt-17453;
;;zt-17454;
;;zt-17455;
;;zt-17456;
;;zt-17457;
;;zt-17458;
;;zt-17459;
;;zt-17460;
;;zt-17461;
;;zt-17462;
;;zt-17463;
;;zt-17464;
;;zt-17465;
;;zt-17466;
;;zt-17467;
;;zt-17468;
;;zt-17469;
;;zt-17470;
;;zt-17471;
;;zt-17472;
;;zt-17473;
;;zt-17474;
;;zt-17475;
;;zt-17476;
;;zt-17477;
;;zt-17478;
;;zt-17479;
;;zt-17480;
;;zt-17481;
;;zt-17482;
;;zt-17483;
;;zt-17484;
;;zt-17485;
;;zt-17486;
;;zt-17487;
;;zt-17488;
;;zt-17489;
;;zt-17490;
;;zt-17491;
;;zt-17492;
;;zt-17493;
;;zt-17494;
;;zt-17495;
;;zt-17496;
;;zt-17497;
;;zt-17498;
;;zt-17499;
;;zt-17500;
;;zt-17501;
;;zt-17502;
;;zt-17503;
;;zt-17504;
;;zt-17505;
;;zt-17506;
;;zt-17507;
;;zt-17508;
;;zt-17509;
;;zt-17510;
;;zt-17511;
;;zt-17512;
;;zt-17513;
;;zt-17514;
;;zt-17515;
;;zt-17516;
;;zt-17517;
;;zt-17518;
;;zt-17519;
;;zt-17520;
;;zt-17521;
;;zt-17522;
;;zt-17523;
;;zt-17524;
;;zt-17525;
;;zt-17526;
;;zt-17527;
;;zt-17528;
;;zt-17529;
;;zt-17530;
;;zt-17531;
;;zt-17532;
;;zt-17533;
;;zt-17534;
;;zt-17535;
;;zt-17536;
;;zt-17537;
;;zt-17538;
;;zt-17539;
;;zt-17540;
;;zt-17541;
;;zt-17542;
;;zt-17543;
;;zt-17544;
;;zt-17545;
;;zt-17546;
;;zt-17547;
;;zt-17548;
;;zt-17549;
;;zt-17550;
;;zt-17551;
;;zt-17552;
;;zt-17553;
;;zt-17554;
;;zt-17555;
;;zt-17556;
;;zt-17557;
;;zt-17558;
;;zt-17559;
;;zt-17560;
;;zt-17561;
;;zt-17562;
;;zt-17563;
;;zt-17564;
;;zt-17565;
;;zt-17566;
;;zt-17567;
;;zt-17568;
;;zt-17569;
;;zt-17570;
;;zt-17571;
;;zt-17572;
;;zt-17573;
;;zt-17574;
;;zt-17575;
;;zt-17576;
;;zt-17577;
;;zt-17578;
;;zt-17579;
;;zt-17580;
;;zt-17581;
;;zt-17582;
;;zt-17583;
;;zt-17584;
;;zt-17585;
;;zt-17586;
;;zt-17587;
;;zt-17588;
;;zt-17589;
;;zt-17590;
;;zt-17591;
;;zt-17592;
;;zt-17593;
;;zt-17594;
;;zt-17595;
;;zt-17596;
;;zt-17597;
;;zt-17598;
;;zt-17599;
;;zt-17600;
;;zt-17601;
;;zt-17602;
;;zt-17603;
;;zt-17604;
;;zt-17605;
;;zt-17606;
;;zt-17607;
;;zt-17608;
;;zt-17609;
;;zt-17610;
;;zt-17611;
;;zt-17612;
;;zt-17613;
;;zt-17614;
;;zt-17615;
;;zt-17616;
;;zt-17617;
;;zt-17618;
;;zt-17619;
;;zt-17620;
;;zt-17621;
;;zt-17622;
;;zt-17623;
;;zt-17624;
;;zt-17625;
;;zt-17626;
;;zt-17627;
;;zt-17628;
;;zt-17629;
;;zt-17630;
;;zt-17631;
;;zt-17632;
;;zt-17633;
;;zt-17634;
;;zt-17635;
;;zt-17636;
;;zt-17637;
;;zt-17638;
;;zt-17639;
;;zt-17640;
;;zt-17641;
;;zt-17642;
;;zt-17643;
;;zt-17644;
;;zt-17645;
;;zt-17646;
;;zt-17647;
;;zt-17648;
;;zt-17649;
;;zt-17650;
;;zt-17651;
;;zt-17652;
;;zt-17653;
;;zt-17654;
;;zt-17655;
;;zt-17656;
;;zt-17657;
;;zt-17658;
;;zt-17659;
;;zt-17660;
;;zt-17661;
;;zt-17662;
;;zt-17663;
;;zt-17664;
;;zt-17665;
;;zt-17666;
;;zt-17667;
;;zt-17668;
;;zt-17669;
;;zt-17670;
;;zt-17671;
;;zt-17672;
;;zt-17673;
;;zt-17674;
;;zt-17675;
;;zt-17676;
;;zt-17677;
;;zt-17678;
;;zt-17679;
;;zt-17680;
;;zt-17681;
;;zt-17682;
;;zt-17683;
;;zt-17684;
;;zt-17685;
;;zt-17686;
;;zt-17687;
;;zt-17688;
;;zt-17689;
;;zt-17690;
;;zt-17691;
;;zt-17692;
;;zt-17693;
;;zt-17694;
;;zt-17695;
;;zt-17696;
;;zt-17697;
;;zt-17698;
;;zt-17699;
;;zt-17700;
;;zt-17701;
;;zt-17702;
;;zt-17703;
;;zt-17704;
;;zt-17705;
;;zt-17706;
;;zt-17707;
;;zt-17708;
;;zt-17709;
;;zt-17710;
;;zt-17711;
;;zt-17712;
;;zt-17713;
;;zt-17714;
;;zt-17715;
;;zt-17716;
;;zt-17717;
;;zt-17718;
;;zt-17719;
;;zt-17720;
;;zt-17721;
;;zt-17722;
;;zt-17723;
;;zt-17724;
;;zt-17725;
;;zt-17726;
;;zt-17727;
;;zt-17728;
;;zt-17729;
;;zt-17730;
;;zt-17731;
;;zt-17732;
;;zt-17733;
;;zt-17734;
;;zt-17735;
;;zt-17736;
;;zt-17737;
;;zt-17738;
;;zt-17739;
;;zt-17740;
;;zt-17741;
;;zt-17742;
;;zt-17743;
;;zt-17744;
;;zt-17745;
;;zt-17746;
;;zt-17747;
;;zt-17748;
;;zt-17749;
;;zt-17750;
;;zt-17751;
;;zt-17752;
;;zt-17753;
;;zt-17754;
;;zt-17755;
;;zt-17756;
;;zt-17757;
;;zt-17758;
;;zt-17759;
;;zt-17760;
;;zt-17761;
;;zt-17762;
;;zt-17763;
;;zt-17764;
;;zt-17765;
;;zt-17766;
;;zt-17767;
;;zt-17768;
;;zt-17769;
;;zt-17770;
;;zt-17771;
;;zt-17772;
;;zt-17773;
;;zt-17774;
;;zt-17775;
;;zt-17776;
;;zt-17777;
;;zt-17778;
;;zt-17779;
;;zt-17780;
;;zt-17781;
;;zt-17782;
;;zt-17783;
;;zt-17784;
;;zt-17785;
;;zt-17786;
;;zt-17787;
;;zt-17788;
;;zt-17789;
;;zt-17790;
;;zt-17791;
;;zt-17792;
;;zt-17793;
;;zt-17794;
;;zt-17795;
;;zt-17796;
;;zt-17797;
;;zt-17798;
;;zt-17799;
;;zt-17800;
;;zt-17801;
;;zt-17802;
;;zt-17803;
;;zt-17804;
;;zt-17805;
;;zt-17806;
;;zt-17807;
;;zt-17808;
;;zt-17809;
;;zt-17810;
;;zt-17811;
;;zt-17812;
;;zt-17813;
;;zt-17814;
;;zt-17815;
;;zt-17816;
;;zt-17817;
;;zt-17818;
;;zt-17819;
;;zt-17820;
;;zt-17821;
;;zt-17822;
;;zt-17823;
;;zt-17824;
;;zt-17825;
;;zt-17826;
;;zt-17827;
;;zt-17828;
;;zt-17829;
;;zt-17830;
;;zt-17831;
;;zt-17832;
;;zt-17833;
;;zt-17834;
;;zt-17835;
;;zt-17836;
;;zt-17837;
;;zt-17838;
;;zt-17839;
;;zt-17840;
;;zt-17841;
;;zt-17842;
;;zt-17843;
;;zt-17844;
;;zt-17845;
;;zt-17846;
;;zt-17847;
;;zt-17848;
;;zt-17849;
;;zt-17850;
;;zt-17851;
;;zt-17852;
;;zt-17853;
;;zt-17854;
;;zt-17855;
;;zt-17856;
;;zt-17857;
;;zt-17858;
;;zt-17859;
;;zt-17860;
;;zt-17861;
;;zt-17862;
;;zt-17863;
;;zt-17864;
;;zt-17865;
;;zt-17866;
;;zt-17867;
;;zt-17868;
;;zt-17869;
;;zt-17870;
;;zt-17871;
;;zt-17872;
;;zt-17873;
;;zt-17874;
;;zt-17875;
;;zt-17876;
;;zt-17877;
;;zt-17878;
;;zt-17879;
;;zt-17880;
;;zt-17881;
;;zt-17882;
;;zt-17883;
;;zt-17884;
;;zt-17885;
;;zt-17886;
;;zt-17887;
;;zt-17888;
;;zt-17889;
;;zt-17890;
;;zt-17891;
;;zt-17892;
;;zt-17893;
;;zt-17894;
;;zt-17895;
;;zt-17896;
;;zt-17897;
;;zt-17898;
;;zt-17899;
;;zt-17900;
;;zt-17901;
;;zt-17902;
;;zt-17903;
;;zt-17904;
;;zt-17905;
;;zt-17906;
;;zt-17907;
;;zt-17908;
;;zt-17909;
;;zt-17910;
;;zt-17911;
;;zt-17912;
;;zt-17913;
;;zt-17914;
;;zt-17915;
;;zt-17916;
;;zt-17917;
;;zt-17918;
;;zt-17919;
;;zt-17920;
;;zt-17921;
;;zt-17922;
;;zt-17923;
;;zt-17924;
;;zt-17925;
;;zt-17926;
;;zt-17927;
;;zt-17928;
;;zt-17929;
;;zt-17930;
;;zt-17931;
;;zt-17932;
;;zt-17933;
;;zt-17934;
;;zt-17935;
;;zt-17936;
;;zt-17937;
;;zt-17938;
;;zt-17939;
;;zt-17940;
;;zt-17941;
;;zt-17942;
;;zt-17943;
;;zt-17944;
;;zt-17945;
;;zt-17946;
;;zt-17947;
;;zt-17948;
;;zt-17949;
;;zt-17950;
;;zt-17951;
;;zt-17952;
;;zt-17953;
;;zt-17954;
;;zt-17955;
;;zt-17956;
;;zt-17957;
;;zt-17958;
;;zt-17959;
;;zt-17960;
;;zt-17961;
;;zt-17962;
;;zt-17963;
;;zt-17964;
;;zt-17965;
;;zt-17966;
;;zt-17967;
;;zt-17968;
;;zt-17969;
;;zt-17970;
;;zt-17971;
;;zt-17972;
;;zt-17973;
;;zt-17974;
;;zt-17975;
;;zt-17976;
;;zt-17977;
;;zt-17978;
;;zt-17979;
;;zt-17980;
;;zt-17981;
;;zt-17982;
;;zt-17983;
;;zt-17984;
;;zt-17985;
;;zt-17986;
;;zt-17987;
;;zt-17988;
;;zt-17989;
;;zt-17990;
;;zt-17991;
;;zt-17992;
;;zt-17993;
;;zt-17994;
;;zt-17995;
;;zt-17996;
;;zt-17997;
;;zt-17998;
;;zt-17999;
;;zt-18000;
;;zt-18001;
;;zt-18002;
;;zt-18003;
;;zt-18004;
;;zt-18005;
;;zt-18006;
;;zt-18007;
;;zt-18008;
;;zt-18009;
;;zt-18010;
;;zt-18011;
;;zt-18012;
;;zt-18013;
;;zt-18014;
;;zt-18015;
;;zt-18016;
;;zt-18017;
;;zt-18018;
;;zt-18019;
;;zt-18020;
;;zt-18021;
;;zt-18022;
;;zt-18023;
;;zt-18024;
;;zt-18025;
;;zt-18026;
;;zt-18027;
;;zt-18028;
;;zt-18029;
;;zt-18030;
;;zt-18031;
;;zt-18032;
;;zt-18033;
;;zt-18034;
;;zt-18035;
;;zt-18036;
;;zt-18037;
;;zt-18038;
;;zt-18039;
;;zt-18040;
;;zt-18041;
;;zt-18042;
;;zt-18043;
;;zt-18044;
;;zt-18045;
;;zt-18046;
;;zt-18047;
;;zt-18048;
;;zt-18049;
;;zt-18050;
;;zt-18051;
;;zt-18052;
;;zt-18053;
;;zt-18054;
;;zt-18055;
;;zt-18056;
;;zt-18057;
;;zt-18058;
;;zt-18059;
;;zt-18060;
;;zt-18061;
;;zt-18062;
;;zt-18063;
;;zt-18064;
;;zt-18065;
;;zt-18066;
;;zt-18067;
;;zt-18068;
;;zt-18069;
;;zt-18070;
;;zt-18071;
;;zt-18072;
;;zt-18073;
;;zt-18074;
;;zt-18075;
;;zt-18076;
;;zt-18077;
;;zt-18078;
;;zt-18079;
;;zt-18080;
;;zt-18081;
;;zt-18082;
;;zt-18083;
;;zt-18084;
;;zt-18085;
;;zt-18086;
;;zt-18087;
;;zt-18088;
;;zt-18089;
;;zt-18090;
;;zt-18091;
;;zt-18092;
;;zt-18093;
;;zt-18094;
;;zt-18095;
;;zt-18096;
;;zt-18097;
;;zt-18098;
;;zt-18099;
;;zt-18100;
;;zt-18101;
;;zt-18102;
;;zt-18103;
;;zt-18104;
;;zt-18105;
;;zt-18106;
;;zt-18107;
;;zt-18108;
;;zt-18109;
;;zt-18110;
;;zt-18111;
;;zt-18112;
;;zt-18113;
;;zt-18114;
;;zt-18115;
;;zt-18116;
;;zt-18117;
;;zt-18118;
;;zt-18119;
;;zt-18120;
;;zt-18121;
;;zt-18122;
;;zt-18123;
;;zt-18124;
;;zt-18125;
;;zt-18126;
;;zt-18127;
;;zt-18128;
;;zt-18129;
;;zt-18130;
;;zt-18131;
;;zt-18132;
;;zt-18133;
;;zt-18134;
;;zt-18135;
;;zt-18136;
;;zt-18137;
;;zt-18138;
;;zt-18139;
;;zt-18140;
;;zt-18141;
;;zt-18142;
;;zt-18143;
;;zt-18144;
;;zt-18145;
;;zt-18146;
;;zt-18147;
;;zt-18148;
;;zt-18149;
;;zt-18150;
;;zt-18151;
;;zt-18152;
;;zt-18153;
;;zt-18154;
;;zt-18155;
;;zt-18156;
;;zt-18157;
;;zt-18158;
;;zt-18159;
;;zt-18160;
;;zt-18161;
;;zt-18162;
;;zt-18163;
;;zt-18164;
;;zt-18165;
;;zt-18166;
;;zt-18167;
;;zt-18168;
;;zt-18169;
;;zt-18170;
;;zt-18171;
;;zt-18172;
;;zt-18173;
;;zt-18174;
;;zt-18175;
;;zt-18176;
;;zt-18177;
;;zt-18178;
;;zt-18179;
;;zt-18180;
;;zt-18181;
;;zt-18182;
;;zt-18183;
;;zt-18184;
;;zt-18185;
;;zt-18186;
;;zt-18187;
;;zt-18188;
;;zt-18189;
;;zt-18190;
;;zt-18191;
;;zt-18192;
;;zt-18193;
;;zt-18194;
;;zt-18195;
;;zt-18196;
;;zt-18197;
;;zt-18198;
;;zt-18199;
;;zt-18200;
;;zt-18201;
;;zt-18202;
;;zt-18203;
;;zt-18204;
;;zt-18205;
;;zt-18206;
;;zt-18207;
;;zt-18208;
;;zt-18209;
;;zt-18210;
;;zt-18211;
;;zt-18212;
;;zt-18213;
;;zt-18214;
;;zt-18215;
;;zt-18216;
;;zt-18217;
;;zt-18218;
;;zt-18219;
;;zt-18220;
;;zt-18221;
;;zt-18222;
;;zt-18223;
;;zt-18224;
;;zt-18225;
;;zt-18226;
;;zt-18227;
;;zt-18228;
;;zt-18229;
;;zt-18230;
;;zt-18231;
;;zt-18232;
;;zt-18233;
;;zt-18234;
;;zt-18235;
;;zt-18236;
;;zt-18237;
;;zt-18238;
;;zt-18239;
;;zt-18240;
;;zt-18241;
;;zt-18242;
;;zt-18243;
;;zt-18244;
;;zt-18245;
;;zt-18246;
;;zt-18247;
;;zt-18248;
;;zt-18249;
;;zt-18250;
;;zt-18251;
;;zt-18252;
;;zt-18253;
;;zt-18254;
;;zt-18255;
;;zt-18256;
;;zt-18257;
;;zt-18258;
;;zt-18259;
;;zt-18260;
;;zt-18261;
;;zt-18262;
;;zt-18263;
;;zt-18264;
;;zt-18265;
;;zt-18266;
;;zt-18267;
;;zt-18268;
;;zt-18269;
;;zt-18270;
;;zt-18271;
;;zt-18272;
;;zt-18273;
;;zt-18274;
;;zt-18275;
;;zt-18276;
;;zt-18277;
;;zt-18278;
;;zt-18279;
;;zt-18280;
;;zt-18281;
;;zt-18282;
;;zt-18283;
;;zt-18284;
;;zt-18285;
;;zt-18286;
;;zt-18287;
;;zt-18288;
;;zt-18289;
;;zt-18290;
;;zt-18291;
;;zt-18292;
;;zt-18293;
;;zt-18294;
;;zt-18295;
;;zt-18296;
;;zt-18297;
;;zt-18298;
;;zt-18299;
;;zt-18300;
;;zt-18301;
;;zt-18302;
;;zt-18303;
;;zt-18304;
;;zt-18305;
;;zt-18306;
;;zt-18307;
;;zt-18308;
;;zt-18309;
;;zt-18310;
;;zt-18311;
;;zt-18312;
;;zt-18313;
;;zt-18314;
;;zt-18315;
;;zt-18316;
;;zt-18317;
;;zt-18318;
;;zt-18319;
;;zt-18320;
;;zt-18321;
;;zt-18322;
;;zt-18323;
;;zt-18324;
;;zt-18325;
;;zt-18326;
;;zt-18327;
;;zt-18328;
;;zt-18329;
;;zt-18330;
;;zt-18331;
;;zt-18332;
;;zt-18333;
;;zt-18334;
;;zt-18335;
;;zt-18336;
;;zt-18337;
;;zt-18338;
;;zt-18339;
;;zt-18340;
;;zt-18341;
;;zt-18342;
;;zt-18343;
;;zt-18344;
;;zt-18345;
;;zt-18346;
;;zt-18347;
;;zt-18348;
;;zt-18349;
;;zt-18350;
;;zt-18351;
;;zt-18352;
;;zt-18353;
;;zt-18354;
;;zt-18355;
;;zt-18356;
;;zt-18357;
;;zt-18358;
;;zt-18359;
;;zt-18360;
;;zt-18361;
;;zt-18362;
;;zt-18363;
;;zt-18364;
;;zt-18365;
;;zt-18366;
;;zt-18367;
;;zt-18368;
;;zt-18369;
;;zt-18370;
;;zt-18371;
;;zt-18372;
;;zt-18373;
;;zt-18374;
;;zt-18375;
;;zt-18376;
;;zt-18377;
;;zt-18378;
;;zt-18379;
;;zt-18380;
;;zt-18381;
;;zt-18382;
;;zt-18383;
;;zt-18384;
;;zt-18385;
;;zt-18386;
;;zt-18387;
;;zt-18388;
;;zt-18389;
;;zt-18390;
;;zt-18391;
;;zt-18392;
;;zt-18393;
;;zt-18394;
;;zt-18395;
;;zt-18396;
;;zt-18397;
;;zt-18398;
;;zt-18399;
;;zt-18400;
;;zt-18401;
;;zt-18402;
;;zt-18403;
;;zt-18404;
;;zt-18405;
;;zt-18406;
;;zt-18407;
;;zt-18408;
;;zt-18409;
;;zt-18410;
;;zt-18411;
;;zt-18412;
;;zt-18413;
;;zt-18414;
;;zt-18415;
;;zt-18416;
;;zt-18417;
;;zt-18418;
;;zt-18419;
;;zt-18420;
;;zt-18421;
;;zt-18422;
;;zt-18423;
;;zt-18424;
;;zt-18425;
;;zt-18426;
;;zt-18427;
;;zt-18428;
;;zt-18429;
;;zt-18430;
;;zt-18431;
;;zt-18432;
;;zt-18433;
;;zt-18434;
;;zt-18435;
;;zt-18436;
;;zt-18437;
;;zt-18438;
;;zt-18439;
;;zt-18440;
;;zt-18441;
;;zt-18442;
;;zt-18443;
;;zt-18444;
;;zt-18445;
;;zt-18446;
;;zt-18447;
;;zt-18448;
;;zt-18449;
;;zt-18450;
;;zt-18451;
;;zt-18452;
;;zt-18453;
;;zt-18454;
;;zt-18455;
;;zt-18456;
;;zt-18457;
;;zt-18458;
;;zt-18459;
;;zt-18460;
;;zt-18461;
;;zt-18462;
;;zt-18463;
;;zt-18464;
;;zt-18465;
;;zt-18466;
;;zt-18467;
;;zt-18468;
;;zt-18469;
;;zt-18470;
;;zt-18471;
;;zt-18472;
;;zt-18473;
;;zt-18474;
;;zt-18475;
;;zt-18476;
;;zt-18477;
;;zt-18478;
;;zt-18479;
;;zt-18480;
;;zt-18481;
;;zt-18482;
;;zt-18483;
;;zt-18484;
;;zt-18485;
;;zt-18486;
;;zt-18487;
;;zt-18488;
;;zt-18489;
;;zt-18490;
;;zt-18491;
;;zt-18492;
;;zt-18493;
;;zt-18494;
;;zt-18495;
;;zt-18496;
;;zt-18497;
;;zt-18498;
;;zt-18499;
;;zt-18500;
;;zt-18501;
;;zt-18502;
;;zt-18503;
;;zt-18504;
;;zt-18505;
;;zt-18506;
;;zt-18507;
;;zt-18508;
;;zt-18509;
;;zt-18510;
;;zt-18511;
;;zt-18512;
;;zt-18513;
;;zt-18514;
;;zt-18515;
;;zt-18516;
;;zt-18517;
;;zt-18518;
;;zt-18519;
;;zt-18520;
;;zt-18521;
;;zt-18522;
;;zt-18523;
;;zt-18524;
;;zt-18525;
;;zt-18526;
;;zt-18527;
;;zt-18528;
;;zt-18529;
;;zt-18530;
;;zt-18531;
;;zt-18532;
;;zt-18533;
;;zt-18534;
;;zt-18535;
;;zt-18536;
;;zt-18537;
;;zt-18538;
;;zt-18539;
;;zt-18540;
;;zt-18541;
;;zt-18542;
;;zt-18543;
;;zt-18544;
;;zt-18545;
;;zt-18546;
;;zt-18547;
;;zt-18548;
;;zt-18549;
;;zt-18550;
;;zt-18551;
;;zt-18552;
;;zt-18553;
;;zt-18554;
;;zt-18555;
;;zt-18556;
;;zt-18557;
;;zt-18558;
;;zt-18559;
;;zt-18560;
;;zt-18561;
;;zt-18562;
;;zt-18563;
;;zt-18564;
;;zt-18565;
;;zt-18566;
;;zt-18567;
;;zt-18568;
;;zt-18569;
;;zt-18570;
;;zt-18571;
;;zt-18572;
;;zt-18573;
;;zt-18574;
;;zt-18575;
;;zt-18576;
;;zt-18577;
;;zt-18578;
;;zt-18579;
;;zt-18580;
;;zt-18581;
;;zt-18582;
;;zt-18583;
;;zt-18584;
;;zt-18585;
;;zt-18586;
;;zt-18587;
;;zt-18588;
;;zt-18589;
;;zt-18590;
;;zt-18591;
;;zt-18592;
;;zt-18593;
;;zt-18594;
;;zt-18595;
;;zt-18596;
;;zt-18597;
;;zt-18598;
;;zt-18599;
;;zt-18600;
;;zt-18601;
;;zt-18602;
;;zt-18603;
;;zt-18604;
;;zt-18605;
;;zt-18606;
;;zt-18607;
;;zt-18608;
;;zt-18609;
;;zt-18610;
;;zt-18611;
;;zt-18612;
;;zt-18613;
;;zt-18614;
;;zt-18615;
;;zt-18616;
;;zt-18617;
;;zt-18618;
;;zt-18619;
;;zt-18620;
;;zt-18621;
;;zt-18622;
;;zt-18623;
;;zt-18624;
;;zt-18625;
;;zt-18626;
;;zt-18627;
;;zt-18628;
;;zt-18629;
;;zt-18630;
;;zt-18631;
;;zt-18632;
;;zt-18633;
;;zt-18634;
;;zt-18635;
;;zt-18636;
;;zt-18637;
;;zt-18638;
;;zt-18639;
;;zt-18640;
;;zt-18641;
;;zt-18642;
;;zt-18643;
;;zt-18644;
;;zt-18645;
;;zt-18646;
;;zt-18647;
;;zt-18648;
;;zt-18649;
;;zt-18650;
;;zt-18651;
;;zt-18652;
;;zt-18653;
;;zt-18654;
;;zt-18655;
;;zt-18656;
;;zt-18657;
;;zt-18658;
;;zt-18659;
;;zt-18660;
;;zt-18661;
;;zt-18662;
;;zt-18663;
;;zt-18664;
;;zt-18665;
;;zt-18666;
;;zt-18667;
;;zt-18668;
;;zt-18669;
;;zt-18670;
;;zt-18671;
;;zt-18672;
;;zt-18673;
;;zt-18674;
;;zt-18675;
;;zt-18676;
;;zt-18677;
;;zt-18678;
;;zt-18679;
;;zt-18680;
;;zt-18681;
;;zt-18682;
;;zt-18683;
;;zt-18684;
;;zt-18685;
;;zt-18686;
;;zt-18687;
;;zt-18688;
;;zt-18689;
;;zt-18690;
;;zt-18691;
;;zt-18692;
;;zt-18693;
;;zt-18694;
;;zt-18695;
;;zt-18696;
;;zt-18697;
;;zt-18698;
;;zt-18699;
;;zt-18700;
;;zt-18701;
;;zt-18702;
;;zt-18703;
;;zt-18704;
;;zt-18705;
;;zt-18706;
;;zt-18707;
;;zt-18708;
;;zt-18709;
;;zt-18710;
;;zt-18711;
;;zt-18712;
;;zt-18713;
;;zt-18714;
;;zt-18715;
;;zt-18716;
;;zt-18717;
;;zt-18718;
;;zt-18719;
;;zt-18720;
;;zt-18721;
;;zt-18722;
;;zt-18723;
;;zt-18724;
;;zt-18725;
;;zt-18726;
;;zt-18727;
;;zt-18728;
;;zt-18729;
;;zt-18730;
;;zt-18731;
;;zt-18732;
;;zt-18733;
;;zt-18734;
;;zt-18735;
;;zt-18736;
;;zt-18737;
;;zt-18738;
;;zt-18739;
;;zt-18740;
;;zt-18741;
;;zt-18742;
;;zt-18743;
;;zt-18744;
;;zt-18745;
;;zt-18746;
;;zt-18747;
;;zt-18748;
;;zt-18749;
;;zt-18750;
;;zt-18751;
;;zt-18752;
;;zt-18753;
;;zt-18754;
;;zt-18755;
;;zt-18756;
;;zt-18757;
;;zt-18758;
;;zt-18759;
;;zt-18760;
;;zt-18761;
;;zt-18762;
;;zt-18763;
;;zt-18764;
;;zt-18765;
;;zt-18766;
;;zt-18767;
;;zt-18768;
;;zt-18769;
;;zt-18770;
;;zt-18771;
;;zt-18772;
;;zt-18773;
;;zt-18774;
;;zt-18775;
;;zt-18776;
;;zt-18777;
;;zt-18778;
;;zt-18779;
;;zt-18780;
;;zt-18781;
;;zt-18782;
;;zt-18783;
;;zt-18784;
;;zt-18785;
;;zt-18786;
;;zt-18787;
;;zt-18788;
;;zt-18789;
;;zt-18790;
;;zt-18791;
;;zt-18792;
;;zt-18793;
;;zt-18794;
;;zt-18795;
;;zt-18796;
;;zt-18797;
;;zt-18798;
;;zt-18799;
;;zt-18800;
;;zt-18801;
;;zt-18802;
;;zt-18803;
;;zt-18804;
;;zt-18805;
;;zt-18806;
;;zt-18807;
;;zt-18808;
;;zt-18809;
;;zt-18810;
;;zt-18811;
;;zt-18812;
;;zt-18813;
;;zt-18814;
;;zt-18815;
;;zt-18816;
;;zt-18817;
;;zt-18818;
;;zt-18819;
;;zt-18820;
;;zt-18821;
;;zt-18822;
;;zt-18823;
;;zt-18824;
;;zt-18825;
;;zt-18826;
;;zt-18827;
;;zt-18828;
;;zt-18829;
;;zt-18830;
;;zt-18831;
;;zt-18832;
;;zt-18833;
;;zt-18834;
;;zt-18835;
;;zt-18836;
;;zt-18837;
;;zt-18838;
;;zt-18839;
;;zt-18840;
;;zt-18841;
;;zt-18842;
;;zt-18843;
;;zt-18844;
;;zt-18845;
;;zt-18846;
;;zt-18847;
;;zt-18848;
;;zt-18849;
;;zt-18850;
;;zt-18851;
;;zt-18852;
;;zt-18853;
;;zt-18854;
;;zt-18855;
;;zt-18856;
;;zt-18857;
;;zt-18858;
;;zt-18859;
;;zt-18860;
;;zt-18861;
;;zt-18862;
;;zt-18863;
;;zt-18864;
;;zt-18865;
;;zt-18866;
;;zt-18867;
;;zt-18868;
;;zt-18869;
;;zt-18870;
;;zt-18871;
;;zt-18872;
;;zt-18873;
;;zt-18874;
;;zt-18875;
;;zt-18876;
;;zt-18877;
;;zt-18878;
;;zt-18879;
;;zt-18880;
;;zt-18881;
;;zt-18882;
;;zt-18883;
;;zt-18884;
;;zt-18885;
;;zt-18886;
;;zt-18887;
;;zt-18888;
;;zt-18889;
;;zt-18890;
;;zt-18891;
;;zt-18892;
;;zt-18893;
;;zt-18894;
;;zt-18895;
;;zt-18896;
;;zt-18897;
;;zt-18898;
;;zt-18899;
;;zt-18900;
;;zt-18901;
;;zt-18902;
;;zt-18903;
;;zt-18904;
;;zt-18905;
;;zt-18906;
;;zt-18907;
;;zt-18908;
;;zt-18909;
;;zt-18910;
;;zt-18911;
;;zt-18912;
;;zt-18913;
;;zt-18914;
;;zt-18915;
;;zt-18916;
;;zt-18917;
;;zt-18918;
;;zt-18919;
;;zt-18920;
;;zt-18921;
;;zt-18922;
;;zt-18923;
;;zt-18924;
;;zt-18925;
;;zt-18926;
;;zt-18927;
;;zt-18928;
;;zt-18929;
;;zt-18930;
;;zt-18931;
;;zt-18932;
;;zt-18933;
;;zt-18934;
;;zt-18935;
;;zt-18936;
;;zt-18937;
;;zt-18938;
;;zt-18939;
;;zt-18940;
;;zt-18941;
;;zt-18942;
;;zt-18943;
;;zt-18944;
;;zt-18945;
;;zt-18946;
;;zt-18947;
;;zt-18948;
;;zt-18949;
;;zt-18950;
;;zt-18951;
;;zt-18952;
;;zt-18953;
;;zt-18954;
;;zt-18955;
;;zt-18956;
;;zt-18957;
;;zt-18958;
;;zt-18959;
;;zt-18960;
;;zt-18961;
;;zt-18962;
;;zt-18963;
;;zt-18964;
;;zt-18965;
;;zt-18966;
;;zt-18967;
;;zt-18968;
;;zt-18969;
;;zt-18970;
;;zt-18971;
;;zt-18972;
;;zt-18973;
;;zt-18974;
;;zt-18975;
;;zt-18976;
;;zt-18977;
;;zt-18978;
;;zt-18979;
;;zt-18980;
;;zt-18981;
;;zt-18982;
;;zt-18983;
;;zt-18984;
;;zt-18985;
;;zt-18986;
;;zt-18987;
;;zt-18988;
;;zt-18989;
;;zt-18990;
;;zt-18991;
;;zt-18992;
;;zt-18993;
;;zt-18994;
;;zt-18995;
;;zt-18996;
;;zt-18997;
;;zt-18998;
;;zt-18999;
;;zt-19000;
;;zt-19001;
;;zt-19002;
;;zt-19003;
;;zt-19004;
;;zt-19005;
;;zt-19006;
;;zt-19007;
;;zt-19008;
;;zt-19009;
;;zt-19010;
;;zt-19011;
;;zt-19012;
;;zt-19013;
;;zt-19014;
;;zt-19015;
;;zt-19016;
;;zt-19017;
;;zt-19018;
;;zt-19019;
;;zt-19020;
;;zt-19021;
;;zt-19022;
;;zt-19023;
;;zt-19024;
;;zt-19025;
;;zt-19026;
;;zt-19027;
;;zt-19028;
;;zt-19029;
;;zt-19030;
;;zt-19031;
;;zt-19032;
;;zt-19033;
;;zt-19034;
;;zt-19035;
;;zt-19036;
;;zt-19037;
;;zt-19038;
;;zt-19039;
;;zt-19040;
;;zt-19041;
;;zt-19042;
;;zt-19043;
;;zt-19044;
;;zt-19045;
;;zt-19046;
;;zt-19047;
;;zt-19048;
;;zt-19049;
;;zt-19050;
;;zt-19051;
;;zt-19052;
;;zt-19053;
;;zt-19054;
;;zt-19055;
;;zt-19056;
;;zt-19057;
;;zt-19058;
;;zt-19059;
;;zt-19060;
;;zt-19061;
;;zt-19062;
;;zt-19063;
;;zt-19064;
;;zt-19065;
;;zt-19066;
;;zt-19067;
;;zt-19068;
;;zt-19069;
;;zt-19070;
;;zt-19071;
;;zt-19072;
;;zt-19073;
;;zt-19074;
;;zt-19075;
;;zt-19076;
;;zt-19077;
;;zt-19078;
;;zt-19079;
;;zt-19080;
;;zt-19081;
;;zt-19082;
;;zt-19083;
;;zt-19084;
;;zt-19085;
;;zt-19086;
;;zt-19087;
;;zt-19088;
;;zt-19089;
;;zt-19090;
;;zt-19091;
;;zt-19092;
;;zt-19093;
;;zt-19094;
;;zt-19095;
;;zt-19096;
;;zt-19097;
;;zt-19098;
;;zt-19099;
;;zt-19100;
;;zt-19101;
;;zt-19102;
;;zt-19103;
;;zt-19104;
;;zt-19105;
;;zt-19106;
;;zt-19107;
;;zt-19108;
;;zt-19109;
;;zt-19110;
;;zt-19111;
;;zt-19112;
;;zt-19113;
;;zt-19114;
;;zt-19115;
;;zt-19116;
;;zt-19117;
;;zt-19118;
;;zt-19119;
;;zt-19120;
;;zt-19121;
;;zt-19122;
;;zt-19123;
;;zt-19124;
;;zt-19125;
;;zt-19126;
;;zt-19127;
;;zt-19128;
;;zt-19129;
;;zt-19130;
;;zt-19131;
;;zt-19132;
;;zt-19133;
;;zt-19134;
;;zt-19135;
;;zt-19136;
;;zt-19137;
;;zt-19138;
;;zt-19139;
;;zt-19140;
;;zt-19141;
;;zt-19142;
;;zt-19143;
;;zt-19144;
;;zt-19145;
;;zt-19146;
;;zt-19147;
;;zt-19148;
;;zt-19149;
;;zt-19150;
;;zt-19151;
;;zt-19152;
;;zt-19153;
;;zt-19154;
;;zt-19155;
;;zt-19156;
;;zt-19157;
;;zt-19158;
;;zt-19159;
;;zt-19160;
;;zt-19161;
;;zt-19162;
;;zt-19163;
;;zt-19164;
;;zt-19165;
;;zt-19166;
;;zt-19167;
;;zt-19168;
;;zt-19169;
;;zt-19170;
;;zt-19171;
;;zt-19172;
;;zt-19173;
;;zt-19174;
;;zt-19175;
;;zt-19176;
;;zt-19177;
;;zt-19178;
;;zt-19179;
;;zt-19180;
;;zt-19181;
;;zt-19182;
;;zt-19183;
;;zt-19184;
;;zt-19185;
;;zt-19186;
;;zt-19187;
;;zt-19188;
;;zt-19189;
;;zt-19190;
;;zt-19191;
;;zt-19192;
;;zt-19193;
;;zt-19194;
;;zt-19195;
;;zt-19196;
;;zt-19197;
;;zt-19198;
;;zt-19199;
;;zt-19200;
;;zt-19201;
;;zt-19202;
;;zt-19203;
;;zt-19204;
;;zt-19205;
;;zt-19206;
;;zt-19207;
;;zt-19208;
;;zt-19209;
;;zt-19210;
;;zt-19211;
;;zt-19212;
;;zt-19213;
;;zt-19214;
;;zt-19215;
;;zt-19216;
;;zt-19217;
;;zt-19218;
;;zt-19219;
;;zt-19220;
;;zt-19221;
;;zt-19222;
;;zt-19223;
;;zt-19224;
;;zt-19225;
;;zt-19226;
;;zt-19227;
;;zt-19228;
;;zt-19229;
;;zt-19230;
;;zt-19231;
;;zt-19232;
;;zt-19233;
;;zt-19234;
;;zt-19235;
;;zt-19236;
;;zt-19237;
;;zt-19238;
;;zt-19239;
;;zt-19240;
;;zt-19241;
;;zt-19242;
;;zt-19243;
;;zt-19244;
;;zt-19245;
;;zt-19246;
;;zt-19247;
;;zt-19248;
;;zt-19249;
;;zt-19250;
;;zt-19251;
;;zt-19252;
;;zt-19253;
;;zt-19254;
;;zt-19255;
;;zt-19256;
;;zt-19257;
;;zt-19258;
;;zt-19259;
;;zt-19260;
;;zt-19261;
;;zt-19262;
;;zt-19263;
;;zt-19264;
;;zt-19265;
;;zt-19266;
;;zt-19267;
;;zt-19268;
;;zt-19269;
;;zt-19270;
;;zt-19271;
;;zt-19272;
;;zt-19273;
;;zt-19274;
;;zt-19275;
;;zt-19276;
;;zt-19277;
;;zt-19278;
;;zt-19279;
;;zt-19280;
;;zt-19281;
;;zt-19282;
;;zt-19283;
;;zt-19284;
;;zt-19285;
;;zt-19286;
;;zt-19287;
;;zt-19288;
;;zt-19289;
;;zt-19290;
;;zt-19291;
;;zt-19292;
;;zt-19293;
;;zt-19294;
;;zt-19295;
;;zt-19296;
;;zt-19297;
;;zt-19298;
;;zt-19299;
;;zt-19300;
;;zt-19301;
;;zt-19302;
;;zt-19303;
;;zt-19304;
;;zt-19305;
;;zt-19306;
;;zt-19307;
;;zt-19308;
;;zt-19309;
;;zt-19310;
;;zt-19311;
;;zt-19312;
;;zt-19313;
;;zt-19314;
;;zt-19315;
;;zt-19316;
;;zt-19317;
;;zt-19318;
;;zt-19319;
;;zt-19320;
;;zt-19321;
;;zt-19322;
;;zt-19323;
;;zt-19324;
;;zt-19325;
;;zt-19326;
;;zt-19327;
;;zt-19328;
;;zt-19329;
;;zt-19330;
;;zt-19331;
;;zt-19332;
;;zt-19333;
;;zt-19334;
;;zt-19335;
;;zt-19336;
;;zt-19337;
;;zt-19338;
;;zt-19339;
;;zt-19340;
;;zt-19341;
;;zt-19342;
;;zt-19343;
;;zt-19344;
;;zt-19345;
;;zt-19346;
;;zt-19347;
;;zt-19348;
;;zt-19349;
;;zt-19350;
;;zt-19351;
;;zt-19352;
;;zt-19353;
;;zt-19354;
;;zt-19355;
;;zt-19356;
;;zt-19357;
;;zt-19358;
;;zt-19359;
;;zt-19360;
;;zt-19361;
;;zt-19362;
;;zt-19363;
;;zt-19364;
;;zt-19365;
;;zt-19366;
;;zt-19367;
;;zt-19368;
;;zt-19369;
;;zt-19370;
;;zt-19371;
;;zt-19372;
;;zt-19373;
;;zt-19374;
;;zt-19375;
;;zt-19376;
;;zt-19377;
;;zt-19378;
;;zt-19379;
;;zt-19380;
;;zt-19381;
;;zt-19382;
;;zt-19383;
;;zt-19384;
;;zt-19385;
;;zt-19386;
;;zt-19387;
;;zt-19388;
;;zt-19389;
;;zt-19390;
;;zt-19391;
;;zt-19392;
;;zt-19393;
;;zt-19394;
;;zt-19395;
;;zt-19396;
;;zt-19397;
;;zt-19398;
;;zt-19399;
;;zt-19400;
;;zt-19401;
;;zt-19402;
;;zt-19403;
;;zt-19404;
;;zt-19405;
;;zt-19406;
;;zt-19407;
;;zt-19408;
;;zt-19409;
;;zt-19410;
;;zt-19411;
;;zt-19412;
;;zt-19413;
;;zt-19414;
;;zt-19415;
;;zt-19416;
;;zt-19417;
;;zt-19418;
;;zt-19419;
;;zt-19420;
;;zt-19421;
;;zt-19422;
;;zt-19423;
;;zt-19424;
;;zt-19425;
;;zt-19426;
;;zt-19427;
;;zt-19428;
;;zt-19429;
;;zt-19430;
;;zt-19431;
;;zt-19432;
;;zt-19433;
;;zt-19434;
;;zt-19435;
;;zt-19436;
;;zt-19437;
;;zt-19438;
;;zt-19439;
;;zt-19440;
;;zt-19441;
;;zt-19442;
;;zt-19443;
;;zt-19444;
;;zt-19445;
;;zt-19446;
;;zt-19447;
;;zt-19448;
;;zt-19449;
;;zt-19450;
;;zt-19451;
;;zt-19452;
;;zt-19453;
;;zt-19454;
;;zt-19455;
;;zt-19456;
;;zt-19457;
;;zt-19458;
;;zt-19459;
;;zt-19460;
;;zt-19461;
;;zt-19462;
;;zt-19463;
;;zt-19464;
;;zt-19465;
;;zt-19466;
;;zt-19467;
;;zt-19468;
;;zt-19469;
;;zt-19470;
;;zt-19471;
;;zt-19472;
;;zt-19473;
;;zt-19474;
;;zt-19475;
;;zt-19476;
;;zt-19477;
;;zt-19478;
;;zt-19479;
;;zt-19480;
;;zt-19481;
;;zt-19482;
;;zt-19483;
;;zt-19484;
;;zt-19485;
;;zt-19486;
;;zt-19487;
;;zt-19488;
;;zt-19489;
;;zt-19490;
;;zt-19491;
;;zt-19492;
;;zt-19493;
;;zt-19494;
;;zt-19495;
;;zt-19496;
;;zt-19497;
;;zt-19498;
;;zt-19499;
;;zt-19500;
;;zt-19501;
;;zt-19502;
;;zt-19503;
;;zt-19504;
;;zt-19505;
;;zt-19506;
;;zt-19507;
;;zt-19508;
;;zt-19509;
;;zt-19510;
;;zt-19511;
;;zt-19512;
;;zt-19513;
;;zt-19514;
;;zt-19515;
;;zt-19516;
;;zt-19517;
;;zt-19518;
;;zt-19519;
;;zt-19520;
;;zt-19521;
;;zt-19522;
;;zt-19523;
;;zt-19524;
;;zt-19525;
;;zt-19526;
;;zt-19527;
;;zt-19528;
;;zt-19529;
;;zt-19530;
;;zt-19531;
;;zt-19532;
;;zt-19533;
;;zt-19534;
;;zt-19535;
;;zt-19536;
;;zt-19537;
;;zt-19538;
;;zt-19539;
;;zt-19540;
;;zt-19541;
;;zt-19542;
;;zt-19543;
;;zt-19544;
;;zt-19545;
;;zt-19546;
;;zt-19547;
;;zt-19548;
;;zt-19549;
;;zt-19550;
;;zt-19551;
;;zt-19552;
;;zt-19553;
;;zt-19554;
;;zt-19555;
;;zt-19556;
;;zt-19557;
;;zt-19558;
;;zt-19559;
;;zt-19560;
;;zt-19561;
;;zt-19562;
;;zt-19563;
;;zt-19564;
;;zt-19565;
;;zt-19566;
;;zt-19567;
;;zt-19568;
;;zt-19569;
;;zt-19570;
;;zt-19571;
;;zt-19572;
;;zt-19573;
;;zt-19574;
;;zt-19575;
;;zt-19576;
;;zt-19577;
;;zt-19578;
;;zt-19579;
;;zt-19580;
;;zt-19581;
;;zt-19582;
;;zt-19583;
;;zt-19584;
;;zt-19585;
;;zt-19586;
;;zt-19587;
;;zt-19588;
;;zt-19589;
;;zt-19590;
;;zt-19591;
;;zt-19592;
;;zt-19593;
;;zt-19594;
;;zt-19595;
;;zt-19596;
;;zt-19597;
;;zt-19598;
;;zt-19599;
;;zt-19600;
;;zt-19601;
;;zt-19602;
;;zt-19603;
;;zt-19604;
;;zt-19605;
;;zt-19606;
;;zt-19607;
;;zt-19608;
;;zt-19609;
;;zt-19610;
;;zt-19611;
;;zt-19612;
;;zt-19613;
;;zt-19614;
;;zt-19615;
;;zt-19616;
;;zt-19617;
;;zt-19618;
;;zt-19619;
;;zt-19620;
;;zt-19621;
;;zt-19622;
;;zt-19623;
;;zt-19624;
;;zt-19625;
;;zt-19626;
;;zt-19627;
;;zt-19628;
;;zt-19629;
;;zt-19630;
;;zt-19631;
;;zt-19632;
;;zt-19633;
;;zt-19634;
;;zt-19635;
;;zt-19636;
;;zt-19637;
;;zt-19638;
;;zt-19639;
;;zt-19640;
;;zt-19641;
;;zt-19642;
;;zt-19643;
;;zt-19644;
;;zt-19645;
;;zt-19646;
;;zt-19647;
;;zt-19648;
;;zt-19649;
;;zt-19650;
;;zt-19651;
;;zt-19652;
;;zt-19653;
;;zt-19654;
;;zt-19655;
;;zt-19656;
;;zt-19657;
;;zt-19658;
;;zt-19659;
;;zt-19660;
;;zt-19661;
;;zt-19662;
;;zt-19663;
;;zt-19664;
;;zt-19665;
;;zt-19666;
;;zt-19667;
;;zt-19668;
;;zt-19669;
;;zt-19670;
;;zt-19671;
;;zt-19672;
;;zt-19673;
;;zt-19674;
;;zt-19675;
;;zt-19676;
;;zt-19677;
;;zt-19678;
;;zt-19679;
;;zt-19680;
;;zt-19681;
;;zt-19682;
;;zt-19683;
;;zt-19684;
;;zt-19685;
;;zt-19686;
;;zt-19687;
;;zt-19688;
;;zt-19689;
;;zt-19690;
;;zt-19691;
;;zt-19692;
;;zt-19693;
;;zt-19694;
;;zt-19695;
;;zt-19696;
;;zt-19697;
;;zt-19698;
;;zt-19699;
;;zt-19700;
;;zt-19701;
;;zt-19702;
;;zt-19703;
;;zt-19704;
;;zt-19705;
;;zt-19706;
;;zt-19707;
;;zt-19708;
;;zt-19709;
;;zt-19710;
;;zt-19711;
;;zt-19712;
;;zt-19713;
;;zt-19714;
;;zt-19715;
;;zt-19716;
;;zt-19717;
;;zt-19718;
;;zt-19719;
;;zt-19720;
;;zt-19721;
;;zt-19722;
;;zt-19723;
;;zt-19724;
;;zt-19725;
;;zt-19726;
;;zt-19727;
;;zt-19728;
;;zt-19729;
;;zt-19730;
;;zt-19731;
;;zt-19732;
;;zt-19733;
;;zt-19734;
;;zt-19735;
;;zt-19736;
;;zt-19737;
;;zt-19738;
;;zt-19739;
;;zt-19740;
;;zt-19741;
;;zt-19742;
;;zt-19743;
;;zt-19744;
;;zt-19745;
;;zt-19746;
;;zt-19747;
;;zt-19748;
;;zt-19749;
;;zt-19750;
;;zt-19751;
;;zt-19752;
;;zt-19753;
;;zt-19754;
;;zt-19755;
;;zt-19756;
;;zt-19757;
;;zt-19758;
;;zt-19759;
;;zt-19760;
;;zt-19761;
;;zt-19762;
;;zt-19763;
;;zt-19764;
;;zt-19765;
;;zt-19766;
;;zt-19767;
;;zt-19768;
;;zt-19769;
;;zt-19770;
;;zt-19771;
;;zt-19772;
;;zt-19773;
;;zt-19774;
;;zt-19775;
;;zt-19776;
;;zt-19777;
;;zt-19778;
;;zt-19779;
;;zt-19780;
;;zt-19781;
;;zt-19782;
;;zt-19783;
;;zt-19784;
;;zt-19785;
;;zt-19786;
;;zt-19787;
;;zt-19788;
;;zt-19789;
;;zt-19790;
;;zt-19791;
;;zt-19792;
;;zt-19793;
;;zt-19794;
;;zt-19795;
;;zt-19796;
;;zt-19797;
;;zt-19798;
;;zt-19799;
;;zt-19800;
;;zt-19801;
;;zt-19802;
;;zt-19803;
;;zt-19804;
;;zt-19805;
;;zt-19806;
;;zt-19807;
;;zt-19808;
;;zt-19809;
;;zt-19810;
;;zt-19811;
;;zt-19812;
;;zt-19813;
;;zt-19814;
;;zt-19815;
;;zt-19816;
;;zt-19817;
;;zt-19818;
;;zt-19819;
;;zt-19820;
;;zt-19821;
;;zt-19822;
;;zt-19823;
;;zt-19824;
;;zt-19825;
;;zt-19826;
;;zt-19827;
;;zt-19828;
;;zt-19829;
;;zt-19830;
;;zt-19831;
;;zt-19832;
;;zt-19833;
;;zt-19834;
;;zt-19835;
;;zt-19836;
;;zt-19837;
;;zt-19838;
;;zt-19839;
;;zt-19840;
;;zt-19841;
;;zt-19842;
;;zt-19843;
;;zt-19844;
;;zt-19845;
;;zt-19846;
;;zt-19847;
;;zt-19848;
;;zt-19849;
;;zt-19850;
;;zt-19851;
;;zt-19852;
;;zt-19853;
;;zt-19854;
;;zt-19855;
;;zt-19856;
;;zt-19857;
;;zt-19858;
;;zt-19859;
;;zt-19860;
;;zt-19861;
;;zt-19862;
;;zt-19863;
;;zt-19864;
;;zt-19865;
;;zt-19866;
;;zt-19867;
;;zt-19868;
;;zt-19869;
;;zt-19870;
;;zt-19871;
;;zt-19872;
;;zt-19873;
;;zt-19874;
;;zt-19875;
;;zt-19876;
;;zt-19877;
;;zt-19878;
;;zt-19879;
;;zt-19880;
;;zt-19881;
;;zt-19882;
;;zt-19883;
;;zt-19884;
;;zt-19885;
;;zt-19886;
;;zt-19887;
;;zt-19888;
;;zt-19889;
;;zt-19890;
;;zt-19891;
;;zt-19892;
;;zt-19893;
;;zt-19894;
;;zt-19895;
;;zt-19896;
;;zt-19897;
;;zt-19898;
;;zt-19899;
;;zt-19900;
;;zt-19901;
;;zt-19902;
;;zt-19903;
;;zt-19904;
;;zt-19905;
;;zt-19906;
;;zt-19907;
;;zt-19908;
;;zt-19909;
;;zt-19910;
;;zt-19911;
;;zt-19912;
;;zt-19913;
;;zt-19914;
;;zt-19915;
;;zt-19916;
;;zt-19917;
;;zt-19918;
;;zt-19919;
;;zt-19920;
;;zt-19921;
;;zt-19922;
;;zt-19923;
;;zt-19924;
;;zt-19925;
;;zt-19926;
;;zt-19927;
;;zt-19928;
;;zt-19929;
;;zt-19930;
;;zt-19931;
;;zt-19932;
;;zt-19933;
;;zt-19934;
;;zt-19935;
;;zt-19936;
;;zt-19937;
;;zt-19938;
;;zt-19939;
;;zt-19940;
;;zt-19941;
;;zt-19942;
;;zt-19943;
;;zt-19944;
;;zt-19945;
;;zt-19946;
;;zt-19947;
;;zt-19948;
;;zt-19949;
;;zt-19950;
;;zt-19951;
;;zt-19952;
;;zt-19953;
;;zt-19954;
;;zt-19955;
;;zt-19956;
;;zt-19957;
;;zt-19958;
;;zt-19959;
;;zt-19960;
;;zt-19961;
;;zt-19962;
;;zt-19963;
;;zt-19964;
;;zt-19965;
;;zt-19966;
;;zt-19967;
;;zt-19968;
;;zt-19969;
;;zt-19970;
;;zt-19971;
;;zt-19972;
;;zt-19973;
;;zt-19974;
;;zt-19975;
;;zt-19976;
;;zt-19977;
;;zt-19978;
;;zt-19979;
;;zt-19980;
;;zt-19981;
;;zt-19982;
;;zt-19983;
;;zt-19984;
;;zt-19985;
;;zt-19986;
;;zt-19987;
;;zt-19988;
;;zt-19989;
;;zt-19990;
;;zt-19991;
;;zt-19992;
;;zt-19993;
;;zt-19994;
;;zt-19995;
;;zt-19996;
;;zt-19997;
;;zt-19998;
;;zt-19999;
;;zt-20000;
;;zt-20001;
;;zt-20002;
;;zt-20003;
;;zt-20004;
;;zt-20005;
;;zt-20006;
;;zt-20007;
;;zt-20008;
;;zt-20009;
;;zt-20010;
;;zt-20011;
;;zt-20012;
;;zt-20013;
;;zt-20014;
;;zt-20015;
;;zt-20016;
;;zt-20017;
;;zt-20018;
;;zt-20019;
;;zt-20020;
;;zt-20021;
;;zt-20022;
;;zt-20023;
;;zt-20024;
;;zt-20025;
;;zt-20026;
;;zt-20027;
;;zt-20028;
;;zt-20029;
;;zt-20030;
;;zt-20031;
;;zt-20032;
;;zt-20033;
;;zt-20034;
;;zt-20035;
;;zt-20036;
;;zt-20037;
;;zt-20038;
;;zt-20039;
;;zt-20040;
;;zt-20041;
;;zt-20042;
;;zt-20043;
;;zt-20044;
;;zt-20045;
;;zt-20046;
;;zt-20047;
;;zt-20048;
;;zt-20049;
;;zt-20050;
;;zt-20051;
;;zt-20052;
;;zt-20053;
;;zt-20054;
;;zt-20055;
;;zt-20056;
;;zt-20057;
;;zt-20058;
;;zt-20059;
;;zt-20060;
;;zt-20061;
;;zt-20062;
;;zt-20063;
;;zt-20064;
;;zt-20065;
;;zt-20066;
;;zt-20067;
;;zt-20068;
;;zt-20069;
;;zt-20070;
;;zt-20071;
;;zt-20072;
;;zt-20073;
;;zt-20074;
;;zt-20075;
;;zt-20076;
;;zt-20077;
;;zt-20078;
;;zt-20079;
;;zt-20080;
;;zt-20081;
;;zt-20082;
;;zt-20083;
;;zt-20084;
;;zt-20085;
;;zt-20086;
;;zt-20087;
;;zt-20088;
;;zt-20089;
;;zt-20090;
;;zt-20091;
;;zt-20092;
;;zt-20093;
;;zt-20094;
;;zt-20095;
;;zt-20096;
;;zt-20097;
;;zt-20098;
;;zt-20099;
;;zt-20100;
;;zt-20101;
;;zt-20102;
;;zt-20103;
;;zt-20104;
;;zt-20105;
;;zt-20106;
;;zt-20107;
;;zt-20108;
;;zt-20109;
;;zt-20110;
;;zt-20111;
;;zt-20112;
;;zt-20113;
;;zt-20114;
;;zt-20115;
;;zt-20116;
;;zt-20117;
;;zt-20118;
;;zt-20119;
;;zt-20120;
;;zt-20121;
;;zt-20122;
;;zt-20123;
;;zt-20124;
;;zt-20125;
;;zt-20126;
;;zt-20127;
;;zt-20128;
;;zt-20129;
;;zt-20130;
;;zt-20131;
;;zt-20132;
;;zt-20133;
;;zt-20134;
;;zt-20135;
;;zt-20136;
;;zt-20137;
;;zt-20138;
;;zt-20139;
;;zt-20140;
;;zt-20141;
;;zt-20142;
;;zt-20143;
;;zt-20144;
;;zt-20145;
;;zt-20146;
;;zt-20147;
;;zt-20148;
;;zt-20149;
;;zt-20150;
;;zt-20151;
;;zt-20152;
;;zt-20153;
;;zt-20154;
;;zt-20155;
;;zt-20156;
;;zt-20157;
;;zt-20158;
;;zt-20159;
;;zt-20160;
;;zt-20161;
;;zt-20162;
;;zt-20163;
;;zt-20164;
;;zt-20165;
;;zt-20166;
;;zt-20167;
;;zt-20168;
;;zt-20169;
;;zt-20170;
;;zt-20171;
;;zt-20172;
;;zt-20173;
;;zt-20174;
;;zt-20175;
;;zt-20176;
;;zt-20177;
;;zt-20178;
;;zt-20179;
;;zt-20180;
;;zt-20181;
;;zt-20182;
;;zt-20183;
;;zt-20184;
;;zt-20185;
;;zt-20186;
;;zt-20187;
;;zt-20188;
;;zt-20189;
;;zt-20190;
;;zt-20191;
;;zt-20192;
;;zt-20193;
;;zt-20194;
;;zt-20195;
;;zt-20196;
;;zt-20197;
;;zt-20198;
;;zt-20199;
;;zt-20200;
;;zt-20201;
;;zt-20202;
;;zt-20203;
;;zt-20204;
;;zt-20205;
;;zt-20206;
;;zt-20207;
;;zt-20208;
;;zt-20209;
;;zt-20210;
;;zt-20211;
;;zt-20212;
;;zt-20213;
;;zt-20214;
;;zt-20215;
;;zt-20216;
;;zt-20217;
;;zt-20218;
;;zt-20219;
;;zt-20220;
;;zt-20221;
;;zt-20222;
;;zt-20223;
;;zt-20224;
;;zt-20225;
;;zt-20226;
;;zt-20227;
;;zt-20228;
;;zt-20229;
;;zt-20230;
;;zt-20231;
;;zt-20232;
;;zt-20233;
;;zt-20234;
;;zt-20235;
;;zt-20236;
;;zt-20237;
;;zt-20238;
;;zt-20239;
;;zt-20240;
;;zt-20241;
;;zt-20242;
;;zt-20243;
;;zt-20244;
;;zt-20245;
;;zt-20246;
;;zt-20247;
;;zt-20248;
;;zt-20249;
;;zt-20250;
;;zt-20251;
;;zt-20252;
;;zt-20253;
;;zt-20254;
;;zt-20255;
;;zt-20256;
;;zt-20257;
;;zt-20258;
;;zt-20259;
;;zt-20260;
;;zt-20261;
;;zt-20262;
;;zt-20263;
;;zt-20264;
;;zt-20265;
;;zt-20266;
;;zt-20267;
;;zt-20268;
;;zt-20269;
;;zt-20270;
;;zt-20271;
;;zt-20272;
;;zt-20273;
;;zt-20274;
;;zt-20275;
;;zt-20276;
;;zt-20277;
;;zt-20278;
;;zt-20279;
;;zt-20280;
;;zt-20281;
;;zt-20282;
;;zt-20283;
;;zt-20284;
;;zt-20285;
;;zt-20286;
;;zt-20287;
;;zt-20288;
;;zt-20289;
;;zt-20290;
;;zt-20291;
;;zt-20292;
;;zt-20293;
;;zt-20294;
;;zt-20295;
;;zt-20296;
;;zt-20297;
;;zt-20298;
;;zt-20299;
;;zt-20300;
;;zt-20301;
;;zt-20302;
;;zt-20303;
;;zt-20304;
;;zt-20305;
;;zt-20306;
;;zt-20307;
;;zt-20308;
;;zt-20309;
;;zt-20310;
;;zt-20311;
;;zt-20312;
;;zt-20313;
;;zt-20314;
;;zt-20315;
;;zt-20316;
;;zt-20317;
;;zt-20318;
;;zt-20319;
;;zt-20320;
;;zt-20321;
;;zt-20322;
;;zt-20323;
;;zt-20324;
;;zt-20325;
;;zt-20326;
;;zt-20327;
;;zt-20328;
;;zt-20329;
;;zt-20330;
;;zt-20331;
;;zt-20332;
;;zt-20333;
;;zt-20334;
;;zt-20335;
;;zt-20336;
;;zt-20337;
;;zt-20338;
;;zt-20339;
;;zt-20340;
;;zt-20341;
;;zt-20342;
;;zt-20343;
;;zt-20344;
;;zt-20345;
;;zt-20346;
;;zt-20347;
;;zt-20348;
;;zt-20349;
;;zt-20350;
;;zt-20351;
;;zt-20352;
;;zt-20353;
;;zt-20354;
;;zt-20355;
;;zt-20356;
;;zt-20357;
;;zt-20358;
;;zt-20359;
;;zt-20360;
;;zt-20361;
;;zt-20362;
;;zt-20363;
;;zt-20364;
;;zt-20365;
;;zt-20366;
;;zt-20367;
;;zt-20368;
;;zt-20369;
;;zt-20370;
;;zt-20371;
;;zt-20372;
;;zt-20373;
;;zt-20374;
;;zt-20375;
;;zt-20376;
;;zt-20377;
;;zt-20378;
;;zt-20379;
;;zt-20380;
;;zt-20381;
;;zt-20382;
;;zt-20383;
;;zt-20384;
;;zt-20385;
;;zt-20386;
;;zt-20387;
;;zt-20388;
;;zt-20389;
;;zt-20390;
;;zt-20391;
;;zt-20392;
;;zt-20393;
;;zt-20394;
;;zt-20395;
;;zt-20396;
;;zt-20397;
;;zt-20398;
;;zt-20399;
;;zt-20400;
;;zt-20401;
;;zt-20402;
;;zt-20403;
;;zt-20404;
;;zt-20405;
;;zt-20406;
;;zt-20407;
;;zt-20408;
;;zt-20409;
;;zt-20410;
;;zt-20411;
;;zt-20412;
;;zt-20413;
;;zt-20414;
;;zt-20415;
;;zt-20416;
;;zt-20417;
;;zt-20418;
;;zt-20419;
;;zt-20420;
;;zt-20421;
;;zt-20422;
;;zt-20423;
;;zt-20424;
;;zt-20425;
;;zt-20426;
;;zt-20427;
;;zt-20428;
;;zt-20429;
;;zt-20430;
;;zt-20431;
;;zt-20432;
;;zt-20433;
;;zt-20434;
;;zt-20435;
;;zt-20436;
;;zt-20437;
;;zt-20438;
;;zt-20439;
;;zt-20440;
;;zt-20441;
;;zt-20442;
;;zt-20443;
;;zt-20444;
;;zt-20445;
;;zt-20446;
;;zt-20447;
;;zt-20448;
;;zt-20449;
;;zt-20450;
;;zt-20451;
;;zt-20452;
;;zt-20453;
;;zt-20454;
;;zt-20455;
;;zt-20456;
;;zt-20457;
;;zt-20458;
;;zt-20459;
;;zt-20460;
;;zt-20461;
;;zt-20462;
;;zt-20463;
;;zt-20464;
;;zt-20465;
;;zt-20466;
;;zt-20467;
;;zt-20468;
;;zt-20469;
;;zt-20470;
;;zt-20471;
;;zt-20472;
;;zt-20473;
;;zt-20474;
;;zt-20475;
;;zt-20476;
;;zt-20477;
;;zt-20478;
;;zt-20479;
;;zt-20480;
;;zt-20481;
;;zt-20482;
;;zt-20483;
;;zt-20484;
;;zt-20485;
;;zt-20486;
;;zt-20487;
;;zt-20488;
;;zt-20489;
;;zt-20490;
;;zt-20491;
;;zt-20492;
;;zt-20493;
;;zt-20494;
;;zt-20495;
;;zt-20496;
;;zt-20497;
;;zt-20498;
;;zt-20499;
;;zt-20500;
;;zt-20501;
;;zt-20502;
;;zt-20503;
;;zt-20504;
;;zt-20505;
;;zt-20506;
;;zt-20507;
;;zt-20508;
;;zt-20509;
;;zt-20510;
;;zt-20511;
;;zt-20512;
;;zt-20513;
;;zt-20514;
;;zt-20515;
;;zt-20516;
;;zt-20517;
;;zt-20518;
;;zt-20519;
;;zt-20520;
;;zt-20521;
;;zt-20522;
;;zt-20523;
;;zt-20524;
;;zt-20525;
;;zt-20526;
;;zt-20527;
;;zt-20528;
;;zt-20529;
;;zt-20530;
;;zt-20531;
;;zt-20532;
;;zt-20533;
;;zt-20534;
;;zt-20535;
;;zt-20536;
;;zt-20537;
;;zt-20538;
;;zt-20539;
;;zt-20540;
;;zt-20541;
;;zt-20542;
;;zt-20543;
;;zt-20544;
;;zt-20545;
;;zt-20546;
;;zt-20547;
;;zt-20548;
;;zt-20549;
;;zt-20550;
;;zt-20551;
;;zt-20552;
;;zt-20553;
;;zt-20554;
;;zt-20555;
;;zt-20556;
;;zt-20557;
;;zt-20558;
;;zt-20559;
;;zt-20560;
;;zt-20561;
;;zt-20562;
;;zt-20563;
;;zt-20564;
;;zt-20565;
;;zt-20566;
;;zt-20567;
;;zt-20568;
;;zt-20569;
;;zt-20570;
;;zt-20571;
;;zt-20572;
;;zt-20573;
;;zt-20574;
;;zt-20575;
;;zt-20576;
;;zt-20577;
;;zt-20578;
;;zt-20579;
;;zt-20580;
;;zt-20581;
;;zt-20582;
;;zt-20583;
;;zt-20584;
;;zt-20585;
;;zt-20586;
;;zt-20587;
;;zt-20588;
;;zt-20589;
;;zt-20590;
;;zt-20591;
;;zt-20592;
;;zt-20593;
;;zt-20594;
;;zt-20595;
;;zt-20596;
;;zt-20597;
;;zt-20598;
;;zt-20599;
;;zt-20600;
;;zt-20601;
;;zt-20602;
;;zt-20603;
;;zt-20604;
;;zt-20605;
;;zt-20606;
;;zt-20607;
;;zt-20608;
;;zt-20609;
;;zt-20610;
;;zt-20611;
;;zt-20612;
;;zt-20613;
;;zt-20614;
;;zt-20615;
;;zt-20616;
;;zt-20617;
;;zt-20618;
;;zt-20619;
;;zt-20620;
;;zt-20621;
;;zt-20622;
;;zt-20623;
;;zt-20624;
;;zt-20625;
;;zt-20626;
;;zt-20627;
;;zt-20628;
;;zt-20629;
;;zt-20630;
;;zt-20631;
;;zt-20632;
;;zt-20633;
;;zt-20634;
;;zt-20635;
;;zt-20636;
;;zt-20637;
;;zt-20638;
;;zt-20639;
;;zt-20640;
;;zt-20641;
;;zt-20642;
;;zt-20643;
;;zt-20644;
;;zt-20645;
;;zt-20646;
;;zt-20647;
;;zt-20648;
;;zt-20649;
;;zt-20650;
;;zt-20651;
;;zt-20652;
;;zt-20653;
;;zt-20654;
;;zt-20655;
;;zt-20656;
;;zt-20657;
;;zt-20658;
;;zt-20659;
;;zt-20660;
;;zt-20661;
;;zt-20662;
;;zt-20663;
;;zt-20664;
;;zt-20665;
;;zt-20666;
;;zt-20667;
;;zt-20668;
;;zt-20669;
;;zt-20670;
;;zt-20671;
;;zt-20672;
;;zt-20673;
;;zt-20674;
;;zt-20675;
;;zt-20676;
;;zt-20677;
;;zt-20678;
;;zt-20679;
;;zt-20680;
;;zt-20681;
;;zt-20682;
;;zt-20683;
;;zt-20684;
;;zt-20685;
;;zt-20686;
;;zt-20687;
;;zt-20688;
;;zt-20689;
;;zt-20690;
;;zt-20691;
;;zt-20692;
;;zt-20693;
;;zt-20694;
;;zt-20695;
;;zt-20696;
;;zt-20697;
;;zt-20698;
;;zt-20699;
;;zt-20700;
;;zt-20701;
;;zt-20702;
;;zt-20703;
;;zt-20704;
;;zt-20705;
;;zt-20706;
;;zt-20707;
;;zt-20708;
;;zt-20709;
;;zt-20710;
;;zt-20711;
;;zt-20712;
;;zt-20713;
;;zt-20714;
;;zt-20715;
;;zt-20716;
;;zt-20717;
;;zt-20718;
;;zt-20719;
;;zt-20720;
;;zt-20721;
;;zt-20722;
;;zt-20723;
;;zt-20724;
;;zt-20725;
;;zt-20726;
;;zt-20727;
;;zt-20728;
;;zt-20729;
;;zt-20730;
;;zt-20731;
;;zt-20732;
;;zt-20733;
;;zt-20734;
;;zt-20735;
;;zt-20736;
;;zt-20737;
;;zt-20738;
;;zt-20739;
;;zt-20740;
;;zt-20741;
;;zt-20742;
;;zt-20743;
;;zt-20744;
;;zt-20745;
;;zt-20746;
;;zt-20747;
;;zt-20748;
;;zt-20749;
;;zt-20750;
;;zt-20751;
;;zt-20752;
;;zt-20753;
;;zt-20754;
;;zt-20755;
;;zt-20756;
;;zt-20757;
;;zt-20758;
;;zt-20759;
;;zt-20760;
;;zt-20761;
;;zt-20762;
;;zt-20763;
;;zt-20764;
;;zt-20765;
;;zt-20766;
;;zt-20767;
;;zt-20768;
;;zt-20769;
;;zt-20770;
;;zt-20771;
;;zt-20772;
;;zt-20773;
;;zt-20774;
;;zt-20775;
;;zt-20776;
;;zt-20777;
;;zt-20778;
;;zt-20779;
;;zt-20780;
;;zt-20781;
;;zt-20782;
;;zt-20783;
;;zt-20784;
;;zt-20785;
;;zt-20786;
;;zt-20787;
;;zt-20788;
;;zt-20789;
;;zt-20790;
;;zt-20791;
;;zt-20792;
;;zt-20793;
;;zt-20794;
;;zt-20795;
;;zt-20796;
;;zt-20797;
;;zt-20798;
;;zt-20799;
;;zt-20800;
;;zt-20801;
;;zt-20802;
;;zt-20803;
;;zt-20804;
;;zt-20805;
;;zt-20806;
;;zt-20807;
;;zt-20808;
;;zt-20809;
;;zt-20810;
;;zt-20811;
;;zt-20812;
;;zt-20813;
;;zt-20814;
;;zt-20815;
;;zt-20816;
;;zt-20817;
;;zt-20818;
;;zt-20819;
;;zt-20820;
;;zt-20821;
;;zt-20822;
;;zt-20823;
;;zt-20824;
;;zt-20825;
;;zt-20826;
;;zt-20827;
;;zt-20828;
;;zt-20829;
;;zt-20830;
;;zt-20831;
;;zt-20832;
;;zt-20833;
;;zt-20834;
;;zt-20835;
;;zt-20836;
;;zt-20837;
;;zt-20838;
;;zt-20839;
;;zt-20840;
;;zt-20841;
;;zt-20842;
;;zt-20843;
;;zt-20844;
;;zt-20845;
;;zt-20846;
;;zt-20847;
;;zt-20848;
;;zt-20849;
;;zt-20850;
;;zt-20851;
;;zt-20852;
;;zt-20853;
;;zt-20854;
;;zt-20855;
;;zt-20856;
;;zt-20857;
;;zt-20858;
;;zt-20859;
;;zt-20860;
;;zt-20861;
;;zt-20862;
;;zt-20863;
;;zt-20864;
;;zt-20865;
;;zt-20866;
;;zt-20867;
;;zt-20868;
;;zt-20869;
;;zt-20870;
;;zt-20871;
;;zt-20872;
;;zt-20873;
;;zt-20874;
;;zt-20875;
;;zt-20876;
;;zt-20877;
;;zt-20878;
;;zt-20879;
;;zt-20880;
;;zt-20881;
;;zt-20882;
;;zt-20883;
;;zt-20884;
;;zt-20885;
;;zt-20886;
;;zt-20887;
;;zt-20888;
;;zt-20889;
;;zt-20890;
;;zt-20891;
;;zt-20892;
;;zt-20893;
;;zt-20894;
;;zt-20895;
;;zt-20896;
;;zt-20897;
;;zt-20898;
;;zt-20899;
;;zt-20900;
;;zt-20901;
;;zt-20902;
;;zt-20903;
;;zt-20904;
;;zt-20905;
;;zt-20906;
;;zt-20907;
;;zt-20908;
;;zt-20909;
;;zt-20910;
;;zt-20911;
;;zt-20912;
;;zt-20913;
;;zt-20914;
;;zt-20915;
;;zt-20916;
;;zt-20917;
;;zt-20918;
;;zt-20919;
;;zt-20920;
;;zt-20921;
;;zt-20922;
;;zt-20923;
;;zt-20924;
;;zt-20925;
;;zt-20926;
;;zt-20927;
;;zt-20928;
;;zt-20929;
;;zt-20930;
;;zt-20931;
;;zt-20932;
;;zt-20933;
;;zt-20934;
;;zt-20935;
;;zt-20936;
;;zt-20937;
;;zt-20938;
;;zt-20939;
;;zt-20940;
;;zt-20941;
;;zt-20942;
;;zt-20943;
;;zt-20944;
;;zt-20945;
;;zt-20946;
;;zt-20947;
;;zt-20948;
;;zt-20949;
;;zt-20950;
;;zt-20951;
;;zt-20952;
;;zt-20953;
;;zt-20954;
;;zt-20955;
;;zt-20956;
;;zt-20957;
;;zt-20958;
;;zt-20959;
;;zt-20960;
;;zt-20961;
;;zt-20962;
;;zt-20963;
;;zt-20964;
;;zt-20965;
;;zt-20966;
;;zt-20967;
;;zt-20968;
;;zt-20969;
;;zt-20970;
;;zt-20971;
;;zt-20972;
;;zt-20973;
;;zt-20974;
;;zt-20975;
;;zt-20976;
;;zt-20977;
;;zt-20978;
;;zt-20979;
;;zt-20980;
;;zt-20981;
;;zt-20982;
;;zt-20983;
;;zt-20984;
;;zt-20985;
;;zt-20986;
;;zt-20987;
;;zt-20988;
;;zt-20989;
;;zt-20990;
;;zt-20991;
;;zt-20992;
;;zt-20993;
;;zt-20994;
;;zt-20995;
;;zt-20996;
;;zt-20997;
;;zt-20998;
;;zt-20999;
;;zt-21000;
;;zt-21001;
;;zt-21002;
;;zt-21003;
;;zt-21004;
;;zt-21005;
;;zt-21006;
;;zt-21007;
;;zt-21008;
;;zt-21009;
;;zt-21010;
;;zt-21011;
;;zt-21012;
;;zt-21013;
;;zt-21014;
;;zt-21015;
;;zt-21016;
;;zt-21017;
;;zt-21018;
;;zt-21019;
;;zt-21020;
;;zt-21021;
;;zt-21022;
;;zt-21023;
;;zt-21024;
;;zt-21025;
;;zt-21026;
;;zt-21027;
;;zt-21028;
;;zt-21029;
;;zt-21030;
;;zt-21031;
;;zt-21032;
;;zt-21033;
;;zt-21034;
;;zt-21035;
;;zt-21036;
;;zt-21037;
;;zt-21038;
;;zt-21039;
;;zt-21040;
;;zt-21041;
;;zt-21042;
;;zt-21043;
;;zt-21044;
;;zt-21045;
;;zt-21046;
;;zt-21047;
;;zt-21048;
;;zt-21049;
;;zt-21050;
;;zt-21051;
;;zt-21052;
;;zt-21053;
;;zt-21054;
;;zt-21055;
;;zt-21056;
;;zt-21057;
;;zt-21058;
;;zt-21059;
;;zt-21060;
;;zt-21061;
;;zt-21062;
;;zt-21063;
;;zt-21064;
;;zt-21065;
;;zt-21066;
;;zt-21067;
;;zt-21068;
;;zt-21069;
;;zt-21070;
;;zt-21071;
;;zt-21072;
;;zt-21073;
;;zt-21074;
;;zt-21075;
;;zt-21076;
;;zt-21077;
;;zt-21078;
;;zt-21079;
;;zt-21080;
;;zt-21081;
;;zt-21082;
;;zt-21083;
;;zt-21084;
;;zt-21085;
;;zt-21086;
;;zt-21087;
;;zt-21088;
;;zt-21089;
;;zt-21090;
;;zt-21091;
;;zt-21092;
;;zt-21093;
;;zt-21094;
;;zt-21095;
;;zt-21096;
;;zt-21097;
;;zt-21098;
;;zt-21099;
;;zt-21100;
;;zt-21101;
;;zt-21102;
;;zt-21103;
;;zt-21104;
;;zt-21105;
;;zt-21106;
;;zt-21107;
;;zt-21108;
;;zt-21109;
;;zt-21110;
;;zt-21111;
;;zt-21112;
;;zt-21113;
;;zt-21114;
;;zt-21115;
;;zt-21116;
;;zt-21117;
;;zt-21118;
;;zt-21119;
;;zt-21120;
;;zt-21121;
;;zt-21122;
;;zt-21123;
;;zt-21124;
;;zt-21125;
;;zt-21126;
;;zt-21127;
;;zt-21128;
;;zt-21129;
;;zt-21130;
;;zt-21131;
;;zt-21132;
;;zt-21133;
;;zt-21134;
;;zt-21135;
;;zt-21136;
;;zt-21137;
;;zt-21138;
;;zt-21139;
;;zt-21140;
;;zt-21141;
;;zt-21142;
;;zt-21143;
;;zt-21144;
;;zt-21145;
;;zt-21146;
;;zt-21147;
;;zt-21148;
;;zt-21149;
;;zt-21150;
;;zt-21151;
;;zt-21152;
;;zt-21153;
;;zt-21154;
;;zt-21155;
;;zt-21156;
;;zt-21157;
;;zt-21158;
;;zt-21159;
;;zt-21160;
;;zt-21161;
;;zt-21162;
;;zt-21163;
;;zt-21164;
;;zt-21165;
;;zt-21166;
;;zt-21167;
;;zt-21168;
;;zt-21169;
;;zt-21170;
;;zt-21171;
;;zt-21172;
;;zt-21173;
;;zt-21174;
;;zt-21175;
;;zt-21176;
;;zt-21177;
;;zt-21178;
;;zt-21179;
;;zt-21180;
;;zt-21181;
;;zt-21182;
;;zt-21183;
;;zt-21184;
;;zt-21185;
;;zt-21186;
;;zt-21187;
;;zt-21188;
;;zt-21189;
;;zt-21190;
;;zt-21191;
;;zt-21192;
;;zt-21193;
;;zt-21194;
;;zt-21195;
;;zt-21196;
;;zt-21197;
;;zt-21198;
;;zt-21199;
;;zt-21200;
;;zt-21201;
;;zt-21202;
;;zt-21203;
;;zt-21204;
;;zt-21205;
;;zt-21206;
;;zt-21207;
;;zt-21208;
;;zt-21209;
;;zt-21210;
;;zt-21211;
;;zt-21212;
;;zt-21213;
;;zt-21214;
;;zt-21215;
;;zt-21216;
;;zt-21217;
;;zt-21218;
;;zt-21219;
;;zt-21220;
;;zt-21221;
;;zt-21222;
;;zt-21223;
;;zt-21224;
;;zt-21225;
;;zt-21226;
;;zt-21227;
;;zt-21228;
;;zt-21229;
;;zt-21230;
;;zt-21231;
;;zt-21232;
;;zt-21233;
;;zt-21234;
;;zt-21235;
;;zt-21236;
;;zt-21237;
;;zt-21238;
;;zt-21239;
;;zt-21240;
;;zt-21241;
;;zt-21242;
;;zt-21243;
;;zt-21244;
;;zt-21245;
;;zt-21246;
;;zt-21247;
;;zt-21248;
;;zt-21249;
;;zt-21250;
;;zt-21251;
;;zt-21252;
;;zt-21253;
;;zt-21254;
;;zt-21255;
;;zt-21256;
;;zt-21257;
;;zt-21258;
;;zt-21259;
;;zt-21260;
;;zt-21261;
;;zt-21262;
;;zt-21263;
;;zt-21264;
;;zt-21265;
;;zt-21266;
;;zt-21267;
;;zt-21268;
;;zt-21269;
;;zt-21270;
;;zt-21271;
;;zt-21272;
;;zt-21273;
;;zt-21274;
;;zt-21275;
;;zt-21276;
;;zt-21277;
;;zt-21278;
;;zt-21279;
;;zt-21280;
;;zt-21281;
;;zt-21282;
;;zt-21283;
;;zt-21284;
;;zt-21285;
;;zt-21286;
;;zt-21287;
;;zt-21288;
;;zt-21289;
;;zt-21290;
;;zt-21291;
;;zt-21292;
;;zt-21293;
;;zt-21294;
;;zt-21295;
;;zt-21296;
;;zt-21297;
;;zt-21298;
;;zt-21299;
;;zt-21300;
;;zt-21301;
;;zt-21302;
;;zt-21303;
;;zt-21304;
;;zt-21305;
;;zt-21306;
;;zt-21307;
;;zt-21308;
;;zt-21309;
;;zt-21310;
;;zt-21311;
;;zt-21312;
;;zt-21313;
;;zt-21314;
;;zt-21315;
;;zt-21316;
;;zt-21317;
;;zt-21318;
;;zt-21319;
;;zt-21320;
;;zt-21321;
;;zt-21322;
;;zt-21323;
;;zt-21324;
;;zt-21325;
;;zt-21326;
;;zt-21327;
;;zt-21328;
;;zt-21329;
;;zt-21330;
;;zt-21331;
;;zt-21332;
;;zt-21333;
;;zt-21334;
;;zt-21335;
;;zt-21336;
;;zt-21337;
;;zt-21338;
;;zt-21339;
;;zt-21340;
;;zt-21341;
;;zt-21342;
;;zt-21343;
;;zt-21344;
;;zt-21345;
;;zt-21346;
;;zt-21347;
;;zt-21348;
;;zt-21349;
;;zt-21350;
;;zt-21351;
;;zt-21352;
;;zt-21353;
;;zt-21354;
;;zt-21355;
;;zt-21356;
;;zt-21357;
;;zt-21358;
;;zt-21359;
;;zt-21360;
;;zt-21361;
;;zt-21362;
;;zt-21363;
;;zt-21364;
;;zt-21365;
;;zt-21366;
;;zt-21367;
;;zt-21368;
;;zt-21369;
;;zt-21370;
;;zt-21371;
;;zt-21372;
;;zt-21373;
;;zt-21374;
;;zt-21375;
;;zt-21376;
;;zt-21377;
;;zt-21378;
;;zt-21379;
;;zt-21380;
;;zt-21381;
;;zt-21382;
;;zt-21383;
;;zt-21384;
;;zt-21385;
;;zt-21386;
;;zt-21387;
;;zt-21388;
;;zt-21389;
;;zt-21390;
;;zt-21391;
;;zt-21392;
;;zt-21393;
;;zt-21394;
;;zt-21395;
;;zt-21396;
;;zt-21397;
;;zt-21398;
;;zt-21399;
;;zt-21400;
;;zt-21401;
;;zt-21402;
;;zt-21403;
;;zt-21404;
;;zt-21405;
;;zt-21406;
;;zt-21407;
;;zt-21408;
;;zt-21409;
;;zt-21410;
;;zt-21411;
;;zt-21412;
;;zt-21413;
;;zt-21414;
;;zt-21415;
;;zt-21416;
;;zt-21417;
;;zt-21418;
;;zt-21419;
;;zt-21420;
;;zt-21421;
;;zt-21422;
;;zt-21423;
;;zt-21424;
;;zt-21425;
;;zt-21426;
;;zt-21427;
;;zt-21428;
;;zt-21429;
;;zt-21430;
;;zt-21431;
;;zt-21432;
;;zt-21433;
;;zt-21434;
;;zt-21435;
;;zt-21436;
;;zt-21437;
;;zt-21438;
;;zt-21439;
;;zt-21440;
;;zt-21441;
;;zt-21442;
;;zt-21443;
;;zt-21444;
;;zt-21445;
;;zt-21446;
;;zt-21447;
;;zt-21448;
;;zt-21449;
;;zt-21450;
;;zt-21451;
;;zt-21452;
;;zt-21453;
;;zt-21454;
;;zt-21455;
;;zt-21456;
;;zt-21457;
;;zt-21458;
;;zt-21459;
;;zt-21460;
;;zt-21461;
;;zt-21462;
;;zt-21463;
;;zt-21464;
;;zt-21465;
;;zt-21466;
;;zt-21467;
;;zt-21468;
;;zt-21469;
;;zt-21470;
;;zt-21471;
;;zt-21472;
;;zt-21473;
;;zt-21474;
;;zt-21475;
;;zt-21476;
;;zt-21477;
;;zt-21478;
;;zt-21479;
;;zt-21480;
;;zt-21481;
;;zt-21482;
;;zt-21483;
;;zt-21484;
;;zt-21485;
;;zt-21486;
;;zt-21487;
;;zt-21488;
;;zt-21489;
;;zt-21490;
;;zt-21491;
;;zt-21492;
;;zt-21493;
;;zt-21494;
;;zt-21495;
;;zt-21496;
;;zt-21497;
;;zt-21498;
;;zt-21499;
;;zt-21500;
;;zt-21501;
;;zt-21502;
;;zt-21503;
;;zt-21504;
;;zt-21505;
;;zt-21506;
;;zt-21507;
;;zt-21508;
;;zt-21509;
;;zt-21510;
;;zt-21511;
;;zt-21512;
;;zt-21513;
;;zt-21514;
;;zt-21515;
;;zt-21516;
;;zt-21517;
;;zt-21518;
;;zt-21519;
;;zt-21520;
;;zt-21521;
;;zt-21522;
;;zt-21523;
;;zt-21524;
;;zt-21525;
;;zt-21526;
;;zt-21527;
;;zt-21528;
;;zt-21529;
;;zt-21530;
;;zt-21531;
;;zt-21532;
;;zt-21533;
;;zt-21534;
;;zt-21535;
;;zt-21536;
;;zt-21537;
;;zt-21538;
;;zt-21539;
;;zt-21540;
;;zt-21541;
;;zt-21542;
;;zt-21543;
;;zt-21544;
;;zt-21545;
;;zt-21546;
;;zt-21547;
;;zt-21548;
;;zt-21549;
;;zt-21550;
;;zt-21551;
;;zt-21552;
;;zt-21553;
;;zt-21554;
;;zt-21555;
;;zt-21556;
;;zt-21557;
;;zt-21558;
;;zt-21559;
;;zt-21560;
;;zt-21561;
;;zt-21562;
;;zt-21563;
;;zt-21564;
;;zt-21565;
;;zt-21566;
;;zt-21567;
;;zt-21568;
;;zt-21569;
;;zt-21570;
;;zt-21571;
;;zt-21572;
;;zt-21573;
;;zt-21574;
;;zt-21575;
;;zt-21576;
;;zt-21577;
;;zt-21578;
;;zt-21579;
;;zt-21580;
;;zt-21581;
;;zt-21582;
;;zt-21583;
;;zt-21584;
;;zt-21585;
;;zt-21586;
;;zt-21587;
;;zt-21588;
;;zt-21589;
;;zt-21590;
;;zt-21591;
;;zt-21592;
;;zt-21593;
;;zt-21594;
;;zt-21595;
;;zt-21596;
;;zt-21597;
;;zt-21598;
;;zt-21599;
;;zt-21600;
;;zt-21601;
;;zt-21602;
;;zt-21603;
;;zt-21604;
;;zt-21605;
;;zt-21606;
;;zt-21607;
;;zt-21608;
;;zt-21609;
;;zt-21610;
;;zt-21611;
;;zt-21612;
;;zt-21613;
;;zt-21614;
;;zt-21615;
;;zt-21616;
;;zt-21617;
;;zt-21618;
;;zt-21619;
;;zt-21620;
;;zt-21621;
;;zt-21622;
;;zt-21623;
;;zt-21624;
;;zt-21625;
;;zt-21626;
;;zt-21627;
;;zt-21628;
;;zt-21629;
;;zt-21630;
;;zt-21631;
;;zt-21632;
;;zt-21633;
;;zt-21634;
;;zt-21635;
;;zt-21636;
;;zt-21637;
;;zt-21638;
;;zt-21639;
;;zt-21640;
;;zt-21641;
;;zt-21642;
;;zt-21643;
;;zt-21644;
;;zt-21645;
;;zt-21646;
;;zt-21647;
;;zt-21648;
;;zt-21649;
;;zt-21650;
;;zt-21651;
;;zt-21652;
;;zt-21653;
;;zt-21654;
;;zt-21655;
;;zt-21656;
;;zt-21657;
;;zt-21658;
;;zt-21659;
;;zt-21660;
;;zt-21661;
;;zt-21662;
;;zt-21663;
;;zt-21664;
;;zt-21665;
;;zt-21666;
;;zt-21667;
;;zt-21668;
;;zt-21669;
;;zt-21670;
;;zt-21671;
;;zt-21672;
;;zt-21673;
;;zt-21674;
;;zt-21675;
;;zt-21676;
;;zt-21677;
;;zt-21678;
;;zt-21679;
;;zt-21680;
;;zt-21681;
;;zt-21682;
;;zt-21683;
;;zt-21684;
;;zt-21685;
;;zt-21686;
;;zt-21687;
;;zt-21688;
;;zt-21689;
;;zt-21690;
;;zt-21691;
;;zt-21692;
;;zt-21693;
;;zt-21694;
;;zt-21695;
;;zt-21696;
;;zt-21697;
;;zt-21698;
;;zt-21699;
;;zt-21700;
;;zt-21701;
;;zt-21702;
;;zt-21703;
;;zt-21704;
;;zt-21705;
;;zt-21706;
;;zt-21707;
;;zt-21708;
;;zt-21709;
;;zt-21710;
;;zt-21711;
;;zt-21712;
;;zt-21713;
;;zt-21714;
;;zt-21715;
;;zt-21716;
;;zt-21717;
;;zt-21718;
;;zt-21719;
;;zt-21720;
;;zt-21721;
;;zt-21722;
;;zt-21723;
;;zt-21724;
;;zt-21725;
;;zt-21726;
;;zt-21727;
;;zt-21728;
;;zt-21729;
;;zt-21730;
;;zt-21731;
;;zt-21732;
;;zt-21733;
;;zt-21734;
;;zt-21735;
;;zt-21736;
;;zt-21737;
;;zt-21738;
;;zt-21739;
;;zt-21740;
;;zt-21741;
;;zt-21742;
;;zt-21743;
;;zt-21744;
;;zt-21745;
;;zt-21746;
;;zt-21747;
;;zt-21748;
;;zt-21749;
;;zt-21750;
;;zt-21751;
;;zt-21752;
;;zt-21753;
;;zt-21754;
;;zt-21755;
;;zt-21756;
;;zt-21757;
;;zt-21758;
;;zt-21759;
;;zt-21760;
;;zt-21761;
;;zt-21762;
;;zt-21763;
;;zt-21764;
;;zt-21765;
;;zt-21766;
;;zt-21767;
;;zt-21768;
;;zt-21769;
;;zt-21770;
;;zt-21771;
;;zt-21772;
;;zt-21773;
;;zt-21774;
;;zt-21775;
;;zt-21776;
;;zt-21777;
;;zt-21778;
;;zt-21779;
;;zt-21780;
;;zt-21781;
;;zt-21782;
;;zt-21783;
;;zt-21784;
;;zt-21785;
;;zt-21786;
;;zt-21787;
;;zt-21788;
;;zt-21789;
;;zt-21790;
;;zt-21791;
;;zt-21792;
;;zt-21793;
;;zt-21794;
;;zt-21795;
;;zt-21796;
;;zt-21797;
;;zt-21798;
;;zt-21799;
;;zt-21800;
;;zt-21801;
;;zt-21802;
;;zt-21803;
;;zt-21804;
;;zt-21805;
;;zt-21806;
;;zt-21807;
;;zt-21808;
;;zt-21809;
;;zt-21810;
;;zt-21811;
;;zt-21812;
;;zt-21813;
;;zt-21814;
;;zt-21815;
;;zt-21816;
;;zt-21817;
;;zt-21818;
;;zt-21819;
;;zt-21820;
;;zt-21821;
;;zt-21822;
;;zt-21823;
;;zt-21824;
;;zt-21825;
;;zt-21826;
;;zt-21827;
;;zt-21828;
;;zt-21829;
;;zt-21830;
;;zt-21831;
;;zt-21832;
;;zt-21833;
;;zt-21834;
;;zt-21835;
;;zt-21836;
;;zt-21837;
;;zt-21838;
;;zt-21839;
;;zt-21840;
;;zt-21841;
;;zt-21842;
;;zt-21843;
;;zt-21844;
;;zt-21845;
;;zt-21846;
;;zt-21847;
;;zt-21848;
;;zt-21849;
;;zt-21850;
;;zt-21851;
;;zt-21852;
;;zt-21853;
;;zt-21854;
;;zt-21855;
;;zt-21856;
;;zt-21857;
;;zt-21858;
;;zt-21859;
;;zt-21860;
;;zt-21861;
;;zt-21862;
;;zt-21863;
;;zt-21864;
;;zt-21865;
;;zt-21866;
;;zt-21867;
;;zt-21868;
;;zt-21869;
;;zt-21870;
;;zt-21871;
;;zt-21872;
;;zt-21873;
;;zt-21874;
;;zt-21875;
;;zt-21876;
;;zt-21877;
;;zt-21878;
;;zt-21879;
;;zt-21880;
;;zt-21881;
;;zt-21882;
;;zt-21883;
;;zt-21884;
;;zt-21885;
;;zt-21886;
;;zt-21887;
;;zt-21888;
;;zt-21889;
;;zt-21890;
;;zt-21891;
;;zt-21892;
;;zt-21893;
;;zt-21894;
;;zt-21895;
;;zt-21896;
;;zt-21897;
;;zt-21898;
;;zt-21899;
;;zt-21900;
;;zt-21901;
;;zt-21902;
;;zt-21903;
;;zt-21904;
;;zt-21905;
;;zt-21906;
;;zt-21907;
;;zt-21908;
;;zt-21909;
;;zt-21910;
;;zt-21911;
;;zt-21912;
;;zt-21913;
;;zt-21914;
;;zt-21915;
;;zt-21916;
;;zt-21917;
;;zt-21918;
;;zt-21919;
;;zt-21920;
;;zt-21921;
;;zt-21922;
;;zt-21923;
;;zt-21924;
;;zt-21925;
;;zt-21926;
;;zt-21927;
;;zt-21928;
;;zt-21929;
;;zt-21930;
;;zt-21931;
;;zt-21932;
;;zt-21933;
;;zt-21934;
;;zt-21935;
;;zt-21936;
;;zt-21937;
;;zt-21938;
;;zt-21939;
;;zt-21940;
;;zt-21941;
;;zt-21942;
;;zt-21943;
;;zt-21944;
;;zt-21945;
;;zt-21946;
;;zt-21947;
;;zt-21948;
;;zt-21949;
;;zt-21950;
;;zt-21951;
;;zt-21952;
;;zt-21953;
;;zt-21954;
;;zt-21955;
;;zt-21956;
;;zt-21957;
;;zt-21958;
;;zt-21959;
;;zt-21960;
;;zt-21961;
;;zt-21962;
;;zt-21963;
;;zt-21964;
;;zt-21965;
;;zt-21966;
;;zt-21967;
;;zt-21968;
;;zt-21969;
;;zt-21970;
;;zt-21971;
;;zt-21972;
;;zt-21973;
;;zt-21974;
;;zt-21975;
;;zt-21976;
;;zt-21977;
;;zt-21978;
;;zt-21979;
;;zt-21980;
;;zt-21981;
;;zt-21982;
;;zt-21983;
;;zt-21984;
;;zt-21985;
;;zt-21986;
;;zt-21987;
;;zt-21988;
;;zt-21989;
;;zt-21990;
;;zt-21991;
;;zt-21992;
;;zt-21993;
;;zt-21994;
;;zt-21995;
;;zt-21996;
;;zt-21997;
;;zt-21998;
;;zt-21999;
;;zt-22000;
;;zt-22001;
;;zt-22002;
;;zt-22003;
;;zt-22004;
;;zt-22005;
;;zt-22006;
;;zt-22007;
;;zt-22008;
;;zt-22009;
;;zt-22010;
;;zt-22011;
;;zt-22012;
;;zt-22013;
;;zt-22014;
;;zt-22015;
;;zt-22016;
;;zt-22017;
;;zt-22018;
;;zt-22019;
;;zt-22020;
;;zt-22021;
;;zt-22022;
;;zt-22023;
;;zt-22024;
;;zt-22025;
;;zt-22026;
;;zt-22027;
;;zt-22028;
;;zt-22029;
;;zt-22030;
;;zt-22031;
;;zt-22032;
;;zt-22033;
;;zt-22034;
;;zt-22035;
;;zt-22036;
;;zt-22037;
;;zt-22038;
;;zt-22039;
;;zt-22040;
;;zt-22041;
;;zt-22042;
;;zt-22043;
;;zt-22044;
;;zt-22045;
;;zt-22046;
;;zt-22047;
;;zt-22048;
;;zt-22049;
;;zt-22050;
;;zt-22051;
;;zt-22052;
;;zt-22053;
;;zt-22054;
;;zt-22055;
;;zt-22056;
;;zt-22057;
;;zt-22058;
;;zt-22059;
;;zt-22060;
;;zt-22061;
;;zt-22062;
;;zt-22063;
;;zt-22064;
;;zt-22065;
;;zt-22066;
;;zt-22067;
;;zt-22068;
;;zt-22069;
;;zt-22070;
;;zt-22071;
;;zt-22072;
;;zt-22073;
;;zt-22074;
;;zt-22075;
;;zt-22076;
;;zt-22077;
;;zt-22078;
;;zt-22079;
;;zt-22080;
;;zt-22081;
;;zt-22082;
;;zt-22083;
;;zt-22084;
;;zt-22085;
;;zt-22086;
;;zt-22087;
;;zt-22088;
;;zt-22089;
;;zt-22090;
;;zt-22091;
;;zt-22092;
;;zt-22093;
;;zt-22094;
;;zt-22095;
;;zt-22096;
;;zt-22097;
;;zt-22098;
;;zt-22099;
;;zt-22100;
;;zt-22101;
;;zt-22102;
;;zt-22103;
;;zt-22104;
;;zt-22105;
;;zt-22106;
;;zt-22107;
;;zt-22108;
;;zt-22109;
;;zt-22110;
;;zt-22111;
;;zt-22112;
;;zt-22113;
;;zt-22114;
;;zt-22115;
;;zt-22116;
;;zt-22117;
;;zt-22118;
;;zt-22119;
;;zt-22120;
;;zt-22121;
;;zt-22122;
;;zt-22123;
;;zt-22124;
;;zt-22125;
;;zt-22126;
;;zt-22127;
;;zt-22128;
;;zt-22129;
;;zt-22130;
;;zt-22131;
;;zt-22132;
;;zt-22133;
;;zt-22134;
;;zt-22135;
;;zt-22136;
;;zt-22137;
;;zt-22138;
;;zt-22139;
;;zt-22140;
;;zt-22141;
;;zt-22142;
;;zt-22143;
;;zt-22144;
;;zt-22145;
;;zt-22146;
;;zt-22147;
;;zt-22148;
;;zt-22149;
;;zt-22150;
;;zt-22151;
;;zt-22152;
;;zt-22153;
;;zt-22154;
;;zt-22155;
;;zt-22156;
;;zt-22157;
;;zt-22158;
;;zt-22159;
;;zt-22160;
;;zt-22161;
;;zt-22162;
;;zt-22163;
;;zt-22164;
;;zt-22165;
;;zt-22166;
;;zt-22167;
;;zt-22168;
;;zt-22169;
;;zt-22170;
;;zt-22171;
;;zt-22172;
;;zt-22173;
;;zt-22174;
;;zt-22175;
;;zt-22176;
;;zt-22177;
;;zt-22178;
;;zt-22179;
;;zt-22180;
;;zt-22181;
;;zt-22182;
;;zt-22183;
;;zt-22184;
;;zt-22185;
;;zt-22186;
;;zt-22187;
;;zt-22188;
;;zt-22189;
;;zt-22190;
;;zt-22191;
;;zt-22192;
;;zt-22193;
;;zt-22194;
;;zt-22195;
;;zt-22196;
;;zt-22197;
;;zt-22198;
;;zt-22199;
;;zt-22200;
;;zt-22201;
;;zt-22202;
;;zt-22203;
;;zt-22204;
;;zt-22205;
;;zt-22206;
;;zt-22207;
;;zt-22208;
;;zt-22209;
;;zt-22210;
;;zt-22211;
;;zt-22212;
;;zt-22213;
;;zt-22214;
;;zt-22215;
;;zt-22216;
;;zt-22217;
;;zt-22218;
;;zt-22219;
;;zt-22220;
;;zt-22221;
;;zt-22222;
;;zt-22223;
;;zt-22224;
;;zt-22225;
;;zt-22226;
;;zt-22227;
;;zt-22228;
;;zt-22229;
;;zt-22230;
;;zt-22231;
;;zt-22232;
;;zt-22233;
;;zt-22234;
;;zt-22235;
;;zt-22236;
;;zt-22237;
;;zt-22238;
;;zt-22239;
;;zt-22240;
;;zt-22241;
;;zt-22242;
;;zt-22243;
;;zt-22244;
;;zt-22245;
;;zt-22246;
;;zt-22247;
;;zt-22248;
;;zt-22249;
;;zt-22250;
;;zt-22251;
;;zt-22252;
;;zt-22253;
;;zt-22254;
;;zt-22255;
;;zt-22256;
;;zt-22257;
;;zt-22258;
;;zt-22259;
;;zt-22260;
;;zt-22261;
;;zt-22262;
;;zt-22263;
;;zt-22264;
;;zt-22265;
;;zt-22266;
;;zt-22267;
;;zt-22268;
;;zt-22269;
;;zt-22270;
;;zt-22271;
;;zt-22272;
;;zt-22273;
;;zt-22274;
;;zt-22275;
;;zt-22276;
;;zt-22277;
;;zt-22278;
;;zt-22279;
;;zt-22280;
;;zt-22281;
;;zt-22282;
;;zt-22283;
;;zt-22284;
;;zt-22285;
;;zt-22286;
;;zt-22287;
;;zt-22288;
;;zt-22289;
;;zt-22290;
;;zt-22291;
;;zt-22292;
;;zt-22293;
;;zt-22294;
;;zt-22295;
;;zt-22296;
;;zt-22297;
;;zt-22298;
;;zt-22299;
;;zt-22300;
;;zt-22301;
;;zt-22302;
;;zt-22303;
;;zt-22304;
;;zt-22305;
;;zt-22306;
;;zt-22307;
;;zt-22308;
;;zt-22309;
;;zt-22310;
;;zt-22311;
;;zt-22312;
;;zt-22313;
;;zt-22314;
;;zt-22315;
