portfolioRefCode;refCode;quantity;price;amount
nt1;hk-0001;100;50;5000
nt2;hk-0002;100;50;5000
nt3;hk-0003;100;50;5000
nt4;hk-0004;100;50;5000
nt5;hk-0005;100;50;5000
nt6;hk-0006;100;50;5000
nt7;hk-0007;100;50;5000
nt8;hk-0008;100;50;5000
nt9;hk-0009;100;50;5000
nt10;hk-0010;100;50;5000
nt11;hk-0011;100;50;5000
nt12;hk-0012;100;50;5000
nt13;hk-0013;100;50;5000
nt14;hk-0014;100;50;5000
nt15;hk-0015;100;50;5000
nt16;hk-0016;100;50;5000
nt17;hk-0017;100;50;5000
nt18;hk-0018;100;50;5000
nt19;hk-0019;100;50;5000
nt20;hk-0020;100;50;5000
nt21;hk-0021;100;50;5000
nt22;hk-0022;100;50;5000
nt23;hk-0023;100;50;5000
nt24;hk-0024;100;50;5000
nt25;hk-0025;100;50;5000
nt26;hk-0026;100;50;5000
nt27;hk-0027;100;50;5000
nt28;hk-0028;100;50;5000
nt29;hk-0029;100;50;5000
nt30;hk-0030;100;50;5000
nt31;hk-0031;100;50;5000
nt32;hk-0032;100;50;5000
nt33;hk-0033;100;50;5000
nt34;hk-0034;100;50;5000
nt35;hk-0035;100;50;5000
nt36;hk-0036;100;50;5000
nt37;hk-0037;100;50;5000
nt38;hk-0038;100;50;5000
nt39;hk-0039;100;50;5000
nt40;hk-0040;100;50;5000
nt41;hk-0041;100;50;5000
nt42;hk-0042;100;50;5000
nt43;hk-0043;100;50;5000
nt44;hk-0044;100;50;5000
nt45;hk-0045;100;50;5000
nt46;hk-0046;100;50;5000
nt47;hk-0047;100;50;5000
nt48;hk-0048;100;50;5000
nt49;hk-0049;100;50;5000
nt50;hk-0050;100;50;5000
nt51;hk-0051;100;50;5000
nt52;hk-0052;100;50;5000
nt53;hk-0053;100;50;5000
nt54;hk-0054;100;50;5000
nt55;hk-0055;100;50;5000
nt56;hk-0056;100;50;5000
nt57;hk-0057;100;50;5000
nt58;hk-0058;100;50;5000
nt59;hk-0059;100;50;5000
nt60;hk-0060;100;50;5000
nt61;hk-0061;100;50;5000
nt62;hk-0062;100;50;5000
nt63;hk-0063;100;50;5000
nt64;hk-0064;100;50;5000
nt65;hk-0065;100;50;5000
nt66;hk-0066;100;50;5000
nt67;hk-0067;100;50;5000
nt68;hk-0068;100;50;5000
nt69;hk-0069;100;50;5000
nt70;hk-0070;100;50;5000
nt71;hk-0071;100;50;5000
nt72;hk-0072;100;50;5000
nt73;hk-0073;100;50;5000
nt74;hk-0074;100;50;5000
nt75;hk-0075;100;50;5000
nt76;hk-0076;100;50;5000
nt77;hk-0077;100;50;5000
nt78;hk-0078;100;50;5000
nt79;hk-0079;100;50;5000
nt80;hk-0080;100;50;5000
nt81;hk-0081;100;50;5000
nt82;hk-0082;100;50;5000
nt83;hk-0083;100;50;5000
nt84;hk-0084;100;50;5000
nt85;hk-0085;100;50;5000
nt86;hk-0086;100;50;5000
nt87;hk-0087;100;50;5000
nt88;hk-0088;100;50;5000
nt89;hk-0089;100;50;5000
nt90;hk-0090;100;50;5000
nt91;hk-0091;100;50;5000
nt92;hk-0092;100;50;5000
nt93;hk-0093;100;50;5000
nt94;hk-0094;100;50;5000
nt95;hk-0095;100;50;5000
nt96;hk-0096;100;50;5000
nt97;hk-0097;100;50;5000
nt98;hk-0098;100;50;5000
nt99;hk-0099;100;50;5000
nt100;hk-0100;100;50;5000
nt101;hk-0101;100;50;5000
nt102;hk-0102;100;50;5000
nt103;hk-0103;100;50;5000
nt104;hk-0104;100;50;5000
nt105;hk-0105;100;50;5000
nt106;hk-0106;100;50;5000
nt107;hk-0107;100;50;5000
nt108;hk-0108;100;50;5000
nt109;hk-0109;100;50;5000
nt110;hk-0110;100;50;5000
nt111;hk-0111;100;50;5000
nt112;hk-0112;100;50;5000
nt113;hk-0113;100;50;5000
nt114;hk-0114;100;50;5000
nt115;hk-0115;100;50;5000
nt116;hk-0116;100;50;5000
nt117;hk-0117;100;50;5000
nt118;hk-0118;100;50;5000
nt119;hk-0119;100;50;5000
nt120;hk-0120;100;50;5000
nt121;hk-0121;100;50;5000
nt122;hk-0122;100;50;5000
nt123;hk-0123;100;50;5000
nt124;hk-0124;100;50;5000
nt125;hk-0125;100;50;5000
nt126;hk-0126;100;50;5000
nt127;hk-0127;100;50;5000
nt128;hk-0128;100;50;5000
nt129;hk-0129;100;50;5000
nt130;hk-0130;100;50;5000
nt131;hk-0131;100;50;5000
nt132;hk-0132;100;50;5000
nt133;hk-0133;100;50;5000
nt134;hk-0134;100;50;5000
nt135;hk-0135;100;50;5000
nt136;hk-0136;100;50;5000
nt137;hk-0137;100;50;5000
nt138;hk-0138;100;50;5000
nt139;hk-0139;100;50;5000
nt140;hk-0140;100;50;5000
nt141;hk-0141;100;50;5000
nt142;hk-0142;100;50;5000
nt143;hk-0143;100;50;5000
nt144;hk-0144;100;50;5000
nt145;hk-0145;100;50;5000
nt146;hk-0146;100;50;5000
nt147;hk-0147;100;50;5000
nt148;hk-0148;100;50;5000
nt149;hk-0149;100;50;5000
nt150;hk-0150;100;50;5000
nt151;hk-0151;100;50;5000
nt152;hk-0152;100;50;5000
nt153;hk-0153;100;50;5000
nt154;hk-0154;100;50;5000
nt155;hk-0155;100;50;5000
nt156;hk-0156;100;50;5000
nt157;hk-0157;100;50;5000
nt158;hk-0158;100;50;5000
nt159;hk-0159;100;50;5000
nt160;hk-0160;100;50;5000
nt161;hk-0161;100;50;5000
nt162;hk-0162;100;50;5000
nt163;hk-0163;100;50;5000
nt164;hk-0164;100;50;5000
nt165;hk-0165;100;50;5000
nt166;hk-0166;100;50;5000
nt167;hk-0167;100;50;5000
nt168;hk-0168;100;50;5000
nt169;hk-0169;100;50;5000
nt170;hk-0170;100;50;5000
nt171;hk-0171;100;50;5000
nt172;hk-0172;100;50;5000
nt173;hk-0173;100;50;5000
nt174;hk-0174;100;50;5000
nt175;hk-0175;100;50;5000
nt176;hk-0176;100;50;5000
nt177;hk-0177;100;50;5000
nt178;hk-0178;100;50;5000
nt179;hk-0179;100;50;5000
nt180;hk-0180;100;50;5000
nt181;hk-0181;100;50;5000
nt182;hk-0182;100;50;5000
nt183;hk-0183;100;50;5000
nt184;hk-0184;100;50;5000
nt185;hk-0185;100;50;5000
nt186;hk-0186;100;50;5000
nt187;hk-0187;100;50;5000
nt188;hk-0188;100;50;5000
nt189;hk-0189;100;50;5000
nt190;hk-0190;100;50;5000
nt191;hk-0191;100;50;5000
nt192;hk-0192;100;50;5000
nt193;hk-0193;100;50;5000
nt194;hk-0194;100;50;5000
nt195;hk-0195;100;50;5000
nt196;hk-0196;100;50;5000
nt197;hk-0197;100;50;5000
nt198;hk-0198;100;50;5000
nt199;hk-0199;100;50;5000
nt200;hk-0200;100;50;5000
nt201;hk-0201;100;50;5000
nt202;hk-0202;100;50;5000
nt203;hk-0203;100;50;5000
nt204;hk-0204;100;50;5000
nt205;hk-0205;100;50;5000
nt206;hk-0206;100;50;5000
nt207;hk-0207;100;50;5000
nt208;hk-0208;100;50;5000
nt209;hk-0209;100;50;5000
nt210;hk-0210;100;50;5000
nt211;hk-0211;100;50;5000
nt212;hk-0212;100;50;5000
nt213;hk-0213;100;50;5000
nt214;hk-0214;100;50;5000
nt215;hk-0215;100;50;5000
nt216;hk-0216;100;50;5000
nt217;hk-0217;100;50;5000
nt218;hk-0218;100;50;5000
nt219;hk-0219;100;50;5000
nt220;hk-0220;100;50;5000
nt221;hk-0221;100;50;5000
nt222;hk-0222;100;50;5000
nt223;hk-0223;100;50;5000
nt224;hk-0224;100;50;5000
nt225;hk-0225;100;50;5000
nt226;hk-0226;100;50;5000
nt227;hk-0227;100;50;5000
nt228;hk-0228;100;50;5000
nt229;hk-0229;100;50;5000
nt230;hk-0230;100;50;5000
nt231;hk-0231;100;50;5000
nt232;hk-0232;100;50;5000
nt233;hk-0233;100;50;5000
nt234;hk-0234;100;50;5000
nt235;hk-0235;100;50;5000
nt236;hk-0236;100;50;5000
nt237;hk-0237;100;50;5000
nt238;hk-0238;100;50;5000
nt239;hk-0239;100;50;5000
nt240;hk-0240;100;50;5000
nt241;hk-0241;100;50;5000
nt242;hk-0242;100;50;5000
nt243;hk-0243;100;50;5000
nt244;hk-0244;100;50;5000
nt245;hk-0245;100;50;5000
nt246;hk-0246;100;50;5000
nt247;hk-0247;100;50;5000
nt248;hk-0248;100;50;5000
nt249;hk-0249;100;50;5000
nt250;hk-0250;100;50;5000
nt251;hk-0251;100;50;5000
nt252;hk-0252;100;50;5000
nt253;hk-0253;100;50;5000
nt254;hk-0254;100;50;5000
nt255;hk-0255;100;50;5000
nt256;hk-0256;100;50;5000
nt257;hk-0257;100;50;5000
nt258;hk-0258;100;50;5000
nt259;hk-0259;100;50;5000
nt260;hk-0260;100;50;5000
nt261;hk-0261;100;50;5000
nt262;hk-0262;100;50;5000
nt263;hk-0263;100;50;5000
nt264;hk-0264;100;50;5000
nt265;hk-0265;100;50;5000
nt266;hk-0266;100;50;5000
nt267;hk-0267;100;50;5000
nt268;hk-0268;100;50;5000
nt269;hk-0269;100;50;5000
nt270;hk-0270;100;50;5000
nt271;hk-0271;100;50;5000
nt272;hk-0272;100;50;5000
nt273;hk-0273;100;50;5000
nt274;hk-0274;100;50;5000
nt275;hk-0275;100;50;5000
nt276;hk-0276;100;50;5000
nt277;hk-0277;100;50;5000
nt278;hk-0278;100;50;5000
nt279;hk-0279;100;50;5000
nt280;hk-0280;100;50;5000
nt281;hk-0281;100;50;5000
nt282;hk-0282;100;50;5000
nt283;hk-0283;100;50;5000
nt284;hk-0284;100;50;5000
nt285;hk-0285;100;50;5000
nt286;hk-0286;100;50;5000
nt287;hk-0287;100;50;5000
nt288;hk-0288;100;50;5000
nt289;hk-0289;100;50;5000
nt290;hk-0290;100;50;5000
nt291;hk-0291;100;50;5000
nt292;hk-0292;100;50;5000
nt293;hk-0293;100;50;5000
nt294;hk-0294;100;50;5000
nt295;hk-0295;100;50;5000
nt296;hk-0296;100;50;5000
nt297;hk-0297;100;50;5000
nt298;hk-0298;100;50;5000
nt299;hk-0299;100;50;5000
nt300;hk-0300;100;50;5000
nt301;hk-0301;100;50;5000
nt302;hk-0302;100;50;5000
nt303;hk-0303;100;50;5000
nt304;hk-0304;100;50;5000
nt305;hk-0305;100;50;5000
nt306;hk-0306;100;50;5000
nt307;hk-0307;100;50;5000
nt308;hk-0308;100;50;5000
nt309;hk-0309;100;50;5000
nt310;hk-0310;100;50;5000
nt311;hk-0311;100;50;5000
nt312;hk-0312;100;50;5000
nt313;hk-0313;100;50;5000
nt314;hk-0314;100;50;5000
nt315;hk-0315;100;50;5000
nt316;hk-0316;100;50;5000
nt317;hk-0317;100;50;5000
nt318;hk-0318;100;50;5000
nt319;hk-0319;100;50;5000
nt320;hk-0320;100;50;5000
nt321;hk-0321;100;50;5000
nt322;hk-0322;100;50;5000
nt323;hk-0323;100;50;5000
nt324;hk-0324;100;50;5000
nt325;hk-0325;100;50;5000
nt326;hk-0326;100;50;5000
nt327;hk-0327;100;50;5000
nt328;hk-0328;100;50;5000
nt329;hk-0329;100;50;5000
nt330;hk-0330;100;50;5000
nt331;hk-0331;100;50;5000
nt332;hk-0332;100;50;5000
nt333;hk-0333;100;50;5000
nt334;hk-0334;100;50;5000
nt335;hk-0335;100;50;5000
nt336;hk-0336;100;50;5000
nt337;hk-0337;100;50;5000
nt338;hk-0338;100;50;5000
nt339;hk-0339;100;50;5000
nt340;hk-0340;100;50;5000
nt341;hk-0341;100;50;5000
nt342;hk-0342;100;50;5000
nt343;hk-0343;100;50;5000
nt344;hk-0344;100;50;5000
nt345;hk-0345;100;50;5000
nt346;hk-0346;100;50;5000
nt347;hk-0347;100;50;5000
nt348;hk-0348;100;50;5000
nt349;hk-0349;100;50;5000
nt350;hk-0350;100;50;5000
nt351;hk-0351;100;50;5000
nt352;hk-0352;100;50;5000
nt353;hk-0353;100;50;5000
nt354;hk-0354;100;50;5000
nt355;hk-0355;100;50;5000
nt356;hk-0356;100;50;5000
nt357;hk-0357;100;50;5000
nt358;hk-0358;100;50;5000
nt359;hk-0359;100;50;5000
nt360;hk-0360;100;50;5000
nt361;hk-0361;100;50;5000
nt362;hk-0362;100;50;5000
nt363;hk-0363;100;50;5000
nt364;hk-0364;100;50;5000
nt365;hk-0365;100;50;5000
nt366;hk-0366;100;50;5000
nt367;hk-0367;100;50;5000
nt368;hk-0368;100;50;5000
nt369;hk-0369;100;50;5000
nt370;hk-0370;100;50;5000
nt371;hk-0371;100;50;5000
nt372;hk-0372;100;50;5000
nt373;hk-0373;100;50;5000
nt374;hk-0374;100;50;5000
nt375;hk-0375;100;50;5000
nt376;hk-0376;100;50;5000
nt377;hk-0377;100;50;5000
nt378;hk-0378;100;50;5000
nt379;hk-0379;100;50;5000
nt380;hk-0380;100;50;5000
nt381;hk-0381;100;50;5000
nt382;hk-0382;100;50;5000
nt383;hk-0383;100;50;5000
nt384;hk-0384;100;50;5000
nt385;hk-0385;100;50;5000
nt386;hk-0386;100;50;5000
nt387;hk-0387;100;50;5000
nt388;hk-0388;100;50;5000
nt389;hk-0389;100;50;5000
nt390;hk-0390;100;50;5000
nt391;hk-0391;100;50;5000
nt392;hk-0392;100;50;5000
nt393;hk-0393;100;50;5000
nt394;hk-0394;100;50;5000
nt395;hk-0395;100;50;5000
nt396;hk-0396;100;50;5000
nt397;hk-0397;100;50;5000
nt398;hk-0398;100;50;5000
nt399;hk-0399;100;50;5000
nt400;hk-0400;100;50;5000
nt401;hk-0401;100;50;5000
nt402;hk-0402;100;50;5000
nt403;hk-0403;100;50;5000
nt404;hk-0404;100;50;5000
nt405;hk-0405;100;50;5000
nt406;hk-0406;100;50;5000
nt407;hk-0407;100;50;5000
nt408;hk-0408;100;50;5000
nt409;hk-0409;100;50;5000
nt410;hk-0410;100;50;5000
nt411;hk-0411;100;50;5000
nt412;hk-0412;100;50;5000
nt413;hk-0413;100;50;5000
nt414;hk-0414;100;50;5000
nt415;hk-0415;100;50;5000
nt416;hk-0416;100;50;5000
nt417;hk-0417;100;50;5000
nt418;hk-0418;100;50;5000
nt419;hk-0419;100;50;5000
nt420;hk-0420;100;50;5000
nt421;hk-0421;100;50;5000
nt422;hk-0422;100;50;5000
nt423;hk-0423;100;50;5000
nt424;hk-0424;100;50;5000
nt425;hk-0425;100;50;5000
nt426;hk-0426;100;50;5000
nt427;hk-0427;100;50;5000
nt428;hk-0428;100;50;5000
nt429;hk-0429;100;50;5000
nt430;hk-0430;100;50;5000
nt431;hk-0431;100;50;5000
nt432;hk-0432;100;50;5000
nt433;hk-0433;100;50;5000
nt434;hk-0434;100;50;5000
nt435;hk-0435;100;50;5000
nt436;hk-0436;100;50;5000
nt437;hk-0437;100;50;5000
nt438;hk-0438;100;50;5000
nt439;hk-0439;100;50;5000
nt440;hk-0440;100;50;5000
nt441;hk-0441;100;50;5000
nt442;hk-0442;100;50;5000
nt443;hk-0443;100;50;5000
nt444;hk-0444;100;50;5000
nt445;hk-0445;100;50;5000
nt446;hk-0446;100;50;5000
nt447;hk-0447;100;50;5000
nt448;hk-0448;100;50;5000
nt449;hk-0449;100;50;5000
nt450;hk-0450;100;50;5000
nt451;hk-0451;100;50;5000
nt452;hk-0452;100;50;5000
nt453;hk-0453;100;50;5000
nt454;hk-0454;100;50;5000
nt455;hk-0455;100;50;5000
nt456;hk-0456;100;50;5000
nt457;hk-0457;100;50;5000
nt458;hk-0458;100;50;5000
nt459;hk-0459;100;50;5000
nt460;hk-0460;100;50;5000
nt461;hk-0461;100;50;5000
nt462;hk-0462;100;50;5000
nt463;hk-0463;100;50;5000
nt464;hk-0464;100;50;5000
nt465;hk-0465;100;50;5000
nt466;hk-0466;100;50;5000
nt467;hk-0467;100;50;5000
nt468;hk-0468;100;50;5000
nt469;hk-0469;100;50;5000
nt470;hk-0470;100;50;5000
nt471;hk-0471;100;50;5000
nt472;hk-0472;100;50;5000
nt473;hk-0473;100;50;5000
nt474;hk-0474;100;50;5000
nt475;hk-0475;100;50;5000
nt476;hk-0476;100;50;5000
nt477;hk-0477;100;50;5000
nt478;hk-0478;100;50;5000
nt479;hk-0479;100;50;5000
nt480;hk-0480;100;50;5000
nt481;hk-0481;100;50;5000
nt482;hk-0482;100;50;5000
nt483;hk-0483;100;50;5000
nt484;hk-0484;100;50;5000
nt485;hk-0485;100;50;5000
nt486;hk-0486;100;50;5000
nt487;hk-0487;100;50;5000
nt488;hk-0488;100;50;5000
nt489;hk-0489;100;50;5000
nt490;hk-0490;100;50;5000
nt491;hk-0491;100;50;5000
nt492;hk-0492;100;50;5000
nt493;hk-0493;100;50;5000
nt494;hk-0494;100;50;5000
nt495;hk-0495;100;50;5000
nt496;hk-0496;100;50;5000
nt497;hk-0497;100;50;5000
nt498;hk-0498;100;50;5000
nt499;hk-0499;100;50;5000
nt500;hk-0500;100;50;5000
nt501;hk-0501;100;50;5000
nt502;hk-0502;100;50;5000
nt503;hk-0503;100;50;5000
nt504;hk-0504;100;50;5000
nt505;hk-0505;100;50;5000
nt506;hk-0506;100;50;5000
nt507;hk-0507;100;50;5000
nt508;hk-0508;100;50;5000
nt509;hk-0509;100;50;5000
nt510;hk-0510;100;50;5000
nt511;hk-0511;100;50;5000
nt512;hk-0512;100;50;5000
nt513;hk-0513;100;50;5000
nt514;hk-0514;100;50;5000
nt515;hk-0515;100;50;5000
nt516;hk-0516;100;50;5000
nt517;hk-0517;100;50;5000
nt518;hk-0518;100;50;5000
nt519;hk-0519;100;50;5000
nt520;hk-0520;100;50;5000
nt521;hk-0521;100;50;5000
nt522;hk-0522;100;50;5000
nt523;hk-0523;100;50;5000
nt524;hk-0524;100;50;5000
nt525;hk-0525;100;50;5000
nt526;hk-0526;100;50;5000
nt527;hk-0527;100;50;5000
nt528;hk-0528;100;50;5000
nt529;hk-0529;100;50;5000
nt530;hk-0530;100;50;5000
nt531;hk-0531;100;50;5000
nt532;hk-0532;100;50;5000
nt533;hk-0533;100;50;5000
nt534;hk-0534;100;50;5000
nt535;hk-0535;100;50;5000
nt536;hk-0536;100;50;5000
nt537;hk-0537;100;50;5000
nt538;hk-0538;100;50;5000
nt539;hk-0539;100;50;5000
nt540;hk-0540;100;50;5000
nt541;hk-0541;100;50;5000
nt542;hk-0542;100;50;5000
nt543;hk-0543;100;50;5000
nt544;hk-0544;100;50;5000
nt545;hk-0545;100;50;5000
nt546;hk-0546;100;50;5000
nt547;hk-0547;100;50;5000
nt548;hk-0548;100;50;5000
nt549;hk-0549;100;50;5000
nt550;hk-0550;100;50;5000
nt551;hk-0551;100;50;5000
nt552;hk-0552;100;50;5000
nt553;hk-0553;100;50;5000
nt554;hk-0554;100;50;5000
nt555;hk-0555;100;50;5000
nt556;hk-0556;100;50;5000
nt557;hk-0557;100;50;5000
nt558;hk-0558;100;50;5000
nt559;hk-0559;100;50;5000
nt560;hk-0560;100;50;5000
nt561;hk-0561;100;50;5000
nt562;hk-0562;100;50;5000
nt563;hk-0563;100;50;5000
nt564;hk-0564;100;50;5000
nt565;hk-0565;100;50;5000
nt566;hk-0566;100;50;5000
nt567;hk-0567;100;50;5000
nt568;hk-0568;100;50;5000
nt569;hk-0569;100;50;5000
nt570;hk-0570;100;50;5000
nt571;hk-0571;100;50;5000
nt572;hk-0572;100;50;5000
nt573;hk-0573;100;50;5000
nt574;hk-0574;100;50;5000
nt575;hk-0575;100;50;5000
nt576;hk-0576;100;50;5000
nt577;hk-0577;100;50;5000
nt578;hk-0578;100;50;5000
nt579;hk-0579;100;50;5000
nt580;hk-0580;100;50;5000
nt581;hk-0581;100;50;5000
nt582;hk-0582;100;50;5000
nt583;hk-0583;100;50;5000
nt584;hk-0584;100;50;5000
nt585;hk-0585;100;50;5000
nt586;hk-0586;100;50;5000
nt587;hk-0587;100;50;5000
nt588;hk-0588;100;50;5000
nt589;hk-0589;100;50;5000
nt590;hk-0590;100;50;5000
nt591;hk-0591;100;50;5000
nt592;hk-0592;100;50;5000
nt593;hk-0593;100;50;5000
nt594;hk-0594;100;50;5000
nt595;hk-0595;100;50;5000
nt596;hk-0596;100;50;5000
nt597;hk-0597;100;50;5000
nt598;hk-0598;100;50;5000
nt599;hk-0599;100;50;5000
nt600;hk-0600;100;50;5000
nt601;hk-0601;100;50;5000
nt602;hk-0602;100;50;5000
nt603;hk-0603;100;50;5000
nt604;hk-0604;100;50;5000
nt605;hk-0605;100;50;5000
nt606;hk-0606;100;50;5000
nt607;hk-0607;100;50;5000
nt608;hk-0608;100;50;5000
nt609;hk-0609;100;50;5000
nt610;hk-0610;100;50;5000
nt611;hk-0611;100;50;5000
nt612;hk-0612;100;50;5000
nt613;hk-0613;100;50;5000
nt614;hk-0614;100;50;5000
nt615;hk-0615;100;50;5000
nt616;hk-0616;100;50;5000
nt617;hk-0617;100;50;5000
nt618;hk-0618;100;50;5000
nt619;hk-0619;100;50;5000
nt620;hk-0620;100;50;5000
nt621;hk-0621;100;50;5000
nt622;hk-0622;100;50;5000
nt623;hk-0623;100;50;5000
nt624;hk-0624;100;50;5000
nt625;hk-0625;100;50;5000
nt626;hk-0626;100;50;5000
nt627;hk-0627;100;50;5000
nt628;hk-0628;100;50;5000
nt629;hk-0629;100;50;5000
nt630;hk-0630;100;50;5000
nt631;hk-0631;100;50;5000
nt632;hk-0632;100;50;5000
nt633;hk-0633;100;50;5000
nt634;hk-0634;100;50;5000
nt635;hk-0635;100;50;5000
nt636;hk-0636;100;50;5000
nt637;hk-0637;100;50;5000
nt638;hk-0638;100;50;5000
nt639;hk-0639;100;50;5000
nt640;hk-0640;100;50;5000
nt641;hk-0641;100;50;5000
nt642;hk-0642;100;50;5000
nt643;hk-0643;100;50;5000
nt644;hk-0644;100;50;5000
nt645;hk-0645;100;50;5000
nt646;hk-0646;100;50;5000
nt647;hk-0647;100;50;5000
nt648;hk-0648;100;50;5000
nt649;hk-0649;100;50;5000
nt650;hk-0650;100;50;5000
nt651;hk-0651;100;50;5000
nt652;hk-0652;100;50;5000
nt653;hk-0653;100;50;5000
nt654;hk-0654;100;50;5000
nt655;hk-0655;100;50;5000
nt656;hk-0656;100;50;5000
nt657;hk-0657;100;50;5000
nt658;hk-0658;100;50;5000
nt659;hk-0659;100;50;5000
nt660;hk-0660;100;50;5000
nt661;hk-0661;100;50;5000
nt662;hk-0662;100;50;5000
nt663;hk-0663;100;50;5000
nt664;hk-0664;100;50;5000
nt665;hk-0665;100;50;5000
nt666;hk-0666;100;50;5000
nt667;hk-0667;100;50;5000
nt668;hk-0668;100;50;5000
nt669;hk-0669;100;50;5000
nt670;hk-0670;100;50;5000
nt671;hk-0671;100;50;5000
nt672;hk-0672;100;50;5000
nt673;hk-0673;100;50;5000
nt674;hk-0674;100;50;5000
nt675;hk-0675;100;50;5000
nt676;hk-0676;100;50;5000
nt677;hk-0677;100;50;5000
nt678;hk-0678;100;50;5000
nt679;hk-0679;100;50;5000
nt680;hk-0680;100;50;5000
nt681;hk-0681;100;50;5000
nt682;hk-0682;100;50;5000
nt683;hk-0683;100;50;5000
nt684;hk-0684;100;50;5000
nt685;hk-0685;100;50;5000
nt686;hk-0686;100;50;5000
nt687;hk-0687;100;50;5000
nt688;hk-0688;100;50;5000
nt689;hk-0689;100;50;5000
nt690;hk-0690;100;50;5000
nt691;hk-0691;100;50;5000
nt692;hk-0692;100;50;5000
nt693;hk-0693;100;50;5000
nt694;hk-0694;100;50;5000
nt695;hk-0695;100;50;5000
nt696;hk-0696;100;50;5000
nt697;hk-0697;100;50;5000
nt698;hk-0698;100;50;5000
nt699;hk-0699;100;50;5000
nt700;hk-0700;100;50;5000
nt701;hk-0701;100;50;5000
nt702;hk-0702;100;50;5000
nt703;hk-0703;100;50;5000
nt704;hk-0704;100;50;5000
nt705;hk-0705;100;50;5000
nt706;hk-0706;100;50;5000
nt707;hk-0707;100;50;5000
nt708;hk-0708;100;50;5000
nt709;hk-0709;100;50;5000
nt710;hk-0710;100;50;5000
nt711;hk-0711;100;50;5000
nt712;hk-0712;100;50;5000
nt713;hk-0713;100;50;5000
nt714;hk-0714;100;50;5000
nt715;hk-0715;100;50;5000
nt716;hk-0716;100;50;5000
nt717;hk-0717;100;50;5000
nt718;hk-0718;100;50;5000
nt719;hk-0719;100;50;5000
nt720;hk-0720;100;50;5000
nt721;hk-0721;100;50;5000
nt722;hk-0722;100;50;5000
nt723;hk-0723;100;50;5000
nt724;hk-0724;100;50;5000
nt725;hk-0725;100;50;5000
nt726;hk-0726;100;50;5000
nt727;hk-0727;100;50;5000
nt728;hk-0728;100;50;5000
nt729;hk-0729;100;50;5000
nt730;hk-0730;100;50;5000
nt731;hk-0731;100;50;5000
nt732;hk-0732;100;50;5000
nt733;hk-0733;100;50;5000
nt734;hk-0734;100;50;5000
nt735;hk-0735;100;50;5000
nt736;hk-0736;100;50;5000
nt737;hk-0737;100;50;5000
nt738;hk-0738;100;50;5000
nt739;hk-0739;100;50;5000
nt740;hk-0740;100;50;5000
nt741;hk-0741;100;50;5000
nt742;hk-0742;100;50;5000
nt743;hk-0743;100;50;5000
nt744;hk-0744;100;50;5000
nt745;hk-0745;100;50;5000
nt746;hk-0746;100;50;5000
nt747;hk-0747;100;50;5000
nt748;hk-0748;100;50;5000
nt749;hk-0749;100;50;5000
nt750;hk-0750;100;50;5000
nt751;hk-0751;100;50;5000
nt752;hk-0752;100;50;5000
nt753;hk-0753;100;50;5000
nt754;hk-0754;100;50;5000
nt755;hk-0755;100;50;5000
nt756;hk-0756;100;50;5000
nt757;hk-0757;100;50;5000
nt758;hk-0758;100;50;5000
nt759;hk-0759;100;50;5000
nt760;hk-0760;100;50;5000
nt761;hk-0761;100;50;5000
nt762;hk-0762;100;50;5000
nt763;hk-0763;100;50;5000
nt764;hk-0764;100;50;5000
nt765;hk-0765;100;50;5000
nt766;hk-0766;100;50;5000
nt767;hk-0767;100;50;5000
nt768;hk-0768;100;50;5000
nt769;hk-0769;100;50;5000
nt770;hk-0770;100;50;5000
nt771;hk-0771;100;50;5000
nt772;hk-0772;100;50;5000
nt773;hk-0773;100;50;5000
nt774;hk-0774;100;50;5000
nt775;hk-0775;100;50;5000
nt776;hk-0776;100;50;5000
nt777;hk-0777;100;50;5000
nt778;hk-0778;100;50;5000
nt779;hk-0779;100;50;5000
nt780;hk-0780;100;50;5000
nt781;hk-0781;100;50;5000
nt782;hk-0782;100;50;5000
nt783;hk-0783;100;50;5000
nt784;hk-0784;100;50;5000
nt785;hk-0785;100;50;5000
nt786;hk-0786;100;50;5000
nt787;hk-0787;100;50;5000
nt788;hk-0788;100;50;5000
nt789;hk-0789;100;50;5000
nt790;hk-0790;100;50;5000
nt791;hk-0791;100;50;5000
nt792;hk-0792;100;50;5000
nt793;hk-0793;100;50;5000
nt794;hk-0794;100;50;5000
nt795;hk-0795;100;50;5000
nt796;hk-0796;100;50;5000
nt797;hk-0797;100;50;5000
nt798;hk-0798;100;50;5000
nt799;hk-0799;100;50;5000
nt800;hk-0800;100;50;5000
nt801;hk-0801;100;50;5000
nt802;hk-0802;100;50;5000
nt803;hk-0803;100;50;5000
nt804;hk-0804;100;50;5000
nt805;hk-0805;100;50;5000
nt806;hk-0806;100;50;5000
nt807;hk-0807;100;50;5000
nt808;hk-0808;100;50;5000
nt809;hk-0809;100;50;5000
nt810;hk-0810;100;50;5000
nt811;hk-0811;100;50;5000
nt812;hk-0812;100;50;5000
nt813;hk-0813;100;50;5000
nt814;hk-0814;100;50;5000
nt815;hk-0815;100;50;5000
nt816;hk-0816;100;50;5000
nt817;hk-0817;100;50;5000
nt818;hk-0818;100;50;5000
nt819;hk-0819;100;50;5000
nt820;hk-0820;100;50;5000
nt821;hk-0821;100;50;5000
nt822;hk-0822;100;50;5000
nt823;hk-0823;100;50;5000
nt824;hk-0824;100;50;5000
nt825;hk-0825;100;50;5000
nt826;hk-0826;100;50;5000
nt827;hk-0827;100;50;5000
nt828;hk-0828;100;50;5000
nt829;hk-0829;100;50;5000
nt830;hk-0830;100;50;5000
nt831;hk-0831;100;50;5000
nt832;hk-0832;100;50;5000
nt833;hk-0833;100;50;5000
nt834;hk-0834;100;50;5000
nt835;hk-0835;100;50;5000
nt836;hk-0836;100;50;5000
nt837;hk-0837;100;50;5000
nt838;hk-0838;100;50;5000
nt839;hk-0839;100;50;5000
nt840;hk-0840;100;50;5000
nt841;hk-0841;100;50;5000
nt842;hk-0842;100;50;5000
nt843;hk-0843;100;50;5000
nt844;hk-0844;100;50;5000
nt845;hk-0845;100;50;5000
nt846;hk-0846;100;50;5000
nt847;hk-0847;100;50;5000
nt848;hk-0848;100;50;5000
nt849;hk-0849;100;50;5000
nt850;hk-0850;100;50;5000
nt851;hk-0851;100;50;5000
nt852;hk-0852;100;50;5000
nt853;hk-0853;100;50;5000
nt854;hk-0854;100;50;5000
nt855;hk-0855;100;50;5000
nt856;hk-0856;100;50;5000
nt857;hk-0857;100;50;5000
nt858;hk-0858;100;50;5000
nt859;hk-0859;100;50;5000
nt860;hk-0860;100;50;5000
nt861;hk-0861;100;50;5000
nt862;hk-0862;100;50;5000
nt863;hk-0863;100;50;5000
nt864;hk-0864;100;50;5000
nt865;hk-0865;100;50;5000
nt866;hk-0866;100;50;5000
nt867;hk-0867;100;50;5000
nt868;hk-0868;100;50;5000
nt869;hk-0869;100;50;5000
nt870;hk-0870;100;50;5000
nt871;hk-0871;100;50;5000
nt872;hk-0872;100;50;5000
nt873;hk-0873;100;50;5000
nt874;hk-0874;100;50;5000
nt875;hk-0875;100;50;5000
nt876;hk-0876;100;50;5000
nt877;hk-0877;100;50;5000
nt878;hk-0878;100;50;5000
nt879;hk-0879;100;50;5000
nt880;hk-0880;100;50;5000
nt881;hk-0881;100;50;5000
nt882;hk-0882;100;50;5000
nt883;hk-0883;100;50;5000
nt884;hk-0884;100;50;5000
nt885;hk-0885;100;50;5000
nt886;hk-0886;100;50;5000
nt887;hk-0887;100;50;5000
nt888;hk-0888;100;50;5000
nt889;hk-0889;100;50;5000
nt890;hk-0890;100;50;5000
nt891;hk-0891;100;50;5000
nt892;hk-0892;100;50;5000
nt893;hk-0893;100;50;5000
nt894;hk-0894;100;50;5000
nt895;hk-0895;100;50;5000
nt896;hk-0896;100;50;5000
nt897;hk-0897;100;50;5000
nt898;hk-0898;100;50;5000
nt899;hk-0899;100;50;5000
nt900;hk-0900;100;50;5000
nt901;hk-0901;100;50;5000
nt902;hk-0902;100;50;5000
nt903;hk-0903;100;50;5000
nt904;hk-0904;100;50;5000
nt905;hk-0905;100;50;5000
nt906;hk-0906;100;50;5000
nt907;hk-0907;100;50;5000
nt908;hk-0908;100;50;5000
nt909;hk-0909;100;50;5000
nt910;hk-0910;100;50;5000
nt911;hk-0911;100;50;5000
nt912;hk-0912;100;50;5000
nt913;hk-0913;100;50;5000
nt914;hk-0914;100;50;5000
nt915;hk-0915;100;50;5000
nt916;hk-0916;100;50;5000
nt917;hk-0917;100;50;5000
nt918;hk-0918;100;50;5000
nt919;hk-0919;100;50;5000
nt920;hk-0920;100;50;5000
nt921;hk-0921;100;50;5000
nt922;hk-0922;100;50;5000
nt923;hk-0923;100;50;5000
nt924;hk-0924;100;50;5000
nt925;hk-0925;100;50;5000
nt926;hk-0926;100;50;5000
nt927;hk-0927;100;50;5000
nt928;hk-0928;100;50;5000
nt929;hk-0929;100;50;5000
nt930;hk-0930;100;50;5000
nt931;hk-0931;100;50;5000
nt932;hk-0932;100;50;5000
nt933;hk-0933;100;50;5000
nt934;hk-0934;100;50;5000
nt935;hk-0935;100;50;5000
nt936;hk-0936;100;50;5000
nt937;hk-0937;100;50;5000
nt938;hk-0938;100;50;5000
nt939;hk-0939;100;50;5000
nt940;hk-0940;100;50;5000
nt941;hk-0941;100;50;5000
nt942;hk-0942;100;50;5000
nt943;hk-0943;100;50;5000
nt944;hk-0944;100;50;5000
nt945;hk-0945;100;50;5000
nt946;hk-0946;100;50;5000
nt947;hk-0947;100;50;5000
nt948;hk-0948;100;50;5000
nt949;hk-0949;100;50;5000
nt950;hk-0950;100;50;5000
nt951;hk-0951;100;50;5000
nt952;hk-0952;100;50;5000
nt953;hk-0953;100;50;5000
nt954;hk-0954;100;50;5000
nt955;hk-0955;100;50;5000
nt956;hk-0956;100;50;5000
nt957;hk-0957;100;50;5000
nt958;hk-0958;100;50;5000
nt959;hk-0959;100;50;5000
nt960;hk-0960;100;50;5000
nt961;hk-0961;100;50;5000
nt962;hk-0962;100;50;5000
nt963;hk-0963;100;50;5000
nt964;hk-0964;100;50;5000
nt965;hk-0965;100;50;5000
nt966;hk-0966;100;50;5000
nt967;hk-0967;100;50;5000
nt968;hk-0968;100;50;5000
nt969;hk-0969;100;50;5000
nt970;hk-0970;100;50;5000
nt971;hk-0971;100;50;5000
nt972;hk-0972;100;50;5000
nt973;hk-0973;100;50;5000
nt974;hk-0974;100;50;5000
nt975;hk-0975;100;50;5000
nt976;hk-0976;100;50;5000
nt977;hk-0977;100;50;5000
nt978;hk-0978;100;50;5000
nt979;hk-0979;100;50;5000
nt980;hk-0980;100;50;5000
nt981;hk-0981;100;50;5000
nt982;hk-0982;100;50;5000
nt983;hk-0983;100;50;5000
nt984;hk-0984;100;50;5000
nt985;hk-0985;100;50;5000
nt986;hk-0986;100;50;5000
nt987;hk-0987;100;50;5000
nt988;hk-0988;100;50;5000
nt989;hk-0989;100;50;5000
nt990;hk-0990;100;50;5000
nt991;hk-0991;100;50;5000
nt992;hk-0992;100;50;5000
nt993;hk-0993;100;50;5000
nt994;hk-0994;100;50;5000
nt995;hk-0995;100;50;5000
nt996;hk-0996;100;50;5000
nt997;hk-0997;100;50;5000
nt998;hk-0998;100;50;5000
nt999;hk-0999;100;50;5000
nt1000;hk-1000;100;50;5000
nt1001;hk-1001;100;50;5000
nt1002;hk-1002;100;50;5000
nt1003;hk-1003;100;50;5000
nt1004;hk-1004;100;50;5000
nt1005;hk-1005;100;50;5000
nt1006;hk-1006;100;50;5000
nt1007;hk-1007;100;50;5000
nt1008;hk-1008;100;50;5000
nt1009;hk-1009;100;50;5000
nt1010;hk-1010;100;50;5000
nt1011;hk-1011;100;50;5000
nt1012;hk-1012;100;50;5000
nt1013;hk-1013;100;50;5000
nt1014;hk-1014;100;50;5000
nt1015;hk-1015;100;50;5000
nt1016;hk-1016;100;50;5000
nt1017;hk-1017;100;50;5000
nt1018;hk-1018;100;50;5000
nt1019;hk-1019;100;50;5000
nt1020;hk-1020;100;50;5000
nt1021;hk-1021;100;50;5000
nt1022;hk-1022;100;50;5000
nt1023;hk-1023;100;50;5000
nt1024;hk-1024;100;50;5000
nt1025;hk-1025;100;50;5000
nt1026;hk-1026;100;50;5000
nt1027;hk-1027;100;50;5000
nt1028;hk-1028;100;50;5000
nt1029;hk-1029;100;50;5000
nt1030;hk-1030;100;50;5000
nt1031;hk-1031;100;50;5000
nt1032;hk-1032;100;50;5000
nt1033;hk-1033;100;50;5000
nt1034;hk-1034;100;50;5000
nt1035;hk-1035;100;50;5000
nt1036;hk-1036;100;50;5000
nt1037;hk-1037;100;50;5000
nt1038;hk-1038;100;50;5000
nt1039;hk-1039;100;50;5000
nt1040;hk-1040;100;50;5000
nt1041;hk-1041;100;50;5000
nt1042;hk-1042;100;50;5000
nt1043;hk-1043;100;50;5000
nt1044;hk-1044;100;50;5000
nt1045;hk-1045;100;50;5000
nt1046;hk-1046;100;50;5000
nt1047;hk-1047;100;50;5000
nt1048;hk-1048;100;50;5000
nt1049;hk-1049;100;50;5000
nt1050;hk-1050;100;50;5000
nt1051;hk-1051;100;50;5000
nt1052;hk-1052;100;50;5000
nt1053;hk-1053;100;50;5000
nt1054;hk-1054;100;50;5000
nt1055;hk-1055;100;50;5000
nt1056;hk-1056;100;50;5000
nt1057;hk-1057;100;50;5000
nt1058;hk-1058;100;50;5000
nt1059;hk-1059;100;50;5000
nt1060;hk-1060;100;50;5000
nt1061;hk-1061;100;50;5000
nt1062;hk-1062;100;50;5000
nt1063;hk-1063;100;50;5000
nt1064;hk-1064;100;50;5000
nt1065;hk-1065;100;50;5000
nt1066;hk-1066;100;50;5000
nt1067;hk-1067;100;50;5000
nt1068;hk-1068;100;50;5000
nt1069;hk-1069;100;50;5000
nt1070;hk-1070;100;50;5000
nt1071;hk-1071;100;50;5000
nt1072;hk-1072;100;50;5000
nt1073;hk-1073;100;50;5000
nt1074;hk-1074;100;50;5000
nt1075;hk-1075;100;50;5000
nt1076;hk-1076;100;50;5000
nt1077;hk-1077;100;50;5000
nt1078;hk-1078;100;50;5000
nt1079;hk-1079;100;50;5000
nt1080;hk-1080;100;50;5000
nt1081;hk-1081;100;50;5000
nt1082;hk-1082;100;50;5000
nt1083;hk-1083;100;50;5000
nt1084;hk-1084;100;50;5000
nt1085;hk-1085;100;50;5000
nt1086;hk-1086;100;50;5000
nt1087;hk-1087;100;50;5000
nt1088;hk-1088;100;50;5000
nt1089;hk-1089;100;50;5000
nt1090;hk-1090;100;50;5000
nt1091;hk-1091;100;50;5000
nt1092;hk-1092;100;50;5000
nt1093;hk-1093;100;50;5000
nt1094;hk-1094;100;50;5000
nt1095;hk-1095;100;50;5000
nt1096;hk-1096;100;50;5000
nt1097;hk-1097;100;50;5000
nt1098;hk-1098;100;50;5000
nt1099;hk-1099;100;50;5000
nt1100;hk-1100;100;50;5000
nt1101;hk-1101;100;50;5000
nt1102;hk-1102;100;50;5000
nt1103;hk-1103;100;50;5000
nt1104;hk-1104;100;50;5000
nt1105;hk-1105;100;50;5000
nt1106;hk-1106;100;50;5000
nt1107;hk-1107;100;50;5000
nt1108;hk-1108;100;50;5000
nt1109;hk-1109;100;50;5000
nt1110;hk-1110;100;50;5000
nt1111;hk-1111;100;50;5000
nt1112;hk-1112;100;50;5000
nt1113;hk-1113;100;50;5000
nt1114;hk-1114;100;50;5000
nt1115;hk-1115;100;50;5000
nt1116;hk-1116;100;50;5000
nt1117;hk-1117;100;50;5000
nt1118;hk-1118;100;50;5000
nt1119;hk-1119;100;50;5000
nt1120;hk-1120;100;50;5000
nt1121;hk-1121;100;50;5000
nt1122;hk-1122;100;50;5000
nt1123;hk-1123;100;50;5000
nt1124;hk-1124;100;50;5000
nt1125;hk-1125;100;50;5000
nt1126;hk-1126;100;50;5000
nt1127;hk-1127;100;50;5000
nt1128;hk-1128;100;50;5000
nt1129;hk-1129;100;50;5000
nt1130;hk-1130;100;50;5000
nt1131;hk-1131;100;50;5000
nt1132;hk-1132;100;50;5000
nt1133;hk-1133;100;50;5000
nt1134;hk-1134;100;50;5000
nt1135;hk-1135;100;50;5000
nt1136;hk-1136;100;50;5000
nt1137;hk-1137;100;50;5000
nt1138;hk-1138;100;50;5000
nt1139;hk-1139;100;50;5000
nt1140;hk-1140;100;50;5000
nt1141;hk-1141;100;50;5000
nt1142;hk-1142;100;50;5000
nt1143;hk-1143;100;50;5000
nt1144;hk-1144;100;50;5000
nt1145;hk-1145;100;50;5000
nt1146;hk-1146;100;50;5000
nt1147;hk-1147;100;50;5000
nt1148;hk-1148;100;50;5000
nt1149;hk-1149;100;50;5000
nt1150;hk-1150;100;50;5000
nt1151;hk-1151;100;50;5000
nt1152;hk-1152;100;50;5000
nt1153;hk-1153;100;50;5000
nt1154;hk-1154;100;50;5000
nt1155;hk-1155;100;50;5000
nt1156;hk-1156;100;50;5000
nt1157;hk-1157;100;50;5000
nt1158;hk-1158;100;50;5000
nt1159;hk-1159;100;50;5000
nt1160;hk-1160;100;50;5000
nt1161;hk-1161;100;50;5000
nt1162;hk-1162;100;50;5000
nt1163;hk-1163;100;50;5000
nt1164;hk-1164;100;50;5000
nt1165;hk-1165;100;50;5000
nt1166;hk-1166;100;50;5000
nt1167;hk-1167;100;50;5000
nt1168;hk-1168;100;50;5000
nt1169;hk-1169;100;50;5000
nt1170;hk-1170;100;50;5000
nt1171;hk-1171;100;50;5000
nt1172;hk-1172;100;50;5000
nt1173;hk-1173;100;50;5000
nt1174;hk-1174;100;50;5000
nt1175;hk-1175;100;50;5000
nt1176;hk-1176;100;50;5000
nt1177;hk-1177;100;50;5000
nt1178;hk-1178;100;50;5000
nt1179;hk-1179;100;50;5000
nt1180;hk-1180;100;50;5000
nt1181;hk-1181;100;50;5000
nt1182;hk-1182;100;50;5000
nt1183;hk-1183;100;50;5000
nt1184;hk-1184;100;50;5000
nt1185;hk-1185;100;50;5000
nt1186;hk-1186;100;50;5000
nt1187;hk-1187;100;50;5000
nt1188;hk-1188;100;50;5000
nt1189;hk-1189;100;50;5000
nt1190;hk-1190;100;50;5000
nt1191;hk-1191;100;50;5000
nt1192;hk-1192;100;50;5000
nt1193;hk-1193;100;50;5000
nt1194;hk-1194;100;50;5000
nt1195;hk-1195;100;50;5000
nt1196;hk-1196;100;50;5000
nt1197;hk-1197;100;50;5000
nt1198;hk-1198;100;50;5000
nt1199;hk-1199;100;50;5000
nt1200;hk-1200;100;50;5000
nt1201;hk-1201;100;50;5000
nt1202;hk-1202;100;50;5000
nt1203;hk-1203;100;50;5000
nt1204;hk-1204;100;50;5000
nt1205;hk-1205;100;50;5000
nt1206;hk-1206;100;50;5000
nt1207;hk-1207;100;50;5000
nt1208;hk-1208;100;50;5000
nt1209;hk-1209;100;50;5000
nt1210;hk-1210;100;50;5000
nt1211;hk-1211;100;50;5000
nt1212;hk-1212;100;50;5000
nt1213;hk-1213;100;50;5000
nt1214;hk-1214;100;50;5000
nt1215;hk-1215;100;50;5000
nt1216;hk-1216;100;50;5000
nt1217;hk-1217;100;50;5000
nt1218;hk-1218;100;50;5000
nt1219;hk-1219;100;50;5000
nt1220;hk-1220;100;50;5000
nt1221;hk-1221;100;50;5000
nt1222;hk-1222;100;50;5000
nt1223;hk-1223;100;50;5000
nt1224;hk-1224;100;50;5000
nt1225;hk-1225;100;50;5000
nt1226;hk-1226;100;50;5000
nt1227;hk-1227;100;50;5000
nt1228;hk-1228;100;50;5000
nt1229;hk-1229;100;50;5000
nt1230;hk-1230;100;50;5000
nt1231;hk-1231;100;50;5000
nt1232;hk-1232;100;50;5000
nt1233;hk-1233;100;50;5000
nt1234;hk-1234;100;50;5000
nt1235;hk-1235;100;50;5000
nt1236;hk-1236;100;50;5000
nt1237;hk-1237;100;50;5000
nt1238;hk-1238;100;50;5000
nt1239;hk-1239;100;50;5000
nt1240;hk-1240;100;50;5000
nt1241;hk-1241;100;50;5000
nt1242;hk-1242;100;50;5000
nt1243;hk-1243;100;50;5000
nt1244;hk-1244;100;50;5000
nt1245;hk-1245;100;50;5000
nt1246;hk-1246;100;50;5000
nt1247;hk-1247;100;50;5000
nt1248;hk-1248;100;50;5000
nt1249;hk-1249;100;50;5000
nt1250;hk-1250;100;50;5000
nt1251;hk-1251;100;50;5000
nt1252;hk-1252;100;50;5000
nt1253;hk-1253;100;50;5000
nt1254;hk-1254;100;50;5000
nt1255;hk-1255;100;50;5000
nt1256;hk-1256;100;50;5000
nt1257;hk-1257;100;50;5000
nt1258;hk-1258;100;50;5000
nt1259;hk-1259;100;50;5000
nt1260;hk-1260;100;50;5000
nt1261;hk-1261;100;50;5000
nt1262;hk-1262;100;50;5000
nt1263;hk-1263;100;50;5000
nt1264;hk-1264;100;50;5000
nt1265;hk-1265;100;50;5000
nt1266;hk-1266;100;50;5000
nt1267;hk-1267;100;50;5000
nt1268;hk-1268;100;50;5000
nt1269;hk-1269;100;50;5000
nt1270;hk-1270;100;50;5000
nt1271;hk-1271;100;50;5000
nt1272;hk-1272;100;50;5000
nt1273;hk-1273;100;50;5000
nt1274;hk-1274;100;50;5000
nt1275;hk-1275;100;50;5000
nt1276;hk-1276;100;50;5000
nt1277;hk-1277;100;50;5000
nt1278;hk-1278;100;50;5000
nt1279;hk-1279;100;50;5000
nt1280;hk-1280;100;50;5000
nt1281;hk-1281;100;50;5000
nt1282;hk-1282;100;50;5000
nt1283;hk-1283;100;50;5000
nt1284;hk-1284;100;50;5000
nt1285;hk-1285;100;50;5000
nt1286;hk-1286;100;50;5000
nt1287;hk-1287;100;50;5000
nt1288;hk-1288;100;50;5000
nt1289;hk-1289;100;50;5000
nt1290;hk-1290;100;50;5000
nt1291;hk-1291;100;50;5000
nt1292;hk-1292;100;50;5000
nt1293;hk-1293;100;50;5000
nt1294;hk-1294;100;50;5000
nt1295;hk-1295;100;50;5000
nt1296;hk-1296;100;50;5000
nt1297;hk-1297;100;50;5000
nt1298;hk-1298;100;50;5000
nt1299;hk-1299;100;50;5000
nt1300;hk-1300;100;50;5000
nt1301;hk-1301;100;50;5000
nt1302;hk-1302;100;50;5000
nt1303;hk-1303;100;50;5000
nt1304;hk-1304;100;50;5000
nt1305;hk-1305;100;50;5000
nt1306;hk-1306;100;50;5000
nt1307;hk-1307;100;50;5000
nt1308;hk-1308;100;50;5000
nt1309;hk-1309;100;50;5000
nt1310;hk-1310;100;50;5000
nt1311;hk-1311;100;50;5000
nt1312;hk-1312;100;50;5000
nt1313;hk-1313;100;50;5000
nt1314;hk-1314;100;50;5000
nt1315;hk-1315;100;50;5000
nt1316;hk-1316;100;50;5000
nt1317;hk-1317;100;50;5000
nt1318;hk-1318;100;50;5000
nt1319;hk-1319;100;50;5000
nt1320;hk-1320;100;50;5000
nt1321;hk-1321;100;50;5000
nt1322;hk-1322;100;50;5000
nt1323;hk-1323;100;50;5000
nt1324;hk-1324;100;50;5000
nt1325;hk-1325;100;50;5000
nt1326;hk-1326;100;50;5000
nt1327;hk-1327;100;50;5000
nt1328;hk-1328;100;50;5000
nt1329;hk-1329;100;50;5000
nt1330;hk-1330;100;50;5000
nt1331;hk-1331;100;50;5000
nt1332;hk-1332;100;50;5000
nt1333;hk-1333;100;50;5000
nt1334;hk-1334;100;50;5000
nt1335;hk-1335;100;50;5000
nt1336;hk-1336;100;50;5000
nt1337;hk-1337;100;50;5000
nt1338;hk-1338;100;50;5000
nt1339;hk-1339;100;50;5000
nt1340;hk-1340;100;50;5000
nt1341;hk-1341;100;50;5000
nt1342;hk-1342;100;50;5000
nt1343;hk-1343;100;50;5000
nt1344;hk-1344;100;50;5000
nt1345;hk-1345;100;50;5000
nt1346;hk-1346;100;50;5000
nt1347;hk-1347;100;50;5000
nt1348;hk-1348;100;50;5000
nt1349;hk-1349;100;50;5000
nt1350;hk-1350;100;50;5000
nt1351;hk-1351;100;50;5000
nt1352;hk-1352;100;50;5000
nt1353;hk-1353;100;50;5000
nt1354;hk-1354;100;50;5000
nt1355;hk-1355;100;50;5000
nt1356;hk-1356;100;50;5000
nt1357;hk-1357;100;50;5000
nt1358;hk-1358;100;50;5000
nt1359;hk-1359;100;50;5000
nt1360;hk-1360;100;50;5000
nt1361;hk-1361;100;50;5000
nt1362;hk-1362;100;50;5000
nt1363;hk-1363;100;50;5000
nt1364;hk-1364;100;50;5000
nt1365;hk-1365;100;50;5000
nt1366;hk-1366;100;50;5000
nt1367;hk-1367;100;50;5000
nt1368;hk-1368;100;50;5000
nt1369;hk-1369;100;50;5000
nt1370;hk-1370;100;50;5000
nt1371;hk-1371;100;50;5000
nt1372;hk-1372;100;50;5000
nt1373;hk-1373;100;50;5000
nt1374;hk-1374;100;50;5000
nt1375;hk-1375;100;50;5000
nt1376;hk-1376;100;50;5000
nt1377;hk-1377;100;50;5000
nt1378;hk-1378;100;50;5000
nt1379;hk-1379;100;50;5000
nt1380;hk-1380;100;50;5000
nt1381;hk-1381;100;50;5000
nt1382;hk-1382;100;50;5000
nt1383;hk-1383;100;50;5000
nt1384;hk-1384;100;50;5000
nt1385;hk-1385;100;50;5000
nt1386;hk-1386;100;50;5000
nt1387;hk-1387;100;50;5000
nt1388;hk-1388;100;50;5000
nt1389;hk-1389;100;50;5000
nt1390;hk-1390;100;50;5000
nt1391;hk-1391;100;50;5000
nt1392;hk-1392;100;50;5000
nt1393;hk-1393;100;50;5000
nt1394;hk-1394;100;50;5000
nt1395;hk-1395;100;50;5000
nt1396;hk-1396;100;50;5000
nt1397;hk-1397;100;50;5000
nt1398;hk-1398;100;50;5000
nt1399;hk-1399;100;50;5000
nt1400;hk-1400;100;50;5000
nt1401;hk-1401;100;50;5000
nt1402;hk-1402;100;50;5000
nt1403;hk-1403;100;50;5000
nt1404;hk-1404;100;50;5000
nt1405;hk-1405;100;50;5000
nt1406;hk-1406;100;50;5000
nt1407;hk-1407;100;50;5000
nt1408;hk-1408;100;50;5000
nt1409;hk-1409;100;50;5000
nt1410;hk-1410;100;50;5000
nt1411;hk-1411;100;50;5000
nt1412;hk-1412;100;50;5000
nt1413;hk-1413;100;50;5000
nt1414;hk-1414;100;50;5000
nt1415;hk-1415;100;50;5000
nt1416;hk-1416;100;50;5000
nt1417;hk-1417;100;50;5000
nt1418;hk-1418;100;50;5000
nt1419;hk-1419;100;50;5000
nt1420;hk-1420;100;50;5000
nt1421;hk-1421;100;50;5000
nt1422;hk-1422;100;50;5000
nt1423;hk-1423;100;50;5000
nt1424;hk-1424;100;50;5000
nt1425;hk-1425;100;50;5000
nt1426;hk-1426;100;50;5000
nt1427;hk-1427;100;50;5000
nt1428;hk-1428;100;50;5000
nt1429;hk-1429;100;50;5000
nt1430;hk-1430;100;50;5000
nt1431;hk-1431;100;50;5000
nt1432;hk-1432;100;50;5000
nt1433;hk-1433;100;50;5000
nt1434;hk-1434;100;50;5000
nt1435;hk-1435;100;50;5000
nt1436;hk-1436;100;50;5000
nt1437;hk-1437;100;50;5000
nt1438;hk-1438;100;50;5000
nt1439;hk-1439;100;50;5000
nt1440;hk-1440;100;50;5000
nt1441;hk-1441;100;50;5000
nt1442;hk-1442;100;50;5000
nt1443;hk-1443;100;50;5000
nt1444;hk-1444;100;50;5000
nt1445;hk-1445;100;50;5000
nt1446;hk-1446;100;50;5000
nt1447;hk-1447;100;50;5000
nt1448;hk-1448;100;50;5000
nt1449;hk-1449;100;50;5000
nt1450;hk-1450;100;50;5000
nt1451;hk-1451;100;50;5000
nt1452;hk-1452;100;50;5000
nt1453;hk-1453;100;50;5000
nt1454;hk-1454;100;50;5000
nt1455;hk-1455;100;50;5000
nt1456;hk-1456;100;50;5000
nt1457;hk-1457;100;50;5000
nt1458;hk-1458;100;50;5000
nt1459;hk-1459;100;50;5000
nt1460;hk-1460;100;50;5000
nt1461;hk-1461;100;50;5000
nt1462;hk-1462;100;50;5000
nt1463;hk-1463;100;50;5000
nt1464;hk-1464;100;50;5000
nt1465;hk-1465;100;50;5000
nt1466;hk-1466;100;50;5000
nt1467;hk-1467;100;50;5000
nt1468;hk-1468;100;50;5000
nt1469;hk-1469;100;50;5000
nt1470;hk-1470;100;50;5000
nt1471;hk-1471;100;50;5000
nt1472;hk-1472;100;50;5000
nt1473;hk-1473;100;50;5000
nt1474;hk-1474;100;50;5000
nt1475;hk-1475;100;50;5000
nt1476;hk-1476;100;50;5000
nt1477;hk-1477;100;50;5000
nt1478;hk-1478;100;50;5000
nt1479;hk-1479;100;50;5000
nt1480;hk-1480;100;50;5000
nt1481;hk-1481;100;50;5000
nt1482;hk-1482;100;50;5000
nt1483;hk-1483;100;50;5000
nt1484;hk-1484;100;50;5000
nt1485;hk-1485;100;50;5000
nt1486;hk-1486;100;50;5000
nt1487;hk-1487;100;50;5000
nt1488;hk-1488;100;50;5000
nt1489;hk-1489;100;50;5000
nt1490;hk-1490;100;50;5000
nt1491;hk-1491;100;50;5000
nt1492;hk-1492;100;50;5000
nt1493;hk-1493;100;50;5000
nt1494;hk-1494;100;50;5000
nt1495;hk-1495;100;50;5000
nt1496;hk-1496;100;50;5000
nt1497;hk-1497;100;50;5000
nt1498;hk-1498;100;50;5000
nt1499;hk-1499;100;50;5000
nt1500;hk-1500;100;50;5000
nt1501;hk-1501;100;50;5000
nt1502;hk-1502;100;50;5000
nt1503;hk-1503;100;50;5000
nt1504;hk-1504;100;50;5000
nt1505;hk-1505;100;50;5000
nt1506;hk-1506;100;50;5000
nt1507;hk-1507;100;50;5000
nt1508;hk-1508;100;50;5000
nt1509;hk-1509;100;50;5000
nt1510;hk-1510;100;50;5000
nt1511;hk-1511;100;50;5000
nt1512;hk-1512;100;50;5000
nt1513;hk-1513;100;50;5000
nt1514;hk-1514;100;50;5000
nt1515;hk-1515;100;50;5000
nt1516;hk-1516;100;50;5000
nt1517;hk-1517;100;50;5000
nt1518;hk-1518;100;50;5000
nt1519;hk-1519;100;50;5000
nt1520;hk-1520;100;50;5000
nt1521;hk-1521;100;50;5000
nt1522;hk-1522;100;50;5000
nt1523;hk-1523;100;50;5000
nt1524;hk-1524;100;50;5000
nt1525;hk-1525;100;50;5000
nt1526;hk-1526;100;50;5000
nt1527;hk-1527;100;50;5000
nt1528;hk-1528;100;50;5000
nt1529;hk-1529;100;50;5000
nt1530;hk-1530;100;50;5000
nt1531;hk-1531;100;50;5000
nt1532;hk-1532;100;50;5000
nt1533;hk-1533;100;50;5000
nt1534;hk-1534;100;50;5000
nt1535;hk-1535;100;50;5000
nt1536;hk-1536;100;50;5000
nt1537;hk-1537;100;50;5000
nt1538;hk-1538;100;50;5000
nt1539;hk-1539;100;50;5000
nt1540;hk-1540;100;50;5000
nt1541;hk-1541;100;50;5000
nt1542;hk-1542;100;50;5000
nt1543;hk-1543;100;50;5000
nt1544;hk-1544;100;50;5000
nt1545;hk-1545;100;50;5000
nt1546;hk-1546;100;50;5000
nt1547;hk-1547;100;50;5000
nt1548;hk-1548;100;50;5000
nt1549;hk-1549;100;50;5000
nt1550;hk-1550;100;50;5000
nt1551;hk-1551;100;50;5000
nt1552;hk-1552;100;50;5000
nt1553;hk-1553;100;50;5000
nt1554;hk-1554;100;50;5000
nt1555;hk-1555;100;50;5000
nt1556;hk-1556;100;50;5000
nt1557;hk-1557;100;50;5000
nt1558;hk-1558;100;50;5000
nt1559;hk-1559;100;50;5000
nt1560;hk-1560;100;50;5000
nt1561;hk-1561;100;50;5000
nt1562;hk-1562;100;50;5000
nt1563;hk-1563;100;50;5000
nt1564;hk-1564;100;50;5000
nt1565;hk-1565;100;50;5000
nt1566;hk-1566;100;50;5000
nt1567;hk-1567;100;50;5000
nt1568;hk-1568;100;50;5000
nt1569;hk-1569;100;50;5000
nt1570;hk-1570;100;50;5000
nt1571;hk-1571;100;50;5000
nt1572;hk-1572;100;50;5000
nt1573;hk-1573;100;50;5000
nt1574;hk-1574;100;50;5000
nt1575;hk-1575;100;50;5000
nt1576;hk-1576;100;50;5000
nt1577;hk-1577;100;50;5000
nt1578;hk-1578;100;50;5000
nt1579;hk-1579;100;50;5000
nt1580;hk-1580;100;50;5000
nt1581;hk-1581;100;50;5000
nt1582;hk-1582;100;50;5000
nt1583;hk-1583;100;50;5000
nt1584;hk-1584;100;50;5000
nt1585;hk-1585;100;50;5000
nt1586;hk-1586;100;50;5000
nt1587;hk-1587;100;50;5000
nt1588;hk-1588;100;50;5000
nt1589;hk-1589;100;50;5000
nt1590;hk-1590;100;50;5000
nt1591;hk-1591;100;50;5000
nt1592;hk-1592;100;50;5000
nt1593;hk-1593;100;50;5000
nt1594;hk-1594;100;50;5000
nt1595;hk-1595;100;50;5000
nt1596;hk-1596;100;50;5000
nt1597;hk-1597;100;50;5000
nt1598;hk-1598;100;50;5000
nt1599;hk-1599;100;50;5000
nt1600;hk-1600;100;50;5000
nt1601;hk-1601;100;50;5000
nt1602;hk-1602;100;50;5000
nt1603;hk-1603;100;50;5000
nt1604;hk-1604;100;50;5000
nt1605;hk-1605;100;50;5000
nt1606;hk-1606;100;50;5000
nt1607;hk-1607;100;50;5000
nt1608;hk-1608;100;50;5000
nt1609;hk-1609;100;50;5000
nt1610;hk-1610;100;50;5000
nt1611;hk-1611;100;50;5000
nt1612;hk-1612;100;50;5000
nt1613;hk-1613;100;50;5000
nt1614;hk-1614;100;50;5000
nt1615;hk-1615;100;50;5000
nt1616;hk-1616;100;50;5000
nt1617;hk-1617;100;50;5000
nt1618;hk-1618;100;50;5000
nt1619;hk-1619;100;50;5000
nt1620;hk-1620;100;50;5000
nt1621;hk-1621;100;50;5000
nt1622;hk-1622;100;50;5000
nt1623;hk-1623;100;50;5000
nt1624;hk-1624;100;50;5000
nt1625;hk-1625;100;50;5000
nt1626;hk-1626;100;50;5000
nt1627;hk-1627;100;50;5000
nt1628;hk-1628;100;50;5000
nt1629;hk-1629;100;50;5000
nt1630;hk-1630;100;50;5000
nt1631;hk-1631;100;50;5000
nt1632;hk-1632;100;50;5000
nt1633;hk-1633;100;50;5000
nt1634;hk-1634;100;50;5000
nt1635;hk-1635;100;50;5000
nt1636;hk-1636;100;50;5000
nt1637;hk-1637;100;50;5000
nt1638;hk-1638;100;50;5000
nt1639;hk-1639;100;50;5000
nt1640;hk-1640;100;50;5000
nt1641;hk-1641;100;50;5000
nt1642;hk-1642;100;50;5000
nt1643;hk-1643;100;50;5000
nt1644;hk-1644;100;50;5000
nt1645;hk-1645;100;50;5000
nt1646;hk-1646;100;50;5000
nt1647;hk-1647;100;50;5000
nt1648;hk-1648;100;50;5000
nt1649;hk-1649;100;50;5000
nt1650;hk-1650;100;50;5000
nt1651;hk-1651;100;50;5000
nt1652;hk-1652;100;50;5000
nt1653;hk-1653;100;50;5000
nt1654;hk-1654;100;50;5000
nt1655;hk-1655;100;50;5000
nt1656;hk-1656;100;50;5000
nt1657;hk-1657;100;50;5000
nt1658;hk-1658;100;50;5000
nt1659;hk-1659;100;50;5000
nt1660;hk-1660;100;50;5000
nt1661;hk-1661;100;50;5000
nt1662;hk-1662;100;50;5000
nt1663;hk-1663;100;50;5000
nt1664;hk-1664;100;50;5000
nt1665;hk-1665;100;50;5000
nt1666;hk-1666;100;50;5000
nt1667;hk-1667;100;50;5000
nt1668;hk-1668;100;50;5000
nt1669;hk-1669;100;50;5000
nt1670;hk-1670;100;50;5000
nt1671;hk-1671;100;50;5000
nt1672;hk-1672;100;50;5000
nt1673;hk-1673;100;50;5000
nt1674;hk-1674;100;50;5000
nt1675;hk-1675;100;50;5000
nt1676;hk-1676;100;50;5000
nt1677;hk-1677;100;50;5000
nt1678;hk-1678;100;50;5000
nt1679;hk-1679;100;50;5000
nt1680;hk-1680;100;50;5000
nt1681;hk-1681;100;50;5000
nt1682;hk-1682;100;50;5000
nt1683;hk-1683;100;50;5000
nt1684;hk-1684;100;50;5000
nt1685;hk-1685;100;50;5000
nt1686;hk-1686;100;50;5000
nt1687;hk-1687;100;50;5000
nt1688;hk-1688;100;50;5000
nt1689;hk-1689;100;50;5000
nt1690;hk-1690;100;50;5000
nt1691;hk-1691;100;50;5000
nt1692;hk-1692;100;50;5000
nt1693;hk-1693;100;50;5000
nt1694;hk-1694;100;50;5000
nt1695;hk-1695;100;50;5000
nt1696;hk-1696;100;50;5000
nt1697;hk-1697;100;50;5000
nt1698;hk-1698;100;50;5000
nt1699;hk-1699;100;50;5000
nt1700;hk-1700;100;50;5000
nt1701;hk-1701;100;50;5000
nt1702;hk-1702;100;50;5000
nt1703;hk-1703;100;50;5000
nt1704;hk-1704;100;50;5000
nt1705;hk-1705;100;50;5000
nt1706;hk-1706;100;50;5000
nt1707;hk-1707;100;50;5000
nt1708;hk-1708;100;50;5000
nt1709;hk-1709;100;50;5000
nt1710;hk-1710;100;50;5000
nt1711;hk-1711;100;50;5000
nt1712;hk-1712;100;50;5000
nt1713;hk-1713;100;50;5000
nt1714;hk-1714;100;50;5000
nt1715;hk-1715;100;50;5000
nt1716;hk-1716;100;50;5000
nt1717;hk-1717;100;50;5000
nt1718;hk-1718;100;50;5000
nt1719;hk-1719;100;50;5000
nt1720;hk-1720;100;50;5000
nt1721;hk-1721;100;50;5000
nt1722;hk-1722;100;50;5000
nt1723;hk-1723;100;50;5000
nt1724;hk-1724;100;50;5000
nt1725;hk-1725;100;50;5000
nt1726;hk-1726;100;50;5000
nt1727;hk-1727;100;50;5000
nt1728;hk-1728;100;50;5000
nt1729;hk-1729;100;50;5000
nt1730;hk-1730;100;50;5000
nt1731;hk-1731;100;50;5000
nt1732;hk-1732;100;50;5000
nt1733;hk-1733;100;50;5000
nt1734;hk-1734;100;50;5000
nt1735;hk-1735;100;50;5000
nt1736;hk-1736;100;50;5000
nt1737;hk-1737;100;50;5000
nt1738;hk-1738;100;50;5000
nt1739;hk-1739;100;50;5000
nt1740;hk-1740;100;50;5000
nt1741;hk-1741;100;50;5000
nt1742;hk-1742;100;50;5000
nt1743;hk-1743;100;50;5000
nt1744;hk-1744;100;50;5000
nt1745;hk-1745;100;50;5000
nt1746;hk-1746;100;50;5000
nt1747;hk-1747;100;50;5000
nt1748;hk-1748;100;50;5000
nt1749;hk-1749;100;50;5000
nt1750;hk-1750;100;50;5000
nt1751;hk-1751;100;50;5000
nt1752;hk-1752;100;50;5000
nt1753;hk-1753;100;50;5000
nt1754;hk-1754;100;50;5000
nt1755;hk-1755;100;50;5000
nt1756;hk-1756;100;50;5000
nt1757;hk-1757;100;50;5000
nt1758;hk-1758;100;50;5000
nt1759;hk-1759;100;50;5000
nt1760;hk-1760;100;50;5000
nt1761;hk-1761;100;50;5000
nt1762;hk-1762;100;50;5000
nt1763;hk-1763;100;50;5000
nt1764;hk-1764;100;50;5000
nt1765;hk-1765;100;50;5000
nt1766;hk-1766;100;50;5000
nt1767;hk-1767;100;50;5000
nt1768;hk-1768;100;50;5000
nt1769;hk-1769;100;50;5000
nt1770;hk-1770;100;50;5000
nt1771;hk-1771;100;50;5000
nt1772;hk-1772;100;50;5000
nt1773;hk-1773;100;50;5000
nt1774;hk-1774;100;50;5000
nt1775;hk-1775;100;50;5000
nt1776;hk-1776;100;50;5000
nt1777;hk-1777;100;50;5000
nt1778;hk-1778;100;50;5000
nt1779;hk-1779;100;50;5000
nt1780;hk-1780;100;50;5000
nt1781;hk-1781;100;50;5000
nt1782;hk-1782;100;50;5000
nt1783;hk-1783;100;50;5000
nt1784;hk-1784;100;50;5000
nt1785;hk-1785;100;50;5000
nt1786;hk-1786;100;50;5000
nt1787;hk-1787;100;50;5000
nt1788;hk-1788;100;50;5000
nt1789;hk-1789;100;50;5000
nt1790;hk-1790;100;50;5000
nt1791;hk-1791;100;50;5000
nt1792;hk-1792;100;50;5000
nt1793;hk-1793;100;50;5000
nt1794;hk-1794;100;50;5000
nt1795;hk-1795;100;50;5000
nt1796;hk-1796;100;50;5000
nt1797;hk-1797;100;50;5000
nt1798;hk-1798;100;50;5000
nt1799;hk-1799;100;50;5000
nt1800;hk-1800;100;50;5000
nt1801;hk-1801;100;50;5000
nt1802;hk-1802;100;50;5000
nt1803;hk-1803;100;50;5000
nt1804;hk-1804;100;50;5000
nt1805;hk-1805;100;50;5000
nt1806;hk-1806;100;50;5000
nt1807;hk-1807;100;50;5000
nt1808;hk-1808;100;50;5000
nt1809;hk-1809;100;50;5000
nt1810;hk-1810;100;50;5000
nt1811;hk-1811;100;50;5000
nt1812;hk-1812;100;50;5000
nt1813;hk-1813;100;50;5000
nt1814;hk-1814;100;50;5000
nt1815;hk-1815;100;50;5000
nt1816;hk-1816;100;50;5000
nt1817;hk-1817;100;50;5000
nt1818;hk-1818;100;50;5000
nt1819;hk-1819;100;50;5000
nt1820;hk-1820;100;50;5000
nt1821;hk-1821;100;50;5000
nt1822;hk-1822;100;50;5000
nt1823;hk-1823;100;50;5000
nt1824;hk-1824;100;50;5000
nt1825;hk-1825;100;50;5000
nt1826;hk-1826;100;50;5000
nt1827;hk-1827;100;50;5000
nt1828;hk-1828;100;50;5000
nt1829;hk-1829;100;50;5000
nt1830;hk-1830;100;50;5000
nt1831;hk-1831;100;50;5000
nt1832;hk-1832;100;50;5000
nt1833;hk-1833;100;50;5000
nt1834;hk-1834;100;50;5000
nt1835;hk-1835;100;50;5000
nt1836;hk-1836;100;50;5000
nt1837;hk-1837;100;50;5000
nt1838;hk-1838;100;50;5000
nt1839;hk-1839;100;50;5000
nt1840;hk-1840;100;50;5000
nt1841;hk-1841;100;50;5000
nt1842;hk-1842;100;50;5000
nt1843;hk-1843;100;50;5000
nt1844;hk-1844;100;50;5000
nt1845;hk-1845;100;50;5000
nt1846;hk-1846;100;50;5000
nt1847;hk-1847;100;50;5000
nt1848;hk-1848;100;50;5000
nt1849;hk-1849;100;50;5000
nt1850;hk-1850;100;50;5000
nt1851;hk-1851;100;50;5000
nt1852;hk-1852;100;50;5000
nt1853;hk-1853;100;50;5000
nt1854;hk-1854;100;50;5000
nt1855;hk-1855;100;50;5000
nt1856;hk-1856;100;50;5000
nt1857;hk-1857;100;50;5000
nt1858;hk-1858;100;50;5000
nt1859;hk-1859;100;50;5000
nt1860;hk-1860;100;50;5000
nt1861;hk-1861;100;50;5000
nt1862;hk-1862;100;50;5000
nt1863;hk-1863;100;50;5000
nt1864;hk-1864;100;50;5000
nt1865;hk-1865;100;50;5000
nt1866;hk-1866;100;50;5000
nt1867;hk-1867;100;50;5000
nt1868;hk-1868;100;50;5000
nt1869;hk-1869;100;50;5000
nt1870;hk-1870;100;50;5000
nt1871;hk-1871;100;50;5000
nt1872;hk-1872;100;50;5000
nt1873;hk-1873;100;50;5000
nt1874;hk-1874;100;50;5000
nt1875;hk-1875;100;50;5000
nt1876;hk-1876;100;50;5000
nt1877;hk-1877;100;50;5000
nt1878;hk-1878;100;50;5000
nt1879;hk-1879;100;50;5000
nt1880;hk-1880;100;50;5000
nt1881;hk-1881;100;50;5000
nt1882;hk-1882;100;50;5000
nt1883;hk-1883;100;50;5000
nt1884;hk-1884;100;50;5000
nt1885;hk-1885;100;50;5000
nt1886;hk-1886;100;50;5000
nt1887;hk-1887;100;50;5000
nt1888;hk-1888;100;50;5000
nt1889;hk-1889;100;50;5000
nt1890;hk-1890;100;50;5000
nt1891;hk-1891;100;50;5000
nt1892;hk-1892;100;50;5000
nt1893;hk-1893;100;50;5000
nt1894;hk-1894;100;50;5000
nt1895;hk-1895;100;50;5000
nt1896;hk-1896;100;50;5000
nt1897;hk-1897;100;50;5000
nt1898;hk-1898;100;50;5000
nt1899;hk-1899;100;50;5000
nt1900;hk-1900;100;50;5000
nt1901;hk-1901;100;50;5000
nt1902;hk-1902;100;50;5000
nt1903;hk-1903;100;50;5000
nt1904;hk-1904;100;50;5000
nt1905;hk-1905;100;50;5000
nt1906;hk-1906;100;50;5000
nt1907;hk-1907;100;50;5000
nt1908;hk-1908;100;50;5000
nt1909;hk-1909;100;50;5000
nt1910;hk-1910;100;50;5000
nt1911;hk-1911;100;50;5000
nt1912;hk-1912;100;50;5000
nt1913;hk-1913;100;50;5000
nt1914;hk-1914;100;50;5000
nt1915;hk-1915;100;50;5000
nt1916;hk-1916;100;50;5000
nt1917;hk-1917;100;50;5000
nt1918;hk-1918;100;50;5000
nt1919;hk-1919;100;50;5000
nt1920;hk-1920;100;50;5000
nt1921;hk-1921;100;50;5000
nt1922;hk-1922;100;50;5000
nt1923;hk-1923;100;50;5000
nt1924;hk-1924;100;50;5000
nt1925;hk-1925;100;50;5000
nt1926;hk-1926;100;50;5000
nt1927;hk-1927;100;50;5000
nt1928;hk-1928;100;50;5000
nt1929;hk-1929;100;50;5000
nt1930;hk-1930;100;50;5000
nt1931;hk-1931;100;50;5000
nt1932;hk-1932;100;50;5000
nt1933;hk-1933;100;50;5000
nt1934;hk-1934;100;50;5000
nt1935;hk-1935;100;50;5000
nt1936;hk-1936;100;50;5000
nt1937;hk-1937;100;50;5000
nt1938;hk-1938;100;50;5000
nt1939;hk-1939;100;50;5000
nt1940;hk-1940;100;50;5000
nt1941;hk-1941;100;50;5000
nt1942;hk-1942;100;50;5000
nt1943;hk-1943;100;50;5000
nt1944;hk-1944;100;50;5000
nt1945;hk-1945;100;50;5000
nt1946;hk-1946;100;50;5000
nt1947;hk-1947;100;50;5000
nt1948;hk-1948;100;50;5000
nt1949;hk-1949;100;50;5000
nt1950;hk-1950;100;50;5000
nt1951;hk-1951;100;50;5000
nt1952;hk-1952;100;50;5000
nt1953;hk-1953;100;50;5000
nt1954;hk-1954;100;50;5000
nt1955;hk-1955;100;50;5000
nt1956;hk-1956;100;50;5000
nt1957;hk-1957;100;50;5000
nt1958;hk-1958;100;50;5000
nt1959;hk-1959;100;50;5000
nt1960;hk-1960;100;50;5000
nt1961;hk-1961;100;50;5000
nt1962;hk-1962;100;50;5000
nt1963;hk-1963;100;50;5000
nt1964;hk-1964;100;50;5000
nt1965;hk-1965;100;50;5000
nt1966;hk-1966;100;50;5000
nt1967;hk-1967;100;50;5000
nt1968;hk-1968;100;50;5000
nt1969;hk-1969;100;50;5000
nt1970;hk-1970;100;50;5000
nt1971;hk-1971;100;50;5000
nt1972;hk-1972;100;50;5000
nt1973;hk-1973;100;50;5000
nt1974;hk-1974;100;50;5000
nt1975;hk-1975;100;50;5000
nt1976;hk-1976;100;50;5000
nt1977;hk-1977;100;50;5000
nt1978;hk-1978;100;50;5000
nt1979;hk-1979;100;50;5000
nt1980;hk-1980;100;50;5000
nt1981;hk-1981;100;50;5000
nt1982;hk-1982;100;50;5000
nt1983;hk-1983;100;50;5000
nt1984;hk-1984;100;50;5000
nt1985;hk-1985;100;50;5000
nt1986;hk-1986;100;50;5000
nt1987;hk-1987;100;50;5000
nt1988;hk-1988;100;50;5000
nt1989;hk-1989;100;50;5000
nt1990;hk-1990;100;50;5000
nt1991;hk-1991;100;50;5000
nt1992;hk-1992;100;50;5000
nt1993;hk-1993;100;50;5000
nt1994;hk-1994;100;50;5000
nt1995;hk-1995;100;50;5000
nt1996;hk-1996;100;50;5000
nt1997;hk-1997;100;50;5000
nt1998;hk-1998;100;50;5000
nt1999;hk-1999;100;50;5000
nt2000;hk-2000;100;50;5000
nt2001;hk-2001;100;50;5000
nt2002;hk-2002;100;50;5000
nt2003;hk-2003;100;50;5000
nt2004;hk-2004;100;50;5000
nt2005;hk-2005;100;50;5000
nt2006;hk-2006;100;50;5000
nt2007;hk-2007;100;50;5000
nt2008;hk-2008;100;50;5000
nt2009;hk-2009;100;50;5000
nt2010;hk-2010;100;50;5000
nt2011;hk-2011;100;50;5000
nt2012;hk-2012;100;50;5000
nt2013;hk-2013;100;50;5000
nt2014;hk-2014;100;50;5000
nt2015;hk-2015;100;50;5000
nt2016;hk-2016;100;50;5000
nt2017;hk-2017;100;50;5000
nt2018;hk-2018;100;50;5000
nt2019;hk-2019;100;50;5000
nt2020;hk-2020;100;50;5000
nt2021;hk-2021;100;50;5000
nt2022;hk-2022;100;50;5000
nt2023;hk-2023;100;50;5000
nt2024;hk-2024;100;50;5000
nt2025;hk-2025;100;50;5000
nt2026;hk-2026;100;50;5000
nt2027;hk-2027;100;50;5000
nt2028;hk-2028;100;50;5000
nt2029;hk-2029;100;50;5000
nt2030;hk-2030;100;50;5000
nt2031;hk-2031;100;50;5000
nt2032;hk-2032;100;50;5000
nt2033;hk-2033;100;50;5000
nt2034;hk-2034;100;50;5000
nt2035;hk-2035;100;50;5000
nt2036;hk-2036;100;50;5000
nt2037;hk-2037;100;50;5000
nt2038;hk-2038;100;50;5000
nt2039;hk-2039;100;50;5000
nt2040;hk-2040;100;50;5000
nt2041;hk-2041;100;50;5000
nt2042;hk-2042;100;50;5000
nt2043;hk-2043;100;50;5000
nt2044;hk-2044;100;50;5000
nt2045;hk-2045;100;50;5000
nt2046;hk-2046;100;50;5000
nt2047;hk-2047;100;50;5000
nt2048;hk-2048;100;50;5000
nt2049;hk-2049;100;50;5000
nt2050;hk-2050;100;50;5000
nt2051;hk-2051;100;50;5000
nt2052;hk-2052;100;50;5000
nt2053;hk-2053;100;50;5000
nt2054;hk-2054;100;50;5000
nt2055;hk-2055;100;50;5000
nt2056;hk-2056;100;50;5000
nt2057;hk-2057;100;50;5000
nt2058;hk-2058;100;50;5000
nt2059;hk-2059;100;50;5000
nt2060;hk-2060;100;50;5000
nt2061;hk-2061;100;50;5000
nt2062;hk-2062;100;50;5000
nt2063;hk-2063;100;50;5000
nt2064;hk-2064;100;50;5000
nt2065;hk-2065;100;50;5000
nt2066;hk-2066;100;50;5000
nt2067;hk-2067;100;50;5000
nt2068;hk-2068;100;50;5000
nt2069;hk-2069;100;50;5000
nt2070;hk-2070;100;50;5000
nt2071;hk-2071;100;50;5000
nt2072;hk-2072;100;50;5000
nt2073;hk-2073;100;50;5000
nt2074;hk-2074;100;50;5000
nt2075;hk-2075;100;50;5000
nt2076;hk-2076;100;50;5000
nt2077;hk-2077;100;50;5000
nt2078;hk-2078;100;50;5000
nt2079;hk-2079;100;50;5000
nt2080;hk-2080;100;50;5000
nt2081;hk-2081;100;50;5000
nt2082;hk-2082;100;50;5000
nt2083;hk-2083;100;50;5000
nt2084;hk-2084;100;50;5000
nt2085;hk-2085;100;50;5000
nt2086;hk-2086;100;50;5000
nt2087;hk-2087;100;50;5000
nt2088;hk-2088;100;50;5000
nt2089;hk-2089;100;50;5000
nt2090;hk-2090;100;50;5000
nt2091;hk-2091;100;50;5000
nt2092;hk-2092;100;50;5000
nt2093;hk-2093;100;50;5000
nt2094;hk-2094;100;50;5000
nt2095;hk-2095;100;50;5000
nt2096;hk-2096;100;50;5000
nt2097;hk-2097;100;50;5000
nt2098;hk-2098;100;50;5000
nt2099;hk-2099;100;50;5000
nt2100;hk-2100;100;50;5000
nt2101;hk-2101;100;50;5000
nt2102;hk-2102;100;50;5000
nt2103;hk-2103;100;50;5000
nt2104;hk-2104;100;50;5000
nt2105;hk-2105;100;50;5000
nt2106;hk-2106;100;50;5000
nt2107;hk-2107;100;50;5000
nt2108;hk-2108;100;50;5000
nt2109;hk-2109;100;50;5000
nt2110;hk-2110;100;50;5000
nt2111;hk-2111;100;50;5000
nt2112;hk-2112;100;50;5000
nt2113;hk-2113;100;50;5000
nt2114;hk-2114;100;50;5000
nt2115;hk-2115;100;50;5000
nt2116;hk-2116;100;50;5000
nt2117;hk-2117;100;50;5000
nt2118;hk-2118;100;50;5000
nt2119;hk-2119;100;50;5000
nt2120;hk-2120;100;50;5000
nt2121;hk-2121;100;50;5000
nt2122;hk-2122;100;50;5000
nt2123;hk-2123;100;50;5000
nt2124;hk-2124;100;50;5000
nt2125;hk-2125;100;50;5000
nt2126;hk-2126;100;50;5000
nt2127;hk-2127;100;50;5000
nt2128;hk-2128;100;50;5000
nt2129;hk-2129;100;50;5000
nt2130;hk-2130;100;50;5000
nt2131;hk-2131;100;50;5000
nt2132;hk-2132;100;50;5000
nt2133;hk-2133;100;50;5000
nt2134;hk-2134;100;50;5000
nt2135;hk-2135;100;50;5000
nt2136;hk-2136;100;50;5000
nt2137;hk-2137;100;50;5000
nt2138;hk-2138;100;50;5000
nt2139;hk-2139;100;50;5000
nt2140;hk-2140;100;50;5000
nt2141;hk-2141;100;50;5000
nt2142;hk-2142;100;50;5000
nt2143;hk-2143;100;50;5000
nt2144;hk-2144;100;50;5000
nt2145;hk-2145;100;50;5000
nt2146;hk-2146;100;50;5000
nt2147;hk-2147;100;50;5000
nt2148;hk-2148;100;50;5000
nt2149;hk-2149;100;50;5000
nt2150;hk-2150;100;50;5000
nt2151;hk-2151;100;50;5000
nt2152;hk-2152;100;50;5000
nt2153;hk-2153;100;50;5000
nt2154;hk-2154;100;50;5000
nt2155;hk-2155;100;50;5000
nt2156;hk-2156;100;50;5000
nt2157;hk-2157;100;50;5000
nt2158;hk-2158;100;50;5000
nt2159;hk-2159;100;50;5000
nt2160;hk-2160;100;50;5000
nt2161;hk-2161;100;50;5000
nt2162;hk-2162;100;50;5000
nt2163;hk-2163;100;50;5000
nt2164;hk-2164;100;50;5000
nt2165;hk-2165;100;50;5000
nt2166;hk-2166;100;50;5000
nt2167;hk-2167;100;50;5000
nt2168;hk-2168;100;50;5000
nt2169;hk-2169;100;50;5000
nt2170;hk-2170;100;50;5000
nt2171;hk-2171;100;50;5000
nt2172;hk-2172;100;50;5000
nt2173;hk-2173;100;50;5000
nt2174;hk-2174;100;50;5000
nt2175;hk-2175;100;50;5000
nt2176;hk-2176;100;50;5000
nt2177;hk-2177;100;50;5000
nt2178;hk-2178;100;50;5000
nt2179;hk-2179;100;50;5000
nt2180;hk-2180;100;50;5000
nt2181;hk-2181;100;50;5000
nt2182;hk-2182;100;50;5000
nt2183;hk-2183;100;50;5000
nt2184;hk-2184;100;50;5000
nt2185;hk-2185;100;50;5000
nt2186;hk-2186;100;50;5000
nt2187;hk-2187;100;50;5000
nt2188;hk-2188;100;50;5000
nt2189;hk-2189;100;50;5000
nt2190;hk-2190;100;50;5000
nt2191;hk-2191;100;50;5000
nt2192;hk-2192;100;50;5000
nt2193;hk-2193;100;50;5000
nt2194;hk-2194;100;50;5000
nt2195;hk-2195;100;50;5000
nt2196;hk-2196;100;50;5000
nt2197;hk-2197;100;50;5000
nt2198;hk-2198;100;50;5000
nt2199;hk-2199;100;50;5000
nt2200;hk-2200;100;50;5000
nt2201;hk-2201;100;50;5000
nt2202;hk-2202;100;50;5000
nt2203;hk-2203;100;50;5000
nt2204;hk-2204;100;50;5000
nt2205;hk-2205;100;50;5000
nt2206;hk-2206;100;50;5000
nt2207;hk-2207;100;50;5000
nt2208;hk-2208;100;50;5000
nt2209;hk-2209;100;50;5000
nt2210;hk-2210;100;50;5000
nt2211;hk-2211;100;50;5000
nt2212;hk-2212;100;50;5000
nt2213;hk-2213;100;50;5000
nt2214;hk-2214;100;50;5000
nt2215;hk-2215;100;50;5000
nt2216;hk-2216;100;50;5000
nt2217;hk-2217;100;50;5000
nt2218;hk-2218;100;50;5000
nt2219;hk-2219;100;50;5000
nt2220;hk-2220;100;50;5000
nt2221;hk-2221;100;50;5000
nt2222;hk-2222;100;50;5000
nt2223;hk-2223;100;50;5000
nt2224;hk-2224;100;50;5000
nt2225;hk-2225;100;50;5000
nt2226;hk-2226;100;50;5000
nt2227;hk-2227;100;50;5000
nt2228;hk-2228;100;50;5000
nt2229;hk-2229;100;50;5000
nt2230;hk-2230;100;50;5000
nt2231;hk-2231;100;50;5000
nt2232;hk-2232;100;50;5000
nt2233;hk-2233;100;50;5000
nt2234;hk-2234;100;50;5000
nt2235;hk-2235;100;50;5000
nt2236;hk-2236;100;50;5000
nt2237;hk-2237;100;50;5000
nt2238;hk-2238;100;50;5000
nt2239;hk-2239;100;50;5000
nt2240;hk-2240;100;50;5000
nt2241;hk-2241;100;50;5000
nt2242;hk-2242;100;50;5000
nt2243;hk-2243;100;50;5000
nt2244;hk-2244;100;50;5000
nt2245;hk-2245;100;50;5000
nt2246;hk-2246;100;50;5000
nt2247;hk-2247;100;50;5000
nt2248;hk-2248;100;50;5000
nt2249;hk-2249;100;50;5000
nt2250;hk-2250;100;50;5000
nt2251;hk-2251;100;50;5000
nt2252;hk-2252;100;50;5000
nt2253;hk-2253;100;50;5000
nt2254;hk-2254;100;50;5000
nt2255;hk-2255;100;50;5000
nt2256;hk-2256;100;50;5000
nt2257;hk-2257;100;50;5000
nt2258;hk-2258;100;50;5000
nt2259;hk-2259;100;50;5000
nt2260;hk-2260;100;50;5000
nt2261;hk-2261;100;50;5000
nt2262;hk-2262;100;50;5000
nt2263;hk-2263;100;50;5000
nt2264;hk-2264;100;50;5000
nt2265;hk-2265;100;50;5000
nt2266;hk-2266;100;50;5000
nt2267;hk-2267;100;50;5000
nt2268;hk-2268;100;50;5000
nt2269;hk-2269;100;50;5000
nt2270;hk-2270;100;50;5000
nt2271;hk-2271;100;50;5000
nt2272;hk-2272;100;50;5000
nt2273;hk-2273;100;50;5000
nt2274;hk-2274;100;50;5000
nt2275;hk-2275;100;50;5000
nt2276;hk-2276;100;50;5000
nt2277;hk-2277;100;50;5000
nt2278;hk-2278;100;50;5000
nt2279;hk-2279;100;50;5000
nt2280;hk-2280;100;50;5000
nt2281;hk-2281;100;50;5000
nt2282;hk-2282;100;50;5000
nt2283;hk-2283;100;50;5000
nt2284;hk-2284;100;50;5000
nt2285;hk-2285;100;50;5000
nt2286;hk-2286;100;50;5000
nt2287;hk-2287;100;50;5000
nt2288;hk-2288;100;50;5000
nt2289;hk-2289;100;50;5000
nt2290;hk-2290;100;50;5000
nt2291;hk-2291;100;50;5000
nt2292;hk-2292;100;50;5000
nt2293;hk-2293;100;50;5000
nt2294;hk-2294;100;50;5000
nt2295;hk-2295;100;50;5000
nt2296;hk-2296;100;50;5000
nt2297;hk-2297;100;50;5000
nt2298;hk-2298;100;50;5000
nt2299;hk-2299;100;50;5000
nt2300;hk-2300;100;50;5000
nt2301;hk-2301;100;50;5000
nt2302;hk-2302;100;50;5000
nt2303;hk-2303;100;50;5000
nt2304;hk-2304;100;50;5000
nt2305;hk-2305;100;50;5000
nt2306;hk-2306;100;50;5000
nt2307;hk-2307;100;50;5000
nt2308;hk-2308;100;50;5000
nt2309;hk-2309;100;50;5000
nt2310;hk-2310;100;50;5000
nt2311;hk-2311;100;50;5000
nt2312;hk-2312;100;50;5000
nt2313;hk-2313;100;50;5000
nt2314;hk-2314;100;50;5000
nt2315;hk-2315;100;50;5000
nt2316;hk-2316;100;50;5000
nt2317;hk-2317;100;50;5000
nt2318;hk-2318;100;50;5000
nt2319;hk-2319;100;50;5000
nt2320;hk-2320;100;50;5000
nt2321;hk-2321;100;50;5000
nt2322;hk-2322;100;50;5000
nt2323;hk-2323;100;50;5000
nt2324;hk-2324;100;50;5000
nt2325;hk-2325;100;50;5000
nt2326;hk-2326;100;50;5000
nt2327;hk-2327;100;50;5000
nt2328;hk-2328;100;50;5000
nt2329;hk-2329;100;50;5000
nt2330;hk-2330;100;50;5000
nt2331;hk-2331;100;50;5000
nt2332;hk-2332;100;50;5000
nt2333;hk-2333;100;50;5000
nt2334;hk-2334;100;50;5000
nt2335;hk-2335;100;50;5000
nt2336;hk-2336;100;50;5000
nt2337;hk-2337;100;50;5000
nt2338;hk-2338;100;50;5000
nt2339;hk-2339;100;50;5000
nt2340;hk-2340;100;50;5000
nt2341;hk-2341;100;50;5000
nt2342;hk-2342;100;50;5000
nt2343;hk-2343;100;50;5000
nt2344;hk-2344;100;50;5000
nt2345;hk-2345;100;50;5000
nt2346;hk-2346;100;50;5000
nt2347;hk-2347;100;50;5000
nt2348;hk-2348;100;50;5000
nt2349;hk-2349;100;50;5000
nt2350;hk-2350;100;50;5000
nt2351;hk-2351;100;50;5000
nt2352;hk-2352;100;50;5000
nt2353;hk-2353;100;50;5000
nt2354;hk-2354;100;50;5000
nt2355;hk-2355;100;50;5000
nt2356;hk-2356;100;50;5000
nt2357;hk-2357;100;50;5000
nt2358;hk-2358;100;50;5000
nt2359;hk-2359;100;50;5000
nt2360;hk-2360;100;50;5000
nt2361;hk-2361;100;50;5000
nt2362;hk-2362;100;50;5000
nt2363;hk-2363;100;50;5000
nt2364;hk-2364;100;50;5000
nt2365;hk-2365;100;50;5000
nt2366;hk-2366;100;50;5000
nt2367;hk-2367;100;50;5000
nt2368;hk-2368;100;50;5000
nt2369;hk-2369;100;50;5000
nt2370;hk-2370;100;50;5000
nt2371;hk-2371;100;50;5000
nt2372;hk-2372;100;50;5000
nt2373;hk-2373;100;50;5000
nt2374;hk-2374;100;50;5000
nt2375;hk-2375;100;50;5000
nt2376;hk-2376;100;50;5000
nt2377;hk-2377;100;50;5000
nt2378;hk-2378;100;50;5000
nt2379;hk-2379;100;50;5000
nt2380;hk-2380;100;50;5000
nt2381;hk-2381;100;50;5000
nt2382;hk-2382;100;50;5000
nt2383;hk-2383;100;50;5000
nt2384;hk-2384;100;50;5000
nt2385;hk-2385;100;50;5000
nt2386;hk-2386;100;50;5000
nt2387;hk-2387;100;50;5000
nt2388;hk-2388;100;50;5000
nt2389;hk-2389;100;50;5000
nt2390;hk-2390;100;50;5000
nt2391;hk-2391;100;50;5000
nt2392;hk-2392;100;50;5000
nt2393;hk-2393;100;50;5000
nt2394;hk-2394;100;50;5000
nt2395;hk-2395;100;50;5000
nt2396;hk-2396;100;50;5000
nt2397;hk-2397;100;50;5000
nt2398;hk-2398;100;50;5000
nt2399;hk-2399;100;50;5000
nt2400;hk-2400;100;50;5000
nt2401;hk-2401;100;50;5000
nt2402;hk-2402;100;50;5000
nt2403;hk-2403;100;50;5000
nt2404;hk-2404;100;50;5000
nt2405;hk-2405;100;50;5000
nt2406;hk-2406;100;50;5000
nt2407;hk-2407;100;50;5000
nt2408;hk-2408;100;50;5000
nt2409;hk-2409;100;50;5000
nt2410;hk-2410;100;50;5000
nt2411;hk-2411;100;50;5000
nt2412;hk-2412;100;50;5000
nt2413;hk-2413;100;50;5000
nt2414;hk-2414;100;50;5000
nt2415;hk-2415;100;50;5000
nt2416;hk-2416;100;50;5000
nt2417;hk-2417;100;50;5000
nt2418;hk-2418;100;50;5000
nt2419;hk-2419;100;50;5000
nt2420;hk-2420;100;50;5000
nt2421;hk-2421;100;50;5000
nt2422;hk-2422;100;50;5000
nt2423;hk-2423;100;50;5000
nt2424;hk-2424;100;50;5000
nt2425;hk-2425;100;50;5000
nt2426;hk-2426;100;50;5000
nt2427;hk-2427;100;50;5000
nt2428;hk-2428;100;50;5000
nt2429;hk-2429;100;50;5000
nt2430;hk-2430;100;50;5000
nt2431;hk-2431;100;50;5000
nt2432;hk-2432;100;50;5000
nt2433;hk-2433;100;50;5000
nt2434;hk-2434;100;50;5000
nt2435;hk-2435;100;50;5000
nt2436;hk-2436;100;50;5000
nt2437;hk-2437;100;50;5000
nt2438;hk-2438;100;50;5000
nt2439;hk-2439;100;50;5000
nt2440;hk-2440;100;50;5000
nt2441;hk-2441;100;50;5000
nt2442;hk-2442;100;50;5000
nt2443;hk-2443;100;50;5000
nt2444;hk-2444;100;50;5000
nt2445;hk-2445;100;50;5000
nt2446;hk-2446;100;50;5000
nt2447;hk-2447;100;50;5000
nt2448;hk-2448;100;50;5000
nt2449;hk-2449;100;50;5000
nt2450;hk-2450;100;50;5000
nt2451;hk-2451;100;50;5000
nt2452;hk-2452;100;50;5000
nt2453;hk-2453;100;50;5000
nt2454;hk-2454;100;50;5000
nt2455;hk-2455;100;50;5000
nt2456;hk-2456;100;50;5000
nt2457;hk-2457;100;50;5000
nt2458;hk-2458;100;50;5000
nt2459;hk-2459;100;50;5000
nt2460;hk-2460;100;50;5000
nt2461;hk-2461;100;50;5000
nt2462;hk-2462;100;50;5000
nt2463;hk-2463;100;50;5000
nt2464;hk-2464;100;50;5000
nt2465;hk-2465;100;50;5000
nt2466;hk-2466;100;50;5000
nt2467;hk-2467;100;50;5000
nt2468;hk-2468;100;50;5000
nt2469;hk-2469;100;50;5000
nt2470;hk-2470;100;50;5000
nt2471;hk-2471;100;50;5000
nt2472;hk-2472;100;50;5000
nt2473;hk-2473;100;50;5000
nt2474;hk-2474;100;50;5000
nt2475;hk-2475;100;50;5000
nt2476;hk-2476;100;50;5000
nt2477;hk-2477;100;50;5000
nt2478;hk-2478;100;50;5000
nt2479;hk-2479;100;50;5000
nt2480;hk-2480;100;50;5000
nt2481;hk-2481;100;50;5000
nt2482;hk-2482;100;50;5000
nt2483;hk-2483;100;50;5000
nt2484;hk-2484;100;50;5000
nt2485;hk-2485;100;50;5000
nt2486;hk-2486;100;50;5000
nt2487;hk-2487;100;50;5000
nt2488;hk-2488;100;50;5000
nt2489;hk-2489;100;50;5000
nt2490;hk-2490;100;50;5000
nt2491;hk-2491;100;50;5000
nt2492;hk-2492;100;50;5000
nt2493;hk-2493;100;50;5000
nt2494;hk-2494;100;50;5000
nt2495;hk-2495;100;50;5000
nt2496;hk-2496;100;50;5000
nt2497;hk-2497;100;50;5000
nt2498;hk-2498;100;50;5000
nt2499;hk-2499;100;50;5000
nt2500;hk-2500;100;50;5000
nt2501;hk-2501;100;50;5000
nt2502;hk-2502;100;50;5000
nt2503;hk-2503;100;50;5000
nt2504;hk-2504;100;50;5000
nt2505;hk-2505;100;50;5000
nt2506;hk-2506;100;50;5000
nt2507;hk-2507;100;50;5000
nt2508;hk-2508;100;50;5000
nt2509;hk-2509;100;50;5000
nt2510;hk-2510;100;50;5000
nt2511;hk-2511;100;50;5000
nt2512;hk-2512;100;50;5000
nt2513;hk-2513;100;50;5000
nt2514;hk-2514;100;50;5000
nt2515;hk-2515;100;50;5000
nt2516;hk-2516;100;50;5000
nt2517;hk-2517;100;50;5000
nt2518;hk-2518;100;50;5000
nt2519;hk-2519;100;50;5000
nt2520;hk-2520;100;50;5000
nt2521;hk-2521;100;50;5000
nt2522;hk-2522;100;50;5000
nt2523;hk-2523;100;50;5000
nt2524;hk-2524;100;50;5000
nt2525;hk-2525;100;50;5000
nt2526;hk-2526;100;50;5000
nt2527;hk-2527;100;50;5000
nt2528;hk-2528;100;50;5000
nt2529;hk-2529;100;50;5000
nt2530;hk-2530;100;50;5000
nt2531;hk-2531;100;50;5000
nt2532;hk-2532;100;50;5000
nt2533;hk-2533;100;50;5000
nt2534;hk-2534;100;50;5000
nt2535;hk-2535;100;50;5000
nt2536;hk-2536;100;50;5000
nt2537;hk-2537;100;50;5000
nt2538;hk-2538;100;50;5000
nt2539;hk-2539;100;50;5000
nt2540;hk-2540;100;50;5000
nt2541;hk-2541;100;50;5000
nt2542;hk-2542;100;50;5000
nt2543;hk-2543;100;50;5000
nt2544;hk-2544;100;50;5000
nt2545;hk-2545;100;50;5000
nt2546;hk-2546;100;50;5000
nt2547;hk-2547;100;50;5000
nt2548;hk-2548;100;50;5000
nt2549;hk-2549;100;50;5000
nt2550;hk-2550;100;50;5000
nt2551;hk-2551;100;50;5000
nt2552;hk-2552;100;50;5000
nt2553;hk-2553;100;50;5000
nt2554;hk-2554;100;50;5000
nt2555;hk-2555;100;50;5000
nt2556;hk-2556;100;50;5000
nt2557;hk-2557;100;50;5000
nt2558;hk-2558;100;50;5000
nt2559;hk-2559;100;50;5000
nt2560;hk-2560;100;50;5000
nt2561;hk-2561;100;50;5000
nt2562;hk-2562;100;50;5000
nt2563;hk-2563;100;50;5000
nt2564;hk-2564;100;50;5000
nt2565;hk-2565;100;50;5000
nt2566;hk-2566;100;50;5000
nt2567;hk-2567;100;50;5000
nt2568;hk-2568;100;50;5000
nt2569;hk-2569;100;50;5000
nt2570;hk-2570;100;50;5000
nt2571;hk-2571;100;50;5000
nt2572;hk-2572;100;50;5000
nt2573;hk-2573;100;50;5000
nt2574;hk-2574;100;50;5000
nt2575;hk-2575;100;50;5000
nt2576;hk-2576;100;50;5000
nt2577;hk-2577;100;50;5000
nt2578;hk-2578;100;50;5000
nt2579;hk-2579;100;50;5000
nt2580;hk-2580;100;50;5000
nt2581;hk-2581;100;50;5000
nt2582;hk-2582;100;50;5000
nt2583;hk-2583;100;50;5000
nt2584;hk-2584;100;50;5000
nt2585;hk-2585;100;50;5000
nt2586;hk-2586;100;50;5000
nt2587;hk-2587;100;50;5000
nt2588;hk-2588;100;50;5000
nt2589;hk-2589;100;50;5000
nt2590;hk-2590;100;50;5000
nt2591;hk-2591;100;50;5000
nt2592;hk-2592;100;50;5000
nt2593;hk-2593;100;50;5000
nt2594;hk-2594;100;50;5000
nt2595;hk-2595;100;50;5000
nt2596;hk-2596;100;50;5000
nt2597;hk-2597;100;50;5000
nt2598;hk-2598;100;50;5000
nt2599;hk-2599;100;50;5000
nt2600;hk-2600;100;50;5000
nt2601;hk-2601;100;50;5000
nt2602;hk-2602;100;50;5000
nt2603;hk-2603;100;50;5000
nt2604;hk-2604;100;50;5000
nt2605;hk-2605;100;50;5000
nt2606;hk-2606;100;50;5000
nt2607;hk-2607;100;50;5000
nt2608;hk-2608;100;50;5000
nt2609;hk-2609;100;50;5000
nt2610;hk-2610;100;50;5000
nt2611;hk-2611;100;50;5000
nt2612;hk-2612;100;50;5000
nt2613;hk-2613;100;50;5000
nt2614;hk-2614;100;50;5000
nt2615;hk-2615;100;50;5000
nt2616;hk-2616;100;50;5000
nt2617;hk-2617;100;50;5000
nt2618;hk-2618;100;50;5000
nt2619;hk-2619;100;50;5000
nt2620;hk-2620;100;50;5000
nt2621;hk-2621;100;50;5000
nt2622;hk-2622;100;50;5000
nt2623;hk-2623;100;50;5000
nt2624;hk-2624;100;50;5000
nt2625;hk-2625;100;50;5000
nt2626;hk-2626;100;50;5000
nt2627;hk-2627;100;50;5000
nt2628;hk-2628;100;50;5000
nt2629;hk-2629;100;50;5000
nt2630;hk-2630;100;50;5000
nt2631;hk-2631;100;50;5000
nt2632;hk-2632;100;50;5000
nt2633;hk-2633;100;50;5000
nt2634;hk-2634;100;50;5000
nt2635;hk-2635;100;50;5000
nt2636;hk-2636;100;50;5000
nt2637;hk-2637;100;50;5000
nt2638;hk-2638;100;50;5000
nt2639;hk-2639;100;50;5000
nt2640;hk-2640;100;50;5000
nt2641;hk-2641;100;50;5000
nt2642;hk-2642;100;50;5000
nt2643;hk-2643;100;50;5000
nt2644;hk-2644;100;50;5000
nt2645;hk-2645;100;50;5000
nt2646;hk-2646;100;50;5000
nt2647;hk-2647;100;50;5000
nt2648;hk-2648;100;50;5000
nt2649;hk-2649;100;50;5000
nt2650;hk-2650;100;50;5000
nt2651;hk-2651;100;50;5000
nt2652;hk-2652;100;50;5000
nt2653;hk-2653;100;50;5000
nt2654;hk-2654;100;50;5000
nt2655;hk-2655;100;50;5000
nt2656;hk-2656;100;50;5000
nt2657;hk-2657;100;50;5000
nt2658;hk-2658;100;50;5000
nt2659;hk-2659;100;50;5000
nt2660;hk-2660;100;50;5000
nt2661;hk-2661;100;50;5000
nt2662;hk-2662;100;50;5000
nt2663;hk-2663;100;50;5000
nt2664;hk-2664;100;50;5000
nt2665;hk-2665;100;50;5000
nt2666;hk-2666;100;50;5000
nt2667;hk-2667;100;50;5000
nt2668;hk-2668;100;50;5000
nt2669;hk-2669;100;50;5000
nt2670;hk-2670;100;50;5000
nt2671;hk-2671;100;50;5000
nt2672;hk-2672;100;50;5000
nt2673;hk-2673;100;50;5000
nt2674;hk-2674;100;50;5000
nt2675;hk-2675;100;50;5000
nt2676;hk-2676;100;50;5000
nt2677;hk-2677;100;50;5000
nt2678;hk-2678;100;50;5000
nt2679;hk-2679;100;50;5000
nt2680;hk-2680;100;50;5000
nt2681;hk-2681;100;50;5000
nt2682;hk-2682;100;50;5000
nt2683;hk-2683;100;50;5000
nt2684;hk-2684;100;50;5000
nt2685;hk-2685;100;50;5000
nt2686;hk-2686;100;50;5000
nt2687;hk-2687;100;50;5000
nt2688;hk-2688;100;50;5000
nt2689;hk-2689;100;50;5000
nt2690;hk-2690;100;50;5000
nt2691;hk-2691;100;50;5000
nt2692;hk-2692;100;50;5000
nt2693;hk-2693;100;50;5000
nt2694;hk-2694;100;50;5000
nt2695;hk-2695;100;50;5000
nt2696;hk-2696;100;50;5000
nt2697;hk-2697;100;50;5000
nt2698;hk-2698;100;50;5000
nt2699;hk-2699;100;50;5000
nt2700;hk-2700;100;50;5000
nt2701;hk-2701;100;50;5000
nt2702;hk-2702;100;50;5000
nt2703;hk-2703;100;50;5000
nt2704;hk-2704;100;50;5000
nt2705;hk-2705;100;50;5000
nt2706;hk-2706;100;50;5000
nt2707;hk-2707;100;50;5000
nt2708;hk-2708;100;50;5000
nt2709;hk-2709;100;50;5000
nt2710;hk-2710;100;50;5000
nt2711;hk-2711;100;50;5000
nt2712;hk-2712;100;50;5000
nt2713;hk-2713;100;50;5000
nt2714;hk-2714;100;50;5000
nt2715;hk-2715;100;50;5000
nt2716;hk-2716;100;50;5000
nt2717;hk-2717;100;50;5000
nt2718;hk-2718;100;50;5000
nt2719;hk-2719;100;50;5000
nt2720;hk-2720;100;50;5000
nt2721;hk-2721;100;50;5000
nt2722;hk-2722;100;50;5000
nt2723;hk-2723;100;50;5000
nt2724;hk-2724;100;50;5000
nt2725;hk-2725;100;50;5000
nt2726;hk-2726;100;50;5000
nt2727;hk-2727;100;50;5000
nt2728;hk-2728;100;50;5000
nt2729;hk-2729;100;50;5000
nt2730;hk-2730;100;50;5000
nt2731;hk-2731;100;50;5000
nt2732;hk-2732;100;50;5000
nt2733;hk-2733;100;50;5000
nt2734;hk-2734;100;50;5000
nt2735;hk-2735;100;50;5000
nt2736;hk-2736;100;50;5000
nt2737;hk-2737;100;50;5000
nt2738;hk-2738;100;50;5000
nt2739;hk-2739;100;50;5000
nt2740;hk-2740;100;50;5000
nt2741;hk-2741;100;50;5000
nt2742;hk-2742;100;50;5000
nt2743;hk-2743;100;50;5000
nt2744;hk-2744;100;50;5000
nt2745;hk-2745;100;50;5000
nt2746;hk-2746;100;50;5000
nt2747;hk-2747;100;50;5000
nt2748;hk-2748;100;50;5000
nt2749;hk-2749;100;50;5000
nt2750;hk-2750;100;50;5000
nt2751;hk-2751;100;50;5000
nt2752;hk-2752;100;50;5000
nt2753;hk-2753;100;50;5000
nt2754;hk-2754;100;50;5000
nt2755;hk-2755;100;50;5000
nt2756;hk-2756;100;50;5000
nt2757;hk-2757;100;50;5000
nt2758;hk-2758;100;50;5000
nt2759;hk-2759;100;50;5000
nt2760;hk-2760;100;50;5000
nt2761;hk-2761;100;50;5000
nt2762;hk-2762;100;50;5000
nt2763;hk-2763;100;50;5000
nt2764;hk-2764;100;50;5000
nt2765;hk-2765;100;50;5000
nt2766;hk-2766;100;50;5000
nt2767;hk-2767;100;50;5000
nt2768;hk-2768;100;50;5000
nt2769;hk-2769;100;50;5000
nt2770;hk-2770;100;50;5000
nt2771;hk-2771;100;50;5000
nt2772;hk-2772;100;50;5000
nt2773;hk-2773;100;50;5000
nt2774;hk-2774;100;50;5000
nt2775;hk-2775;100;50;5000
nt2776;hk-2776;100;50;5000
nt2777;hk-2777;100;50;5000
nt2778;hk-2778;100;50;5000
nt2779;hk-2779;100;50;5000
nt2780;hk-2780;100;50;5000
nt2781;hk-2781;100;50;5000
nt2782;hk-2782;100;50;5000
nt2783;hk-2783;100;50;5000
nt2784;hk-2784;100;50;5000
nt2785;hk-2785;100;50;5000
nt2786;hk-2786;100;50;5000
nt2787;hk-2787;100;50;5000
nt2788;hk-2788;100;50;5000
nt2789;hk-2789;100;50;5000
nt2790;hk-2790;100;50;5000
nt2791;hk-2791;100;50;5000
nt2792;hk-2792;100;50;5000
nt2793;hk-2793;100;50;5000
nt2794;hk-2794;100;50;5000
nt2795;hk-2795;100;50;5000
nt2796;hk-2796;100;50;5000
nt2797;hk-2797;100;50;5000
nt2798;hk-2798;100;50;5000
nt2799;hk-2799;100;50;5000
nt2800;hk-2800;100;50;5000
nt2801;hk-2801;100;50;5000
nt2802;hk-2802;100;50;5000
nt2803;hk-2803;100;50;5000
nt2804;hk-2804;100;50;5000
nt2805;hk-2805;100;50;5000
nt2806;hk-2806;100;50;5000
nt2807;hk-2807;100;50;5000
nt2808;hk-2808;100;50;5000
nt2809;hk-2809;100;50;5000
nt2810;hk-2810;100;50;5000
nt2811;hk-2811;100;50;5000
nt2812;hk-2812;100;50;5000
nt2813;hk-2813;100;50;5000
nt2814;hk-2814;100;50;5000
nt2815;hk-2815;100;50;5000
nt2816;hk-2816;100;50;5000
nt2817;hk-2817;100;50;5000
nt2818;hk-2818;100;50;5000
nt2819;hk-2819;100;50;5000
nt2820;hk-2820;100;50;5000
nt2821;hk-2821;100;50;5000
nt2822;hk-2822;100;50;5000
nt2823;hk-2823;100;50;5000
nt2824;hk-2824;100;50;5000
nt2825;hk-2825;100;50;5000
nt2826;hk-2826;100;50;5000
nt2827;hk-2827;100;50;5000
nt2828;hk-2828;100;50;5000
nt2829;hk-2829;100;50;5000
nt2830;hk-2830;100;50;5000
nt2831;hk-2831;100;50;5000
nt2832;hk-2832;100;50;5000
nt2833;hk-2833;100;50;5000
nt2834;hk-2834;100;50;5000
nt2835;hk-2835;100;50;5000
nt2836;hk-2836;100;50;5000
nt2837;hk-2837;100;50;5000
nt2838;hk-2838;100;50;5000
nt2839;hk-2839;100;50;5000
nt2840;hk-2840;100;50;5000
nt2841;hk-2841;100;50;5000
nt2842;hk-2842;100;50;5000
nt2843;hk-2843;100;50;5000
nt2844;hk-2844;100;50;5000
nt2845;hk-2845;100;50;5000
nt2846;hk-2846;100;50;5000
nt2847;hk-2847;100;50;5000
nt2848;hk-2848;100;50;5000
nt2849;hk-2849;100;50;5000
nt2850;hk-2850;100;50;5000
nt2851;hk-2851;100;50;5000
nt2852;hk-2852;100;50;5000
nt2853;hk-2853;100;50;5000
nt2854;hk-2854;100;50;5000
nt2855;hk-2855;100;50;5000
nt2856;hk-2856;100;50;5000
nt2857;hk-2857;100;50;5000
nt2858;hk-2858;100;50;5000
nt2859;hk-2859;100;50;5000
nt2860;hk-2860;100;50;5000
nt2861;hk-2861;100;50;5000
nt2862;hk-2862;100;50;5000
nt2863;hk-2863;100;50;5000
nt2864;hk-2864;100;50;5000
nt2865;hk-2865;100;50;5000
nt2866;hk-2866;100;50;5000
nt2867;hk-2867;100;50;5000
nt2868;hk-2868;100;50;5000
nt2869;hk-2869;100;50;5000
nt2870;hk-2870;100;50;5000
nt2871;hk-2871;100;50;5000
nt2872;hk-2872;100;50;5000
nt2873;hk-2873;100;50;5000
nt2874;hk-2874;100;50;5000
nt2875;hk-2875;100;50;5000
nt2876;hk-2876;100;50;5000
nt2877;hk-2877;100;50;5000
nt2878;hk-2878;100;50;5000
nt2879;hk-2879;100;50;5000
nt2880;hk-2880;100;50;5000
nt2881;hk-2881;100;50;5000
nt2882;hk-2882;100;50;5000
nt2883;hk-2883;100;50;5000
nt2884;hk-2884;100;50;5000
nt2885;hk-2885;100;50;5000
nt2886;hk-2886;100;50;5000
nt2887;hk-2887;100;50;5000
nt2888;hk-2888;100;50;5000
nt2889;hk-2889;100;50;5000
nt2890;hk-2890;100;50;5000
nt2891;hk-2891;100;50;5000
nt2892;hk-2892;100;50;5000
nt2893;hk-2893;100;50;5000
nt2894;hk-2894;100;50;5000
nt2895;hk-2895;100;50;5000
nt2896;hk-2896;100;50;5000
nt2897;hk-2897;100;50;5000
nt2898;hk-2898;100;50;5000
nt2899;hk-2899;100;50;5000
nt2900;hk-2900;100;50;5000
nt2901;hk-2901;100;50;5000
nt2902;hk-2902;100;50;5000
nt2903;hk-2903;100;50;5000
nt2904;hk-2904;100;50;5000
nt2905;hk-2905;100;50;5000
nt2906;hk-2906;100;50;5000
nt2907;hk-2907;100;50;5000
nt2908;hk-2908;100;50;5000
nt2909;hk-2909;100;50;5000
nt2910;hk-2910;100;50;5000
nt2911;hk-2911;100;50;5000
nt2912;hk-2912;100;50;5000
nt2913;hk-2913;100;50;5000
nt2914;hk-2914;100;50;5000
nt2915;hk-2915;100;50;5000
nt2916;hk-2916;100;50;5000
nt2917;hk-2917;100;50;5000
nt2918;hk-2918;100;50;5000
nt2919;hk-2919;100;50;5000
nt2920;hk-2920;100;50;5000
nt2921;hk-2921;100;50;5000
nt2922;hk-2922;100;50;5000
nt2923;hk-2923;100;50;5000
nt2924;hk-2924;100;50;5000
nt2925;hk-2925;100;50;5000
nt2926;hk-2926;100;50;5000
nt2927;hk-2927;100;50;5000
nt2928;hk-2928;100;50;5000
nt2929;hk-2929;100;50;5000
nt2930;hk-2930;100;50;5000
nt2931;hk-2931;100;50;5000
nt2932;hk-2932;100;50;5000
nt2933;hk-2933;100;50;5000
nt2934;hk-2934;100;50;5000
nt2935;hk-2935;100;50;5000
nt2936;hk-2936;100;50;5000
nt2937;hk-2937;100;50;5000
nt2938;hk-2938;100;50;5000
nt2939;hk-2939;100;50;5000
nt2940;hk-2940;100;50;5000
nt2941;hk-2941;100;50;5000
nt2942;hk-2942;100;50;5000
nt2943;hk-2943;100;50;5000
nt2944;hk-2944;100;50;5000
nt2945;hk-2945;100;50;5000
nt2946;hk-2946;100;50;5000
nt2947;hk-2947;100;50;5000
nt2948;hk-2948;100;50;5000
nt2949;hk-2949;100;50;5000
nt2950;hk-2950;100;50;5000
nt2951;hk-2951;100;50;5000
nt2952;hk-2952;100;50;5000
nt2953;hk-2953;100;50;5000
nt2954;hk-2954;100;50;5000
nt2955;hk-2955;100;50;5000
nt2956;hk-2956;100;50;5000
nt2957;hk-2957;100;50;5000
nt2958;hk-2958;100;50;5000
nt2959;hk-2959;100;50;5000
nt2960;hk-2960;100;50;5000
nt2961;hk-2961;100;50;5000
nt2962;hk-2962;100;50;5000
nt2963;hk-2963;100;50;5000
nt2964;hk-2964;100;50;5000
nt2965;hk-2965;100;50;5000
nt2966;hk-2966;100;50;5000
nt2967;hk-2967;100;50;5000
nt2968;hk-2968;100;50;5000
nt2969;hk-2969;100;50;5000
nt2970;hk-2970;100;50;5000
nt2971;hk-2971;100;50;5000
nt2972;hk-2972;100;50;5000
nt2973;hk-2973;100;50;5000
nt2974;hk-2974;100;50;5000
nt2975;hk-2975;100;50;5000
nt2976;hk-2976;100;50;5000
nt2977;hk-2977;100;50;5000
nt2978;hk-2978;100;50;5000
nt2979;hk-2979;100;50;5000
nt2980;hk-2980;100;50;5000
nt2981;hk-2981;100;50;5000
nt2982;hk-2982;100;50;5000
nt2983;hk-2983;100;50;5000
nt2984;hk-2984;100;50;5000
nt2985;hk-2985;100;50;5000
nt2986;hk-2986;100;50;5000
nt2987;hk-2987;100;50;5000
nt2988;hk-2988;100;50;5000
nt2989;hk-2989;100;50;5000
nt2990;hk-2990;100;50;5000
nt2991;hk-2991;100;50;5000
nt2992;hk-2992;100;50;5000
nt2993;hk-2993;100;50;5000
nt2994;hk-2994;100;50;5000
nt2995;hk-2995;100;50;5000
nt2996;hk-2996;100;50;5000
nt2997;hk-2997;100;50;5000
nt2998;hk-2998;100;50;5000
nt2999;hk-2999;100;50;5000
nt3000;hk-3000;100;50;5000
nt3001;hk-3001;100;50;5000
nt3002;hk-3002;100;50;5000
nt3003;hk-3003;100;50;5000
nt3004;hk-3004;100;50;5000
nt3005;hk-3005;100;50;5000
nt3006;hk-3006;100;50;5000
nt3007;hk-3007;100;50;5000
nt3008;hk-3008;100;50;5000
nt3009;hk-3009;100;50;5000
nt3010;hk-3010;100;50;5000
nt3011;hk-3011;100;50;5000
nt3012;hk-3012;100;50;5000
nt3013;hk-3013;100;50;5000
nt3014;hk-3014;100;50;5000
nt3015;hk-3015;100;50;5000
nt3016;hk-3016;100;50;5000
nt3017;hk-3017;100;50;5000
nt3018;hk-3018;100;50;5000
nt3019;hk-3019;100;50;5000
nt3020;hk-3020;100;50;5000
nt3021;hk-3021;100;50;5000
nt3022;hk-3022;100;50;5000
nt3023;hk-3023;100;50;5000
nt3024;hk-3024;100;50;5000
nt3025;hk-3025;100;50;5000
nt3026;hk-3026;100;50;5000
nt3027;hk-3027;100;50;5000
nt3028;hk-3028;100;50;5000
nt3029;hk-3029;100;50;5000
nt3030;hk-3030;100;50;5000
nt3031;hk-3031;100;50;5000
nt3032;hk-3032;100;50;5000
nt3033;hk-3033;100;50;5000
nt3034;hk-3034;100;50;5000
nt3035;hk-3035;100;50;5000
nt3036;hk-3036;100;50;5000
nt3037;hk-3037;100;50;5000
nt3038;hk-3038;100;50;5000
nt3039;hk-3039;100;50;5000
nt3040;hk-3040;100;50;5000
nt3041;hk-3041;100;50;5000
nt3042;hk-3042;100;50;5000
nt3043;hk-3043;100;50;5000
nt3044;hk-3044;100;50;5000
nt3045;hk-3045;100;50;5000
nt3046;hk-3046;100;50;5000
nt3047;hk-3047;100;50;5000
nt3048;hk-3048;100;50;5000
nt3049;hk-3049;100;50;5000
nt3050;hk-3050;100;50;5000
nt3051;hk-3051;100;50;5000
nt3052;hk-3052;100;50;5000
nt3053;hk-3053;100;50;5000
nt3054;hk-3054;100;50;5000
nt3055;hk-3055;100;50;5000
nt3056;hk-3056;100;50;5000
nt3057;hk-3057;100;50;5000
nt3058;hk-3058;100;50;5000
nt3059;hk-3059;100;50;5000
nt3060;hk-3060;100;50;5000
nt3061;hk-3061;100;50;5000
nt3062;hk-3062;100;50;5000
nt3063;hk-3063;100;50;5000
nt3064;hk-3064;100;50;5000
nt3065;hk-3065;100;50;5000
nt3066;hk-3066;100;50;5000
nt3067;hk-3067;100;50;5000
nt3068;hk-3068;100;50;5000
nt3069;hk-3069;100;50;5000
nt3070;hk-3070;100;50;5000
nt3071;hk-3071;100;50;5000
nt3072;hk-3072;100;50;5000
nt3073;hk-3073;100;50;5000
nt3074;hk-3074;100;50;5000
nt3075;hk-3075;100;50;5000
nt3076;hk-3076;100;50;5000
nt3077;hk-3077;100;50;5000
nt3078;hk-3078;100;50;5000
nt3079;hk-3079;100;50;5000
nt3080;hk-3080;100;50;5000
nt3081;hk-3081;100;50;5000
nt3082;hk-3082;100;50;5000
nt3083;hk-3083;100;50;5000
nt3084;hk-3084;100;50;5000
nt3085;hk-3085;100;50;5000
nt3086;hk-3086;100;50;5000
nt3087;hk-3087;100;50;5000
nt3088;hk-3088;100;50;5000
nt3089;hk-3089;100;50;5000
nt3090;hk-3090;100;50;5000
nt3091;hk-3091;100;50;5000
nt3092;hk-3092;100;50;5000
nt3093;hk-3093;100;50;5000
nt3094;hk-3094;100;50;5000
nt3095;hk-3095;100;50;5000
nt3096;hk-3096;100;50;5000
nt3097;hk-3097;100;50;5000
nt3098;hk-3098;100;50;5000
nt3099;hk-3099;100;50;5000
nt3100;hk-3100;100;50;5000
nt3101;hk-3101;100;50;5000
nt3102;hk-3102;100;50;5000
nt3103;hk-3103;100;50;5000
nt3104;hk-3104;100;50;5000
nt3105;hk-3105;100;50;5000
nt3106;hk-3106;100;50;5000
nt3107;hk-3107;100;50;5000
nt3108;hk-3108;100;50;5000
nt3109;hk-3109;100;50;5000
nt3110;hk-3110;100;50;5000
nt3111;hk-3111;100;50;5000
nt3112;hk-3112;100;50;5000
nt3113;hk-3113;100;50;5000
nt3114;hk-3114;100;50;5000
nt3115;hk-3115;100;50;5000
nt3116;hk-3116;100;50;5000
nt3117;hk-3117;100;50;5000
nt3118;hk-3118;100;50;5000
nt3119;hk-3119;100;50;5000
nt3120;hk-3120;100;50;5000
nt3121;hk-3121;100;50;5000
nt3122;hk-3122;100;50;5000
nt3123;hk-3123;100;50;5000
nt3124;hk-3124;100;50;5000
nt3125;hk-3125;100;50;5000
nt3126;hk-3126;100;50;5000
nt3127;hk-3127;100;50;5000
nt3128;hk-3128;100;50;5000
nt3129;hk-3129;100;50;5000
nt3130;hk-3130;100;50;5000
nt3131;hk-3131;100;50;5000
nt3132;hk-3132;100;50;5000
nt3133;hk-3133;100;50;5000
nt3134;hk-3134;100;50;5000
nt3135;hk-3135;100;50;5000
nt3136;hk-3136;100;50;5000
nt3137;hk-3137;100;50;5000
nt3138;hk-3138;100;50;5000
nt3139;hk-3139;100;50;5000
nt3140;hk-3140;100;50;5000
nt3141;hk-3141;100;50;5000
nt3142;hk-3142;100;50;5000
nt3143;hk-3143;100;50;5000
nt3144;hk-3144;100;50;5000
nt3145;hk-3145;100;50;5000
nt3146;hk-3146;100;50;5000
nt3147;hk-3147;100;50;5000
nt3148;hk-3148;100;50;5000
nt3149;hk-3149;100;50;5000
nt3150;hk-3150;100;50;5000
nt3151;hk-3151;100;50;5000
nt3152;hk-3152;100;50;5000
nt3153;hk-3153;100;50;5000
nt3154;hk-3154;100;50;5000
nt3155;hk-3155;100;50;5000
nt3156;hk-3156;100;50;5000
nt3157;hk-3157;100;50;5000
nt3158;hk-3158;100;50;5000
nt3159;hk-3159;100;50;5000
nt3160;hk-3160;100;50;5000
nt3161;hk-3161;100;50;5000
nt3162;hk-3162;100;50;5000
nt3163;hk-3163;100;50;5000
nt3164;hk-3164;100;50;5000
nt3165;hk-3165;100;50;5000
nt3166;hk-3166;100;50;5000
nt3167;hk-3167;100;50;5000
nt3168;hk-3168;100;50;5000
nt3169;hk-3169;100;50;5000
nt3170;hk-3170;100;50;5000
nt3171;hk-3171;100;50;5000
nt3172;hk-3172;100;50;5000
nt3173;hk-3173;100;50;5000
nt3174;hk-3174;100;50;5000
nt3175;hk-3175;100;50;5000
nt3176;hk-3176;100;50;5000
nt3177;hk-3177;100;50;5000
nt3178;hk-3178;100;50;5000
nt3179;hk-3179;100;50;5000
nt3180;hk-3180;100;50;5000
nt3181;hk-3181;100;50;5000
nt3182;hk-3182;100;50;5000
nt3183;hk-3183;100;50;5000
nt3184;hk-3184;100;50;5000
nt3185;hk-3185;100;50;5000
nt3186;hk-3186;100;50;5000
nt3187;hk-3187;100;50;5000
nt3188;hk-3188;100;50;5000
nt3189;hk-3189;100;50;5000
nt3190;hk-3190;100;50;5000
nt3191;hk-3191;100;50;5000
nt3192;hk-3192;100;50;5000
nt3193;hk-3193;100;50;5000
nt3194;hk-3194;100;50;5000
nt3195;hk-3195;100;50;5000
nt3196;hk-3196;100;50;5000
nt3197;hk-3197;100;50;5000
nt3198;hk-3198;100;50;5000
nt3199;hk-3199;100;50;5000
nt3200;hk-3200;100;50;5000
nt3201;hk-3201;100;50;5000
nt3202;hk-3202;100;50;5000
nt3203;hk-3203;100;50;5000
nt3204;hk-3204;100;50;5000
nt3205;hk-3205;100;50;5000
nt3206;hk-3206;100;50;5000
nt3207;hk-3207;100;50;5000
nt3208;hk-3208;100;50;5000
nt3209;hk-3209;100;50;5000
nt3210;hk-3210;100;50;5000
nt3211;hk-3211;100;50;5000
nt3212;hk-3212;100;50;5000
nt3213;hk-3213;100;50;5000
nt3214;hk-3214;100;50;5000
nt3215;hk-3215;100;50;5000
nt3216;hk-3216;100;50;5000
nt3217;hk-3217;100;50;5000
nt3218;hk-3218;100;50;5000
nt3219;hk-3219;100;50;5000
nt3220;hk-3220;100;50;5000
nt3221;hk-3221;100;50;5000
nt3222;hk-3222;100;50;5000
nt3223;hk-3223;100;50;5000
nt3224;hk-3224;100;50;5000
nt3225;hk-3225;100;50;5000
nt3226;hk-3226;100;50;5000
nt3227;hk-3227;100;50;5000
nt3228;hk-3228;100;50;5000
nt3229;hk-3229;100;50;5000
nt3230;hk-3230;100;50;5000
nt3231;hk-3231;100;50;5000
nt3232;hk-3232;100;50;5000
nt3233;hk-3233;100;50;5000
nt3234;hk-3234;100;50;5000
nt3235;hk-3235;100;50;5000
nt3236;hk-3236;100;50;5000
nt3237;hk-3237;100;50;5000
nt3238;hk-3238;100;50;5000
nt3239;hk-3239;100;50;5000
nt3240;hk-3240;100;50;5000
nt3241;hk-3241;100;50;5000
nt3242;hk-3242;100;50;5000
nt3243;hk-3243;100;50;5000
nt3244;hk-3244;100;50;5000
nt3245;hk-3245;100;50;5000
nt3246;hk-3246;100;50;5000
nt3247;hk-3247;100;50;5000
nt3248;hk-3248;100;50;5000
nt3249;hk-3249;100;50;5000
nt3250;hk-3250;100;50;5000
nt3251;hk-3251;100;50;5000
nt3252;hk-3252;100;50;5000
nt3253;hk-3253;100;50;5000
nt3254;hk-3254;100;50;5000
nt3255;hk-3255;100;50;5000
nt3256;hk-3256;100;50;5000
nt3257;hk-3257;100;50;5000
nt3258;hk-3258;100;50;5000
nt3259;hk-3259;100;50;5000
nt3260;hk-3260;100;50;5000
nt3261;hk-3261;100;50;5000
nt3262;hk-3262;100;50;5000
nt3263;hk-3263;100;50;5000
nt3264;hk-3264;100;50;5000
nt3265;hk-3265;100;50;5000
nt3266;hk-3266;100;50;5000
nt3267;hk-3267;100;50;5000
nt3268;hk-3268;100;50;5000
nt3269;hk-3269;100;50;5000
nt3270;hk-3270;100;50;5000
nt3271;hk-3271;100;50;5000
nt3272;hk-3272;100;50;5000
nt3273;hk-3273;100;50;5000
nt3274;hk-3274;100;50;5000
nt3275;hk-3275;100;50;5000
nt3276;hk-3276;100;50;5000
nt3277;hk-3277;100;50;5000
nt3278;hk-3278;100;50;5000
nt3279;hk-3279;100;50;5000
nt3280;hk-3280;100;50;5000
nt3281;hk-3281;100;50;5000
nt3282;hk-3282;100;50;5000
nt3283;hk-3283;100;50;5000
nt3284;hk-3284;100;50;5000
nt3285;hk-3285;100;50;5000
nt3286;hk-3286;100;50;5000
nt3287;hk-3287;100;50;5000
nt3288;hk-3288;100;50;5000
nt3289;hk-3289;100;50;5000
nt3290;hk-3290;100;50;5000
nt3291;hk-3291;100;50;5000
nt3292;hk-3292;100;50;5000
nt3293;hk-3293;100;50;5000
nt3294;hk-3294;100;50;5000
nt3295;hk-3295;100;50;5000
nt3296;hk-3296;100;50;5000
nt3297;hk-3297;100;50;5000
nt3298;hk-3298;100;50;5000
nt3299;hk-3299;100;50;5000
nt3300;hk-3300;100;50;5000
nt3301;hk-3301;100;50;5000
nt3302;hk-3302;100;50;5000
nt3303;hk-3303;100;50;5000
nt3304;hk-3304;100;50;5000
nt3305;hk-3305;100;50;5000
nt3306;hk-3306;100;50;5000
nt3307;hk-3307;100;50;5000
nt3308;hk-3308;100;50;5000
nt3309;hk-3309;100;50;5000
nt3310;hk-3310;100;50;5000
nt3311;hk-3311;100;50;5000
nt3312;hk-3312;100;50;5000
nt3313;hk-3313;100;50;5000
nt3314;hk-3314;100;50;5000
nt3315;hk-3315;100;50;5000
nt3316;hk-3316;100;50;5000
nt3317;hk-3317;100;50;5000
nt3318;hk-3318;100;50;5000
nt3319;hk-3319;100;50;5000
nt3320;hk-3320;100;50;5000
nt3321;hk-3321;100;50;5000
nt3322;hk-3322;100;50;5000
nt3323;hk-3323;100;50;5000
nt3324;hk-3324;100;50;5000
nt3325;hk-3325;100;50;5000
nt3326;hk-3326;100;50;5000
nt3327;hk-3327;100;50;5000
nt3328;hk-3328;100;50;5000
nt3329;hk-3329;100;50;5000
nt3330;hk-3330;100;50;5000
nt3331;hk-3331;100;50;5000
nt3332;hk-3332;100;50;5000
nt3333;hk-3333;100;50;5000
nt3334;hk-3334;100;50;5000
nt3335;hk-3335;100;50;5000
nt3336;hk-3336;100;50;5000
nt3337;hk-3337;100;50;5000
nt3338;hk-3338;100;50;5000
nt3339;hk-3339;100;50;5000
nt3340;hk-3340;100;50;5000
nt3341;hk-3341;100;50;5000
nt3342;hk-3342;100;50;5000
nt3343;hk-3343;100;50;5000
nt3344;hk-3344;100;50;5000
nt3345;hk-3345;100;50;5000
nt3346;hk-3346;100;50;5000
nt3347;hk-3347;100;50;5000
nt3348;hk-3348;100;50;5000
nt3349;hk-3349;100;50;5000
nt3350;hk-3350;100;50;5000
nt3351;hk-3351;100;50;5000
nt3352;hk-3352;100;50;5000
nt3353;hk-3353;100;50;5000
nt3354;hk-3354;100;50;5000
nt3355;hk-3355;100;50;5000
nt3356;hk-3356;100;50;5000
nt3357;hk-3357;100;50;5000
nt3358;hk-3358;100;50;5000
nt3359;hk-3359;100;50;5000
nt3360;hk-3360;100;50;5000
nt3361;hk-3361;100;50;5000
nt3362;hk-3362;100;50;5000
nt3363;hk-3363;100;50;5000
nt3364;hk-3364;100;50;5000
nt3365;hk-3365;100;50;5000
nt3366;hk-3366;100;50;5000
nt3367;hk-3367;100;50;5000
nt3368;hk-3368;100;50;5000
nt3369;hk-3369;100;50;5000
nt3370;hk-3370;100;50;5000
nt3371;hk-3371;100;50;5000
nt3372;hk-3372;100;50;5000
nt3373;hk-3373;100;50;5000
nt3374;hk-3374;100;50;5000
nt3375;hk-3375;100;50;5000
nt3376;hk-3376;100;50;5000
nt3377;hk-3377;100;50;5000
nt3378;hk-3378;100;50;5000
nt3379;hk-3379;100;50;5000
nt3380;hk-3380;100;50;5000
nt3381;hk-3381;100;50;5000
nt3382;hk-3382;100;50;5000
nt3383;hk-3383;100;50;5000
nt3384;hk-3384;100;50;5000
nt3385;hk-3385;100;50;5000
nt3386;hk-3386;100;50;5000
nt3387;hk-3387;100;50;5000
nt3388;hk-3388;100;50;5000
nt3389;hk-3389;100;50;5000
nt3390;hk-3390;100;50;5000
nt3391;hk-3391;100;50;5000
nt3392;hk-3392;100;50;5000
nt3393;hk-3393;100;50;5000
nt3394;hk-3394;100;50;5000
nt3395;hk-3395;100;50;5000
nt3396;hk-3396;100;50;5000
nt3397;hk-3397;100;50;5000
nt3398;hk-3398;100;50;5000
nt3399;hk-3399;100;50;5000
nt3400;hk-3400;100;50;5000
nt3401;hk-3401;100;50;5000
nt3402;hk-3402;100;50;5000
nt3403;hk-3403;100;50;5000
nt3404;hk-3404;100;50;5000
nt3405;hk-3405;100;50;5000
nt3406;hk-3406;100;50;5000
nt3407;hk-3407;100;50;5000
nt3408;hk-3408;100;50;5000
nt3409;hk-3409;100;50;5000
nt3410;hk-3410;100;50;5000
nt3411;hk-3411;100;50;5000
nt3412;hk-3412;100;50;5000
nt3413;hk-3413;100;50;5000
nt3414;hk-3414;100;50;5000
nt3415;hk-3415;100;50;5000
nt3416;hk-3416;100;50;5000
nt3417;hk-3417;100;50;5000
nt3418;hk-3418;100;50;5000
nt3419;hk-3419;100;50;5000
nt3420;hk-3420;100;50;5000
nt3421;hk-3421;100;50;5000
nt3422;hk-3422;100;50;5000
nt3423;hk-3423;100;50;5000
nt3424;hk-3424;100;50;5000
nt3425;hk-3425;100;50;5000
nt3426;hk-3426;100;50;5000
nt3427;hk-3427;100;50;5000
nt3428;hk-3428;100;50;5000
nt3429;hk-3429;100;50;5000
nt3430;hk-3430;100;50;5000
nt3431;hk-3431;100;50;5000
nt3432;hk-3432;100;50;5000
nt3433;hk-3433;100;50;5000
nt3434;hk-3434;100;50;5000
nt3435;hk-3435;100;50;5000
nt3436;hk-3436;100;50;5000
nt3437;hk-3437;100;50;5000
nt3438;hk-3438;100;50;5000
nt3439;hk-3439;100;50;5000
nt3440;hk-3440;100;50;5000
nt3441;hk-3441;100;50;5000
nt3442;hk-3442;100;50;5000
nt3443;hk-3443;100;50;5000
nt3444;hk-3444;100;50;5000
nt3445;hk-3445;100;50;5000
nt3446;hk-3446;100;50;5000
nt3447;hk-3447;100;50;5000
nt3448;hk-3448;100;50;5000
nt3449;hk-3449;100;50;5000
nt3450;hk-3450;100;50;5000
nt3451;hk-3451;100;50;5000
nt3452;hk-3452;100;50;5000
nt3453;hk-3453;100;50;5000
nt3454;hk-3454;100;50;5000
nt3455;hk-3455;100;50;5000
nt3456;hk-3456;100;50;5000
nt3457;hk-3457;100;50;5000
nt3458;hk-3458;100;50;5000
nt3459;hk-3459;100;50;5000
nt3460;hk-3460;100;50;5000
nt3461;hk-3461;100;50;5000
nt3462;hk-3462;100;50;5000
nt3463;hk-3463;100;50;5000
nt3464;hk-3464;100;50;5000
nt3465;hk-3465;100;50;5000
nt3466;hk-3466;100;50;5000
nt3467;hk-3467;100;50;5000
nt3468;hk-3468;100;50;5000
nt3469;hk-3469;100;50;5000
nt3470;hk-3470;100;50;5000
nt3471;hk-3471;100;50;5000
nt3472;hk-3472;100;50;5000
nt3473;hk-3473;100;50;5000
nt3474;hk-3474;100;50;5000
nt3475;hk-3475;100;50;5000
nt3476;hk-3476;100;50;5000
nt3477;hk-3477;100;50;5000
nt3478;hk-3478;100;50;5000
nt3479;hk-3479;100;50;5000
nt3480;hk-3480;100;50;5000
nt3481;hk-3481;100;50;5000
nt3482;hk-3482;100;50;5000
nt3483;hk-3483;100;50;5000
nt3484;hk-3484;100;50;5000
nt3485;hk-3485;100;50;5000
nt3486;hk-3486;100;50;5000
nt3487;hk-3487;100;50;5000
nt3488;hk-3488;100;50;5000
nt3489;hk-3489;100;50;5000
nt3490;hk-3490;100;50;5000
nt3491;hk-3491;100;50;5000
nt3492;hk-3492;100;50;5000
nt3493;hk-3493;100;50;5000
nt3494;hk-3494;100;50;5000
nt3495;hk-3495;100;50;5000
nt3496;hk-3496;100;50;5000
nt3497;hk-3497;100;50;5000
nt3498;hk-3498;100;50;5000
nt3499;hk-3499;100;50;5000
nt3500;hk-3500;100;50;5000
nt3501;hk-3501;100;50;5000
nt3502;hk-3502;100;50;5000
nt3503;hk-3503;100;50;5000
nt3504;hk-3504;100;50;5000
nt3505;hk-3505;100;50;5000
nt3506;hk-3506;100;50;5000
nt3507;hk-3507;100;50;5000
nt3508;hk-3508;100;50;5000
nt3509;hk-3509;100;50;5000
nt3510;hk-3510;100;50;5000
nt3511;hk-3511;100;50;5000
nt3512;hk-3512;100;50;5000
nt3513;hk-3513;100;50;5000
nt3514;hk-3514;100;50;5000
nt3515;hk-3515;100;50;5000
nt3516;hk-3516;100;50;5000
nt3517;hk-3517;100;50;5000
nt3518;hk-3518;100;50;5000
nt3519;hk-3519;100;50;5000
nt3520;hk-3520;100;50;5000
nt3521;hk-3521;100;50;5000
nt3522;hk-3522;100;50;5000
nt3523;hk-3523;100;50;5000
nt3524;hk-3524;100;50;5000
nt3525;hk-3525;100;50;5000
nt3526;hk-3526;100;50;5000
nt3527;hk-3527;100;50;5000
nt3528;hk-3528;100;50;5000
nt3529;hk-3529;100;50;5000
nt3530;hk-3530;100;50;5000
nt3531;hk-3531;100;50;5000
nt3532;hk-3532;100;50;5000
nt3533;hk-3533;100;50;5000
nt3534;hk-3534;100;50;5000
nt3535;hk-3535;100;50;5000
nt3536;hk-3536;100;50;5000
nt3537;hk-3537;100;50;5000
nt3538;hk-3538;100;50;5000
nt3539;hk-3539;100;50;5000
nt3540;hk-3540;100;50;5000
nt3541;hk-3541;100;50;5000
nt3542;hk-3542;100;50;5000
nt3543;hk-3543;100;50;5000
nt3544;hk-3544;100;50;5000
nt3545;hk-3545;100;50;5000
nt3546;hk-3546;100;50;5000
nt3547;hk-3547;100;50;5000
nt3548;hk-3548;100;50;5000
nt3549;hk-3549;100;50;5000
nt3550;hk-3550;100;50;5000
nt3551;hk-3551;100;50;5000
nt3552;hk-3552;100;50;5000
nt3553;hk-3553;100;50;5000
nt3554;hk-3554;100;50;5000
nt3555;hk-3555;100;50;5000
nt3556;hk-3556;100;50;5000
nt3557;hk-3557;100;50;5000
nt3558;hk-3558;100;50;5000
nt3559;hk-3559;100;50;5000
nt3560;hk-3560;100;50;5000
nt3561;hk-3561;100;50;5000
nt3562;hk-3562;100;50;5000
nt3563;hk-3563;100;50;5000
nt3564;hk-3564;100;50;5000
nt3565;hk-3565;100;50;5000
nt3566;hk-3566;100;50;5000
nt3567;hk-3567;100;50;5000
nt3568;hk-3568;100;50;5000
nt3569;hk-3569;100;50;5000
nt3570;hk-3570;100;50;5000
nt3571;hk-3571;100;50;5000
nt3572;hk-3572;100;50;5000
nt3573;hk-3573;100;50;5000
nt3574;hk-3574;100;50;5000
nt3575;hk-3575;100;50;5000
nt3576;hk-3576;100;50;5000
nt3577;hk-3577;100;50;5000
nt3578;hk-3578;100;50;5000
nt3579;hk-3579;100;50;5000
nt3580;hk-3580;100;50;5000
nt3581;hk-3581;100;50;5000
nt3582;hk-3582;100;50;5000
nt3583;hk-3583;100;50;5000
nt3584;hk-3584;100;50;5000
nt3585;hk-3585;100;50;5000
nt3586;hk-3586;100;50;5000
nt3587;hk-3587;100;50;5000
nt3588;hk-3588;100;50;5000
nt3589;hk-3589;100;50;5000
nt3590;hk-3590;100;50;5000
nt3591;hk-3591;100;50;5000
nt3592;hk-3592;100;50;5000
nt3593;hk-3593;100;50;5000
nt3594;hk-3594;100;50;5000
nt3595;hk-3595;100;50;5000
nt3596;hk-3596;100;50;5000
nt3597;hk-3597;100;50;5000
nt3598;hk-3598;100;50;5000
nt3599;hk-3599;100;50;5000
nt3600;hk-3600;100;50;5000
nt3601;hk-3601;100;50;5000
nt3602;hk-3602;100;50;5000
nt3603;hk-3603;100;50;5000
nt3604;hk-3604;100;50;5000
nt3605;hk-3605;100;50;5000
nt3606;hk-3606;100;50;5000
nt3607;hk-3607;100;50;5000
nt3608;hk-3608;100;50;5000
nt3609;hk-3609;100;50;5000
nt3610;hk-3610;100;50;5000
nt3611;hk-3611;100;50;5000
nt3612;hk-3612;100;50;5000
nt3613;hk-3613;100;50;5000
nt3614;hk-3614;100;50;5000
nt3615;hk-3615;100;50;5000
nt3616;hk-3616;100;50;5000
nt3617;hk-3617;100;50;5000
nt3618;hk-3618;100;50;5000
nt3619;hk-3619;100;50;5000
nt3620;hk-3620;100;50;5000
nt3621;hk-3621;100;50;5000
nt3622;hk-3622;100;50;5000
nt3623;hk-3623;100;50;5000
nt3624;hk-3624;100;50;5000
nt3625;hk-3625;100;50;5000
nt3626;hk-3626;100;50;5000
nt3627;hk-3627;100;50;5000
nt3628;hk-3628;100;50;5000
nt3629;hk-3629;100;50;5000
nt3630;hk-3630;100;50;5000
nt3631;hk-3631;100;50;5000
nt3632;hk-3632;100;50;5000
nt3633;hk-3633;100;50;5000
nt3634;hk-3634;100;50;5000
nt3635;hk-3635;100;50;5000
nt3636;hk-3636;100;50;5000
nt3637;hk-3637;100;50;5000
nt3638;hk-3638;100;50;5000
nt3639;hk-3639;100;50;5000
nt3640;hk-3640;100;50;5000
nt3641;hk-3641;100;50;5000
nt3642;hk-3642;100;50;5000
nt3643;hk-3643;100;50;5000
nt3644;hk-3644;100;50;5000
nt3645;hk-3645;100;50;5000
nt3646;hk-3646;100;50;5000
nt3647;hk-3647;100;50;5000
nt3648;hk-3648;100;50;5000
nt3649;hk-3649;100;50;5000
nt3650;hk-3650;100;50;5000
nt3651;hk-3651;100;50;5000
nt3652;hk-3652;100;50;5000
nt3653;hk-3653;100;50;5000
nt3654;hk-3654;100;50;5000
nt3655;hk-3655;100;50;5000
nt3656;hk-3656;100;50;5000
nt3657;hk-3657;100;50;5000
nt3658;hk-3658;100;50;5000
nt3659;hk-3659;100;50;5000
nt3660;hk-3660;100;50;5000
nt3661;hk-3661;100;50;5000
nt3662;hk-3662;100;50;5000
nt3663;hk-3663;100;50;5000
nt3664;hk-3664;100;50;5000
nt3665;hk-3665;100;50;5000
nt3666;hk-3666;100;50;5000
nt3667;hk-3667;100;50;5000
nt3668;hk-3668;100;50;5000
nt3669;hk-3669;100;50;5000
nt3670;hk-3670;100;50;5000
nt3671;hk-3671;100;50;5000
nt3672;hk-3672;100;50;5000
nt3673;hk-3673;100;50;5000
nt3674;hk-3674;100;50;5000
nt3675;hk-3675;100;50;5000
nt3676;hk-3676;100;50;5000
nt3677;hk-3677;100;50;5000
nt3678;hk-3678;100;50;5000
nt3679;hk-3679;100;50;5000
nt3680;hk-3680;100;50;5000
nt3681;hk-3681;100;50;5000
nt3682;hk-3682;100;50;5000
nt3683;hk-3683;100;50;5000
nt3684;hk-3684;100;50;5000
nt3685;hk-3685;100;50;5000
nt3686;hk-3686;100;50;5000
nt3687;hk-3687;100;50;5000
nt3688;hk-3688;100;50;5000
nt3689;hk-3689;100;50;5000
nt3690;hk-3690;100;50;5000
nt3691;hk-3691;100;50;5000
nt3692;hk-3692;100;50;5000
nt3693;hk-3693;100;50;5000
nt3694;hk-3694;100;50;5000
nt3695;hk-3695;100;50;5000
nt3696;hk-3696;100;50;5000
nt3697;hk-3697;100;50;5000
nt3698;hk-3698;100;50;5000
nt3699;hk-3699;100;50;5000
nt3700;hk-3700;100;50;5000
nt3701;hk-3701;100;50;5000
nt3702;hk-3702;100;50;5000
nt3703;hk-3703;100;50;5000
nt3704;hk-3704;100;50;5000
nt3705;hk-3705;100;50;5000
nt3706;hk-3706;100;50;5000
nt3707;hk-3707;100;50;5000
nt3708;hk-3708;100;50;5000
nt3709;hk-3709;100;50;5000
nt3710;hk-3710;100;50;5000
nt3711;hk-3711;100;50;5000
nt3712;hk-3712;100;50;5000
nt3713;hk-3713;100;50;5000
nt3714;hk-3714;100;50;5000
nt3715;hk-3715;100;50;5000
nt3716;hk-3716;100;50;5000
nt3717;hk-3717;100;50;5000
nt3718;hk-3718;100;50;5000
nt3719;hk-3719;100;50;5000
nt3720;hk-3720;100;50;5000
nt3721;hk-3721;100;50;5000
nt3722;hk-3722;100;50;5000
nt3723;hk-3723;100;50;5000
nt3724;hk-3724;100;50;5000
nt3725;hk-3725;100;50;5000
nt3726;hk-3726;100;50;5000
nt3727;hk-3727;100;50;5000
nt3728;hk-3728;100;50;5000
nt3729;hk-3729;100;50;5000
nt3730;hk-3730;100;50;5000
nt3731;hk-3731;100;50;5000
nt3732;hk-3732;100;50;5000
nt3733;hk-3733;100;50;5000
nt3734;hk-3734;100;50;5000
nt3735;hk-3735;100;50;5000
nt3736;hk-3736;100;50;5000
nt3737;hk-3737;100;50;5000
nt3738;hk-3738;100;50;5000
nt3739;hk-3739;100;50;5000
nt3740;hk-3740;100;50;5000
nt3741;hk-3741;100;50;5000
nt3742;hk-3742;100;50;5000
nt3743;hk-3743;100;50;5000
nt3744;hk-3744;100;50;5000
nt3745;hk-3745;100;50;5000
nt3746;hk-3746;100;50;5000
nt3747;hk-3747;100;50;5000
nt3748;hk-3748;100;50;5000
nt3749;hk-3749;100;50;5000
nt3750;hk-3750;100;50;5000
nt3751;hk-3751;100;50;5000
nt3752;hk-3752;100;50;5000
nt3753;hk-3753;100;50;5000
nt3754;hk-3754;100;50;5000
nt3755;hk-3755;100;50;5000
nt3756;hk-3756;100;50;5000
nt3757;hk-3757;100;50;5000
nt3758;hk-3758;100;50;5000
nt3759;hk-3759;100;50;5000
nt3760;hk-3760;100;50;5000
nt3761;hk-3761;100;50;5000
nt3762;hk-3762;100;50;5000
nt3763;hk-3763;100;50;5000
nt3764;hk-3764;100;50;5000
nt3765;hk-3765;100;50;5000
nt3766;hk-3766;100;50;5000
nt3767;hk-3767;100;50;5000
nt3768;hk-3768;100;50;5000
nt3769;hk-3769;100;50;5000
nt3770;hk-3770;100;50;5000
nt3771;hk-3771;100;50;5000
nt3772;hk-3772;100;50;5000
nt3773;hk-3773;100;50;5000
nt3774;hk-3774;100;50;5000
nt3775;hk-3775;100;50;5000
nt3776;hk-3776;100;50;5000
nt3777;hk-3777;100;50;5000
nt3778;hk-3778;100;50;5000
nt3779;hk-3779;100;50;5000
nt3780;hk-3780;100;50;5000
nt3781;hk-3781;100;50;5000
nt3782;hk-3782;100;50;5000
nt3783;hk-3783;100;50;5000
nt3784;hk-3784;100;50;5000
nt3785;hk-3785;100;50;5000
nt3786;hk-3786;100;50;5000
nt3787;hk-3787;100;50;5000
nt3788;hk-3788;100;50;5000
nt3789;hk-3789;100;50;5000
nt3790;hk-3790;100;50;5000
nt3791;hk-3791;100;50;5000
nt3792;hk-3792;100;50;5000
nt3793;hk-3793;100;50;5000
nt3794;hk-3794;100;50;5000
nt3795;hk-3795;100;50;5000
nt3796;hk-3796;100;50;5000
nt3797;hk-3797;100;50;5000
nt3798;hk-3798;100;50;5000
nt3799;hk-3799;100;50;5000
nt3800;hk-3800;100;50;5000
nt3801;hk-3801;100;50;5000
nt3802;hk-3802;100;50;5000
nt3803;hk-3803;100;50;5000
nt3804;hk-3804;100;50;5000
nt3805;hk-3805;100;50;5000
nt3806;hk-3806;100;50;5000
nt3807;hk-3807;100;50;5000
nt3808;hk-3808;100;50;5000
nt3809;hk-3809;100;50;5000
nt3810;hk-3810;100;50;5000
nt3811;hk-3811;100;50;5000
nt3812;hk-3812;100;50;5000
nt3813;hk-3813;100;50;5000
nt3814;hk-3814;100;50;5000
nt3815;hk-3815;100;50;5000
nt3816;hk-3816;100;50;5000
nt3817;hk-3817;100;50;5000
nt3818;hk-3818;100;50;5000
nt3819;hk-3819;100;50;5000
nt3820;hk-3820;100;50;5000
nt3821;hk-3821;100;50;5000
nt3822;hk-3822;100;50;5000
nt3823;hk-3823;100;50;5000
nt3824;hk-3824;100;50;5000
nt3825;hk-3825;100;50;5000
nt3826;hk-3826;100;50;5000
nt3827;hk-3827;100;50;5000
nt3828;hk-3828;100;50;5000
nt3829;hk-3829;100;50;5000
nt3830;hk-3830;100;50;5000
nt3831;hk-3831;100;50;5000
nt3832;hk-3832;100;50;5000
nt3833;hk-3833;100;50;5000
nt3834;hk-3834;100;50;5000
nt3835;hk-3835;100;50;5000
nt3836;hk-3836;100;50;5000
nt3837;hk-3837;100;50;5000
nt3838;hk-3838;100;50;5000
nt3839;hk-3839;100;50;5000
nt3840;hk-3840;100;50;5000
nt3841;hk-3841;100;50;5000
nt3842;hk-3842;100;50;5000
nt3843;hk-3843;100;50;5000
nt3844;hk-3844;100;50;5000
nt3845;hk-3845;100;50;5000
nt3846;hk-3846;100;50;5000
nt3847;hk-3847;100;50;5000
nt3848;hk-3848;100;50;5000
nt3849;hk-3849;100;50;5000
nt3850;hk-3850;100;50;5000
nt3851;hk-3851;100;50;5000
nt3852;hk-3852;100;50;5000
nt3853;hk-3853;100;50;5000
nt3854;hk-3854;100;50;5000
nt3855;hk-3855;100;50;5000
nt3856;hk-3856;100;50;5000
nt3857;hk-3857;100;50;5000
nt3858;hk-3858;100;50;5000
nt3859;hk-3859;100;50;5000
nt3860;hk-3860;100;50;5000
nt3861;hk-3861;100;50;5000
nt3862;hk-3862;100;50;5000
nt3863;hk-3863;100;50;5000
nt3864;hk-3864;100;50;5000
nt3865;hk-3865;100;50;5000
nt3866;hk-3866;100;50;5000
nt3867;hk-3867;100;50;5000
nt3868;hk-3868;100;50;5000
nt3869;hk-3869;100;50;5000
nt3870;hk-3870;100;50;5000
nt3871;hk-3871;100;50;5000
nt3872;hk-3872;100;50;5000
nt3873;hk-3873;100;50;5000
nt3874;hk-3874;100;50;5000
nt3875;hk-3875;100;50;5000
nt3876;hk-3876;100;50;5000
nt3877;hk-3877;100;50;5000
nt3878;hk-3878;100;50;5000
nt3879;hk-3879;100;50;5000
nt3880;hk-3880;100;50;5000
nt3881;hk-3881;100;50;5000
nt3882;hk-3882;100;50;5000
nt3883;hk-3883;100;50;5000
nt3884;hk-3884;100;50;5000
nt3885;hk-3885;100;50;5000
nt3886;hk-3886;100;50;5000
nt3887;hk-3887;100;50;5000
nt3888;hk-3888;100;50;5000
nt3889;hk-3889;100;50;5000
nt3890;hk-3890;100;50;5000
nt3891;hk-3891;100;50;5000
nt3892;hk-3892;100;50;5000
nt3893;hk-3893;100;50;5000
nt3894;hk-3894;100;50;5000
nt3895;hk-3895;100;50;5000
nt3896;hk-3896;100;50;5000
nt3897;hk-3897;100;50;5000
nt3898;hk-3898;100;50;5000
nt3899;hk-3899;100;50;5000
nt3900;hk-3900;100;50;5000
nt3901;hk-3901;100;50;5000
nt3902;hk-3902;100;50;5000
nt3903;hk-3903;100;50;5000
nt3904;hk-3904;100;50;5000
nt3905;hk-3905;100;50;5000
nt3906;hk-3906;100;50;5000
nt3907;hk-3907;100;50;5000
nt3908;hk-3908;100;50;5000
nt3909;hk-3909;100;50;5000
nt3910;hk-3910;100;50;5000
nt3911;hk-3911;100;50;5000
nt3912;hk-3912;100;50;5000
nt3913;hk-3913;100;50;5000
nt3914;hk-3914;100;50;5000
nt3915;hk-3915;100;50;5000
nt3916;hk-3916;100;50;5000
nt3917;hk-3917;100;50;5000
nt3918;hk-3918;100;50;5000
nt3919;hk-3919;100;50;5000
nt3920;hk-3920;100;50;5000
nt3921;hk-3921;100;50;5000
nt3922;hk-3922;100;50;5000
nt3923;hk-3923;100;50;5000
nt3924;hk-3924;100;50;5000
nt3925;hk-3925;100;50;5000
nt3926;hk-3926;100;50;5000
nt3927;hk-3927;100;50;5000
nt3928;hk-3928;100;50;5000
nt3929;hk-3929;100;50;5000
nt3930;hk-3930;100;50;5000
nt3931;hk-3931;100;50;5000
nt3932;hk-3932;100;50;5000
nt3933;hk-3933;100;50;5000
nt3934;hk-3934;100;50;5000
nt3935;hk-3935;100;50;5000
nt3936;hk-3936;100;50;5000
nt3937;hk-3937;100;50;5000
nt3938;hk-3938;100;50;5000
nt3939;hk-3939;100;50;5000
nt3940;hk-3940;100;50;5000
nt3941;hk-3941;100;50;5000
nt3942;hk-3942;100;50;5000
nt3943;hk-3943;100;50;5000
nt3944;hk-3944;100;50;5000
nt3945;hk-3945;100;50;5000
nt3946;hk-3946;100;50;5000
nt3947;hk-3947;100;50;5000
nt3948;hk-3948;100;50;5000
nt3949;hk-3949;100;50;5000
nt3950;hk-3950;100;50;5000
nt3951;hk-3951;100;50;5000
nt3952;hk-3952;100;50;5000
nt3953;hk-3953;100;50;5000
nt3954;hk-3954;100;50;5000
nt3955;hk-3955;100;50;5000
nt3956;hk-3956;100;50;5000
nt3957;hk-3957;100;50;5000
nt3958;hk-3958;100;50;5000
nt3959;hk-3959;100;50;5000
nt3960;hk-3960;100;50;5000
nt3961;hk-3961;100;50;5000
nt3962;hk-3962;100;50;5000
nt3963;hk-3963;100;50;5000
nt3964;hk-3964;100;50;5000
nt3965;hk-3965;100;50;5000
nt3966;hk-3966;100;50;5000
nt3967;hk-3967;100;50;5000
nt3968;hk-3968;100;50;5000
nt3969;hk-3969;100;50;5000
nt3970;hk-3970;100;50;5000
nt3971;hk-3971;100;50;5000
nt3972;hk-3972;100;50;5000
nt3973;hk-3973;100;50;5000
nt3974;hk-3974;100;50;5000
nt3975;hk-3975;100;50;5000
nt3976;hk-3976;100;50;5000
nt3977;hk-3977;100;50;5000
nt3978;hk-3978;100;50;5000
nt3979;hk-3979;100;50;5000
nt3980;hk-3980;100;50;5000
nt3981;hk-3981;100;50;5000
nt3982;hk-3982;100;50;5000
nt3983;hk-3983;100;50;5000
nt3984;hk-3984;100;50;5000
nt3985;hk-3985;100;50;5000
nt3986;hk-3986;100;50;5000
nt3987;hk-3987;100;50;5000
nt3988;hk-3988;100;50;5000
nt3989;hk-3989;100;50;5000
nt3990;hk-3990;100;50;5000
nt3991;hk-3991;100;50;5000
nt3992;hk-3992;100;50;5000
nt3993;hk-3993;100;50;5000
nt3994;hk-3994;100;50;5000
nt3995;hk-3995;100;50;5000
nt3996;hk-3996;100;50;5000
nt3997;hk-3997;100;50;5000
nt3998;hk-3998;100;50;5000
nt3999;hk-3999;100;50;5000
nt4000;hk-4000;100;50;5000
nt4001;hk-4001;100;50;5000
nt4002;hk-4002;100;50;5000
nt4003;hk-4003;100;50;5000
nt4004;hk-4004;100;50;5000
nt4005;hk-4005;100;50;5000
nt4006;hk-4006;100;50;5000
nt4007;hk-4007;100;50;5000
nt4008;hk-4008;100;50;5000
nt4009;hk-4009;100;50;5000
nt4010;hk-4010;100;50;5000
nt4011;hk-4011;100;50;5000
nt4012;hk-4012;100;50;5000
nt4013;hk-4013;100;50;5000
nt4014;hk-4014;100;50;5000
nt4015;hk-4015;100;50;5000
nt4016;hk-4016;100;50;5000
nt4017;hk-4017;100;50;5000
nt4018;hk-4018;100;50;5000
nt4019;hk-4019;100;50;5000
nt4020;hk-4020;100;50;5000
nt4021;hk-4021;100;50;5000
nt4022;hk-4022;100;50;5000
nt4023;hk-4023;100;50;5000
nt4024;hk-4024;100;50;5000
nt4025;hk-4025;100;50;5000
nt4026;hk-4026;100;50;5000
nt4027;hk-4027;100;50;5000
nt4028;hk-4028;100;50;5000
nt4029;hk-4029;100;50;5000
nt4030;hk-4030;100;50;5000
nt4031;hk-4031;100;50;5000
nt4032;hk-4032;100;50;5000
nt4033;hk-4033;100;50;5000
nt4034;hk-4034;100;50;5000
nt4035;hk-4035;100;50;5000
nt4036;hk-4036;100;50;5000
nt4037;hk-4037;100;50;5000
nt4038;hk-4038;100;50;5000
nt4039;hk-4039;100;50;5000
nt4040;hk-4040;100;50;5000
nt4041;hk-4041;100;50;5000
nt4042;hk-4042;100;50;5000
nt4043;hk-4043;100;50;5000
nt4044;hk-4044;100;50;5000
nt4045;hk-4045;100;50;5000
nt4046;hk-4046;100;50;5000
nt4047;hk-4047;100;50;5000
nt4048;hk-4048;100;50;5000
nt4049;hk-4049;100;50;5000
nt4050;hk-4050;100;50;5000
nt4051;hk-4051;100;50;5000
nt4052;hk-4052;100;50;5000
nt4053;hk-4053;100;50;5000
nt4054;hk-4054;100;50;5000
nt4055;hk-4055;100;50;5000
nt4056;hk-4056;100;50;5000
nt4057;hk-4057;100;50;5000
nt4058;hk-4058;100;50;5000
nt4059;hk-4059;100;50;5000
nt4060;hk-4060;100;50;5000
nt4061;hk-4061;100;50;5000
nt4062;hk-4062;100;50;5000
nt4063;hk-4063;100;50;5000
nt4064;hk-4064;100;50;5000
nt4065;hk-4065;100;50;5000
nt4066;hk-4066;100;50;5000
nt4067;hk-4067;100;50;5000
nt4068;hk-4068;100;50;5000
nt4069;hk-4069;100;50;5000
nt4070;hk-4070;100;50;5000
nt4071;hk-4071;100;50;5000
nt4072;hk-4072;100;50;5000
nt4073;hk-4073;100;50;5000
nt4074;hk-4074;100;50;5000
nt4075;hk-4075;100;50;5000
nt4076;hk-4076;100;50;5000
nt4077;hk-4077;100;50;5000
nt4078;hk-4078;100;50;5000
nt4079;hk-4079;100;50;5000
nt4080;hk-4080;100;50;5000
nt4081;hk-4081;100;50;5000
nt4082;hk-4082;100;50;5000
nt4083;hk-4083;100;50;5000
nt4084;hk-4084;100;50;5000
nt4085;hk-4085;100;50;5000
nt4086;hk-4086;100;50;5000
nt4087;hk-4087;100;50;5000
nt4088;hk-4088;100;50;5000
nt4089;hk-4089;100;50;5000
nt4090;hk-4090;100;50;5000
nt4091;hk-4091;100;50;5000
nt4092;hk-4092;100;50;5000
nt4093;hk-4093;100;50;5000
nt4094;hk-4094;100;50;5000
nt4095;hk-4095;100;50;5000
nt4096;hk-4096;100;50;5000
nt4097;hk-4097;100;50;5000
nt4098;hk-4098;100;50;5000
nt4099;hk-4099;100;50;5000
nt4100;hk-4100;100;50;5000
nt4101;hk-4101;100;50;5000
nt4102;hk-4102;100;50;5000
nt4103;hk-4103;100;50;5000
nt4104;hk-4104;100;50;5000
nt4105;hk-4105;100;50;5000
nt4106;hk-4106;100;50;5000
nt4107;hk-4107;100;50;5000
nt4108;hk-4108;100;50;5000
nt4109;hk-4109;100;50;5000
nt4110;hk-4110;100;50;5000
nt4111;hk-4111;100;50;5000
nt4112;hk-4112;100;50;5000
nt4113;hk-4113;100;50;5000
nt4114;hk-4114;100;50;5000
nt4115;hk-4115;100;50;5000
nt4116;hk-4116;100;50;5000
nt4117;hk-4117;100;50;5000
nt4118;hk-4118;100;50;5000
nt4119;hk-4119;100;50;5000
nt4120;hk-4120;100;50;5000
nt4121;hk-4121;100;50;5000
nt4122;hk-4122;100;50;5000
nt4123;hk-4123;100;50;5000
nt4124;hk-4124;100;50;5000
nt4125;hk-4125;100;50;5000
nt4126;hk-4126;100;50;5000
nt4127;hk-4127;100;50;5000
nt4128;hk-4128;100;50;5000
nt4129;hk-4129;100;50;5000
nt4130;hk-4130;100;50;5000
nt4131;hk-4131;100;50;5000
nt4132;hk-4132;100;50;5000
nt4133;hk-4133;100;50;5000
nt4134;hk-4134;100;50;5000
nt4135;hk-4135;100;50;5000
nt4136;hk-4136;100;50;5000
nt4137;hk-4137;100;50;5000
nt4138;hk-4138;100;50;5000
nt4139;hk-4139;100;50;5000
nt4140;hk-4140;100;50;5000
nt4141;hk-4141;100;50;5000
nt4142;hk-4142;100;50;5000
nt4143;hk-4143;100;50;5000
nt4144;hk-4144;100;50;5000
nt4145;hk-4145;100;50;5000
nt4146;hk-4146;100;50;5000
nt4147;hk-4147;100;50;5000
nt4148;hk-4148;100;50;5000
nt4149;hk-4149;100;50;5000
nt4150;hk-4150;100;50;5000
nt4151;hk-4151;100;50;5000
nt4152;hk-4152;100;50;5000
nt4153;hk-4153;100;50;5000
nt4154;hk-4154;100;50;5000
nt4155;hk-4155;100;50;5000
nt4156;hk-4156;100;50;5000
nt4157;hk-4157;100;50;5000
nt4158;hk-4158;100;50;5000
nt4159;hk-4159;100;50;5000
nt4160;hk-4160;100;50;5000
nt4161;hk-4161;100;50;5000
nt4162;hk-4162;100;50;5000
nt4163;hk-4163;100;50;5000
nt4164;hk-4164;100;50;5000
nt4165;hk-4165;100;50;5000
nt4166;hk-4166;100;50;5000
nt4167;hk-4167;100;50;5000
nt4168;hk-4168;100;50;5000
nt4169;hk-4169;100;50;5000
nt4170;hk-4170;100;50;5000
nt4171;hk-4171;100;50;5000
nt4172;hk-4172;100;50;5000
nt4173;hk-4173;100;50;5000
nt4174;hk-4174;100;50;5000
nt4175;hk-4175;100;50;5000
nt4176;hk-4176;100;50;5000
nt4177;hk-4177;100;50;5000
nt4178;hk-4178;100;50;5000
nt4179;hk-4179;100;50;5000
nt4180;hk-4180;100;50;5000
nt4181;hk-4181;100;50;5000
nt4182;hk-4182;100;50;5000
nt4183;hk-4183;100;50;5000
nt4184;hk-4184;100;50;5000
nt4185;hk-4185;100;50;5000
nt4186;hk-4186;100;50;5000
nt4187;hk-4187;100;50;5000
nt4188;hk-4188;100;50;5000
nt4189;hk-4189;100;50;5000
nt4190;hk-4190;100;50;5000
nt4191;hk-4191;100;50;5000
nt4192;hk-4192;100;50;5000
nt4193;hk-4193;100;50;5000
nt4194;hk-4194;100;50;5000
nt4195;hk-4195;100;50;5000
nt4196;hk-4196;100;50;5000
nt4197;hk-4197;100;50;5000
nt4198;hk-4198;100;50;5000
nt4199;hk-4199;100;50;5000
nt4200;hk-4200;100;50;5000
nt4201;hk-4201;100;50;5000
nt4202;hk-4202;100;50;5000
nt4203;hk-4203;100;50;5000
nt4204;hk-4204;100;50;5000
nt4205;hk-4205;100;50;5000
nt4206;hk-4206;100;50;5000
nt4207;hk-4207;100;50;5000
nt4208;hk-4208;100;50;5000
nt4209;hk-4209;100;50;5000
nt4210;hk-4210;100;50;5000
nt4211;hk-4211;100;50;5000
nt4212;hk-4212;100;50;5000
nt4213;hk-4213;100;50;5000
nt4214;hk-4214;100;50;5000
nt4215;hk-4215;100;50;5000
nt4216;hk-4216;100;50;5000
nt4217;hk-4217;100;50;5000
nt4218;hk-4218;100;50;5000
nt4219;hk-4219;100;50;5000
nt4220;hk-4220;100;50;5000
nt4221;hk-4221;100;50;5000
nt4222;hk-4222;100;50;5000
nt4223;hk-4223;100;50;5000
nt4224;hk-4224;100;50;5000
nt4225;hk-4225;100;50;5000
nt4226;hk-4226;100;50;5000
nt4227;hk-4227;100;50;5000
nt4228;hk-4228;100;50;5000
nt4229;hk-4229;100;50;5000
nt4230;hk-4230;100;50;5000
nt4231;hk-4231;100;50;5000
nt4232;hk-4232;100;50;5000
nt4233;hk-4233;100;50;5000
nt4234;hk-4234;100;50;5000
nt4235;hk-4235;100;50;5000
nt4236;hk-4236;100;50;5000
nt4237;hk-4237;100;50;5000
nt4238;hk-4238;100;50;5000
nt4239;hk-4239;100;50;5000
nt4240;hk-4240;100;50;5000
nt4241;hk-4241;100;50;5000
nt4242;hk-4242;100;50;5000
nt4243;hk-4243;100;50;5000
nt4244;hk-4244;100;50;5000
nt4245;hk-4245;100;50;5000
nt4246;hk-4246;100;50;5000
nt4247;hk-4247;100;50;5000
nt4248;hk-4248;100;50;5000
nt4249;hk-4249;100;50;5000
nt4250;hk-4250;100;50;5000
nt4251;hk-4251;100;50;5000
nt4252;hk-4252;100;50;5000
nt4253;hk-4253;100;50;5000
nt4254;hk-4254;100;50;5000
nt4255;hk-4255;100;50;5000
nt4256;hk-4256;100;50;5000
nt4257;hk-4257;100;50;5000
nt4258;hk-4258;100;50;5000
nt4259;hk-4259;100;50;5000
nt4260;hk-4260;100;50;5000
nt4261;hk-4261;100;50;5000
nt4262;hk-4262;100;50;5000
nt4263;hk-4263;100;50;5000
nt4264;hk-4264;100;50;5000
nt4265;hk-4265;100;50;5000
nt4266;hk-4266;100;50;5000
nt4267;hk-4267;100;50;5000
nt4268;hk-4268;100;50;5000
nt4269;hk-4269;100;50;5000
nt4270;hk-4270;100;50;5000
nt4271;hk-4271;100;50;5000
nt4272;hk-4272;100;50;5000
nt4273;hk-4273;100;50;5000
nt4274;hk-4274;100;50;5000
nt4275;hk-4275;100;50;5000
nt4276;hk-4276;100;50;5000
nt4277;hk-4277;100;50;5000
nt4278;hk-4278;100;50;5000
nt4279;hk-4279;100;50;5000
nt4280;hk-4280;100;50;5000
nt4281;hk-4281;100;50;5000
nt4282;hk-4282;100;50;5000
nt4283;hk-4283;100;50;5000
nt4284;hk-4284;100;50;5000
nt4285;hk-4285;100;50;5000
nt4286;hk-4286;100;50;5000
nt4287;hk-4287;100;50;5000
nt4288;hk-4288;100;50;5000
nt4289;hk-4289;100;50;5000
nt4290;hk-4290;100;50;5000
nt4291;hk-4291;100;50;5000
nt4292;hk-4292;100;50;5000
nt4293;hk-4293;100;50;5000
nt4294;hk-4294;100;50;5000
nt4295;hk-4295;100;50;5000
nt4296;hk-4296;100;50;5000
nt4297;hk-4297;100;50;5000
nt4298;hk-4298;100;50;5000
nt4299;hk-4299;100;50;5000
nt4300;hk-4300;100;50;5000
nt4301;hk-4301;100;50;5000
nt4302;hk-4302;100;50;5000
nt4303;hk-4303;100;50;5000
nt4304;hk-4304;100;50;5000
nt4305;hk-4305;100;50;5000
nt4306;hk-4306;100;50;5000
nt4307;hk-4307;100;50;5000
nt4308;hk-4308;100;50;5000
nt4309;hk-4309;100;50;5000
nt4310;hk-4310;100;50;5000
nt4311;hk-4311;100;50;5000
nt4312;hk-4312;100;50;5000
nt4313;hk-4313;100;50;5000
nt4314;hk-4314;100;50;5000
nt4315;hk-4315;100;50;5000
nt4316;hk-4316;100;50;5000
nt4317;hk-4317;100;50;5000
nt4318;hk-4318;100;50;5000
nt4319;hk-4319;100;50;5000
nt4320;hk-4320;100;50;5000
nt4321;hk-4321;100;50;5000
nt4322;hk-4322;100;50;5000
nt4323;hk-4323;100;50;5000
nt4324;hk-4324;100;50;5000
nt4325;hk-4325;100;50;5000
nt4326;hk-4326;100;50;5000
nt4327;hk-4327;100;50;5000
nt4328;hk-4328;100;50;5000
nt4329;hk-4329;100;50;5000
nt4330;hk-4330;100;50;5000
nt4331;hk-4331;100;50;5000
nt4332;hk-4332;100;50;5000
nt4333;hk-4333;100;50;5000
nt4334;hk-4334;100;50;5000
nt4335;hk-4335;100;50;5000
nt4336;hk-4336;100;50;5000
nt4337;hk-4337;100;50;5000
nt4338;hk-4338;100;50;5000
nt4339;hk-4339;100;50;5000
nt4340;hk-4340;100;50;5000
nt4341;hk-4341;100;50;5000
nt4342;hk-4342;100;50;5000
nt4343;hk-4343;100;50;5000
nt4344;hk-4344;100;50;5000
nt4345;hk-4345;100;50;5000
nt4346;hk-4346;100;50;5000
nt4347;hk-4347;100;50;5000
nt4348;hk-4348;100;50;5000
nt4349;hk-4349;100;50;5000
nt4350;hk-4350;100;50;5000
nt4351;hk-4351;100;50;5000
nt4352;hk-4352;100;50;5000
nt4353;hk-4353;100;50;5000
nt4354;hk-4354;100;50;5000
nt4355;hk-4355;100;50;5000
nt4356;hk-4356;100;50;5000
nt4357;hk-4357;100;50;5000
nt4358;hk-4358;100;50;5000
nt4359;hk-4359;100;50;5000
nt4360;hk-4360;100;50;5000
nt4361;hk-4361;100;50;5000
nt4362;hk-4362;100;50;5000
nt4363;hk-4363;100;50;5000
nt4364;hk-4364;100;50;5000
nt4365;hk-4365;100;50;5000
nt4366;hk-4366;100;50;5000
nt4367;hk-4367;100;50;5000
nt4368;hk-4368;100;50;5000
nt4369;hk-4369;100;50;5000
nt4370;hk-4370;100;50;5000
nt4371;hk-4371;100;50;5000
nt4372;hk-4372;100;50;5000
nt4373;hk-4373;100;50;5000
nt4374;hk-4374;100;50;5000
nt4375;hk-4375;100;50;5000
nt4376;hk-4376;100;50;5000
nt4377;hk-4377;100;50;5000
nt4378;hk-4378;100;50;5000
nt4379;hk-4379;100;50;5000
nt4380;hk-4380;100;50;5000
nt4381;hk-4381;100;50;5000
nt4382;hk-4382;100;50;5000
nt4383;hk-4383;100;50;5000
nt4384;hk-4384;100;50;5000
nt4385;hk-4385;100;50;5000
nt4386;hk-4386;100;50;5000
nt4387;hk-4387;100;50;5000
nt4388;hk-4388;100;50;5000
nt4389;hk-4389;100;50;5000
nt4390;hk-4390;100;50;5000
nt4391;hk-4391;100;50;5000
nt4392;hk-4392;100;50;5000
nt4393;hk-4393;100;50;5000
nt4394;hk-4394;100;50;5000
nt4395;hk-4395;100;50;5000
nt4396;hk-4396;100;50;5000
nt4397;hk-4397;100;50;5000
nt4398;hk-4398;100;50;5000
nt4399;hk-4399;100;50;5000
nt4400;hk-4400;100;50;5000
nt4401;hk-4401;100;50;5000
nt4402;hk-4402;100;50;5000
nt4403;hk-4403;100;50;5000
nt4404;hk-4404;100;50;5000
nt4405;hk-4405;100;50;5000
nt4406;hk-4406;100;50;5000
nt4407;hk-4407;100;50;5000
nt4408;hk-4408;100;50;5000
nt4409;hk-4409;100;50;5000
nt4410;hk-4410;100;50;5000
nt4411;hk-4411;100;50;5000
nt4412;hk-4412;100;50;5000
nt4413;hk-4413;100;50;5000
nt4414;hk-4414;100;50;5000
nt4415;hk-4415;100;50;5000
nt4416;hk-4416;100;50;5000
nt4417;hk-4417;100;50;5000
nt4418;hk-4418;100;50;5000
nt4419;hk-4419;100;50;5000
nt4420;hk-4420;100;50;5000
nt4421;hk-4421;100;50;5000
nt4422;hk-4422;100;50;5000
nt4423;hk-4423;100;50;5000
nt4424;hk-4424;100;50;5000
nt4425;hk-4425;100;50;5000
nt4426;hk-4426;100;50;5000
nt4427;hk-4427;100;50;5000
nt4428;hk-4428;100;50;5000
nt4429;hk-4429;100;50;5000
nt4430;hk-4430;100;50;5000
nt4431;hk-4431;100;50;5000
nt4432;hk-4432;100;50;5000
nt4433;hk-4433;100;50;5000
nt4434;hk-4434;100;50;5000
nt4435;hk-4435;100;50;5000
nt4436;hk-4436;100;50;5000
nt4437;hk-4437;100;50;5000
nt4438;hk-4438;100;50;5000
nt4439;hk-4439;100;50;5000
nt4440;hk-4440;100;50;5000
nt4441;hk-4441;100;50;5000
nt4442;hk-4442;100;50;5000
nt4443;hk-4443;100;50;5000
nt4444;hk-4444;100;50;5000
nt4445;hk-4445;100;50;5000
nt4446;hk-4446;100;50;5000
nt4447;hk-4447;100;50;5000
nt4448;hk-4448;100;50;5000
nt4449;hk-4449;100;50;5000
nt4450;hk-4450;100;50;5000
nt4451;hk-4451;100;50;5000
nt4452;hk-4452;100;50;5000
nt4453;hk-4453;100;50;5000
nt4454;hk-4454;100;50;5000
nt4455;hk-4455;100;50;5000
nt4456;hk-4456;100;50;5000
nt4457;hk-4457;100;50;5000
nt4458;hk-4458;100;50;5000
nt4459;hk-4459;100;50;5000
nt4460;hk-4460;100;50;5000
nt4461;hk-4461;100;50;5000
nt4462;hk-4462;100;50;5000
nt4463;hk-4463;100;50;5000
nt4464;hk-4464;100;50;5000
nt4465;hk-4465;100;50;5000
nt4466;hk-4466;100;50;5000
nt4467;hk-4467;100;50;5000
nt4468;hk-4468;100;50;5000
nt4469;hk-4469;100;50;5000
nt4470;hk-4470;100;50;5000
nt4471;hk-4471;100;50;5000
nt4472;hk-4472;100;50;5000
nt4473;hk-4473;100;50;5000
nt4474;hk-4474;100;50;5000
nt4475;hk-4475;100;50;5000
nt4476;hk-4476;100;50;5000
nt4477;hk-4477;100;50;5000
nt4478;hk-4478;100;50;5000
nt4479;hk-4479;100;50;5000
nt4480;hk-4480;100;50;5000
nt4481;hk-4481;100;50;5000
nt4482;hk-4482;100;50;5000
nt4483;hk-4483;100;50;5000
nt4484;hk-4484;100;50;5000
nt4485;hk-4485;100;50;5000
nt4486;hk-4486;100;50;5000
nt4487;hk-4487;100;50;5000
nt4488;hk-4488;100;50;5000
nt4489;hk-4489;100;50;5000
nt4490;hk-4490;100;50;5000
nt4491;hk-4491;100;50;5000
nt4492;hk-4492;100;50;5000
nt4493;hk-4493;100;50;5000
nt4494;hk-4494;100;50;5000
nt4495;hk-4495;100;50;5000
nt4496;hk-4496;100;50;5000
nt4497;hk-4497;100;50;5000
nt4498;hk-4498;100;50;5000
nt4499;hk-4499;100;50;5000
nt4500;hk-4500;100;50;5000
nt4501;hk-4501;100;50;5000
nt4502;hk-4502;100;50;5000
nt4503;hk-4503;100;50;5000
nt4504;hk-4504;100;50;5000
nt4505;hk-4505;100;50;5000
nt4506;hk-4506;100;50;5000
nt4507;hk-4507;100;50;5000
nt4508;hk-4508;100;50;5000
nt4509;hk-4509;100;50;5000
nt4510;hk-4510;100;50;5000
nt4511;hk-4511;100;50;5000
nt4512;hk-4512;100;50;5000
nt4513;hk-4513;100;50;5000
nt4514;hk-4514;100;50;5000
nt4515;hk-4515;100;50;5000
nt4516;hk-4516;100;50;5000
nt4517;hk-4517;100;50;5000
nt4518;hk-4518;100;50;5000
nt4519;hk-4519;100;50;5000
nt4520;hk-4520;100;50;5000
nt4521;hk-4521;100;50;5000
nt4522;hk-4522;100;50;5000
nt4523;hk-4523;100;50;5000
nt4524;hk-4524;100;50;5000
nt4525;hk-4525;100;50;5000
nt4526;hk-4526;100;50;5000
nt4527;hk-4527;100;50;5000
nt4528;hk-4528;100;50;5000
nt4529;hk-4529;100;50;5000
nt4530;hk-4530;100;50;5000
nt4531;hk-4531;100;50;5000
nt4532;hk-4532;100;50;5000
nt4533;hk-4533;100;50;5000
nt4534;hk-4534;100;50;5000
nt4535;hk-4535;100;50;5000
nt4536;hk-4536;100;50;5000
nt4537;hk-4537;100;50;5000
nt4538;hk-4538;100;50;5000
nt4539;hk-4539;100;50;5000
nt4540;hk-4540;100;50;5000
nt4541;hk-4541;100;50;5000
nt4542;hk-4542;100;50;5000
nt4543;hk-4543;100;50;5000
nt4544;hk-4544;100;50;5000
nt4545;hk-4545;100;50;5000
nt4546;hk-4546;100;50;5000
nt4547;hk-4547;100;50;5000
nt4548;hk-4548;100;50;5000
nt4549;hk-4549;100;50;5000
nt4550;hk-4550;100;50;5000
nt4551;hk-4551;100;50;5000
nt4552;hk-4552;100;50;5000
nt4553;hk-4553;100;50;5000
nt4554;hk-4554;100;50;5000
nt4555;hk-4555;100;50;5000
nt4556;hk-4556;100;50;5000
nt4557;hk-4557;100;50;5000
nt4558;hk-4558;100;50;5000
nt4559;hk-4559;100;50;5000
nt4560;hk-4560;100;50;5000
nt4561;hk-4561;100;50;5000
nt4562;hk-4562;100;50;5000
nt4563;hk-4563;100;50;5000
nt4564;hk-4564;100;50;5000
nt4565;hk-4565;100;50;5000
nt4566;hk-4566;100;50;5000
nt4567;hk-4567;100;50;5000
nt4568;hk-4568;100;50;5000
nt4569;hk-4569;100;50;5000
nt4570;hk-4570;100;50;5000
nt4571;hk-4571;100;50;5000
nt4572;hk-4572;100;50;5000
nt4573;hk-4573;100;50;5000
nt4574;hk-4574;100;50;5000
nt4575;hk-4575;100;50;5000
nt4576;hk-4576;100;50;5000
nt4577;hk-4577;100;50;5000
nt4578;hk-4578;100;50;5000
nt4579;hk-4579;100;50;5000
nt4580;hk-4580;100;50;5000
nt4581;hk-4581;100;50;5000
nt4582;hk-4582;100;50;5000
nt4583;hk-4583;100;50;5000
nt4584;hk-4584;100;50;5000
nt4585;hk-4585;100;50;5000
nt4586;hk-4586;100;50;5000
nt4587;hk-4587;100;50;5000
nt4588;hk-4588;100;50;5000
nt4589;hk-4589;100;50;5000
nt4590;hk-4590;100;50;5000
nt4591;hk-4591;100;50;5000
nt4592;hk-4592;100;50;5000
nt4593;hk-4593;100;50;5000
nt4594;hk-4594;100;50;5000
nt4595;hk-4595;100;50;5000
nt4596;hk-4596;100;50;5000
nt4597;hk-4597;100;50;5000
nt4598;hk-4598;100;50;5000
nt4599;hk-4599;100;50;5000
nt4600;hk-4600;100;50;5000
nt4601;hk-4601;100;50;5000
nt4602;hk-4602;100;50;5000
nt4603;hk-4603;100;50;5000
nt4604;hk-4604;100;50;5000
nt4605;hk-4605;100;50;5000
nt4606;hk-4606;100;50;5000
nt4607;hk-4607;100;50;5000
nt4608;hk-4608;100;50;5000
nt4609;hk-4609;100;50;5000
nt4610;hk-4610;100;50;5000
nt4611;hk-4611;100;50;5000
nt4612;hk-4612;100;50;5000
nt4613;hk-4613;100;50;5000
nt4614;hk-4614;100;50;5000
nt4615;hk-4615;100;50;5000
nt4616;hk-4616;100;50;5000
nt4617;hk-4617;100;50;5000
nt4618;hk-4618;100;50;5000
nt4619;hk-4619;100;50;5000
nt4620;hk-4620;100;50;5000
nt4621;hk-4621;100;50;5000
nt4622;hk-4622;100;50;5000
nt4623;hk-4623;100;50;5000
nt4624;hk-4624;100;50;5000
nt4625;hk-4625;100;50;5000
nt4626;hk-4626;100;50;5000
nt4627;hk-4627;100;50;5000
nt4628;hk-4628;100;50;5000
nt4629;hk-4629;100;50;5000
nt4630;hk-4630;100;50;5000
nt4631;hk-4631;100;50;5000
nt4632;hk-4632;100;50;5000
nt4633;hk-4633;100;50;5000
nt4634;hk-4634;100;50;5000
nt4635;hk-4635;100;50;5000
nt4636;hk-4636;100;50;5000
nt4637;hk-4637;100;50;5000
nt4638;hk-4638;100;50;5000
nt4639;hk-4639;100;50;5000
nt4640;hk-4640;100;50;5000
nt4641;hk-4641;100;50;5000
nt4642;hk-4642;100;50;5000
nt4643;hk-4643;100;50;5000
nt4644;hk-4644;100;50;5000
nt4645;hk-4645;100;50;5000
nt4646;hk-4646;100;50;5000
nt4647;hk-4647;100;50;5000
nt4648;hk-4648;100;50;5000
nt4649;hk-4649;100;50;5000
nt4650;hk-4650;100;50;5000
nt4651;hk-4651;100;50;5000
nt4652;hk-4652;100;50;5000
nt4653;hk-4653;100;50;5000
nt4654;hk-4654;100;50;5000
nt4655;hk-4655;100;50;5000
nt4656;hk-4656;100;50;5000
nt4657;hk-4657;100;50;5000
nt4658;hk-4658;100;50;5000
nt4659;hk-4659;100;50;5000
nt4660;hk-4660;100;50;5000
nt4661;hk-4661;100;50;5000
nt4662;hk-4662;100;50;5000
nt4663;hk-4663;100;50;5000
nt4664;hk-4664;100;50;5000
nt4665;hk-4665;100;50;5000
nt4666;hk-4666;100;50;5000
nt4667;hk-4667;100;50;5000
nt4668;hk-4668;100;50;5000
nt4669;hk-4669;100;50;5000
nt4670;hk-4670;100;50;5000
nt4671;hk-4671;100;50;5000
nt4672;hk-4672;100;50;5000
nt4673;hk-4673;100;50;5000
nt4674;hk-4674;100;50;5000
nt4675;hk-4675;100;50;5000
nt4676;hk-4676;100;50;5000
nt4677;hk-4677;100;50;5000
nt4678;hk-4678;100;50;5000
nt4679;hk-4679;100;50;5000
nt4680;hk-4680;100;50;5000
nt4681;hk-4681;100;50;5000
nt4682;hk-4682;100;50;5000
nt4683;hk-4683;100;50;5000
nt4684;hk-4684;100;50;5000
nt4685;hk-4685;100;50;5000
nt4686;hk-4686;100;50;5000
nt4687;hk-4687;100;50;5000
nt4688;hk-4688;100;50;5000
nt4689;hk-4689;100;50;5000
nt4690;hk-4690;100;50;5000
nt4691;hk-4691;100;50;5000
nt4692;hk-4692;100;50;5000
nt4693;hk-4693;100;50;5000
nt4694;hk-4694;100;50;5000
nt4695;hk-4695;100;50;5000
nt4696;hk-4696;100;50;5000
nt4697;hk-4697;100;50;5000
nt4698;hk-4698;100;50;5000
nt4699;hk-4699;100;50;5000
nt4700;hk-4700;100;50;5000
nt4701;hk-4701;100;50;5000
nt4702;hk-4702;100;50;5000
nt4703;hk-4703;100;50;5000
nt4704;hk-4704;100;50;5000
nt4705;hk-4705;100;50;5000
nt4706;hk-4706;100;50;5000
nt4707;hk-4707;100;50;5000
nt4708;hk-4708;100;50;5000
nt4709;hk-4709;100;50;5000
nt4710;hk-4710;100;50;5000
nt4711;hk-4711;100;50;5000
nt4712;hk-4712;100;50;5000
nt4713;hk-4713;100;50;5000
nt4714;hk-4714;100;50;5000
nt4715;hk-4715;100;50;5000
nt4716;hk-4716;100;50;5000
nt4717;hk-4717;100;50;5000
nt4718;hk-4718;100;50;5000
nt4719;hk-4719;100;50;5000
nt4720;hk-4720;100;50;5000
nt4721;hk-4721;100;50;5000
nt4722;hk-4722;100;50;5000
nt4723;hk-4723;100;50;5000
nt4724;hk-4724;100;50;5000
nt4725;hk-4725;100;50;5000
nt4726;hk-4726;100;50;5000
nt4727;hk-4727;100;50;5000
nt4728;hk-4728;100;50;5000
nt4729;hk-4729;100;50;5000
nt4730;hk-4730;100;50;5000
nt4731;hk-4731;100;50;5000
nt4732;hk-4732;100;50;5000
nt4733;hk-4733;100;50;5000
nt4734;hk-4734;100;50;5000
nt4735;hk-4735;100;50;5000
nt4736;hk-4736;100;50;5000
nt4737;hk-4737;100;50;5000
nt4738;hk-4738;100;50;5000
nt4739;hk-4739;100;50;5000
nt4740;hk-4740;100;50;5000
nt4741;hk-4741;100;50;5000
nt4742;hk-4742;100;50;5000
nt4743;hk-4743;100;50;5000
nt4744;hk-4744;100;50;5000
nt4745;hk-4745;100;50;5000
nt4746;hk-4746;100;50;5000
nt4747;hk-4747;100;50;5000
nt4748;hk-4748;100;50;5000
nt4749;hk-4749;100;50;5000
nt4750;hk-4750;100;50;5000
nt4751;hk-4751;100;50;5000
nt4752;hk-4752;100;50;5000
nt4753;hk-4753;100;50;5000
nt4754;hk-4754;100;50;5000
nt4755;hk-4755;100;50;5000
nt4756;hk-4756;100;50;5000
nt4757;hk-4757;100;50;5000
nt4758;hk-4758;100;50;5000
nt4759;hk-4759;100;50;5000
nt4760;hk-4760;100;50;5000
nt4761;hk-4761;100;50;5000
nt4762;hk-4762;100;50;5000
nt4763;hk-4763;100;50;5000
nt4764;hk-4764;100;50;5000
nt4765;hk-4765;100;50;5000
nt4766;hk-4766;100;50;5000
nt4767;hk-4767;100;50;5000
nt4768;hk-4768;100;50;5000
nt4769;hk-4769;100;50;5000
nt4770;hk-4770;100;50;5000
nt4771;hk-4771;100;50;5000
nt4772;hk-4772;100;50;5000
nt4773;hk-4773;100;50;5000
nt4774;hk-4774;100;50;5000
nt4775;hk-4775;100;50;5000
nt4776;hk-4776;100;50;5000
nt4777;hk-4777;100;50;5000
nt4778;hk-4778;100;50;5000
nt4779;hk-4779;100;50;5000
nt4780;hk-4780;100;50;5000
nt4781;hk-4781;100;50;5000
nt4782;hk-4782;100;50;5000
nt4783;hk-4783;100;50;5000
nt4784;hk-4784;100;50;5000
nt4785;hk-4785;100;50;5000
nt4786;hk-4786;100;50;5000
nt4787;hk-4787;100;50;5000
nt4788;hk-4788;100;50;5000
nt4789;hk-4789;100;50;5000
nt4790;hk-4790;100;50;5000
nt4791;hk-4791;100;50;5000
nt4792;hk-4792;100;50;5000
nt4793;hk-4793;100;50;5000
nt4794;hk-4794;100;50;5000
nt4795;hk-4795;100;50;5000
nt4796;hk-4796;100;50;5000
nt4797;hk-4797;100;50;5000
nt4798;hk-4798;100;50;5000
nt4799;hk-4799;100;50;5000
nt4800;hk-4800;100;50;5000
nt4801;hk-4801;100;50;5000
nt4802;hk-4802;100;50;5000
nt4803;hk-4803;100;50;5000
nt4804;hk-4804;100;50;5000
nt4805;hk-4805;100;50;5000
nt4806;hk-4806;100;50;5000
nt4807;hk-4807;100;50;5000
nt4808;hk-4808;100;50;5000
nt4809;hk-4809;100;50;5000
nt4810;hk-4810;100;50;5000
nt4811;hk-4811;100;50;5000
nt4812;hk-4812;100;50;5000
nt4813;hk-4813;100;50;5000
nt4814;hk-4814;100;50;5000
nt4815;hk-4815;100;50;5000
nt4816;hk-4816;100;50;5000
nt4817;hk-4817;100;50;5000
nt4818;hk-4818;100;50;5000
nt4819;hk-4819;100;50;5000
nt4820;hk-4820;100;50;5000
nt4821;hk-4821;100;50;5000
nt4822;hk-4822;100;50;5000
nt4823;hk-4823;100;50;5000
nt4824;hk-4824;100;50;5000
nt4825;hk-4825;100;50;5000
nt4826;hk-4826;100;50;5000
nt4827;hk-4827;100;50;5000
nt4828;hk-4828;100;50;5000
nt4829;hk-4829;100;50;5000
nt4830;hk-4830;100;50;5000
nt4831;hk-4831;100;50;5000
nt4832;hk-4832;100;50;5000
nt4833;hk-4833;100;50;5000
nt4834;hk-4834;100;50;5000
nt4835;hk-4835;100;50;5000
nt4836;hk-4836;100;50;5000
nt4837;hk-4837;100;50;5000
nt4838;hk-4838;100;50;5000
nt4839;hk-4839;100;50;5000
nt4840;hk-4840;100;50;5000
nt4841;hk-4841;100;50;5000
nt4842;hk-4842;100;50;5000
nt4843;hk-4843;100;50;5000
nt4844;hk-4844;100;50;5000
nt4845;hk-4845;100;50;5000
nt4846;hk-4846;100;50;5000
nt4847;hk-4847;100;50;5000
nt4848;hk-4848;100;50;5000
nt4849;hk-4849;100;50;5000
nt4850;hk-4850;100;50;5000
nt4851;hk-4851;100;50;5000
nt4852;hk-4852;100;50;5000
nt4853;hk-4853;100;50;5000
nt4854;hk-4854;100;50;5000
nt4855;hk-4855;100;50;5000
nt4856;hk-4856;100;50;5000
nt4857;hk-4857;100;50;5000
nt4858;hk-4858;100;50;5000
nt4859;hk-4859;100;50;5000
nt4860;hk-4860;100;50;5000
nt4861;hk-4861;100;50;5000
nt4862;hk-4862;100;50;5000
nt4863;hk-4863;100;50;5000
nt4864;hk-4864;100;50;5000
nt4865;hk-4865;100;50;5000
nt4866;hk-4866;100;50;5000
nt4867;hk-4867;100;50;5000
nt4868;hk-4868;100;50;5000
nt4869;hk-4869;100;50;5000
nt4870;hk-4870;100;50;5000
nt4871;hk-4871;100;50;5000
nt4872;hk-4872;100;50;5000
nt4873;hk-4873;100;50;5000
nt4874;hk-4874;100;50;5000
nt4875;hk-4875;100;50;5000
nt4876;hk-4876;100;50;5000
nt4877;hk-4877;100;50;5000
nt4878;hk-4878;100;50;5000
nt4879;hk-4879;100;50;5000
nt4880;hk-4880;100;50;5000
nt4881;hk-4881;100;50;5000
nt4882;hk-4882;100;50;5000
nt4883;hk-4883;100;50;5000
nt4884;hk-4884;100;50;5000
nt4885;hk-4885;100;50;5000
nt4886;hk-4886;100;50;5000
nt4887;hk-4887;100;50;5000
nt4888;hk-4888;100;50;5000
nt4889;hk-4889;100;50;5000
nt4890;hk-4890;100;50;5000
nt4891;hk-4891;100;50;5000
nt4892;hk-4892;100;50;5000
nt4893;hk-4893;100;50;5000
nt4894;hk-4894;100;50;5000
nt4895;hk-4895;100;50;5000
nt4896;hk-4896;100;50;5000
nt4897;hk-4897;100;50;5000
nt4898;hk-4898;100;50;5000
nt4899;hk-4899;100;50;5000
nt4900;hk-4900;100;50;5000
nt4901;hk-4901;100;50;5000
nt4902;hk-4902;100;50;5000
nt4903;hk-4903;100;50;5000
nt4904;hk-4904;100;50;5000
nt4905;hk-4905;100;50;5000
nt4906;hk-4906;100;50;5000
nt4907;hk-4907;100;50;5000
nt4908;hk-4908;100;50;5000
nt4909;hk-4909;100;50;5000
nt4910;hk-4910;100;50;5000
nt4911;hk-4911;100;50;5000
nt4912;hk-4912;100;50;5000
nt4913;hk-4913;100;50;5000
nt4914;hk-4914;100;50;5000
nt4915;hk-4915;100;50;5000
nt4916;hk-4916;100;50;5000
nt4917;hk-4917;100;50;5000
nt4918;hk-4918;100;50;5000
nt4919;hk-4919;100;50;5000
nt4920;hk-4920;100;50;5000
nt4921;hk-4921;100;50;5000
nt4922;hk-4922;100;50;5000
nt4923;hk-4923;100;50;5000
nt4924;hk-4924;100;50;5000
nt4925;hk-4925;100;50;5000
nt4926;hk-4926;100;50;5000
nt4927;hk-4927;100;50;5000
nt4928;hk-4928;100;50;5000
nt4929;hk-4929;100;50;5000
nt4930;hk-4930;100;50;5000
nt4931;hk-4931;100;50;5000
nt4932;hk-4932;100;50;5000
nt4933;hk-4933;100;50;5000
nt4934;hk-4934;100;50;5000
nt4935;hk-4935;100;50;5000
nt4936;hk-4936;100;50;5000
nt4937;hk-4937;100;50;5000
nt4938;hk-4938;100;50;5000
nt4939;hk-4939;100;50;5000
nt4940;hk-4940;100;50;5000
nt4941;hk-4941;100;50;5000
nt4942;hk-4942;100;50;5000
nt4943;hk-4943;100;50;5000
nt4944;hk-4944;100;50;5000
nt4945;hk-4945;100;50;5000
nt4946;hk-4946;100;50;5000
nt4947;hk-4947;100;50;5000
nt4948;hk-4948;100;50;5000
nt4949;hk-4949;100;50;5000
nt4950;hk-4950;100;50;5000
nt4951;hk-4951;100;50;5000
nt4952;hk-4952;100;50;5000
nt4953;hk-4953;100;50;5000
nt4954;hk-4954;100;50;5000
nt4955;hk-4955;100;50;5000
nt4956;hk-4956;100;50;5000
nt4957;hk-4957;100;50;5000
nt4958;hk-4958;100;50;5000
nt4959;hk-4959;100;50;5000
nt4960;hk-4960;100;50;5000
nt4961;hk-4961;100;50;5000
nt4962;hk-4962;100;50;5000
nt4963;hk-4963;100;50;5000
nt4964;hk-4964;100;50;5000
nt4965;hk-4965;100;50;5000
nt4966;hk-4966;100;50;5000
nt4967;hk-4967;100;50;5000
nt4968;hk-4968;100;50;5000
nt4969;hk-4969;100;50;5000
nt4970;hk-4970;100;50;5000
nt4971;hk-4971;100;50;5000
nt4972;hk-4972;100;50;5000
nt4973;hk-4973;100;50;5000
nt4974;hk-4974;100;50;5000
nt4975;hk-4975;100;50;5000
nt4976;hk-4976;100;50;5000
nt4977;hk-4977;100;50;5000
nt4978;hk-4978;100;50;5000
nt4979;hk-4979;100;50;5000
nt4980;hk-4980;100;50;5000
nt4981;hk-4981;100;50;5000
nt4982;hk-4982;100;50;5000
nt4983;hk-4983;100;50;5000
nt4984;hk-4984;100;50;5000
nt4985;hk-4985;100;50;5000
nt4986;hk-4986;100;50;5000
nt4987;hk-4987;100;50;5000
nt4988;hk-4988;100;50;5000
nt4989;hk-4989;100;50;5000
nt4990;hk-4990;100;50;5000
nt4991;hk-4991;100;50;5000
nt4992;hk-4992;100;50;5000
nt4993;hk-4993;100;50;5000
nt4994;hk-4994;100;50;5000
nt4995;hk-4995;100;50;5000
nt4996;hk-4996;100;50;5000
nt4997;hk-4997;100;50;5000
nt4998;hk-4998;100;50;5000
nt4999;hk-4999;100;50;5000
nt5000;hk-5000;100;50;5000
nt5001;hk-5001;100;50;5000
nt5002;hk-5002;100;50;5000
nt5003;hk-5003;100;50;5000
nt5004;hk-5004;100;50;5000
nt5005;hk-5005;100;50;5000
nt5006;hk-5006;100;50;5000
nt5007;hk-5007;100;50;5000
nt5008;hk-5008;100;50;5000
nt5009;hk-5009;100;50;5000
nt5010;hk-5010;100;50;5000
nt5011;hk-5011;100;50;5000
nt5012;hk-5012;100;50;5000
nt5013;hk-5013;100;50;5000
nt5014;hk-5014;100;50;5000
nt5015;hk-5015;100;50;5000
nt5016;hk-5016;100;50;5000
nt5017;hk-5017;100;50;5000
nt5018;hk-5018;100;50;5000
nt5019;hk-5019;100;50;5000
nt5020;hk-5020;100;50;5000
nt5021;hk-5021;100;50;5000
nt5022;hk-5022;100;50;5000
nt5023;hk-5023;100;50;5000
nt5024;hk-5024;100;50;5000
nt5025;hk-5025;100;50;5000
nt5026;hk-5026;100;50;5000
nt5027;hk-5027;100;50;5000
nt5028;hk-5028;100;50;5000
nt5029;hk-5029;100;50;5000
nt5030;hk-5030;100;50;5000
nt5031;hk-5031;100;50;5000
nt5032;hk-5032;100;50;5000
nt5033;hk-5033;100;50;5000
nt5034;hk-5034;100;50;5000
nt5035;hk-5035;100;50;5000
nt5036;hk-5036;100;50;5000
nt5037;hk-5037;100;50;5000
nt5038;hk-5038;100;50;5000
nt5039;hk-5039;100;50;5000
nt5040;hk-5040;100;50;5000
nt5041;hk-5041;100;50;5000
nt5042;hk-5042;100;50;5000
nt5043;hk-5043;100;50;5000
nt5044;hk-5044;100;50;5000
nt5045;hk-5045;100;50;5000
nt5046;hk-5046;100;50;5000
nt5047;hk-5047;100;50;5000
nt5048;hk-5048;100;50;5000
nt5049;hk-5049;100;50;5000
nt5050;hk-5050;100;50;5000
nt5051;hk-5051;100;50;5000
nt5052;hk-5052;100;50;5000
nt5053;hk-5053;100;50;5000
nt5054;hk-5054;100;50;5000
nt5055;hk-5055;100;50;5000
nt5056;hk-5056;100;50;5000
nt5057;hk-5057;100;50;5000
nt5058;hk-5058;100;50;5000
nt5059;hk-5059;100;50;5000
nt5060;hk-5060;100;50;5000
nt5061;hk-5061;100;50;5000
nt5062;hk-5062;100;50;5000
nt5063;hk-5063;100;50;5000
nt5064;hk-5064;100;50;5000
nt5065;hk-5065;100;50;5000
nt5066;hk-5066;100;50;5000
nt5067;hk-5067;100;50;5000
nt5068;hk-5068;100;50;5000
nt5069;hk-5069;100;50;5000
nt5070;hk-5070;100;50;5000
nt5071;hk-5071;100;50;5000
nt5072;hk-5072;100;50;5000
nt5073;hk-5073;100;50;5000
nt5074;hk-5074;100;50;5000
nt5075;hk-5075;100;50;5000
nt5076;hk-5076;100;50;5000
nt5077;hk-5077;100;50;5000
nt5078;hk-5078;100;50;5000
nt5079;hk-5079;100;50;5000
nt5080;hk-5080;100;50;5000
nt5081;hk-5081;100;50;5000
nt5082;hk-5082;100;50;5000
nt5083;hk-5083;100;50;5000
nt5084;hk-5084;100;50;5000
nt5085;hk-5085;100;50;5000
nt5086;hk-5086;100;50;5000
nt5087;hk-5087;100;50;5000
nt5088;hk-5088;100;50;5000
nt5089;hk-5089;100;50;5000
nt5090;hk-5090;100;50;5000
nt5091;hk-5091;100;50;5000
nt5092;hk-5092;100;50;5000
nt5093;hk-5093;100;50;5000
nt5094;hk-5094;100;50;5000
nt5095;hk-5095;100;50;5000
nt5096;hk-5096;100;50;5000
nt5097;hk-5097;100;50;5000
nt5098;hk-5098;100;50;5000
nt5099;hk-5099;100;50;5000
nt5100;hk-5100;100;50;5000
nt5101;hk-5101;100;50;5000
nt5102;hk-5102;100;50;5000
nt5103;hk-5103;100;50;5000
nt5104;hk-5104;100;50;5000
nt5105;hk-5105;100;50;5000
nt5106;hk-5106;100;50;5000
nt5107;hk-5107;100;50;5000
nt5108;hk-5108;100;50;5000
nt5109;hk-5109;100;50;5000
nt5110;hk-5110;100;50;5000
nt5111;hk-5111;100;50;5000
nt5112;hk-5112;100;50;5000
nt5113;hk-5113;100;50;5000
nt5114;hk-5114;100;50;5000
nt5115;hk-5115;100;50;5000
nt5116;hk-5116;100;50;5000
nt5117;hk-5117;100;50;5000
nt5118;hk-5118;100;50;5000
nt5119;hk-5119;100;50;5000
nt5120;hk-5120;100;50;5000
nt5121;hk-5121;100;50;5000
nt5122;hk-5122;100;50;5000
nt5123;hk-5123;100;50;5000
nt5124;hk-5124;100;50;5000
nt5125;hk-5125;100;50;5000
nt5126;hk-5126;100;50;5000
nt5127;hk-5127;100;50;5000
nt5128;hk-5128;100;50;5000
nt5129;hk-5129;100;50;5000
nt5130;hk-5130;100;50;5000
nt5131;hk-5131;100;50;5000
nt5132;hk-5132;100;50;5000
nt5133;hk-5133;100;50;5000
nt5134;hk-5134;100;50;5000
nt5135;hk-5135;100;50;5000
nt5136;hk-5136;100;50;5000
nt5137;hk-5137;100;50;5000
nt5138;hk-5138;100;50;5000
nt5139;hk-5139;100;50;5000
nt5140;hk-5140;100;50;5000
nt5141;hk-5141;100;50;5000
nt5142;hk-5142;100;50;5000
nt5143;hk-5143;100;50;5000
nt5144;hk-5144;100;50;5000
nt5145;hk-5145;100;50;5000
nt5146;hk-5146;100;50;5000
nt5147;hk-5147;100;50;5000
nt5148;hk-5148;100;50;5000
nt5149;hk-5149;100;50;5000
nt5150;hk-5150;100;50;5000
nt5151;hk-5151;100;50;5000
nt5152;hk-5152;100;50;5000
nt5153;hk-5153;100;50;5000
nt5154;hk-5154;100;50;5000
nt5155;hk-5155;100;50;5000
nt5156;hk-5156;100;50;5000
nt5157;hk-5157;100;50;5000
nt5158;hk-5158;100;50;5000
nt5159;hk-5159;100;50;5000
nt5160;hk-5160;100;50;5000
nt5161;hk-5161;100;50;5000
nt5162;hk-5162;100;50;5000
nt5163;hk-5163;100;50;5000
nt5164;hk-5164;100;50;5000
nt5165;hk-5165;100;50;5000
nt5166;hk-5166;100;50;5000
nt5167;hk-5167;100;50;5000
nt5168;hk-5168;100;50;5000
nt5169;hk-5169;100;50;5000
nt5170;hk-5170;100;50;5000
nt5171;hk-5171;100;50;5000
nt5172;hk-5172;100;50;5000
nt5173;hk-5173;100;50;5000
nt5174;hk-5174;100;50;5000
nt5175;hk-5175;100;50;5000
nt5176;hk-5176;100;50;5000
nt5177;hk-5177;100;50;5000
nt5178;hk-5178;100;50;5000
nt5179;hk-5179;100;50;5000
nt5180;hk-5180;100;50;5000
nt5181;hk-5181;100;50;5000
nt5182;hk-5182;100;50;5000
nt5183;hk-5183;100;50;5000
nt5184;hk-5184;100;50;5000
nt5185;hk-5185;100;50;5000
nt5186;hk-5186;100;50;5000
nt5187;hk-5187;100;50;5000
nt5188;hk-5188;100;50;5000
nt5189;hk-5189;100;50;5000
nt5190;hk-5190;100;50;5000
nt5191;hk-5191;100;50;5000
nt5192;hk-5192;100;50;5000
nt5193;hk-5193;100;50;5000
nt5194;hk-5194;100;50;5000
nt5195;hk-5195;100;50;5000
nt5196;hk-5196;100;50;5000
nt5197;hk-5197;100;50;5000
nt5198;hk-5198;100;50;5000
nt5199;hk-5199;100;50;5000
nt5200;hk-5200;100;50;5000
nt5201;hk-5201;100;50;5000
nt5202;hk-5202;100;50;5000
nt5203;hk-5203;100;50;5000
nt5204;hk-5204;100;50;5000
nt5205;hk-5205;100;50;5000
nt5206;hk-5206;100;50;5000
nt5207;hk-5207;100;50;5000
nt5208;hk-5208;100;50;5000
nt5209;hk-5209;100;50;5000
nt5210;hk-5210;100;50;5000
nt5211;hk-5211;100;50;5000
nt5212;hk-5212;100;50;5000
nt5213;hk-5213;100;50;5000
nt5214;hk-5214;100;50;5000
nt5215;hk-5215;100;50;5000
nt5216;hk-5216;100;50;5000
nt5217;hk-5217;100;50;5000
nt5218;hk-5218;100;50;5000
nt5219;hk-5219;100;50;5000
nt5220;hk-5220;100;50;5000
nt5221;hk-5221;100;50;5000
nt5222;hk-5222;100;50;5000
nt5223;hk-5223;100;50;5000
nt5224;hk-5224;100;50;5000
nt5225;hk-5225;100;50;5000
nt5226;hk-5226;100;50;5000
nt5227;hk-5227;100;50;5000
nt5228;hk-5228;100;50;5000
nt5229;hk-5229;100;50;5000
nt5230;hk-5230;100;50;5000
nt5231;hk-5231;100;50;5000
nt5232;hk-5232;100;50;5000
nt5233;hk-5233;100;50;5000
nt5234;hk-5234;100;50;5000
nt5235;hk-5235;100;50;5000
nt5236;hk-5236;100;50;5000
nt5237;hk-5237;100;50;5000
nt5238;hk-5238;100;50;5000
nt5239;hk-5239;100;50;5000
nt5240;hk-5240;100;50;5000
nt5241;hk-5241;100;50;5000
nt5242;hk-5242;100;50;5000
nt5243;hk-5243;100;50;5000
nt5244;hk-5244;100;50;5000
nt5245;hk-5245;100;50;5000
nt5246;hk-5246;100;50;5000
nt5247;hk-5247;100;50;5000
nt5248;hk-5248;100;50;5000
nt5249;hk-5249;100;50;5000
nt5250;hk-5250;100;50;5000
nt5251;hk-5251;100;50;5000
nt5252;hk-5252;100;50;5000
nt5253;hk-5253;100;50;5000
nt5254;hk-5254;100;50;5000
nt5255;hk-5255;100;50;5000
nt5256;hk-5256;100;50;5000
nt5257;hk-5257;100;50;5000
nt5258;hk-5258;100;50;5000
nt5259;hk-5259;100;50;5000
nt5260;hk-5260;100;50;5000
nt5261;hk-5261;100;50;5000
nt5262;hk-5262;100;50;5000
nt5263;hk-5263;100;50;5000
nt5264;hk-5264;100;50;5000
nt5265;hk-5265;100;50;5000
nt5266;hk-5266;100;50;5000
nt5267;hk-5267;100;50;5000
nt5268;hk-5268;100;50;5000
nt5269;hk-5269;100;50;5000
nt5270;hk-5270;100;50;5000
nt5271;hk-5271;100;50;5000
nt5272;hk-5272;100;50;5000
nt5273;hk-5273;100;50;5000
nt5274;hk-5274;100;50;5000
nt5275;hk-5275;100;50;5000
nt5276;hk-5276;100;50;5000
nt5277;hk-5277;100;50;5000
nt5278;hk-5278;100;50;5000
nt5279;hk-5279;100;50;5000
nt5280;hk-5280;100;50;5000
nt5281;hk-5281;100;50;5000
nt5282;hk-5282;100;50;5000
nt5283;hk-5283;100;50;5000
nt5284;hk-5284;100;50;5000
nt5285;hk-5285;100;50;5000
nt5286;hk-5286;100;50;5000
nt5287;hk-5287;100;50;5000
nt5288;hk-5288;100;50;5000
nt5289;hk-5289;100;50;5000
nt5290;hk-5290;100;50;5000
nt5291;hk-5291;100;50;5000
nt5292;hk-5292;100;50;5000
nt5293;hk-5293;100;50;5000
nt5294;hk-5294;100;50;5000
nt5295;hk-5295;100;50;5000
nt5296;hk-5296;100;50;5000
nt5297;hk-5297;100;50;5000
nt5298;hk-5298;100;50;5000
nt5299;hk-5299;100;50;5000
nt5300;hk-5300;100;50;5000
nt5301;hk-5301;100;50;5000
nt5302;hk-5302;100;50;5000
nt5303;hk-5303;100;50;5000
nt5304;hk-5304;100;50;5000
nt5305;hk-5305;100;50;5000
nt5306;hk-5306;100;50;5000
nt5307;hk-5307;100;50;5000
nt5308;hk-5308;100;50;5000
nt5309;hk-5309;100;50;5000
nt5310;hk-5310;100;50;5000
nt5311;hk-5311;100;50;5000
nt5312;hk-5312;100;50;5000
nt5313;hk-5313;100;50;5000
nt5314;hk-5314;100;50;5000
nt5315;hk-5315;100;50;5000
nt5316;hk-5316;100;50;5000
nt5317;hk-5317;100;50;5000
nt5318;hk-5318;100;50;5000
nt5319;hk-5319;100;50;5000
nt5320;hk-5320;100;50;5000
nt5321;hk-5321;100;50;5000
nt5322;hk-5322;100;50;5000
nt5323;hk-5323;100;50;5000
nt5324;hk-5324;100;50;5000
nt5325;hk-5325;100;50;5000
nt5326;hk-5326;100;50;5000
nt5327;hk-5327;100;50;5000
nt5328;hk-5328;100;50;5000
nt5329;hk-5329;100;50;5000
nt5330;hk-5330;100;50;5000
nt5331;hk-5331;100;50;5000
nt5332;hk-5332;100;50;5000
nt5333;hk-5333;100;50;5000
nt5334;hk-5334;100;50;5000
nt5335;hk-5335;100;50;5000
nt5336;hk-5336;100;50;5000
nt5337;hk-5337;100;50;5000
nt5338;hk-5338;100;50;5000
nt5339;hk-5339;100;50;5000
nt5340;hk-5340;100;50;5000
nt5341;hk-5341;100;50;5000
nt5342;hk-5342;100;50;5000
nt5343;hk-5343;100;50;5000
nt5344;hk-5344;100;50;5000
nt5345;hk-5345;100;50;5000
nt5346;hk-5346;100;50;5000
nt5347;hk-5347;100;50;5000
nt5348;hk-5348;100;50;5000
nt5349;hk-5349;100;50;5000
nt5350;hk-5350;100;50;5000
nt5351;hk-5351;100;50;5000
nt5352;hk-5352;100;50;5000
nt5353;hk-5353;100;50;5000
nt5354;hk-5354;100;50;5000
nt5355;hk-5355;100;50;5000
nt5356;hk-5356;100;50;5000
nt5357;hk-5357;100;50;5000
nt5358;hk-5358;100;50;5000
nt5359;hk-5359;100;50;5000
nt5360;hk-5360;100;50;5000
nt5361;hk-5361;100;50;5000
nt5362;hk-5362;100;50;5000
nt5363;hk-5363;100;50;5000
nt5364;hk-5364;100;50;5000
nt5365;hk-5365;100;50;5000
nt5366;hk-5366;100;50;5000
nt5367;hk-5367;100;50;5000
nt5368;hk-5368;100;50;5000
nt5369;hk-5369;100;50;5000
nt5370;hk-5370;100;50;5000
nt5371;hk-5371;100;50;5000
nt5372;hk-5372;100;50;5000
nt5373;hk-5373;100;50;5000
nt5374;hk-5374;100;50;5000
nt5375;hk-5375;100;50;5000
nt5376;hk-5376;100;50;5000
nt5377;hk-5377;100;50;5000
nt5378;hk-5378;100;50;5000
nt5379;hk-5379;100;50;5000
nt5380;hk-5380;100;50;5000
nt5381;hk-5381;100;50;5000
nt5382;hk-5382;100;50;5000
nt5383;hk-5383;100;50;5000
nt5384;hk-5384;100;50;5000
nt5385;hk-5385;100;50;5000
nt5386;hk-5386;100;50;5000
nt5387;hk-5387;100;50;5000
nt5388;hk-5388;100;50;5000
nt5389;hk-5389;100;50;5000
nt5390;hk-5390;100;50;5000
nt5391;hk-5391;100;50;5000
nt5392;hk-5392;100;50;5000
nt5393;hk-5393;100;50;5000
nt5394;hk-5394;100;50;5000
nt5395;hk-5395;100;50;5000
nt5396;hk-5396;100;50;5000
nt5397;hk-5397;100;50;5000
nt5398;hk-5398;100;50;5000
nt5399;hk-5399;100;50;5000
nt5400;hk-5400;100;50;5000
nt5401;hk-5401;100;50;5000
nt5402;hk-5402;100;50;5000
nt5403;hk-5403;100;50;5000
nt5404;hk-5404;100;50;5000
nt5405;hk-5405;100;50;5000
nt5406;hk-5406;100;50;5000
nt5407;hk-5407;100;50;5000
nt5408;hk-5408;100;50;5000
nt5409;hk-5409;100;50;5000
nt5410;hk-5410;100;50;5000
nt5411;hk-5411;100;50;5000
nt5412;hk-5412;100;50;5000
nt5413;hk-5413;100;50;5000
nt5414;hk-5414;100;50;5000
nt5415;hk-5415;100;50;5000
nt5416;hk-5416;100;50;5000
nt5417;hk-5417;100;50;5000
nt5418;hk-5418;100;50;5000
nt5419;hk-5419;100;50;5000
nt5420;hk-5420;100;50;5000
nt5421;hk-5421;100;50;5000
nt5422;hk-5422;100;50;5000
nt5423;hk-5423;100;50;5000
nt5424;hk-5424;100;50;5000
nt5425;hk-5425;100;50;5000
nt5426;hk-5426;100;50;5000
nt5427;hk-5427;100;50;5000
nt5428;hk-5428;100;50;5000
nt5429;hk-5429;100;50;5000
nt5430;hk-5430;100;50;5000
nt5431;hk-5431;100;50;5000
nt5432;hk-5432;100;50;5000
nt5433;hk-5433;100;50;5000
nt5434;hk-5434;100;50;5000
nt5435;hk-5435;100;50;5000
nt5436;hk-5436;100;50;5000
nt5437;hk-5437;100;50;5000
nt5438;hk-5438;100;50;5000
nt5439;hk-5439;100;50;5000
nt5440;hk-5440;100;50;5000
nt5441;hk-5441;100;50;5000
nt5442;hk-5442;100;50;5000
nt5443;hk-5443;100;50;5000
nt5444;hk-5444;100;50;5000
nt5445;hk-5445;100;50;5000
nt5446;hk-5446;100;50;5000
nt5447;hk-5447;100;50;5000
nt5448;hk-5448;100;50;5000
nt5449;hk-5449;100;50;5000
nt5450;hk-5450;100;50;5000
nt5451;hk-5451;100;50;5000
nt5452;hk-5452;100;50;5000
nt5453;hk-5453;100;50;5000
nt5454;hk-5454;100;50;5000
nt5455;hk-5455;100;50;5000
nt5456;hk-5456;100;50;5000
nt5457;hk-5457;100;50;5000
nt5458;hk-5458;100;50;5000
nt5459;hk-5459;100;50;5000
nt5460;hk-5460;100;50;5000
nt5461;hk-5461;100;50;5000
nt5462;hk-5462;100;50;5000
nt5463;hk-5463;100;50;5000
nt5464;hk-5464;100;50;5000
nt5465;hk-5465;100;50;5000
nt5466;hk-5466;100;50;5000
nt5467;hk-5467;100;50;5000
nt5468;hk-5468;100;50;5000
nt5469;hk-5469;100;50;5000
nt5470;hk-5470;100;50;5000
nt5471;hk-5471;100;50;5000
nt5472;hk-5472;100;50;5000
nt5473;hk-5473;100;50;5000
nt5474;hk-5474;100;50;5000
nt5475;hk-5475;100;50;5000
nt5476;hk-5476;100;50;5000
nt5477;hk-5477;100;50;5000
nt5478;hk-5478;100;50;5000
nt5479;hk-5479;100;50;5000
nt5480;hk-5480;100;50;5000
nt5481;hk-5481;100;50;5000
nt5482;hk-5482;100;50;5000
nt5483;hk-5483;100;50;5000
nt5484;hk-5484;100;50;5000
nt5485;hk-5485;100;50;5000
nt5486;hk-5486;100;50;5000
nt5487;hk-5487;100;50;5000
nt5488;hk-5488;100;50;5000
nt5489;hk-5489;100;50;5000
nt5490;hk-5490;100;50;5000
nt5491;hk-5491;100;50;5000
nt5492;hk-5492;100;50;5000
nt5493;hk-5493;100;50;5000
nt5494;hk-5494;100;50;5000
nt5495;hk-5495;100;50;5000
nt5496;hk-5496;100;50;5000
nt5497;hk-5497;100;50;5000
nt5498;hk-5498;100;50;5000
nt5499;hk-5499;100;50;5000
nt5500;hk-5500;100;50;5000
nt5501;hk-5501;100;50;5000
nt5502;hk-5502;100;50;5000
nt5503;hk-5503;100;50;5000
nt5504;hk-5504;100;50;5000
nt5505;hk-5505;100;50;5000
nt5506;hk-5506;100;50;5000
nt5507;hk-5507;100;50;5000
nt5508;hk-5508;100;50;5000
nt5509;hk-5509;100;50;5000
nt5510;hk-5510;100;50;5000
nt5511;hk-5511;100;50;5000
nt5512;hk-5512;100;50;5000
nt5513;hk-5513;100;50;5000
nt5514;hk-5514;100;50;5000
nt5515;hk-5515;100;50;5000
nt5516;hk-5516;100;50;5000
nt5517;hk-5517;100;50;5000
nt5518;hk-5518;100;50;5000
nt5519;hk-5519;100;50;5000
nt5520;hk-5520;100;50;5000
nt5521;hk-5521;100;50;5000
nt5522;hk-5522;100;50;5000
nt5523;hk-5523;100;50;5000
nt5524;hk-5524;100;50;5000
nt5525;hk-5525;100;50;5000
nt5526;hk-5526;100;50;5000
nt5527;hk-5527;100;50;5000
nt5528;hk-5528;100;50;5000
nt5529;hk-5529;100;50;5000
nt5530;hk-5530;100;50;5000
nt5531;hk-5531;100;50;5000
nt5532;hk-5532;100;50;5000
nt5533;hk-5533;100;50;5000
nt5534;hk-5534;100;50;5000
nt5535;hk-5535;100;50;5000
nt5536;hk-5536;100;50;5000
nt5537;hk-5537;100;50;5000
nt5538;hk-5538;100;50;5000
nt5539;hk-5539;100;50;5000
nt5540;hk-5540;100;50;5000
nt5541;hk-5541;100;50;5000
nt5542;hk-5542;100;50;5000
nt5543;hk-5543;100;50;5000
nt5544;hk-5544;100;50;5000
nt5545;hk-5545;100;50;5000
nt5546;hk-5546;100;50;5000
nt5547;hk-5547;100;50;5000
nt5548;hk-5548;100;50;5000
nt5549;hk-5549;100;50;5000
nt5550;hk-5550;100;50;5000
nt5551;hk-5551;100;50;5000
nt5552;hk-5552;100;50;5000
nt5553;hk-5553;100;50;5000
nt5554;hk-5554;100;50;5000
nt5555;hk-5555;100;50;5000
nt5556;hk-5556;100;50;5000
nt5557;hk-5557;100;50;5000
nt5558;hk-5558;100;50;5000
nt5559;hk-5559;100;50;5000
nt5560;hk-5560;100;50;5000
nt5561;hk-5561;100;50;5000
nt5562;hk-5562;100;50;5000
nt5563;hk-5563;100;50;5000
nt5564;hk-5564;100;50;5000
nt5565;hk-5565;100;50;5000
nt5566;hk-5566;100;50;5000
nt5567;hk-5567;100;50;5000
nt5568;hk-5568;100;50;5000
nt5569;hk-5569;100;50;5000
nt5570;hk-5570;100;50;5000
nt5571;hk-5571;100;50;5000
nt5572;hk-5572;100;50;5000
nt5573;hk-5573;100;50;5000
nt5574;hk-5574;100;50;5000
nt5575;hk-5575;100;50;5000
nt5576;hk-5576;100;50;5000
nt5577;hk-5577;100;50;5000
nt5578;hk-5578;100;50;5000
nt5579;hk-5579;100;50;5000
nt5580;hk-5580;100;50;5000
nt5581;hk-5581;100;50;5000
nt5582;hk-5582;100;50;5000
nt5583;hk-5583;100;50;5000
nt5584;hk-5584;100;50;5000
nt5585;hk-5585;100;50;5000
nt5586;hk-5586;100;50;5000
nt5587;hk-5587;100;50;5000
nt5588;hk-5588;100;50;5000
nt5589;hk-5589;100;50;5000
nt5590;hk-5590;100;50;5000
nt5591;hk-5591;100;50;5000
nt5592;hk-5592;100;50;5000
nt5593;hk-5593;100;50;5000
nt5594;hk-5594;100;50;5000
nt5595;hk-5595;100;50;5000
nt5596;hk-5596;100;50;5000
nt5597;hk-5597;100;50;5000
nt5598;hk-5598;100;50;5000
nt5599;hk-5599;100;50;5000
nt5600;hk-5600;100;50;5000
nt5601;hk-5601;100;50;5000
nt5602;hk-5602;100;50;5000
nt5603;hk-5603;100;50;5000
nt5604;hk-5604;100;50;5000
nt5605;hk-5605;100;50;5000
nt5606;hk-5606;100;50;5000
nt5607;hk-5607;100;50;5000
nt5608;hk-5608;100;50;5000
nt5609;hk-5609;100;50;5000
nt5610;hk-5610;100;50;5000
nt5611;hk-5611;100;50;5000
nt5612;hk-5612;100;50;5000
nt5613;hk-5613;100;50;5000
nt5614;hk-5614;100;50;5000
nt5615;hk-5615;100;50;5000
nt5616;hk-5616;100;50;5000
nt5617;hk-5617;100;50;5000
nt5618;hk-5618;100;50;5000
nt5619;hk-5619;100;50;5000
nt5620;hk-5620;100;50;5000
nt5621;hk-5621;100;50;5000
nt5622;hk-5622;100;50;5000
nt5623;hk-5623;100;50;5000
nt5624;hk-5624;100;50;5000
nt5625;hk-5625;100;50;5000
nt5626;hk-5626;100;50;5000
nt5627;hk-5627;100;50;5000
nt5628;hk-5628;100;50;5000
nt5629;hk-5629;100;50;5000
nt5630;hk-5630;100;50;5000
nt5631;hk-5631;100;50;5000
nt5632;hk-5632;100;50;5000
nt5633;hk-5633;100;50;5000
nt5634;hk-5634;100;50;5000
nt5635;hk-5635;100;50;5000
nt5636;hk-5636;100;50;5000
nt5637;hk-5637;100;50;5000
nt5638;hk-5638;100;50;5000
nt5639;hk-5639;100;50;5000
nt5640;hk-5640;100;50;5000
nt5641;hk-5641;100;50;5000
nt5642;hk-5642;100;50;5000
nt5643;hk-5643;100;50;5000
nt5644;hk-5644;100;50;5000
nt5645;hk-5645;100;50;5000
nt5646;hk-5646;100;50;5000
nt5647;hk-5647;100;50;5000
nt5648;hk-5648;100;50;5000
nt5649;hk-5649;100;50;5000
nt5650;hk-5650;100;50;5000
nt5651;hk-5651;100;50;5000
nt5652;hk-5652;100;50;5000
nt5653;hk-5653;100;50;5000
nt5654;hk-5654;100;50;5000
nt5655;hk-5655;100;50;5000
nt5656;hk-5656;100;50;5000
nt5657;hk-5657;100;50;5000
nt5658;hk-5658;100;50;5000
nt5659;hk-5659;100;50;5000
nt5660;hk-5660;100;50;5000
nt5661;hk-5661;100;50;5000
nt5662;hk-5662;100;50;5000
nt5663;hk-5663;100;50;5000
nt5664;hk-5664;100;50;5000
nt5665;hk-5665;100;50;5000
nt5666;hk-5666;100;50;5000
nt5667;hk-5667;100;50;5000
nt5668;hk-5668;100;50;5000
nt5669;hk-5669;100;50;5000
nt5670;hk-5670;100;50;5000
nt5671;hk-5671;100;50;5000
nt5672;hk-5672;100;50;5000
nt5673;hk-5673;100;50;5000
nt5674;hk-5674;100;50;5000
nt5675;hk-5675;100;50;5000
nt5676;hk-5676;100;50;5000
nt5677;hk-5677;100;50;5000
nt5678;hk-5678;100;50;5000
nt5679;hk-5679;100;50;5000
nt5680;hk-5680;100;50;5000
nt5681;hk-5681;100;50;5000
nt5682;hk-5682;100;50;5000
nt5683;hk-5683;100;50;5000
nt5684;hk-5684;100;50;5000
nt5685;hk-5685;100;50;5000
nt5686;hk-5686;100;50;5000
nt5687;hk-5687;100;50;5000
nt5688;hk-5688;100;50;5000
nt5689;hk-5689;100;50;5000
nt5690;hk-5690;100;50;5000
nt5691;hk-5691;100;50;5000
nt5692;hk-5692;100;50;5000
nt5693;hk-5693;100;50;5000
nt5694;hk-5694;100;50;5000
nt5695;hk-5695;100;50;5000
nt5696;hk-5696;100;50;5000
nt5697;hk-5697;100;50;5000
nt5698;hk-5698;100;50;5000
nt5699;hk-5699;100;50;5000
nt5700;hk-5700;100;50;5000
nt5701;hk-5701;100;50;5000
nt5702;hk-5702;100;50;5000
nt5703;hk-5703;100;50;5000
nt5704;hk-5704;100;50;5000
nt5705;hk-5705;100;50;5000
nt5706;hk-5706;100;50;5000
nt5707;hk-5707;100;50;5000
nt5708;hk-5708;100;50;5000
nt5709;hk-5709;100;50;5000
nt5710;hk-5710;100;50;5000
nt5711;hk-5711;100;50;5000
nt5712;hk-5712;100;50;5000
nt5713;hk-5713;100;50;5000
nt5714;hk-5714;100;50;5000
nt5715;hk-5715;100;50;5000
nt5716;hk-5716;100;50;5000
nt5717;hk-5717;100;50;5000
nt5718;hk-5718;100;50;5000
nt5719;hk-5719;100;50;5000
nt5720;hk-5720;100;50;5000
nt5721;hk-5721;100;50;5000
nt5722;hk-5722;100;50;5000
nt5723;hk-5723;100;50;5000
nt5724;hk-5724;100;50;5000
nt5725;hk-5725;100;50;5000
nt5726;hk-5726;100;50;5000
nt5727;hk-5727;100;50;5000
nt5728;hk-5728;100;50;5000
nt5729;hk-5729;100;50;5000
nt5730;hk-5730;100;50;5000
nt5731;hk-5731;100;50;5000
nt5732;hk-5732;100;50;5000
nt5733;hk-5733;100;50;5000
nt5734;hk-5734;100;50;5000
nt5735;hk-5735;100;50;5000
nt5736;hk-5736;100;50;5000
nt5737;hk-5737;100;50;5000
nt5738;hk-5738;100;50;5000
nt5739;hk-5739;100;50;5000
nt5740;hk-5740;100;50;5000
nt5741;hk-5741;100;50;5000
nt5742;hk-5742;100;50;5000
nt5743;hk-5743;100;50;5000
nt5744;hk-5744;100;50;5000
nt5745;hk-5745;100;50;5000
nt5746;hk-5746;100;50;5000
nt5747;hk-5747;100;50;5000
nt5748;hk-5748;100;50;5000
nt5749;hk-5749;100;50;5000
nt5750;hk-5750;100;50;5000
nt5751;hk-5751;100;50;5000
nt5752;hk-5752;100;50;5000
nt5753;hk-5753;100;50;5000
nt5754;hk-5754;100;50;5000
nt5755;hk-5755;100;50;5000
nt5756;hk-5756;100;50;5000
nt5757;hk-5757;100;50;5000
nt5758;hk-5758;100;50;5000
nt5759;hk-5759;100;50;5000
nt5760;hk-5760;100;50;5000
nt5761;hk-5761;100;50;5000
nt5762;hk-5762;100;50;5000
nt5763;hk-5763;100;50;5000
nt5764;hk-5764;100;50;5000
nt5765;hk-5765;100;50;5000
nt5766;hk-5766;100;50;5000
nt5767;hk-5767;100;50;5000
nt5768;hk-5768;100;50;5000
nt5769;hk-5769;100;50;5000
nt5770;hk-5770;100;50;5000
nt5771;hk-5771;100;50;5000
nt5772;hk-5772;100;50;5000
nt5773;hk-5773;100;50;5000
nt5774;hk-5774;100;50;5000
nt5775;hk-5775;100;50;5000
nt5776;hk-5776;100;50;5000
nt5777;hk-5777;100;50;5000
nt5778;hk-5778;100;50;5000
nt5779;hk-5779;100;50;5000
nt5780;hk-5780;100;50;5000
nt5781;hk-5781;100;50;5000
nt5782;hk-5782;100;50;5000
nt5783;hk-5783;100;50;5000
nt5784;hk-5784;100;50;5000
nt5785;hk-5785;100;50;5000
nt5786;hk-5786;100;50;5000
nt5787;hk-5787;100;50;5000
nt5788;hk-5788;100;50;5000
nt5789;hk-5789;100;50;5000
nt5790;hk-5790;100;50;5000
nt5791;hk-5791;100;50;5000
nt5792;hk-5792;100;50;5000
nt5793;hk-5793;100;50;5000
nt5794;hk-5794;100;50;5000
nt5795;hk-5795;100;50;5000
nt5796;hk-5796;100;50;5000
nt5797;hk-5797;100;50;5000
nt5798;hk-5798;100;50;5000
nt5799;hk-5799;100;50;5000
nt5800;hk-5800;100;50;5000
nt5801;hk-5801;100;50;5000
nt5802;hk-5802;100;50;5000
nt5803;hk-5803;100;50;5000
nt5804;hk-5804;100;50;5000
nt5805;hk-5805;100;50;5000
nt5806;hk-5806;100;50;5000
nt5807;hk-5807;100;50;5000
nt5808;hk-5808;100;50;5000
nt5809;hk-5809;100;50;5000
nt5810;hk-5810;100;50;5000
nt5811;hk-5811;100;50;5000
nt5812;hk-5812;100;50;5000
nt5813;hk-5813;100;50;5000
nt5814;hk-5814;100;50;5000
nt5815;hk-5815;100;50;5000
nt5816;hk-5816;100;50;5000
nt5817;hk-5817;100;50;5000
nt5818;hk-5818;100;50;5000
nt5819;hk-5819;100;50;5000
nt5820;hk-5820;100;50;5000
nt5821;hk-5821;100;50;5000
nt5822;hk-5822;100;50;5000
nt5823;hk-5823;100;50;5000
nt5824;hk-5824;100;50;5000
nt5825;hk-5825;100;50;5000
nt5826;hk-5826;100;50;5000
nt5827;hk-5827;100;50;5000
nt5828;hk-5828;100;50;5000
nt5829;hk-5829;100;50;5000
nt5830;hk-5830;100;50;5000
nt5831;hk-5831;100;50;5000
nt5832;hk-5832;100;50;5000
nt5833;hk-5833;100;50;5000
nt5834;hk-5834;100;50;5000
nt5835;hk-5835;100;50;5000
nt5836;hk-5836;100;50;5000
nt5837;hk-5837;100;50;5000
nt5838;hk-5838;100;50;5000
nt5839;hk-5839;100;50;5000
nt5840;hk-5840;100;50;5000
nt5841;hk-5841;100;50;5000
nt5842;hk-5842;100;50;5000
nt5843;hk-5843;100;50;5000
nt5844;hk-5844;100;50;5000
nt5845;hk-5845;100;50;5000
nt5846;hk-5846;100;50;5000
nt5847;hk-5847;100;50;5000
nt5848;hk-5848;100;50;5000
nt5849;hk-5849;100;50;5000
nt5850;hk-5850;100;50;5000
nt5851;hk-5851;100;50;5000
nt5852;hk-5852;100;50;5000
nt5853;hk-5853;100;50;5000
nt5854;hk-5854;100;50;5000
nt5855;hk-5855;100;50;5000
nt5856;hk-5856;100;50;5000
nt5857;hk-5857;100;50;5000
nt5858;hk-5858;100;50;5000
nt5859;hk-5859;100;50;5000
nt5860;hk-5860;100;50;5000
nt5861;hk-5861;100;50;5000
nt5862;hk-5862;100;50;5000
nt5863;hk-5863;100;50;5000
nt5864;hk-5864;100;50;5000
nt5865;hk-5865;100;50;5000
nt5866;hk-5866;100;50;5000
nt5867;hk-5867;100;50;5000
nt5868;hk-5868;100;50;5000
nt5869;hk-5869;100;50;5000
nt5870;hk-5870;100;50;5000
nt5871;hk-5871;100;50;5000
nt5872;hk-5872;100;50;5000
nt5873;hk-5873;100;50;5000
nt5874;hk-5874;100;50;5000
nt5875;hk-5875;100;50;5000
nt5876;hk-5876;100;50;5000
nt5877;hk-5877;100;50;5000
nt5878;hk-5878;100;50;5000
nt5879;hk-5879;100;50;5000
nt5880;hk-5880;100;50;5000
nt5881;hk-5881;100;50;5000
nt5882;hk-5882;100;50;5000
nt5883;hk-5883;100;50;5000
nt5884;hk-5884;100;50;5000
nt5885;hk-5885;100;50;5000
nt5886;hk-5886;100;50;5000
nt5887;hk-5887;100;50;5000
nt5888;hk-5888;100;50;5000
nt5889;hk-5889;100;50;5000
nt5890;hk-5890;100;50;5000
nt5891;hk-5891;100;50;5000
nt5892;hk-5892;100;50;5000
nt5893;hk-5893;100;50;5000
nt5894;hk-5894;100;50;5000
nt5895;hk-5895;100;50;5000
nt5896;hk-5896;100;50;5000
nt5897;hk-5897;100;50;5000
nt5898;hk-5898;100;50;5000
nt5899;hk-5899;100;50;5000
nt5900;hk-5900;100;50;5000
nt5901;hk-5901;100;50;5000
nt5902;hk-5902;100;50;5000
nt5903;hk-5903;100;50;5000
nt5904;hk-5904;100;50;5000
nt5905;hk-5905;100;50;5000
nt5906;hk-5906;100;50;5000
nt5907;hk-5907;100;50;5000
nt5908;hk-5908;100;50;5000
nt5909;hk-5909;100;50;5000
nt5910;hk-5910;100;50;5000
nt5911;hk-5911;100;50;5000
nt5912;hk-5912;100;50;5000
nt5913;hk-5913;100;50;5000
nt5914;hk-5914;100;50;5000
nt5915;hk-5915;100;50;5000
nt5916;hk-5916;100;50;5000
nt5917;hk-5917;100;50;5000
nt5918;hk-5918;100;50;5000
nt5919;hk-5919;100;50;5000
nt5920;hk-5920;100;50;5000
nt5921;hk-5921;100;50;5000
nt5922;hk-5922;100;50;5000
nt5923;hk-5923;100;50;5000
nt5924;hk-5924;100;50;5000
nt5925;hk-5925;100;50;5000
nt5926;hk-5926;100;50;5000
nt5927;hk-5927;100;50;5000
nt5928;hk-5928;100;50;5000
nt5929;hk-5929;100;50;5000
nt5930;hk-5930;100;50;5000
nt5931;hk-5931;100;50;5000
nt5932;hk-5932;100;50;5000
nt5933;hk-5933;100;50;5000
nt5934;hk-5934;100;50;5000
nt5935;hk-5935;100;50;5000
nt5936;hk-5936;100;50;5000
nt5937;hk-5937;100;50;5000
nt5938;hk-5938;100;50;5000
nt5939;hk-5939;100;50;5000
nt5940;hk-5940;100;50;5000
nt5941;hk-5941;100;50;5000
nt5942;hk-5942;100;50;5000
nt5943;hk-5943;100;50;5000
nt5944;hk-5944;100;50;5000
nt5945;hk-5945;100;50;5000
nt5946;hk-5946;100;50;5000
nt5947;hk-5947;100;50;5000
nt5948;hk-5948;100;50;5000
nt5949;hk-5949;100;50;5000
nt5950;hk-5950;100;50;5000
nt5951;hk-5951;100;50;5000
nt5952;hk-5952;100;50;5000
nt5953;hk-5953;100;50;5000
nt5954;hk-5954;100;50;5000
nt5955;hk-5955;100;50;5000
nt5956;hk-5956;100;50;5000
nt5957;hk-5957;100;50;5000
nt5958;hk-5958;100;50;5000
nt5959;hk-5959;100;50;5000
nt5960;hk-5960;100;50;5000
nt5961;hk-5961;100;50;5000
nt5962;hk-5962;100;50;5000
nt5963;hk-5963;100;50;5000
nt5964;hk-5964;100;50;5000
nt5965;hk-5965;100;50;5000
nt5966;hk-5966;100;50;5000
nt5967;hk-5967;100;50;5000
nt5968;hk-5968;100;50;5000
nt5969;hk-5969;100;50;5000
nt5970;hk-5970;100;50;5000
nt5971;hk-5971;100;50;5000
nt5972;hk-5972;100;50;5000
nt5973;hk-5973;100;50;5000
nt5974;hk-5974;100;50;5000
nt5975;hk-5975;100;50;5000
nt5976;hk-5976;100;50;5000
nt5977;hk-5977;100;50;5000
nt5978;hk-5978;100;50;5000
nt5979;hk-5979;100;50;5000
nt5980;hk-5980;100;50;5000
nt5981;hk-5981;100;50;5000
nt5982;hk-5982;100;50;5000
nt5983;hk-5983;100;50;5000
nt5984;hk-5984;100;50;5000
nt5985;hk-5985;100;50;5000
nt5986;hk-5986;100;50;5000
nt5987;hk-5987;100;50;5000
nt5988;hk-5988;100;50;5000
nt5989;hk-5989;100;50;5000
nt5990;hk-5990;100;50;5000
nt5991;hk-5991;100;50;5000
nt5992;hk-5992;100;50;5000
nt5993;hk-5993;100;50;5000
nt5994;hk-5994;100;50;5000
nt5995;hk-5995;100;50;5000
nt5996;hk-5996;100;50;5000
nt5997;hk-5997;100;50;5000
nt5998;hk-5998;100;50;5000
nt5999;hk-5999;100;50;5000
nt6000;hk-6000;100;50;5000
nt6001;hk-6001;100;50;5000
nt6002;hk-6002;100;50;5000
nt6003;hk-6003;100;50;5000
nt6004;hk-6004;100;50;5000
nt6005;hk-6005;100;50;5000
nt6006;hk-6006;100;50;5000
nt6007;hk-6007;100;50;5000
nt6008;hk-6008;100;50;5000
nt6009;hk-6009;100;50;5000
nt6010;hk-6010;100;50;5000
nt6011;hk-6011;100;50;5000
nt6012;hk-6012;100;50;5000
nt6013;hk-6013;100;50;5000
nt6014;hk-6014;100;50;5000
nt6015;hk-6015;100;50;5000
nt6016;hk-6016;100;50;5000
nt6017;hk-6017;100;50;5000
nt6018;hk-6018;100;50;5000
nt6019;hk-6019;100;50;5000
nt6020;hk-6020;100;50;5000
nt6021;hk-6021;100;50;5000
nt6022;hk-6022;100;50;5000
nt6023;hk-6023;100;50;5000
nt6024;hk-6024;100;50;5000
nt6025;hk-6025;100;50;5000
nt6026;hk-6026;100;50;5000
nt6027;hk-6027;100;50;5000
nt6028;hk-6028;100;50;5000
nt6029;hk-6029;100;50;5000
nt6030;hk-6030;100;50;5000
nt6031;hk-6031;100;50;5000
nt6032;hk-6032;100;50;5000
nt6033;hk-6033;100;50;5000
nt6034;hk-6034;100;50;5000
nt6035;hk-6035;100;50;5000
nt6036;hk-6036;100;50;5000
nt6037;hk-6037;100;50;5000
nt6038;hk-6038;100;50;5000
nt6039;hk-6039;100;50;5000
nt6040;hk-6040;100;50;5000
nt6041;hk-6041;100;50;5000
nt6042;hk-6042;100;50;5000
nt6043;hk-6043;100;50;5000
nt6044;hk-6044;100;50;5000
nt6045;hk-6045;100;50;5000
nt6046;hk-6046;100;50;5000
nt6047;hk-6047;100;50;5000
nt6048;hk-6048;100;50;5000
nt6049;hk-6049;100;50;5000
nt6050;hk-6050;100;50;5000
nt6051;hk-6051;100;50;5000
nt6052;hk-6052;100;50;5000
nt6053;hk-6053;100;50;5000
nt6054;hk-6054;100;50;5000
nt6055;hk-6055;100;50;5000
nt6056;hk-6056;100;50;5000
nt6057;hk-6057;100;50;5000
nt6058;hk-6058;100;50;5000
nt6059;hk-6059;100;50;5000
nt6060;hk-6060;100;50;5000
nt6061;hk-6061;100;50;5000
nt6062;hk-6062;100;50;5000
nt6063;hk-6063;100;50;5000
nt6064;hk-6064;100;50;5000
nt6065;hk-6065;100;50;5000
nt6066;hk-6066;100;50;5000
nt6067;hk-6067;100;50;5000
nt6068;hk-6068;100;50;5000
nt6069;hk-6069;100;50;5000
nt6070;hk-6070;100;50;5000
nt6071;hk-6071;100;50;5000
nt6072;hk-6072;100;50;5000
nt6073;hk-6073;100;50;5000
nt6074;hk-6074;100;50;5000
nt6075;hk-6075;100;50;5000
nt6076;hk-6076;100;50;5000
nt6077;hk-6077;100;50;5000
nt6078;hk-6078;100;50;5000
nt6079;hk-6079;100;50;5000
nt6080;hk-6080;100;50;5000
nt6081;hk-6081;100;50;5000
nt6082;hk-6082;100;50;5000
nt6083;hk-6083;100;50;5000
nt6084;hk-6084;100;50;5000
nt6085;hk-6085;100;50;5000
nt6086;hk-6086;100;50;5000
nt6087;hk-6087;100;50;5000
nt6088;hk-6088;100;50;5000
nt6089;hk-6089;100;50;5000
nt6090;hk-6090;100;50;5000
nt6091;hk-6091;100;50;5000
nt6092;hk-6092;100;50;5000
nt6093;hk-6093;100;50;5000
nt6094;hk-6094;100;50;5000
nt6095;hk-6095;100;50;5000
nt6096;hk-6096;100;50;5000
nt6097;hk-6097;100;50;5000
nt6098;hk-6098;100;50;5000
nt6099;hk-6099;100;50;5000
nt6100;hk-6100;100;50;5000
nt6101;hk-6101;100;50;5000
nt6102;hk-6102;100;50;5000
nt6103;hk-6103;100;50;5000
nt6104;hk-6104;100;50;5000
nt6105;hk-6105;100;50;5000
nt6106;hk-6106;100;50;5000
nt6107;hk-6107;100;50;5000
nt6108;hk-6108;100;50;5000
nt6109;hk-6109;100;50;5000
nt6110;hk-6110;100;50;5000
nt6111;hk-6111;100;50;5000
nt6112;hk-6112;100;50;5000
nt6113;hk-6113;100;50;5000
nt6114;hk-6114;100;50;5000
nt6115;hk-6115;100;50;5000
nt6116;hk-6116;100;50;5000
nt6117;hk-6117;100;50;5000
nt6118;hk-6118;100;50;5000
nt6119;hk-6119;100;50;5000
nt6120;hk-6120;100;50;5000
nt6121;hk-6121;100;50;5000
nt6122;hk-6122;100;50;5000
nt6123;hk-6123;100;50;5000
nt6124;hk-6124;100;50;5000
nt6125;hk-6125;100;50;5000
nt6126;hk-6126;100;50;5000
nt6127;hk-6127;100;50;5000
nt6128;hk-6128;100;50;5000
nt6129;hk-6129;100;50;5000
nt6130;hk-6130;100;50;5000
nt6131;hk-6131;100;50;5000
nt6132;hk-6132;100;50;5000
nt6133;hk-6133;100;50;5000
nt6134;hk-6134;100;50;5000
nt6135;hk-6135;100;50;5000
nt6136;hk-6136;100;50;5000
nt6137;hk-6137;100;50;5000
nt6138;hk-6138;100;50;5000
nt6139;hk-6139;100;50;5000
nt6140;hk-6140;100;50;5000
nt6141;hk-6141;100;50;5000
nt6142;hk-6142;100;50;5000
nt6143;hk-6143;100;50;5000
nt6144;hk-6144;100;50;5000
nt6145;hk-6145;100;50;5000
nt6146;hk-6146;100;50;5000
nt6147;hk-6147;100;50;5000
nt6148;hk-6148;100;50;5000
nt6149;hk-6149;100;50;5000
nt6150;hk-6150;100;50;5000
nt6151;hk-6151;100;50;5000
nt6152;hk-6152;100;50;5000
nt6153;hk-6153;100;50;5000
nt6154;hk-6154;100;50;5000
nt6155;hk-6155;100;50;5000
nt6156;hk-6156;100;50;5000
nt6157;hk-6157;100;50;5000
nt6158;hk-6158;100;50;5000
nt6159;hk-6159;100;50;5000
nt6160;hk-6160;100;50;5000
nt6161;hk-6161;100;50;5000
nt6162;hk-6162;100;50;5000
nt6163;hk-6163;100;50;5000
nt6164;hk-6164;100;50;5000
nt6165;hk-6165;100;50;5000
nt6166;hk-6166;100;50;5000
nt6167;hk-6167;100;50;5000
nt6168;hk-6168;100;50;5000
nt6169;hk-6169;100;50;5000
nt6170;hk-6170;100;50;5000
nt6171;hk-6171;100;50;5000
nt6172;hk-6172;100;50;5000
nt6173;hk-6173;100;50;5000
nt6174;hk-6174;100;50;5000
nt6175;hk-6175;100;50;5000
nt6176;hk-6176;100;50;5000
nt6177;hk-6177;100;50;5000
nt6178;hk-6178;100;50;5000
nt6179;hk-6179;100;50;5000
nt6180;hk-6180;100;50;5000
nt6181;hk-6181;100;50;5000
nt6182;hk-6182;100;50;5000
nt6183;hk-6183;100;50;5000
nt6184;hk-6184;100;50;5000
nt6185;hk-6185;100;50;5000
nt6186;hk-6186;100;50;5000
nt6187;hk-6187;100;50;5000
nt6188;hk-6188;100;50;5000
nt6189;hk-6189;100;50;5000
nt6190;hk-6190;100;50;5000
nt6191;hk-6191;100;50;5000
nt6192;hk-6192;100;50;5000
nt6193;hk-6193;100;50;5000
nt6194;hk-6194;100;50;5000
nt6195;hk-6195;100;50;5000
nt6196;hk-6196;100;50;5000
nt6197;hk-6197;100;50;5000
nt6198;hk-6198;100;50;5000
nt6199;hk-6199;100;50;5000
nt6200;hk-6200;100;50;5000
nt6201;hk-6201;100;50;5000
nt6202;hk-6202;100;50;5000
nt6203;hk-6203;100;50;5000
nt6204;hk-6204;100;50;5000
nt6205;hk-6205;100;50;5000
nt6206;hk-6206;100;50;5000
nt6207;hk-6207;100;50;5000
nt6208;hk-6208;100;50;5000
nt6209;hk-6209;100;50;5000
nt6210;hk-6210;100;50;5000
nt6211;hk-6211;100;50;5000
nt6212;hk-6212;100;50;5000
nt6213;hk-6213;100;50;5000
nt6214;hk-6214;100;50;5000
nt6215;hk-6215;100;50;5000
nt6216;hk-6216;100;50;5000
nt6217;hk-6217;100;50;5000
nt6218;hk-6218;100;50;5000
nt6219;hk-6219;100;50;5000
nt6220;hk-6220;100;50;5000
nt6221;hk-6221;100;50;5000
nt6222;hk-6222;100;50;5000
nt6223;hk-6223;100;50;5000
nt6224;hk-6224;100;50;5000
nt6225;hk-6225;100;50;5000
nt6226;hk-6226;100;50;5000
nt6227;hk-6227;100;50;5000
nt6228;hk-6228;100;50;5000
nt6229;hk-6229;100;50;5000
nt6230;hk-6230;100;50;5000
nt6231;hk-6231;100;50;5000
nt6232;hk-6232;100;50;5000
nt6233;hk-6233;100;50;5000
nt6234;hk-6234;100;50;5000
nt6235;hk-6235;100;50;5000
nt6236;hk-6236;100;50;5000
nt6237;hk-6237;100;50;5000
nt6238;hk-6238;100;50;5000
nt6239;hk-6239;100;50;5000
nt6240;hk-6240;100;50;5000
nt6241;hk-6241;100;50;5000
nt6242;hk-6242;100;50;5000
nt6243;hk-6243;100;50;5000
nt6244;hk-6244;100;50;5000
nt6245;hk-6245;100;50;5000
nt6246;hk-6246;100;50;5000
nt6247;hk-6247;100;50;5000
nt6248;hk-6248;100;50;5000
nt6249;hk-6249;100;50;5000
nt6250;hk-6250;100;50;5000
nt6251;hk-6251;100;50;5000
nt6252;hk-6252;100;50;5000
nt6253;hk-6253;100;50;5000
nt6254;hk-6254;100;50;5000
nt6255;hk-6255;100;50;5000
nt6256;hk-6256;100;50;5000
nt6257;hk-6257;100;50;5000
nt6258;hk-6258;100;50;5000
nt6259;hk-6259;100;50;5000
nt6260;hk-6260;100;50;5000
nt6261;hk-6261;100;50;5000
nt6262;hk-6262;100;50;5000
nt6263;hk-6263;100;50;5000
nt6264;hk-6264;100;50;5000
nt6265;hk-6265;100;50;5000
nt6266;hk-6266;100;50;5000
nt6267;hk-6267;100;50;5000
nt6268;hk-6268;100;50;5000
nt6269;hk-6269;100;50;5000
nt6270;hk-6270;100;50;5000
nt6271;hk-6271;100;50;5000
nt6272;hk-6272;100;50;5000
nt6273;hk-6273;100;50;5000
nt6274;hk-6274;100;50;5000
nt6275;hk-6275;100;50;5000
nt6276;hk-6276;100;50;5000
nt6277;hk-6277;100;50;5000
nt6278;hk-6278;100;50;5000
nt6279;hk-6279;100;50;5000
nt6280;hk-6280;100;50;5000
nt6281;hk-6281;100;50;5000
nt6282;hk-6282;100;50;5000
nt6283;hk-6283;100;50;5000
nt6284;hk-6284;100;50;5000
nt6285;hk-6285;100;50;5000
nt6286;hk-6286;100;50;5000
nt6287;hk-6287;100;50;5000
nt6288;hk-6288;100;50;5000
nt6289;hk-6289;100;50;5000
nt6290;hk-6290;100;50;5000
nt6291;hk-6291;100;50;5000
nt6292;hk-6292;100;50;5000
nt6293;hk-6293;100;50;5000
nt6294;hk-6294;100;50;5000
nt6295;hk-6295;100;50;5000
nt6296;hk-6296;100;50;5000
nt6297;hk-6297;100;50;5000
nt6298;hk-6298;100;50;5000
nt6299;hk-6299;100;50;5000
nt6300;hk-6300;100;50;5000
nt6301;hk-6301;100;50;5000
nt6302;hk-6302;100;50;5000
nt6303;hk-6303;100;50;5000
nt6304;hk-6304;100;50;5000
nt6305;hk-6305;100;50;5000
nt6306;hk-6306;100;50;5000
nt6307;hk-6307;100;50;5000
nt6308;hk-6308;100;50;5000
nt6309;hk-6309;100;50;5000
nt6310;hk-6310;100;50;5000
nt6311;hk-6311;100;50;5000
nt6312;hk-6312;100;50;5000
nt6313;hk-6313;100;50;5000
nt6314;hk-6314;100;50;5000
nt6315;hk-6315;100;50;5000
nt6316;hk-6316;100;50;5000
nt6317;hk-6317;100;50;5000
nt6318;hk-6318;100;50;5000
nt6319;hk-6319;100;50;5000
nt6320;hk-6320;100;50;5000
nt6321;hk-6321;100;50;5000
nt6322;hk-6322;100;50;5000
nt6323;hk-6323;100;50;5000
nt6324;hk-6324;100;50;5000
nt6325;hk-6325;100;50;5000
nt6326;hk-6326;100;50;5000
nt6327;hk-6327;100;50;5000
nt6328;hk-6328;100;50;5000
nt6329;hk-6329;100;50;5000
nt6330;hk-6330;100;50;5000
nt6331;hk-6331;100;50;5000
nt6332;hk-6332;100;50;5000
nt6333;hk-6333;100;50;5000
nt6334;hk-6334;100;50;5000
nt6335;hk-6335;100;50;5000
nt6336;hk-6336;100;50;5000
nt6337;hk-6337;100;50;5000
nt6338;hk-6338;100;50;5000
nt6339;hk-6339;100;50;5000
nt6340;hk-6340;100;50;5000
nt6341;hk-6341;100;50;5000
nt6342;hk-6342;100;50;5000
nt6343;hk-6343;100;50;5000
nt6344;hk-6344;100;50;5000
nt6345;hk-6345;100;50;5000
nt6346;hk-6346;100;50;5000
nt6347;hk-6347;100;50;5000
nt6348;hk-6348;100;50;5000
nt6349;hk-6349;100;50;5000
nt6350;hk-6350;100;50;5000
nt6351;hk-6351;100;50;5000
nt6352;hk-6352;100;50;5000
nt6353;hk-6353;100;50;5000
nt6354;hk-6354;100;50;5000
nt6355;hk-6355;100;50;5000
nt6356;hk-6356;100;50;5000
nt6357;hk-6357;100;50;5000
nt6358;hk-6358;100;50;5000
nt6359;hk-6359;100;50;5000
nt6360;hk-6360;100;50;5000
nt6361;hk-6361;100;50;5000
nt6362;hk-6362;100;50;5000
nt6363;hk-6363;100;50;5000
nt6364;hk-6364;100;50;5000
nt6365;hk-6365;100;50;5000
nt6366;hk-6366;100;50;5000
nt6367;hk-6367;100;50;5000
nt6368;hk-6368;100;50;5000
nt6369;hk-6369;100;50;5000
nt6370;hk-6370;100;50;5000
nt6371;hk-6371;100;50;5000
nt6372;hk-6372;100;50;5000
nt6373;hk-6373;100;50;5000
nt6374;hk-6374;100;50;5000
nt6375;hk-6375;100;50;5000
nt6376;hk-6376;100;50;5000
nt6377;hk-6377;100;50;5000
nt6378;hk-6378;100;50;5000
nt6379;hk-6379;100;50;5000
nt6380;hk-6380;100;50;5000
nt6381;hk-6381;100;50;5000
nt6382;hk-6382;100;50;5000
nt6383;hk-6383;100;50;5000
nt6384;hk-6384;100;50;5000
nt6385;hk-6385;100;50;5000
nt6386;hk-6386;100;50;5000
nt6387;hk-6387;100;50;5000
nt6388;hk-6388;100;50;5000
nt6389;hk-6389;100;50;5000
nt6390;hk-6390;100;50;5000
nt6391;hk-6391;100;50;5000
nt6392;hk-6392;100;50;5000
nt6393;hk-6393;100;50;5000
nt6394;hk-6394;100;50;5000
nt6395;hk-6395;100;50;5000
nt6396;hk-6396;100;50;5000
nt6397;hk-6397;100;50;5000
nt6398;hk-6398;100;50;5000
nt6399;hk-6399;100;50;5000
nt6400;hk-6400;100;50;5000
nt6401;hk-6401;100;50;5000
nt6402;hk-6402;100;50;5000
nt6403;hk-6403;100;50;5000
nt6404;hk-6404;100;50;5000
nt6405;hk-6405;100;50;5000
nt6406;hk-6406;100;50;5000
nt6407;hk-6407;100;50;5000
nt6408;hk-6408;100;50;5000
nt6409;hk-6409;100;50;5000
nt6410;hk-6410;100;50;5000
nt6411;hk-6411;100;50;5000
nt6412;hk-6412;100;50;5000
nt6413;hk-6413;100;50;5000
nt6414;hk-6414;100;50;5000
nt6415;hk-6415;100;50;5000
nt6416;hk-6416;100;50;5000
nt6417;hk-6417;100;50;5000
nt6418;hk-6418;100;50;5000
nt6419;hk-6419;100;50;5000
nt6420;hk-6420;100;50;5000
nt6421;hk-6421;100;50;5000
nt6422;hk-6422;100;50;5000
nt6423;hk-6423;100;50;5000
nt6424;hk-6424;100;50;5000
nt6425;hk-6425;100;50;5000
nt6426;hk-6426;100;50;5000
nt6427;hk-6427;100;50;5000
nt6428;hk-6428;100;50;5000
nt6429;hk-6429;100;50;5000
nt6430;hk-6430;100;50;5000
nt6431;hk-6431;100;50;5000
nt6432;hk-6432;100;50;5000
nt6433;hk-6433;100;50;5000
nt6434;hk-6434;100;50;5000
nt6435;hk-6435;100;50;5000
nt6436;hk-6436;100;50;5000
nt6437;hk-6437;100;50;5000
nt6438;hk-6438;100;50;5000
nt6439;hk-6439;100;50;5000
nt6440;hk-6440;100;50;5000
nt6441;hk-6441;100;50;5000
nt6442;hk-6442;100;50;5000
nt6443;hk-6443;100;50;5000
nt6444;hk-6444;100;50;5000
nt6445;hk-6445;100;50;5000
nt6446;hk-6446;100;50;5000
nt6447;hk-6447;100;50;5000
nt6448;hk-6448;100;50;5000
nt6449;hk-6449;100;50;5000
nt6450;hk-6450;100;50;5000
nt6451;hk-6451;100;50;5000
nt6452;hk-6452;100;50;5000
nt6453;hk-6453;100;50;5000
nt6454;hk-6454;100;50;5000
nt6455;hk-6455;100;50;5000
nt6456;hk-6456;100;50;5000
nt6457;hk-6457;100;50;5000
nt6458;hk-6458;100;50;5000
nt6459;hk-6459;100;50;5000
nt6460;hk-6460;100;50;5000
nt6461;hk-6461;100;50;5000
nt6462;hk-6462;100;50;5000
nt6463;hk-6463;100;50;5000
nt6464;hk-6464;100;50;5000
nt6465;hk-6465;100;50;5000
nt6466;hk-6466;100;50;5000
nt6467;hk-6467;100;50;5000
nt6468;hk-6468;100;50;5000
nt6469;hk-6469;100;50;5000
nt6470;hk-6470;100;50;5000
nt6471;hk-6471;100;50;5000
nt6472;hk-6472;100;50;5000
nt6473;hk-6473;100;50;5000
nt6474;hk-6474;100;50;5000
nt6475;hk-6475;100;50;5000
nt6476;hk-6476;100;50;5000
nt6477;hk-6477;100;50;5000
nt6478;hk-6478;100;50;5000
nt6479;hk-6479;100;50;5000
nt6480;hk-6480;100;50;5000
nt6481;hk-6481;100;50;5000
nt6482;hk-6482;100;50;5000
nt6483;hk-6483;100;50;5000
nt6484;hk-6484;100;50;5000
nt6485;;;;
nt6486;;;;
nt6487;;;;
nt6488;;;;
nt6489;;;;
nt6490;;;;
nt6491;;;;
nt6492;;;;
nt6493;;;;
nt6494;;;;
nt6495;;;;
nt6496;;;;
nt6497;;;;
nt6498;;;;
nt6499;;;;
nt6500;;;;
nt6501;;;;
nt6502;;;;
nt6503;;;;
nt6504;;;;
nt6505;;;;
nt6506;;;;
nt6507;;;;
nt6508;;;;
nt6509;;;;
nt6510;;;;
nt6511;;;;
nt6512;;;;
nt6513;;;;
nt6514;;;;
nt6515;;;;
nt6516;;;;
nt6517;;;;
nt6518;;;;
nt6519;;;;
nt6520;;;;
nt6521;;;;
nt6522;;;;
nt6523;;;;
nt6524;;;;
nt6525;;;;
nt6526;;;;
nt6527;;;;
nt6528;;;;
nt6529;;;;
nt6530;;;;
nt6531;;;;
nt6532;;;;
nt6533;;;;
nt6534;;;;
nt6535;;;;
nt6536;;;;
nt6537;;;;
nt6538;;;;
nt6539;;;;
nt6540;;;;
nt6541;;;;
nt6542;;;;
nt6543;;;;
nt6544;;;;
nt6545;;;;
nt6546;;;;
nt6547;;;;
nt6548;;;;
nt6549;;;;
nt6550;;;;
nt6551;;;;
nt6552;;;;
nt6553;;;;
nt6554;;;;
nt6555;;;;
nt6556;;;;
nt6557;;;;
nt6558;;;;
nt6559;;;;
nt6560;;;;
nt6561;;;;
nt6562;;;;
nt6563;;;;
nt6564;;;;
nt6565;;;;
nt6566;;;;
nt6567;;;;
nt6568;;;;
nt6569;;;;
nt6570;;;;
nt6571;;;;
nt6572;;;;
nt6573;;;;
nt6574;;;;
nt6575;;;;
nt6576;;;;
nt6577;;;;
nt6578;;;;
nt6579;;;;
nt6580;;;;
nt6581;;;;
nt6582;;;;
nt6583;;;;
nt6584;;;;
nt6585;;;;
nt6586;;;;
nt6587;;;;
nt6588;;;;
nt6589;;;;
nt6590;;;;
nt6591;;;;
nt6592;;;;
nt6593;;;;
nt6594;;;;
nt6595;;;;
nt6596;;;;
nt6597;;;;
nt6598;;;;
nt6599;;;;
nt6600;;;;
nt6601;;;;
nt6602;;;;
nt6603;;;;
nt6604;;;;
nt6605;;;;
nt6606;;;;
nt6607;;;;
nt6608;;;;
nt6609;;;;
nt6610;;;;
nt6611;;;;
nt6612;;;;
nt6613;;;;
nt6614;;;;
nt6615;;;;
nt6616;;;;
nt6617;;;;
nt6618;;;;
nt6619;;;;
nt6620;;;;
nt6621;;;;
nt6622;;;;
nt6623;;;;
nt6624;;;;
nt6625;;;;
nt6626;;;;
nt6627;;;;
nt6628;;;;
nt6629;;;;
nt6630;;;;
nt6631;;;;
nt6632;;;;
nt6633;;;;
nt6634;;;;
nt6635;;;;
nt6636;;;;
nt6637;;;;
nt6638;;;;
nt6639;;;;
nt6640;;;;
nt6641;;;;
nt6642;;;;
nt6643;;;;
nt6644;;;;
nt6645;;;;
nt6646;;;;
nt6647;;;;
nt6648;;;;
nt6649;;;;
nt6650;;;;
nt6651;;;;
nt6652;;;;
nt6653;;;;
nt6654;;;;
nt6655;;;;
nt6656;;;;
nt6657;;;;
nt6658;;;;
nt6659;;;;
nt6660;;;;
nt6661;;;;
nt6662;;;;
nt6663;;;;
nt6664;;;;
nt6665;;;;
nt6666;;;;
nt6667;;;;
nt6668;;;;
nt6669;;;;
nt6670;;;;
nt6671;;;;
nt6672;;;;
nt6673;;;;
nt6674;;;;
nt6675;;;;
nt6676;;;;
nt6677;;;;
nt6678;;;;
nt6679;;;;
nt6680;;;;
nt6681;;;;
nt6682;;;;
nt6683;;;;
nt6684;;;;
nt6685;;;;
nt6686;;;;
nt6687;;;;
nt6688;;;;
nt6689;;;;
nt6690;;;;
nt6691;;;;
nt6692;;;;
nt6693;;;;
nt6694;;;;
nt6695;;;;
nt6696;;;;
nt6697;;;;
nt6698;;;;
nt6699;;;;
nt6700;;;;
nt6701;;;;
nt6702;;;;
nt6703;;;;
nt6704;;;;
nt6705;;;;
nt6706;;;;
nt6707;;;;
nt6708;;;;
nt6709;;;;
nt6710;;;;
nt6711;;;;
nt6712;;;;
nt6713;;;;
nt6714;;;;
nt6715;;;;
nt6716;;;;
nt6717;;;;
nt6718;;;;
nt6719;;;;
nt6720;;;;
nt6721;;;;
nt6722;;;;
nt6723;;;;
nt6724;;;;
nt6725;;;;
nt6726;;;;
nt6727;;;;
nt6728;;;;
nt6729;;;;
nt6730;;;;
nt6731;;;;
nt6732;;;;
nt6733;;;;
nt6734;;;;
nt6735;;;;
nt6736;;;;
nt6737;;;;
nt6738;;;;
nt6739;;;;
nt6740;;;;
nt6741;;;;
nt6742;;;;
nt6743;;;;
nt6744;;;;
nt6745;;;;
nt6746;;;;
nt6747;;;;
nt6748;;;;
nt6749;;;;
nt6750;;;;
nt6751;;;;
nt6752;;;;
nt6753;;;;
nt6754;;;;
nt6755;;;;
nt6756;;;;
nt6757;;;;
nt6758;;;;
nt6759;;;;
nt6760;;;;
nt6761;;;;
nt6762;;;;
nt6763;;;;
nt6764;;;;
nt6765;;;;
nt6766;;;;
nt6767;;;;
nt6768;;;;
nt6769;;;;
nt6770;;;;
nt6771;;;;
nt6772;;;;
nt6773;;;;
nt6774;;;;
nt6775;;;;
nt6776;;;;
nt6777;;;;
nt6778;;;;
nt6779;;;;
nt6780;;;;
nt6781;;;;
nt6782;;;;
nt6783;;;;
nt6784;;;;
nt6785;;;;
nt6786;;;;
nt6787;;;;
nt6788;;;;
nt6789;;;;
nt6790;;;;
nt6791;;;;
nt6792;;;;
nt6793;;;;
nt6794;;;;
nt6795;;;;
nt6796;;;;
nt6797;;;;
nt6798;;;;
nt6799;;;;
nt6800;;;;
nt6801;;;;
nt6802;;;;
nt6803;;;;
nt6804;;;;
nt6805;;;;
nt6806;;;;
nt6807;;;;
nt6808;;;;
nt6809;;;;
nt6810;;;;
nt6811;;;;
nt6812;;;;
nt6813;;;;
nt6814;;;;
nt6815;;;;
nt6816;;;;
nt6817;;;;
nt6818;;;;
nt6819;;;;
nt6820;;;;
nt6821;;;;
nt6822;;;;
nt6823;;;;
nt6824;;;;
nt6825;;;;
nt6826;;;;
nt6827;;;;
nt6828;;;;
nt6829;;;;
nt6830;;;;
nt6831;;;;
nt6832;;;;
nt6833;;;;
nt6834;;;;
nt6835;;;;
nt6836;;;;
nt6837;;;;
nt6838;;;;
nt6839;;;;
nt6840;;;;
nt6841;;;;
nt6842;;;;
nt6843;;;;
nt6844;;;;
nt6845;;;;
nt6846;;;;
nt6847;;;;
nt6848;;;;
nt6849;;;;
nt6850;;;;
nt6851;;;;
nt6852;;;;
nt6853;;;;
nt6854;;;;
nt6855;;;;
nt6856;;;;
nt6857;;;;
nt6858;;;;
nt6859;;;;
nt6860;;;;
nt6861;;;;
nt6862;;;;
nt6863;;;;
nt6864;;;;
nt6865;;;;
nt6866;;;;
nt6867;;;;
nt6868;;;;
nt6869;;;;
nt6870;;;;
nt6871;;;;
nt6872;;;;
nt6873;;;;
nt6874;;;;
nt6875;;;;
nt6876;;;;
nt6877;;;;
nt6878;;;;
nt6879;;;;
nt6880;;;;
nt6881;;;;
nt6882;;;;
nt6883;;;;
nt6884;;;;
nt6885;;;;
nt6886;;;;
nt6887;;;;
nt6888;;;;
nt6889;;;;
nt6890;;;;
nt6891;;;;
nt6892;;;;
nt6893;;;;
nt6894;;;;
nt6895;;;;
nt6896;;;;
nt6897;;;;
nt6898;;;;
nt6899;;;;
nt6900;;;;
nt6901;;;;
nt6902;;;;
nt6903;;;;
nt6904;;;;
nt6905;;;;
nt6906;;;;
nt6907;;;;
nt6908;;;;
nt6909;;;;
nt6910;;;;
nt6911;;;;
nt6912;;;;
nt6913;;;;
nt6914;;;;
nt6915;;;;
nt6916;;;;
nt6917;;;;
nt6918;;;;
nt6919;;;;
nt6920;;;;
nt6921;;;;
nt6922;;;;
nt6923;;;;
nt6924;;;;
nt6925;;;;
nt6926;;;;
nt6927;;;;
nt6928;;;;
nt6929;;;;
nt6930;;;;
nt6931;;;;
nt6932;;;;
nt6933;;;;
nt6934;;;;
nt6935;;;;
nt6936;;;;
nt6937;;;;
nt6938;;;;
nt6939;;;;
nt6940;;;;
nt6941;;;;
nt6942;;;;
nt6943;;;;
nt6944;;;;
nt6945;;;;
nt6946;;;;
nt6947;;;;
nt6948;;;;
nt6949;;;;
nt6950;;;;
nt6951;;;;
nt6952;;;;
nt6953;;;;
nt6954;;;;
nt6955;;;;
nt6956;;;;
nt6957;;;;
nt6958;;;;
nt6959;;;;
nt6960;;;;
nt6961;;;;
nt6962;;;;
nt6963;;;;
nt6964;;;;
nt6965;;;;
nt6966;;;;
nt6967;;;;
nt6968;;;;
nt6969;;;;
nt6970;;;;
nt6971;;;;
nt6972;;;;
nt6973;;;;
nt6974;;;;
nt6975;;;;
nt6976;;;;
nt6977;;;;
nt6978;;;;
nt6979;;;;
nt6980;;;;
nt6981;;;;
nt6982;;;;
nt6983;;;;
nt6984;;;;
nt6985;;;;
nt6986;;;;
nt6987;;;;
nt6988;;;;
nt6989;;;;
nt6990;;;;
nt6991;;;;
nt6992;;;;
nt6993;;;;
nt6994;;;;
nt6995;;;;
nt6996;;;;
nt6997;;;;
nt6998;;;;
nt6999;;;;
nt7000;;;;
nt7001;;;;
nt7002;;;;
nt7003;;;;
nt7004;;;;
nt7005;;;;
nt7006;;;;
nt7007;;;;
nt7008;;;;
nt7009;;;;
nt7010;;;;
nt7011;;;;
nt7012;;;;
nt7013;;;;
nt7014;;;;
nt7015;;;;
nt7016;;;;
nt7017;;;;
nt7018;;;;
nt7019;;;;
nt7020;;;;
nt7021;;;;
nt7022;;;;
nt7023;;;;
nt7024;;;;
nt7025;;;;
nt7026;;;;
nt7027;;;;
nt7028;;;;
nt7029;;;;
nt7030;;;;
nt7031;;;;
nt7032;;;;
nt7033;;;;
nt7034;;;;
nt7035;;;;
nt7036;;;;
nt7037;;;;
nt7038;;;;
nt7039;;;;
nt7040;;;;
nt7041;;;;
nt7042;;;;
nt7043;;;;
nt7044;;;;
nt7045;;;;
nt7046;;;;
nt7047;;;;
nt7048;;;;
nt7049;;;;
nt7050;;;;
nt7051;;;;
nt7052;;;;
nt7053;;;;
nt7054;;;;
nt7055;;;;
nt7056;;;;
nt7057;;;;
nt7058;;;;
nt7059;;;;
nt7060;;;;
nt7061;;;;
nt7062;;;;
nt7063;;;;
nt7064;;;;
nt7065;;;;
nt7066;;;;
nt7067;;;;
nt7068;;;;
nt7069;;;;
nt7070;;;;
nt7071;;;;
nt7072;;;;
nt7073;;;;
nt7074;;;;
nt7075;;;;
nt7076;;;;
nt7077;;;;
nt7078;;;;
nt7079;;;;
nt7080;;;;
nt7081;;;;
nt7082;;;;
nt7083;;;;
nt7084;;;;
nt7085;;;;
nt7086;;;;
nt7087;;;;
nt7088;;;;
nt7089;;;;
nt7090;;;;
nt7091;;;;
nt7092;;;;
nt7093;;;;
nt7094;;;;
nt7095;;;;
nt7096;;;;
nt7097;;;;
nt7098;;;;
nt7099;;;;
nt7100;;;;
nt7101;;;;
nt7102;;;;
nt7103;;;;
nt7104;;;;
nt7105;;;;
nt7106;;;;
nt7107;;;;
nt7108;;;;
nt7109;;;;
nt7110;;;;
nt7111;;;;
nt7112;;;;
nt7113;;;;
nt7114;;;;
nt7115;;;;
nt7116;;;;
nt7117;;;;
nt7118;;;;
nt7119;;;;
nt7120;;;;
nt7121;;;;
nt7122;;;;
nt7123;;;;
nt7124;;;;
nt7125;;;;
nt7126;;;;
nt7127;;;;
nt7128;;;;
nt7129;;;;
nt7130;;;;
nt7131;;;;
nt7132;;;;
nt7133;;;;
nt7134;;;;
nt7135;;;;
nt7136;;;;
nt7137;;;;
nt7138;;;;
nt7139;;;;
nt7140;;;;
nt7141;;;;
nt7142;;;;
nt7143;;;;
nt7144;;;;
nt7145;;;;
nt7146;;;;
nt7147;;;;
nt7148;;;;
nt7149;;;;
nt7150;;;;
nt7151;;;;
nt7152;;;;
nt7153;;;;
nt7154;;;;
nt7155;;;;
nt7156;;;;
nt7157;;;;
nt7158;;;;
nt7159;;;;
nt7160;;;;
nt7161;;;;
nt7162;;;;
nt7163;;;;
nt7164;;;;
nt7165;;;;
nt7166;;;;
nt7167;;;;
nt7168;;;;
nt7169;;;;
nt7170;;;;
nt7171;;;;
nt7172;;;;
nt7173;;;;
nt7174;;;;
nt7175;;;;
nt7176;;;;
nt7177;;;;
nt7178;;;;
nt7179;;;;
nt7180;;;;
nt7181;;;;
nt7182;;;;
nt7183;;;;
nt7184;;;;
nt7185;;;;
nt7186;;;;
nt7187;;;;
nt7188;;;;
nt7189;;;;
nt7190;;;;
nt7191;;;;
nt7192;;;;
nt7193;;;;
nt7194;;;;
nt7195;;;;
nt7196;;;;
nt7197;;;;
nt7198;;;;
nt7199;;;;
nt7200;;;;
nt7201;;;;
nt7202;;;;
nt7203;;;;
nt7204;;;;
nt7205;;;;
nt7206;;;;
nt7207;;;;
nt7208;;;;
nt7209;;;;
nt7210;;;;
nt7211;;;;
nt7212;;;;
nt7213;;;;
nt7214;;;;
nt7215;;;;
nt7216;;;;
nt7217;;;;
nt7218;;;;
nt7219;;;;
nt7220;;;;
nt7221;;;;
nt7222;;;;
nt7223;;;;
nt7224;;;;
nt7225;;;;
nt7226;;;;
nt7227;;;;
nt7228;;;;
nt7229;;;;
nt7230;;;;
nt7231;;;;
nt7232;;;;
nt7233;;;;
nt7234;;;;
nt7235;;;;
nt7236;;;;
nt7237;;;;
nt7238;;;;
nt7239;;;;
nt7240;;;;
nt7241;;;;
nt7242;;;;
nt7243;;;;
nt7244;;;;
nt7245;;;;
nt7246;;;;
nt7247;;;;
nt7248;;;;
nt7249;;;;
nt7250;;;;
nt7251;;;;
nt7252;;;;
nt7253;;;;
nt7254;;;;
nt7255;;;;
nt7256;;;;
nt7257;;;;
nt7258;;;;
nt7259;;;;
nt7260;;;;
nt7261;;;;
nt7262;;;;
nt7263;;;;
nt7264;;;;
nt7265;;;;
nt7266;;;;
nt7267;;;;
nt7268;;;;
nt7269;;;;
nt7270;;;;
nt7271;;;;
nt7272;;;;
nt7273;;;;
nt7274;;;;
nt7275;;;;
nt7276;;;;
nt7277;;;;
nt7278;;;;
nt7279;;;;
nt7280;;;;
nt7281;;;;
nt7282;;;;
nt7283;;;;
nt7284;;;;
nt7285;;;;
nt7286;;;;
nt7287;;;;
nt7288;;;;
nt7289;;;;
nt7290;;;;
nt7291;;;;
nt7292;;;;
nt7293;;;;
nt7294;;;;
nt7295;;;;
nt7296;;;;
nt7297;;;;
nt7298;;;;
nt7299;;;;
nt7300;;;;
nt7301;;;;
nt7302;;;;
nt7303;;;;
nt7304;;;;
nt7305;;;;
nt7306;;;;
nt7307;;;;
nt7308;;;;
nt7309;;;;
nt7310;;;;
nt7311;;;;
nt7312;;;;
nt7313;;;;
nt7314;;;;
nt7315;;;;
nt7316;;;;
nt7317;;;;
nt7318;;;;
nt7319;;;;
nt7320;;;;
nt7321;;;;
nt7322;;;;
nt7323;;;;
nt7324;;;;
nt7325;;;;
nt7326;;;;
nt7327;;;;
nt7328;;;;
nt7329;;;;
nt7330;;;;
nt7331;;;;
nt7332;;;;
nt7333;;;;
nt7334;;;;
nt7335;;;;
nt7336;;;;
nt7337;;;;
nt7338;;;;
nt7339;;;;
nt7340;;;;
nt7341;;;;
nt7342;;;;
nt7343;;;;
nt7344;;;;
nt7345;;;;
nt7346;;;;
nt7347;;;;
nt7348;;;;
nt7349;;;;
nt7350;;;;
nt7351;;;;
nt7352;;;;
nt7353;;;;
nt7354;;;;
nt7355;;;;
nt7356;;;;
nt7357;;;;
nt7358;;;;
nt7359;;;;
nt7360;;;;
nt7361;;;;
nt7362;;;;
nt7363;;;;
nt7364;;;;
nt7365;;;;
nt7366;;;;
nt7367;;;;
nt7368;;;;
nt7369;;;;
nt7370;;;;
nt7371;;;;
nt7372;;;;
nt7373;;;;
nt7374;;;;
nt7375;;;;
nt7376;;;;
nt7377;;;;
nt7378;;;;
nt7379;;;;
nt7380;;;;
nt7381;;;;
nt7382;;;;
nt7383;;;;
nt7384;;;;
nt7385;;;;
nt7386;;;;
nt7387;;;;
nt7388;;;;
nt7389;;;;
nt7390;;;;
nt7391;;;;
nt7392;;;;
nt7393;;;;
nt7394;;;;
nt7395;;;;
nt7396;;;;
nt7397;;;;
nt7398;;;;
nt7399;;;;
nt7400;;;;
nt7401;;;;
nt7402;;;;
nt7403;;;;
nt7404;;;;
nt7405;;;;
nt7406;;;;
nt7407;;;;
nt7408;;;;
nt7409;;;;
nt7410;;;;
nt7411;;;;
nt7412;;;;
nt7413;;;;
nt7414;;;;
nt7415;;;;
nt7416;;;;
nt7417;;;;
nt7418;;;;
nt7419;;;;
nt7420;;;;
nt7421;;;;
nt7422;;;;
nt7423;;;;
nt7424;;;;
nt7425;;;;
nt7426;;;;
nt7427;;;;
nt7428;;;;
nt7429;;;;
nt7430;;;;
nt7431;;;;
nt7432;;;;
nt7433;;;;
nt7434;;;;
nt7435;;;;
nt7436;;;;
nt7437;;;;
nt7438;;;;
nt7439;;;;
nt7440;;;;
nt7441;;;;
nt7442;;;;
nt7443;;;;
nt7444;;;;
nt7445;;;;
nt7446;;;;
nt7447;;;;
nt7448;;;;
nt7449;;;;
nt7450;;;;
nt7451;;;;
nt7452;;;;
nt7453;;;;
nt7454;;;;
nt7455;;;;
nt7456;;;;
nt7457;;;;
nt7458;;;;
nt7459;;;;
nt7460;;;;
nt7461;;;;
nt7462;;;;
nt7463;;;;
nt7464;;;;
nt7465;;;;
nt7466;;;;
nt7467;;;;
nt7468;;;;
nt7469;;;;
nt7470;;;;
nt7471;;;;
nt7472;;;;
nt7473;;;;
nt7474;;;;
nt7475;;;;
nt7476;;;;
nt7477;;;;
nt7478;;;;
nt7479;;;;
nt7480;;;;
nt7481;;;;
nt7482;;;;
nt7483;;;;
nt7484;;;;
nt7485;;;;
nt7486;;;;
nt7487;;;;
nt7488;;;;
nt7489;;;;
nt7490;;;;
nt7491;;;;
nt7492;;;;
nt7493;;;;
nt7494;;;;
nt7495;;;;
nt7496;;;;
nt7497;;;;
nt7498;;;;
nt7499;;;;
nt7500;;;;
nt7501;;;;
nt7502;;;;
nt7503;;;;
nt7504;;;;
nt7505;;;;
nt7506;;;;
nt7507;;;;
nt7508;;;;
nt7509;;;;
nt7510;;;;
nt7511;;;;
nt7512;;;;
nt7513;;;;
nt7514;;;;
nt7515;;;;
nt7516;;;;
nt7517;;;;
nt7518;;;;
nt7519;;;;
nt7520;;;;
nt7521;;;;
nt7522;;;;
nt7523;;;;
nt7524;;;;
nt7525;;;;
nt7526;;;;
nt7527;;;;
nt7528;;;;
nt7529;;;;
nt7530;;;;
nt7531;;;;
nt7532;;;;
nt7533;;;;
nt7534;;;;
nt7535;;;;
nt7536;;;;
nt7537;;;;
nt7538;;;;
nt7539;;;;
nt7540;;;;
nt7541;;;;
nt7542;;;;
nt7543;;;;
nt7544;;;;
nt7545;;;;
nt7546;;;;
nt7547;;;;
nt7548;;;;
nt7549;;;;
nt7550;;;;
nt7551;;;;
nt7552;;;;
nt7553;;;;
nt7554;;;;
nt7555;;;;
nt7556;;;;
nt7557;;;;
nt7558;;;;
nt7559;;;;
nt7560;;;;
nt7561;;;;
nt7562;;;;
nt7563;;;;
nt7564;;;;
nt7565;;;;
nt7566;;;;
nt7567;;;;
nt7568;;;;
nt7569;;;;
nt7570;;;;
nt7571;;;;
nt7572;;;;
nt7573;;;;
nt7574;;;;
nt7575;;;;
nt7576;;;;
nt7577;;;;
nt7578;;;;
nt7579;;;;
nt7580;;;;
nt7581;;;;
nt7582;;;;
nt7583;;;;
nt7584;;;;
nt7585;;;;
nt7586;;;;
nt7587;;;;
nt7588;;;;
nt7589;;;;
nt7590;;;;
nt7591;;;;
nt7592;;;;
nt7593;;;;
nt7594;;;;
nt7595;;;;
nt7596;;;;
nt7597;;;;
nt7598;;;;
nt7599;;;;
nt7600;;;;
nt7601;;;;
nt7602;;;;
nt7603;;;;
nt7604;;;;
nt7605;;;;
nt7606;;;;
nt7607;;;;
nt7608;;;;
nt7609;;;;
nt7610;;;;
nt7611;;;;
nt7612;;;;
nt7613;;;;
nt7614;;;;
nt7615;;;;
nt7616;;;;
nt7617;;;;
nt7618;;;;
nt7619;;;;
nt7620;;;;
nt7621;;;;
nt7622;;;;
nt7623;;;;
nt7624;;;;
nt7625;;;;
nt7626;;;;
nt7627;;;;
nt7628;;;;
nt7629;;;;
nt7630;;;;
nt7631;;;;
nt7632;;;;
nt7633;;;;
nt7634;;;;
nt7635;;;;
nt7636;;;;
nt7637;;;;
nt7638;;;;
nt7639;;;;
nt7640;;;;
nt7641;;;;
nt7642;;;;
nt7643;;;;
nt7644;;;;
nt7645;;;;
nt7646;;;;
nt7647;;;;
nt7648;;;;
nt7649;;;;
nt7650;;;;
nt7651;;;;
nt7652;;;;
nt7653;;;;
nt7654;;;;
nt7655;;;;
nt7656;;;;
nt7657;;;;
nt7658;;;;
nt7659;;;;
nt7660;;;;
nt7661;;;;
nt7662;;;;
nt7663;;;;
nt7664;;;;
nt7665;;;;
nt7666;;;;
nt7667;;;;
nt7668;;;;
nt7669;;;;
nt7670;;;;
nt7671;;;;
nt7672;;;;
nt7673;;;;
nt7674;;;;
nt7675;;;;
nt7676;;;;
nt7677;;;;
nt7678;;;;
nt7679;;;;
nt7680;;;;
nt7681;;;;
nt7682;;;;
nt7683;;;;
nt7684;;;;
nt7685;;;;
nt7686;;;;
nt7687;;;;
nt7688;;;;
nt7689;;;;
nt7690;;;;
nt7691;;;;
nt7692;;;;
nt7693;;;;
nt7694;;;;
nt7695;;;;
nt7696;;;;
nt7697;;;;
nt7698;;;;
nt7699;;;;
nt7700;;;;
nt7701;;;;
nt7702;;;;
nt7703;;;;
nt7704;;;;
nt7705;;;;
nt7706;;;;
nt7707;;;;
nt7708;;;;
nt7709;;;;
nt7710;;;;
nt7711;;;;
nt7712;;;;
nt7713;;;;
nt7714;;;;
nt7715;;;;
nt7716;;;;
nt7717;;;;
nt7718;;;;
nt7719;;;;
nt7720;;;;
nt7721;;;;
nt7722;;;;
nt7723;;;;
nt7724;;;;
nt7725;;;;
nt7726;;;;
nt7727;;;;
nt7728;;;;
nt7729;;;;
nt7730;;;;
nt7731;;;;
nt7732;;;;
nt7733;;;;
nt7734;;;;
nt7735;;;;
nt7736;;;;
nt7737;;;;
nt7738;;;;
nt7739;;;;
nt7740;;;;
nt7741;;;;
nt7742;;;;
nt7743;;;;
nt7744;;;;
nt7745;;;;
nt7746;;;;
nt7747;;;;
nt7748;;;;
nt7749;;;;
nt7750;;;;
nt7751;;;;
nt7752;;;;
nt7753;;;;
nt7754;;;;
nt7755;;;;
nt7756;;;;
nt7757;;;;
nt7758;;;;
nt7759;;;;
nt7760;;;;
nt7761;;;;
nt7762;;;;
nt7763;;;;
nt7764;;;;
nt7765;;;;
nt7766;;;;
nt7767;;;;
nt7768;;;;
nt7769;;;;
nt7770;;;;
nt7771;;;;
nt7772;;;;
nt7773;;;;
nt7774;;;;
nt7775;;;;
nt7776;;;;
nt7777;;;;
nt7778;;;;
nt7779;;;;
nt7780;;;;
nt7781;;;;
nt7782;;;;
nt7783;;;;
nt7784;;;;
nt7785;;;;
nt7786;;;;
nt7787;;;;
nt7788;;;;
nt7789;;;;
nt7790;;;;
nt7791;;;;
nt7792;;;;
nt7793;;;;
nt7794;;;;
nt7795;;;;
nt7796;;;;
nt7797;;;;
nt7798;;;;
nt7799;;;;
nt7800;;;;
nt7801;;;;
nt7802;;;;
nt7803;;;;
nt7804;;;;
nt7805;;;;
nt7806;;;;
nt7807;;;;
nt7808;;;;
nt7809;;;;
nt7810;;;;
nt7811;;;;
nt7812;;;;
nt7813;;;;
nt7814;;;;
nt7815;;;;
nt7816;;;;
nt7817;;;;
nt7818;;;;
nt7819;;;;
nt7820;;;;
nt7821;;;;
nt7822;;;;
nt7823;;;;
nt7824;;;;
nt7825;;;;
nt7826;;;;
nt7827;;;;
nt7828;;;;
nt7829;;;;
nt7830;;;;
nt7831;;;;
nt7832;;;;
nt7833;;;;
nt7834;;;;
nt7835;;;;
nt7836;;;;
nt7837;;;;
nt7838;;;;
nt7839;;;;
nt7840;;;;
nt7841;;;;
nt7842;;;;
nt7843;;;;
nt7844;;;;
nt7845;;;;
nt7846;;;;
nt7847;;;;
nt7848;;;;
nt7849;;;;
nt7850;;;;
nt7851;;;;
nt7852;;;;
nt7853;;;;
nt7854;;;;
nt7855;;;;
nt7856;;;;
nt7857;;;;
nt7858;;;;
nt7859;;;;
nt7860;;;;
nt7861;;;;
nt7862;;;;
nt7863;;;;
nt7864;;;;
nt7865;;;;
nt7866;;;;
nt7867;;;;
nt7868;;;;
nt7869;;;;
nt7870;;;;
nt7871;;;;
nt7872;;;;
nt7873;;;;
nt7874;;;;
nt7875;;;;
nt7876;;;;
nt7877;;;;
nt7878;;;;
nt7879;;;;
nt7880;;;;
nt7881;;;;
nt7882;;;;
nt7883;;;;
nt7884;;;;
nt7885;;;;
nt7886;;;;
nt7887;;;;
nt7888;;;;
nt7889;;;;
nt7890;;;;
nt7891;;;;
nt7892;;;;
nt7893;;;;
nt7894;;;;
nt7895;;;;
nt7896;;;;
nt7897;;;;
nt7898;;;;
nt7899;;;;
nt7900;;;;
nt7901;;;;
nt7902;;;;
nt7903;;;;
nt7904;;;;
nt7905;;;;
nt7906;;;;
nt7907;;;;
nt7908;;;;
nt7909;;;;
nt7910;;;;
nt7911;;;;
nt7912;;;;
nt7913;;;;
nt7914;;;;
nt7915;;;;
nt7916;;;;
nt7917;;;;
nt7918;;;;
nt7919;;;;
nt7920;;;;
nt7921;;;;
nt7922;;;;
nt7923;;;;
nt7924;;;;
nt7925;;;;
nt7926;;;;
nt7927;;;;
nt7928;;;;
nt7929;;;;
nt7930;;;;
nt7931;;;;
nt7932;;;;
nt7933;;;;
nt7934;;;;
nt7935;;;;
nt7936;;;;
nt7937;;;;
nt7938;;;;
nt7939;;;;
nt7940;;;;
nt7941;;;;
nt7942;;;;
nt7943;;;;
nt7944;;;;
nt7945;;;;
nt7946;;;;
nt7947;;;;
nt7948;;;;
nt7949;;;;
nt7950;;;;
nt7951;;;;
nt7952;;;;
nt7953;;;;
nt7954;;;;
nt7955;;;;
nt7956;;;;
nt7957;;;;
nt7958;;;;
nt7959;;;;
nt7960;;;;
nt7961;;;;
nt7962;;;;
nt7963;;;;
nt7964;;;;
nt7965;;;;
nt7966;;;;
nt7967;;;;
nt7968;;;;
nt7969;;;;
nt7970;;;;
nt7971;;;;
nt7972;;;;
nt7973;;;;
nt7974;;;;
nt7975;;;;
nt7976;;;;
nt7977;;;;
nt7978;;;;
nt7979;;;;
nt7980;;;;
nt7981;;;;
nt7982;;;;
nt7983;;;;
nt7984;;;;
nt7985;;;;
nt7986;;;;
nt7987;;;;
nt7988;;;;
nt7989;;;;
nt7990;;;;
nt7991;;;;
nt7992;;;;
nt7993;;;;
nt7994;;;;
nt7995;;;;
nt7996;;;;
nt7997;;;;
nt7998;;;;
nt7999;;;;
nt8000;;;;
nt8001;;;;
nt8002;;;;
nt8003;;;;
nt8004;;;;
nt8005;;;;
nt8006;;;;
nt8007;;;;
nt8008;;;;
nt8009;;;;
nt8010;;;;
nt8011;;;;
nt8012;;;;
nt8013;;;;
nt8014;;;;
nt8015;;;;
nt8016;;;;
nt8017;;;;
nt8018;;;;
nt8019;;;;
nt8020;;;;
nt8021;;;;
nt8022;;;;
nt8023;;;;
nt8024;;;;
nt8025;;;;
nt8026;;;;
nt8027;;;;
nt8028;;;;
nt8029;;;;
nt8030;;;;
nt8031;;;;
nt8032;;;;
nt8033;;;;
nt8034;;;;
nt8035;;;;
nt8036;;;;
nt8037;;;;
nt8038;;;;
nt8039;;;;
nt8040;;;;
nt8041;;;;
nt8042;;;;
nt8043;;;;
nt8044;;;;
nt8045;;;;
nt8046;;;;
nt8047;;;;
nt8048;;;;
nt8049;;;;
nt8050;;;;
nt8051;;;;
nt8052;;;;
nt8053;;;;
nt8054;;;;
nt8055;;;;
nt8056;;;;
nt8057;;;;
nt8058;;;;
nt8059;;;;
nt8060;;;;
nt8061;;;;
nt8062;;;;
nt8063;;;;
nt8064;;;;
nt8065;;;;
nt8066;;;;
nt8067;;;;
nt8068;;;;
nt8069;;;;
nt8070;;;;
nt8071;;;;
nt8072;;;;
nt8073;;;;
nt8074;;;;
nt8075;;;;
nt8076;;;;
nt8077;;;;
nt8078;;;;
nt8079;;;;
nt8080;;;;
nt8081;;;;
nt8082;;;;
nt8083;;;;
nt8084;;;;
nt8085;;;;
nt8086;;;;
nt8087;;;;
nt8088;;;;
nt8089;;;;
nt8090;;;;
nt8091;;;;
nt8092;;;;
nt8093;;;;
nt8094;;;;
nt8095;;;;
nt8096;;;;
nt8097;;;;
nt8098;;;;
nt8099;;;;
nt8100;;;;
nt8101;;;;
nt8102;;;;
nt8103;;;;
nt8104;;;;
nt8105;;;;
nt8106;;;;
nt8107;;;;
nt8108;;;;
nt8109;;;;
nt8110;;;;
nt8111;;;;
nt8112;;;;
nt8113;;;;
nt8114;;;;
nt8115;;;;
nt8116;;;;
nt8117;;;;
nt8118;;;;
nt8119;;;;
nt8120;;;;
nt8121;;;;
nt8122;;;;
nt8123;;;;
nt8124;;;;
nt8125;;;;
nt8126;;;;
nt8127;;;;
nt8128;;;;
nt8129;;;;
nt8130;;;;
nt8131;;;;
nt8132;;;;
nt8133;;;;
nt8134;;;;
nt8135;;;;
nt8136;;;;
nt8137;;;;
nt8138;;;;
nt8139;;;;
nt8140;;;;
nt8141;;;;
nt8142;;;;
nt8143;;;;
nt8144;;;;
nt8145;;;;
nt8146;;;;
nt8147;;;;
nt8148;;;;
nt8149;;;;
nt8150;;;;
nt8151;;;;
nt8152;;;;
nt8153;;;;
nt8154;;;;
nt8155;;;;
nt8156;;;;
nt8157;;;;
nt8158;;;;
nt8159;;;;
nt8160;;;;
nt8161;;;;
nt8162;;;;
nt8163;;;;
nt8164;;;;
nt8165;;;;
nt8166;;;;
nt8167;;;;
nt8168;;;;
nt8169;;;;
nt8170;;;;
nt8171;;;;
nt8172;;;;
nt8173;;;;
nt8174;;;;
nt8175;;;;
nt8176;;;;
nt8177;;;;
nt8178;;;;
nt8179;;;;
nt8180;;;;
nt8181;;;;
nt8182;;;;
nt8183;;;;
nt8184;;;;
nt8185;;;;
nt8186;;;;
nt8187;;;;
nt8188;;;;
nt8189;;;;
nt8190;;;;
nt8191;;;;
nt8192;;;;
nt8193;;;;
nt8194;;;;
nt8195;;;;
nt8196;;;;
nt8197;;;;
nt8198;;;;
nt8199;;;;
nt8200;;;;
nt8201;;;;
nt8202;;;;
nt8203;;;;
nt8204;;;;
nt8205;;;;
nt8206;;;;
nt8207;;;;
nt8208;;;;
nt8209;;;;
nt8210;;;;
nt8211;;;;
nt8212;;;;
nt8213;;;;
nt8214;;;;
nt8215;;;;
nt8216;;;;
nt8217;;;;
nt8218;;;;
nt8219;;;;
nt8220;;;;
nt8221;;;;
nt8222;;;;
nt8223;;;;
nt8224;;;;
nt8225;;;;
nt8226;;;;
nt8227;;;;
nt8228;;;;
nt8229;;;;
nt8230;;;;
nt8231;;;;
nt8232;;;;
nt8233;;;;
nt8234;;;;
nt8235;;;;
nt8236;;;;
nt8237;;;;
nt8238;;;;
nt8239;;;;
nt8240;;;;
nt8241;;;;
nt8242;;;;
nt8243;;;;
nt8244;;;;
nt8245;;;;
nt8246;;;;
nt8247;;;;
nt8248;;;;
nt8249;;;;
nt8250;;;;
nt8251;;;;
nt8252;;;;
nt8253;;;;
nt8254;;;;
nt8255;;;;
nt8256;;;;
nt8257;;;;
nt8258;;;;
nt8259;;;;
nt8260;;;;
nt8261;;;;
nt8262;;;;
nt8263;;;;
nt8264;;;;
nt8265;;;;
nt8266;;;;
nt8267;;;;
nt8268;;;;
nt8269;;;;
nt8270;;;;
nt8271;;;;
nt8272;;;;
nt8273;;;;
nt8274;;;;
nt8275;;;;
nt8276;;;;
nt8277;;;;
nt8278;;;;
nt8279;;;;
nt8280;;;;
nt8281;;;;
nt8282;;;;
nt8283;;;;
nt8284;;;;
nt8285;;;;
nt8286;;;;
nt8287;;;;
nt8288;;;;
nt8289;;;;
nt8290;;;;
nt8291;;;;
nt8292;;;;
nt8293;;;;
nt8294;;;;
nt8295;;;;
nt8296;;;;
nt8297;;;;
nt8298;;;;
nt8299;;;;
nt8300;;;;
nt8301;;;;
nt8302;;;;
nt8303;;;;
nt8304;;;;
nt8305;;;;
nt8306;;;;
nt8307;;;;
nt8308;;;;
nt8309;;;;
nt8310;;;;
nt8311;;;;
nt8312;;;;
nt8313;;;;
nt8314;;;;
nt8315;;;;
nt8316;;;;
nt8317;;;;
nt8318;;;;
nt8319;;;;
nt8320;;;;
nt8321;;;;
nt8322;;;;
nt8323;;;;
nt8324;;;;
nt8325;;;;
nt8326;;;;
nt8327;;;;
nt8328;;;;
nt8329;;;;
nt8330;;;;
nt8331;;;;
nt8332;;;;
nt8333;;;;
nt8334;;;;
nt8335;;;;
nt8336;;;;
nt8337;;;;
nt8338;;;;
nt8339;;;;
nt8340;;;;
nt8341;;;;
nt8342;;;;
nt8343;;;;
nt8344;;;;
nt8345;;;;
nt8346;;;;
nt8347;;;;
nt8348;;;;
nt8349;;;;
nt8350;;;;
nt8351;;;;
nt8352;;;;
nt8353;;;;
nt8354;;;;
nt8355;;;;
nt8356;;;;
nt8357;;;;
nt8358;;;;
nt8359;;;;
nt8360;;;;
nt8361;;;;
nt8362;;;;
nt8363;;;;
nt8364;;;;
nt8365;;;;
nt8366;;;;
nt8367;;;;
nt8368;;;;
nt8369;;;;
nt8370;;;;
nt8371;;;;
nt8372;;;;
nt8373;;;;
nt8374;;;;
nt8375;;;;
nt8376;;;;
nt8377;;;;
nt8378;;;;
nt8379;;;;
nt8380;;;;
nt8381;;;;
nt8382;;;;
nt8383;;;;
nt8384;;;;
nt8385;;;;
nt8386;;;;
nt8387;;;;
nt8388;;;;
nt8389;;;;
nt8390;;;;
nt8391;;;;
nt8392;;;;
nt8393;;;;
nt8394;;;;
nt8395;;;;
nt8396;;;;
nt8397;;;;
nt8398;;;;
nt8399;;;;
nt8400;;;;
nt8401;;;;
nt8402;;;;
nt8403;;;;
nt8404;;;;
nt8405;;;;
nt8406;;;;
nt8407;;;;
nt8408;;;;
nt8409;;;;
nt8410;;;;
nt8411;;;;
nt8412;;;;
nt8413;;;;
nt8414;;;;
nt8415;;;;
nt8416;;;;
nt8417;;;;
nt8418;;;;
nt8419;;;;
nt8420;;;;
nt8421;;;;
nt8422;;;;
nt8423;;;;
nt8424;;;;
nt8425;;;;
nt8426;;;;
nt8427;;;;
nt8428;;;;
nt8429;;;;
nt8430;;;;
nt8431;;;;
nt8432;;;;
nt8433;;;;
nt8434;;;;
nt8435;;;;
nt8436;;;;
nt8437;;;;
nt8438;;;;
nt8439;;;;
nt8440;;;;
nt8441;;;;
nt8442;;;;
nt8443;;;;
nt8444;;;;
nt8445;;;;
nt8446;;;;
nt8447;;;;
nt8448;;;;
nt8449;;;;
nt8450;;;;
nt8451;;;;
nt8452;;;;
nt8453;;;;
nt8454;;;;
nt8455;;;;
nt8456;;;;
nt8457;;;;
nt8458;;;;
nt8459;;;;
nt8460;;;;
nt8461;;;;
nt8462;;;;
nt8463;;;;
nt8464;;;;
nt8465;;;;
nt8466;;;;
nt8467;;;;
nt8468;;;;
nt8469;;;;
nt8470;;;;
nt8471;;;;
nt8472;;;;
nt8473;;;;
nt8474;;;;
nt8475;;;;
nt8476;;;;
nt8477;;;;
nt8478;;;;
nt8479;;;;
nt8480;;;;
nt8481;;;;
nt8482;;;;
nt8483;;;;
nt8484;;;;
nt8485;;;;
nt8486;;;;
nt8487;;;;
nt8488;;;;
nt8489;;;;
nt8490;;;;
nt8491;;;;
nt8492;;;;
nt8493;;;;
nt8494;;;;
nt8495;;;;
nt8496;;;;
nt8497;;;;
nt8498;;;;
nt8499;;;;
nt8500;;;;
nt8501;;;;
nt8502;;;;
nt8503;;;;
nt8504;;;;
nt8505;;;;
nt8506;;;;
nt8507;;;;
nt8508;;;;
nt8509;;;;
nt8510;;;;
nt8511;;;;
nt8512;;;;
nt8513;;;;
nt8514;;;;
nt8515;;;;
nt8516;;;;
nt8517;;;;
nt8518;;;;
nt8519;;;;
nt8520;;;;
nt8521;;;;
nt8522;;;;
nt8523;;;;
nt8524;;;;
nt8525;;;;
nt8526;;;;
nt8527;;;;
nt8528;;;;
nt8529;;;;
nt8530;;;;
nt8531;;;;
nt8532;;;;
nt8533;;;;
nt8534;;;;
nt8535;;;;
nt8536;;;;
nt8537;;;;
nt8538;;;;
nt8539;;;;
nt8540;;;;
nt8541;;;;
nt8542;;;;
nt8543;;;;
nt8544;;;;
nt8545;;;;
nt8546;;;;
nt8547;;;;
nt8548;;;;
nt8549;;;;
nt8550;;;;
nt8551;;;;
nt8552;;;;
nt8553;;;;
nt8554;;;;
nt8555;;;;
nt8556;;;;
nt8557;;;;
nt8558;;;;
nt8559;;;;
nt8560;;;;
nt8561;;;;
nt8562;;;;
nt8563;;;;
nt8564;;;;
nt8565;;;;
nt8566;;;;
nt8567;;;;
nt8568;;;;
nt8569;;;;
nt8570;;;;
nt8571;;;;
nt8572;;;;
nt8573;;;;
nt8574;;;;
nt8575;;;;
nt8576;;;;
nt8577;;;;
nt8578;;;;
nt8579;;;;
nt8580;;;;
nt8581;;;;
nt8582;;;;
nt8583;;;;
nt8584;;;;
nt8585;;;;
nt8586;;;;
nt8587;;;;
nt8588;;;;
nt8589;;;;
nt8590;;;;
nt8591;;;;
nt8592;;;;
nt8593;;;;
nt8594;;;;
nt8595;;;;
nt8596;;;;
nt8597;;;;
nt8598;;;;
nt8599;;;;
nt8600;;;;
nt8601;;;;
nt8602;;;;
nt8603;;;;
nt8604;;;;
nt8605;;;;
nt8606;;;;
nt8607;;;;
nt8608;;;;
nt8609;;;;
nt8610;;;;
nt8611;;;;
nt8612;;;;
nt8613;;;;
nt8614;;;;
nt8615;;;;
nt8616;;;;
nt8617;;;;
nt8618;;;;
nt8619;;;;
nt8620;;;;
nt8621;;;;
nt8622;;;;
nt8623;;;;
nt8624;;;;
nt8625;;;;
nt8626;;;;
nt8627;;;;
nt8628;;;;
nt8629;;;;
nt8630;;;;
nt8631;;;;
nt8632;;;;
nt8633;;;;
nt8634;;;;
nt8635;;;;
nt8636;;;;
nt8637;;;;
nt8638;;;;
nt8639;;;;
nt8640;;;;
nt8641;;;;
nt8642;;;;
nt8643;;;;
nt8644;;;;
nt8645;;;;
nt8646;;;;
nt8647;;;;
nt8648;;;;
nt8649;;;;
nt8650;;;;
nt8651;;;;
nt8652;;;;
nt8653;;;;
nt8654;;;;
nt8655;;;;
nt8656;;;;
nt8657;;;;
nt8658;;;;
nt8659;;;;
nt8660;;;;
nt8661;;;;
nt8662;;;;
nt8663;;;;
nt8664;;;;
nt8665;;;;
nt8666;;;;
nt8667;;;;
nt8668;;;;
nt8669;;;;
nt8670;;;;
nt8671;;;;
nt8672;;;;
nt8673;;;;
nt8674;;;;
nt8675;;;;
nt8676;;;;
nt8677;;;;
nt8678;;;;
nt8679;;;;
nt8680;;;;
nt8681;;;;
nt8682;;;;
nt8683;;;;
nt8684;;;;
nt8685;;;;
nt8686;;;;
nt8687;;;;
nt8688;;;;
nt8689;;;;
nt8690;;;;
nt8691;;;;
nt8692;;;;
nt8693;;;;
nt8694;;;;
nt8695;;;;
nt8696;;;;
nt8697;;;;
nt8698;;;;
nt8699;;;;
nt8700;;;;
nt8701;;;;
nt8702;;;;
nt8703;;;;
nt8704;;;;
nt8705;;;;
nt8706;;;;
nt8707;;;;
nt8708;;;;
nt8709;;;;
nt8710;;;;
nt8711;;;;
nt8712;;;;
nt8713;;;;
nt8714;;;;
nt8715;;;;
nt8716;;;;
nt8717;;;;
nt8718;;;;
nt8719;;;;
nt8720;;;;
nt8721;;;;
nt8722;;;;
nt8723;;;;
nt8724;;;;
nt8725;;;;
nt8726;;;;
nt8727;;;;
nt8728;;;;
nt8729;;;;
nt8730;;;;
nt8731;;;;
nt8732;;;;
nt8733;;;;
nt8734;;;;
nt8735;;;;
nt8736;;;;
nt8737;;;;
nt8738;;;;
nt8739;;;;
nt8740;;;;
nt8741;;;;
nt8742;;;;
nt8743;;;;
nt8744;;;;
nt8745;;;;
nt8746;;;;
nt8747;;;;
nt8748;;;;
nt8749;;;;
nt8750;;;;
nt8751;;;;
nt8752;;;;
nt8753;;;;
nt8754;;;;
nt8755;;;;
nt8756;;;;
nt8757;;;;
nt8758;;;;
nt8759;;;;
nt8760;;;;
nt8761;;;;
nt8762;;;;
nt8763;;;;
nt8764;;;;
nt8765;;;;
nt8766;;;;
nt8767;;;;
nt8768;;;;
nt8769;;;;
nt8770;;;;
nt8771;;;;
nt8772;;;;
nt8773;;;;
nt8774;;;;
nt8775;;;;
nt8776;;;;
nt8777;;;;
nt8778;;;;
nt8779;;;;
nt8780;;;;
nt8781;;;;
nt8782;;;;
nt8783;;;;
nt8784;;;;
nt8785;;;;
nt8786;;;;
nt8787;;;;
nt8788;;;;
nt8789;;;;
nt8790;;;;
nt8791;;;;
nt8792;;;;
nt8793;;;;
nt8794;;;;
nt8795;;;;
nt8796;;;;
nt8797;;;;
nt8798;;;;
nt8799;;;;
nt8800;;;;
nt8801;;;;
nt8802;;;;
nt8803;;;;
nt8804;;;;
nt8805;;;;
nt8806;;;;
nt8807;;;;
nt8808;;;;
nt8809;;;;
nt8810;;;;
nt8811;;;;
nt8812;;;;
nt8813;;;;
nt8814;;;;
nt8815;;;;
nt8816;;;;
nt8817;;;;
nt8818;;;;
nt8819;;;;
nt8820;;;;
nt8821;;;;
nt8822;;;;
nt8823;;;;
nt8824;;;;
nt8825;;;;
nt8826;;;;
nt8827;;;;
nt8828;;;;
nt8829;;;;
nt8830;;;;
nt8831;;;;
nt8832;;;;
nt8833;;;;
nt8834;;;;
nt8835;;;;
nt8836;;;;
nt8837;;;;
nt8838;;;;
nt8839;;;;
nt8840;;;;
nt8841;;;;
nt8842;;;;
nt8843;;;;
nt8844;;;;
nt8845;;;;
nt8846;;;;
nt8847;;;;
nt8848;;;;
nt8849;;;;
nt8850;;;;
nt8851;;;;
nt8852;;;;
nt8853;;;;
nt8854;;;;
nt8855;;;;
nt8856;;;;
nt8857;;;;
nt8858;;;;
nt8859;;;;
nt8860;;;;
nt8861;;;;
nt8862;;;;
nt8863;;;;
nt8864;;;;
nt8865;;;;
nt8866;;;;
nt8867;;;;
nt8868;;;;
nt8869;;;;
nt8870;;;;
nt8871;;;;
nt8872;;;;
nt8873;;;;
nt8874;;;;
nt8875;;;;
nt8876;;;;
nt8877;;;;
nt8878;;;;
nt8879;;;;
nt8880;;;;
nt8881;;;;
nt8882;;;;
nt8883;;;;
nt8884;;;;
nt8885;;;;
nt8886;;;;
nt8887;;;;
nt8888;;;;
nt8889;;;;
nt8890;;;;
nt8891;;;;
nt8892;;;;
nt8893;;;;
nt8894;;;;
nt8895;;;;
nt8896;;;;
nt8897;;;;
nt8898;;;;
nt8899;;;;
nt8900;;;;
nt8901;;;;
nt8902;;;;
nt8903;;;;
nt8904;;;;
nt8905;;;;
nt8906;;;;
nt8907;;;;
nt8908;;;;
nt8909;;;;
nt8910;;;;
nt8911;;;;
nt8912;;;;
nt8913;;;;
nt8914;;;;
nt8915;;;;
nt8916;;;;
nt8917;;;;
nt8918;;;;
nt8919;;;;
nt8920;;;;
nt8921;;;;
nt8922;;;;
nt8923;;;;
nt8924;;;;
nt8925;;;;
nt8926;;;;
nt8927;;;;
nt8928;;;;
nt8929;;;;
nt8930;;;;
nt8931;;;;
nt8932;;;;
nt8933;;;;
nt8934;;;;
nt8935;;;;
nt8936;;;;
nt8937;;;;
nt8938;;;;
nt8939;;;;
nt8940;;;;
nt8941;;;;
nt8942;;;;
nt8943;;;;
nt8944;;;;
nt8945;;;;
nt8946;;;;
nt8947;;;;
nt8948;;;;
nt8949;;;;
nt8950;;;;
nt8951;;;;
nt8952;;;;
nt8953;;;;
nt8954;;;;
nt8955;;;;
nt8956;;;;
nt8957;;;;
nt8958;;;;
nt8959;;;;
nt8960;;;;
nt8961;;;;
nt8962;;;;
nt8963;;;;
nt8964;;;;
nt8965;;;;
nt8966;;;;
nt8967;;;;
nt8968;;;;
nt8969;;;;
nt8970;;;;
nt8971;;;;
nt8972;;;;
nt8973;;;;
nt8974;;;;
nt8975;;;;
nt8976;;;;
nt8977;;;;
nt8978;;;;
nt8979;;;;
nt8980;;;;
nt8981;;;;
nt8982;;;;
nt8983;;;;
nt8984;;;;
nt8985;;;;
nt8986;;;;
nt8987;;;;
nt8988;;;;
nt8989;;;;
nt8990;;;;
nt8991;;;;
nt8992;;;;
nt8993;;;;
nt8994;;;;
nt8995;;;;
nt8996;;;;
nt8997;;;;
nt8998;;;;
nt8999;;;;
nt9000;;;;
nt9001;;;;
nt9002;;;;
nt9003;;;;
nt9004;;;;
nt9005;;;;
nt9006;;;;
nt9007;;;;
nt9008;;;;
nt9009;;;;
nt9010;;;;
nt9011;;;;
nt9012;;;;
nt9013;;;;
nt9014;;;;
nt9015;;;;
nt9016;;;;
nt9017;;;;
nt9018;;;;
nt9019;;;;
nt9020;;;;
nt9021;;;;
nt9022;;;;
nt9023;;;;
nt9024;;;;
nt9025;;;;
nt9026;;;;
nt9027;;;;
nt9028;;;;
nt9029;;;;
nt9030;;;;
nt9031;;;;
nt9032;;;;
nt9033;;;;
nt9034;;;;
nt9035;;;;
nt9036;;;;
nt9037;;;;
nt9038;;;;
nt9039;;;;
nt9040;;;;
nt9041;;;;
nt9042;;;;
nt9043;;;;
nt9044;;;;
nt9045;;;;
nt9046;;;;
nt9047;;;;
nt9048;;;;
nt9049;;;;
nt9050;;;;
nt9051;;;;
nt9052;;;;
nt9053;;;;
nt9054;;;;
nt9055;;;;
nt9056;;;;
nt9057;;;;
nt9058;;;;
nt9059;;;;
nt9060;;;;
nt9061;;;;
nt9062;;;;
nt9063;;;;
nt9064;;;;
nt9065;;;;
nt9066;;;;
nt9067;;;;
nt9068;;;;
nt9069;;;;
nt9070;;;;
nt9071;;;;
nt9072;;;;
nt9073;;;;
nt9074;;;;
nt9075;;;;
nt9076;;;;
nt9077;;;;
nt9078;;;;
nt9079;;;;
nt9080;;;;
nt9081;;;;
nt9082;;;;
nt9083;;;;
nt9084;;;;
nt9085;;;;
nt9086;;;;
nt9087;;;;
nt9088;;;;
nt9089;;;;
nt9090;;;;
nt9091;;;;
nt9092;;;;
nt9093;;;;
nt9094;;;;
nt9095;;;;
nt9096;;;;
nt9097;;;;
nt9098;;;;
nt9099;;;;
nt9100;;;;
nt9101;;;;
nt9102;;;;
nt9103;;;;
nt9104;;;;
nt9105;;;;
nt9106;;;;
nt9107;;;;
nt9108;;;;
nt9109;;;;
nt9110;;;;
nt9111;;;;
nt9112;;;;
nt9113;;;;
nt9114;;;;
nt9115;;;;
nt9116;;;;
nt9117;;;;
nt9118;;;;
nt9119;;;;
nt9120;;;;
nt9121;;;;
nt9122;;;;
nt9123;;;;
nt9124;;;;
nt9125;;;;
nt9126;;;;
nt9127;;;;
nt9128;;;;
nt9129;;;;
nt9130;;;;
nt9131;;;;
nt9132;;;;
nt9133;;;;
nt9134;;;;
nt9135;;;;
nt9136;;;;
nt9137;;;;
nt9138;;;;
nt9139;;;;
nt9140;;;;
nt9141;;;;
nt9142;;;;
nt9143;;;;
nt9144;;;;
nt9145;;;;
nt9146;;;;
nt9147;;;;
nt9148;;;;
nt9149;;;;
nt9150;;;;
nt9151;;;;
nt9152;;;;
nt9153;;;;
nt9154;;;;
nt9155;;;;
nt9156;;;;
nt9157;;;;
nt9158;;;;
nt9159;;;;
nt9160;;;;
nt9161;;;;
nt9162;;;;
nt9163;;;;
nt9164;;;;
nt9165;;;;
nt9166;;;;
nt9167;;;;
nt9168;;;;
nt9169;;;;
nt9170;;;;
nt9171;;;;
nt9172;;;;
nt9173;;;;
nt9174;;;;
nt9175;;;;
nt9176;;;;
nt9177;;;;
nt9178;;;;
nt9179;;;;
nt9180;;;;
nt9181;;;;
nt9182;;;;
nt9183;;;;
nt9184;;;;
nt9185;;;;
nt9186;;;;
nt9187;;;;
nt9188;;;;
nt9189;;;;
nt9190;;;;
nt9191;;;;
nt9192;;;;
nt9193;;;;
nt9194;;;;
nt9195;;;;
nt9196;;;;
nt9197;;;;
nt9198;;;;
nt9199;;;;
nt9200;;;;
nt9201;;;;
nt9202;;;;
nt9203;;;;
nt9204;;;;
nt9205;;;;
nt9206;;;;
nt9207;;;;
nt9208;;;;
nt9209;;;;
nt9210;;;;
nt9211;;;;
nt9212;;;;
nt9213;;;;
nt9214;;;;
nt9215;;;;
nt9216;;;;
nt9217;;;;
nt9218;;;;
nt9219;;;;
nt9220;;;;
nt9221;;;;
nt9222;;;;
nt9223;;;;
nt9224;;;;
nt9225;;;;
nt9226;;;;
nt9227;;;;
nt9228;;;;
nt9229;;;;
nt9230;;;;
nt9231;;;;
nt9232;;;;
nt9233;;;;
nt9234;;;;
nt9235;;;;
nt9236;;;;
nt9237;;;;
nt9238;;;;
nt9239;;;;
nt9240;;;;
nt9241;;;;
nt9242;;;;
nt9243;;;;
nt9244;;;;
nt9245;;;;
nt9246;;;;
nt9247;;;;
nt9248;;;;
nt9249;;;;
nt9250;;;;
nt9251;;;;
nt9252;;;;
nt9253;;;;
nt9254;;;;
nt9255;;;;
nt9256;;;;
nt9257;;;;
nt9258;;;;
nt9259;;;;
nt9260;;;;
nt9261;;;;
nt9262;;;;
nt9263;;;;
nt9264;;;;
nt9265;;;;
nt9266;;;;
nt9267;;;;
nt9268;;;;
nt9269;;;;
nt9270;;;;
nt9271;;;;
nt9272;;;;
nt9273;;;;
nt9274;;;;
nt9275;;;;
nt9276;;;;
nt9277;;;;
nt9278;;;;
nt9279;;;;
nt9280;;;;
nt9281;;;;
nt9282;;;;
nt9283;;;;
nt9284;;;;
nt9285;;;;
nt9286;;;;
nt9287;;;;
nt9288;;;;
nt9289;;;;
nt9290;;;;
nt9291;;;;
nt9292;;;;
nt9293;;;;
nt9294;;;;
nt9295;;;;
nt9296;;;;
nt9297;;;;
nt9298;;;;
nt9299;;;;
nt9300;;;;
nt9301;;;;
nt9302;;;;
nt9303;;;;
nt9304;;;;
nt9305;;;;
nt9306;;;;
nt9307;;;;
nt9308;;;;
nt9309;;;;
nt9310;;;;
nt9311;;;;
nt9312;;;;
nt9313;;;;
nt9314;;;;
nt9315;;;;
nt9316;;;;
nt9317;;;;
nt9318;;;;
nt9319;;;;
nt9320;;;;
nt9321;;;;
nt9322;;;;
nt9323;;;;
nt9324;;;;
nt9325;;;;
nt9326;;;;
nt9327;;;;
nt9328;;;;
nt9329;;;;
nt9330;;;;
nt9331;;;;
nt9332;;;;
nt9333;;;;
nt9334;;;;
nt9335;;;;
nt9336;;;;
nt9337;;;;
nt9338;;;;
nt9339;;;;
nt9340;;;;
nt9341;;;;
nt9342;;;;
nt9343;;;;
nt9344;;;;
nt9345;;;;
nt9346;;;;
nt9347;;;;
nt9348;;;;
nt9349;;;;
nt9350;;;;
nt9351;;;;
nt9352;;;;
nt9353;;;;
nt9354;;;;
nt9355;;;;
nt9356;;;;
nt9357;;;;
nt9358;;;;
nt9359;;;;
nt9360;;;;
nt9361;;;;
nt9362;;;;
nt9363;;;;
nt9364;;;;
nt9365;;;;
nt9366;;;;
nt9367;;;;
nt9368;;;;
nt9369;;;;
nt9370;;;;
nt9371;;;;
nt9372;;;;
nt9373;;;;
nt9374;;;;
nt9375;;;;
nt9376;;;;
nt9377;;;;
nt9378;;;;
nt9379;;;;
nt9380;;;;
nt9381;;;;
nt9382;;;;
nt9383;;;;
nt9384;;;;
nt9385;;;;
nt9386;;;;
nt9387;;;;
nt9388;;;;
nt9389;;;;
nt9390;;;;
nt9391;;;;
nt9392;;;;
nt9393;;;;
nt9394;;;;
nt9395;;;;
nt9396;;;;
nt9397;;;;
nt9398;;;;
nt9399;;;;
nt9400;;;;
nt9401;;;;
nt9402;;;;
nt9403;;;;
nt9404;;;;
nt9405;;;;
nt9406;;;;
nt9407;;;;
nt9408;;;;
nt9409;;;;
nt9410;;;;
nt9411;;;;
nt9412;;;;
nt9413;;;;
nt9414;;;;
nt9415;;;;
nt9416;;;;
nt9417;;;;
nt9418;;;;
nt9419;;;;
nt9420;;;;
nt9421;;;;
nt9422;;;;
nt9423;;;;
nt9424;;;;
nt9425;;;;
nt9426;;;;
nt9427;;;;
nt9428;;;;
nt9429;;;;
nt9430;;;;
nt9431;;;;
nt9432;;;;
nt9433;;;;
nt9434;;;;
nt9435;;;;
nt9436;;;;
nt9437;;;;
nt9438;;;;
nt9439;;;;
nt9440;;;;
nt9441;;;;
nt9442;;;;
nt9443;;;;
nt9444;;;;
nt9445;;;;
nt9446;;;;
nt9447;;;;
nt9448;;;;
nt9449;;;;
nt9450;;;;
nt9451;;;;
nt9452;;;;
nt9453;;;;
nt9454;;;;
nt9455;;;;
nt9456;;;;
nt9457;;;;
nt9458;;;;
nt9459;;;;
nt9460;;;;
nt9461;;;;
nt9462;;;;
nt9463;;;;
nt9464;;;;
nt9465;;;;
nt9466;;;;
nt9467;;;;
nt9468;;;;
nt9469;;;;
nt9470;;;;
nt9471;;;;
nt9472;;;;
nt9473;;;;
nt9474;;;;
nt9475;;;;
nt9476;;;;
nt9477;;;;
nt9478;;;;
nt9479;;;;
nt9480;;;;
nt9481;;;;
nt9482;;;;
nt9483;;;;
nt9484;;;;
nt9485;;;;
nt9486;;;;
nt9487;;;;
nt9488;;;;
nt9489;;;;
nt9490;;;;
nt9491;;;;
nt9492;;;;
nt9493;;;;
nt9494;;;;
nt9495;;;;
nt9496;;;;
nt9497;;;;
nt9498;;;;
nt9499;;;;
nt9500;;;;
nt9501;;;;
nt9502;;;;
nt9503;;;;
nt9504;;;;
nt9505;;;;
nt9506;;;;
nt9507;;;;
nt9508;;;;
nt9509;;;;
nt9510;;;;
nt9511;;;;
nt9512;;;;
nt9513;;;;
nt9514;;;;
nt9515;;;;
nt9516;;;;
nt9517;;;;
nt9518;;;;
nt9519;;;;
nt9520;;;;
nt9521;;;;
nt9522;;;;
nt9523;;;;
nt9524;;;;
nt9525;;;;
nt9526;;;;
nt9527;;;;
nt9528;;;;
nt9529;;;;
nt9530;;;;
nt9531;;;;
nt9532;;;;
nt9533;;;;
nt9534;;;;
nt9535;;;;
nt9536;;;;
nt9537;;;;
nt9538;;;;
nt9539;;;;
nt9540;;;;
nt9541;;;;
nt9542;;;;
nt9543;;;;
nt9544;;;;
nt9545;;;;
nt9546;;;;
nt9547;;;;
nt9548;;;;
nt9549;;;;
nt9550;;;;
nt9551;;;;
nt9552;;;;
nt9553;;;;
nt9554;;;;
nt9555;;;;
nt9556;;;;
nt9557;;;;
nt9558;;;;
nt9559;;;;
nt9560;;;;
nt9561;;;;
nt9562;;;;
nt9563;;;;
nt9564;;;;
nt9565;;;;
nt9566;;;;
nt9567;;;;
nt9568;;;;
nt9569;;;;
nt9570;;;;
nt9571;;;;
nt9572;;;;
nt9573;;;;
nt9574;;;;
nt9575;;;;
nt9576;;;;
nt9577;;;;
nt9578;;;;
nt9579;;;;
nt9580;;;;
nt9581;;;;
nt9582;;;;
nt9583;;;;
nt9584;;;;
nt9585;;;;
nt9586;;;;
nt9587;;;;
nt9588;;;;
nt9589;;;;
nt9590;;;;
nt9591;;;;
nt9592;;;;
nt9593;;;;
nt9594;;;;
nt9595;;;;
nt9596;;;;
nt9597;;;;
nt9598;;;;
nt9599;;;;
nt9600;;;;
nt9601;;;;
nt9602;;;;
nt9603;;;;
nt9604;;;;
nt9605;;;;
nt9606;;;;
nt9607;;;;
nt9608;;;;
nt9609;;;;
nt9610;;;;
nt9611;;;;
nt9612;;;;
nt9613;;;;
nt9614;;;;
nt9615;;;;
nt9616;;;;
nt9617;;;;
nt9618;;;;
nt9619;;;;
nt9620;;;;
nt9621;;;;
nt9622;;;;
nt9623;;;;
nt9624;;;;
nt9625;;;;
nt9626;;;;
nt9627;;;;
nt9628;;;;
nt9629;;;;
nt9630;;;;
nt9631;;;;
nt9632;;;;
nt9633;;;;
nt9634;;;;
nt9635;;;;
nt9636;;;;
nt9637;;;;
nt9638;;;;
nt9639;;;;
nt9640;;;;
nt9641;;;;
nt9642;;;;
nt9643;;;;
nt9644;;;;
nt9645;;;;
nt9646;;;;
nt9647;;;;
nt9648;;;;
nt9649;;;;
nt9650;;;;
nt9651;;;;
nt9652;;;;
nt9653;;;;
nt9654;;;;
nt9655;;;;
nt9656;;;;
nt9657;;;;
nt9658;;;;
nt9659;;;;
nt9660;;;;
nt9661;;;;
nt9662;;;;
nt9663;;;;
nt9664;;;;
nt9665;;;;
nt9666;;;;
nt9667;;;;
nt9668;;;;
nt9669;;;;
nt9670;;;;
nt9671;;;;
nt9672;;;;
nt9673;;;;
nt9674;;;;
nt9675;;;;
nt9676;;;;
nt9677;;;;
nt9678;;;;
nt9679;;;;
nt9680;;;;
nt9681;;;;
nt9682;;;;
nt9683;;;;
nt9684;;;;
nt9685;;;;
nt9686;;;;
nt9687;;;;
nt9688;;;;
nt9689;;;;
nt9690;;;;
nt9691;;;;
nt9692;;;;
nt9693;;;;
nt9694;;;;
nt9695;;;;
nt9696;;;;
nt9697;;;;
nt9698;;;;
nt9699;;;;
nt9700;;;;
nt9701;;;;
nt9702;;;;
nt9703;;;;
nt9704;;;;
nt9705;;;;
nt9706;;;;
nt9707;;;;
nt9708;;;;
nt9709;;;;
nt9710;;;;
nt9711;;;;
nt9712;;;;
nt9713;;;;
nt9714;;;;
nt9715;;;;
nt9716;;;;
nt9717;;;;
nt9718;;;;
nt9719;;;;
nt9720;;;;
nt9721;;;;
nt9722;;;;
nt9723;;;;
nt9724;;;;
nt9725;;;;
nt9726;;;;
nt9727;;;;
nt9728;;;;
nt9729;;;;
nt9730;;;;
nt9731;;;;
nt9732;;;;
nt9733;;;;
nt9734;;;;
nt9735;;;;
nt9736;;;;
nt9737;;;;
nt9738;;;;
nt9739;;;;
nt9740;;;;
nt9741;;;;
nt9742;;;;
nt9743;;;;
nt9744;;;;
nt9745;;;;
nt9746;;;;
nt9747;;;;
nt9748;;;;
nt9749;;;;
nt9750;;;;
nt9751;;;;
nt9752;;;;
nt9753;;;;
nt9754;;;;
nt9755;;;;
nt9756;;;;
nt9757;;;;
nt9758;;;;
nt9759;;;;
nt9760;;;;
nt9761;;;;
nt9762;;;;
nt9763;;;;
nt9764;;;;
nt9765;;;;
nt9766;;;;
nt9767;;;;
nt9768;;;;
nt9769;;;;
nt9770;;;;
nt9771;;;;
nt9772;;;;
nt9773;;;;
nt9774;;;;
nt9775;;;;
nt9776;;;;
nt9777;;;;
nt9778;;;;
nt9779;;;;
nt9780;;;;
nt9781;;;;
nt9782;;;;
nt9783;;;;
nt9784;;;;
nt9785;;;;
nt9786;;;;
nt9787;;;;
nt9788;;;;
nt9789;;;;
nt9790;;;;
nt9791;;;;
nt9792;;;;
nt9793;;;;
nt9794;;;;
nt9795;;;;
nt9796;;;;
nt9797;;;;
nt9798;;;;
nt9799;;;;
nt9800;;;;
nt9801;;;;
nt9802;;;;
nt9803;;;;
nt9804;;;;
nt9805;;;;
nt9806;;;;
nt9807;;;;
nt9808;;;;
nt9809;;;;
nt9810;;;;
nt9811;;;;
nt9812;;;;
nt9813;;;;
nt9814;;;;
nt9815;;;;
nt9816;;;;
nt9817;;;;
nt9818;;;;
nt9819;;;;
nt9820;;;;
nt9821;;;;
nt9822;;;;
nt9823;;;;
nt9824;;;;
nt9825;;;;
nt9826;;;;
nt9827;;;;
nt9828;;;;
nt9829;;;;
nt9830;;;;
nt9831;;;;
nt9832;;;;
nt9833;;;;
nt9834;;;;
nt9835;;;;
nt9836;;;;
nt9837;;;;
nt9838;;;;
nt9839;;;;
nt9840;;;;
nt9841;;;;
nt9842;;;;
nt9843;;;;
nt9844;;;;
nt9845;;;;
nt9846;;;;
nt9847;;;;
nt9848;;;;
nt9849;;;;
nt9850;;;;
nt9851;;;;
nt9852;;;;
nt9853;;;;
nt9854;;;;
nt9855;;;;
nt9856;;;;
nt9857;;;;
nt9858;;;;
nt9859;;;;
nt9860;;;;
nt9861;;;;
nt9862;;;;
nt9863;;;;
nt9864;;;;
nt9865;;;;
nt9866;;;;
nt9867;;;;
nt9868;;;;
nt9869;;;;
nt9870;;;;
nt9871;;;;
nt9872;;;;
nt9873;;;;
nt9874;;;;
nt9875;;;;
nt9876;;;;
nt9877;;;;
nt9878;;;;
nt9879;;;;
nt9880;;;;
nt9881;;;;
nt9882;;;;
nt9883;;;;
nt9884;;;;
nt9885;;;;
nt9886;;;;
nt9887;;;;
nt9888;;;;
nt9889;;;;
nt9890;;;;
nt9891;;;;
nt9892;;;;
nt9893;;;;
nt9894;;;;
nt9895;;;;
nt9896;;;;
nt9897;;;;
nt9898;;;;
nt9899;;;;
nt9900;;;;
nt9901;;;;
nt9902;;;;
nt9903;;;;
nt9904;;;;
nt9905;;;;
nt9906;;;;
nt9907;;;;
nt9908;;;;
nt9909;;;;
nt9910;;;;
nt9911;;;;
nt9912;;;;
nt9913;;;;
nt9914;;;;
nt9915;;;;
nt9916;;;;
nt9917;;;;
nt9918;;;;
nt9919;;;;
nt9920;;;;
nt9921;;;;
nt9922;;;;
nt9923;;;;
nt9924;;;;
nt9925;;;;
nt9926;;;;
nt9927;;;;
nt9928;;;;
nt9929;;;;
nt9930;;;;
nt9931;;;;
nt9932;;;;
nt9933;;;;
nt9934;;;;
nt9935;;;;
nt9936;;;;
nt9937;;;;
nt9938;;;;
nt9939;;;;
nt9940;;;;
nt9941;;;;
nt9942;;;;
nt9943;;;;
nt9944;;;;
nt9945;;;;
nt9946;;;;
nt9947;;;;
nt9948;;;;
nt9949;;;;
nt9950;;;;
nt9951;;;;
nt9952;;;;
nt9953;;;;
nt9954;;;;
nt9955;;;;
nt9956;;;;
nt9957;;;;
nt9958;;;;
nt9959;;;;
nt9960;;;;
nt9961;;;;
nt9962;;;;
nt9963;;;;
nt9964;;;;
nt9965;;;;
nt9966;;;;
nt9967;;;;
nt9968;;;;
nt9969;;;;
nt9970;;;;
nt9971;;;;
nt9972;;;;
nt9973;;;;
nt9974;;;;
nt9975;;;;
nt9976;;;;
nt9977;;;;
nt9978;;;;
nt9979;;;;
nt9980;;;;
nt9981;;;;
nt9982;;;;
nt9983;;;;
nt9984;;;;
nt9985;;;;
nt9986;;;;
nt9987;;;;
nt9988;;;;
nt9989;;;;
nt9990;;;;
nt9991;;;;
nt9992;;;;
nt9993;;;;
nt9994;;;;
nt9995;;;;
nt9996;;;;
nt9997;;;;
nt9998;;;;
nt9999;;;;
nt10000;;;;
nt10001;;;;
nt10002;;;;
nt10003;;;;
nt10004;;;;
nt10005;;;;
nt10006;;;;
nt10007;;;;
nt10008;;;;
nt10009;;;;
nt10010;;;;
nt10011;;;;
nt10012;;;;
nt10013;;;;
nt10014;;;;
nt10015;;;;
nt10016;;;;
nt10017;;;;
nt10018;;;;
nt10019;;;;
nt10020;;;;
nt10021;;;;
nt10022;;;;
nt10023;;;;
nt10024;;;;
nt10025;;;;
nt10026;;;;
nt10027;;;;
nt10028;;;;
nt10029;;;;
nt10030;;;;
nt10031;;;;
nt10032;;;;
nt10033;;;;
nt10034;;;;
nt10035;;;;
nt10036;;;;
nt10037;;;;
nt10038;;;;
nt10039;;;;
nt10040;;;;
nt10041;;;;
nt10042;;;;
nt10043;;;;
nt10044;;;;
nt10045;;;;
nt10046;;;;
nt10047;;;;
nt10048;;;;
nt10049;;;;
nt10050;;;;
nt10051;;;;
nt10052;;;;
nt10053;;;;
nt10054;;;;
nt10055;;;;
nt10056;;;;
nt10057;;;;
nt10058;;;;
nt10059;;;;
nt10060;;;;
nt10061;;;;
nt10062;;;;
nt10063;;;;
nt10064;;;;
nt10065;;;;
nt10066;;;;
nt10067;;;;
nt10068;;;;
nt10069;;;;
nt10070;;;;
nt10071;;;;
nt10072;;;;
nt10073;;;;
nt10074;;;;
nt10075;;;;
nt10076;;;;
nt10077;;;;
nt10078;;;;
nt10079;;;;
nt10080;;;;
nt10081;;;;
nt10082;;;;
nt10083;;;;
nt10084;;;;
nt10085;;;;
nt10086;;;;
nt10087;;;;
nt10088;;;;
nt10089;;;;
nt10090;;;;
nt10091;;;;
nt10092;;;;
nt10093;;;;
nt10094;;;;
nt10095;;;;
nt10096;;;;
nt10097;;;;
nt10098;;;;
nt10099;;;;
nt10100;;;;
nt10101;;;;
nt10102;;;;
nt10103;;;;
nt10104;;;;
nt10105;;;;
nt10106;;;;
nt10107;;;;
nt10108;;;;
nt10109;;;;
nt10110;;;;
nt10111;;;;
nt10112;;;;
nt10113;;;;
nt10114;;;;
nt10115;;;;
nt10116;;;;
nt10117;;;;
nt10118;;;;
nt10119;;;;
nt10120;;;;
nt10121;;;;
nt10122;;;;
nt10123;;;;
nt10124;;;;
nt10125;;;;
nt10126;;;;
nt10127;;;;
nt10128;;;;
nt10129;;;;
nt10130;;;;
nt10131;;;;
nt10132;;;;
nt10133;;;;
nt10134;;;;
nt10135;;;;
nt10136;;;;
nt10137;;;;
nt10138;;;;
nt10139;;;;
nt10140;;;;
nt10141;;;;
nt10142;;;;
nt10143;;;;
nt10144;;;;
nt10145;;;;
nt10146;;;;
nt10147;;;;
nt10148;;;;
nt10149;;;;
nt10150;;;;
nt10151;;;;
nt10152;;;;
nt10153;;;;
nt10154;;;;
nt10155;;;;
nt10156;;;;
nt10157;;;;
nt10158;;;;
nt10159;;;;
nt10160;;;;
nt10161;;;;
nt10162;;;;
nt10163;;;;
nt10164;;;;
nt10165;;;;
nt10166;;;;
nt10167;;;;
nt10168;;;;
nt10169;;;;
nt10170;;;;
nt10171;;;;
nt10172;;;;
nt10173;;;;
nt10174;;;;
nt10175;;;;
nt10176;;;;
nt10177;;;;
nt10178;;;;
nt10179;;;;
nt10180;;;;
nt10181;;;;
nt10182;;;;
nt10183;;;;
nt10184;;;;
nt10185;;;;
nt10186;;;;
nt10187;;;;
nt10188;;;;
nt10189;;;;
nt10190;;;;
nt10191;;;;
nt10192;;;;
nt10193;;;;
nt10194;;;;
nt10195;;;;
nt10196;;;;
nt10197;;;;
nt10198;;;;
nt10199;;;;
nt10200;;;;
nt10201;;;;
nt10202;;;;
nt10203;;;;
nt10204;;;;
nt10205;;;;
nt10206;;;;
nt10207;;;;
nt10208;;;;
nt10209;;;;
nt10210;;;;
nt10211;;;;
nt10212;;;;
nt10213;;;;
nt10214;;;;
nt10215;;;;
nt10216;;;;
nt10217;;;;
nt10218;;;;
nt10219;;;;
nt10220;;;;
nt10221;;;;
nt10222;;;;
nt10223;;;;
nt10224;;;;
nt10225;;;;
nt10226;;;;
nt10227;;;;
nt10228;;;;
nt10229;;;;
nt10230;;;;
nt10231;;;;
nt10232;;;;
nt10233;;;;
nt10234;;;;
nt10235;;;;
nt10236;;;;
nt10237;;;;
nt10238;;;;
nt10239;;;;
nt10240;;;;
nt10241;;;;
nt10242;;;;
nt10243;;;;
nt10244;;;;
nt10245;;;;
nt10246;;;;
nt10247;;;;
nt10248;;;;
nt10249;;;;
nt10250;;;;
nt10251;;;;
nt10252;;;;
nt10253;;;;
nt10254;;;;
nt10255;;;;
nt10256;;;;
nt10257;;;;
nt10258;;;;
nt10259;;;;
nt10260;;;;
nt10261;;;;
nt10262;;;;
nt10263;;;;
nt10264;;;;
nt10265;;;;
nt10266;;;;
nt10267;;;;
nt10268;;;;
nt10269;;;;
nt10270;;;;
nt10271;;;;
nt10272;;;;
nt10273;;;;
nt10274;;;;
nt10275;;;;
nt10276;;;;
nt10277;;;;
nt10278;;;;
nt10279;;;;
nt10280;;;;
nt10281;;;;
nt10282;;;;
nt10283;;;;
nt10284;;;;
nt10285;;;;
nt10286;;;;
nt10287;;;;
nt10288;;;;
nt10289;;;;
nt10290;;;;
nt10291;;;;
nt10292;;;;
nt10293;;;;
nt10294;;;;
nt10295;;;;
nt10296;;;;
nt10297;;;;
nt10298;;;;
nt10299;;;;
nt10300;;;;
nt10301;;;;
nt10302;;;;
nt10303;;;;
nt10304;;;;
nt10305;;;;
nt10306;;;;
nt10307;;;;
nt10308;;;;
nt10309;;;;
nt10310;;;;
nt10311;;;;
nt10312;;;;
nt10313;;;;
nt10314;;;;
nt10315;;;;
nt10316;;;;
nt10317;;;;
nt10318;;;;
nt10319;;;;
nt10320;;;;
nt10321;;;;
nt10322;;;;
nt10323;;;;
nt10324;;;;
nt10325;;;;
nt10326;;;;
nt10327;;;;
nt10328;;;;
nt10329;;;;
nt10330;;;;
nt10331;;;;
nt10332;;;;
nt10333;;;;
nt10334;;;;
nt10335;;;;
nt10336;;;;
nt10337;;;;
nt10338;;;;
nt10339;;;;
nt10340;;;;
nt10341;;;;
nt10342;;;;
nt10343;;;;
nt10344;;;;
nt10345;;;;
nt10346;;;;
nt10347;;;;
nt10348;;;;
nt10349;;;;
nt10350;;;;
nt10351;;;;
nt10352;;;;
nt10353;;;;
nt10354;;;;
nt10355;;;;
nt10356;;;;
nt10357;;;;
nt10358;;;;
nt10359;;;;
nt10360;;;;
nt10361;;;;
nt10362;;;;
nt10363;;;;
nt10364;;;;
nt10365;;;;
nt10366;;;;
nt10367;;;;
nt10368;;;;
nt10369;;;;
nt10370;;;;
nt10371;;;;
nt10372;;;;
nt10373;;;;
nt10374;;;;
nt10375;;;;
nt10376;;;;
nt10377;;;;
nt10378;;;;
nt10379;;;;
nt10380;;;;
nt10381;;;;
nt10382;;;;
nt10383;;;;
nt10384;;;;
nt10385;;;;
nt10386;;;;
nt10387;;;;
nt10388;;;;
nt10389;;;;
nt10390;;;;
nt10391;;;;
nt10392;;;;
nt10393;;;;
nt10394;;;;
nt10395;;;;
nt10396;;;;
nt10397;;;;
nt10398;;;;
nt10399;;;;
nt10400;;;;
nt10401;;;;
nt10402;;;;
nt10403;;;;
nt10404;;;;
nt10405;;;;
nt10406;;;;
nt10407;;;;
nt10408;;;;
nt10409;;;;
nt10410;;;;
nt10411;;;;
nt10412;;;;
nt10413;;;;
nt10414;;;;
nt10415;;;;
nt10416;;;;
nt10417;;;;
nt10418;;;;
nt10419;;;;
nt10420;;;;
nt10421;;;;
nt10422;;;;
nt10423;;;;
nt10424;;;;
nt10425;;;;
nt10426;;;;
nt10427;;;;
nt10428;;;;
nt10429;;;;
nt10430;;;;
nt10431;;;;
nt10432;;;;
nt10433;;;;
nt10434;;;;
nt10435;;;;
nt10436;;;;
nt10437;;;;
nt10438;;;;
nt10439;;;;
nt10440;;;;
nt10441;;;;
nt10442;;;;
nt10443;;;;
nt10444;;;;
nt10445;;;;
nt10446;;;;
nt10447;;;;
nt10448;;;;
nt10449;;;;
nt10450;;;;
nt10451;;;;
nt10452;;;;
nt10453;;;;
nt10454;;;;
nt10455;;;;
nt10456;;;;
nt10457;;;;
nt10458;;;;
nt10459;;;;
nt10460;;;;
nt10461;;;;
nt10462;;;;
nt10463;;;;
nt10464;;;;
nt10465;;;;
nt10466;;;;
nt10467;;;;
nt10468;;;;
nt10469;;;;
nt10470;;;;
nt10471;;;;
nt10472;;;;
nt10473;;;;
nt10474;;;;
nt10475;;;;
nt10476;;;;
nt10477;;;;
nt10478;;;;
nt10479;;;;
nt10480;;;;
nt10481;;;;
nt10482;;;;
nt10483;;;;
nt10484;;;;
nt10485;;;;
nt10486;;;;
nt10487;;;;
nt10488;;;;
nt10489;;;;
nt10490;;;;
nt10491;;;;
nt10492;;;;
nt10493;;;;
nt10494;;;;
nt10495;;;;
nt10496;;;;
nt10497;;;;
nt10498;;;;
nt10499;;;;
nt10500;;;;
nt10501;;;;
nt10502;;;;
nt10503;;;;
nt10504;;;;
nt10505;;;;
nt10506;;;;
nt10507;;;;
nt10508;;;;
nt10509;;;;
nt10510;;;;
nt10511;;;;
nt10512;;;;
nt10513;;;;
nt10514;;;;
nt10515;;;;
nt10516;;;;
nt10517;;;;
nt10518;;;;
nt10519;;;;
nt10520;;;;
nt10521;;;;
nt10522;;;;
nt10523;;;;
nt10524;;;;
nt10525;;;;
nt10526;;;;
nt10527;;;;
nt10528;;;;
nt10529;;;;
nt10530;;;;
nt10531;;;;
nt10532;;;;
nt10533;;;;
nt10534;;;;
nt10535;;;;
nt10536;;;;
nt10537;;;;
nt10538;;;;
nt10539;;;;
nt10540;;;;
nt10541;;;;
nt10542;;;;
nt10543;;;;
nt10544;;;;
nt10545;;;;
nt10546;;;;
nt10547;;;;
nt10548;;;;
nt10549;;;;
nt10550;;;;
nt10551;;;;
nt10552;;;;
nt10553;;;;
nt10554;;;;
nt10555;;;;
nt10556;;;;
nt10557;;;;
nt10558;;;;
nt10559;;;;
nt10560;;;;
nt10561;;;;
nt10562;;;;
nt10563;;;;
nt10564;;;;
nt10565;;;;
nt10566;;;;
nt10567;;;;
nt10568;;;;
nt10569;;;;
nt10570;;;;
nt10571;;;;
nt10572;;;;
nt10573;;;;
nt10574;;;;
nt10575;;;;
nt10576;;;;
nt10577;;;;
nt10578;;;;
nt10579;;;;
nt10580;;;;
nt10581;;;;
nt10582;;;;
nt10583;;;;
nt10584;;;;
nt10585;;;;
nt10586;;;;
nt10587;;;;
nt10588;;;;
nt10589;;;;
nt10590;;;;
nt10591;;;;
nt10592;;;;
nt10593;;;;
nt10594;;;;
nt10595;;;;
nt10596;;;;
nt10597;;;;
nt10598;;;;
nt10599;;;;
nt10600;;;;
nt10601;;;;
nt10602;;;;
nt10603;;;;
nt10604;;;;
nt10605;;;;
nt10606;;;;
nt10607;;;;
nt10608;;;;
nt10609;;;;
nt10610;;;;
nt10611;;;;
nt10612;;;;
nt10613;;;;
nt10614;;;;
nt10615;;;;
nt10616;;;;
nt10617;;;;
nt10618;;;;
nt10619;;;;
nt10620;;;;
nt10621;;;;
nt10622;;;;
nt10623;;;;
nt10624;;;;
nt10625;;;;
nt10626;;;;
nt10627;;;;
nt10628;;;;
nt10629;;;;
nt10630;;;;
nt10631;;;;
nt10632;;;;
nt10633;;;;
nt10634;;;;
nt10635;;;;
nt10636;;;;
nt10637;;;;
nt10638;;;;
nt10639;;;;
nt10640;;;;
nt10641;;;;
nt10642;;;;
nt10643;;;;
nt10644;;;;
nt10645;;;;
nt10646;;;;
nt10647;;;;
nt10648;;;;
nt10649;;;;
nt10650;;;;
nt10651;;;;
nt10652;;;;
nt10653;;;;
nt10654;;;;
nt10655;;;;
nt10656;;;;
nt10657;;;;
nt10658;;;;
nt10659;;;;
nt10660;;;;
nt10661;;;;
nt10662;;;;
nt10663;;;;
nt10664;;;;
nt10665;;;;
nt10666;;;;
nt10667;;;;
nt10668;;;;
nt10669;;;;
nt10670;;;;
nt10671;;;;
nt10672;;;;
nt10673;;;;
nt10674;;;;
nt10675;;;;
nt10676;;;;
nt10677;;;;
nt10678;;;;
nt10679;;;;
nt10680;;;;
nt10681;;;;
nt10682;;;;
nt10683;;;;
nt10684;;;;
nt10685;;;;
nt10686;;;;
nt10687;;;;
nt10688;;;;
nt10689;;;;
nt10690;;;;
nt10691;;;;
nt10692;;;;
nt10693;;;;
nt10694;;;;
nt10695;;;;
nt10696;;;;
nt10697;;;;
nt10698;;;;
nt10699;;;;
nt10700;;;;
nt10701;;;;
nt10702;;;;
nt10703;;;;
nt10704;;;;
nt10705;;;;
nt10706;;;;
nt10707;;;;
nt10708;;;;
nt10709;;;;
nt10710;;;;
nt10711;;;;
nt10712;;;;
nt10713;;;;
nt10714;;;;
nt10715;;;;
nt10716;;;;
nt10717;;;;
nt10718;;;;
nt10719;;;;
nt10720;;;;
nt10721;;;;
nt10722;;;;
nt10723;;;;
nt10724;;;;
nt10725;;;;
nt10726;;;;
nt10727;;;;
nt10728;;;;
nt10729;;;;
nt10730;;;;
nt10731;;;;
nt10732;;;;
nt10733;;;;
nt10734;;;;
nt10735;;;;
nt10736;;;;
nt10737;;;;
nt10738;;;;
nt10739;;;;
nt10740;;;;
nt10741;;;;
nt10742;;;;
nt10743;;;;
nt10744;;;;
nt10745;;;;
nt10746;;;;
nt10747;;;;
nt10748;;;;
nt10749;;;;
nt10750;;;;
nt10751;;;;
nt10752;;;;
nt10753;;;;
nt10754;;;;
nt10755;;;;
nt10756;;;;
nt10757;;;;
nt10758;;;;
nt10759;;;;
nt10760;;;;
nt10761;;;;
nt10762;;;;
nt10763;;;;
nt10764;;;;
nt10765;;;;
nt10766;;;;
nt10767;;;;
nt10768;;;;
nt10769;;;;
nt10770;;;;
nt10771;;;;
nt10772;;;;
nt10773;;;;
nt10774;;;;
nt10775;;;;
nt10776;;;;
nt10777;;;;
nt10778;;;;
nt10779;;;;
nt10780;;;;
nt10781;;;;
nt10782;;;;
nt10783;;;;
nt10784;;;;
nt10785;;;;
nt10786;;;;
nt10787;;;;
nt10788;;;;
nt10789;;;;
nt10790;;;;
nt10791;;;;
nt10792;;;;
nt10793;;;;
nt10794;;;;
nt10795;;;;
nt10796;;;;
nt10797;;;;
nt10798;;;;
nt10799;;;;
nt10800;;;;
nt10801;;;;
nt10802;;;;
nt10803;;;;
nt10804;;;;
nt10805;;;;
nt10806;;;;
nt10807;;;;
nt10808;;;;
nt10809;;;;
nt10810;;;;
nt10811;;;;
nt10812;;;;
nt10813;;;;
nt10814;;;;
nt10815;;;;
nt10816;;;;
nt10817;;;;
nt10818;;;;
nt10819;;;;
nt10820;;;;
nt10821;;;;
nt10822;;;;
nt10823;;;;
nt10824;;;;
nt10825;;;;
nt10826;;;;
nt10827;;;;
nt10828;;;;
nt10829;;;;
nt10830;;;;
nt10831;;;;
nt10832;;;;
nt10833;;;;
nt10834;;;;
nt10835;;;;
nt10836;;;;
nt10837;;;;
nt10838;;;;
nt10839;;;;
nt10840;;;;
nt10841;;;;
nt10842;;;;
nt10843;;;;
nt10844;;;;
nt10845;;;;
nt10846;;;;
nt10847;;;;
nt10848;;;;
nt10849;;;;
nt10850;;;;
nt10851;;;;
nt10852;;;;
nt10853;;;;
nt10854;;;;
nt10855;;;;
nt10856;;;;
nt10857;;;;
nt10858;;;;
nt10859;;;;
nt10860;;;;
nt10861;;;;
nt10862;;;;
nt10863;;;;
nt10864;;;;
nt10865;;;;
nt10866;;;;
nt10867;;;;
nt10868;;;;
nt10869;;;;
nt10870;;;;
nt10871;;;;
nt10872;;;;
nt10873;;;;
nt10874;;;;
nt10875;;;;
nt10876;;;;
nt10877;;;;
nt10878;;;;
nt10879;;;;
nt10880;;;;
nt10881;;;;
nt10882;;;;
nt10883;;;;
nt10884;;;;
nt10885;;;;
nt10886;;;;
nt10887;;;;
nt10888;;;;
nt10889;;;;
nt10890;;;;
nt10891;;;;
nt10892;;;;
nt10893;;;;
nt10894;;;;
nt10895;;;;
nt10896;;;;
nt10897;;;;
nt10898;;;;
nt10899;;;;
nt10900;;;;
nt10901;;;;
nt10902;;;;
nt10903;;;;
nt10904;;;;
nt10905;;;;
nt10906;;;;
nt10907;;;;
nt10908;;;;
nt10909;;;;
nt10910;;;;
nt10911;;;;
nt10912;;;;
nt10913;;;;
nt10914;;;;
nt10915;;;;
nt10916;;;;
nt10917;;;;
nt10918;;;;
nt10919;;;;
nt10920;;;;
nt10921;;;;
nt10922;;;;
nt10923;;;;
nt10924;;;;
nt10925;;;;
nt10926;;;;
nt10927;;;;
nt10928;;;;
nt10929;;;;
nt10930;;;;
nt10931;;;;
nt10932;;;;
nt10933;;;;
nt10934;;;;
nt10935;;;;
nt10936;;;;
nt10937;;;;
nt10938;;;;
nt10939;;;;
nt10940;;;;
nt10941;;;;
nt10942;;;;
nt10943;;;;
nt10944;;;;
nt10945;;;;
nt10946;;;;
nt10947;;;;
nt10948;;;;
nt10949;;;;
nt10950;;;;
nt10951;;;;
nt10952;;;;
nt10953;;;;
nt10954;;;;
nt10955;;;;
nt10956;;;;
nt10957;;;;
nt10958;;;;
nt10959;;;;
nt10960;;;;
nt10961;;;;
nt10962;;;;
nt10963;;;;
nt10964;;;;
nt10965;;;;
nt10966;;;;
nt10967;;;;
nt10968;;;;
nt10969;;;;
nt10970;;;;
nt10971;;;;
nt10972;;;;
nt10973;;;;
nt10974;;;;
nt10975;;;;
nt10976;;;;
nt10977;;;;
nt10978;;;;
nt10979;;;;
nt10980;;;;
nt10981;;;;
nt10982;;;;
nt10983;;;;
nt10984;;;;
nt10985;;;;
nt10986;;;;
nt10987;;;;
nt10988;;;;
nt10989;;;;
nt10990;;;;
nt10991;;;;
nt10992;;;;
nt10993;;;;
nt10994;;;;
nt10995;;;;
nt10996;;;;
nt10997;;;;
nt10998;;;;
nt10999;;;;
nt11000;;;;
nt11001;;;;
nt11002;;;;
nt11003;;;;
nt11004;;;;
nt11005;;;;
nt11006;;;;
nt11007;;;;
nt11008;;;;
nt11009;;;;
nt11010;;;;
nt11011;;;;
nt11012;;;;
nt11013;;;;
nt11014;;;;
nt11015;;;;
nt11016;;;;
nt11017;;;;
nt11018;;;;
nt11019;;;;
nt11020;;;;
nt11021;;;;
nt11022;;;;
nt11023;;;;
nt11024;;;;
nt11025;;;;
nt11026;;;;
nt11027;;;;
nt11028;;;;
nt11029;;;;
nt11030;;;;
nt11031;;;;
nt11032;;;;
nt11033;;;;
nt11034;;;;
nt11035;;;;
nt11036;;;;
nt11037;;;;
nt11038;;;;
nt11039;;;;
nt11040;;;;
nt11041;;;;
nt11042;;;;
nt11043;;;;
nt11044;;;;
nt11045;;;;
nt11046;;;;
nt11047;;;;
nt11048;;;;
nt11049;;;;
nt11050;;;;
nt11051;;;;
nt11052;;;;
nt11053;;;;
nt11054;;;;
nt11055;;;;
nt11056;;;;
nt11057;;;;
nt11058;;;;
nt11059;;;;
nt11060;;;;
nt11061;;;;
nt11062;;;;
nt11063;;;;
nt11064;;;;
nt11065;;;;
nt11066;;;;
nt11067;;;;
nt11068;;;;
nt11069;;;;
nt11070;;;;
nt11071;;;;
nt11072;;;;
nt11073;;;;
nt11074;;;;
nt11075;;;;
nt11076;;;;
nt11077;;;;
nt11078;;;;
nt11079;;;;
nt11080;;;;
nt11081;;;;
nt11082;;;;
nt11083;;;;
nt11084;;;;
nt11085;;;;
nt11086;;;;
nt11087;;;;
nt11088;;;;
nt11089;;;;
nt11090;;;;
nt11091;;;;
nt11092;;;;
nt11093;;;;
nt11094;;;;
nt11095;;;;
nt11096;;;;
nt11097;;;;
nt11098;;;;
nt11099;;;;
nt11100;;;;
nt11101;;;;
nt11102;;;;
nt11103;;;;
nt11104;;;;
nt11105;;;;
nt11106;;;;
nt11107;;;;
nt11108;;;;
nt11109;;;;
nt11110;;;;
nt11111;;;;
nt11112;;;;
nt11113;;;;
nt11114;;;;
nt11115;;;;
nt11116;;;;
nt11117;;;;
nt11118;;;;
nt11119;;;;
nt11120;;;;
nt11121;;;;
nt11122;;;;
nt11123;;;;
nt11124;;;;
nt11125;;;;
nt11126;;;;
nt11127;;;;
nt11128;;;;
nt11129;;;;
nt11130;;;;
nt11131;;;;
nt11132;;;;
nt11133;;;;
nt11134;;;;
nt11135;;;;
nt11136;;;;
nt11137;;;;
nt11138;;;;
nt11139;;;;
nt11140;;;;
nt11141;;;;
nt11142;;;;
nt11143;;;;
nt11144;;;;
nt11145;;;;
nt11146;;;;
nt11147;;;;
nt11148;;;;
nt11149;;;;
nt11150;;;;
nt11151;;;;
nt11152;;;;
nt11153;;;;
nt11154;;;;
nt11155;;;;
nt11156;;;;
nt11157;;;;
nt11158;;;;
nt11159;;;;
nt11160;;;;
nt11161;;;;
nt11162;;;;
nt11163;;;;
nt11164;;;;
nt11165;;;;
nt11166;;;;
nt11167;;;;
nt11168;;;;
nt11169;;;;
nt11170;;;;
nt11171;;;;
nt11172;;;;
nt11173;;;;
nt11174;;;;
nt11175;;;;
nt11176;;;;
nt11177;;;;
nt11178;;;;
nt11179;;;;
nt11180;;;;
nt11181;;;;
nt11182;;;;
nt11183;;;;
nt11184;;;;
nt11185;;;;
nt11186;;;;
nt11187;;;;
nt11188;;;;
nt11189;;;;
nt11190;;;;
nt11191;;;;
nt11192;;;;
nt11193;;;;
nt11194;;;;
nt11195;;;;
nt11196;;;;
nt11197;;;;
nt11198;;;;
nt11199;;;;
nt11200;;;;
nt11201;;;;
nt11202;;;;
nt11203;;;;
nt11204;;;;
nt11205;;;;
nt11206;;;;
nt11207;;;;
nt11208;;;;
nt11209;;;;
nt11210;;;;
nt11211;;;;
nt11212;;;;
nt11213;;;;
nt11214;;;;
nt11215;;;;
nt11216;;;;
nt11217;;;;
nt11218;;;;
nt11219;;;;
nt11220;;;;
nt11221;;;;
nt11222;;;;
nt11223;;;;
nt11224;;;;
nt11225;;;;
nt11226;;;;
nt11227;;;;
nt11228;;;;
nt11229;;;;
nt11230;;;;
nt11231;;;;
nt11232;;;;
nt11233;;;;
nt11234;;;;
nt11235;;;;
nt11236;;;;
nt11237;;;;
nt11238;;;;
nt11239;;;;
nt11240;;;;
nt11241;;;;
nt11242;;;;
nt11243;;;;
nt11244;;;;
nt11245;;;;
nt11246;;;;
nt11247;;;;
nt11248;;;;
nt11249;;;;
nt11250;;;;
nt11251;;;;
nt11252;;;;
nt11253;;;;
nt11254;;;;
nt11255;;;;
nt11256;;;;
nt11257;;;;
nt11258;;;;
nt11259;;;;
nt11260;;;;
nt11261;;;;
nt11262;;;;
nt11263;;;;
nt11264;;;;
nt11265;;;;
nt11266;;;;
nt11267;;;;
nt11268;;;;
nt11269;;;;
nt11270;;;;
nt11271;;;;
nt11272;;;;
nt11273;;;;
nt11274;;;;
nt11275;;;;
nt11276;;;;
nt11277;;;;
nt11278;;;;
nt11279;;;;
nt11280;;;;
nt11281;;;;
nt11282;;;;
nt11283;;;;
nt11284;;;;
nt11285;;;;
nt11286;;;;
nt11287;;;;
nt11288;;;;
nt11289;;;;
nt11290;;;;
nt11291;;;;
nt11292;;;;
nt11293;;;;
nt11294;;;;
nt11295;;;;
nt11296;;;;
nt11297;;;;
nt11298;;;;
nt11299;;;;
nt11300;;;;
nt11301;;;;
nt11302;;;;
nt11303;;;;
nt11304;;;;
nt11305;;;;
nt11306;;;;
nt11307;;;;
nt11308;;;;
nt11309;;;;
nt11310;;;;
nt11311;;;;
nt11312;;;;
nt11313;;;;
nt11314;;;;
nt11315;;;;
nt11316;;;;
nt11317;;;;
nt11318;;;;
nt11319;;;;
nt11320;;;;
nt11321;;;;
nt11322;;;;
nt11323;;;;
nt11324;;;;
nt11325;;;;
nt11326;;;;
nt11327;;;;
nt11328;;;;
nt11329;;;;
nt11330;;;;
nt11331;;;;
nt11332;;;;
nt11333;;;;
nt11334;;;;
nt11335;;;;
nt11336;;;;
nt11337;;;;
nt11338;;;;
nt11339;;;;
nt11340;;;;
nt11341;;;;
nt11342;;;;
nt11343;;;;
nt11344;;;;
nt11345;;;;
nt11346;;;;
nt11347;;;;
nt11348;;;;
nt11349;;;;
nt11350;;;;
nt11351;;;;
nt11352;;;;
nt11353;;;;
nt11354;;;;
nt11355;;;;
nt11356;;;;
nt11357;;;;
nt11358;;;;
nt11359;;;;
nt11360;;;;
nt11361;;;;
nt11362;;;;
nt11363;;;;
nt11364;;;;
nt11365;;;;
nt11366;;;;
nt11367;;;;
nt11368;;;;
nt11369;;;;
nt11370;;;;
nt11371;;;;
nt11372;;;;
nt11373;;;;
nt11374;;;;
nt11375;;;;
nt11376;;;;
nt11377;;;;
nt11378;;;;
nt11379;;;;
nt11380;;;;
nt11381;;;;
nt11382;;;;
nt11383;;;;
nt11384;;;;
nt11385;;;;
nt11386;;;;
nt11387;;;;
nt11388;;;;
nt11389;;;;
nt11390;;;;
nt11391;;;;
nt11392;;;;
nt11393;;;;
nt11394;;;;
nt11395;;;;
nt11396;;;;
nt11397;;;;
nt11398;;;;
nt11399;;;;
nt11400;;;;
nt11401;;;;
nt11402;;;;
nt11403;;;;
nt11404;;;;
nt11405;;;;
nt11406;;;;
nt11407;;;;
nt11408;;;;
nt11409;;;;
nt11410;;;;
nt11411;;;;
nt11412;;;;
nt11413;;;;
nt11414;;;;
nt11415;;;;
nt11416;;;;
nt11417;;;;
nt11418;;;;
nt11419;;;;
nt11420;;;;
nt11421;;;;
nt11422;;;;
nt11423;;;;
nt11424;;;;
nt11425;;;;
nt11426;;;;
nt11427;;;;
nt11428;;;;
nt11429;;;;
nt11430;;;;
nt11431;;;;
nt11432;;;;
nt11433;;;;
nt11434;;;;
nt11435;;;;
nt11436;;;;
nt11437;;;;
nt11438;;;;
nt11439;;;;
nt11440;;;;
nt11441;;;;
nt11442;;;;
nt11443;;;;
nt11444;;;;
nt11445;;;;
nt11446;;;;
nt11447;;;;
nt11448;;;;
nt11449;;;;
nt11450;;;;
nt11451;;;;
nt11452;;;;
nt11453;;;;
nt11454;;;;
nt11455;;;;
nt11456;;;;
nt11457;;;;
nt11458;;;;
nt11459;;;;
nt11460;;;;
nt11461;;;;
nt11462;;;;
nt11463;;;;
nt11464;;;;
nt11465;;;;
nt11466;;;;
nt11467;;;;
nt11468;;;;
nt11469;;;;
nt11470;;;;
nt11471;;;;
nt11472;;;;
nt11473;;;;
nt11474;;;;
nt11475;;;;
nt11476;;;;
nt11477;;;;
nt11478;;;;
nt11479;;;;
nt11480;;;;
nt11481;;;;
nt11482;;;;
nt11483;;;;
nt11484;;;;
nt11485;;;;
nt11486;;;;
nt11487;;;;
nt11488;;;;
nt11489;;;;
nt11490;;;;
nt11491;;;;
nt11492;;;;
nt11493;;;;
nt11494;;;;
nt11495;;;;
nt11496;;;;
nt11497;;;;
nt11498;;;;
nt11499;;;;
nt11500;;;;
nt11501;;;;
nt11502;;;;
nt11503;;;;
nt11504;;;;
nt11505;;;;
nt11506;;;;
nt11507;;;;
nt11508;;;;
nt11509;;;;
nt11510;;;;
nt11511;;;;
nt11512;;;;
nt11513;;;;
nt11514;;;;
nt11515;;;;
nt11516;;;;
nt11517;;;;
nt11518;;;;
nt11519;;;;
nt11520;;;;
nt11521;;;;
nt11522;;;;
nt11523;;;;
nt11524;;;;
nt11525;;;;
nt11526;;;;
nt11527;;;;
nt11528;;;;
nt11529;;;;
nt11530;;;;
nt11531;;;;
nt11532;;;;
nt11533;;;;
nt11534;;;;
nt11535;;;;
nt11536;;;;
nt11537;;;;
nt11538;;;;
nt11539;;;;
nt11540;;;;
nt11541;;;;
nt11542;;;;
nt11543;;;;
nt11544;;;;
nt11545;;;;
nt11546;;;;
nt11547;;;;
nt11548;;;;
nt11549;;;;
nt11550;;;;
nt11551;;;;
nt11552;;;;
nt11553;;;;
nt11554;;;;
nt11555;;;;
nt11556;;;;
nt11557;;;;
nt11558;;;;
nt11559;;;;
nt11560;;;;
nt11561;;;;
nt11562;;;;
nt11563;;;;
nt11564;;;;
nt11565;;;;
nt11566;;;;
nt11567;;;;
nt11568;;;;
nt11569;;;;
nt11570;;;;
nt11571;;;;
nt11572;;;;
nt11573;;;;
nt11574;;;;
nt11575;;;;
nt11576;;;;
nt11577;;;;
nt11578;;;;
nt11579;;;;
nt11580;;;;
nt11581;;;;
nt11582;;;;
nt11583;;;;
nt11584;;;;
nt11585;;;;
nt11586;;;;
nt11587;;;;
nt11588;;;;
nt11589;;;;
nt11590;;;;
nt11591;;;;
nt11592;;;;
nt11593;;;;
nt11594;;;;
nt11595;;;;
nt11596;;;;
nt11597;;;;
nt11598;;;;
nt11599;;;;
nt11600;;;;
nt11601;;;;
nt11602;;;;
nt11603;;;;
nt11604;;;;
nt11605;;;;
nt11606;;;;
nt11607;;;;
nt11608;;;;
nt11609;;;;
nt11610;;;;
nt11611;;;;
nt11612;;;;
nt11613;;;;
nt11614;;;;
nt11615;;;;
nt11616;;;;
nt11617;;;;
nt11618;;;;
nt11619;;;;
nt11620;;;;
nt11621;;;;
nt11622;;;;
nt11623;;;;
nt11624;;;;
nt11625;;;;
nt11626;;;;
nt11627;;;;
nt11628;;;;
nt11629;;;;
nt11630;;;;
nt11631;;;;
nt11632;;;;
nt11633;;;;
nt11634;;;;
nt11635;;;;
nt11636;;;;
nt11637;;;;
nt11638;;;;
nt11639;;;;
nt11640;;;;
nt11641;;;;
nt11642;;;;
nt11643;;;;
nt11644;;;;
nt11645;;;;
nt11646;;;;
nt11647;;;;
nt11648;;;;
nt11649;;;;
nt11650;;;;
nt11651;;;;
nt11652;;;;
nt11653;;;;
nt11654;;;;
nt11655;;;;
nt11656;;;;
nt11657;;;;
nt11658;;;;
nt11659;;;;
nt11660;;;;
nt11661;;;;
nt11662;;;;
nt11663;;;;
nt11664;;;;
nt11665;;;;
nt11666;;;;
nt11667;;;;
nt11668;;;;
nt11669;;;;
nt11670;;;;
nt11671;;;;
nt11672;;;;
nt11673;;;;
nt11674;;;;
nt11675;;;;
nt11676;;;;
nt11677;;;;
nt11678;;;;
nt11679;;;;
nt11680;;;;
nt11681;;;;
nt11682;;;;
nt11683;;;;
nt11684;;;;
nt11685;;;;
nt11686;;;;
nt11687;;;;
nt11688;;;;
nt11689;;;;
nt11690;;;;
nt11691;;;;
nt11692;;;;
nt11693;;;;
nt11694;;;;
nt11695;;;;
nt11696;;;;
nt11697;;;;
nt11698;;;;
nt11699;;;;
nt11700;;;;
nt11701;;;;
nt11702;;;;
nt11703;;;;
nt11704;;;;
nt11705;;;;
nt11706;;;;
nt11707;;;;
nt11708;;;;
nt11709;;;;
nt11710;;;;
nt11711;;;;
nt11712;;;;
nt11713;;;;
nt11714;;;;
nt11715;;;;
nt11716;;;;
nt11717;;;;
nt11718;;;;
nt11719;;;;
nt11720;;;;
nt11721;;;;
nt11722;;;;
nt11723;;;;
nt11724;;;;
nt11725;;;;
nt11726;;;;
nt11727;;;;
nt11728;;;;
nt11729;;;;
nt11730;;;;
nt11731;;;;
nt11732;;;;
nt11733;;;;
nt11734;;;;
nt11735;;;;
nt11736;;;;
nt11737;;;;
nt11738;;;;
nt11739;;;;
nt11740;;;;
nt11741;;;;
nt11742;;;;
nt11743;;;;
nt11744;;;;
nt11745;;;;
nt11746;;;;
nt11747;;;;
nt11748;;;;
nt11749;;;;
nt11750;;;;
nt11751;;;;
nt11752;;;;
nt11753;;;;
nt11754;;;;
nt11755;;;;
nt11756;;;;
nt11757;;;;
nt11758;;;;
nt11759;;;;
nt11760;;;;
nt11761;;;;
nt11762;;;;
nt11763;;;;
nt11764;;;;
nt11765;;;;
nt11766;;;;
nt11767;;;;
nt11768;;;;
nt11769;;;;
nt11770;;;;
nt11771;;;;
nt11772;;;;
nt11773;;;;
nt11774;;;;
nt11775;;;;
nt11776;;;;
nt11777;;;;
nt11778;;;;
nt11779;;;;
nt11780;;;;
nt11781;;;;
nt11782;;;;
nt11783;;;;
nt11784;;;;
nt11785;;;;
nt11786;;;;
nt11787;;;;
nt11788;;;;
nt11789;;;;
nt11790;;;;
nt11791;;;;
nt11792;;;;
nt11793;;;;
nt11794;;;;
nt11795;;;;
nt11796;;;;
nt11797;;;;
nt11798;;;;
nt11799;;;;
nt11800;;;;
nt11801;;;;
nt11802;;;;
nt11803;;;;
nt11804;;;;
nt11805;;;;
nt11806;;;;
nt11807;;;;
nt11808;;;;
nt11809;;;;
nt11810;;;;
nt11811;;;;
nt11812;;;;
nt11813;;;;
nt11814;;;;
nt11815;;;;
nt11816;;;;
nt11817;;;;
nt11818;;;;
nt11819;;;;
nt11820;;;;
nt11821;;;;
nt11822;;;;
nt11823;;;;
nt11824;;;;
nt11825;;;;
nt11826;;;;
nt11827;;;;
nt11828;;;;
nt11829;;;;
nt11830;;;;
nt11831;;;;
nt11832;;;;
nt11833;;;;
nt11834;;;;
nt11835;;;;
nt11836;;;;
nt11837;;;;
nt11838;;;;
nt11839;;;;
nt11840;;;;
nt11841;;;;
nt11842;;;;
nt11843;;;;
nt11844;;;;
nt11845;;;;
nt11846;;;;
nt11847;;;;
nt11848;;;;
nt11849;;;;
nt11850;;;;
nt11851;;;;
nt11852;;;;
nt11853;;;;
nt11854;;;;
nt11855;;;;
nt11856;;;;
nt11857;;;;
nt11858;;;;
nt11859;;;;
nt11860;;;;
nt11861;;;;
nt11862;;;;
nt11863;;;;
nt11864;;;;
nt11865;;;;
nt11866;;;;
nt11867;;;;
nt11868;;;;
nt11869;;;;
nt11870;;;;
nt11871;;;;
nt11872;;;;
nt11873;;;;
nt11874;;;;
nt11875;;;;
nt11876;;;;
nt11877;;;;
nt11878;;;;
nt11879;;;;
nt11880;;;;
nt11881;;;;
nt11882;;;;
nt11883;;;;
nt11884;;;;
nt11885;;;;
nt11886;;;;
nt11887;;;;
nt11888;;;;
nt11889;;;;
nt11890;;;;
nt11891;;;;
nt11892;;;;
nt11893;;;;
nt11894;;;;
nt11895;;;;
nt11896;;;;
nt11897;;;;
nt11898;;;;
nt11899;;;;
nt11900;;;;
nt11901;;;;
nt11902;;;;
nt11903;;;;
nt11904;;;;
nt11905;;;;
nt11906;;;;
nt11907;;;;
nt11908;;;;
nt11909;;;;
nt11910;;;;
nt11911;;;;
nt11912;;;;
nt11913;;;;
nt11914;;;;
nt11915;;;;
nt11916;;;;
nt11917;;;;
nt11918;;;;
nt11919;;;;
nt11920;;;;
nt11921;;;;
nt11922;;;;
nt11923;;;;
nt11924;;;;
nt11925;;;;
nt11926;;;;
nt11927;;;;
nt11928;;;;
nt11929;;;;
nt11930;;;;
nt11931;;;;
nt11932;;;;
nt11933;;;;
nt11934;;;;
nt11935;;;;
nt11936;;;;
nt11937;;;;
nt11938;;;;
nt11939;;;;
nt11940;;;;
nt11941;;;;
nt11942;;;;
nt11943;;;;
nt11944;;;;
nt11945;;;;
nt11946;;;;
nt11947;;;;
nt11948;;;;
nt11949;;;;
nt11950;;;;
nt11951;;;;
nt11952;;;;
nt11953;;;;
nt11954;;;;
nt11955;;;;
nt11956;;;;
nt11957;;;;
nt11958;;;;
nt11959;;;;
nt11960;;;;
nt11961;;;;
nt11962;;;;
nt11963;;;;
nt11964;;;;
nt11965;;;;
nt11966;;;;
nt11967;;;;
nt11968;;;;
nt11969;;;;
nt11970;;;;
nt11971;;;;
nt11972;;;;
nt11973;;;;
nt11974;;;;
nt11975;;;;
nt11976;;;;
nt11977;;;;
nt11978;;;;
nt11979;;;;
nt11980;;;;
nt11981;;;;
nt11982;;;;
nt11983;;;;
nt11984;;;;
nt11985;;;;
nt11986;;;;
nt11987;;;;
nt11988;;;;
nt11989;;;;
nt11990;;;;
nt11991;;;;
nt11992;;;;
nt11993;;;;
nt11994;;;;
nt11995;;;;
nt11996;;;;
nt11997;;;;
nt11998;;;;
nt11999;;;;
nt12000;;;;
nt12001;;;;
nt12002;;;;
nt12003;;;;
nt12004;;;;
nt12005;;;;
nt12006;;;;
nt12007;;;;
nt12008;;;;
nt12009;;;;
nt12010;;;;
nt12011;;;;
nt12012;;;;
nt12013;;;;
nt12014;;;;
nt12015;;;;
nt12016;;;;
nt12017;;;;
nt12018;;;;
nt12019;;;;
nt12020;;;;
nt12021;;;;
nt12022;;;;
nt12023;;;;
nt12024;;;;
nt12025;;;;
nt12026;;;;
nt12027;;;;
nt12028;;;;
nt12029;;;;
nt12030;;;;
nt12031;;;;
nt12032;;;;
nt12033;;;;
nt12034;;;;
nt12035;;;;
nt12036;;;;
nt12037;;;;
nt12038;;;;
nt12039;;;;
nt12040;;;;
nt12041;;;;
nt12042;;;;
nt12043;;;;
nt12044;;;;
nt12045;;;;
nt12046;;;;
nt12047;;;;
nt12048;;;;
nt12049;;;;
nt12050;;;;
nt12051;;;;
nt12052;;;;
nt12053;;;;
nt12054;;;;
nt12055;;;;
nt12056;;;;
nt12057;;;;
nt12058;;;;
nt12059;;;;
nt12060;;;;
nt12061;;;;
nt12062;;;;
nt12063;;;;
nt12064;;;;
nt12065;;;;
nt12066;;;;
nt12067;;;;
nt12068;;;;
nt12069;;;;
nt12070;;;;
nt12071;;;;
nt12072;;;;
nt12073;;;;
nt12074;;;;
nt12075;;;;
nt12076;;;;
nt12077;;;;
nt12078;;;;
nt12079;;;;
nt12080;;;;
nt12081;;;;
nt12082;;;;
nt12083;;;;
nt12084;;;;
nt12085;;;;
nt12086;;;;
nt12087;;;;
nt12088;;;;
nt12089;;;;
nt12090;;;;
nt12091;;;;
nt12092;;;;
nt12093;;;;
nt12094;;;;
nt12095;;;;
nt12096;;;;
nt12097;;;;
nt12098;;;;
nt12099;;;;
nt12100;;;;
nt12101;;;;
nt12102;;;;
nt12103;;;;
nt12104;;;;
nt12105;;;;
nt12106;;;;
nt12107;;;;
nt12108;;;;
nt12109;;;;
nt12110;;;;
nt12111;;;;
nt12112;;;;
nt12113;;;;
nt12114;;;;
nt12115;;;;
nt12116;;;;
nt12117;;;;
nt12118;;;;
nt12119;;;;
nt12120;;;;
nt12121;;;;
nt12122;;;;
nt12123;;;;
nt12124;;;;
nt12125;;;;
nt12126;;;;
nt12127;;;;
nt12128;;;;
nt12129;;;;
nt12130;;;;
nt12131;;;;
nt12132;;;;
nt12133;;;;
nt12134;;;;
nt12135;;;;
nt12136;;;;
nt12137;;;;
nt12138;;;;
nt12139;;;;
nt12140;;;;
nt12141;;;;
nt12142;;;;
nt12143;;;;
nt12144;;;;
nt12145;;;;
nt12146;;;;
nt12147;;;;
nt12148;;;;
nt12149;;;;
nt12150;;;;
nt12151;;;;
nt12152;;;;
nt12153;;;;
nt12154;;;;
nt12155;;;;
nt12156;;;;
nt12157;;;;
nt12158;;;;
nt12159;;;;
nt12160;;;;
nt12161;;;;
nt12162;;;;
nt12163;;;;
nt12164;;;;
nt12165;;;;
nt12166;;;;
nt12167;;;;
nt12168;;;;
nt12169;;;;
nt12170;;;;
nt12171;;;;
nt12172;;;;
nt12173;;;;
nt12174;;;;
nt12175;;;;
nt12176;;;;
nt12177;;;;
nt12178;;;;
nt12179;;;;
nt12180;;;;
nt12181;;;;
nt12182;;;;
nt12183;;;;
nt12184;;;;
nt12185;;;;
nt12186;;;;
nt12187;;;;
nt12188;;;;
nt12189;;;;
nt12190;;;;
nt12191;;;;
nt12192;;;;
nt12193;;;;
nt12194;;;;
nt12195;;;;
nt12196;;;;
nt12197;;;;
nt12198;;;;
nt12199;;;;
nt12200;;;;
nt12201;;;;
nt12202;;;;
nt12203;;;;
nt12204;;;;
nt12205;;;;
nt12206;;;;
nt12207;;;;
nt12208;;;;
nt12209;;;;
nt12210;;;;
nt12211;;;;
nt12212;;;;
nt12213;;;;
nt12214;;;;
nt12215;;;;
nt12216;;;;
nt12217;;;;
nt12218;;;;
nt12219;;;;
nt12220;;;;
nt12221;;;;
nt12222;;;;
nt12223;;;;
nt12224;;;;
nt12225;;;;
nt12226;;;;
nt12227;;;;
nt12228;;;;
nt12229;;;;
nt12230;;;;
nt12231;;;;
nt12232;;;;
nt12233;;;;
nt12234;;;;
nt12235;;;;
nt12236;;;;
nt12237;;;;
nt12238;;;;
nt12239;;;;
nt12240;;;;
nt12241;;;;
nt12242;;;;
nt12243;;;;
nt12244;;;;
nt12245;;;;
nt12246;;;;
nt12247;;;;
nt12248;;;;
nt12249;;;;
nt12250;;;;
nt12251;;;;
nt12252;;;;
nt12253;;;;
nt12254;;;;
nt12255;;;;
nt12256;;;;
nt12257;;;;
nt12258;;;;
nt12259;;;;
nt12260;;;;
nt12261;;;;
nt12262;;;;
nt12263;;;;
nt12264;;;;
nt12265;;;;
nt12266;;;;
nt12267;;;;
nt12268;;;;
nt12269;;;;
nt12270;;;;
nt12271;;;;
nt12272;;;;
nt12273;;;;
nt12274;;;;
nt12275;;;;
nt12276;;;;
nt12277;;;;
nt12278;;;;
nt12279;;;;
nt12280;;;;
nt12281;;;;
nt12282;;;;
nt12283;;;;
nt12284;;;;
nt12285;;;;
nt12286;;;;
nt12287;;;;
nt12288;;;;
nt12289;;;;
nt12290;;;;
nt12291;;;;
nt12292;;;;
nt12293;;;;
nt12294;;;;
nt12295;;;;
nt12296;;;;
nt12297;;;;
nt12298;;;;
nt12299;;;;
nt12300;;;;
nt12301;;;;
nt12302;;;;
nt12303;;;;
nt12304;;;;
nt12305;;;;
nt12306;;;;
nt12307;;;;
nt12308;;;;
nt12309;;;;
nt12310;;;;
nt12311;;;;
nt12312;;;;
nt12313;;;;
nt12314;;;;
nt12315;;;;
nt12316;;;;
nt12317;;;;
nt12318;;;;
nt12319;;;;
nt12320;;;;
nt12321;;;;
nt12322;;;;
nt12323;;;;
nt12324;;;;
nt12325;;;;
nt12326;;;;
nt12327;;;;
nt12328;;;;
nt12329;;;;
nt12330;;;;
nt12331;;;;
nt12332;;;;
nt12333;;;;
nt12334;;;;
nt12335;;;;
nt12336;;;;
nt12337;;;;
nt12338;;;;
nt12339;;;;
nt12340;;;;
nt12341;;;;
nt12342;;;;
nt12343;;;;
nt12344;;;;
nt12345;;;;
nt12346;;;;
nt12347;;;;
nt12348;;;;
nt12349;;;;
nt12350;;;;
nt12351;;;;
nt12352;;;;
nt12353;;;;
nt12354;;;;
nt12355;;;;
nt12356;;;;
nt12357;;;;
nt12358;;;;
nt12359;;;;
nt12360;;;;
nt12361;;;;
nt12362;;;;
nt12363;;;;
nt12364;;;;
nt12365;;;;
nt12366;;;;
nt12367;;;;
nt12368;;;;
nt12369;;;;
nt12370;;;;
nt12371;;;;
nt12372;;;;
nt12373;;;;
nt12374;;;;
nt12375;;;;
nt12376;;;;
nt12377;;;;
nt12378;;;;
nt12379;;;;
nt12380;;;;
nt12381;;;;
nt12382;;;;
nt12383;;;;
nt12384;;;;
nt12385;;;;
nt12386;;;;
nt12387;;;;
nt12388;;;;
nt12389;;;;
nt12390;;;;
nt12391;;;;
nt12392;;;;
nt12393;;;;
nt12394;;;;
nt12395;;;;
nt12396;;;;
nt12397;;;;
nt12398;;;;
nt12399;;;;
nt12400;;;;
nt12401;;;;
nt12402;;;;
nt12403;;;;
nt12404;;;;
nt12405;;;;
nt12406;;;;
nt12407;;;;
nt12408;;;;
nt12409;;;;
nt12410;;;;
nt12411;;;;
nt12412;;;;
nt12413;;;;
nt12414;;;;
nt12415;;;;
nt12416;;;;
nt12417;;;;
nt12418;;;;
nt12419;;;;
nt12420;;;;
nt12421;;;;
nt12422;;;;
nt12423;;;;
nt12424;;;;
nt12425;;;;
nt12426;;;;
nt12427;;;;
nt12428;;;;
nt12429;;;;
nt12430;;;;
nt12431;;;;
nt12432;;;;
nt12433;;;;
nt12434;;;;
nt12435;;;;
nt12436;;;;
nt12437;;;;
nt12438;;;;
nt12439;;;;
nt12440;;;;
nt12441;;;;
nt12442;;;;
nt12443;;;;
nt12444;;;;
nt12445;;;;
nt12446;;;;
nt12447;;;;
nt12448;;;;
nt12449;;;;
nt12450;;;;
nt12451;;;;
nt12452;;;;
nt12453;;;;
nt12454;;;;
nt12455;;;;
nt12456;;;;
nt12457;;;;
nt12458;;;;
nt12459;;;;
nt12460;;;;
nt12461;;;;
nt12462;;;;
nt12463;;;;
nt12464;;;;
nt12465;;;;
nt12466;;;;
nt12467;;;;
nt12468;;;;
nt12469;;;;
nt12470;;;;
nt12471;;;;
nt12472;;;;
nt12473;;;;
nt12474;;;;
nt12475;;;;
nt12476;;;;
nt12477;;;;
nt12478;;;;
nt12479;;;;
nt12480;;;;
nt12481;;;;
nt12482;;;;
nt12483;;;;
nt12484;;;;
nt12485;;;;
nt12486;;;;
nt12487;;;;
nt12488;;;;
nt12489;;;;
nt12490;;;;
nt12491;;;;
nt12492;;;;
nt12493;;;;
nt12494;;;;
nt12495;;;;
nt12496;;;;
nt12497;;;;
nt12498;;;;
nt12499;;;;
nt12500;;;;
nt12501;;;;
nt12502;;;;
nt12503;;;;
nt12504;;;;
nt12505;;;;
nt12506;;;;
nt12507;;;;
nt12508;;;;
nt12509;;;;
nt12510;;;;
nt12511;;;;
nt12512;;;;
nt12513;;;;
nt12514;;;;
nt12515;;;;
nt12516;;;;
nt12517;;;;
nt12518;;;;
nt12519;;;;
nt12520;;;;
nt12521;;;;
nt12522;;;;
nt12523;;;;
nt12524;;;;
nt12525;;;;
nt12526;;;;
nt12527;;;;
nt12528;;;;
nt12529;;;;
nt12530;;;;
nt12531;;;;
nt12532;;;;
nt12533;;;;
nt12534;;;;
nt12535;;;;
nt12536;;;;
nt12537;;;;
nt12538;;;;
nt12539;;;;
nt12540;;;;
nt12541;;;;
nt12542;;;;
nt12543;;;;
nt12544;;;;
nt12545;;;;
nt12546;;;;
nt12547;;;;
nt12548;;;;
nt12549;;;;
nt12550;;;;
nt12551;;;;
nt12552;;;;
nt12553;;;;
nt12554;;;;
nt12555;;;;
nt12556;;;;
nt12557;;;;
nt12558;;;;
nt12559;;;;
nt12560;;;;
nt12561;;;;
nt12562;;;;
nt12563;;;;
nt12564;;;;
nt12565;;;;
nt12566;;;;
nt12567;;;;
nt12568;;;;
nt12569;;;;
nt12570;;;;
nt12571;;;;
nt12572;;;;
nt12573;;;;
nt12574;;;;
nt12575;;;;
nt12576;;;;
nt12577;;;;
nt12578;;;;
nt12579;;;;
nt12580;;;;
nt12581;;;;
nt12582;;;;
nt12583;;;;
nt12584;;;;
nt12585;;;;
nt12586;;;;
nt12587;;;;
nt12588;;;;
nt12589;;;;
nt12590;;;;
nt12591;;;;
nt12592;;;;
nt12593;;;;
nt12594;;;;
nt12595;;;;
nt12596;;;;
nt12597;;;;
nt12598;;;;
nt12599;;;;
nt12600;;;;
nt12601;;;;
nt12602;;;;
nt12603;;;;
nt12604;;;;
nt12605;;;;
nt12606;;;;
nt12607;;;;
nt12608;;;;
nt12609;;;;
nt12610;;;;
nt12611;;;;
nt12612;;;;
nt12613;;;;
nt12614;;;;
nt12615;;;;
nt12616;;;;
nt12617;;;;
nt12618;;;;
nt12619;;;;
nt12620;;;;
nt12621;;;;
nt12622;;;;
nt12623;;;;
nt12624;;;;
nt12625;;;;
nt12626;;;;
nt12627;;;;
nt12628;;;;
nt12629;;;;
nt12630;;;;
nt12631;;;;
nt12632;;;;
nt12633;;;;
nt12634;;;;
nt12635;;;;
nt12636;;;;
nt12637;;;;
nt12638;;;;
nt12639;;;;
nt12640;;;;
nt12641;;;;
nt12642;;;;
nt12643;;;;
nt12644;;;;
nt12645;;;;
nt12646;;;;
nt12647;;;;
nt12648;;;;
nt12649;;;;
nt12650;;;;
nt12651;;;;
nt12652;;;;
nt12653;;;;
nt12654;;;;
nt12655;;;;
nt12656;;;;
nt12657;;;;
nt12658;;;;
nt12659;;;;
nt12660;;;;
nt12661;;;;
nt12662;;;;
nt12663;;;;
nt12664;;;;
nt12665;;;;
nt12666;;;;
nt12667;;;;
nt12668;;;;
nt12669;;;;
nt12670;;;;
nt12671;;;;
nt12672;;;;
nt12673;;;;
nt12674;;;;
nt12675;;;;
nt12676;;;;
nt12677;;;;
nt12678;;;;
nt12679;;;;
nt12680;;;;
nt12681;;;;
nt12682;;;;
nt12683;;;;
nt12684;;;;
nt12685;;;;
nt12686;;;;
nt12687;;;;
nt12688;;;;
nt12689;;;;
nt12690;;;;
nt12691;;;;
nt12692;;;;
nt12693;;;;
nt12694;;;;
nt12695;;;;
nt12696;;;;
nt12697;;;;
nt12698;;;;
nt12699;;;;
nt12700;;;;
nt12701;;;;
nt12702;;;;
nt12703;;;;
nt12704;;;;
nt12705;;;;
nt12706;;;;
nt12707;;;;
nt12708;;;;
nt12709;;;;
nt12710;;;;
nt12711;;;;
nt12712;;;;
nt12713;;;;
nt12714;;;;
nt12715;;;;
nt12716;;;;
nt12717;;;;
nt12718;;;;
nt12719;;;;
nt12720;;;;
nt12721;;;;
nt12722;;;;
nt12723;;;;
nt12724;;;;
nt12725;;;;
nt12726;;;;
nt12727;;;;
nt12728;;;;
nt12729;;;;
nt12730;;;;
nt12731;;;;
nt12732;;;;
nt12733;;;;
nt12734;;;;
nt12735;;;;
nt12736;;;;
nt12737;;;;
nt12738;;;;
nt12739;;;;
nt12740;;;;
nt12741;;;;
nt12742;;;;
nt12743;;;;
nt12744;;;;
nt12745;;;;
nt12746;;;;
nt12747;;;;
nt12748;;;;
nt12749;;;;
nt12750;;;;
nt12751;;;;
nt12752;;;;
nt12753;;;;
nt12754;;;;
nt12755;;;;
nt12756;;;;
nt12757;;;;
nt12758;;;;
nt12759;;;;
nt12760;;;;
nt12761;;;;
nt12762;;;;
nt12763;;;;
nt12764;;;;
nt12765;;;;
nt12766;;;;
nt12767;;;;
nt12768;;;;
nt12769;;;;
nt12770;;;;
nt12771;;;;
nt12772;;;;
nt12773;;;;
nt12774;;;;
nt12775;;;;
nt12776;;;;
nt12777;;;;
nt12778;;;;
nt12779;;;;
nt12780;;;;
nt12781;;;;
nt12782;;;;
nt12783;;;;
nt12784;;;;
nt12785;;;;
nt12786;;;;
nt12787;;;;
nt12788;;;;
nt12789;;;;
nt12790;;;;
nt12791;;;;
nt12792;;;;
nt12793;;;;
nt12794;;;;
nt12795;;;;
nt12796;;;;
nt12797;;;;
nt12798;;;;
nt12799;;;;
nt12800;;;;
nt12801;;;;
nt12802;;;;
nt12803;;;;
nt12804;;;;
nt12805;;;;
nt12806;;;;
nt12807;;;;
nt12808;;;;
nt12809;;;;
nt12810;;;;
nt12811;;;;
nt12812;;;;
nt12813;;;;
nt12814;;;;
nt12815;;;;
nt12816;;;;
nt12817;;;;
nt12818;;;;
nt12819;;;;
nt12820;;;;
nt12821;;;;
nt12822;;;;
nt12823;;;;
nt12824;;;;
nt12825;;;;
nt12826;;;;
nt12827;;;;
nt12828;;;;
nt12829;;;;
nt12830;;;;
nt12831;;;;
nt12832;;;;
nt12833;;;;
nt12834;;;;
nt12835;;;;
nt12836;;;;
nt12837;;;;
nt12838;;;;
nt12839;;;;
nt12840;;;;
nt12841;;;;
nt12842;;;;
nt12843;;;;
nt12844;;;;
nt12845;;;;
nt12846;;;;
nt12847;;;;
nt12848;;;;
nt12849;;;;
nt12850;;;;
nt12851;;;;
nt12852;;;;
nt12853;;;;
nt12854;;;;
nt12855;;;;
nt12856;;;;
nt12857;;;;
nt12858;;;;
nt12859;;;;
nt12860;;;;
nt12861;;;;
nt12862;;;;
nt12863;;;;
nt12864;;;;
nt12865;;;;
nt12866;;;;
nt12867;;;;
nt12868;;;;
nt12869;;;;
nt12870;;;;
nt12871;;;;
nt12872;;;;
nt12873;;;;
nt12874;;;;
nt12875;;;;
nt12876;;;;
nt12877;;;;
nt12878;;;;
nt12879;;;;
nt12880;;;;
nt12881;;;;
nt12882;;;;
nt12883;;;;
nt12884;;;;
nt12885;;;;
nt12886;;;;
nt12887;;;;
nt12888;;;;
nt12889;;;;
nt12890;;;;
nt12891;;;;
nt12892;;;;
nt12893;;;;
nt12894;;;;
nt12895;;;;
nt12896;;;;
nt12897;;;;
nt12898;;;;
nt12899;;;;
nt12900;;;;
nt12901;;;;
nt12902;;;;
nt12903;;;;
nt12904;;;;
nt12905;;;;
nt12906;;;;
nt12907;;;;
nt12908;;;;
nt12909;;;;
nt12910;;;;
nt12911;;;;
nt12912;;;;
nt12913;;;;
nt12914;;;;
nt12915;;;;
nt12916;;;;
nt12917;;;;
nt12918;;;;
nt12919;;;;
nt12920;;;;
nt12921;;;;
nt12922;;;;
nt12923;;;;
nt12924;;;;
nt12925;;;;
nt12926;;;;
nt12927;;;;
nt12928;;;;
nt12929;;;;
nt12930;;;;
nt12931;;;;
nt12932;;;;
nt12933;;;;
nt12934;;;;
nt12935;;;;
nt12936;;;;
nt12937;;;;
nt12938;;;;
nt12939;;;;
nt12940;;;;
nt12941;;;;
nt12942;;;;
nt12943;;;;
nt12944;;;;
nt12945;;;;
nt12946;;;;
nt12947;;;;
nt12948;;;;
nt12949;;;;
nt12950;;;;
nt12951;;;;
nt12952;;;;
nt12953;;;;
nt12954;;;;
nt12955;;;;
nt12956;;;;
nt12957;;;;
nt12958;;;;
nt12959;;;;
nt12960;;;;
nt12961;;;;
nt12962;;;;
nt12963;;;;
nt12964;;;;
nt12965;;;;
nt12966;;;;
nt12967;;;;
nt12968;;;;
nt12969;;;;
nt12970;;;;
nt12971;;;;
nt12972;;;;
nt12973;;;;
nt12974;;;;
nt12975;;;;
nt12976;;;;
nt12977;;;;
nt12978;;;;
nt12979;;;;
nt12980;;;;
nt12981;;;;
nt12982;;;;
nt12983;;;;
nt12984;;;;
nt12985;;;;
nt12986;;;;
nt12987;;;;
nt12988;;;;
nt12989;;;;
nt12990;;;;
nt12991;;;;
nt12992;;;;
nt12993;;;;
nt12994;;;;
nt12995;;;;
nt12996;;;;
nt12997;;;;
nt12998;;;;
nt12999;;;;
nt13000;;;;
nt13001;;;;
nt13002;;;;
nt13003;;;;
nt13004;;;;
nt13005;;;;
nt13006;;;;
nt13007;;;;
nt13008;;;;
nt13009;;;;
nt13010;;;;
nt13011;;;;
nt13012;;;;
nt13013;;;;
nt13014;;;;
nt13015;;;;
nt13016;;;;
nt13017;;;;
nt13018;;;;
nt13019;;;;
nt13020;;;;
nt13021;;;;
nt13022;;;;
nt13023;;;;
nt13024;;;;
nt13025;;;;
nt13026;;;;
nt13027;;;;
nt13028;;;;
nt13029;;;;
nt13030;;;;
nt13031;;;;
nt13032;;;;
nt13033;;;;
nt13034;;;;
nt13035;;;;
nt13036;;;;
nt13037;;;;
nt13038;;;;
nt13039;;;;
nt13040;;;;
nt13041;;;;
nt13042;;;;
nt13043;;;;
nt13044;;;;
nt13045;;;;
nt13046;;;;
nt13047;;;;
nt13048;;;;
nt13049;;;;
nt13050;;;;
nt13051;;;;
nt13052;;;;
nt13053;;;;
nt13054;;;;
nt13055;;;;
nt13056;;;;
nt13057;;;;
nt13058;;;;
nt13059;;;;
nt13060;;;;
nt13061;;;;
nt13062;;;;
nt13063;;;;
nt13064;;;;
nt13065;;;;
nt13066;;;;
nt13067;;;;
nt13068;;;;
nt13069;;;;
nt13070;;;;
nt13071;;;;
nt13072;;;;
nt13073;;;;
nt13074;;;;
nt13075;;;;
nt13076;;;;
nt13077;;;;
nt13078;;;;
nt13079;;;;
nt13080;;;;
nt13081;;;;
nt13082;;;;
nt13083;;;;
nt13084;;;;
nt13085;;;;
nt13086;;;;
nt13087;;;;
nt13088;;;;
nt13089;;;;
nt13090;;;;
nt13091;;;;
nt13092;;;;
nt13093;;;;
nt13094;;;;
nt13095;;;;
nt13096;;;;
nt13097;;;;
nt13098;;;;
nt13099;;;;
nt13100;;;;
nt13101;;;;
nt13102;;;;
nt13103;;;;
nt13104;;;;
nt13105;;;;
nt13106;;;;
nt13107;;;;
nt13108;;;;
nt13109;;;;
nt13110;;;;
nt13111;;;;
nt13112;;;;
nt13113;;;;
nt13114;;;;
nt13115;;;;
nt13116;;;;
nt13117;;;;
nt13118;;;;
nt13119;;;;
nt13120;;;;
nt13121;;;;
nt13122;;;;
nt13123;;;;
nt13124;;;;
nt13125;;;;
nt13126;;;;
nt13127;;;;
nt13128;;;;
nt13129;;;;
nt13130;;;;
nt13131;;;;
nt13132;;;;
nt13133;;;;
nt13134;;;;
nt13135;;;;
nt13136;;;;
nt13137;;;;
nt13138;;;;
nt13139;;;;
nt13140;;;;
nt13141;;;;
nt13142;;;;
nt13143;;;;
nt13144;;;;
nt13145;;;;
nt13146;;;;
nt13147;;;;
nt13148;;;;
nt13149;;;;
nt13150;;;;
nt13151;;;;
nt13152;;;;
nt13153;;;;
nt13154;;;;
nt13155;;;;
nt13156;;;;
nt13157;;;;
nt13158;;;;
nt13159;;;;
nt13160;;;;
nt13161;;;;
nt13162;;;;
nt13163;;;;
nt13164;;;;
nt13165;;;;
nt13166;;;;
nt13167;;;;
nt13168;;;;
nt13169;;;;
nt13170;;;;
nt13171;;;;
nt13172;;;;
nt13173;;;;
nt13174;;;;
nt13175;;;;
nt13176;;;;
nt13177;;;;
nt13178;;;;
nt13179;;;;
nt13180;;;;
nt13181;;;;
nt13182;;;;
nt13183;;;;
nt13184;;;;
nt13185;;;;
nt13186;;;;
nt13187;;;;
nt13188;;;;
nt13189;;;;
nt13190;;;;
nt13191;;;;
nt13192;;;;
nt13193;;;;
nt13194;;;;
nt13195;;;;
nt13196;;;;
nt13197;;;;
nt13198;;;;
nt13199;;;;
nt13200;;;;
nt13201;;;;
nt13202;;;;
nt13203;;;;
nt13204;;;;
nt13205;;;;
nt13206;;;;
nt13207;;;;
nt13208;;;;
nt13209;;;;
nt13210;;;;
nt13211;;;;
nt13212;;;;
nt13213;;;;
nt13214;;;;
nt13215;;;;
nt13216;;;;
nt13217;;;;
nt13218;;;;
nt13219;;;;
nt13220;;;;
nt13221;;;;
nt13222;;;;
nt13223;;;;
nt13224;;;;
nt13225;;;;
nt13226;;;;
nt13227;;;;
nt13228;;;;
nt13229;;;;
nt13230;;;;
nt13231;;;;
nt13232;;;;
nt13233;;;;
nt13234;;;;
nt13235;;;;
nt13236;;;;
nt13237;;;;
nt13238;;;;
nt13239;;;;
nt13240;;;;
nt13241;;;;
nt13242;;;;
nt13243;;;;
nt13244;;;;
nt13245;;;;
nt13246;;;;
nt13247;;;;
nt13248;;;;
nt13249;;;;
nt13250;;;;
nt13251;;;;
nt13252;;;;
nt13253;;;;
nt13254;;;;
nt13255;;;;
nt13256;;;;
nt13257;;;;
nt13258;;;;
nt13259;;;;
nt13260;;;;
nt13261;;;;
nt13262;;;;
nt13263;;;;
nt13264;;;;
nt13265;;;;
nt13266;;;;
nt13267;;;;
nt13268;;;;
nt13269;;;;
nt13270;;;;
nt13271;;;;
nt13272;;;;
nt13273;;;;
nt13274;;;;
nt13275;;;;
nt13276;;;;
nt13277;;;;
nt13278;;;;
nt13279;;;;
nt13280;;;;
nt13281;;;;
nt13282;;;;
nt13283;;;;
nt13284;;;;
nt13285;;;;
nt13286;;;;
nt13287;;;;
nt13288;;;;
nt13289;;;;
nt13290;;;;
nt13291;;;;
nt13292;;;;
nt13293;;;;
nt13294;;;;
nt13295;;;;
nt13296;;;;
nt13297;;;;
nt13298;;;;
nt13299;;;;
nt13300;;;;
nt13301;;;;
nt13302;;;;
nt13303;;;;
nt13304;;;;
nt13305;;;;
nt13306;;;;
nt13307;;;;
nt13308;;;;
nt13309;;;;
nt13310;;;;
nt13311;;;;
nt13312;;;;
nt13313;;;;
nt13314;;;;
nt13315;;;;
nt13316;;;;
nt13317;;;;
nt13318;;;;
nt13319;;;;
nt13320;;;;
nt13321;;;;
nt13322;;;;
nt13323;;;;
nt13324;;;;
nt13325;;;;
nt13326;;;;
nt13327;;;;
nt13328;;;;
nt13329;;;;
nt13330;;;;
nt13331;;;;
nt13332;;;;
nt13333;;;;
nt13334;;;;
nt13335;;;;
nt13336;;;;
nt13337;;;;
nt13338;;;;
nt13339;;;;
nt13340;;;;
nt13341;;;;
nt13342;;;;
nt13343;;;;
nt13344;;;;
nt13345;;;;
nt13346;;;;
nt13347;;;;
nt13348;;;;
nt13349;;;;
nt13350;;;;
nt13351;;;;
nt13352;;;;
nt13353;;;;
nt13354;;;;
nt13355;;;;
nt13356;;;;
nt13357;;;;
nt13358;;;;
nt13359;;;;
nt13360;;;;
nt13361;;;;
nt13362;;;;
nt13363;;;;
nt13364;;;;
nt13365;;;;
nt13366;;;;
nt13367;;;;
nt13368;;;;
nt13369;;;;
nt13370;;;;
nt13371;;;;
nt13372;;;;
nt13373;;;;
nt13374;;;;
nt13375;;;;
nt13376;;;;
nt13377;;;;
nt13378;;;;
nt13379;;;;
nt13380;;;;
nt13381;;;;
nt13382;;;;
nt13383;;;;
nt13384;;;;
nt13385;;;;
nt13386;;;;
nt13387;;;;
nt13388;;;;
nt13389;;;;
nt13390;;;;
nt13391;;;;
nt13392;;;;
nt13393;;;;
nt13394;;;;
nt13395;;;;
nt13396;;;;
nt13397;;;;
nt13398;;;;
nt13399;;;;
nt13400;;;;
nt13401;;;;
nt13402;;;;
nt13403;;;;
nt13404;;;;
nt13405;;;;
nt13406;;;;
nt13407;;;;
nt13408;;;;
nt13409;;;;
nt13410;;;;
nt13411;;;;
nt13412;;;;
nt13413;;;;
nt13414;;;;
nt13415;;;;
nt13416;;;;
nt13417;;;;
nt13418;;;;
nt13419;;;;
nt13420;;;;
nt13421;;;;
nt13422;;;;
nt13423;;;;
nt13424;;;;
nt13425;;;;
nt13426;;;;
nt13427;;;;
nt13428;;;;
nt13429;;;;
nt13430;;;;
nt13431;;;;
nt13432;;;;
nt13433;;;;
nt13434;;;;
nt13435;;;;
nt13436;;;;
nt13437;;;;
nt13438;;;;
nt13439;;;;
nt13440;;;;
nt13441;;;;
nt13442;;;;
nt13443;;;;
nt13444;;;;
nt13445;;;;
nt13446;;;;
nt13447;;;;
nt13448;;;;
nt13449;;;;
nt13450;;;;
nt13451;;;;
nt13452;;;;
nt13453;;;;
nt13454;;;;
nt13455;;;;
nt13456;;;;
nt13457;;;;
nt13458;;;;
nt13459;;;;
nt13460;;;;
nt13461;;;;
nt13462;;;;
nt13463;;;;
nt13464;;;;
nt13465;;;;
nt13466;;;;
nt13467;;;;
nt13468;;;;
nt13469;;;;
nt13470;;;;
nt13471;;;;
nt13472;;;;
nt13473;;;;
nt13474;;;;
nt13475;;;;
nt13476;;;;
nt13477;;;;
nt13478;;;;
nt13479;;;;
nt13480;;;;
nt13481;;;;
nt13482;;;;
nt13483;;;;
nt13484;;;;
nt13485;;;;
nt13486;;;;
nt13487;;;;
nt13488;;;;
nt13489;;;;
nt13490;;;;
nt13491;;;;
nt13492;;;;
nt13493;;;;
nt13494;;;;
nt13495;;;;
nt13496;;;;
nt13497;;;;
nt13498;;;;
nt13499;;;;
nt13500;;;;
nt13501;;;;
nt13502;;;;
nt13503;;;;
nt13504;;;;
nt13505;;;;
nt13506;;;;
nt13507;;;;
nt13508;;;;
nt13509;;;;
nt13510;;;;
nt13511;;;;
nt13512;;;;
nt13513;;;;
nt13514;;;;
nt13515;;;;
nt13516;;;;
nt13517;;;;
nt13518;;;;
nt13519;;;;
nt13520;;;;
nt13521;;;;
nt13522;;;;
nt13523;;;;
nt13524;;;;
nt13525;;;;
nt13526;;;;
nt13527;;;;
nt13528;;;;
nt13529;;;;
nt13530;;;;
nt13531;;;;
nt13532;;;;
nt13533;;;;
nt13534;;;;
nt13535;;;;
nt13536;;;;
nt13537;;;;
nt13538;;;;
nt13539;;;;
nt13540;;;;
nt13541;;;;
nt13542;;;;
nt13543;;;;
nt13544;;;;
nt13545;;;;
nt13546;;;;
nt13547;;;;
nt13548;;;;
nt13549;;;;
nt13550;;;;
nt13551;;;;
nt13552;;;;
nt13553;;;;
nt13554;;;;
nt13555;;;;
nt13556;;;;
nt13557;;;;
nt13558;;;;
nt13559;;;;
nt13560;;;;
nt13561;;;;
nt13562;;;;
nt13563;;;;
nt13564;;;;
nt13565;;;;
nt13566;;;;
nt13567;;;;
nt13568;;;;
nt13569;;;;
nt13570;;;;
nt13571;;;;
nt13572;;;;
nt13573;;;;
nt13574;;;;
nt13575;;;;
nt13576;;;;
nt13577;;;;
nt13578;;;;
nt13579;;;;
nt13580;;;;
nt13581;;;;
nt13582;;;;
nt13583;;;;
nt13584;;;;
nt13585;;;;
nt13586;;;;
nt13587;;;;
nt13588;;;;
nt13589;;;;
nt13590;;;;
nt13591;;;;
nt13592;;;;
nt13593;;;;
nt13594;;;;
nt13595;;;;
nt13596;;;;
nt13597;;;;
nt13598;;;;
nt13599;;;;
nt13600;;;;
nt13601;;;;
nt13602;;;;
nt13603;;;;
nt13604;;;;
nt13605;;;;
nt13606;;;;
nt13607;;;;
nt13608;;;;
nt13609;;;;
nt13610;;;;
nt13611;;;;
nt13612;;;;
nt13613;;;;
nt13614;;;;
nt13615;;;;
nt13616;;;;
nt13617;;;;
nt13618;;;;
nt13619;;;;
nt13620;;;;
nt13621;;;;
nt13622;;;;
nt13623;;;;
nt13624;;;;
nt13625;;;;
nt13626;;;;
nt13627;;;;
nt13628;;;;
nt13629;;;;
nt13630;;;;
nt13631;;;;
nt13632;;;;
nt13633;;;;
nt13634;;;;
nt13635;;;;
nt13636;;;;
nt13637;;;;
nt13638;;;;
nt13639;;;;
nt13640;;;;
nt13641;;;;
nt13642;;;;
nt13643;;;;
nt13644;;;;
nt13645;;;;
nt13646;;;;
nt13647;;;;
nt13648;;;;
nt13649;;;;
nt13650;;;;
nt13651;;;;
nt13652;;;;
nt13653;;;;
nt13654;;;;
nt13655;;;;
nt13656;;;;
nt13657;;;;
nt13658;;;;
nt13659;;;;
nt13660;;;;
nt13661;;;;
nt13662;;;;
nt13663;;;;
nt13664;;;;
nt13665;;;;
nt13666;;;;
nt13667;;;;
nt13668;;;;
nt13669;;;;
nt13670;;;;
nt13671;;;;
nt13672;;;;
nt13673;;;;
nt13674;;;;
nt13675;;;;
nt13676;;;;
nt13677;;;;
nt13678;;;;
nt13679;;;;
nt13680;;;;
nt13681;;;;
nt13682;;;;
nt13683;;;;
nt13684;;;;
nt13685;;;;
nt13686;;;;
nt13687;;;;
nt13688;;;;
nt13689;;;;
nt13690;;;;
nt13691;;;;
nt13692;;;;
nt13693;;;;
nt13694;;;;
nt13695;;;;
nt13696;;;;
nt13697;;;;
nt13698;;;;
nt13699;;;;
nt13700;;;;
nt13701;;;;
nt13702;;;;
nt13703;;;;
nt13704;;;;
nt13705;;;;
nt13706;;;;
nt13707;;;;
nt13708;;;;
nt13709;;;;
nt13710;;;;
nt13711;;;;
nt13712;;;;
nt13713;;;;
nt13714;;;;
nt13715;;;;
nt13716;;;;
nt13717;;;;
nt13718;;;;
nt13719;;;;
nt13720;;;;
nt13721;;;;
nt13722;;;;
nt13723;;;;
nt13724;;;;
nt13725;;;;
nt13726;;;;
nt13727;;;;
nt13728;;;;
nt13729;;;;
nt13730;;;;
nt13731;;;;
nt13732;;;;
nt13733;;;;
nt13734;;;;
nt13735;;;;
nt13736;;;;
nt13737;;;;
nt13738;;;;
nt13739;;;;
nt13740;;;;
nt13741;;;;
nt13742;;;;
nt13743;;;;
nt13744;;;;
nt13745;;;;
nt13746;;;;
nt13747;;;;
nt13748;;;;
nt13749;;;;
nt13750;;;;
nt13751;;;;
nt13752;;;;
nt13753;;;;
nt13754;;;;
nt13755;;;;
nt13756;;;;
nt13757;;;;
nt13758;;;;
nt13759;;;;
nt13760;;;;
nt13761;;;;
nt13762;;;;
nt13763;;;;
nt13764;;;;
nt13765;;;;
nt13766;;;;
nt13767;;;;
nt13768;;;;
nt13769;;;;
nt13770;;;;
nt13771;;;;
nt13772;;;;
nt13773;;;;
nt13774;;;;
nt13775;;;;
nt13776;;;;
nt13777;;;;
nt13778;;;;
nt13779;;;;
nt13780;;;;
nt13781;;;;
nt13782;;;;
nt13783;;;;
nt13784;;;;
nt13785;;;;
nt13786;;;;
nt13787;;;;
nt13788;;;;
nt13789;;;;
nt13790;;;;
nt13791;;;;
nt13792;;;;
nt13793;;;;
nt13794;;;;
nt13795;;;;
nt13796;;;;
nt13797;;;;
nt13798;;;;
nt13799;;;;
nt13800;;;;
nt13801;;;;
nt13802;;;;
nt13803;;;;
nt13804;;;;
nt13805;;;;
nt13806;;;;
nt13807;;;;
nt13808;;;;
nt13809;;;;
nt13810;;;;
nt13811;;;;
nt13812;;;;
nt13813;;;;
nt13814;;;;
nt13815;;;;
nt13816;;;;
nt13817;;;;
nt13818;;;;
nt13819;;;;
nt13820;;;;
nt13821;;;;
nt13822;;;;
nt13823;;;;
nt13824;;;;
nt13825;;;;
nt13826;;;;
nt13827;;;;
nt13828;;;;
nt13829;;;;
nt13830;;;;
nt13831;;;;
nt13832;;;;
nt13833;;;;
nt13834;;;;
nt13835;;;;
nt13836;;;;
nt13837;;;;
nt13838;;;;
nt13839;;;;
nt13840;;;;
nt13841;;;;
nt13842;;;;
nt13843;;;;
nt13844;;;;
nt13845;;;;
nt13846;;;;
nt13847;;;;
nt13848;;;;
nt13849;;;;
nt13850;;;;
nt13851;;;;
nt13852;;;;
nt13853;;;;
nt13854;;;;
nt13855;;;;
nt13856;;;;
nt13857;;;;
nt13858;;;;
nt13859;;;;
nt13860;;;;
nt13861;;;;
nt13862;;;;
nt13863;;;;
nt13864;;;;
nt13865;;;;
nt13866;;;;
nt13867;;;;
nt13868;;;;
nt13869;;;;
nt13870;;;;
nt13871;;;;
nt13872;;;;
nt13873;;;;
nt13874;;;;
nt13875;;;;
nt13876;;;;
nt13877;;;;
nt13878;;;;
nt13879;;;;
nt13880;;;;
nt13881;;;;
nt13882;;;;
nt13883;;;;
nt13884;;;;
nt13885;;;;
nt13886;;;;
nt13887;;;;
nt13888;;;;
nt13889;;;;
nt13890;;;;
nt13891;;;;
nt13892;;;;
nt13893;;;;
nt13894;;;;
nt13895;;;;
nt13896;;;;
nt13897;;;;
nt13898;;;;
nt13899;;;;
nt13900;;;;
nt13901;;;;
nt13902;;;;
nt13903;;;;
nt13904;;;;
nt13905;;;;
nt13906;;;;
nt13907;;;;
nt13908;;;;
nt13909;;;;
nt13910;;;;
nt13911;;;;
nt13912;;;;
nt13913;;;;
nt13914;;;;
nt13915;;;;
nt13916;;;;
nt13917;;;;
nt13918;;;;
nt13919;;;;
nt13920;;;;
nt13921;;;;
nt13922;;;;
nt13923;;;;
nt13924;;;;
nt13925;;;;
nt13926;;;;
nt13927;;;;
nt13928;;;;
nt13929;;;;
nt13930;;;;
nt13931;;;;
nt13932;;;;
nt13933;;;;
nt13934;;;;
nt13935;;;;
nt13936;;;;
nt13937;;;;
nt13938;;;;
nt13939;;;;
nt13940;;;;
nt13941;;;;
nt13942;;;;
nt13943;;;;
nt13944;;;;
nt13945;;;;
nt13946;;;;
nt13947;;;;
nt13948;;;;
nt13949;;;;
nt13950;;;;
nt13951;;;;
nt13952;;;;
nt13953;;;;
nt13954;;;;
nt13955;;;;
nt13956;;;;
nt13957;;;;
nt13958;;;;
nt13959;;;;
nt13960;;;;
nt13961;;;;
nt13962;;;;
nt13963;;;;
nt13964;;;;
nt13965;;;;
nt13966;;;;
nt13967;;;;
nt13968;;;;
nt13969;;;;
nt13970;;;;
nt13971;;;;
nt13972;;;;
nt13973;;;;
nt13974;;;;
nt13975;;;;
nt13976;;;;
nt13977;;;;
nt13978;;;;
nt13979;;;;
nt13980;;;;
nt13981;;;;
nt13982;;;;
nt13983;;;;
nt13984;;;;
nt13985;;;;
nt13986;;;;
nt13987;;;;
nt13988;;;;
nt13989;;;;
nt13990;;;;
nt13991;;;;
nt13992;;;;
nt13993;;;;
nt13994;;;;
nt13995;;;;
nt13996;;;;
nt13997;;;;
nt13998;;;;
nt13999;;;;
nt14000;;;;
nt14001;;;;
nt14002;;;;
nt14003;;;;
nt14004;;;;
nt14005;;;;
nt14006;;;;
nt14007;;;;
nt14008;;;;
nt14009;;;;
nt14010;;;;
nt14011;;;;
nt14012;;;;
nt14013;;;;
nt14014;;;;
nt14015;;;;
nt14016;;;;
nt14017;;;;
nt14018;;;;
nt14019;;;;
nt14020;;;;
nt14021;;;;
nt14022;;;;
nt14023;;;;
nt14024;;;;
nt14025;;;;
nt14026;;;;
nt14027;;;;
nt14028;;;;
nt14029;;;;
nt14030;;;;
nt14031;;;;
nt14032;;;;
nt14033;;;;
nt14034;;;;
nt14035;;;;
nt14036;;;;
nt14037;;;;
nt14038;;;;
nt14039;;;;
nt14040;;;;
nt14041;;;;
nt14042;;;;
nt14043;;;;
nt14044;;;;
nt14045;;;;
nt14046;;;;
nt14047;;;;
nt14048;;;;
nt14049;;;;
nt14050;;;;
nt14051;;;;
nt14052;;;;
nt14053;;;;
nt14054;;;;
nt14055;;;;
nt14056;;;;
nt14057;;;;
nt14058;;;;
nt14059;;;;
nt14060;;;;
nt14061;;;;
nt14062;;;;
nt14063;;;;
nt14064;;;;
nt14065;;;;
nt14066;;;;
nt14067;;;;
nt14068;;;;
nt14069;;;;
nt14070;;;;
nt14071;;;;
nt14072;;;;
nt14073;;;;
nt14074;;;;
nt14075;;;;
nt14076;;;;
nt14077;;;;
nt14078;;;;
nt14079;;;;
nt14080;;;;
nt14081;;;;
nt14082;;;;
nt14083;;;;
nt14084;;;;
nt14085;;;;
nt14086;;;;
nt14087;;;;
nt14088;;;;
nt14089;;;;
nt14090;;;;
nt14091;;;;
nt14092;;;;
nt14093;;;;
nt14094;;;;
nt14095;;;;
nt14096;;;;
nt14097;;;;
nt14098;;;;
nt14099;;;;
nt14100;;;;
nt14101;;;;
nt14102;;;;
nt14103;;;;
nt14104;;;;
nt14105;;;;
nt14106;;;;
nt14107;;;;
nt14108;;;;
nt14109;;;;
nt14110;;;;
nt14111;;;;
nt14112;;;;
nt14113;;;;
nt14114;;;;
nt14115;;;;
nt14116;;;;
nt14117;;;;
nt14118;;;;
nt14119;;;;
nt14120;;;;
nt14121;;;;
nt14122;;;;
nt14123;;;;
nt14124;;;;
nt14125;;;;
nt14126;;;;
nt14127;;;;
nt14128;;;;
nt14129;;;;
nt14130;;;;
nt14131;;;;
nt14132;;;;
nt14133;;;;
nt14134;;;;
nt14135;;;;
nt14136;;;;
nt14137;;;;
nt14138;;;;
nt14139;;;;
nt14140;;;;
nt14141;;;;
nt14142;;;;
nt14143;;;;
nt14144;;;;
nt14145;;;;
nt14146;;;;
nt14147;;;;
nt14148;;;;
nt14149;;;;
nt14150;;;;
nt14151;;;;
nt14152;;;;
nt14153;;;;
nt14154;;;;
nt14155;;;;
nt14156;;;;
nt14157;;;;
nt14158;;;;
nt14159;;;;
nt14160;;;;
nt14161;;;;
nt14162;;;;
nt14163;;;;
nt14164;;;;
nt14165;;;;
nt14166;;;;
nt14167;;;;
nt14168;;;;
nt14169;;;;
nt14170;;;;
nt14171;;;;
nt14172;;;;
nt14173;;;;
nt14174;;;;
nt14175;;;;
nt14176;;;;
nt14177;;;;
nt14178;;;;
nt14179;;;;
nt14180;;;;
nt14181;;;;
nt14182;;;;
nt14183;;;;
nt14184;;;;
nt14185;;;;
nt14186;;;;
nt14187;;;;
nt14188;;;;
nt14189;;;;
nt14190;;;;
nt14191;;;;
nt14192;;;;
nt14193;;;;
nt14194;;;;
nt14195;;;;
nt14196;;;;
nt14197;;;;
nt14198;;;;
nt14199;;;;
nt14200;;;;
nt14201;;;;
nt14202;;;;
nt14203;;;;
nt14204;;;;
nt14205;;;;
nt14206;;;;
nt14207;;;;
nt14208;;;;
nt14209;;;;
nt14210;;;;
nt14211;;;;
nt14212;;;;
nt14213;;;;
nt14214;;;;
nt14215;;;;
nt14216;;;;
nt14217;;;;
nt14218;;;;
nt14219;;;;
nt14220;;;;
nt14221;;;;
nt14222;;;;
nt14223;;;;
nt14224;;;;
nt14225;;;;
nt14226;;;;
nt14227;;;;
nt14228;;;;
nt14229;;;;
nt14230;;;;
nt14231;;;;
nt14232;;;;
nt14233;;;;
nt14234;;;;
nt14235;;;;
nt14236;;;;
nt14237;;;;
nt14238;;;;
nt14239;;;;
nt14240;;;;
nt14241;;;;
nt14242;;;;
nt14243;;;;
nt14244;;;;
nt14245;;;;
nt14246;;;;
nt14247;;;;
nt14248;;;;
nt14249;;;;
nt14250;;;;
nt14251;;;;
nt14252;;;;
nt14253;;;;
nt14254;;;;
nt14255;;;;
nt14256;;;;
nt14257;;;;
nt14258;;;;
nt14259;;;;
nt14260;;;;
nt14261;;;;
nt14262;;;;
nt14263;;;;
nt14264;;;;
nt14265;;;;
nt14266;;;;
nt14267;;;;
nt14268;;;;
nt14269;;;;
nt14270;;;;
nt14271;;;;
nt14272;;;;
nt14273;;;;
nt14274;;;;
nt14275;;;;
nt14276;;;;
nt14277;;;;
nt14278;;;;
nt14279;;;;
nt14280;;;;
nt14281;;;;
nt14282;;;;
nt14283;;;;
nt14284;;;;
nt14285;;;;
nt14286;;;;
nt14287;;;;
nt14288;;;;
nt14289;;;;
nt14290;;;;
nt14291;;;;
nt14292;;;;
nt14293;;;;
nt14294;;;;
nt14295;;;;
nt14296;;;;
nt14297;;;;
nt14298;;;;
nt14299;;;;
nt14300;;;;
nt14301;;;;
nt14302;;;;
nt14303;;;;
nt14304;;;;
nt14305;;;;
nt14306;;;;
nt14307;;;;
nt14308;;;;
nt14309;;;;
nt14310;;;;
nt14311;;;;
nt14312;;;;
nt14313;;;;
nt14314;;;;
nt14315;;;;
nt14316;;;;
nt14317;;;;
nt14318;;;;
nt14319;;;;
nt14320;;;;
nt14321;;;;
nt14322;;;;
nt14323;;;;
nt14324;;;;
nt14325;;;;
nt14326;;;;
nt14327;;;;
nt14328;;;;
nt14329;;;;
nt14330;;;;
nt14331;;;;
nt14332;;;;
nt14333;;;;
nt14334;;;;
nt14335;;;;
nt14336;;;;
nt14337;;;;
nt14338;;;;
nt14339;;;;
nt14340;;;;
nt14341;;;;
nt14342;;;;
nt14343;;;;
nt14344;;;;
nt14345;;;;
nt14346;;;;
nt14347;;;;
nt14348;;;;
nt14349;;;;
nt14350;;;;
nt14351;;;;
nt14352;;;;
nt14353;;;;
nt14354;;;;
nt14355;;;;
nt14356;;;;
nt14357;;;;
nt14358;;;;
nt14359;;;;
nt14360;;;;
nt14361;;;;
nt14362;;;;
nt14363;;;;
nt14364;;;;
nt14365;;;;
nt14366;;;;
nt14367;;;;
nt14368;;;;
nt14369;;;;
nt14370;;;;
nt14371;;;;
nt14372;;;;
nt14373;;;;
nt14374;;;;
nt14375;;;;
nt14376;;;;
nt14377;;;;
nt14378;;;;
nt14379;;;;
nt14380;;;;
nt14381;;;;
nt14382;;;;
nt14383;;;;
nt14384;;;;
nt14385;;;;
nt14386;;;;
nt14387;;;;
nt14388;;;;
nt14389;;;;
nt14390;;;;
nt14391;;;;
nt14392;;;;
nt14393;;;;
nt14394;;;;
nt14395;;;;
nt14396;;;;
nt14397;;;;
nt14398;;;;
nt14399;;;;
nt14400;;;;
nt14401;;;;
nt14402;;;;
nt14403;;;;
nt14404;;;;
nt14405;;;;
nt14406;;;;
nt14407;;;;
nt14408;;;;
nt14409;;;;
nt14410;;;;
nt14411;;;;
nt14412;;;;
nt14413;;;;
nt14414;;;;
nt14415;;;;
nt14416;;;;
nt14417;;;;
nt14418;;;;
nt14419;;;;
nt14420;;;;
nt14421;;;;
nt14422;;;;
nt14423;;;;
nt14424;;;;
nt14425;;;;
nt14426;;;;
nt14427;;;;
nt14428;;;;
nt14429;;;;
nt14430;;;;
nt14431;;;;
nt14432;;;;
nt14433;;;;
nt14434;;;;
nt14435;;;;
nt14436;;;;
nt14437;;;;
nt14438;;;;
nt14439;;;;
nt14440;;;;
nt14441;;;;
nt14442;;;;
nt14443;;;;
nt14444;;;;
nt14445;;;;
nt14446;;;;
nt14447;;;;
nt14448;;;;
nt14449;;;;
nt14450;;;;
nt14451;;;;
nt14452;;;;
nt14453;;;;
nt14454;;;;
nt14455;;;;
nt14456;;;;
nt14457;;;;
nt14458;;;;
nt14459;;;;
nt14460;;;;
nt14461;;;;
nt14462;;;;
nt14463;;;;
nt14464;;;;
nt14465;;;;
nt14466;;;;
nt14467;;;;
nt14468;;;;
nt14469;;;;
nt14470;;;;
nt14471;;;;
nt14472;;;;
nt14473;;;;
nt14474;;;;
nt14475;;;;
nt14476;;;;
nt14477;;;;
nt14478;;;;
nt14479;;;;
nt14480;;;;
nt14481;;;;
nt14482;;;;
nt14483;;;;
nt14484;;;;
nt14485;;;;
nt14486;;;;
nt14487;;;;
nt14488;;;;
nt14489;;;;
nt14490;;;;
nt14491;;;;
nt14492;;;;
nt14493;;;;
nt14494;;;;
nt14495;;;;
nt14496;;;;
nt14497;;;;
nt14498;;;;
nt14499;;;;
nt14500;;;;
nt14501;;;;
nt14502;;;;
nt14503;;;;
nt14504;;;;
nt14505;;;;
nt14506;;;;
nt14507;;;;
nt14508;;;;
nt14509;;;;
nt14510;;;;
nt14511;;;;
nt14512;;;;
nt14513;;;;
nt14514;;;;
nt14515;;;;
nt14516;;;;
nt14517;;;;
nt14518;;;;
nt14519;;;;
nt14520;;;;
nt14521;;;;
nt14522;;;;
nt14523;;;;
nt14524;;;;
nt14525;;;;
nt14526;;;;
nt14527;;;;
nt14528;;;;
nt14529;;;;
nt14530;;;;
nt14531;;;;
nt14532;;;;
nt14533;;;;
nt14534;;;;
nt14535;;;;
nt14536;;;;
nt14537;;;;
nt14538;;;;
nt14539;;;;
nt14540;;;;
nt14541;;;;
nt14542;;;;
nt14543;;;;
nt14544;;;;
nt14545;;;;
nt14546;;;;
nt14547;;;;
nt14548;;;;
nt14549;;;;
nt14550;;;;
nt14551;;;;
nt14552;;;;
nt14553;;;;
nt14554;;;;
nt14555;;;;
nt14556;;;;
nt14557;;;;
nt14558;;;;
nt14559;;;;
nt14560;;;;
nt14561;;;;
nt14562;;;;
nt14563;;;;
nt14564;;;;
nt14565;;;;
nt14566;;;;
nt14567;;;;
nt14568;;;;
nt14569;;;;
nt14570;;;;
nt14571;;;;
nt14572;;;;
nt14573;;;;
nt14574;;;;
nt14575;;;;
nt14576;;;;
nt14577;;;;
nt14578;;;;
nt14579;;;;
nt14580;;;;
nt14581;;;;
nt14582;;;;
nt14583;;;;
nt14584;;;;
nt14585;;;;
nt14586;;;;
nt14587;;;;
nt14588;;;;
nt14589;;;;
nt14590;;;;
nt14591;;;;
nt14592;;;;
nt14593;;;;
nt14594;;;;
nt14595;;;;
nt14596;;;;
nt14597;;;;
nt14598;;;;
nt14599;;;;
nt14600;;;;
nt14601;;;;
nt14602;;;;
nt14603;;;;
nt14604;;;;
nt14605;;;;
nt14606;;;;
nt14607;;;;
nt14608;;;;
nt14609;;;;
nt14610;;;;
nt14611;;;;
nt14612;;;;
nt14613;;;;
nt14614;;;;
nt14615;;;;
nt14616;;;;
nt14617;;;;
nt14618;;;;
nt14619;;;;
nt14620;;;;
nt14621;;;;
nt14622;;;;
nt14623;;;;
nt14624;;;;
nt14625;;;;
nt14626;;;;
nt14627;;;;
nt14628;;;;
nt14629;;;;
nt14630;;;;
nt14631;;;;
nt14632;;;;
nt14633;;;;
nt14634;;;;
nt14635;;;;
nt14636;;;;
nt14637;;;;
nt14638;;;;
nt14639;;;;
nt14640;;;;
nt14641;;;;
nt14642;;;;
nt14643;;;;
nt14644;;;;
nt14645;;;;
nt14646;;;;
nt14647;;;;
nt14648;;;;
nt14649;;;;
nt14650;;;;
nt14651;;;;
nt14652;;;;
nt14653;;;;
nt14654;;;;
nt14655;;;;
nt14656;;;;
nt14657;;;;
nt14658;;;;
nt14659;;;;
nt14660;;;;
nt14661;;;;
nt14662;;;;
nt14663;;;;
nt14664;;;;
nt14665;;;;
nt14666;;;;
nt14667;;;;
nt14668;;;;
nt14669;;;;
nt14670;;;;
nt14671;;;;
nt14672;;;;
nt14673;;;;
nt14674;;;;
nt14675;;;;
nt14676;;;;
nt14677;;;;
nt14678;;;;
nt14679;;;;
nt14680;;;;
nt14681;;;;
nt14682;;;;
nt14683;;;;
nt14684;;;;
nt14685;;;;
nt14686;;;;
nt14687;;;;
nt14688;;;;
nt14689;;;;
nt14690;;;;
nt14691;;;;
nt14692;;;;
nt14693;;;;
nt14694;;;;
nt14695;;;;
nt14696;;;;
nt14697;;;;
nt14698;;;;
nt14699;;;;
nt14700;;;;
nt14701;;;;
nt14702;;;;
nt14703;;;;
nt14704;;;;
nt14705;;;;
nt14706;;;;
nt14707;;;;
nt14708;;;;
nt14709;;;;
nt14710;;;;
nt14711;;;;
nt14712;;;;
nt14713;;;;
nt14714;;;;
nt14715;;;;
nt14716;;;;
nt14717;;;;
nt14718;;;;
nt14719;;;;
nt14720;;;;
nt14721;;;;
nt14722;;;;
nt14723;;;;
nt14724;;;;
nt14725;;;;
nt14726;;;;
nt14727;;;;
nt14728;;;;
nt14729;;;;
nt14730;;;;
nt14731;;;;
nt14732;;;;
nt14733;;;;
nt14734;;;;
nt14735;;;;
nt14736;;;;
nt14737;;;;
nt14738;;;;
nt14739;;;;
nt14740;;;;
nt14741;;;;
nt14742;;;;
nt14743;;;;
nt14744;;;;
nt14745;;;;
nt14746;;;;
nt14747;;;;
nt14748;;;;
nt14749;;;;
nt14750;;;;
nt14751;;;;
nt14752;;;;
nt14753;;;;
nt14754;;;;
nt14755;;;;
nt14756;;;;
nt14757;;;;
nt14758;;;;
nt14759;;;;
nt14760;;;;
nt14761;;;;
nt14762;;;;
nt14763;;;;
nt14764;;;;
nt14765;;;;
nt14766;;;;
nt14767;;;;
nt14768;;;;
nt14769;;;;
nt14770;;;;
nt14771;;;;
nt14772;;;;
nt14773;;;;
nt14774;;;;
nt14775;;;;
nt14776;;;;
nt14777;;;;
nt14778;;;;
nt14779;;;;
nt14780;;;;
nt14781;;;;
nt14782;;;;
nt14783;;;;
nt14784;;;;
nt14785;;;;
nt14786;;;;
nt14787;;;;
nt14788;;;;
nt14789;;;;
nt14790;;;;
nt14791;;;;
nt14792;;;;
nt14793;;;;
nt14794;;;;
nt14795;;;;
nt14796;;;;
nt14797;;;;
nt14798;;;;
nt14799;;;;
nt14800;;;;
nt14801;;;;
nt14802;;;;
nt14803;;;;
nt14804;;;;
nt14805;;;;
nt14806;;;;
nt14807;;;;
nt14808;;;;
nt14809;;;;
nt14810;;;;
nt14811;;;;
nt14812;;;;
nt14813;;;;
nt14814;;;;
nt14815;;;;
nt14816;;;;
nt14817;;;;
nt14818;;;;
nt14819;;;;
nt14820;;;;
nt14821;;;;
nt14822;;;;
nt14823;;;;
nt14824;;;;
nt14825;;;;
nt14826;;;;
nt14827;;;;
nt14828;;;;
nt14829;;;;
nt14830;;;;
nt14831;;;;
nt14832;;;;
nt14833;;;;
nt14834;;;;
nt14835;;;;
nt14836;;;;
nt14837;;;;
nt14838;;;;
nt14839;;;;
nt14840;;;;
nt14841;;;;
nt14842;;;;
nt14843;;;;
nt14844;;;;
nt14845;;;;
nt14846;;;;
nt14847;;;;
nt14848;;;;
nt14849;;;;
nt14850;;;;
nt14851;;;;
nt14852;;;;
nt14853;;;;
nt14854;;;;
nt14855;;;;
nt14856;;;;
nt14857;;;;
nt14858;;;;
nt14859;;;;
nt14860;;;;
nt14861;;;;
nt14862;;;;
nt14863;;;;
nt14864;;;;
nt14865;;;;
nt14866;;;;
nt14867;;;;
nt14868;;;;
nt14869;;;;
nt14870;;;;
nt14871;;;;
nt14872;;;;
nt14873;;;;
nt14874;;;;
nt14875;;;;
nt14876;;;;
nt14877;;;;
nt14878;;;;
nt14879;;;;
nt14880;;;;
nt14881;;;;
nt14882;;;;
nt14883;;;;
nt14884;;;;
nt14885;;;;
nt14886;;;;
nt14887;;;;
nt14888;;;;
nt14889;;;;
nt14890;;;;
nt14891;;;;
nt14892;;;;
nt14893;;;;
nt14894;;;;
nt14895;;;;
nt14896;;;;
nt14897;;;;
nt14898;;;;
nt14899;;;;
nt14900;;;;
nt14901;;;;
nt14902;;;;
nt14903;;;;
nt14904;;;;
nt14905;;;;
nt14906;;;;
nt14907;;;;
nt14908;;;;
nt14909;;;;
nt14910;;;;
nt14911;;;;
nt14912;;;;
nt14913;;;;
nt14914;;;;
nt14915;;;;
nt14916;;;;
nt14917;;;;
nt14918;;;;
nt14919;;;;
nt14920;;;;
nt14921;;;;
nt14922;;;;
nt14923;;;;
nt14924;;;;
nt14925;;;;
nt14926;;;;
nt14927;;;;
nt14928;;;;
nt14929;;;;
nt14930;;;;
nt14931;;;;
nt14932;;;;
nt14933;;;;
nt14934;;;;
nt14935;;;;
nt14936;;;;
nt14937;;;;
nt14938;;;;
nt14939;;;;
nt14940;;;;
nt14941;;;;
nt14942;;;;
nt14943;;;;
nt14944;;;;
nt14945;;;;
nt14946;;;;
nt14947;;;;
nt14948;;;;
nt14949;;;;
nt14950;;;;
nt14951;;;;
nt14952;;;;
nt14953;;;;
nt14954;;;;
nt14955;;;;
nt14956;;;;
nt14957;;;;
nt14958;;;;
nt14959;;;;
nt14960;;;;
nt14961;;;;
nt14962;;;;
nt14963;;;;
nt14964;;;;
nt14965;;;;
nt14966;;;;
nt14967;;;;
nt14968;;;;
nt14969;;;;
nt14970;;;;
nt14971;;;;
nt14972;;;;
nt14973;;;;
nt14974;;;;
nt14975;;;;
nt14976;;;;
nt14977;;;;
nt14978;;;;
nt14979;;;;
nt14980;;;;
nt14981;;;;
nt14982;;;;
nt14983;;;;
nt14984;;;;
nt14985;;;;
nt14986;;;;
nt14987;;;;
nt14988;;;;
nt14989;;;;
nt14990;;;;
nt14991;;;;
nt14992;;;;
nt14993;;;;
nt14994;;;;
nt14995;;;;
nt14996;;;;
nt14997;;;;
nt14998;;;;
nt14999;;;;
nt15000;;;;
nt15001;;;;
nt15002;;;;
nt15003;;;;
nt15004;;;;
nt15005;;;;
nt15006;;;;
nt15007;;;;
nt15008;;;;
nt15009;;;;
nt15010;;;;
nt15011;;;;
nt15012;;;;
nt15013;;;;
nt15014;;;;
nt15015;;;;
nt15016;;;;
nt15017;;;;
nt15018;;;;
nt15019;;;;
nt15020;;;;
nt15021;;;;
nt15022;;;;
nt15023;;;;
nt15024;;;;
nt15025;;;;
nt15026;;;;
nt15027;;;;
nt15028;;;;
nt15029;;;;
nt15030;;;;
nt15031;;;;
nt15032;;;;
nt15033;;;;
nt15034;;;;
nt15035;;;;
nt15036;;;;
nt15037;;;;
nt15038;;;;
nt15039;;;;
nt15040;;;;
nt15041;;;;
nt15042;;;;
nt15043;;;;
nt15044;;;;
nt15045;;;;
nt15046;;;;
nt15047;;;;
nt15048;;;;
nt15049;;;;
nt15050;;;;
nt15051;;;;
nt15052;;;;
nt15053;;;;
nt15054;;;;
nt15055;;;;
nt15056;;;;
nt15057;;;;
nt15058;;;;
nt15059;;;;
nt15060;;;;
nt15061;;;;
nt15062;;;;
nt15063;;;;
nt15064;;;;
nt15065;;;;
nt15066;;;;
nt15067;;;;
nt15068;;;;
nt15069;;;;
nt15070;;;;
nt15071;;;;
nt15072;;;;
nt15073;;;;
nt15074;;;;
nt15075;;;;
nt15076;;;;
nt15077;;;;
nt15078;;;;
nt15079;;;;
nt15080;;;;
nt15081;;;;
nt15082;;;;
nt15083;;;;
nt15084;;;;
nt15085;;;;
nt15086;;;;
nt15087;;;;
nt15088;;;;
nt15089;;;;
nt15090;;;;
nt15091;;;;
nt15092;;;;
nt15093;;;;
nt15094;;;;
nt15095;;;;
nt15096;;;;
nt15097;;;;
nt15098;;;;
nt15099;;;;
nt15100;;;;
nt15101;;;;
nt15102;;;;
nt15103;;;;
nt15104;;;;
nt15105;;;;
nt15106;;;;
nt15107;;;;
nt15108;;;;
nt15109;;;;
nt15110;;;;
nt15111;;;;
nt15112;;;;
nt15113;;;;
nt15114;;;;
nt15115;;;;
nt15116;;;;
nt15117;;;;
nt15118;;;;
nt15119;;;;
nt15120;;;;
nt15121;;;;
nt15122;;;;
nt15123;;;;
nt15124;;;;
nt15125;;;;
nt15126;;;;
nt15127;;;;
nt15128;;;;
nt15129;;;;
nt15130;;;;
nt15131;;;;
nt15132;;;;
nt15133;;;;
nt15134;;;;
nt15135;;;;
nt15136;;;;
nt15137;;;;
nt15138;;;;
nt15139;;;;
nt15140;;;;
nt15141;;;;
nt15142;;;;
nt15143;;;;
nt15144;;;;
nt15145;;;;
nt15146;;;;
nt15147;;;;
nt15148;;;;
nt15149;;;;
nt15150;;;;
nt15151;;;;
nt15152;;;;
nt15153;;;;
nt15154;;;;
nt15155;;;;
nt15156;;;;
nt15157;;;;
nt15158;;;;
nt15159;;;;
nt15160;;;;
nt15161;;;;
nt15162;;;;
nt15163;;;;
nt15164;;;;
nt15165;;;;
nt15166;;;;
nt15167;;;;
nt15168;;;;
nt15169;;;;
nt15170;;;;
nt15171;;;;
nt15172;;;;
nt15173;;;;
nt15174;;;;
nt15175;;;;
nt15176;;;;
nt15177;;;;
nt15178;;;;
nt15179;;;;
nt15180;;;;
nt15181;;;;
nt15182;;;;
nt15183;;;;
nt15184;;;;
nt15185;;;;
nt15186;;;;
nt15187;;;;
nt15188;;;;
nt15189;;;;
nt15190;;;;
nt15191;;;;
nt15192;;;;
nt15193;;;;
nt15194;;;;
nt15195;;;;
nt15196;;;;
nt15197;;;;
nt15198;;;;
nt15199;;;;
nt15200;;;;
nt15201;;;;
nt15202;;;;
nt15203;;;;
nt15204;;;;
nt15205;;;;
nt15206;;;;
nt15207;;;;
nt15208;;;;
nt15209;;;;
nt15210;;;;
nt15211;;;;
nt15212;;;;
nt15213;;;;
nt15214;;;;
nt15215;;;;
nt15216;;;;
nt15217;;;;
nt15218;;;;
nt15219;;;;
nt15220;;;;
nt15221;;;;
nt15222;;;;
nt15223;;;;
nt15224;;;;
nt15225;;;;
nt15226;;;;
nt15227;;;;
nt15228;;;;
nt15229;;;;
nt15230;;;;
nt15231;;;;
nt15232;;;;
nt15233;;;;
nt15234;;;;
nt15235;;;;
nt15236;;;;
nt15237;;;;
nt15238;;;;
nt15239;;;;
nt15240;;;;
nt15241;;;;
nt15242;;;;
nt15243;;;;
nt15244;;;;
nt15245;;;;
nt15246;;;;
nt15247;;;;
nt15248;;;;
nt15249;;;;
nt15250;;;;
nt15251;;;;
nt15252;;;;
nt15253;;;;
nt15254;;;;
nt15255;;;;
nt15256;;;;
nt15257;;;;
nt15258;;;;
nt15259;;;;
nt15260;;;;
nt15261;;;;
nt15262;;;;
nt15263;;;;
nt15264;;;;
nt15265;;;;
nt15266;;;;
nt15267;;;;
nt15268;;;;
nt15269;;;;
nt15270;;;;
nt15271;;;;
nt15272;;;;
nt15273;;;;
nt15274;;;;
nt15275;;;;
nt15276;;;;
nt15277;;;;
nt15278;;;;
nt15279;;;;
nt15280;;;;
nt15281;;;;
nt15282;;;;
nt15283;;;;
nt15284;;;;
nt15285;;;;
nt15286;;;;
nt15287;;;;
nt15288;;;;
nt15289;;;;
nt15290;;;;
nt15291;;;;
nt15292;;;;
nt15293;;;;
nt15294;;;;
nt15295;;;;
nt15296;;;;
nt15297;;;;
nt15298;;;;
nt15299;;;;
nt15300;;;;
nt15301;;;;
nt15302;;;;
nt15303;;;;
nt15304;;;;
nt15305;;;;
nt15306;;;;
nt15307;;;;
nt15308;;;;
nt15309;;;;
nt15310;;;;
nt15311;;;;
nt15312;;;;
nt15313;;;;
nt15314;;;;
nt15315;;;;
nt15316;;;;
nt15317;;;;
nt15318;;;;
nt15319;;;;
nt15320;;;;
nt15321;;;;
nt15322;;;;
nt15323;;;;
nt15324;;;;
nt15325;;;;
nt15326;;;;
nt15327;;;;
nt15328;;;;
nt15329;;;;
nt15330;;;;
nt15331;;;;
nt15332;;;;
nt15333;;;;
nt15334;;;;
nt15335;;;;
nt15336;;;;
nt15337;;;;
nt15338;;;;
nt15339;;;;
nt15340;;;;
nt15341;;;;
nt15342;;;;
nt15343;;;;
nt15344;;;;
nt15345;;;;
nt15346;;;;
nt15347;;;;
nt15348;;;;
nt15349;;;;
nt15350;;;;
nt15351;;;;
nt15352;;;;
nt15353;;;;
nt15354;;;;
nt15355;;;;
nt15356;;;;
nt15357;;;;
nt15358;;;;
nt15359;;;;
nt15360;;;;
nt15361;;;;
nt15362;;;;
nt15363;;;;
nt15364;;;;
nt15365;;;;
nt15366;;;;
nt15367;;;;
nt15368;;;;
nt15369;;;;
nt15370;;;;
nt15371;;;;
nt15372;;;;
nt15373;;;;
nt15374;;;;
nt15375;;;;
nt15376;;;;
nt15377;;;;
nt15378;;;;
nt15379;;;;
nt15380;;;;
nt15381;;;;
nt15382;;;;
nt15383;;;;
nt15384;;;;
nt15385;;;;
nt15386;;;;
nt15387;;;;
nt15388;;;;
nt15389;;;;
nt15390;;;;
nt15391;;;;
nt15392;;;;
nt15393;;;;
nt15394;;;;
nt15395;;;;
nt15396;;;;
nt15397;;;;
nt15398;;;;
nt15399;;;;
nt15400;;;;
nt15401;;;;
nt15402;;;;
nt15403;;;;
nt15404;;;;
nt15405;;;;
nt15406;;;;
nt15407;;;;
nt15408;;;;
nt15409;;;;
nt15410;;;;
nt15411;;;;
nt15412;;;;
nt15413;;;;
nt15414;;;;
nt15415;;;;
nt15416;;;;
nt15417;;;;
nt15418;;;;
nt15419;;;;
nt15420;;;;
nt15421;;;;
nt15422;;;;
nt15423;;;;
nt15424;;;;
nt15425;;;;
nt15426;;;;
nt15427;;;;
nt15428;;;;
nt15429;;;;
nt15430;;;;
nt15431;;;;
nt15432;;;;
nt15433;;;;
nt15434;;;;
nt15435;;;;
nt15436;;;;
nt15437;;;;
nt15438;;;;
nt15439;;;;
nt15440;;;;
nt15441;;;;
nt15442;;;;
nt15443;;;;
nt15444;;;;
nt15445;;;;
nt15446;;;;
nt15447;;;;
nt15448;;;;
nt15449;;;;
nt15450;;;;
nt15451;;;;
nt15452;;;;
nt15453;;;;
nt15454;;;;
nt15455;;;;
nt15456;;;;
nt15457;;;;
nt15458;;;;
nt15459;;;;
nt15460;;;;
nt15461;;;;
nt15462;;;;
nt15463;;;;
nt15464;;;;
nt15465;;;;
nt15466;;;;
nt15467;;;;
nt15468;;;;
nt15469;;;;
nt15470;;;;
nt15471;;;;
nt15472;;;;
nt15473;;;;
nt15474;;;;
nt15475;;;;
nt15476;;;;
nt15477;;;;
nt15478;;;;
nt15479;;;;
nt15480;;;;
nt15481;;;;
nt15482;;;;
nt15483;;;;
nt15484;;;;
nt15485;;;;
nt15486;;;;
nt15487;;;;
nt15488;;;;
nt15489;;;;
nt15490;;;;
nt15491;;;;
nt15492;;;;
nt15493;;;;
nt15494;;;;
nt15495;;;;
nt15496;;;;
nt15497;;;;
nt15498;;;;
nt15499;;;;
nt15500;;;;
nt15501;;;;
nt15502;;;;
nt15503;;;;
nt15504;;;;
nt15505;;;;
nt15506;;;;
nt15507;;;;
nt15508;;;;
nt15509;;;;
nt15510;;;;
nt15511;;;;
nt15512;;;;
nt15513;;;;
nt15514;;;;
nt15515;;;;
nt15516;;;;
nt15517;;;;
nt15518;;;;
nt15519;;;;
nt15520;;;;
nt15521;;;;
nt15522;;;;
nt15523;;;;
nt15524;;;;
nt15525;;;;
nt15526;;;;
nt15527;;;;
nt15528;;;;
nt15529;;;;
nt15530;;;;
nt15531;;;;
nt15532;;;;
nt15533;;;;
nt15534;;;;
nt15535;;;;
nt15536;;;;
nt15537;;;;
nt15538;;;;
nt15539;;;;
nt15540;;;;
nt15541;;;;
nt15542;;;;
nt15543;;;;
nt15544;;;;
nt15545;;;;
nt15546;;;;
nt15547;;;;
nt15548;;;;
nt15549;;;;
nt15550;;;;
nt15551;;;;
nt15552;;;;
nt15553;;;;
nt15554;;;;
nt15555;;;;
nt15556;;;;
nt15557;;;;
nt15558;;;;
nt15559;;;;
nt15560;;;;
nt15561;;;;
nt15562;;;;
nt15563;;;;
nt15564;;;;
nt15565;;;;
nt15566;;;;
nt15567;;;;
nt15568;;;;
nt15569;;;;
nt15570;;;;
nt15571;;;;
nt15572;;;;
nt15573;;;;
nt15574;;;;
nt15575;;;;
nt15576;;;;
nt15577;;;;
nt15578;;;;
nt15579;;;;
nt15580;;;;
nt15581;;;;
nt15582;;;;
nt15583;;;;
nt15584;;;;
nt15585;;;;
nt15586;;;;
nt15587;;;;
nt15588;;;;
nt15589;;;;
nt15590;;;;
nt15591;;;;
nt15592;;;;
nt15593;;;;
nt15594;;;;
nt15595;;;;
nt15596;;;;
nt15597;;;;
nt15598;;;;
nt15599;;;;
nt15600;;;;
nt15601;;;;
nt15602;;;;
nt15603;;;;
nt15604;;;;
nt15605;;;;
nt15606;;;;
nt15607;;;;
nt15608;;;;
nt15609;;;;
nt15610;;;;
nt15611;;;;
nt15612;;;;
nt15613;;;;
nt15614;;;;
nt15615;;;;
nt15616;;;;
nt15617;;;;
nt15618;;;;
nt15619;;;;
nt15620;;;;
nt15621;;;;
nt15622;;;;
nt15623;;;;
nt15624;;;;
nt15625;;;;
nt15626;;;;
nt15627;;;;
nt15628;;;;
nt15629;;;;
nt15630;;;;
nt15631;;;;
nt15632;;;;
nt15633;;;;
nt15634;;;;
nt15635;;;;
nt15636;;;;
nt15637;;;;
nt15638;;;;
nt15639;;;;
nt15640;;;;
nt15641;;;;
nt15642;;;;
nt15643;;;;
nt15644;;;;
nt15645;;;;
nt15646;;;;
nt15647;;;;
nt15648;;;;
nt15649;;;;
nt15650;;;;
nt15651;;;;
nt15652;;;;
nt15653;;;;
nt15654;;;;
nt15655;;;;
nt15656;;;;
nt15657;;;;
nt15658;;;;
nt15659;;;;
nt15660;;;;
nt15661;;;;
nt15662;;;;
nt15663;;;;
nt15664;;;;
nt15665;;;;
nt15666;;;;
nt15667;;;;
nt15668;;;;
nt15669;;;;
nt15670;;;;
nt15671;;;;
nt15672;;;;
nt15673;;;;
nt15674;;;;
nt15675;;;;
nt15676;;;;
nt15677;;;;
nt15678;;;;
nt15679;;;;
nt15680;;;;
nt15681;;;;
nt15682;;;;
nt15683;;;;
nt15684;;;;
nt15685;;;;
nt15686;;;;
nt15687;;;;
nt15688;;;;
nt15689;;;;
nt15690;;;;
nt15691;;;;
nt15692;;;;
nt15693;;;;
nt15694;;;;
nt15695;;;;
nt15696;;;;
nt15697;;;;
nt15698;;;;
nt15699;;;;
nt15700;;;;
nt15701;;;;
nt15702;;;;
nt15703;;;;
nt15704;;;;
nt15705;;;;
nt15706;;;;
nt15707;;;;
nt15708;;;;
nt15709;;;;
nt15710;;;;
nt15711;;;;
nt15712;;;;
nt15713;;;;
nt15714;;;;
nt15715;;;;
nt15716;;;;
nt15717;;;;
nt15718;;;;
nt15719;;;;
nt15720;;;;
nt15721;;;;
nt15722;;;;
nt15723;;;;
nt15724;;;;
nt15725;;;;
nt15726;;;;
nt15727;;;;
nt15728;;;;
nt15729;;;;
nt15730;;;;
nt15731;;;;
nt15732;;;;
nt15733;;;;
nt15734;;;;
nt15735;;;;
nt15736;;;;
nt15737;;;;
nt15738;;;;
nt15739;;;;
nt15740;;;;
nt15741;;;;
nt15742;;;;
nt15743;;;;
nt15744;;;;
nt15745;;;;
nt15746;;;;
nt15747;;;;
nt15748;;;;
nt15749;;;;
nt15750;;;;
nt15751;;;;
nt15752;;;;
nt15753;;;;
nt15754;;;;
nt15755;;;;
nt15756;;;;
nt15757;;;;
nt15758;;;;
nt15759;;;;
nt15760;;;;
nt15761;;;;
nt15762;;;;
nt15763;;;;
nt15764;;;;
nt15765;;;;
nt15766;;;;
nt15767;;;;
nt15768;;;;
nt15769;;;;
nt15770;;;;
nt15771;;;;
nt15772;;;;
nt15773;;;;
nt15774;;;;
nt15775;;;;
nt15776;;;;
nt15777;;;;
nt15778;;;;
nt15779;;;;
nt15780;;;;
nt15781;;;;
nt15782;;;;
nt15783;;;;
nt15784;;;;
nt15785;;;;
nt15786;;;;
nt15787;;;;
nt15788;;;;
nt15789;;;;
nt15790;;;;
nt15791;;;;
nt15792;;;;
nt15793;;;;
nt15794;;;;
nt15795;;;;
nt15796;;;;
nt15797;;;;
nt15798;;;;
nt15799;;;;
nt15800;;;;
nt15801;;;;
nt15802;;;;
nt15803;;;;
nt15804;;;;
nt15805;;;;
nt15806;;;;
nt15807;;;;
nt15808;;;;
nt15809;;;;
nt15810;;;;
nt15811;;;;
nt15812;;;;
nt15813;;;;
nt15814;;;;
nt15815;;;;
nt15816;;;;
nt15817;;;;
nt15818;;;;
nt15819;;;;
nt15820;;;;
nt15821;;;;
nt15822;;;;
nt15823;;;;
nt15824;;;;
nt15825;;;;
nt15826;;;;
nt15827;;;;
nt15828;;;;
nt15829;;;;
nt15830;;;;
nt15831;;;;
nt15832;;;;
nt15833;;;;
nt15834;;;;
nt15835;;;;
nt15836;;;;
nt15837;;;;
nt15838;;;;
nt15839;;;;
nt15840;;;;
nt15841;;;;
nt15842;;;;
nt15843;;;;
nt15844;;;;
nt15845;;;;
nt15846;;;;
nt15847;;;;
nt15848;;;;
nt15849;;;;
nt15850;;;;
nt15851;;;;
nt15852;;;;
nt15853;;;;
nt15854;;;;
nt15855;;;;
nt15856;;;;
nt15857;;;;
nt15858;;;;
nt15859;;;;
nt15860;;;;
nt15861;;;;
nt15862;;;;
nt15863;;;;
nt15864;;;;
nt15865;;;;
nt15866;;;;
nt15867;;;;
nt15868;;;;
nt15869;;;;
nt15870;;;;
nt15871;;;;
nt15872;;;;
nt15873;;;;
nt15874;;;;
nt15875;;;;
nt15876;;;;
nt15877;;;;
nt15878;;;;
nt15879;;;;
nt15880;;;;
nt15881;;;;
nt15882;;;;
nt15883;;;;
nt15884;;;;
nt15885;;;;
nt15886;;;;
nt15887;;;;
nt15888;;;;
nt15889;;;;
nt15890;;;;
nt15891;;;;
nt15892;;;;
nt15893;;;;
nt15894;;;;
nt15895;;;;
nt15896;;;;
nt15897;;;;
nt15898;;;;
nt15899;;;;
nt15900;;;;
nt15901;;;;
nt15902;;;;
nt15903;;;;
nt15904;;;;
nt15905;;;;
nt15906;;;;
nt15907;;;;
nt15908;;;;
nt15909;;;;
nt15910;;;;
nt15911;;;;
nt15912;;;;
nt15913;;;;
nt15914;;;;
nt15915;;;;
nt15916;;;;
nt15917;;;;
nt15918;;;;
nt15919;;;;
nt15920;;;;
nt15921;;;;
nt15922;;;;
nt15923;;;;
nt15924;;;;
nt15925;;;;
nt15926;;;;
nt15927;;;;
nt15928;;;;
nt15929;;;;
nt15930;;;;
nt15931;;;;
nt15932;;;;
nt15933;;;;
nt15934;;;;
nt15935;;;;
nt15936;;;;
nt15937;;;;
nt15938;;;;
nt15939;;;;
nt15940;;;;
nt15941;;;;
nt15942;;;;
nt15943;;;;
nt15944;;;;
nt15945;;;;
nt15946;;;;
nt15947;;;;
nt15948;;;;
nt15949;;;;
nt15950;;;;
nt15951;;;;
nt15952;;;;
nt15953;;;;
nt15954;;;;
nt15955;;;;
nt15956;;;;
nt15957;;;;
nt15958;;;;
nt15959;;;;
nt15960;;;;
nt15961;;;;
nt15962;;;;
nt15963;;;;
nt15964;;;;
nt15965;;;;
nt15966;;;;
nt15967;;;;
nt15968;;;;
nt15969;;;;
nt15970;;;;
nt15971;;;;
nt15972;;;;
nt15973;;;;
nt15974;;;;
nt15975;;;;
nt15976;;;;
nt15977;;;;
nt15978;;;;
nt15979;;;;
nt15980;;;;
nt15981;;;;
nt15982;;;;
nt15983;;;;
nt15984;;;;
nt15985;;;;
nt15986;;;;
nt15987;;;;
nt15988;;;;
nt15989;;;;
nt15990;;;;
nt15991;;;;
nt15992;;;;
nt15993;;;;
nt15994;;;;
nt15995;;;;
nt15996;;;;
nt15997;;;;
nt15998;;;;
nt15999;;;;
nt16000;;;;
nt16001;;;;
nt16002;;;;
nt16003;;;;
nt16004;;;;
nt16005;;;;
nt16006;;;;
nt16007;;;;
nt16008;;;;
nt16009;;;;
nt16010;;;;
nt16011;;;;
nt16012;;;;
nt16013;;;;
nt16014;;;;
nt16015;;;;
nt16016;;;;
nt16017;;;;
nt16018;;;;
nt16019;;;;
nt16020;;;;
nt16021;;;;
nt16022;;;;
nt16023;;;;
nt16024;;;;
nt16025;;;;
nt16026;;;;
nt16027;;;;
nt16028;;;;
nt16029;;;;
nt16030;;;;
nt16031;;;;
nt16032;;;;
nt16033;;;;
nt16034;;;;
nt16035;;;;
nt16036;;;;
nt16037;;;;
nt16038;;;;
nt16039;;;;
nt16040;;;;
nt16041;;;;
nt16042;;;;
nt16043;;;;
nt16044;;;;
nt16045;;;;
nt16046;;;;
nt16047;;;;
nt16048;;;;
nt16049;;;;
nt16050;;;;
nt16051;;;;
nt16052;;;;
nt16053;;;;
nt16054;;;;
nt16055;;;;
nt16056;;;;
nt16057;;;;
nt16058;;;;
nt16059;;;;
nt16060;;;;
nt16061;;;;
nt16062;;;;
nt16063;;;;
nt16064;;;;
nt16065;;;;
nt16066;;;;
nt16067;;;;
nt16068;;;;
nt16069;;;;
nt16070;;;;
nt16071;;;;
nt16072;;;;
nt16073;;;;
nt16074;;;;
nt16075;;;;
nt16076;;;;
nt16077;;;;
nt16078;;;;
nt16079;;;;
nt16080;;;;
nt16081;;;;
nt16082;;;;
nt16083;;;;
nt16084;;;;
nt16085;;;;
nt16086;;;;
nt16087;;;;
nt16088;;;;
nt16089;;;;
nt16090;;;;
nt16091;;;;
nt16092;;;;
nt16093;;;;
nt16094;;;;
nt16095;;;;
nt16096;;;;
nt16097;;;;
nt16098;;;;
nt16099;;;;
nt16100;;;;
nt16101;;;;
nt16102;;;;
nt16103;;;;
nt16104;;;;
nt16105;;;;
nt16106;;;;
nt16107;;;;
nt16108;;;;
nt16109;;;;
nt16110;;;;
nt16111;;;;
nt16112;;;;
nt16113;;;;
nt16114;;;;
nt16115;;;;
nt16116;;;;
nt16117;;;;
nt16118;;;;
nt16119;;;;
nt16120;;;;
nt16121;;;;
nt16122;;;;
nt16123;;;;
nt16124;;;;
nt16125;;;;
nt16126;;;;
nt16127;;;;
nt16128;;;;
nt16129;;;;
nt16130;;;;
nt16131;;;;
nt16132;;;;
nt16133;;;;
nt16134;;;;
nt16135;;;;
nt16136;;;;
nt16137;;;;
nt16138;;;;
nt16139;;;;
nt16140;;;;
nt16141;;;;
nt16142;;;;
nt16143;;;;
nt16144;;;;
nt16145;;;;
nt16146;;;;
nt16147;;;;
nt16148;;;;
nt16149;;;;
nt16150;;;;
nt16151;;;;
nt16152;;;;
nt16153;;;;
nt16154;;;;
nt16155;;;;
nt16156;;;;
nt16157;;;;
nt16158;;;;
nt16159;;;;
nt16160;;;;
nt16161;;;;
nt16162;;;;
nt16163;;;;
nt16164;;;;
nt16165;;;;
nt16166;;;;
nt16167;;;;
nt16168;;;;
nt16169;;;;
nt16170;;;;
nt16171;;;;
nt16172;;;;
nt16173;;;;
nt16174;;;;
nt16175;;;;
nt16176;;;;
nt16177;;;;
nt16178;;;;
nt16179;;;;
nt16180;;;;
nt16181;;;;
nt16182;;;;
nt16183;;;;
nt16184;;;;
nt16185;;;;
nt16186;;;;
nt16187;;;;
nt16188;;;;
nt16189;;;;
nt16190;;;;
nt16191;;;;
nt16192;;;;
nt16193;;;;
nt16194;;;;
nt16195;;;;
nt16196;;;;
nt16197;;;;
nt16198;;;;
nt16199;;;;
nt16200;;;;
nt16201;;;;
nt16202;;;;
nt16203;;;;
nt16204;;;;
nt16205;;;;
nt16206;;;;
nt16207;;;;
nt16208;;;;
nt16209;;;;
nt16210;;;;
nt16211;;;;
nt16212;;;;
nt16213;;;;
nt16214;;;;
nt16215;;;;
nt16216;;;;
nt16217;;;;
nt16218;;;;
nt16219;;;;
nt16220;;;;
nt16221;;;;
nt16222;;;;
nt16223;;;;
nt16224;;;;
nt16225;;;;
nt16226;;;;
nt16227;;;;
nt16228;;;;
nt16229;;;;
nt16230;;;;
nt16231;;;;
nt16232;;;;
nt16233;;;;
nt16234;;;;
nt16235;;;;
nt16236;;;;
nt16237;;;;
nt16238;;;;
nt16239;;;;
nt16240;;;;
nt16241;;;;
nt16242;;;;
nt16243;;;;
nt16244;;;;
nt16245;;;;
nt16246;;;;
nt16247;;;;
nt16248;;;;
nt16249;;;;
nt16250;;;;
nt16251;;;;
nt16252;;;;
nt16253;;;;
nt16254;;;;
nt16255;;;;
nt16256;;;;
nt16257;;;;
nt16258;;;;
nt16259;;;;
nt16260;;;;
nt16261;;;;
nt16262;;;;
nt16263;;;;
nt16264;;;;
nt16265;;;;
nt16266;;;;
nt16267;;;;
nt16268;;;;
nt16269;;;;
nt16270;;;;
nt16271;;;;
nt16272;;;;
nt16273;;;;
nt16274;;;;
nt16275;;;;
nt16276;;;;
nt16277;;;;
nt16278;;;;
nt16279;;;;
nt16280;;;;
nt16281;;;;
nt16282;;;;
nt16283;;;;
nt16284;;;;
nt16285;;;;
nt16286;;;;
nt16287;;;;
nt16288;;;;
nt16289;;;;
nt16290;;;;
nt16291;;;;
nt16292;;;;
nt16293;;;;
nt16294;;;;
nt16295;;;;
nt16296;;;;
nt16297;;;;
nt16298;;;;
nt16299;;;;
nt16300;;;;
nt16301;;;;
nt16302;;;;
nt16303;;;;
nt16304;;;;
nt16305;;;;
nt16306;;;;
nt16307;;;;
nt16308;;;;
nt16309;;;;
nt16310;;;;
nt16311;;;;
nt16312;;;;
nt16313;;;;
nt16314;;;;
nt16315;;;;
nt16316;;;;
nt16317;;;;
nt16318;;;;
nt16319;;;;
nt16320;;;;
nt16321;;;;
nt16322;;;;
nt16323;;;;
nt16324;;;;
nt16325;;;;
nt16326;;;;
nt16327;;;;
nt16328;;;;
nt16329;;;;
nt16330;;;;
nt16331;;;;
nt16332;;;;
nt16333;;;;
nt16334;;;;
nt16335;;;;
nt16336;;;;
nt16337;;;;
nt16338;;;;
nt16339;;;;
nt16340;;;;
nt16341;;;;
nt16342;;;;
nt16343;;;;
nt16344;;;;
nt16345;;;;
nt16346;;;;
nt16347;;;;
nt16348;;;;
nt16349;;;;
nt16350;;;;
nt16351;;;;
nt16352;;;;
nt16353;;;;
nt16354;;;;
nt16355;;;;
nt16356;;;;
nt16357;;;;
nt16358;;;;
nt16359;;;;
nt16360;;;;
nt16361;;;;
nt16362;;;;
nt16363;;;;
nt16364;;;;
nt16365;;;;
nt16366;;;;
nt16367;;;;
nt16368;;;;
nt16369;;;;
nt16370;;;;
nt16371;;;;
nt16372;;;;
nt16373;;;;
nt16374;;;;
nt16375;;;;
nt16376;;;;
nt16377;;;;
nt16378;;;;
nt16379;;;;
nt16380;;;;
nt16381;;;;
nt16382;;;;
nt16383;;;;
nt16384;;;;
nt16385;;;;
nt16386;;;;
nt16387;;;;
nt16388;;;;
nt16389;;;;
nt16390;;;;
nt16391;;;;
nt16392;;;;
nt16393;;;;
nt16394;;;;
nt16395;;;;
nt16396;;;;
nt16397;;;;
nt16398;;;;
nt16399;;;;
nt16400;;;;
nt16401;;;;
nt16402;;;;
nt16403;;;;
nt16404;;;;
nt16405;;;;
nt16406;;;;
nt16407;;;;
nt16408;;;;
nt16409;;;;
nt16410;;;;
nt16411;;;;
nt16412;;;;
nt16413;;;;
nt16414;;;;
nt16415;;;;
nt16416;;;;
nt16417;;;;
nt16418;;;;
nt16419;;;;
nt16420;;;;
nt16421;;;;
nt16422;;;;
nt16423;;;;
nt16424;;;;
nt16425;;;;
nt16426;;;;
nt16427;;;;
nt16428;;;;
nt16429;;;;
nt16430;;;;
nt16431;;;;
nt16432;;;;
nt16433;;;;
nt16434;;;;
nt16435;;;;
nt16436;;;;
nt16437;;;;
nt16438;;;;
nt16439;;;;
nt16440;;;;
nt16441;;;;
nt16442;;;;
nt16443;;;;
nt16444;;;;
nt16445;;;;
nt16446;;;;
nt16447;;;;
nt16448;;;;
nt16449;;;;
nt16450;;;;
nt16451;;;;
nt16452;;;;
nt16453;;;;
nt16454;;;;
nt16455;;;;
nt16456;;;;
nt16457;;;;
nt16458;;;;
nt16459;;;;
nt16460;;;;
nt16461;;;;
nt16462;;;;
nt16463;;;;
nt16464;;;;
nt16465;;;;
nt16466;;;;
nt16467;;;;
nt16468;;;;
nt16469;;;;
nt16470;;;;
nt16471;;;;
nt16472;;;;
nt16473;;;;
nt16474;;;;
nt16475;;;;
nt16476;;;;
nt16477;;;;
nt16478;;;;
nt16479;;;;
nt16480;;;;
nt16481;;;;
nt16482;;;;
nt16483;;;;
nt16484;;;;
nt16485;;;;
nt16486;;;;
nt16487;;;;
nt16488;;;;
nt16489;;;;
nt16490;;;;
nt16491;;;;
nt16492;;;;
nt16493;;;;
nt16494;;;;
nt16495;;;;
nt16496;;;;
nt16497;;;;
nt16498;;;;
nt16499;;;;
nt16500;;;;
nt16501;;;;
nt16502;;;;
nt16503;;;;
nt16504;;;;
nt16505;;;;
nt16506;;;;
nt16507;;;;
nt16508;;;;
nt16509;;;;
nt16510;;;;
nt16511;;;;
nt16512;;;;
nt16513;;;;
nt16514;;;;
nt16515;;;;
nt16516;;;;
nt16517;;;;
nt16518;;;;
nt16519;;;;
nt16520;;;;
nt16521;;;;
nt16522;;;;
nt16523;;;;
nt16524;;;;
nt16525;;;;
nt16526;;;;
nt16527;;;;
nt16528;;;;
nt16529;;;;
nt16530;;;;
nt16531;;;;
nt16532;;;;
nt16533;;;;
nt16534;;;;
nt16535;;;;
nt16536;;;;
nt16537;;;;
nt16538;;;;
nt16539;;;;
nt16540;;;;
nt16541;;;;
nt16542;;;;
nt16543;;;;
nt16544;;;;
nt16545;;;;
nt16546;;;;
nt16547;;;;
nt16548;;;;
nt16549;;;;
nt16550;;;;
nt16551;;;;
nt16552;;;;
nt16553;;;;
nt16554;;;;
nt16555;;;;
nt16556;;;;
nt16557;;;;
nt16558;;;;
nt16559;;;;
nt16560;;;;
nt16561;;;;
nt16562;;;;
nt16563;;;;
nt16564;;;;
nt16565;;;;
nt16566;;;;
nt16567;;;;
nt16568;;;;
nt16569;;;;
nt16570;;;;
nt16571;;;;
nt16572;;;;
nt16573;;;;
nt16574;;;;
nt16575;;;;
nt16576;;;;
nt16577;;;;
nt16578;;;;
nt16579;;;;
nt16580;;;;
nt16581;;;;
nt16582;;;;
nt16583;;;;
nt16584;;;;
nt16585;;;;
nt16586;;;;
nt16587;;;;
nt16588;;;;
nt16589;;;;
nt16590;;;;
nt16591;;;;
nt16592;;;;
nt16593;;;;
nt16594;;;;
nt16595;;;;
nt16596;;;;
nt16597;;;;
nt16598;;;;
nt16599;;;;
nt16600;;;;
nt16601;;;;
nt16602;;;;
nt16603;;;;
nt16604;;;;
nt16605;;;;
nt16606;;;;
nt16607;;;;
nt16608;;;;
nt16609;;;;
nt16610;;;;
nt16611;;;;
nt16612;;;;
nt16613;;;;
nt16614;;;;
nt16615;;;;
nt16616;;;;
nt16617;;;;
nt16618;;;;
nt16619;;;;
nt16620;;;;
nt16621;;;;
nt16622;;;;
nt16623;;;;
nt16624;;;;
nt16625;;;;
nt16626;;;;
nt16627;;;;
nt16628;;;;
nt16629;;;;
nt16630;;;;
nt16631;;;;
nt16632;;;;
nt16633;;;;
nt16634;;;;
nt16635;;;;
nt16636;;;;
nt16637;;;;
nt16638;;;;
nt16639;;;;
nt16640;;;;
nt16641;;;;
nt16642;;;;
nt16643;;;;
nt16644;;;;
nt16645;;;;
nt16646;;;;
nt16647;;;;
nt16648;;;;
nt16649;;;;
nt16650;;;;
nt16651;;;;
nt16652;;;;
nt16653;;;;
nt16654;;;;
nt16655;;;;
nt16656;;;;
nt16657;;;;
nt16658;;;;
nt16659;;;;
nt16660;;;;
nt16661;;;;
nt16662;;;;
nt16663;;;;
nt16664;;;;
nt16665;;;;
nt16666;;;;
nt16667;;;;
nt16668;;;;
nt16669;;;;
nt16670;;;;
nt16671;;;;
nt16672;;;;
nt16673;;;;
nt16674;;;;
nt16675;;;;
nt16676;;;;
nt16677;;;;
nt16678;;;;
nt16679;;;;
nt16680;;;;
nt16681;;;;
nt16682;;;;
nt16683;;;;
nt16684;;;;
nt16685;;;;
nt16686;;;;
nt16687;;;;
nt16688;;;;
nt16689;;;;
nt16690;;;;
nt16691;;;;
nt16692;;;;
nt16693;;;;
nt16694;;;;
nt16695;;;;
nt16696;;;;
nt16697;;;;
nt16698;;;;
nt16699;;;;
nt16700;;;;
nt16701;;;;
nt16702;;;;
nt16703;;;;
nt16704;;;;
nt16705;;;;
nt16706;;;;
nt16707;;;;
nt16708;;;;
nt16709;;;;
nt16710;;;;
nt16711;;;;
nt16712;;;;
nt16713;;;;
nt16714;;;;
nt16715;;;;
nt16716;;;;
nt16717;;;;
nt16718;;;;
nt16719;;;;
nt16720;;;;
nt16721;;;;
nt16722;;;;
nt16723;;;;
nt16724;;;;
nt16725;;;;
nt16726;;;;
nt16727;;;;
nt16728;;;;
nt16729;;;;
nt16730;;;;
nt16731;;;;
nt16732;;;;
nt16733;;;;
nt16734;;;;
nt16735;;;;
nt16736;;;;
nt16737;;;;
nt16738;;;;
nt16739;;;;
nt16740;;;;
nt16741;;;;
nt16742;;;;
nt16743;;;;
nt16744;;;;
nt16745;;;;
nt16746;;;;
nt16747;;;;
nt16748;;;;
nt16749;;;;
nt16750;;;;
nt16751;;;;
nt16752;;;;
nt16753;;;;
nt16754;;;;
nt16755;;;;
nt16756;;;;
nt16757;;;;
nt16758;;;;
nt16759;;;;
nt16760;;;;
nt16761;;;;
nt16762;;;;
nt16763;;;;
nt16764;;;;
nt16765;;;;
nt16766;;;;
nt16767;;;;
nt16768;;;;
nt16769;;;;
nt16770;;;;
nt16771;;;;
nt16772;;;;
nt16773;;;;
nt16774;;;;
nt16775;;;;
nt16776;;;;
nt16777;;;;
nt16778;;;;
nt16779;;;;
nt16780;;;;
nt16781;;;;
nt16782;;;;
nt16783;;;;
nt16784;;;;
nt16785;;;;
nt16786;;;;
nt16787;;;;
nt16788;;;;
nt16789;;;;
nt16790;;;;
nt16791;;;;
nt16792;;;;
nt16793;;;;
nt16794;;;;
nt16795;;;;
nt16796;;;;
nt16797;;;;
nt16798;;;;
nt16799;;;;
nt16800;;;;
nt16801;;;;
nt16802;;;;
nt16803;;;;
nt16804;;;;
nt16805;;;;
nt16806;;;;
nt16807;;;;
nt16808;;;;
nt16809;;;;
nt16810;;;;
nt16811;;;;
nt16812;;;;
nt16813;;;;
nt16814;;;;
nt16815;;;;
nt16816;;;;
nt16817;;;;
nt16818;;;;
nt16819;;;;
nt16820;;;;
nt16821;;;;
nt16822;;;;
nt16823;;;;
nt16824;;;;
nt16825;;;;
nt16826;;;;
nt16827;;;;
nt16828;;;;
nt16829;;;;
nt16830;;;;
nt16831;;;;
nt16832;;;;
nt16833;;;;
nt16834;;;;
nt16835;;;;
nt16836;;;;
nt16837;;;;
nt16838;;;;
nt16839;;;;
nt16840;;;;
nt16841;;;;
nt16842;;;;
nt16843;;;;
nt16844;;;;
nt16845;;;;
nt16846;;;;
nt16847;;;;
nt16848;;;;
nt16849;;;;
nt16850;;;;
nt16851;;;;
nt16852;;;;
nt16853;;;;
nt16854;;;;
nt16855;;;;
nt16856;;;;
nt16857;;;;
nt16858;;;;
nt16859;;;;
nt16860;;;;
nt16861;;;;
nt16862;;;;
nt16863;;;;
nt16864;;;;
nt16865;;;;
nt16866;;;;
nt16867;;;;
nt16868;;;;
nt16869;;;;
nt16870;;;;
nt16871;;;;
nt16872;;;;
nt16873;;;;
nt16874;;;;
nt16875;;;;
nt16876;;;;
nt16877;;;;
nt16878;;;;
nt16879;;;;
nt16880;;;;
nt16881;;;;
nt16882;;;;
nt16883;;;;
nt16884;;;;
nt16885;;;;
nt16886;;;;
nt16887;;;;
nt16888;;;;
nt16889;;;;
nt16890;;;;
nt16891;;;;
nt16892;;;;
nt16893;;;;
nt16894;;;;
nt16895;;;;
nt16896;;;;
nt16897;;;;
nt16898;;;;
nt16899;;;;
nt16900;;;;
nt16901;;;;
nt16902;;;;
nt16903;;;;
nt16904;;;;
nt16905;;;;
nt16906;;;;
nt16907;;;;
nt16908;;;;
nt16909;;;;
nt16910;;;;
nt16911;;;;
nt16912;;;;
nt16913;;;;
nt16914;;;;
nt16915;;;;
nt16916;;;;
nt16917;;;;
nt16918;;;;
nt16919;;;;
nt16920;;;;
nt16921;;;;
nt16922;;;;
nt16923;;;;
nt16924;;;;
nt16925;;;;
nt16926;;;;
nt16927;;;;
nt16928;;;;
nt16929;;;;
nt16930;;;;
nt16931;;;;
nt16932;;;;
nt16933;;;;
nt16934;;;;
nt16935;;;;
nt16936;;;;
nt16937;;;;
nt16938;;;;
nt16939;;;;
nt16940;;;;
nt16941;;;;
nt16942;;;;
nt16943;;;;
nt16944;;;;
nt16945;;;;
nt16946;;;;
nt16947;;;;
nt16948;;;;
nt16949;;;;
nt16950;;;;
nt16951;;;;
nt16952;;;;
nt16953;;;;
nt16954;;;;
nt16955;;;;
nt16956;;;;
nt16957;;;;
nt16958;;;;
nt16959;;;;
nt16960;;;;
nt16961;;;;
nt16962;;;;
nt16963;;;;
nt16964;;;;
nt16965;;;;
nt16966;;;;
nt16967;;;;
nt16968;;;;
nt16969;;;;
nt16970;;;;
nt16971;;;;
nt16972;;;;
nt16973;;;;
nt16974;;;;
nt16975;;;;
nt16976;;;;
nt16977;;;;
nt16978;;;;
nt16979;;;;
nt16980;;;;
nt16981;;;;
nt16982;;;;
nt16983;;;;
nt16984;;;;
nt16985;;;;
nt16986;;;;
nt16987;;;;
nt16988;;;;
nt16989;;;;
nt16990;;;;
nt16991;;;;
nt16992;;;;
nt16993;;;;
nt16994;;;;
nt16995;;;;
nt16996;;;;
nt16997;;;;
nt16998;;;;
nt16999;;;;
nt17000;;;;
nt17001;;;;
nt17002;;;;
nt17003;;;;
nt17004;;;;
nt17005;;;;
nt17006;;;;
nt17007;;;;
nt17008;;;;
nt17009;;;;
nt17010;;;;
nt17011;;;;
nt17012;;;;
nt17013;;;;
nt17014;;;;
nt17015;;;;
nt17016;;;;
nt17017;;;;
nt17018;;;;
nt17019;;;;
nt17020;;;;
nt17021;;;;
nt17022;;;;
nt17023;;;;
nt17024;;;;
nt17025;;;;
nt17026;;;;
nt17027;;;;
nt17028;;;;
nt17029;;;;
nt17030;;;;
nt17031;;;;
nt17032;;;;
nt17033;;;;
nt17034;;;;
nt17035;;;;
nt17036;;;;
nt17037;;;;
nt17038;;;;
nt17039;;;;
nt17040;;;;
nt17041;;;;
nt17042;;;;
nt17043;;;;
nt17044;;;;
nt17045;;;;
nt17046;;;;
nt17047;;;;
nt17048;;;;
nt17049;;;;
nt17050;;;;
nt17051;;;;
nt17052;;;;
nt17053;;;;
nt17054;;;;
nt17055;;;;
nt17056;;;;
nt17057;;;;
nt17058;;;;
nt17059;;;;
nt17060;;;;
nt17061;;;;
nt17062;;;;
nt17063;;;;
nt17064;;;;
nt17065;;;;
nt17066;;;;
nt17067;;;;
nt17068;;;;
nt17069;;;;
nt17070;;;;
nt17071;;;;
nt17072;;;;
nt17073;;;;
nt17074;;;;
nt17075;;;;
nt17076;;;;
nt17077;;;;
nt17078;;;;
nt17079;;;;
nt17080;;;;
nt17081;;;;
nt17082;;;;
nt17083;;;;
nt17084;;;;
nt17085;;;;
nt17086;;;;
nt17087;;;;
nt17088;;;;
nt17089;;;;
nt17090;;;;
nt17091;;;;
nt17092;;;;
nt17093;;;;
nt17094;;;;
nt17095;;;;
nt17096;;;;
nt17097;;;;
nt17098;;;;
nt17099;;;;
nt17100;;;;
nt17101;;;;
nt17102;;;;
nt17103;;;;
nt17104;;;;
nt17105;;;;
nt17106;;;;
nt17107;;;;
nt17108;;;;
nt17109;;;;
nt17110;;;;
nt17111;;;;
nt17112;;;;
nt17113;;;;
nt17114;;;;
nt17115;;;;
nt17116;;;;
nt17117;;;;
nt17118;;;;
nt17119;;;;
nt17120;;;;
nt17121;;;;
nt17122;;;;
nt17123;;;;
nt17124;;;;
nt17125;;;;
nt17126;;;;
nt17127;;;;
nt17128;;;;
nt17129;;;;
nt17130;;;;
nt17131;;;;
nt17132;;;;
nt17133;;;;
nt17134;;;;
nt17135;;;;
nt17136;;;;
nt17137;;;;
nt17138;;;;
nt17139;;;;
nt17140;;;;
nt17141;;;;
nt17142;;;;
nt17143;;;;
nt17144;;;;
nt17145;;;;
nt17146;;;;
nt17147;;;;
nt17148;;;;
nt17149;;;;
nt17150;;;;
nt17151;;;;
nt17152;;;;
nt17153;;;;
nt17154;;;;
nt17155;;;;
nt17156;;;;
nt17157;;;;
nt17158;;;;
nt17159;;;;
nt17160;;;;
nt17161;;;;
nt17162;;;;
nt17163;;;;
nt17164;;;;
nt17165;;;;
nt17166;;;;
nt17167;;;;
nt17168;;;;
nt17169;;;;
nt17170;;;;
nt17171;;;;
nt17172;;;;
nt17173;;;;
nt17174;;;;
nt17175;;;;
nt17176;;;;
nt17177;;;;
nt17178;;;;
nt17179;;;;
nt17180;;;;
nt17181;;;;
nt17182;;;;
nt17183;;;;
nt17184;;;;
nt17185;;;;
nt17186;;;;
nt17187;;;;
nt17188;;;;
nt17189;;;;
nt17190;;;;
nt17191;;;;
nt17192;;;;
nt17193;;;;
nt17194;;;;
nt17195;;;;
nt17196;;;;
nt17197;;;;
nt17198;;;;
nt17199;;;;
nt17200;;;;
nt17201;;;;
nt17202;;;;
nt17203;;;;
nt17204;;;;
nt17205;;;;
nt17206;;;;
nt17207;;;;
nt17208;;;;
nt17209;;;;
nt17210;;;;
nt17211;;;;
nt17212;;;;
nt17213;;;;
nt17214;;;;
nt17215;;;;
nt17216;;;;
nt17217;;;;
nt17218;;;;
nt17219;;;;
nt17220;;;;
nt17221;;;;
nt17222;;;;
nt17223;;;;
nt17224;;;;
nt17225;;;;
nt17226;;;;
nt17227;;;;
nt17228;;;;
nt17229;;;;
nt17230;;;;
nt17231;;;;
nt17232;;;;
nt17233;;;;
nt17234;;;;
nt17235;;;;
nt17236;;;;
nt17237;;;;
nt17238;;;;
nt17239;;;;
nt17240;;;;
nt17241;;;;
nt17242;;;;
nt17243;;;;
nt17244;;;;
nt17245;;;;
nt17246;;;;
nt17247;;;;
nt17248;;;;
nt17249;;;;
nt17250;;;;
nt17251;;;;
nt17252;;;;
nt17253;;;;
nt17254;;;;
nt17255;;;;
nt17256;;;;
nt17257;;;;
nt17258;;;;
nt17259;;;;
nt17260;;;;
nt17261;;;;
nt17262;;;;
nt17263;;;;
nt17264;;;;
nt17265;;;;
nt17266;;;;
nt17267;;;;
nt17268;;;;
nt17269;;;;
nt17270;;;;
nt17271;;;;
nt17272;;;;
nt17273;;;;
nt17274;;;;
nt17275;;;;
nt17276;;;;
nt17277;;;;
nt17278;;;;
nt17279;;;;
nt17280;;;;
nt17281;;;;
nt17282;;;;
nt17283;;;;
nt17284;;;;
nt17285;;;;
nt17286;;;;
nt17287;;;;
nt17288;;;;
nt17289;;;;
nt17290;;;;
nt17291;;;;
nt17292;;;;
nt17293;;;;
nt17294;;;;
nt17295;;;;
nt17296;;;;
nt17297;;;;
nt17298;;;;
nt17299;;;;
nt17300;;;;
nt17301;;;;
nt17302;;;;
nt17303;;;;
nt17304;;;;
nt17305;;;;
nt17306;;;;
nt17307;;;;
nt17308;;;;
nt17309;;;;
nt17310;;;;
nt17311;;;;
nt17312;;;;
nt17313;;;;
nt17314;;;;
nt17315;;;;
nt17316;;;;
nt17317;;;;
nt17318;;;;
nt17319;;;;
nt17320;;;;
nt17321;;;;
nt17322;;;;
nt17323;;;;
nt17324;;;;
nt17325;;;;
nt17326;;;;
nt17327;;;;
nt17328;;;;
nt17329;;;;
nt17330;;;;
nt17331;;;;
nt17332;;;;
nt17333;;;;
nt17334;;;;
nt17335;;;;
nt17336;;;;
nt17337;;;;
nt17338;;;;
nt17339;;;;
nt17340;;;;
nt17341;;;;
nt17342;;;;
nt17343;;;;
nt17344;;;;
nt17345;;;;
nt17346;;;;
nt17347;;;;
nt17348;;;;
nt17349;;;;
nt17350;;;;
nt17351;;;;
nt17352;;;;
nt17353;;;;
nt17354;;;;
nt17355;;;;
nt17356;;;;
nt17357;;;;
nt17358;;;;
nt17359;;;;
nt17360;;;;
nt17361;;;;
nt17362;;;;
nt17363;;;;
nt17364;;;;
nt17365;;;;
nt17366;;;;
nt17367;;;;
nt17368;;;;
nt17369;;;;
nt17370;;;;
nt17371;;;;
nt17372;;;;
nt17373;;;;
nt17374;;;;
nt17375;;;;
nt17376;;;;
nt17377;;;;
nt17378;;;;
nt17379;;;;
nt17380;;;;
nt17381;;;;
nt17382;;;;
nt17383;;;;
nt17384;;;;
nt17385;;;;
nt17386;;;;
nt17387;;;;
nt17388;;;;
nt17389;;;;
nt17390;;;;
nt17391;;;;
nt17392;;;;
nt17393;;;;
nt17394;;;;
nt17395;;;;
nt17396;;;;
nt17397;;;;
nt17398;;;;
nt17399;;;;
nt17400;;;;
nt17401;;;;
nt17402;;;;
nt17403;;;;
nt17404;;;;
nt17405;;;;
nt17406;;;;
nt17407;;;;
nt17408;;;;
nt17409;;;;
nt17410;;;;
nt17411;;;;
nt17412;;;;
nt17413;;;;
nt17414;;;;
nt17415;;;;
nt17416;;;;
nt17417;;;;
nt17418;;;;
nt17419;;;;
nt17420;;;;
nt17421;;;;
nt17422;;;;
nt17423;;;;
nt17424;;;;
nt17425;;;;
nt17426;;;;
nt17427;;;;
nt17428;;;;
nt17429;;;;
nt17430;;;;
nt17431;;;;
nt17432;;;;
nt17433;;;;
nt17434;;;;
nt17435;;;;
nt17436;;;;
nt17437;;;;
nt17438;;;;
nt17439;;;;
nt17440;;;;
nt17441;;;;
nt17442;;;;
nt17443;;;;
nt17444;;;;
nt17445;;;;
nt17446;;;;
nt17447;;;;
nt17448;;;;
nt17449;;;;
nt17450;;;;
nt17451;;;;
nt17452;;;;
nt17453;;;;
nt17454;;;;
nt17455;;;;
nt17456;;;;
nt17457;;;;
nt17458;;;;
nt17459;;;;
nt17460;;;;
nt17461;;;;
nt17462;;;;
nt17463;;;;
nt17464;;;;
nt17465;;;;
nt17466;;;;
nt17467;;;;
nt17468;;;;
nt17469;;;;
nt17470;;;;
nt17471;;;;
nt17472;;;;
nt17473;;;;
nt17474;;;;
nt17475;;;;
nt17476;;;;
nt17477;;;;
nt17478;;;;
nt17479;;;;
nt17480;;;;
nt17481;;;;
nt17482;;;;
nt17483;;;;
nt17484;;;;
nt17485;;;;
nt17486;;;;
nt17487;;;;
nt17488;;;;
nt17489;;;;
nt17490;;;;
nt17491;;;;
nt17492;;;;
nt17493;;;;
nt17494;;;;
nt17495;;;;
nt17496;;;;
nt17497;;;;
nt17498;;;;
nt17499;;;;
nt17500;;;;
nt17501;;;;
nt17502;;;;
nt17503;;;;
nt17504;;;;
nt17505;;;;
nt17506;;;;
nt17507;;;;
nt17508;;;;
nt17509;;;;
nt17510;;;;
nt17511;;;;
nt17512;;;;
nt17513;;;;
nt17514;;;;
nt17515;;;;
nt17516;;;;
nt17517;;;;
nt17518;;;;
nt17519;;;;
nt17520;;;;
nt17521;;;;
nt17522;;;;
nt17523;;;;
nt17524;;;;
nt17525;;;;
nt17526;;;;
nt17527;;;;
nt17528;;;;
nt17529;;;;
nt17530;;;;
nt17531;;;;
nt17532;;;;
nt17533;;;;
nt17534;;;;
nt17535;;;;
nt17536;;;;
nt17537;;;;
nt17538;;;;
nt17539;;;;
nt17540;;;;
nt17541;;;;
nt17542;;;;
nt17543;;;;
nt17544;;;;
nt17545;;;;
nt17546;;;;
nt17547;;;;
nt17548;;;;
nt17549;;;;
nt17550;;;;
nt17551;;;;
nt17552;;;;
nt17553;;;;
nt17554;;;;
nt17555;;;;
nt17556;;;;
nt17557;;;;
nt17558;;;;
nt17559;;;;
nt17560;;;;
nt17561;;;;
nt17562;;;;
nt17563;;;;
nt17564;;;;
nt17565;;;;
nt17566;;;;
nt17567;;;;
nt17568;;;;
nt17569;;;;
nt17570;;;;
nt17571;;;;
nt17572;;;;
nt17573;;;;
nt17574;;;;
nt17575;;;;
nt17576;;;;
nt17577;;;;
nt17578;;;;
nt17579;;;;
nt17580;;;;
nt17581;;;;
nt17582;;;;
nt17583;;;;
nt17584;;;;
nt17585;;;;
nt17586;;;;
nt17587;;;;
nt17588;;;;
nt17589;;;;
nt17590;;;;
nt17591;;;;
nt17592;;;;
nt17593;;;;
nt17594;;;;
nt17595;;;;
nt17596;;;;
nt17597;;;;
nt17598;;;;
nt17599;;;;
nt17600;;;;
nt17601;;;;
nt17602;;;;
nt17603;;;;
nt17604;;;;
nt17605;;;;
nt17606;;;;
nt17607;;;;
nt17608;;;;
nt17609;;;;
nt17610;;;;
nt17611;;;;
nt17612;;;;
nt17613;;;;
nt17614;;;;
nt17615;;;;
nt17616;;;;
nt17617;;;;
nt17618;;;;
nt17619;;;;
nt17620;;;;
nt17621;;;;
nt17622;;;;
nt17623;;;;
nt17624;;;;
nt17625;;;;
nt17626;;;;
nt17627;;;;
nt17628;;;;
nt17629;;;;
nt17630;;;;
nt17631;;;;
nt17632;;;;
nt17633;;;;
nt17634;;;;
nt17635;;;;
nt17636;;;;
nt17637;;;;
nt17638;;;;
nt17639;;;;
nt17640;;;;
nt17641;;;;
nt17642;;;;
nt17643;;;;
nt17644;;;;
nt17645;;;;
nt17646;;;;
nt17647;;;;
nt17648;;;;
nt17649;;;;
nt17650;;;;
nt17651;;;;
nt17652;;;;
nt17653;;;;
nt17654;;;;
nt17655;;;;
nt17656;;;;
nt17657;;;;
nt17658;;;;
nt17659;;;;
nt17660;;;;
nt17661;;;;
nt17662;;;;
nt17663;;;;
nt17664;;;;
nt17665;;;;
nt17666;;;;
nt17667;;;;
nt17668;;;;
nt17669;;;;
nt17670;;;;
nt17671;;;;
nt17672;;;;
nt17673;;;;
nt17674;;;;
nt17675;;;;
nt17676;;;;
nt17677;;;;
nt17678;;;;
nt17679;;;;
nt17680;;;;
nt17681;;;;
nt17682;;;;
nt17683;;;;
nt17684;;;;
nt17685;;;;
nt17686;;;;
nt17687;;;;
nt17688;;;;
nt17689;;;;
nt17690;;;;
nt17691;;;;
nt17692;;;;
nt17693;;;;
nt17694;;;;
nt17695;;;;
nt17696;;;;
nt17697;;;;
nt17698;;;;
nt17699;;;;
nt17700;;;;
nt17701;;;;
nt17702;;;;
nt17703;;;;
nt17704;;;;
nt17705;;;;
nt17706;;;;
nt17707;;;;
nt17708;;;;
nt17709;;;;
nt17710;;;;
nt17711;;;;
nt17712;;;;
nt17713;;;;
nt17714;;;;
nt17715;;;;
nt17716;;;;
nt17717;;;;
nt17718;;;;
nt17719;;;;
nt17720;;;;
nt17721;;;;
nt17722;;;;
nt17723;;;;
nt17724;;;;
nt17725;;;;
nt17726;;;;
nt17727;;;;
nt17728;;;;
nt17729;;;;
nt17730;;;;
nt17731;;;;
nt17732;;;;
nt17733;;;;
nt17734;;;;
nt17735;;;;
nt17736;;;;
nt17737;;;;
nt17738;;;;
nt17739;;;;
nt17740;;;;
nt17741;;;;
nt17742;;;;
nt17743;;;;
nt17744;;;;
nt17745;;;;
nt17746;;;;
nt17747;;;;
nt17748;;;;
nt17749;;;;
nt17750;;;;
nt17751;;;;
nt17752;;;;
nt17753;;;;
nt17754;;;;
nt17755;;;;
nt17756;;;;
nt17757;;;;
nt17758;;;;
nt17759;;;;
nt17760;;;;
nt17761;;;;
nt17762;;;;
nt17763;;;;
nt17764;;;;
nt17765;;;;
nt17766;;;;
nt17767;;;;
nt17768;;;;
nt17769;;;;
nt17770;;;;
nt17771;;;;
nt17772;;;;
nt17773;;;;
nt17774;;;;
nt17775;;;;
nt17776;;;;
nt17777;;;;
nt17778;;;;
nt17779;;;;
nt17780;;;;
nt17781;;;;
nt17782;;;;
nt17783;;;;
nt17784;;;;
nt17785;;;;
nt17786;;;;
nt17787;;;;
nt17788;;;;
nt17789;;;;
nt17790;;;;
nt17791;;;;
nt17792;;;;
nt17793;;;;
nt17794;;;;
nt17795;;;;
nt17796;;;;
nt17797;;;;
nt17798;;;;
nt17799;;;;
nt17800;;;;
nt17801;;;;
nt17802;;;;
nt17803;;;;
nt17804;;;;
nt17805;;;;
nt17806;;;;
nt17807;;;;
nt17808;;;;
nt17809;;;;
nt17810;;;;
nt17811;;;;
nt17812;;;;
nt17813;;;;
nt17814;;;;
nt17815;;;;
nt17816;;;;
nt17817;;;;
nt17818;;;;
nt17819;;;;
nt17820;;;;
nt17821;;;;
nt17822;;;;
nt17823;;;;
nt17824;;;;
nt17825;;;;
nt17826;;;;
nt17827;;;;
nt17828;;;;
nt17829;;;;
nt17830;;;;
nt17831;;;;
nt17832;;;;
nt17833;;;;
nt17834;;;;
nt17835;;;;
nt17836;;;;
nt17837;;;;
nt17838;;;;
nt17839;;;;
nt17840;;;;
nt17841;;;;
nt17842;;;;
nt17843;;;;
nt17844;;;;
nt17845;;;;
nt17846;;;;
nt17847;;;;
nt17848;;;;
nt17849;;;;
nt17850;;;;
nt17851;;;;
nt17852;;;;
nt17853;;;;
nt17854;;;;
nt17855;;;;
nt17856;;;;
nt17857;;;;
nt17858;;;;
nt17859;;;;
nt17860;;;;
nt17861;;;;
nt17862;;;;
nt17863;;;;
nt17864;;;;
nt17865;;;;
nt17866;;;;
nt17867;;;;
nt17868;;;;
nt17869;;;;
nt17870;;;;
nt17871;;;;
nt17872;;;;
nt17873;;;;
nt17874;;;;
nt17875;;;;
nt17876;;;;
nt17877;;;;
nt17878;;;;
nt17879;;;;
nt17880;;;;
nt17881;;;;
nt17882;;;;
nt17883;;;;
nt17884;;;;
nt17885;;;;
nt17886;;;;
nt17887;;;;
nt17888;;;;
nt17889;;;;
nt17890;;;;
nt17891;;;;
nt17892;;;;
nt17893;;;;
nt17894;;;;
nt17895;;;;
nt17896;;;;
nt17897;;;;
nt17898;;;;
nt17899;;;;
nt17900;;;;
nt17901;;;;
nt17902;;;;
nt17903;;;;
nt17904;;;;
nt17905;;;;
nt17906;;;;
nt17907;;;;
nt17908;;;;
nt17909;;;;
nt17910;;;;
nt17911;;;;
nt17912;;;;
nt17913;;;;
nt17914;;;;
nt17915;;;;
nt17916;;;;
nt17917;;;;
nt17918;;;;
nt17919;;;;
nt17920;;;;
nt17921;;;;
nt17922;;;;
nt17923;;;;
nt17924;;;;
nt17925;;;;
nt17926;;;;
nt17927;;;;
nt17928;;;;
nt17929;;;;
nt17930;;;;
nt17931;;;;
nt17932;;;;
nt17933;;;;
nt17934;;;;
nt17935;;;;
nt17936;;;;
nt17937;;;;
nt17938;;;;
nt17939;;;;
nt17940;;;;
nt17941;;;;
nt17942;;;;
nt17943;;;;
nt17944;;;;
nt17945;;;;
nt17946;;;;
nt17947;;;;
nt17948;;;;
nt17949;;;;
nt17950;;;;
nt17951;;;;
nt17952;;;;
nt17953;;;;
nt17954;;;;
nt17955;;;;
nt17956;;;;
nt17957;;;;
nt17958;;;;
nt17959;;;;
nt17960;;;;
nt17961;;;;
nt17962;;;;
nt17963;;;;
nt17964;;;;
nt17965;;;;
nt17966;;;;
nt17967;;;;
nt17968;;;;
nt17969;;;;
nt17970;;;;
nt17971;;;;
nt17972;;;;
nt17973;;;;
nt17974;;;;
nt17975;;;;
nt17976;;;;
nt17977;;;;
nt17978;;;;
nt17979;;;;
nt17980;;;;
nt17981;;;;
nt17982;;;;
nt17983;;;;
nt17984;;;;
nt17985;;;;
nt17986;;;;
nt17987;;;;
nt17988;;;;
nt17989;;;;
nt17990;;;;
nt17991;;;;
nt17992;;;;
nt17993;;;;
nt17994;;;;
nt17995;;;;
nt17996;;;;
nt17997;;;;
nt17998;;;;
nt17999;;;;
nt18000;;;;
nt18001;;;;
nt18002;;;;
nt18003;;;;
nt18004;;;;
nt18005;;;;
nt18006;;;;
nt18007;;;;
nt18008;;;;
nt18009;;;;
nt18010;;;;
nt18011;;;;
nt18012;;;;
nt18013;;;;
nt18014;;;;
nt18015;;;;
nt18016;;;;
nt18017;;;;
nt18018;;;;
nt18019;;;;
nt18020;;;;
nt18021;;;;
nt18022;;;;
nt18023;;;;
nt18024;;;;
nt18025;;;;
nt18026;;;;
nt18027;;;;
nt18028;;;;
nt18029;;;;
nt18030;;;;
nt18031;;;;
nt18032;;;;
nt18033;;;;
nt18034;;;;
nt18035;;;;
nt18036;;;;
nt18037;;;;
nt18038;;;;
nt18039;;;;
nt18040;;;;
nt18041;;;;
nt18042;;;;
nt18043;;;;
nt18044;;;;
nt18045;;;;
nt18046;;;;
nt18047;;;;
nt18048;;;;
nt18049;;;;
nt18050;;;;
nt18051;;;;
nt18052;;;;
nt18053;;;;
nt18054;;;;
nt18055;;;;
nt18056;;;;
nt18057;;;;
nt18058;;;;
nt18059;;;;
nt18060;;;;
nt18061;;;;
nt18062;;;;
nt18063;;;;
nt18064;;;;
nt18065;;;;
nt18066;;;;
nt18067;;;;
nt18068;;;;
nt18069;;;;
nt18070;;;;
nt18071;;;;
nt18072;;;;
nt18073;;;;
nt18074;;;;
nt18075;;;;
nt18076;;;;
nt18077;;;;
nt18078;;;;
nt18079;;;;
nt18080;;;;
nt18081;;;;
nt18082;;;;
nt18083;;;;
nt18084;;;;
nt18085;;;;
nt18086;;;;
nt18087;;;;
nt18088;;;;
nt18089;;;;
nt18090;;;;
nt18091;;;;
nt18092;;;;
nt18093;;;;
nt18094;;;;
nt18095;;;;
nt18096;;;;
nt18097;;;;
nt18098;;;;
nt18099;;;;
nt18100;;;;
nt18101;;;;
nt18102;;;;
nt18103;;;;
nt18104;;;;
nt18105;;;;
nt18106;;;;
nt18107;;;;
nt18108;;;;
nt18109;;;;
nt18110;;;;
nt18111;;;;
nt18112;;;;
nt18113;;;;
nt18114;;;;
nt18115;;;;
nt18116;;;;
nt18117;;;;
nt18118;;;;
nt18119;;;;
nt18120;;;;
nt18121;;;;
nt18122;;;;
nt18123;;;;
nt18124;;;;
nt18125;;;;
nt18126;;;;
nt18127;;;;
nt18128;;;;
nt18129;;;;
nt18130;;;;
nt18131;;;;
nt18132;;;;
nt18133;;;;
nt18134;;;;
nt18135;;;;
nt18136;;;;
nt18137;;;;
nt18138;;;;
nt18139;;;;
nt18140;;;;
nt18141;;;;
nt18142;;;;
nt18143;;;;
nt18144;;;;
nt18145;;;;
nt18146;;;;
nt18147;;;;
nt18148;;;;
nt18149;;;;
nt18150;;;;
nt18151;;;;
nt18152;;;;
nt18153;;;;
nt18154;;;;
nt18155;;;;
nt18156;;;;
nt18157;;;;
nt18158;;;;
nt18159;;;;
nt18160;;;;
nt18161;;;;
nt18162;;;;
nt18163;;;;
nt18164;;;;
nt18165;;;;
nt18166;;;;
nt18167;;;;
nt18168;;;;
nt18169;;;;
nt18170;;;;
nt18171;;;;
nt18172;;;;
nt18173;;;;
nt18174;;;;
nt18175;;;;
nt18176;;;;
nt18177;;;;
nt18178;;;;
nt18179;;;;
nt18180;;;;
nt18181;;;;
nt18182;;;;
nt18183;;;;
nt18184;;;;
nt18185;;;;
nt18186;;;;
nt18187;;;;
nt18188;;;;
nt18189;;;;
nt18190;;;;
nt18191;;;;
nt18192;;;;
nt18193;;;;
nt18194;;;;
nt18195;;;;
nt18196;;;;
nt18197;;;;
nt18198;;;;
nt18199;;;;
nt18200;;;;
nt18201;;;;
nt18202;;;;
nt18203;;;;
nt18204;;;;
nt18205;;;;
nt18206;;;;
nt18207;;;;
nt18208;;;;
nt18209;;;;
nt18210;;;;
nt18211;;;;
nt18212;;;;
nt18213;;;;
nt18214;;;;
nt18215;;;;
nt18216;;;;
nt18217;;;;
nt18218;;;;
nt18219;;;;
nt18220;;;;
nt18221;;;;
nt18222;;;;
nt18223;;;;
nt18224;;;;
nt18225;;;;
nt18226;;;;
nt18227;;;;
nt18228;;;;
nt18229;;;;
nt18230;;;;
nt18231;;;;
nt18232;;;;
nt18233;;;;
nt18234;;;;
nt18235;;;;
nt18236;;;;
nt18237;;;;
nt18238;;;;
nt18239;;;;
nt18240;;;;
nt18241;;;;
nt18242;;;;
nt18243;;;;
nt18244;;;;
nt18245;;;;
nt18246;;;;
nt18247;;;;
nt18248;;;;
nt18249;;;;
nt18250;;;;
nt18251;;;;
nt18252;;;;
nt18253;;;;
nt18254;;;;
nt18255;;;;
nt18256;;;;
nt18257;;;;
nt18258;;;;
nt18259;;;;
nt18260;;;;
nt18261;;;;
nt18262;;;;
nt18263;;;;
nt18264;;;;
nt18265;;;;
nt18266;;;;
nt18267;;;;
nt18268;;;;
nt18269;;;;
nt18270;;;;
nt18271;;;;
nt18272;;;;
nt18273;;;;
nt18274;;;;
nt18275;;;;
nt18276;;;;
nt18277;;;;
nt18278;;;;
nt18279;;;;
nt18280;;;;
nt18281;;;;
nt18282;;;;
nt18283;;;;
nt18284;;;;
nt18285;;;;
nt18286;;;;
nt18287;;;;
nt18288;;;;
nt18289;;;;
nt18290;;;;
nt18291;;;;
nt18292;;;;
nt18293;;;;
nt18294;;;;
nt18295;;;;
nt18296;;;;
nt18297;;;;
nt18298;;;;
nt18299;;;;
nt18300;;;;
nt18301;;;;
nt18302;;;;
nt18303;;;;
nt18304;;;;
nt18305;;;;
nt18306;;;;
nt18307;;;;
nt18308;;;;
nt18309;;;;
nt18310;;;;
nt18311;;;;
nt18312;;;;
nt18313;;;;
nt18314;;;;
nt18315;;;;
nt18316;;;;
nt18317;;;;
nt18318;;;;
nt18319;;;;
nt18320;;;;
nt18321;;;;
nt18322;;;;
nt18323;;;;
nt18324;;;;
nt18325;;;;
nt18326;;;;
nt18327;;;;
nt18328;;;;
nt18329;;;;
nt18330;;;;
nt18331;;;;
nt18332;;;;
nt18333;;;;
nt18334;;;;
nt18335;;;;
nt18336;;;;
nt18337;;;;
nt18338;;;;
nt18339;;;;
nt18340;;;;
nt18341;;;;
nt18342;;;;
nt18343;;;;
nt18344;;;;
nt18345;;;;
nt18346;;;;
nt18347;;;;
nt18348;;;;
nt18349;;;;
nt18350;;;;
nt18351;;;;
nt18352;;;;
nt18353;;;;
nt18354;;;;
nt18355;;;;
nt18356;;;;
nt18357;;;;
nt18358;;;;
nt18359;;;;
nt18360;;;;
nt18361;;;;
nt18362;;;;
nt18363;;;;
nt18364;;;;
nt18365;;;;
nt18366;;;;
nt18367;;;;
nt18368;;;;
nt18369;;;;
nt18370;;;;
nt18371;;;;
nt18372;;;;
nt18373;;;;
nt18374;;;;
nt18375;;;;
nt18376;;;;
nt18377;;;;
nt18378;;;;
nt18379;;;;
nt18380;;;;
nt18381;;;;
nt18382;;;;
nt18383;;;;
nt18384;;;;
nt18385;;;;
nt18386;;;;
nt18387;;;;
nt18388;;;;
nt18389;;;;
nt18390;;;;
nt18391;;;;
nt18392;;;;
nt18393;;;;
nt18394;;;;
nt18395;;;;
nt18396;;;;
nt18397;;;;
nt18398;;;;
nt18399;;;;
nt18400;;;;
nt18401;;;;
nt18402;;;;
nt18403;;;;
nt18404;;;;
nt18405;;;;
nt18406;;;;
nt18407;;;;
nt18408;;;;
nt18409;;;;
nt18410;;;;
nt18411;;;;
nt18412;;;;
nt18413;;;;
nt18414;;;;
nt18415;;;;
nt18416;;;;
nt18417;;;;
nt18418;;;;
nt18419;;;;
nt18420;;;;
nt18421;;;;
nt18422;;;;
nt18423;;;;
nt18424;;;;
nt18425;;;;
nt18426;;;;
nt18427;;;;
nt18428;;;;
nt18429;;;;
nt18430;;;;
nt18431;;;;
nt18432;;;;
nt18433;;;;
nt18434;;;;
nt18435;;;;
nt18436;;;;
nt18437;;;;
nt18438;;;;
nt18439;;;;
nt18440;;;;
nt18441;;;;
nt18442;;;;
nt18443;;;;
nt18444;;;;
nt18445;;;;
nt18446;;;;
nt18447;;;;
nt18448;;;;
nt18449;;;;
nt18450;;;;
nt18451;;;;
nt18452;;;;
nt18453;;;;
nt18454;;;;
nt18455;;;;
nt18456;;;;
nt18457;;;;
nt18458;;;;
nt18459;;;;
nt18460;;;;
nt18461;;;;
nt18462;;;;
nt18463;;;;
nt18464;;;;
nt18465;;;;
nt18466;;;;
nt18467;;;;
nt18468;;;;
nt18469;;;;
nt18470;;;;
nt18471;;;;
nt18472;;;;
nt18473;;;;
nt18474;;;;
nt18475;;;;
nt18476;;;;
nt18477;;;;
nt18478;;;;
nt18479;;;;
nt18480;;;;
nt18481;;;;
nt18482;;;;
nt18483;;;;
nt18484;;;;
nt18485;;;;
nt18486;;;;
nt18487;;;;
nt18488;;;;
nt18489;;;;
nt18490;;;;
nt18491;;;;
nt18492;;;;
nt18493;;;;
nt18494;;;;
nt18495;;;;
nt18496;;;;
nt18497;;;;
nt18498;;;;
nt18499;;;;
nt18500;;;;
nt18501;;;;
nt18502;;;;
nt18503;;;;
nt18504;;;;
nt18505;;;;
nt18506;;;;
nt18507;;;;
nt18508;;;;
nt18509;;;;
nt18510;;;;
nt18511;;;;
nt18512;;;;
nt18513;;;;
nt18514;;;;
nt18515;;;;
nt18516;;;;
nt18517;;;;
nt18518;;;;
nt18519;;;;
nt18520;;;;
nt18521;;;;
nt18522;;;;
nt18523;;;;
nt18524;;;;
nt18525;;;;
nt18526;;;;
nt18527;;;;
nt18528;;;;
nt18529;;;;
nt18530;;;;
nt18531;;;;
nt18532;;;;
nt18533;;;;
nt18534;;;;
nt18535;;;;
nt18536;;;;
nt18537;;;;
nt18538;;;;
nt18539;;;;
nt18540;;;;
nt18541;;;;
nt18542;;;;
nt18543;;;;
nt18544;;;;
nt18545;;;;
nt18546;;;;
nt18547;;;;
nt18548;;;;
nt18549;;;;
nt18550;;;;
nt18551;;;;
nt18552;;;;
nt18553;;;;
nt18554;;;;
nt18555;;;;
nt18556;;;;
nt18557;;;;
nt18558;;;;
nt18559;;;;
nt18560;;;;
nt18561;;;;
nt18562;;;;
nt18563;;;;
nt18564;;;;
nt18565;;;;
nt18566;;;;
nt18567;;;;
nt18568;;;;
nt18569;;;;
nt18570;;;;
nt18571;;;;
nt18572;;;;
nt18573;;;;
nt18574;;;;
nt18575;;;;
nt18576;;;;
nt18577;;;;
nt18578;;;;
nt18579;;;;
nt18580;;;;
nt18581;;;;
nt18582;;;;
nt18583;;;;
nt18584;;;;
nt18585;;;;
nt18586;;;;
nt18587;;;;
nt18588;;;;
nt18589;;;;
nt18590;;;;
nt18591;;;;
nt18592;;;;
nt18593;;;;
nt18594;;;;
nt18595;;;;
nt18596;;;;
nt18597;;;;
nt18598;;;;
nt18599;;;;
nt18600;;;;
nt18601;;;;
nt18602;;;;
nt18603;;;;
nt18604;;;;
nt18605;;;;
nt18606;;;;
nt18607;;;;
nt18608;;;;
nt18609;;;;
nt18610;;;;
nt18611;;;;
nt18612;;;;
nt18613;;;;
nt18614;;;;
nt18615;;;;
nt18616;;;;
nt18617;;;;
nt18618;;;;
nt18619;;;;
nt18620;;;;
nt18621;;;;
nt18622;;;;
nt18623;;;;
nt18624;;;;
nt18625;;;;
nt18626;;;;
nt18627;;;;
nt18628;;;;
nt18629;;;;
nt18630;;;;
nt18631;;;;
nt18632;;;;
nt18633;;;;
nt18634;;;;
nt18635;;;;
nt18636;;;;
nt18637;;;;
nt18638;;;;
nt18639;;;;
nt18640;;;;
nt18641;;;;
nt18642;;;;
nt18643;;;;
nt18644;;;;
nt18645;;;;
nt18646;;;;
nt18647;;;;
nt18648;;;;
nt18649;;;;
nt18650;;;;
nt18651;;;;
nt18652;;;;
nt18653;;;;
nt18654;;;;
nt18655;;;;
nt18656;;;;
nt18657;;;;
nt18658;;;;
nt18659;;;;
nt18660;;;;
nt18661;;;;
nt18662;;;;
nt18663;;;;
nt18664;;;;
nt18665;;;;
nt18666;;;;
nt18667;;;;
nt18668;;;;
nt18669;;;;
nt18670;;;;
nt18671;;;;
nt18672;;;;
nt18673;;;;
nt18674;;;;
nt18675;;;;
nt18676;;;;
nt18677;;;;
nt18678;;;;
nt18679;;;;
nt18680;;;;
nt18681;;;;
nt18682;;;;
nt18683;;;;
nt18684;;;;
nt18685;;;;
nt18686;;;;
nt18687;;;;
nt18688;;;;
nt18689;;;;
nt18690;;;;
nt18691;;;;
nt18692;;;;
nt18693;;;;
nt18694;;;;
nt18695;;;;
nt18696;;;;
nt18697;;;;
nt18698;;;;
nt18699;;;;
nt18700;;;;
nt18701;;;;
nt18702;;;;
nt18703;;;;
nt18704;;;;
nt18705;;;;
nt18706;;;;
nt18707;;;;
nt18708;;;;
nt18709;;;;
nt18710;;;;
nt18711;;;;
nt18712;;;;
nt18713;;;;
nt18714;;;;
nt18715;;;;
nt18716;;;;
nt18717;;;;
nt18718;;;;
nt18719;;;;
nt18720;;;;
nt18721;;;;
nt18722;;;;
nt18723;;;;
nt18724;;;;
nt18725;;;;
nt18726;;;;
nt18727;;;;
nt18728;;;;
nt18729;;;;
nt18730;;;;
nt18731;;;;
nt18732;;;;
nt18733;;;;
nt18734;;;;
nt18735;;;;
nt18736;;;;
nt18737;;;;
nt18738;;;;
nt18739;;;;
nt18740;;;;
nt18741;;;;
nt18742;;;;
nt18743;;;;
nt18744;;;;
nt18745;;;;
nt18746;;;;
nt18747;;;;
nt18748;;;;
nt18749;;;;
nt18750;;;;
nt18751;;;;
nt18752;;;;
nt18753;;;;
nt18754;;;;
nt18755;;;;
nt18756;;;;
nt18757;;;;
nt18758;;;;
nt18759;;;;
nt18760;;;;
nt18761;;;;
nt18762;;;;
nt18763;;;;
nt18764;;;;
nt18765;;;;
nt18766;;;;
nt18767;;;;
nt18768;;;;
nt18769;;;;
nt18770;;;;
nt18771;;;;
nt18772;;;;
nt18773;;;;
nt18774;;;;
nt18775;;;;
nt18776;;;;
nt18777;;;;
nt18778;;;;
nt18779;;;;
nt18780;;;;
nt18781;;;;
nt18782;;;;
nt18783;;;;
nt18784;;;;
nt18785;;;;
nt18786;;;;
nt18787;;;;
nt18788;;;;
nt18789;;;;
nt18790;;;;
nt18791;;;;
nt18792;;;;
nt18793;;;;
nt18794;;;;
nt18795;;;;
nt18796;;;;
nt18797;;;;
nt18798;;;;
nt18799;;;;
nt18800;;;;
nt18801;;;;
nt18802;;;;
nt18803;;;;
nt18804;;;;
nt18805;;;;
nt18806;;;;
nt18807;;;;
nt18808;;;;
nt18809;;;;
nt18810;;;;
nt18811;;;;
nt18812;;;;
nt18813;;;;
nt18814;;;;
nt18815;;;;
nt18816;;;;
nt18817;;;;
nt18818;;;;
nt18819;;;;
nt18820;;;;
nt18821;;;;
nt18822;;;;
nt18823;;;;
nt18824;;;;
nt18825;;;;
nt18826;;;;
nt18827;;;;
nt18828;;;;
nt18829;;;;
nt18830;;;;
nt18831;;;;
nt18832;;;;
nt18833;;;;
nt18834;;;;
nt18835;;;;
nt18836;;;;
nt18837;;;;
nt18838;;;;
nt18839;;;;
nt18840;;;;
nt18841;;;;
nt18842;;;;
nt18843;;;;
nt18844;;;;
nt18845;;;;
nt18846;;;;
nt18847;;;;
nt18848;;;;
nt18849;;;;
nt18850;;;;
nt18851;;;;
nt18852;;;;
nt18853;;;;
nt18854;;;;
nt18855;;;;
nt18856;;;;
nt18857;;;;
nt18858;;;;
nt18859;;;;
nt18860;;;;
nt18861;;;;
nt18862;;;;
nt18863;;;;
nt18864;;;;
nt18865;;;;
nt18866;;;;
nt18867;;;;
nt18868;;;;
nt18869;;;;
nt18870;;;;
nt18871;;;;
nt18872;;;;
nt18873;;;;
nt18874;;;;
nt18875;;;;
nt18876;;;;
nt18877;;;;
nt18878;;;;
nt18879;;;;
nt18880;;;;
nt18881;;;;
nt18882;;;;
nt18883;;;;
nt18884;;;;
nt18885;;;;
nt18886;;;;
nt18887;;;;
nt18888;;;;
nt18889;;;;
nt18890;;;;
nt18891;;;;
nt18892;;;;
nt18893;;;;
nt18894;;;;
nt18895;;;;
nt18896;;;;
nt18897;;;;
nt18898;;;;
nt18899;;;;
nt18900;;;;
nt18901;;;;
nt18902;;;;
nt18903;;;;
nt18904;;;;
nt18905;;;;
nt18906;;;;
nt18907;;;;
nt18908;;;;
nt18909;;;;
nt18910;;;;
nt18911;;;;
nt18912;;;;
nt18913;;;;
nt18914;;;;
nt18915;;;;
nt18916;;;;
nt18917;;;;
nt18918;;;;
nt18919;;;;
nt18920;;;;
nt18921;;;;
nt18922;;;;
nt18923;;;;
nt18924;;;;
nt18925;;;;
nt18926;;;;
nt18927;;;;
nt18928;;;;
nt18929;;;;
nt18930;;;;
nt18931;;;;
nt18932;;;;
nt18933;;;;
nt18934;;;;
nt18935;;;;
nt18936;;;;
nt18937;;;;
nt18938;;;;
nt18939;;;;
nt18940;;;;
nt18941;;;;
nt18942;;;;
nt18943;;;;
nt18944;;;;
nt18945;;;;
nt18946;;;;
nt18947;;;;
nt18948;;;;
nt18949;;;;
nt18950;;;;
nt18951;;;;
nt18952;;;;
nt18953;;;;
nt18954;;;;
nt18955;;;;
nt18956;;;;
nt18957;;;;
nt18958;;;;
nt18959;;;;
nt18960;;;;
nt18961;;;;
nt18962;;;;
nt18963;;;;
nt18964;;;;
nt18965;;;;
nt18966;;;;
nt18967;;;;
nt18968;;;;
nt18969;;;;
nt18970;;;;
nt18971;;;;
nt18972;;;;
nt18973;;;;
nt18974;;;;
nt18975;;;;
nt18976;;;;
nt18977;;;;
nt18978;;;;
nt18979;;;;
nt18980;;;;
nt18981;;;;
nt18982;;;;
nt18983;;;;
nt18984;;;;
nt18985;;;;
nt18986;;;;
nt18987;;;;
nt18988;;;;
nt18989;;;;
nt18990;;;;
nt18991;;;;
nt18992;;;;
nt18993;;;;
nt18994;;;;
nt18995;;;;
nt18996;;;;
nt18997;;;;
nt18998;;;;
nt18999;;;;
nt19000;;;;
nt19001;;;;
nt19002;;;;
nt19003;;;;
nt19004;;;;
nt19005;;;;
nt19006;;;;
nt19007;;;;
nt19008;;;;
nt19009;;;;
nt19010;;;;
nt19011;;;;
nt19012;;;;
nt19013;;;;
nt19014;;;;
nt19015;;;;
nt19016;;;;
nt19017;;;;
nt19018;;;;
nt19019;;;;
nt19020;;;;
nt19021;;;;
nt19022;;;;
nt19023;;;;
nt19024;;;;
nt19025;;;;
nt19026;;;;
nt19027;;;;
nt19028;;;;
nt19029;;;;
nt19030;;;;
nt19031;;;;
nt19032;;;;
nt19033;;;;
nt19034;;;;
nt19035;;;;
nt19036;;;;
nt19037;;;;
nt19038;;;;
nt19039;;;;
nt19040;;;;
nt19041;;;;
nt19042;;;;
nt19043;;;;
nt19044;;;;
nt19045;;;;
nt19046;;;;
nt19047;;;;
nt19048;;;;
nt19049;;;;
nt19050;;;;
nt19051;;;;
nt19052;;;;
nt19053;;;;
nt19054;;;;
nt19055;;;;
nt19056;;;;
nt19057;;;;
nt19058;;;;
nt19059;;;;
nt19060;;;;
nt19061;;;;
nt19062;;;;
nt19063;;;;
nt19064;;;;
nt19065;;;;
nt19066;;;;
nt19067;;;;
nt19068;;;;
nt19069;;;;
nt19070;;;;
nt19071;;;;
nt19072;;;;
nt19073;;;;
nt19074;;;;
nt19075;;;;
nt19076;;;;
nt19077;;;;
nt19078;;;;
nt19079;;;;
nt19080;;;;
nt19081;;;;
nt19082;;;;
nt19083;;;;
nt19084;;;;
nt19085;;;;
nt19086;;;;
nt19087;;;;
nt19088;;;;
nt19089;;;;
nt19090;;;;
nt19091;;;;
nt19092;;;;
nt19093;;;;
nt19094;;;;
nt19095;;;;
nt19096;;;;
nt19097;;;;
nt19098;;;;
nt19099;;;;
nt19100;;;;
nt19101;;;;
nt19102;;;;
nt19103;;;;
nt19104;;;;
nt19105;;;;
nt19106;;;;
nt19107;;;;
nt19108;;;;
nt19109;;;;
nt19110;;;;
nt19111;;;;
nt19112;;;;
nt19113;;;;
nt19114;;;;
nt19115;;;;
nt19116;;;;
nt19117;;;;
nt19118;;;;
nt19119;;;;
nt19120;;;;
nt19121;;;;
nt19122;;;;
nt19123;;;;
nt19124;;;;
nt19125;;;;
nt19126;;;;
nt19127;;;;
nt19128;;;;
nt19129;;;;
nt19130;;;;
nt19131;;;;
nt19132;;;;
nt19133;;;;
nt19134;;;;
nt19135;;;;
nt19136;;;;
nt19137;;;;
nt19138;;;;
nt19139;;;;
nt19140;;;;
nt19141;;;;
nt19142;;;;
nt19143;;;;
nt19144;;;;
nt19145;;;;
nt19146;;;;
nt19147;;;;
nt19148;;;;
nt19149;;;;
nt19150;;;;
nt19151;;;;
nt19152;;;;
nt19153;;;;
nt19154;;;;
nt19155;;;;
nt19156;;;;
nt19157;;;;
nt19158;;;;
nt19159;;;;
nt19160;;;;
nt19161;;;;
nt19162;;;;
nt19163;;;;
nt19164;;;;
nt19165;;;;
nt19166;;;;
nt19167;;;;
nt19168;;;;
nt19169;;;;
nt19170;;;;
nt19171;;;;
nt19172;;;;
nt19173;;;;
nt19174;;;;
nt19175;;;;
nt19176;;;;
nt19177;;;;
nt19178;;;;
nt19179;;;;
nt19180;;;;
nt19181;;;;
nt19182;;;;
nt19183;;;;
nt19184;;;;
nt19185;;;;
nt19186;;;;
nt19187;;;;
nt19188;;;;
nt19189;;;;
nt19190;;;;
nt19191;;;;
nt19192;;;;
nt19193;;;;
nt19194;;;;
nt19195;;;;
nt19196;;;;
nt19197;;;;
nt19198;;;;
nt19199;;;;
nt19200;;;;
nt19201;;;;
nt19202;;;;
nt19203;;;;
nt19204;;;;
nt19205;;;;
nt19206;;;;
nt19207;;;;
nt19208;;;;
nt19209;;;;
nt19210;;;;
nt19211;;;;
nt19212;;;;
nt19213;;;;
nt19214;;;;
nt19215;;;;
nt19216;;;;
nt19217;;;;
nt19218;;;;
nt19219;;;;
nt19220;;;;
nt19221;;;;
nt19222;;;;
nt19223;;;;
nt19224;;;;
nt19225;;;;
nt19226;;;;
nt19227;;;;
nt19228;;;;
nt19229;;;;
nt19230;;;;
nt19231;;;;
nt19232;;;;
nt19233;;;;
nt19234;;;;
nt19235;;;;
nt19236;;;;
nt19237;;;;
nt19238;;;;
nt19239;;;;
nt19240;;;;
nt19241;;;;
nt19242;;;;
nt19243;;;;
nt19244;;;;
nt19245;;;;
nt19246;;;;
nt19247;;;;
nt19248;;;;
nt19249;;;;
nt19250;;;;
nt19251;;;;
nt19252;;;;
nt19253;;;;
nt19254;;;;
nt19255;;;;
nt19256;;;;
nt19257;;;;
nt19258;;;;
nt19259;;;;
nt19260;;;;
nt19261;;;;
nt19262;;;;
nt19263;;;;
nt19264;;;;
nt19265;;;;
nt19266;;;;
nt19267;;;;
nt19268;;;;
nt19269;;;;
nt19270;;;;
nt19271;;;;
nt19272;;;;
nt19273;;;;
nt19274;;;;
nt19275;;;;
nt19276;;;;
nt19277;;;;
nt19278;;;;
nt19279;;;;
nt19280;;;;
nt19281;;;;
nt19282;;;;
nt19283;;;;
nt19284;;;;
nt19285;;;;
nt19286;;;;
nt19287;;;;
nt19288;;;;
nt19289;;;;
nt19290;;;;
nt19291;;;;
nt19292;;;;
nt19293;;;;
nt19294;;;;
nt19295;;;;
nt19296;;;;
nt19297;;;;
nt19298;;;;
nt19299;;;;
nt19300;;;;
nt19301;;;;
nt19302;;;;
nt19303;;;;
nt19304;;;;
nt19305;;;;
nt19306;;;;
nt19307;;;;
nt19308;;;;
nt19309;;;;
nt19310;;;;
nt19311;;;;
nt19312;;;;
nt19313;;;;
nt19314;;;;
nt19315;;;;
nt19316;;;;
nt19317;;;;
nt19318;;;;
nt19319;;;;
nt19320;;;;
nt19321;;;;
nt19322;;;;
nt19323;;;;
nt19324;;;;
nt19325;;;;
nt19326;;;;
nt19327;;;;
nt19328;;;;
nt19329;;;;
nt19330;;;;
nt19331;;;;
nt19332;;;;
nt19333;;;;
nt19334;;;;
nt19335;;;;
nt19336;;;;
nt19337;;;;
nt19338;;;;
nt19339;;;;
nt19340;;;;
nt19341;;;;
nt19342;;;;
nt19343;;;;
nt19344;;;;
nt19345;;;;
nt19346;;;;
nt19347;;;;
nt19348;;;;
nt19349;;;;
nt19350;;;;
nt19351;;;;
nt19352;;;;
nt19353;;;;
nt19354;;;;
nt19355;;;;
nt19356;;;;
nt19357;;;;
nt19358;;;;
nt19359;;;;
nt19360;;;;
nt19361;;;;
nt19362;;;;
nt19363;;;;
nt19364;;;;
nt19365;;;;
nt19366;;;;
nt19367;;;;
nt19368;;;;
nt19369;;;;
nt19370;;;;
nt19371;;;;
nt19372;;;;
nt19373;;;;
nt19374;;;;
nt19375;;;;
nt19376;;;;
nt19377;;;;
nt19378;;;;
nt19379;;;;
nt19380;;;;
nt19381;;;;
nt19382;;;;
nt19383;;;;
nt19384;;;;
nt19385;;;;
nt19386;;;;
nt19387;;;;
nt19388;;;;
nt19389;;;;
nt19390;;;;
nt19391;;;;
nt19392;;;;
nt19393;;;;
nt19394;;;;
nt19395;;;;
nt19396;;;;
nt19397;;;;
nt19398;;;;
nt19399;;;;
nt19400;;;;
nt19401;;;;
nt19402;;;;
nt19403;;;;
nt19404;;;;
nt19405;;;;
nt19406;;;;
nt19407;;;;
nt19408;;;;
nt19409;;;;
nt19410;;;;
nt19411;;;;
nt19412;;;;
nt19413;;;;
nt19414;;;;
nt19415;;;;
nt19416;;;;
nt19417;;;;
nt19418;;;;
nt19419;;;;
nt19420;;;;
nt19421;;;;
nt19422;;;;
nt19423;;;;
nt19424;;;;
nt19425;;;;
nt19426;;;;
nt19427;;;;
nt19428;;;;
nt19429;;;;
nt19430;;;;
nt19431;;;;
nt19432;;;;
nt19433;;;;
nt19434;;;;
nt19435;;;;
nt19436;;;;
nt19437;;;;
nt19438;;;;
nt19439;;;;
nt19440;;;;
nt19441;;;;
nt19442;;;;
nt19443;;;;
nt19444;;;;
nt19445;;;;
nt19446;;;;
nt19447;;;;
nt19448;;;;
nt19449;;;;
nt19450;;;;
nt19451;;;;
nt19452;;;;
nt19453;;;;
nt19454;;;;
nt19455;;;;
nt19456;;;;
nt19457;;;;
nt19458;;;;
nt19459;;;;
nt19460;;;;
nt19461;;;;
nt19462;;;;
nt19463;;;;
nt19464;;;;
nt19465;;;;
nt19466;;;;
nt19467;;;;
nt19468;;;;
nt19469;;;;
nt19470;;;;
nt19471;;;;
nt19472;;;;
nt19473;;;;
nt19474;;;;
nt19475;;;;
nt19476;;;;
nt19477;;;;
nt19478;;;;
nt19479;;;;
nt19480;;;;
nt19481;;;;
nt19482;;;;
nt19483;;;;
nt19484;;;;
nt19485;;;;
nt19486;;;;
nt19487;;;;
nt19488;;;;
nt19489;;;;
nt19490;;;;
nt19491;;;;
nt19492;;;;
nt19493;;;;
nt19494;;;;
nt19495;;;;
nt19496;;;;
nt19497;;;;
nt19498;;;;
nt19499;;;;
nt19500;;;;
nt19501;;;;
nt19502;;;;
nt19503;;;;
nt19504;;;;
nt19505;;;;
nt19506;;;;
nt19507;;;;
nt19508;;;;
nt19509;;;;
nt19510;;;;
nt19511;;;;
nt19512;;;;
nt19513;;;;
nt19514;;;;
nt19515;;;;
nt19516;;;;
nt19517;;;;
nt19518;;;;
nt19519;;;;
nt19520;;;;
nt19521;;;;
nt19522;;;;
nt19523;;;;
nt19524;;;;
nt19525;;;;
nt19526;;;;
nt19527;;;;
nt19528;;;;
nt19529;;;;
nt19530;;;;
nt19531;;;;
nt19532;;;;
nt19533;;;;
nt19534;;;;
nt19535;;;;
nt19536;;;;
nt19537;;;;
nt19538;;;;
nt19539;;;;
nt19540;;;;
nt19541;;;;
nt19542;;;;
nt19543;;;;
nt19544;;;;
nt19545;;;;
nt19546;;;;
nt19547;;;;
nt19548;;;;
nt19549;;;;
nt19550;;;;
nt19551;;;;
nt19552;;;;
nt19553;;;;
nt19554;;;;
nt19555;;;;
nt19556;;;;
nt19557;;;;
nt19558;;;;
nt19559;;;;
nt19560;;;;
nt19561;;;;
nt19562;;;;
nt19563;;;;
nt19564;;;;
nt19565;;;;
nt19566;;;;
nt19567;;;;
nt19568;;;;
nt19569;;;;
nt19570;;;;
nt19571;;;;
nt19572;;;;
nt19573;;;;
nt19574;;;;
nt19575;;;;
nt19576;;;;
nt19577;;;;
nt19578;;;;
nt19579;;;;
nt19580;;;;
nt19581;;;;
nt19582;;;;
nt19583;;;;
nt19584;;;;
nt19585;;;;
nt19586;;;;
nt19587;;;;
nt19588;;;;
nt19589;;;;
nt19590;;;;
nt19591;;;;
nt19592;;;;
nt19593;;;;
nt19594;;;;
nt19595;;;;
nt19596;;;;
nt19597;;;;
nt19598;;;;
nt19599;;;;
nt19600;;;;
nt19601;;;;
nt19602;;;;
nt19603;;;;
nt19604;;;;
nt19605;;;;
nt19606;;;;
nt19607;;;;
nt19608;;;;
nt19609;;;;
nt19610;;;;
nt19611;;;;
nt19612;;;;
nt19613;;;;
nt19614;;;;
nt19615;;;;
nt19616;;;;
nt19617;;;;
nt19618;;;;
nt19619;;;;
nt19620;;;;
nt19621;;;;
nt19622;;;;
nt19623;;;;
nt19624;;;;
nt19625;;;;
nt19626;;;;
nt19627;;;;
nt19628;;;;
nt19629;;;;
nt19630;;;;
nt19631;;;;
nt19632;;;;
nt19633;;;;
nt19634;;;;
nt19635;;;;
nt19636;;;;
nt19637;;;;
nt19638;;;;
nt19639;;;;
nt19640;;;;
nt19641;;;;
nt19642;;;;
nt19643;;;;
nt19644;;;;
nt19645;;;;
nt19646;;;;
nt19647;;;;
nt19648;;;;
nt19649;;;;
nt19650;;;;
nt19651;;;;
nt19652;;;;
nt19653;;;;
nt19654;;;;
nt19655;;;;
nt19656;;;;
nt19657;;;;
nt19658;;;;
nt19659;;;;
nt19660;;;;
nt19661;;;;
nt19662;;;;
nt19663;;;;
nt19664;;;;
nt19665;;;;
nt19666;;;;
nt19667;;;;
nt19668;;;;
nt19669;;;;
nt19670;;;;
nt19671;;;;
nt19672;;;;
nt19673;;;;
nt19674;;;;
nt19675;;;;
nt19676;;;;
nt19677;;;;
nt19678;;;;
nt19679;;;;
nt19680;;;;
nt19681;;;;
nt19682;;;;
nt19683;;;;
nt19684;;;;
nt19685;;;;
nt19686;;;;
nt19687;;;;
nt19688;;;;
nt19689;;;;
nt19690;;;;
nt19691;;;;
nt19692;;;;
nt19693;;;;
nt19694;;;;
nt19695;;;;
nt19696;;;;
nt19697;;;;
nt19698;;;;
nt19699;;;;
nt19700;;;;
nt19701;;;;
nt19702;;;;
nt19703;;;;
nt19704;;;;
nt19705;;;;
nt19706;;;;
nt19707;;;;
nt19708;;;;
nt19709;;;;
nt19710;;;;
nt19711;;;;
nt19712;;;;
nt19713;;;;
nt19714;;;;
nt19715;;;;
nt19716;;;;
nt19717;;;;
nt19718;;;;
nt19719;;;;
nt19720;;;;
nt19721;;;;
nt19722;;;;
nt19723;;;;
nt19724;;;;
nt19725;;;;
nt19726;;;;
nt19727;;;;
nt19728;;;;
nt19729;;;;
nt19730;;;;
nt19731;;;;
nt19732;;;;
nt19733;;;;
nt19734;;;;
nt19735;;;;
nt19736;;;;
nt19737;;;;
nt19738;;;;
nt19739;;;;
nt19740;;;;
nt19741;;;;
nt19742;;;;
nt19743;;;;
nt19744;;;;
nt19745;;;;
nt19746;;;;
nt19747;;;;
nt19748;;;;
nt19749;;;;
nt19750;;;;
nt19751;;;;
nt19752;;;;
nt19753;;;;
nt19754;;;;
nt19755;;;;
nt19756;;;;
nt19757;;;;
nt19758;;;;
nt19759;;;;
nt19760;;;;
nt19761;;;;
nt19762;;;;
nt19763;;;;
nt19764;;;;
nt19765;;;;
nt19766;;;;
nt19767;;;;
nt19768;;;;
nt19769;;;;
nt19770;;;;
nt19771;;;;
nt19772;;;;
nt19773;;;;
nt19774;;;;
nt19775;;;;
nt19776;;;;
nt19777;;;;
nt19778;;;;
nt19779;;;;
nt19780;;;;
nt19781;;;;
nt19782;;;;
nt19783;;;;
nt19784;;;;
nt19785;;;;
nt19786;;;;
nt19787;;;;
nt19788;;;;
nt19789;;;;
nt19790;;;;
nt19791;;;;
nt19792;;;;
nt19793;;;;
nt19794;;;;
nt19795;;;;
nt19796;;;;
nt19797;;;;
nt19798;;;;
nt19799;;;;
nt19800;;;;
nt19801;;;;
nt19802;;;;
nt19803;;;;
nt19804;;;;
nt19805;;;;
nt19806;;;;
nt19807;;;;
nt19808;;;;
nt19809;;;;
nt19810;;;;
nt19811;;;;
nt19812;;;;
nt19813;;;;
nt19814;;;;
nt19815;;;;
nt19816;;;;
nt19817;;;;
nt19818;;;;
nt19819;;;;
nt19820;;;;
nt19821;;;;
nt19822;;;;
nt19823;;;;
nt19824;;;;
nt19825;;;;
nt19826;;;;
nt19827;;;;
nt19828;;;;
nt19829;;;;
nt19830;;;;
nt19831;;;;
nt19832;;;;
nt19833;;;;
nt19834;;;;
nt19835;;;;
nt19836;;;;
nt19837;;;;
nt19838;;;;
nt19839;;;;
nt19840;;;;
nt19841;;;;
nt19842;;;;
nt19843;;;;
nt19844;;;;
nt19845;;;;
nt19846;;;;
nt19847;;;;
nt19848;;;;
nt19849;;;;
nt19850;;;;
nt19851;;;;
nt19852;;;;
nt19853;;;;
nt19854;;;;
nt19855;;;;
nt19856;;;;
nt19857;;;;
nt19858;;;;
nt19859;;;;
nt19860;;;;
nt19861;;;;
nt19862;;;;
nt19863;;;;
nt19864;;;;
nt19865;;;;
nt19866;;;;
nt19867;;;;
nt19868;;;;
nt19869;;;;
nt19870;;;;
nt19871;;;;
nt19872;;;;
nt19873;;;;
nt19874;;;;
nt19875;;;;
nt19876;;;;
nt19877;;;;
nt19878;;;;
nt19879;;;;
nt19880;;;;
nt19881;;;;
nt19882;;;;
nt19883;;;;
nt19884;;;;
nt19885;;;;
nt19886;;;;
nt19887;;;;
nt19888;;;;
nt19889;;;;
nt19890;;;;
nt19891;;;;
nt19892;;;;
nt19893;;;;
nt19894;;;;
nt19895;;;;
nt19896;;;;
nt19897;;;;
nt19898;;;;
nt19899;;;;
nt19900;;;;
nt19901;;;;
nt19902;;;;
nt19903;;;;
nt19904;;;;
nt19905;;;;
nt19906;;;;
nt19907;;;;
nt19908;;;;
nt19909;;;;
nt19910;;;;
nt19911;;;;
nt19912;;;;
nt19913;;;;
nt19914;;;;
nt19915;;;;
nt19916;;;;
nt19917;;;;
nt19918;;;;
nt19919;;;;
nt19920;;;;
nt19921;;;;
nt19922;;;;
nt19923;;;;
nt19924;;;;
nt19925;;;;
nt19926;;;;
nt19927;;;;
nt19928;;;;
nt19929;;;;
nt19930;;;;
nt19931;;;;
nt19932;;;;
nt19933;;;;
nt19934;;;;
nt19935;;;;
nt19936;;;;
nt19937;;;;
nt19938;;;;
nt19939;;;;
nt19940;;;;
nt19941;;;;
nt19942;;;;
nt19943;;;;
nt19944;;;;
nt19945;;;;
nt19946;;;;
nt19947;;;;
nt19948;;;;
nt19949;;;;
nt19950;;;;
nt19951;;;;
nt19952;;;;
nt19953;;;;
nt19954;;;;
nt19955;;;;
nt19956;;;;
nt19957;;;;
nt19958;;;;
nt19959;;;;
nt19960;;;;
nt19961;;;;
nt19962;;;;
nt19963;;;;
nt19964;;;;
nt19965;;;;
nt19966;;;;
nt19967;;;;
nt19968;;;;
nt19969;;;;
nt19970;;;;
nt19971;;;;
nt19972;;;;
nt19973;;;;
nt19974;;;;
nt19975;;;;
nt19976;;;;
nt19977;;;;
nt19978;;;;
nt19979;;;;
nt19980;;;;
nt19981;;;;
nt19982;;;;
nt19983;;;;
nt19984;;;;
nt19985;;;;
nt19986;;;;
nt19987;;;;
nt19988;;;;
nt19989;;;;
nt19990;;;;
nt19991;;;;
nt19992;;;;
nt19993;;;;
nt19994;;;;
nt19995;;;;
nt19996;;;;
nt19997;;;;
nt19998;;;;
nt19999;;;;
nt20000;;;;
nt20001;;;;
nt20002;;;;
nt20003;;;;
nt20004;;;;
nt20005;;;;
nt20006;;;;
nt20007;;;;
nt20008;;;;
nt20009;;;;
nt20010;;;;
nt20011;;;;
nt20012;;;;
nt20013;;;;
nt20014;;;;
nt20015;;;;
nt20016;;;;
nt20017;;;;
nt20018;;;;
nt20019;;;;
nt20020;;;;
nt20021;;;;
nt20022;;;;
nt20023;;;;
nt20024;;;;
nt20025;;;;
nt20026;;;;
nt20027;;;;
nt20028;;;;
nt20029;;;;
nt20030;;;;
nt20031;;;;
nt20032;;;;
nt20033;;;;
nt20034;;;;
nt20035;;;;
nt20036;;;;
nt20037;;;;
nt20038;;;;
nt20039;;;;
nt20040;;;;
nt20041;;;;
nt20042;;;;
nt20043;;;;
nt20044;;;;
nt20045;;;;
nt20046;;;;
nt20047;;;;
nt20048;;;;
nt20049;;;;
nt20050;;;;
nt20051;;;;
nt20052;;;;
nt20053;;;;
nt20054;;;;
nt20055;;;;
nt20056;;;;
nt20057;;;;
nt20058;;;;
nt20059;;;;
nt20060;;;;
nt20061;;;;
nt20062;;;;
nt20063;;;;
nt20064;;;;
nt20065;;;;
nt20066;;;;
nt20067;;;;
nt20068;;;;
nt20069;;;;
nt20070;;;;
nt20071;;;;
nt20072;;;;
nt20073;;;;
nt20074;;;;
nt20075;;;;
nt20076;;;;
nt20077;;;;
nt20078;;;;
nt20079;;;;
nt20080;;;;
nt20081;;;;
nt20082;;;;
nt20083;;;;
nt20084;;;;
nt20085;;;;
nt20086;;;;
nt20087;;;;
nt20088;;;;
nt20089;;;;
nt20090;;;;
nt20091;;;;
nt20092;;;;
nt20093;;;;
nt20094;;;;
nt20095;;;;
nt20096;;;;
nt20097;;;;
nt20098;;;;
nt20099;;;;
nt20100;;;;
nt20101;;;;
nt20102;;;;
nt20103;;;;
nt20104;;;;
nt20105;;;;
nt20106;;;;
nt20107;;;;
nt20108;;;;
nt20109;;;;
nt20110;;;;
nt20111;;;;
nt20112;;;;
nt20113;;;;
nt20114;;;;
nt20115;;;;
nt20116;;;;
nt20117;;;;
nt20118;;;;
nt20119;;;;
nt20120;;;;
nt20121;;;;
nt20122;;;;
nt20123;;;;
nt20124;;;;
nt20125;;;;
nt20126;;;;
nt20127;;;;
nt20128;;;;
nt20129;;;;
nt20130;;;;
nt20131;;;;
nt20132;;;;
nt20133;;;;
nt20134;;;;
nt20135;;;;
nt20136;;;;
nt20137;;;;
nt20138;;;;
nt20139;;;;
nt20140;;;;
nt20141;;;;
nt20142;;;;
nt20143;;;;
nt20144;;;;
nt20145;;;;
nt20146;;;;
nt20147;;;;
nt20148;;;;
nt20149;;;;
nt20150;;;;
nt20151;;;;
nt20152;;;;
nt20153;;;;
nt20154;;;;
nt20155;;;;
nt20156;;;;
nt20157;;;;
nt20158;;;;
nt20159;;;;
nt20160;;;;
nt20161;;;;
nt20162;;;;
nt20163;;;;
nt20164;;;;
nt20165;;;;
nt20166;;;;
nt20167;;;;
nt20168;;;;
nt20169;;;;
nt20170;;;;
nt20171;;;;
nt20172;;;;
nt20173;;;;
nt20174;;;;
nt20175;;;;
nt20176;;;;
nt20177;;;;
nt20178;;;;
nt20179;;;;
nt20180;;;;
nt20181;;;;
nt20182;;;;
nt20183;;;;
nt20184;;;;
nt20185;;;;
nt20186;;;;
nt20187;;;;
nt20188;;;;
nt20189;;;;
nt20190;;;;
nt20191;;;;
nt20192;;;;
nt20193;;;;
nt20194;;;;
nt20195;;;;
nt20196;;;;
nt20197;;;;
nt20198;;;;
nt20199;;;;
nt20200;;;;
nt20201;;;;
nt20202;;;;
nt20203;;;;
nt20204;;;;
nt20205;;;;
nt20206;;;;
nt20207;;;;
nt20208;;;;
nt20209;;;;
nt20210;;;;
nt20211;;;;
nt20212;;;;
nt20213;;;;
nt20214;;;;
nt20215;;;;
nt20216;;;;
nt20217;;;;
nt20218;;;;
nt20219;;;;
nt20220;;;;
nt20221;;;;
nt20222;;;;
nt20223;;;;
nt20224;;;;
nt20225;;;;
nt20226;;;;
nt20227;;;;
nt20228;;;;
nt20229;;;;
nt20230;;;;
nt20231;;;;
nt20232;;;;
nt20233;;;;
nt20234;;;;
nt20235;;;;
nt20236;;;;
nt20237;;;;
nt20238;;;;
nt20239;;;;
nt20240;;;;
nt20241;;;;
nt20242;;;;
nt20243;;;;
nt20244;;;;
nt20245;;;;
nt20246;;;;
nt20247;;;;
nt20248;;;;
nt20249;;;;
nt20250;;;;
nt20251;;;;
nt20252;;;;
nt20253;;;;
nt20254;;;;
nt20255;;;;
nt20256;;;;
nt20257;;;;
nt20258;;;;
nt20259;;;;
nt20260;;;;
nt20261;;;;
nt20262;;;;
nt20263;;;;
nt20264;;;;
nt20265;;;;
nt20266;;;;
nt20267;;;;
nt20268;;;;
nt20269;;;;
nt20270;;;;
nt20271;;;;
nt20272;;;;
nt20273;;;;
nt20274;;;;
nt20275;;;;
nt20276;;;;
nt20277;;;;
nt20278;;;;
nt20279;;;;
nt20280;;;;
nt20281;;;;
nt20282;;;;
nt20283;;;;
nt20284;;;;
nt20285;;;;
nt20286;;;;
nt20287;;;;
nt20288;;;;
nt20289;;;;
nt20290;;;;
nt20291;;;;
nt20292;;;;
nt20293;;;;
nt20294;;;;
nt20295;;;;
nt20296;;;;
nt20297;;;;
nt20298;;;;
nt20299;;;;
nt20300;;;;
nt20301;;;;
nt20302;;;;
nt20303;;;;
nt20304;;;;
nt20305;;;;
nt20306;;;;
nt20307;;;;
nt20308;;;;
nt20309;;;;
nt20310;;;;
nt20311;;;;
nt20312;;;;
nt20313;;;;
nt20314;;;;
nt20315;;;;
nt20316;;;;
nt20317;;;;
nt20318;;;;
nt20319;;;;
nt20320;;;;
nt20321;;;;
nt20322;;;;
nt20323;;;;
nt20324;;;;
nt20325;;;;
nt20326;;;;
nt20327;;;;
nt20328;;;;
nt20329;;;;
nt20330;;;;
nt20331;;;;
nt20332;;;;
nt20333;;;;
nt20334;;;;
nt20335;;;;
nt20336;;;;
nt20337;;;;
nt20338;;;;
nt20339;;;;
nt20340;;;;
nt20341;;;;
nt20342;;;;
nt20343;;;;
nt20344;;;;
nt20345;;;;
nt20346;;;;
nt20347;;;;
nt20348;;;;
nt20349;;;;
nt20350;;;;
nt20351;;;;
nt20352;;;;
nt20353;;;;
nt20354;;;;
nt20355;;;;
nt20356;;;;
nt20357;;;;
nt20358;;;;
nt20359;;;;
nt20360;;;;
nt20361;;;;
nt20362;;;;
nt20363;;;;
nt20364;;;;
nt20365;;;;
nt20366;;;;
nt20367;;;;
nt20368;;;;
nt20369;;;;
nt20370;;;;
nt20371;;;;
nt20372;;;;
nt20373;;;;
nt20374;;;;
nt20375;;;;
nt20376;;;;
nt20377;;;;
nt20378;;;;
nt20379;;;;
nt20380;;;;
nt20381;;;;
nt20382;;;;
nt20383;;;;
nt20384;;;;
nt20385;;;;
nt20386;;;;
nt20387;;;;
nt20388;;;;
nt20389;;;;
nt20390;;;;
nt20391;;;;
nt20392;;;;
nt20393;;;;
nt20394;;;;
nt20395;;;;
nt20396;;;;
nt20397;;;;
nt20398;;;;
nt20399;;;;
nt20400;;;;
nt20401;;;;
nt20402;;;;
nt20403;;;;
nt20404;;;;
nt20405;;;;
nt20406;;;;
nt20407;;;;
nt20408;;;;
nt20409;;;;
nt20410;;;;
nt20411;;;;
nt20412;;;;
nt20413;;;;
nt20414;;;;
nt20415;;;;
nt20416;;;;
nt20417;;;;
nt20418;;;;
nt20419;;;;
nt20420;;;;
nt20421;;;;
nt20422;;;;
nt20423;;;;
nt20424;;;;
nt20425;;;;
nt20426;;;;
nt20427;;;;
nt20428;;;;
nt20429;;;;
nt20430;;;;
nt20431;;;;
nt20432;;;;
nt20433;;;;
nt20434;;;;
nt20435;;;;
nt20436;;;;
nt20437;;;;
nt20438;;;;
nt20439;;;;
nt20440;;;;
nt20441;;;;
nt20442;;;;
nt20443;;;;
nt20444;;;;
nt20445;;;;
nt20446;;;;
nt20447;;;;
nt20448;;;;
nt20449;;;;
nt20450;;;;
nt20451;;;;
nt20452;;;;
nt20453;;;;
nt20454;;;;
nt20455;;;;
nt20456;;;;
nt20457;;;;
nt20458;;;;
nt20459;;;;
nt20460;;;;
nt20461;;;;
nt20462;;;;
nt20463;;;;
nt20464;;;;
nt20465;;;;
nt20466;;;;
nt20467;;;;
nt20468;;;;
nt20469;;;;
nt20470;;;;
nt20471;;;;
nt20472;;;;
nt20473;;;;
nt20474;;;;
nt20475;;;;
nt20476;;;;
nt20477;;;;
nt20478;;;;
nt20479;;;;
nt20480;;;;
nt20481;;;;
nt20482;;;;
nt20483;;;;
nt20484;;;;
nt20485;;;;
nt20486;;;;
nt20487;;;;
nt20488;;;;
nt20489;;;;
nt20490;;;;
nt20491;;;;
nt20492;;;;
nt20493;;;;
nt20494;;;;
nt20495;;;;
nt20496;;;;
nt20497;;;;
nt20498;;;;
nt20499;;;;
nt20500;;;;
nt20501;;;;
nt20502;;;;
nt20503;;;;
nt20504;;;;
nt20505;;;;
nt20506;;;;
nt20507;;;;
nt20508;;;;
nt20509;;;;
nt20510;;;;
nt20511;;;;
nt20512;;;;
nt20513;;;;
nt20514;;;;
nt20515;;;;
nt20516;;;;
nt20517;;;;
nt20518;;;;
nt20519;;;;
nt20520;;;;
nt20521;;;;
nt20522;;;;
nt20523;;;;
nt20524;;;;
nt20525;;;;
nt20526;;;;
nt20527;;;;
nt20528;;;;
nt20529;;;;
nt20530;;;;
nt20531;;;;
nt20532;;;;
nt20533;;;;
nt20534;;;;
nt20535;;;;
nt20536;;;;
nt20537;;;;
nt20538;;;;
nt20539;;;;
nt20540;;;;
nt20541;;;;
nt20542;;;;
nt20543;;;;
nt20544;;;;
nt20545;;;;
nt20546;;;;
nt20547;;;;
nt20548;;;;
nt20549;;;;
nt20550;;;;
nt20551;;;;
nt20552;;;;
nt20553;;;;
nt20554;;;;
nt20555;;;;
nt20556;;;;
nt20557;;;;
nt20558;;;;
nt20559;;;;
nt20560;;;;
nt20561;;;;
nt20562;;;;
nt20563;;;;
nt20564;;;;
nt20565;;;;
nt20566;;;;
nt20567;;;;
nt20568;;;;
nt20569;;;;
nt20570;;;;
nt20571;;;;
nt20572;;;;
nt20573;;;;
nt20574;;;;
nt20575;;;;
nt20576;;;;
nt20577;;;;
nt20578;;;;
nt20579;;;;
nt20580;;;;
nt20581;;;;
nt20582;;;;
nt20583;;;;
nt20584;;;;
nt20585;;;;
nt20586;;;;
nt20587;;;;
nt20588;;;;
nt20589;;;;
nt20590;;;;
nt20591;;;;
nt20592;;;;
nt20593;;;;
nt20594;;;;
nt20595;;;;
nt20596;;;;
nt20597;;;;
nt20598;;;;
nt20599;;;;
nt20600;;;;
nt20601;;;;
nt20602;;;;
nt20603;;;;
nt20604;;;;
nt20605;;;;
nt20606;;;;
nt20607;;;;
nt20608;;;;
nt20609;;;;
nt20610;;;;
nt20611;;;;
nt20612;;;;
nt20613;;;;
nt20614;;;;
nt20615;;;;
nt20616;;;;
nt20617;;;;
nt20618;;;;
nt20619;;;;
nt20620;;;;
nt20621;;;;
nt20622;;;;
nt20623;;;;
nt20624;;;;
nt20625;;;;
nt20626;;;;
nt20627;;;;
nt20628;;;;
nt20629;;;;
nt20630;;;;
nt20631;;;;
nt20632;;;;
nt20633;;;;
nt20634;;;;
nt20635;;;;
nt20636;;;;
nt20637;;;;
nt20638;;;;
nt20639;;;;
nt20640;;;;
nt20641;;;;
nt20642;;;;
nt20643;;;;
nt20644;;;;
nt20645;;;;
nt20646;;;;
nt20647;;;;
nt20648;;;;
nt20649;;;;
nt20650;;;;
nt20651;;;;
nt20652;;;;
nt20653;;;;
nt20654;;;;
nt20655;;;;
nt20656;;;;
nt20657;;;;
nt20658;;;;
nt20659;;;;
nt20660;;;;
nt20661;;;;
nt20662;;;;
nt20663;;;;
nt20664;;;;
nt20665;;;;
nt20666;;;;
nt20667;;;;
nt20668;;;;
nt20669;;;;
nt20670;;;;
nt20671;;;;
nt20672;;;;
nt20673;;;;
nt20674;;;;
nt20675;;;;
nt20676;;;;
nt20677;;;;
nt20678;;;;
nt20679;;;;
nt20680;;;;
nt20681;;;;
nt20682;;;;
nt20683;;;;
nt20684;;;;
nt20685;;;;
nt20686;;;;
nt20687;;;;
nt20688;;;;
nt20689;;;;
nt20690;;;;
nt20691;;;;
nt20692;;;;
nt20693;;;;
nt20694;;;;
nt20695;;;;
nt20696;;;;
nt20697;;;;
nt20698;;;;
nt20699;;;;
nt20700;;;;
nt20701;;;;
nt20702;;;;
nt20703;;;;
nt20704;;;;
nt20705;;;;
nt20706;;;;
nt20707;;;;
nt20708;;;;
nt20709;;;;
nt20710;;;;
nt20711;;;;
nt20712;;;;
nt20713;;;;
nt20714;;;;
nt20715;;;;
nt20716;;;;
nt20717;;;;
nt20718;;;;
nt20719;;;;
nt20720;;;;
nt20721;;;;
nt20722;;;;
nt20723;;;;
nt20724;;;;
nt20725;;;;
nt20726;;;;
nt20727;;;;
nt20728;;;;
nt20729;;;;
nt20730;;;;
nt20731;;;;
nt20732;;;;
nt20733;;;;
nt20734;;;;
nt20735;;;;
nt20736;;;;
nt20737;;;;
nt20738;;;;
nt20739;;;;
nt20740;;;;
nt20741;;;;
nt20742;;;;
nt20743;;;;
nt20744;;;;
nt20745;;;;
nt20746;;;;
nt20747;;;;
nt20748;;;;
nt20749;;;;
nt20750;;;;
nt20751;;;;
nt20752;;;;
nt20753;;;;
nt20754;;;;
nt20755;;;;
nt20756;;;;
nt20757;;;;
nt20758;;;;
nt20759;;;;
nt20760;;;;
nt20761;;;;
nt20762;;;;
nt20763;;;;
nt20764;;;;
nt20765;;;;
nt20766;;;;
nt20767;;;;
nt20768;;;;
nt20769;;;;
nt20770;;;;
nt20771;;;;
nt20772;;;;
nt20773;;;;
nt20774;;;;
nt20775;;;;
nt20776;;;;
nt20777;;;;
nt20778;;;;
nt20779;;;;
nt20780;;;;
nt20781;;;;
nt20782;;;;
nt20783;;;;
nt20784;;;;
nt20785;;;;
nt20786;;;;
nt20787;;;;
nt20788;;;;
nt20789;;;;
nt20790;;;;
nt20791;;;;
nt20792;;;;
nt20793;;;;
nt20794;;;;
nt20795;;;;
nt20796;;;;
nt20797;;;;
nt20798;;;;
nt20799;;;;
nt20800;;;;
nt20801;;;;
nt20802;;;;
nt20803;;;;
nt20804;;;;
nt20805;;;;
nt20806;;;;
nt20807;;;;
nt20808;;;;
nt20809;;;;
nt20810;;;;
nt20811;;;;
nt20812;;;;
nt20813;;;;
nt20814;;;;
nt20815;;;;
nt20816;;;;
nt20817;;;;
nt20818;;;;
nt20819;;;;
nt20820;;;;
nt20821;;;;
nt20822;;;;
nt20823;;;;
nt20824;;;;
nt20825;;;;
nt20826;;;;
nt20827;;;;
nt20828;;;;
nt20829;;;;
nt20830;;;;
nt20831;;;;
nt20832;;;;
nt20833;;;;
nt20834;;;;
nt20835;;;;
nt20836;;;;
nt20837;;;;
nt20838;;;;
nt20839;;;;
nt20840;;;;
nt20841;;;;
nt20842;;;;
nt20843;;;;
nt20844;;;;
nt20845;;;;
nt20846;;;;
nt20847;;;;
nt20848;;;;
nt20849;;;;
nt20850;;;;
nt20851;;;;
nt20852;;;;
nt20853;;;;
nt20854;;;;
nt20855;;;;
nt20856;;;;
nt20857;;;;
nt20858;;;;
nt20859;;;;
nt20860;;;;
nt20861;;;;
nt20862;;;;
nt20863;;;;
nt20864;;;;
nt20865;;;;
nt20866;;;;
nt20867;;;;
nt20868;;;;
nt20869;;;;
nt20870;;;;
nt20871;;;;
nt20872;;;;
nt20873;;;;
nt20874;;;;
nt20875;;;;
nt20876;;;;
nt20877;;;;
nt20878;;;;
nt20879;;;;
nt20880;;;;
nt20881;;;;
nt20882;;;;
nt20883;;;;
nt20884;;;;
nt20885;;;;
nt20886;;;;
nt20887;;;;
nt20888;;;;
nt20889;;;;
nt20890;;;;
nt20891;;;;
nt20892;;;;
nt20893;;;;
nt20894;;;;
nt20895;;;;
nt20896;;;;
nt20897;;;;
nt20898;;;;
nt20899;;;;
nt20900;;;;
nt20901;;;;
nt20902;;;;
nt20903;;;;
nt20904;;;;
nt20905;;;;
nt20906;;;;
nt20907;;;;
nt20908;;;;
nt20909;;;;
nt20910;;;;
nt20911;;;;
nt20912;;;;
nt20913;;;;
nt20914;;;;
nt20915;;;;
nt20916;;;;
nt20917;;;;
nt20918;;;;
nt20919;;;;
nt20920;;;;
nt20921;;;;
nt20922;;;;
nt20923;;;;
nt20924;;;;
nt20925;;;;
nt20926;;;;
nt20927;;;;
nt20928;;;;
nt20929;;;;
nt20930;;;;
nt20931;;;;
nt20932;;;;
nt20933;;;;
nt20934;;;;
nt20935;;;;
nt20936;;;;
nt20937;;;;
nt20938;;;;
nt20939;;;;
nt20940;;;;
nt20941;;;;
nt20942;;;;
nt20943;;;;
nt20944;;;;
nt20945;;;;
nt20946;;;;
nt20947;;;;
nt20948;;;;
nt20949;;;;
nt20950;;;;
nt20951;;;;
nt20952;;;;
nt20953;;;;
nt20954;;;;
nt20955;;;;
nt20956;;;;
nt20957;;;;
nt20958;;;;
nt20959;;;;
nt20960;;;;
nt20961;;;;
nt20962;;;;
nt20963;;;;
nt20964;;;;
nt20965;;;;
nt20966;;;;
nt20967;;;;
nt20968;;;;
nt20969;;;;
nt20970;;;;
nt20971;;;;
nt20972;;;;
nt20973;;;;
nt20974;;;;
nt20975;;;;
nt20976;;;;
nt20977;;;;
nt20978;;;;
nt20979;;;;
nt20980;;;;
nt20981;;;;
nt20982;;;;
nt20983;;;;
nt20984;;;;
nt20985;;;;
nt20986;;;;
nt20987;;;;
nt20988;;;;
nt20989;;;;
nt20990;;;;
nt20991;;;;
nt20992;;;;
nt20993;;;;
nt20994;;;;
nt20995;;;;
nt20996;;;;
nt20997;;;;
nt20998;;;;
nt20999;;;;
nt21000;;;;
nt21001;;;;
nt21002;;;;
nt21003;;;;
nt21004;;;;
nt21005;;;;
nt21006;;;;
nt21007;;;;
nt21008;;;;
nt21009;;;;
nt21010;;;;
nt21011;;;;
nt21012;;;;
nt21013;;;;
nt21014;;;;
nt21015;;;;
nt21016;;;;
nt21017;;;;
nt21018;;;;
nt21019;;;;
nt21020;;;;
nt21021;;;;
nt21022;;;;
nt21023;;;;
nt21024;;;;
nt21025;;;;
nt21026;;;;
nt21027;;;;
nt21028;;;;
nt21029;;;;
nt21030;;;;
nt21031;;;;
nt21032;;;;
nt21033;;;;
nt21034;;;;
nt21035;;;;
nt21036;;;;
nt21037;;;;
nt21038;;;;
nt21039;;;;
nt21040;;;;
nt21041;;;;
nt21042;;;;
nt21043;;;;
nt21044;;;;
nt21045;;;;
nt21046;;;;
nt21047;;;;
nt21048;;;;
nt21049;;;;
nt21050;;;;
nt21051;;;;
nt21052;;;;
nt21053;;;;
nt21054;;;;
nt21055;;;;
nt21056;;;;
nt21057;;;;
nt21058;;;;
nt21059;;;;
nt21060;;;;
nt21061;;;;
nt21062;;;;
nt21063;;;;
nt21064;;;;
nt21065;;;;
nt21066;;;;
nt21067;;;;
nt21068;;;;
nt21069;;;;
nt21070;;;;
nt21071;;;;
nt21072;;;;
nt21073;;;;
nt21074;;;;
nt21075;;;;
nt21076;;;;
nt21077;;;;
nt21078;;;;
nt21079;;;;
nt21080;;;;
nt21081;;;;
nt21082;;;;
nt21083;;;;
nt21084;;;;
nt21085;;;;
nt21086;;;;
nt21087;;;;
nt21088;;;;
nt21089;;;;
nt21090;;;;
nt21091;;;;
nt21092;;;;
nt21093;;;;
nt21094;;;;
nt21095;;;;
nt21096;;;;
nt21097;;;;
nt21098;;;;
nt21099;;;;
nt21100;;;;
nt21101;;;;
nt21102;;;;
nt21103;;;;
nt21104;;;;
nt21105;;;;
nt21106;;;;
nt21107;;;;
nt21108;;;;
nt21109;;;;
nt21110;;;;
nt21111;;;;
nt21112;;;;
nt21113;;;;
nt21114;;;;
nt21115;;;;
nt21116;;;;
nt21117;;;;
nt21118;;;;
nt21119;;;;
nt21120;;;;
nt21121;;;;
nt21122;;;;
nt21123;;;;
nt21124;;;;
nt21125;;;;
nt21126;;;;
nt21127;;;;
nt21128;;;;
nt21129;;;;
nt21130;;;;
nt21131;;;;
nt21132;;;;
nt21133;;;;
nt21134;;;;
nt21135;;;;
nt21136;;;;
nt21137;;;;
nt21138;;;;
nt21139;;;;
nt21140;;;;
nt21141;;;;
nt21142;;;;
nt21143;;;;
nt21144;;;;
nt21145;;;;
nt21146;;;;
nt21147;;;;
nt21148;;;;
nt21149;;;;
nt21150;;;;
nt21151;;;;
nt21152;;;;
nt21153;;;;
nt21154;;;;
nt21155;;;;
nt21156;;;;
nt21157;;;;
nt21158;;;;
nt21159;;;;
nt21160;;;;
nt21161;;;;
nt21162;;;;
nt21163;;;;
nt21164;;;;
nt21165;;;;
nt21166;;;;
nt21167;;;;
nt21168;;;;
nt21169;;;;
nt21170;;;;
nt21171;;;;
nt21172;;;;
nt21173;;;;
nt21174;;;;
nt21175;;;;
nt21176;;;;
nt21177;;;;
nt21178;;;;
nt21179;;;;
nt21180;;;;
nt21181;;;;
nt21182;;;;
nt21183;;;;
nt21184;;;;
nt21185;;;;
nt21186;;;;
nt21187;;;;
nt21188;;;;
nt21189;;;;
nt21190;;;;
nt21191;;;;
nt21192;;;;
nt21193;;;;
nt21194;;;;
nt21195;;;;
nt21196;;;;
nt21197;;;;
nt21198;;;;
nt21199;;;;
nt21200;;;;
nt21201;;;;
nt21202;;;;
nt21203;;;;
nt21204;;;;
nt21205;;;;
nt21206;;;;
nt21207;;;;
nt21208;;;;
nt21209;;;;
nt21210;;;;
nt21211;;;;
nt21212;;;;
nt21213;;;;
nt21214;;;;
nt21215;;;;
nt21216;;;;
nt21217;;;;
nt21218;;;;
nt21219;;;;
nt21220;;;;
nt21221;;;;
nt21222;;;;
nt21223;;;;
nt21224;;;;
nt21225;;;;
nt21226;;;;
nt21227;;;;
nt21228;;;;
nt21229;;;;
nt21230;;;;
nt21231;;;;
nt21232;;;;
nt21233;;;;
nt21234;;;;
nt21235;;;;
nt21236;;;;
nt21237;;;;
nt21238;;;;
nt21239;;;;
nt21240;;;;
nt21241;;;;
nt21242;;;;
nt21243;;;;
nt21244;;;;
nt21245;;;;
nt21246;;;;
nt21247;;;;
nt21248;;;;
nt21249;;;;
nt21250;;;;
nt21251;;;;
nt21252;;;;
nt21253;;;;
nt21254;;;;
nt21255;;;;
nt21256;;;;
nt21257;;;;
nt21258;;;;
nt21259;;;;
nt21260;;;;
nt21261;;;;
nt21262;;;;
nt21263;;;;
nt21264;;;;
nt21265;;;;
nt21266;;;;
nt21267;;;;
nt21268;;;;
nt21269;;;;
nt21270;;;;
nt21271;;;;
nt21272;;;;
nt21273;;;;
nt21274;;;;
nt21275;;;;
nt21276;;;;
nt21277;;;;
nt21278;;;;
nt21279;;;;
nt21280;;;;
nt21281;;;;
nt21282;;;;
nt21283;;;;
nt21284;;;;
nt21285;;;;
nt21286;;;;
nt21287;;;;
nt21288;;;;
nt21289;;;;
nt21290;;;;
nt21291;;;;
nt21292;;;;
nt21293;;;;
nt21294;;;;
nt21295;;;;
nt21296;;;;
nt21297;;;;
nt21298;;;;
nt21299;;;;
nt21300;;;;
nt21301;;;;
nt21302;;;;
nt21303;;;;
nt21304;;;;
nt21305;;;;
nt21306;;;;
nt21307;;;;
nt21308;;;;
nt21309;;;;
nt21310;;;;
nt21311;;;;
nt21312;;;;
nt21313;;;;
nt21314;;;;
nt21315;;;;
nt21316;;;;
nt21317;;;;
nt21318;;;;
nt21319;;;;
nt21320;;;;
nt21321;;;;
nt21322;;;;
nt21323;;;;
nt21324;;;;
nt21325;;;;
nt21326;;;;
nt21327;;;;
nt21328;;;;
nt21329;;;;
nt21330;;;;
nt21331;;;;
nt21332;;;;
nt21333;;;;
nt21334;;;;
nt21335;;;;
nt21336;;;;
nt21337;;;;
nt21338;;;;
nt21339;;;;
nt21340;;;;
nt21341;;;;
nt21342;;;;
nt21343;;;;
nt21344;;;;
nt21345;;;;
nt21346;;;;
nt21347;;;;
nt21348;;;;
nt21349;;;;
nt21350;;;;
nt21351;;;;
nt21352;;;;
nt21353;;;;
nt21354;;;;
nt21355;;;;
nt21356;;;;
nt21357;;;;
nt21358;;;;
nt21359;;;;
nt21360;;;;
nt21361;;;;
nt21362;;;;
nt21363;;;;
nt21364;;;;
nt21365;;;;
nt21366;;;;
nt21367;;;;
nt21368;;;;
nt21369;;;;
nt21370;;;;
nt21371;;;;
nt21372;;;;
nt21373;;;;
nt21374;;;;
nt21375;;;;
nt21376;;;;
nt21377;;;;
nt21378;;;;
nt21379;;;;
nt21380;;;;
nt21381;;;;
nt21382;;;;
nt21383;;;;
nt21384;;;;
nt21385;;;;
nt21386;;;;
nt21387;;;;
nt21388;;;;
nt21389;;;;
nt21390;;;;
nt21391;;;;
nt21392;;;;
nt21393;;;;
nt21394;;;;
nt21395;;;;
nt21396;;;;
nt21397;;;;
nt21398;;;;
nt21399;;;;
nt21400;;;;
nt21401;;;;
nt21402;;;;
nt21403;;;;
nt21404;;;;
nt21405;;;;
nt21406;;;;
nt21407;;;;
nt21408;;;;
nt21409;;;;
nt21410;;;;
nt21411;;;;
nt21412;;;;
nt21413;;;;
nt21414;;;;
nt21415;;;;
nt21416;;;;
nt21417;;;;
nt21418;;;;
nt21419;;;;
nt21420;;;;
nt21421;;;;
nt21422;;;;
nt21423;;;;
nt21424;;;;
nt21425;;;;
nt21426;;;;
nt21427;;;;
nt21428;;;;
nt21429;;;;
nt21430;;;;
nt21431;;;;
nt21432;;;;
nt21433;;;;
nt21434;;;;
nt21435;;;;
nt21436;;;;
nt21437;;;;
nt21438;;;;
nt21439;;;;
nt21440;;;;
nt21441;;;;
nt21442;;;;
nt21443;;;;
nt21444;;;;
nt21445;;;;
nt21446;;;;
nt21447;;;;
nt21448;;;;
nt21449;;;;
nt21450;;;;
nt21451;;;;
nt21452;;;;
nt21453;;;;
nt21454;;;;
nt21455;;;;
nt21456;;;;
nt21457;;;;
nt21458;;;;
nt21459;;;;
nt21460;;;;
nt21461;;;;
nt21462;;;;
nt21463;;;;
nt21464;;;;
nt21465;;;;
nt21466;;;;
nt21467;;;;
nt21468;;;;
nt21469;;;;
nt21470;;;;
nt21471;;;;
nt21472;;;;
nt21473;;;;
nt21474;;;;
nt21475;;;;
nt21476;;;;
nt21477;;;;
nt21478;;;;
nt21479;;;;
nt21480;;;;
nt21481;;;;
nt21482;;;;
nt21483;;;;
nt21484;;;;
nt21485;;;;
nt21486;;;;
nt21487;;;;
nt21488;;;;
nt21489;;;;
nt21490;;;;
nt21491;;;;
nt21492;;;;
nt21493;;;;
nt21494;;;;
nt21495;;;;
nt21496;;;;
nt21497;;;;
nt21498;;;;
nt21499;;;;
nt21500;;;;
nt21501;;;;
nt21502;;;;
nt21503;;;;
nt21504;;;;
nt21505;;;;
nt21506;;;;
nt21507;;;;
nt21508;;;;
nt21509;;;;
nt21510;;;;
nt21511;;;;
nt21512;;;;
nt21513;;;;
nt21514;;;;
nt21515;;;;
nt21516;;;;
nt21517;;;;
nt21518;;;;
nt21519;;;;
nt21520;;;;
nt21521;;;;
nt21522;;;;
nt21523;;;;
nt21524;;;;
nt21525;;;;
nt21526;;;;
nt21527;;;;
nt21528;;;;
nt21529;;;;
nt21530;;;;
nt21531;;;;
nt21532;;;;
nt21533;;;;
nt21534;;;;
nt21535;;;;
nt21536;;;;
nt21537;;;;
nt21538;;;;
nt21539;;;;
nt21540;;;;
nt21541;;;;
nt21542;;;;
nt21543;;;;
nt21544;;;;
nt21545;;;;
nt21546;;;;
nt21547;;;;
nt21548;;;;
nt21549;;;;
nt21550;;;;
nt21551;;;;
nt21552;;;;
nt21553;;;;
nt21554;;;;
nt21555;;;;
nt21556;;;;
nt21557;;;;
nt21558;;;;
nt21559;;;;
nt21560;;;;
nt21561;;;;
nt21562;;;;
nt21563;;;;
nt21564;;;;
nt21565;;;;
nt21566;;;;
nt21567;;;;
nt21568;;;;
nt21569;;;;
nt21570;;;;
nt21571;;;;
nt21572;;;;
nt21573;;;;
nt21574;;;;
nt21575;;;;
nt21576;;;;
nt21577;;;;
nt21578;;;;
nt21579;;;;
nt21580;;;;
nt21581;;;;
nt21582;;;;
nt21583;;;;
nt21584;;;;
nt21585;;;;
nt21586;;;;
nt21587;;;;
nt21588;;;;
nt21589;;;;
nt21590;;;;
nt21591;;;;
nt21592;;;;
nt21593;;;;
nt21594;;;;
nt21595;;;;
nt21596;;;;
nt21597;;;;
nt21598;;;;
nt21599;;;;
nt21600;;;;
nt21601;;;;
nt21602;;;;
nt21603;;;;
nt21604;;;;
nt21605;;;;
nt21606;;;;
nt21607;;;;
nt21608;;;;
nt21609;;;;
nt21610;;;;
nt21611;;;;
nt21612;;;;
nt21613;;;;
nt21614;;;;
nt21615;;;;
nt21616;;;;
nt21617;;;;
nt21618;;;;
nt21619;;;;
nt21620;;;;
nt21621;;;;
nt21622;;;;
nt21623;;;;
nt21624;;;;
nt21625;;;;
nt21626;;;;
nt21627;;;;
nt21628;;;;
nt21629;;;;
nt21630;;;;
nt21631;;;;
nt21632;;;;
nt21633;;;;
nt21634;;;;
nt21635;;;;
nt21636;;;;
nt21637;;;;
nt21638;;;;
nt21639;;;;
nt21640;;;;
nt21641;;;;
nt21642;;;;
nt21643;;;;
nt21644;;;;
nt21645;;;;
nt21646;;;;
nt21647;;;;
nt21648;;;;
nt21649;;;;
nt21650;;;;
nt21651;;;;
nt21652;;;;
nt21653;;;;
nt21654;;;;
nt21655;;;;
nt21656;;;;
nt21657;;;;
nt21658;;;;
nt21659;;;;
nt21660;;;;
nt21661;;;;
nt21662;;;;
nt21663;;;;
nt21664;;;;
nt21665;;;;
nt21666;;;;
nt21667;;;;
nt21668;;;;
nt21669;;;;
nt21670;;;;
nt21671;;;;
nt21672;;;;
nt21673;;;;
nt21674;;;;
nt21675;;;;
nt21676;;;;
nt21677;;;;
nt21678;;;;
nt21679;;;;
nt21680;;;;
nt21681;;;;
nt21682;;;;
nt21683;;;;
nt21684;;;;
nt21685;;;;
nt21686;;;;
nt21687;;;;
nt21688;;;;
nt21689;;;;
nt21690;;;;
nt21691;;;;
nt21692;;;;
nt21693;;;;
nt21694;;;;
nt21695;;;;
nt21696;;;;
nt21697;;;;
nt21698;;;;
nt21699;;;;
nt21700;;;;
nt21701;;;;
nt21702;;;;
nt21703;;;;
nt21704;;;;
nt21705;;;;
nt21706;;;;
nt21707;;;;
nt21708;;;;
nt21709;;;;
nt21710;;;;
nt21711;;;;
nt21712;;;;
nt21713;;;;
nt21714;;;;
nt21715;;;;
nt21716;;;;
nt21717;;;;
nt21718;;;;
nt21719;;;;
nt21720;;;;
nt21721;;;;
nt21722;;;;
nt21723;;;;
nt21724;;;;
nt21725;;;;
nt21726;;;;
nt21727;;;;
nt21728;;;;
nt21729;;;;
nt21730;;;;
nt21731;;;;
nt21732;;;;
nt21733;;;;
nt21734;;;;
nt21735;;;;
nt21736;;;;
nt21737;;;;
nt21738;;;;
nt21739;;;;
nt21740;;;;
nt21741;;;;
nt21742;;;;
nt21743;;;;
nt21744;;;;
nt21745;;;;
nt21746;;;;
nt21747;;;;
nt21748;;;;
nt21749;;;;
nt21750;;;;
nt21751;;;;
nt21752;;;;
nt21753;;;;
nt21754;;;;
nt21755;;;;
nt21756;;;;
nt21757;;;;
nt21758;;;;
nt21759;;;;
nt21760;;;;
nt21761;;;;
nt21762;;;;
nt21763;;;;
nt21764;;;;
nt21765;;;;
nt21766;;;;
nt21767;;;;
nt21768;;;;
nt21769;;;;
nt21770;;;;
nt21771;;;;
nt21772;;;;
nt21773;;;;
nt21774;;;;
nt21775;;;;
nt21776;;;;
nt21777;;;;
nt21778;;;;
nt21779;;;;
nt21780;;;;
nt21781;;;;
nt21782;;;;
nt21783;;;;
nt21784;;;;
nt21785;;;;
nt21786;;;;
nt21787;;;;
nt21788;;;;
nt21789;;;;
nt21790;;;;
nt21791;;;;
nt21792;;;;
nt21793;;;;
nt21794;;;;
nt21795;;;;
nt21796;;;;
nt21797;;;;
nt21798;;;;
nt21799;;;;
nt21800;;;;
nt21801;;;;
nt21802;;;;
nt21803;;;;
nt21804;;;;
nt21805;;;;
nt21806;;;;
nt21807;;;;
nt21808;;;;
nt21809;;;;
nt21810;;;;
nt21811;;;;
nt21812;;;;
nt21813;;;;
nt21814;;;;
nt21815;;;;
nt21816;;;;
nt21817;;;;
nt21818;;;;
nt21819;;;;
nt21820;;;;
nt21821;;;;
nt21822;;;;
nt21823;;;;
nt21824;;;;
nt21825;;;;
nt21826;;;;
nt21827;;;;
nt21828;;;;
nt21829;;;;
nt21830;;;;
nt21831;;;;
nt21832;;;;
nt21833;;;;
nt21834;;;;
nt21835;;;;
nt21836;;;;
nt21837;;;;
nt21838;;;;
nt21839;;;;
nt21840;;;;
nt21841;;;;
nt21842;;;;
nt21843;;;;
nt21844;;;;
nt21845;;;;
nt21846;;;;
nt21847;;;;
nt21848;;;;
nt21849;;;;
nt21850;;;;
nt21851;;;;
nt21852;;;;
nt21853;;;;
nt21854;;;;
nt21855;;;;
nt21856;;;;
nt21857;;;;
nt21858;;;;
nt21859;;;;
nt21860;;;;
nt21861;;;;
nt21862;;;;
nt21863;;;;
nt21864;;;;
nt21865;;;;
nt21866;;;;
nt21867;;;;
nt21868;;;;
nt21869;;;;
nt21870;;;;
nt21871;;;;
nt21872;;;;
nt21873;;;;
nt21874;;;;
nt21875;;;;
nt21876;;;;
nt21877;;;;
nt21878;;;;
nt21879;;;;
nt21880;;;;
nt21881;;;;
nt21882;;;;
nt21883;;;;
nt21884;;;;
nt21885;;;;
nt21886;;;;
nt21887;;;;
nt21888;;;;
nt21889;;;;
nt21890;;;;
nt21891;;;;
nt21892;;;;
nt21893;;;;
nt21894;;;;
nt21895;;;;
nt21896;;;;
nt21897;;;;
nt21898;;;;
nt21899;;;;
nt21900;;;;
nt21901;;;;
nt21902;;;;
nt21903;;;;
nt21904;;;;
nt21905;;;;
nt21906;;;;
nt21907;;;;
nt21908;;;;
nt21909;;;;
nt21910;;;;
nt21911;;;;
nt21912;;;;
nt21913;;;;
nt21914;;;;
nt21915;;;;
nt21916;;;;
nt21917;;;;
nt21918;;;;
nt21919;;;;
nt21920;;;;
nt21921;;;;
nt21922;;;;
nt21923;;;;
nt21924;;;;
nt21925;;;;
nt21926;;;;
nt21927;;;;
nt21928;;;;
nt21929;;;;
nt21930;;;;
nt21931;;;;
nt21932;;;;
nt21933;;;;
nt21934;;;;
nt21935;;;;
nt21936;;;;
nt21937;;;;
nt21938;;;;
nt21939;;;;
nt21940;;;;
nt21941;;;;
nt21942;;;;
nt21943;;;;
nt21944;;;;
nt21945;;;;
nt21946;;;;
nt21947;;;;
nt21948;;;;
nt21949;;;;
nt21950;;;;
nt21951;;;;
nt21952;;;;
nt21953;;;;
nt21954;;;;
nt21955;;;;
nt21956;;;;
nt21957;;;;
nt21958;;;;
nt21959;;;;
nt21960;;;;
nt21961;;;;
nt21962;;;;
nt21963;;;;
nt21964;;;;
nt21965;;;;
nt21966;;;;
nt21967;;;;
nt21968;;;;
nt21969;;;;
nt21970;;;;
nt21971;;;;
nt21972;;;;
nt21973;;;;
nt21974;;;;
nt21975;;;;
nt21976;;;;
nt21977;;;;
nt21978;;;;
nt21979;;;;
nt21980;;;;
nt21981;;;;
nt21982;;;;
nt21983;;;;
nt21984;;;;
nt21985;;;;
nt21986;;;;
nt21987;;;;
nt21988;;;;
nt21989;;;;
nt21990;;;;
nt21991;;;;
nt21992;;;;
nt21993;;;;
nt21994;;;;
nt21995;;;;
nt21996;;;;
nt21997;;;;
nt21998;;;;
nt21999;;;;
nt22000;;;;
nt22001;;;;
nt22002;;;;
nt22003;;;;
nt22004;;;;
nt22005;;;;
nt22006;;;;
nt22007;;;;
nt22008;;;;
nt22009;;;;
nt22010;;;;
nt22011;;;;
nt22012;;;;
nt22013;;;;
nt22014;;;;
nt22015;;;;
nt22016;;;;
nt22017;;;;
nt22018;;;;
nt22019;;;;
nt22020;;;;
nt22021;;;;
nt22022;;;;
nt22023;;;;
nt22024;;;;
nt22025;;;;
nt22026;;;;
nt22027;;;;
nt22028;;;;
nt22029;;;;
nt22030;;;;
nt22031;;;;
nt22032;;;;
nt22033;;;;
nt22034;;;;
nt22035;;;;
nt22036;;;;
nt22037;;;;
nt22038;;;;
nt22039;;;;
nt22040;;;;
nt22041;;;;
nt22042;;;;
nt22043;;;;
nt22044;;;;
nt22045;;;;
nt22046;;;;
nt22047;;;;
nt22048;;;;
nt22049;;;;
nt22050;;;;
nt22051;;;;
nt22052;;;;
nt22053;;;;
nt22054;;;;
nt22055;;;;
nt22056;;;;
nt22057;;;;
nt22058;;;;
nt22059;;;;
nt22060;;;;
nt22061;;;;
nt22062;;;;
nt22063;;;;
nt22064;;;;
nt22065;;;;
nt22066;;;;
nt22067;;;;
nt22068;;;;
nt22069;;;;
nt22070;;;;
nt22071;;;;
nt22072;;;;
nt22073;;;;
nt22074;;;;
nt22075;;;;
nt22076;;;;
nt22077;;;;
nt22078;;;;
nt22079;;;;
nt22080;;;;
nt22081;;;;
nt22082;;;;
nt22083;;;;
nt22084;;;;
nt22085;;;;
nt22086;;;;
nt22087;;;;
nt22088;;;;
nt22089;;;;
nt22090;;;;
nt22091;;;;
nt22092;;;;
nt22093;;;;
nt22094;;;;
nt22095;;;;
nt22096;;;;
nt22097;;;;
nt22098;;;;
nt22099;;;;
nt22100;;;;
nt22101;;;;
nt22102;;;;
nt22103;;;;
nt22104;;;;
nt22105;;;;
nt22106;;;;
nt22107;;;;
nt22108;;;;
nt22109;;;;
nt22110;;;;
nt22111;;;;
nt22112;;;;
nt22113;;;;
nt22114;;;;
nt22115;;;;
nt22116;;;;
nt22117;;;;
nt22118;;;;
nt22119;;;;
nt22120;;;;
nt22121;;;;
nt22122;;;;
nt22123;;;;
nt22124;;;;
nt22125;;;;
nt22126;;;;
nt22127;;;;
nt22128;;;;
nt22129;;;;
nt22130;;;;
nt22131;;;;
nt22132;;;;
nt22133;;;;
nt22134;;;;
nt22135;;;;
nt22136;;;;
nt22137;;;;
nt22138;;;;
nt22139;;;;
nt22140;;;;
nt22141;;;;
nt22142;;;;
nt22143;;;;
nt22144;;;;
nt22145;;;;
nt22146;;;;
nt22147;;;;
nt22148;;;;
nt22149;;;;
nt22150;;;;
nt22151;;;;
nt22152;;;;
nt22153;;;;
nt22154;;;;
nt22155;;;;
nt22156;;;;
nt22157;;;;
nt22158;;;;
nt22159;;;;
nt22160;;;;
nt22161;;;;
nt22162;;;;
nt22163;;;;
nt22164;;;;
nt22165;;;;
nt22166;;;;
nt22167;;;;
nt22168;;;;
nt22169;;;;
nt22170;;;;
nt22171;;;;
nt22172;;;;
nt22173;;;;
nt22174;;;;
nt22175;;;;
nt22176;;;;
nt22177;;;;
nt22178;;;;
nt22179;;;;
nt22180;;;;
nt22181;;;;
nt22182;;;;
nt22183;;;;
nt22184;;;;
nt22185;;;;
nt22186;;;;
nt22187;;;;
nt22188;;;;
nt22189;;;;
nt22190;;;;
nt22191;;;;
nt22192;;;;
nt22193;;;;
nt22194;;;;
nt22195;;;;
nt22196;;;;
nt22197;;;;
nt22198;;;;
nt22199;;;;
nt22200;;;;
nt22201;;;;
nt22202;;;;
nt22203;;;;
nt22204;;;;
nt22205;;;;
nt22206;;;;
nt22207;;;;
nt22208;;;;
nt22209;;;;
nt22210;;;;
nt22211;;;;
nt22212;;;;
nt22213;;;;
nt22214;;;;
nt22215;;;;
nt22216;;;;
nt22217;;;;
nt22218;;;;
nt22219;;;;
nt22220;;;;
nt22221;;;;
nt22222;;;;
nt22223;;;;
nt22224;;;;
nt22225;;;;
nt22226;;;;
nt22227;;;;
nt22228;;;;
nt22229;;;;
nt22230;;;;
nt22231;;;;
nt22232;;;;
nt22233;;;;
nt22234;;;;
nt22235;;;;
nt22236;;;;
nt22237;;;;
nt22238;;;;
nt22239;;;;
nt22240;;;;
nt22241;;;;
nt22242;;;;
nt22243;;;;
nt22244;;;;
nt22245;;;;
nt22246;;;;
nt22247;;;;
nt22248;;;;
nt22249;;;;
nt22250;;;;
nt22251;;;;
nt22252;;;;
nt22253;;;;
nt22254;;;;
nt22255;;;;
nt22256;;;;
nt22257;;;;
nt22258;;;;
nt22259;;;;
nt22260;;;;
nt22261;;;;
nt22262;;;;
nt22263;;;;
nt22264;;;;
nt22265;;;;
nt22266;;;;
nt22267;;;;
nt22268;;;;
nt22269;;;;
nt22270;;;;
nt22271;;;;
nt22272;;;;
nt22273;;;;
nt22274;;;;
nt22275;;;;
nt22276;;;;
nt22277;;;;
nt22278;;;;
nt22279;;;;
nt22280;;;;
nt22281;;;;
nt22282;;;;
nt22283;;;;
nt22284;;;;
nt22285;;;;
nt22286;;;;
nt22287;;;;
nt22288;;;;
nt22289;;;;
nt22290;;;;
nt22291;;;;
nt22292;;;;
nt22293;;;;
nt22294;;;;
nt22295;;;;
nt22296;;;;
nt22297;;;;
nt22298;;;;
nt22299;;;;
nt22300;;;;
nt22301;;;;
nt22302;;;;
nt22303;;;;
nt22304;;;;
nt22305;;;;
nt22306;;;;
nt22307;;;;
nt22308;;;;
nt22309;;;;
nt22310;;;;
nt22311;;;;
nt22312;;;;
nt22313;;;;
nt22314;;;;
nt22315;;;;
